<?xml version="1.0" encoding="ISO-8859-15"?>

<ASN layer="MAP">
   <ActivateTraceModeArg.Sequence>
      <imsi.C0.BoxedType><Bytes>72141365f4
            <field name="digits" value="274131564" type="Number_BCD" length="9"/>
         </Bytes></imsi.C0.BoxedType>
      <traceReference.C1>a2c53a</traceReference.C1>
      <traceType.C2>2</traceType.C2>
      <omc_Id.C3>a6c528ec61a627e759</omc_Id.C3>
      <extensionContainer.C4.Sequence>
         <privateExtensionList.C0.BoxedType>
            <Collection>
               <PrivateExtension.Sequence>
                  <extId><ObjectIdentifier>0.1.2102.36.58.58.99.64.88</ObjectIdentifier></extId>
                  <extType>3460b382ba</extType>
               </PrivateExtension.Sequence>
               <PrivateExtension.Sequence>
                  <extId><ObjectIdentifier>0.1.231.58.120.25.16</ObjectIdentifier></extId>
                  <extType>19a631fa00e8</extType>
               </PrivateExtension.Sequence>
               <PrivateExtension.Sequence>
                  <extId><ObjectIdentifier>0.1.268.95.53.71.7.35.14</ObjectIdentifier></extId>
                  <extType>a5a5a360269a</extType>
               </PrivateExtension.Sequence>
            </Collection>
         </privateExtensionList.C0.BoxedType>
         <pcsExtensions.C1.Sequence></pcsExtensions.C1.Sequence>
      </extensionContainer.C4.Sequence>
   </ActivateTraceModeArg.Sequence>
</ASN>