<?xml version="1.0" encoding="ISO-8859-15"?>

<ASN layer="MAP">
   <ActivateTraceModeRes.Sequence><extensionContainer.C0.Sequence>
         <privateExtensionList.C0.BoxedType>
            <Collection>
               <PrivateExtension.Sequence>
                  <extId><ObjectIdentifier>0.1.299.92.24.62.61.107</ObjectIdentifier></extId>
                  <extType>c57d9a0905</extType>
               </PrivateExtension.Sequence>
               <PrivateExtension.Sequence>
                  <extId><ObjectIdentifier>0.1.20.32.15.75.111.94</ObjectIdentifier></extId>
                  <extType>dfd4049803953435</extType>
               </PrivateExtension.Sequence>
               <PrivateExtension.Sequence>
                  <extId><ObjectIdentifier>0.1.2103.108.37</ObjectIdentifier></extId>
                  <extType>129e12b31341ea</extType>
               </PrivateExtension.Sequence>
            </Collection>
         </privateExtensionList.C0.BoxedType>
         <pcsExtensions.C1.Sequence></pcsExtensions.C1.Sequence>
      </extensionContainer.C0.Sequence></ActivateTraceModeRes.Sequence>
</ASN>