<?xml version="1.0" encoding="ISO-8859-15"?>

<ASN layer="MAP">
   <AlertServiceCentreArg.Sequence>
      <msisdn.BoxedType><Bytes>5929083123f9
            <field name="extension" value="extension:0" type="EnumLong" lengthBit="1"/>
            <field name="nature of address" value="reserved:5" type="EnumLong" lengthBit="3"/>
            <field name="numbering plan" value="private numbering plan:9" type="EnumLong" lengthBit="4"/>
            <field name="digits" value="928013329" type="Number_BCD" length="9"/>
         </Bytes></msisdn.BoxedType>
      <serviceCentreAddress.BoxedType><Bytes>713123482841
            <field name="extension" value="extension:0" type="EnumLong" lengthBit="1"/>
            <field name="nature of address" value="reserved for extension:7" type="EnumLong" lengthBit="3"/>
            <field name="numbering plan" value="ISDN/Telephony Numbering Plan (Rec ITU-T E.164):1" type="EnumLong" lengthBit="4"/>
            <field name="digits" value="1332848214" type="Number_BCD" length="10"/>
         </Bytes></serviceCentreAddress.BoxedType>
   </AlertServiceCentreArg.Sequence>
</ASN>