<?xml version="1.0" encoding="ISO-8859-15"?>

<ASN layer="MAP">
   <AnyTimeInterrogationRes.Sequence>
      <subscriberInfo.Sequence>
         <locationInformation.C0.Sequence>
            <ageOfLocationInformation.BoxedType><Integer>0 minut = currently in contact:0</Integer></ageOfLocationInformation.BoxedType>
            <geographicalInformation.C0.BoxedType><Bytes>331f1a6933eb93a3
                  <field name="TypeOfShape" value="Ellipsoid point with uncertainty Ellipse:3" type="EnumLong" lengthBit="4"/>
                  <field name="spare" value="3" type="Integer" lengthBit="4"/>
                  <field name="DegreesOfLatitude" value="2038377" type="Integer" length="3"/>
                  <field name="DegreesOfLongitude" value="3402643" type="Integer" length="3"/>
                  <field name="UncertaintyCode" value="163" type="Integer" length="1"/>
               </Bytes></geographicalInformation.C0.BoxedType>
            <vlr_number.C1.BoxedType><Bytes>ef85867961f2
                  <field name="extension" value="no extension:1" type="EnumLong" lengthBit="1"/>
                  <field name="nature of address" value="abbreviated number:6" type="EnumLong" lengthBit="3"/>
                  <field name="numbering plan" value="reserved for extension:15" type="EnumLong" lengthBit="4"/>
                  <field name="digits" value="586897162" type="Number_BCD" length="9"/>
               </Bytes></vlr_number.C1.BoxedType>
            <locationNumber.C2.BoxedType><Bytes>225b9151638115
                  <field name="Odd/even (O/E)" value="even number of address signals:0" type="EnumLong" lengthBit="1"/>
                  <field name="Nature of address" value="spare:34" type="EnumLong" lengthBit="7"/>
                  <field name="Internal Network Number (INN)" value="routing to internal number allowed:0" type="EnumLong" lengthBit="1"/>
                  <field name="Numbering plan" value="private numbering plan:5" type="EnumLong" lengthBit="3"/>
                  <field name="Address presentation restricted" value="address not available (national use):2" type="EnumLong" lengthBit="2"/>
                  <field name="Screening" value="network provided:3" type="EnumLong" lengthBit="2"/>
                  <field name="digits" value="1915361851" type="Number_BCD" length="10"/>
               </Bytes></locationNumber.C2.BoxedType>
            <cellGlobalIdOrServiceAreaIdOrLAI.C3.Choice>
               <cellGlobalIdOrServiceAreaIdFixedLength.C0.BoxedType><Bytes>2164119917fa00
                     <field name="MMC" value="124,116" type="NumberMMC" length="3"/>
                     <field name="LAC" value="39191" type="Integer" length="2"/>
                     <field name="CI_SAC" value="64000" type="Integer" length="2"/>
                  </Bytes></cellGlobalIdOrServiceAreaIdFixedLength.C0.BoxedType>
               <laiFixedLength.C1.BoxedType><Bytes>022612bdb1
                     <field name="MMC" value="206,212" type="NumberMMC" length="3"/>
                     <field name="LAC" value="48561" type="Integer" length="2"/>
                  </Bytes></laiFixedLength.C1.BoxedType>
            </cellGlobalIdOrServiceAreaIdOrLAI.C3.Choice>
            <extensionContainer.C4.Sequence>
               <privateExtensionList.C0.BoxedType>
                  <Collection>
                     <PrivateExtension.Sequence>
                        <extId><ObjectIdentifier>0.1.283.66.100</ObjectIdentifier></extId>
                        <extType>7f06a6b1002d9f86</extType>
                     </PrivateExtension.Sequence>
                     <PrivateExtension.Sequence>
                        <extId><ObjectIdentifier>0.1.271.95.70.75.83.59.65.85</ObjectIdentifier></extId>
                        <extType>ce398c1b009ce4</extType>
                     </PrivateExtension.Sequence>
                     <PrivateExtension.Sequence>
                        <extId><ObjectIdentifier>0.1.2120.76.81.20</ObjectIdentifier></extId>
                        <extType>d4446e</extType>
                     </PrivateExtension.Sequence>
                  </Collection>
               </privateExtensionList.C0.BoxedType>
               <pcsExtensions.C1.Sequence></pcsExtensions.C1.Sequence>
            </extensionContainer.C4.Sequence>
            <selectedLSA_Id.C5.BoxedType><Bytes>444bad
                  <field name="LSA type" value="PLMN significant number:0" type="EnumLong" lengthBit="1"/>
                  <field name="Identifier" value="4475821" type="Integer" lengthBit="23"/>
               </Bytes></selectedLSA_Id.C5.BoxedType>
            <msc_Number.C6.BoxedType><Bytes>f75112719552
                  <field name="extension" value="no extension:1" type="EnumLong" lengthBit="1"/>
                  <field name="nature of address" value="reserved for extension:7" type="EnumLong" lengthBit="3"/>
                  <field name="numbering plan" value="spare:7" type="EnumLong" lengthBit="4"/>
                  <field name="digits" value="1521175925" type="Number_BCD" length="10"/>
               </Bytes></msc_Number.C6.BoxedType>
            <geodeticInformation.C7.BoxedType><Bytes>4404c7af053118908161
                  <field name="spare" value="4" type="Integer" lengthBit="4"/>
                  <field name="LPRI" value="presentation restricted:1" type="EnumLong" lengthBit="2"/>
                  <field name="screnning" value="user provided, not verified:0" type="EnumLong" lengthBit="2"/>
                  <field name="ext" value="0" type="Integer" lengthBit="1"/>
                  <field name="TypeOfShape" value="ellipsoid circle sector:4" type="EnumLong" lengthBit="7"/>
                  <field name="DegreesOfLatitude" value="13086469" type="Integer" length="3"/>
                  <field name="DegreesOfLongitude" value="3217552" type="Integer" length="3"/>
                  <field name="UncertaintyCode" value="129" type="Integer" length="1"/>
                  <field name="Confidence" value="97" type="Integer" length="1"/>
               </Bytes></geodeticInformation.C7.BoxedType>
            <currentLocationRetrieved.C8></currentLocationRetrieved.C8>
            <sai_Present.C9></sai_Present.C9>
         </locationInformation.C0.Sequence>
         <subscriberState.C1.Choice>
            <assumedIdle.C0></assumedIdle.C0>
            <camelBusy.C1></camelBusy.C1>
            <notProvidedFromVLR.C2></notProvidedFromVLR.C2>
         </subscriberState.C1.Choice>
         <extensionContainer.C2.Sequence>
            <privateExtensionList.C0.BoxedType>
               <Collection>
                  <PrivateExtension.Sequence>
                     <extId><ObjectIdentifier>0.1.257.78.70</ObjectIdentifier></extId>
                     <extType>3a08441508</extType>
                  </PrivateExtension.Sequence>
                  <PrivateExtension.Sequence>
                     <extId><ObjectIdentifier>0.1.271.48.81</ObjectIdentifier></extId>
                     <extType>232ef244ddb089</extType>
                  </PrivateExtension.Sequence>
                  <PrivateExtension.Sequence>
                     <extId><ObjectIdentifier>0.1.215.6.68.15.124.76</ObjectIdentifier></extId>
                     <extType>ff17cb679c56</extType>
                  </PrivateExtension.Sequence>
               </Collection>
            </privateExtensionList.C0.BoxedType>
            <pcsExtensions.C1.Sequence></pcsExtensions.C1.Sequence>
         </extensionContainer.C2.Sequence>
         <locationInformationGPRS.C3.Sequence>
            <cellGlobalIdOrServiceAreaIdOrLAI.C0.Choice>
               <cellGlobalIdOrServiceAreaIdFixedLength.C0.BoxedType><Bytes>327602c22daa62
                     <field name="MMC" value="236,207" type="NumberMMC" length="3"/>
                     <field name="LAC" value="49709" type="Integer" length="2"/>
                     <field name="CI_SAC" value="43618" type="Integer" length="2"/>
                  </Bytes></cellGlobalIdOrServiceAreaIdFixedLength.C0.BoxedType>
               <laiFixedLength.C1.BoxedType><Bytes>326631cde8
                     <field name="MMC" value="236,136" type="NumberMMC" length="3"/>
                     <field name="LAC" value="52712" type="Integer" length="2"/>
                  </Bytes></laiFixedLength.C1.BoxedType>
            </cellGlobalIdOrServiceAreaIdOrLAI.C0.Choice>
            <routeingAreaIdentity.C1.BoxedType><Bytes>22f3165050aa
                  <field name="MMC" value="223,61" type="NumberMMC" length="3"/>
                  <field name="LAC" value="20560" type="Integer" length="2"/>
                  <field name="RAC" value="170" type="Integer" length="1"/>
               </Bytes></routeingAreaIdentity.C1.BoxedType>
            <geographicalInformation.C2.BoxedType><Bytes>c21473eb93726119
                  <field name="TypeOfShape" value="Reserved for future use:12" type="EnumLong" lengthBit="4"/>
                  <field name="spare" value="2" type="Integer" lengthBit="4"/>
                  <field name="DegreesOfLatitude" value="1340395" type="Integer" length="3"/>
                  <field name="DegreesOfLongitude" value="9663073" type="Integer" length="3"/>
                  <field name="UncertaintyCode" value="25" type="Integer" length="1"/>
               </Bytes></geographicalInformation.C2.BoxedType>
            <sgsn_Number.C3.BoxedType><Bytes>900173682685
                  <field name="extension" value="no extension:1" type="EnumLong" lengthBit="1"/>
                  <field name="nature of address" value="international number:1" type="EnumLong" lengthBit="3"/>
                  <field name="numbering plan" value="unknown:0" type="EnumLong" lengthBit="4"/>
                  <field name="digits" value="1037866258" type="Number_BCD" length="10"/>
               </Bytes></sgsn_Number.C3.BoxedType>
            <selectedLSAIdentity.C4.BoxedType><Bytes>793631
                  <field name="LSA type" value="PLMN significant number:0" type="EnumLong" lengthBit="1"/>
                  <field name="Identifier" value="7943729" type="Integer" lengthBit="23"/>
               </Bytes></selectedLSAIdentity.C4.BoxedType>
            <extensionContainer.C5.Sequence>
               <privateExtensionList.C0.BoxedType>
                  <Collection>
                     <PrivateExtension.Sequence>
                        <extId><ObjectIdentifier>0.1.232.52.33.7.22.28.116.75.18</ObjectIdentifier></extId>
                        <extType>9b28a28c0085ceac</extType>
                     </PrivateExtension.Sequence>
                     <PrivateExtension.Sequence>
                        <extId><ObjectIdentifier>0.1.2104.93</ObjectIdentifier></extId>
                        <extType>b90d49cc</extType>
                     </PrivateExtension.Sequence>
                     <PrivateExtension.Sequence>
                        <extId><ObjectIdentifier>0.1.226.96.108.79.120.22.29.92</ObjectIdentifier></extId>
                        <extType>c08c1d</extType>
                     </PrivateExtension.Sequence>
                  </Collection>
               </privateExtensionList.C0.BoxedType>
               <pcsExtensions.C1.Sequence></pcsExtensions.C1.Sequence>
            </extensionContainer.C5.Sequence>
            <sai_Present.C6></sai_Present.C6>
            <geodeticInformation.C7.BoxedType><Bytes>54725c5178351af6e2d5
                  <field name="spare" value="5" type="Integer" lengthBit="4"/>
                  <field name="LPRI" value="presentation restricted:1" type="EnumLong" lengthBit="2"/>
                  <field name="screnning" value="user provided, not verified:0" type="EnumLong" lengthBit="2"/>
                  <field name="ext" value="0" type="Integer" lengthBit="1"/>
                  <field name="TypeOfShape" value="reserved for national use:114" type="EnumLong" lengthBit="7"/>
                  <field name="DegreesOfLatitude" value="6050168" type="Integer" length="3"/>
                  <field name="DegreesOfLongitude" value="3480310" type="Integer" length="3"/>
                  <field name="UncertaintyCode" value="226" type="Integer" length="1"/>
                  <field name="Confidence" value="213" type="Integer" length="1"/>
               </Bytes></geodeticInformation.C7.BoxedType>
            <currentLocationRetrieved.C8></currentLocationRetrieved.C8>
            <ageOfLocationInformation.C9.BoxedType><Integer>[1-32766] minuts:1</Integer></ageOfLocationInformation.C9.BoxedType>
         </locationInformationGPRS.C3.Sequence>
         <ps_SubscriberState.C4.Choice>
            <notProvidedFromSGSN.C0></notProvidedFromSGSN.C0>
            <ps_Detached.C1></ps_Detached.C1>
            <ps_AttachedNotReachableForPaging.C2></ps_AttachedNotReachableForPaging.C2>
            <ps_AttachedReachableForPaging.C3></ps_AttachedReachableForPaging.C3>
            <ps_PDP_ActiveNotReachableForPaging.C4.BoxedType>
               <Collection>
                  <PDP_ContextInfo.Sequence>
                     <pdp_ContextIdentifier.C0.BoxedType><Integer>0</Integer></pdp_ContextIdentifier.C0.BoxedType>
                     <pdp_ContextActive.C1></pdp_ContextActive.C1>
                     <pdp_Type.C2.BoxedType><Bytes>998d
                           <field name="spare" value="9" type="Integer" lengthBit="4"/>
                           <field name="PDP type organisation" value="reserved:9" type="EnumLong" lengthBit="4"/>
                           <field name="PDP type number" value="IPV4V6:141" type="EnumLong" length="1"/>
                        </Bytes></pdp_Type.C2.BoxedType>
                     <pdp_Address.C3.BoxedType><Bytes>da0ec964
                           <field name="IPV4  address" value="218.14.201.100" type="IPV4Address" length="4"/>
                        </Bytes></pdp_Address.C3.BoxedType>
                     <apn_Subscribed.C4.BoxedType><Bytes>7266
                           <field name="DNS string" value="rf" type="String" length="2"/>
                        </Bytes></apn_Subscribed.C4.BoxedType>
                     <apn_InUse.C5.BoxedType><Bytes>55
                           <field name="DNS string" value="U" type="String" length="1"/>
                        </Bytes></apn_InUse.C5.BoxedType>
                     <nsapi.C6.BoxedType><Integer>1</Integer></nsapi.C6.BoxedType>
                     <transactionId.C7.BoxedType><Bytes>aa72
                           <field name="TI flag" value="The message is sent to the side that originates the TI:1" type="EnumLong" lengthBit="1"/>
                           <field name="TIO" value="2" type="Integer" lengthBit="3"/>
                           <field name="NA" value="10" type="Integer" lengthBit="4"/>
                           <field name="Ext" value="0" type="Integer" lengthBit="1"/>
                           <field name="TIE" value="114" type="Integer" lengthBit="7"/>
                        </Bytes></transactionId.C7.BoxedType>
                     <teid_ForGnAndGp.C8.BoxedType><Bytes>dd8c6842
                           <field name="TEID" value="3716966466" type="Integer" length="4"/>
                        </Bytes></teid_ForGnAndGp.C8.BoxedType>
                     <teid_ForIu.C9.BoxedType><Bytes>14d5b06b
                           <field name="TEID" value="349548651" type="Integer" length="4"/>
                        </Bytes></teid_ForIu.C9.BoxedType>
                     <ggsn_Address.C10.BoxedType><Bytes>4c937201e6
                           <field name="Address type" value="IPV6:1" type="EnumLong" lengthBit="2"/>
                           <field name="AddressLength" value="12" type="Integer" lengthBit="6"/>
                           <field name="IPV4 address" value="147.114.1.230" type="IPV4Address" length="4"/>
                        </Bytes></ggsn_Address.C10.BoxedType>
                     <qos_Subscribed.C11.BoxedType><Bytes>c92a8b36bf59fe665f
                           <field name="Allocation/Retention Priority" value="201" type="Integer" length="1"/>
                           <field name="Traffic class" value="Conversational class:1" type="EnumLong" lengthBit="3"/>
                           <field name="Delivery class" value="With delivery order (&apos;yes&apos;):1" type="EnumLong" lengthBit="2"/>
                           <field name="Delivery erroneous SDUs" value="Erroneous SDUs are delivered (&apos;yes&apos;):2" type="EnumLong" lengthBit="3"/>
                           <field name="Maximum SDU size" value="139" type="Integer" length="1"/>
                           <field name="Maximum bitrate uplink" value="54" type="Integer" length="1"/>
                           <field name="Maximum bitrate downlink" value="191" type="Integer" length="1"/>
                           <field name="SDU error ratio" value="1*10 power -5:5" type="EnumLong" lengthBit="4"/>
                           <field name="Residual BER" value="6*10 power -8:9" type="EnumLong" lengthBit="4"/>
                           <field name="Transfer delay" value="63" type="Integer" lengthBit="6"/>
                           <field name="Traffic handling priority" value="Priority level 2:2" type="EnumLong" lengthBit="2"/>
                           <field name="Guaranteed bitrate uplink" value="102" type="Integer" length="1"/>
                           <field name="Guaranteed bitrate downlink" value="95" type="Integer" length="1"/>
                        </Bytes></qos_Subscribed.C11.BoxedType>
                     <qos_Requested.C12.BoxedType><Bytes>83c5ef671badb9af25
                           <field name="Allocation/Retention Priority" value="131" type="Integer" length="1"/>
                           <field name="Traffic class" value="Reserved:6" type="EnumLong" lengthBit="3"/>
                           <field name="Delivery class" value="Subscribed delivery class / Reserved:0" type="EnumLong" lengthBit="2"/>
                           <field name="Delivery erroneous SDUs" value="Reserved:5" type="EnumLong" lengthBit="3"/>
                           <field name="Maximum SDU size" value="239" type="Integer" length="1"/>
                           <field name="Maximum bitrate uplink" value="103" type="Integer" length="1"/>
                           <field name="Maximum bitrate downlink" value="27" type="Integer" length="1"/>
                           <field name="SDU error ratio" value="Reserved:10" type="EnumLong" lengthBit="4"/>
                           <field name="Residual BER" value="Reserved:13" type="EnumLong" lengthBit="4"/>
                           <field name="Transfer delay" value="46" type="Integer" lengthBit="6"/>
                           <field name="Traffic handling priority" value="Priority level 1:1" type="EnumLong" lengthBit="2"/>
                           <field name="Guaranteed bitrate uplink" value="175" type="Integer" length="1"/>
                           <field name="Guaranteed bitrate downlink" value="37" type="Integer" length="1"/>
                        </Bytes></qos_Requested.C12.BoxedType>
                     <qos_Negotiated.C13.BoxedType><Bytes>c6ee51b0a88bcf59c1
                           <field name="Allocation/Retention Priority" value="198" type="Integer" length="1"/>
                           <field name="Traffic class" value="Reserved:7" type="EnumLong" lengthBit="3"/>
                           <field name="Delivery class" value="With delivery order (&apos;yes&apos;):1" type="EnumLong" lengthBit="2"/>
                           <field name="Delivery erroneous SDUs" value="Reserved:6" type="EnumLong" lengthBit="3"/>
                           <field name="Maximum SDU size" value="81" type="Integer" length="1"/>
                           <field name="Maximum bitrate uplink" value="176" type="Integer" length="1"/>
                           <field name="Maximum bitrate downlink" value="168" type="Integer" length="1"/>
                           <field name="SDU error ratio" value="Reserved:8" type="EnumLong" lengthBit="4"/>
                           <field name="Residual BER" value="Reserved:11" type="EnumLong" lengthBit="4"/>
                           <field name="Transfer delay" value="51" type="Integer" lengthBit="6"/>
                           <field name="Traffic handling priority" value="Priority level 3:3" type="EnumLong" lengthBit="2"/>
                           <field name="Guaranteed bitrate uplink" value="89" type="Integer" length="1"/>
                           <field name="Guaranteed bitrate downlink" value="193" type="Integer" length="1"/>
                        </Bytes></qos_Negotiated.C13.BoxedType>
                     <chargingId.C14.BoxedType><Bytes>3b97d31f
                           <field name="Charging ID" value="999805727" type="Integer" length="4"/>
                        </Bytes></chargingId.C14.BoxedType>
                     <chargingCharacteristics.C15.BoxedType><Bytes>ed86
                           <field name="Reserved" value="14" type="Integer" lengthBit="4"/>
                           <field name="N flag" value="1" type="Integer" lengthBit="1"/>
                           <field name="P flag" value="1" type="Integer" lengthBit="1"/>
                           <field name="F flag" value="0" type="Integer" lengthBit="1"/>
                           <field name="H flag" value="1" type="Integer" lengthBit="1"/>
                           <field name="Charging Value" value="134" type="Integer" length="1"/>
                        </Bytes></chargingCharacteristics.C15.BoxedType>
                     <rnc_Address.C16.BoxedType><Bytes>05891c5980
                           <field name="Address type" value="IPV4:0" type="EnumLong" lengthBit="2"/>
                           <field name="AddressLength" value="5" type="Integer" lengthBit="6"/>
                           <field name="IPV4 address" value="137.28.89.128" type="IPV4Address" length="4"/>
                        </Bytes></rnc_Address.C16.BoxedType>
                     <extensionContainer.C17.Sequence>
                        <privateExtensionList.C0.BoxedType>
                           <Collection>
                              <PrivateExtension.Sequence>
                                 <extId><ObjectIdentifier>0.1.29.32.100.84</ObjectIdentifier></extId>
                                 <extType>1488b1b2</extType>
                              </PrivateExtension.Sequence>
                              <PrivateExtension.Sequence>
                                 <extId><ObjectIdentifier>0.1.254.53.64.113.117</ObjectIdentifier></extId>
                                 <extType>c0d22919d94b22c56f</extType>
                              </PrivateExtension.Sequence>
                              <PrivateExtension.Sequence>
                                 <extId><ObjectIdentifier>0.1.2109.91.61.16.23.18.87.101.16</ObjectIdentifier></extId>
                                 <extType>78b1df25</extType>
                              </PrivateExtension.Sequence>
                           </Collection>
                        </privateExtensionList.C0.BoxedType>
                        <pcsExtensions.C1.Sequence></pcsExtensions.C1.Sequence>
                     </extensionContainer.C17.Sequence>
                     <qos2_Subscribed.C18.BoxedType><Bytes>b90b834ac1
                           <field name="spare" value="5" type="Integer" lengthBit="3"/>
                           <field name="Signalling Indication" value="Optimised for signalling traffic:1" type="EnumLong" lengthBit="1"/>
                           <field name="Source Statistics Descriptor" value="unknown:9" type="EnumLong" lengthBit="4"/>
                           <field name="Maximum bitrate downlink (extended)" value="11" type="Integer" length="1"/>
                           <field name="Guaranteed bitrate downlink (extended)" value="131" type="Integer" length="1"/>
                           <field name="Maximum bitrate uplink (extended)" value="74" type="Integer" length="1"/>
                           <field name="Guaranteed bitrate uplink (extended)" value="193" type="Integer" length="1"/>
                        </Bytes></qos2_Subscribed.C18.BoxedType>
                     <qos2_Requested.C19.BoxedType><Bytes>5d3ac2eeb5
                           <field name="spare" value="2" type="Integer" lengthBit="3"/>
                           <field name="Signalling Indication" value="Optimised for signalling traffic:1" type="EnumLong" lengthBit="1"/>
                           <field name="Source Statistics Descriptor" value="unknown:13" type="EnumLong" lengthBit="4"/>
                           <field name="Maximum bitrate downlink (extended)" value="58" type="Integer" length="1"/>
                           <field name="Guaranteed bitrate downlink (extended)" value="194" type="Integer" length="1"/>
                           <field name="Maximum bitrate uplink (extended)" value="238" type="Integer" length="1"/>
                           <field name="Guaranteed bitrate uplink (extended)" value="181" type="Integer" length="1"/>
                        </Bytes></qos2_Requested.C19.BoxedType>
                     <qos2_Negotiated.C20.BoxedType><Bytes>eedaef8a7a
                           <field name="spare" value="7" type="Integer" lengthBit="3"/>
                           <field name="Signalling Indication" value="Not optimised for signalling traffic:0" type="EnumLong" lengthBit="1"/>
                           <field name="Source Statistics Descriptor" value="unknown:14" type="EnumLong" lengthBit="4"/>
                           <field name="Maximum bitrate downlink (extended)" value="218" type="Integer" length="1"/>
                           <field name="Guaranteed bitrate downlink (extended)" value="239" type="Integer" length="1"/>
                           <field name="Maximum bitrate uplink (extended)" value="138" type="Integer" length="1"/>
                           <field name="Guaranteed bitrate uplink (extended)" value="122" type="Integer" length="1"/>
                        </Bytes></qos2_Negotiated.C20.BoxedType>
                  </PDP_ContextInfo.Sequence>
                  <PDP_ContextInfo.Sequence>
                     <pdp_ContextIdentifier.C0.BoxedType><Integer>1</Integer></pdp_ContextIdentifier.C0.BoxedType>
                     <pdp_ContextActive.C1></pdp_ContextActive.C1>
                     <pdp_Type.C2.BoxedType><Bytes>210e
                           <field name="spare" value="2" type="Integer" lengthBit="4"/>
                           <field name="PDP type organisation" value="IETF:1" type="EnumLong" lengthBit="4"/>
                           <field name="PDP type number" value="14" type="EnumLong" length="1"/>
                        </Bytes></pdp_Type.C2.BoxedType>
                     <pdp_Address.C3.BoxedType><Bytes>b516902f
                           <field name="IPV4  address" value="181.22.144.47" type="IPV4Address" length="4"/>
                        </Bytes></pdp_Address.C3.BoxedType>
                     <apn_Subscribed.C4.BoxedType><Bytes>30333978
                           <field name="DNS string" value="039x" type="String" length="4"/>
                        </Bytes></apn_Subscribed.C4.BoxedType>
                     <apn_InUse.C5.BoxedType><Bytes>6142356c4d674b3643
                           <field name="DNS string" value="aB5lMgK6C" type="String" length="9"/>
                        </Bytes></apn_InUse.C5.BoxedType>
                     <nsapi.C6.BoxedType><Integer>2</Integer></nsapi.C6.BoxedType>
                     <transactionId.C7.BoxedType><Bytes>75f7
                           <field name="TI flag" value="The message is sent from the side that originates the TI:0" type="EnumLong" lengthBit="1"/>
                           <field name="TIO" value="7" type="Integer" lengthBit="3"/>
                           <field name="NA" value="5" type="Integer" lengthBit="4"/>
                           <field name="Ext" value="1" type="Integer" lengthBit="1"/>
                           <field name="TIE" value="119" type="Integer" lengthBit="7"/>
                        </Bytes></transactionId.C7.BoxedType>
                     <teid_ForGnAndGp.C8.BoxedType><Bytes>308ce5ac
                           <field name="TEID" value="814540204" type="Integer" length="4"/>
                        </Bytes></teid_ForGnAndGp.C8.BoxedType>
                     <teid_ForIu.C9.BoxedType><Bytes>045d4367
                           <field name="TEID" value="73220967" type="Integer" length="4"/>
                        </Bytes></teid_ForIu.C9.BoxedType>
                     <ggsn_Address.C10.BoxedType><Bytes>071e7b799a
                           <field name="Address type" value="IPV4:0" type="EnumLong" lengthBit="2"/>
                           <field name="AddressLength" value="7" type="Integer" lengthBit="6"/>
                           <field name="IPV4 address" value="30.123.121.154" type="IPV4Address" length="4"/>
                        </Bytes></ggsn_Address.C10.BoxedType>
                     <qos_Subscribed.C11.BoxedType><Bytes>f3baefa7c5b40ef855
                           <field name="Allocation/Retention Priority" value="243" type="Integer" length="1"/>
                           <field name="Traffic class" value="Reserved:5" type="EnumLong" lengthBit="3"/>
                           <field name="Delivery class" value="Reserved:3" type="EnumLong" lengthBit="2"/>
                           <field name="Delivery erroneous SDUs" value="Erroneous SDUs are delivered (&apos;yes&apos;):2" type="EnumLong" lengthBit="3"/>
                           <field name="Maximum SDU size" value="239" type="Integer" length="1"/>
                           <field name="Maximum bitrate uplink" value="167" type="Integer" length="1"/>
                           <field name="Maximum bitrate downlink" value="197" type="Integer" length="1"/>
                           <field name="SDU error ratio" value="Reserved:11" type="EnumLong" lengthBit="4"/>
                           <field name="Residual BER" value="4*10 power -3:4" type="EnumLong" lengthBit="4"/>
                           <field name="Transfer delay" value="3" type="Integer" lengthBit="6"/>
                           <field name="Traffic handling priority" value="Priority level 2:2" type="EnumLong" lengthBit="2"/>
                           <field name="Guaranteed bitrate uplink" value="248" type="Integer" length="1"/>
                           <field name="Guaranteed bitrate downlink" value="85" type="Integer" length="1"/>
                        </Bytes></qos_Subscribed.C11.BoxedType>
                     <qos_Requested.C12.BoxedType><Bytes>58ad18b4c58cdbdb58
                           <field name="Allocation/Retention Priority" value="88" type="Integer" length="1"/>
                           <field name="Traffic class" value="Reserved:5" type="EnumLong" lengthBit="3"/>
                           <field name="Delivery class" value="With delivery order (&apos;yes&apos;):1" type="EnumLong" lengthBit="2"/>
                           <field name="Delivery erroneous SDUs" value="Reserved:5" type="EnumLong" lengthBit="3"/>
                           <field name="Maximum SDU size" value="24" type="Integer" length="1"/>
                           <field name="Maximum bitrate uplink" value="180" type="Integer" length="1"/>
                           <field name="Maximum bitrate downlink" value="197" type="Integer" length="1"/>
                           <field name="SDU error ratio" value="Reserved:8" type="EnumLong" lengthBit="4"/>
                           <field name="Residual BER" value="Reserved:12" type="EnumLong" lengthBit="4"/>
                           <field name="Transfer delay" value="54" type="Integer" lengthBit="6"/>
                           <field name="Traffic handling priority" value="Priority level 3:3" type="EnumLong" lengthBit="2"/>
                           <field name="Guaranteed bitrate uplink" value="219" type="Integer" length="1"/>
                           <field name="Guaranteed bitrate downlink" value="88" type="Integer" length="1"/>
                        </Bytes></qos_Requested.C12.BoxedType>
                     <qos_Negotiated.C13.BoxedType><Bytes>23d48b3436edc80565
                           <field name="Allocation/Retention Priority" value="35" type="Integer" length="1"/>
                           <field name="Traffic class" value="Reserved:6" type="EnumLong" lengthBit="3"/>
                           <field name="Delivery class" value="Without delivery order (&apos;no&apos;):2" type="EnumLong" lengthBit="2"/>
                           <field name="Delivery erroneous SDUs" value="Reserved:4" type="EnumLong" lengthBit="3"/>
                           <field name="Maximum SDU size" value="139" type="Integer" length="1"/>
                           <field name="Maximum bitrate uplink" value="52" type="Integer" length="1"/>
                           <field name="Maximum bitrate downlink" value="54" type="Integer" length="1"/>
                           <field name="SDU error ratio" value="Reserved:14" type="EnumLong" lengthBit="4"/>
                           <field name="Residual BER" value="Reserved:13" type="EnumLong" lengthBit="4"/>
                           <field name="Transfer delay" value="50" type="Integer" lengthBit="6"/>
                           <field name="Traffic handling priority" value="Subscribed traffic handling priority / Reserved:0" type="EnumLong" lengthBit="2"/>
                           <field name="Guaranteed bitrate uplink" value="5" type="Integer" length="1"/>
                           <field name="Guaranteed bitrate downlink" value="101" type="Integer" length="1"/>
                        </Bytes></qos_Negotiated.C13.BoxedType>
                     <chargingId.C14.BoxedType><Bytes>ba1977af
                           <field name="Charging ID" value="3122231215" type="Integer" length="4"/>
                        </Bytes></chargingId.C14.BoxedType>
                     <chargingCharacteristics.C15.BoxedType><Bytes>6545
                           <field name="Reserved" value="6" type="Integer" lengthBit="4"/>
                           <field name="N flag" value="0" type="Integer" lengthBit="1"/>
                           <field name="P flag" value="1" type="Integer" lengthBit="1"/>
                           <field name="F flag" value="0" type="Integer" lengthBit="1"/>
                           <field name="H flag" value="1" type="Integer" lengthBit="1"/>
                           <field name="Charging Value" value="69" type="Integer" length="1"/>
                        </Bytes></chargingCharacteristics.C15.BoxedType>
                     <rnc_Address.C16.BoxedType><Bytes>b512e64640
                           <field name="Address type" value="2" type="EnumLong" lengthBit="2"/>
                           <field name="AddressLength" value="53" type="Integer" lengthBit="6"/>
                           <field name="IPV4 address" value="18.230.70.64" type="IPV4Address" length="4"/>
                        </Bytes></rnc_Address.C16.BoxedType>
                     <extensionContainer.C17.Sequence>
                        <privateExtensionList.C0.BoxedType>
                           <Collection>
                              <PrivateExtension.Sequence>
                                 <extId><ObjectIdentifier>0.1.2</ObjectIdentifier></extId>
                                 <extType>4f23e500</extType>
                              </PrivateExtension.Sequence>
                              <PrivateExtension.Sequence>
                                 <extId><ObjectIdentifier>0.1.2</ObjectIdentifier></extId>
                                 <extType>c057418f</extType>
                              </PrivateExtension.Sequence>
                              <PrivateExtension.Sequence>
                                 <extId><ObjectIdentifier>0.1.266.111.13.69.12.105.61.105</ObjectIdentifier></extId>
                                 <extType>6fc069</extType>
                              </PrivateExtension.Sequence>
                           </Collection>
                        </privateExtensionList.C0.BoxedType>
                        <pcsExtensions.C1.Sequence></pcsExtensions.C1.Sequence>
                     </extensionContainer.C17.Sequence>
                     <qos2_Subscribed.C18.BoxedType><Bytes>c951e653cd
                           <field name="spare" value="6" type="Integer" lengthBit="3"/>
                           <field name="Signalling Indication" value="Not optimised for signalling traffic:0" type="EnumLong" lengthBit="1"/>
                           <field name="Source Statistics Descriptor" value="unknown:9" type="EnumLong" lengthBit="4"/>
                           <field name="Maximum bitrate downlink (extended)" value="81" type="Integer" length="1"/>
                           <field name="Guaranteed bitrate downlink (extended)" value="230" type="Integer" length="1"/>
                           <field name="Maximum bitrate uplink (extended)" value="83" type="Integer" length="1"/>
                           <field name="Guaranteed bitrate uplink (extended)" value="205" type="Integer" length="1"/>
                        </Bytes></qos2_Subscribed.C18.BoxedType>
                     <qos2_Requested.C19.BoxedType><Bytes>815dcc0483
                           <field name="spare" value="4" type="Integer" lengthBit="3"/>
                           <field name="Signalling Indication" value="Not optimised for signalling traffic:0" type="EnumLong" lengthBit="1"/>
                           <field name="Source Statistics Descriptor" value="speech:1" type="EnumLong" lengthBit="4"/>
                           <field name="Maximum bitrate downlink (extended)" value="93" type="Integer" length="1"/>
                           <field name="Guaranteed bitrate downlink (extended)" value="204" type="Integer" length="1"/>
                           <field name="Maximum bitrate uplink (extended)" value="4" type="Integer" length="1"/>
                           <field name="Guaranteed bitrate uplink (extended)" value="131" type="Integer" length="1"/>
                        </Bytes></qos2_Requested.C19.BoxedType>
                     <qos2_Negotiated.C20.BoxedType><Bytes>22d7c10e81
                           <field name="spare" value="1" type="Integer" lengthBit="3"/>
                           <field name="Signalling Indication" value="Not optimised for signalling traffic:0" type="EnumLong" lengthBit="1"/>
                           <field name="Source Statistics Descriptor" value="unknown:2" type="EnumLong" lengthBit="4"/>
                           <field name="Maximum bitrate downlink (extended)" value="215" type="Integer" length="1"/>
                           <field name="Guaranteed bitrate downlink (extended)" value="193" type="Integer" length="1"/>
                           <field name="Maximum bitrate uplink (extended)" value="14" type="Integer" length="1"/>
                           <field name="Guaranteed bitrate uplink (extended)" value="129" type="Integer" length="1"/>
                        </Bytes></qos2_Negotiated.C20.BoxedType>
                  </PDP_ContextInfo.Sequence>
                  <PDP_ContextInfo.Sequence>
                     <pdp_ContextIdentifier.C0.BoxedType><Integer>1</Integer></pdp_ContextIdentifier.C0.BoxedType>
                     <pdp_ContextActive.C1></pdp_ContextActive.C1>
                     <pdp_Type.C2.BoxedType><Bytes>5221
                           <field name="spare" value="5" type="Integer" lengthBit="4"/>
                           <field name="PDP type organisation" value="reserved:2" type="EnumLong" lengthBit="4"/>
                           <field name="PDP type number" value="IPV4:33" type="EnumLong" length="1"/>
                        </Bytes></pdp_Type.C2.BoxedType>
                     <pdp_Address.C3.BoxedType><Bytes>489185df
                           <field name="IPV4  address" value="72.145.133.223" type="IPV4Address" length="4"/>
                        </Bytes></pdp_Address.C3.BoxedType>
                     <apn_Subscribed.C4.BoxedType><Bytes>33627144
                           <field name="DNS string" value="3bqD" type="String" length="4"/>
                        </Bytes></apn_Subscribed.C4.BoxedType>
                     <apn_InUse.C5.BoxedType><Bytes>564b467571377a
                           <field name="DNS string" value="VKFuq7z" type="String" length="7"/>
                        </Bytes></apn_InUse.C5.BoxedType>
                     <nsapi.C6.BoxedType><Integer>2</Integer></nsapi.C6.BoxedType>
                     <transactionId.C7.BoxedType><Bytes>62a3
                           <field name="TI flag" value="The message is sent from the side that originates the TI:0" type="EnumLong" lengthBit="1"/>
                           <field name="TIO" value="6" type="Integer" lengthBit="3"/>
                           <field name="NA" value="2" type="Integer" lengthBit="4"/>
                           <field name="Ext" value="1" type="Integer" lengthBit="1"/>
                           <field name="TIE" value="35" type="Integer" lengthBit="7"/>
                        </Bytes></transactionId.C7.BoxedType>
                     <teid_ForGnAndGp.C8.BoxedType><Bytes>6bede912
                           <field name="TEID" value="1810753810" type="Integer" length="4"/>
                        </Bytes></teid_ForGnAndGp.C8.BoxedType>
                     <teid_ForIu.C9.BoxedType><Bytes>4ad25e0d
                           <field name="TEID" value="1255300621" type="Integer" length="4"/>
                        </Bytes></teid_ForIu.C9.BoxedType>
                     <ggsn_Address.C10.BoxedType><Bytes>1479b06bcb
                           <field name="Address type" value="IPV4:0" type="EnumLong" lengthBit="2"/>
                           <field name="AddressLength" value="20" type="Integer" lengthBit="6"/>
                           <field name="IPV4 address" value="121.176.107.203" type="IPV4Address" length="4"/>
                        </Bytes></ggsn_Address.C10.BoxedType>
                     <qos_Subscribed.C11.BoxedType><Bytes>98dd08f6c2c2df4e3f
                           <field name="Allocation/Retention Priority" value="152" type="Integer" length="1"/>
                           <field name="Traffic class" value="Reserved:6" type="EnumLong" lengthBit="3"/>
                           <field name="Delivery class" value="Reserved:3" type="EnumLong" lengthBit="2"/>
                           <field name="Delivery erroneous SDUs" value="Reserved:5" type="EnumLong" lengthBit="3"/>
                           <field name="Maximum SDU size" value="8" type="Integer" length="1"/>
                           <field name="Maximum bitrate uplink" value="246" type="Integer" length="1"/>
                           <field name="Maximum bitrate downlink" value="194" type="Integer" length="1"/>
                           <field name="SDU error ratio" value="Reserved:12" type="EnumLong" lengthBit="4"/>
                           <field name="Residual BER" value="1*10 power -2:2" type="EnumLong" lengthBit="4"/>
                           <field name="Transfer delay" value="55" type="Integer" lengthBit="6"/>
                           <field name="Traffic handling priority" value="Priority level 3:3" type="EnumLong" lengthBit="2"/>
                           <field name="Guaranteed bitrate uplink" value="78" type="Integer" length="1"/>
                           <field name="Guaranteed bitrate downlink" value="63" type="Integer" length="1"/>
                        </Bytes></qos_Subscribed.C11.BoxedType>
                     <qos_Requested.C12.BoxedType><Bytes>95fdf84d97a5be89c2
                           <field name="Allocation/Retention Priority" value="149" type="Integer" length="1"/>
                           <field name="Traffic class" value="Reserved:7" type="EnumLong" lengthBit="3"/>
                           <field name="Delivery class" value="Reserved:3" type="EnumLong" lengthBit="2"/>
                           <field name="Delivery erroneous SDUs" value="Reserved:5" type="EnumLong" lengthBit="3"/>
                           <field name="Maximum SDU size" value="248" type="Integer" length="1"/>
                           <field name="Maximum bitrate uplink" value="77" type="Integer" length="1"/>
                           <field name="Maximum bitrate downlink" value="151" type="Integer" length="1"/>
                           <field name="SDU error ratio" value="Reserved:10" type="EnumLong" lengthBit="4"/>
                           <field name="Residual BER" value="1*10 power -3:5" type="EnumLong" lengthBit="4"/>
                           <field name="Transfer delay" value="47" type="Integer" lengthBit="6"/>
                           <field name="Traffic handling priority" value="Priority level 2:2" type="EnumLong" lengthBit="2"/>
                           <field name="Guaranteed bitrate uplink" value="137" type="Integer" length="1"/>
                           <field name="Guaranteed bitrate downlink" value="194" type="Integer" length="1"/>
                        </Bytes></qos_Requested.C12.BoxedType>
                     <qos_Negotiated.C13.BoxedType><Bytes>41a5c25643bca56320
                           <field name="Allocation/Retention Priority" value="65" type="Integer" length="1"/>
                           <field name="Traffic class" value="Reserved:5" type="EnumLong" lengthBit="3"/>
                           <field name="Delivery class" value="Subscribed delivery class / Reserved:0" type="EnumLong" lengthBit="2"/>
                           <field name="Delivery erroneous SDUs" value="Reserved:5" type="EnumLong" lengthBit="3"/>
                           <field name="Maximum SDU size" value="194" type="Integer" length="1"/>
                           <field name="Maximum bitrate uplink" value="86" type="Integer" length="1"/>
                           <field name="Maximum bitrate downlink" value="67" type="Integer" length="1"/>
                           <field name="SDU error ratio" value="Reserved:11" type="EnumLong" lengthBit="4"/>
                           <field name="Residual BER" value="Reserved:12" type="EnumLong" lengthBit="4"/>
                           <field name="Transfer delay" value="41" type="Integer" lengthBit="6"/>
                           <field name="Traffic handling priority" value="Priority level 1:1" type="EnumLong" lengthBit="2"/>
                           <field name="Guaranteed bitrate uplink" value="99" type="Integer" length="1"/>
                           <field name="Guaranteed bitrate downlink" value="32" type="Integer" length="1"/>
                        </Bytes></qos_Negotiated.C13.BoxedType>
                     <chargingId.C14.BoxedType><Bytes>79076d76
                           <field name="Charging ID" value="2030529910" type="Integer" length="4"/>
                        </Bytes></chargingId.C14.BoxedType>
                     <chargingCharacteristics.C15.BoxedType><Bytes>bc18
                           <field name="Reserved" value="11" type="Integer" lengthBit="4"/>
                           <field name="N flag" value="1" type="Integer" lengthBit="1"/>
                           <field name="P flag" value="1" type="Integer" lengthBit="1"/>
                           <field name="F flag" value="0" type="Integer" lengthBit="1"/>
                           <field name="H flag" value="0" type="Integer" lengthBit="1"/>
                           <field name="Charging Value" value="24" type="Integer" length="1"/>
                        </Bytes></chargingCharacteristics.C15.BoxedType>
                     <rnc_Address.C16.BoxedType><Bytes>69471c389a
                           <field name="Address type" value="IPV6:1" type="EnumLong" lengthBit="2"/>
                           <field name="AddressLength" value="41" type="Integer" lengthBit="6"/>
                           <field name="IPV4 address" value="71.28.56.154" type="IPV4Address" length="4"/>
                        </Bytes></rnc_Address.C16.BoxedType>
                     <extensionContainer.C17.Sequence>
                        <privateExtensionList.C0.BoxedType>
                           <Collection>
                              <PrivateExtension.Sequence>
                                 <extId><ObjectIdentifier>0.1.21.21</ObjectIdentifier></extId>
                                 <extType>c55f96680b2f6b05</extType>
                              </PrivateExtension.Sequence>
                              <PrivateExtension.Sequence>
                                 <extId><ObjectIdentifier>0.1.2115.47.28.7</ObjectIdentifier></extId>
                                 <extType>9145bcef</extType>
                              </PrivateExtension.Sequence>
                              <PrivateExtension.Sequence>
                                 <extId><ObjectIdentifier>0.1.2112.98</ObjectIdentifier></extId>
                                 <extType>b17dd6</extType>
                              </PrivateExtension.Sequence>
                           </Collection>
                        </privateExtensionList.C0.BoxedType>
                        <pcsExtensions.C1.Sequence></pcsExtensions.C1.Sequence>
                     </extensionContainer.C17.Sequence>
                     <qos2_Subscribed.C18.BoxedType><Bytes>2246d8241a
                           <field name="spare" value="1" type="Integer" lengthBit="3"/>
                           <field name="Signalling Indication" value="Not optimised for signalling traffic:0" type="EnumLong" lengthBit="1"/>
                           <field name="Source Statistics Descriptor" value="unknown:2" type="EnumLong" lengthBit="4"/>
                           <field name="Maximum bitrate downlink (extended)" value="70" type="Integer" length="1"/>
                           <field name="Guaranteed bitrate downlink (extended)" value="216" type="Integer" length="1"/>
                           <field name="Maximum bitrate uplink (extended)" value="36" type="Integer" length="1"/>
                           <field name="Guaranteed bitrate uplink (extended)" value="26" type="Integer" length="1"/>
                        </Bytes></qos2_Subscribed.C18.BoxedType>
                     <qos2_Requested.C19.BoxedType><Bytes>3b08b26db0
                           <field name="spare" value="1" type="Integer" lengthBit="3"/>
                           <field name="Signalling Indication" value="Optimised for signalling traffic:1" type="EnumLong" lengthBit="1"/>
                           <field name="Source Statistics Descriptor" value="unknown:11" type="EnumLong" lengthBit="4"/>
                           <field name="Maximum bitrate downlink (extended)" value="8" type="Integer" length="1"/>
                           <field name="Guaranteed bitrate downlink (extended)" value="178" type="Integer" length="1"/>
                           <field name="Maximum bitrate uplink (extended)" value="109" type="Integer" length="1"/>
                           <field name="Guaranteed bitrate uplink (extended)" value="176" type="Integer" length="1"/>
                        </Bytes></qos2_Requested.C19.BoxedType>
                     <qos2_Negotiated.C20.BoxedType><Bytes>5264217c08
                           <field name="spare" value="2" type="Integer" lengthBit="3"/>
                           <field name="Signalling Indication" value="Optimised for signalling traffic:1" type="EnumLong" lengthBit="1"/>
                           <field name="Source Statistics Descriptor" value="unknown:2" type="EnumLong" lengthBit="4"/>
                           <field name="Maximum bitrate downlink (extended)" value="100" type="Integer" length="1"/>
                           <field name="Guaranteed bitrate downlink (extended)" value="33" type="Integer" length="1"/>
                           <field name="Maximum bitrate uplink (extended)" value="124" type="Integer" length="1"/>
                           <field name="Guaranteed bitrate uplink (extended)" value="8" type="Integer" length="1"/>
                        </Bytes></qos2_Negotiated.C20.BoxedType>
                  </PDP_ContextInfo.Sequence>
               </Collection>
            </ps_PDP_ActiveNotReachableForPaging.C4.BoxedType>
            <ps_PDP_ActiveReachableForPaging.C5.BoxedType>
               <Collection>
                  <PDP_ContextInfo.Sequence>
                     <pdp_ContextIdentifier.C0.BoxedType><Integer>0</Integer></pdp_ContextIdentifier.C0.BoxedType>
                     <pdp_ContextActive.C1></pdp_ContextActive.C1>
                     <pdp_Type.C2.BoxedType><Bytes>e201
                           <field name="spare" value="14" type="Integer" lengthBit="4"/>
                           <field name="PDP type organisation" value="reserved:2" type="EnumLong" lengthBit="4"/>
                           <field name="PDP type number" value="PPP:1" type="EnumLong" length="1"/>
                        </Bytes></pdp_Type.C2.BoxedType>
                     <pdp_Address.C3.BoxedType><Bytes>8274d083
                           <field name="IPV4  address" value="130.116.208.131" type="IPV4Address" length="4"/>
                        </Bytes></pdp_Address.C3.BoxedType>
                     <apn_Subscribed.C4.BoxedType><Bytes>69
                           <field name="DNS string" value="i" type="String" length="1"/>
                        </Bytes></apn_Subscribed.C4.BoxedType>
                     <apn_InUse.C5.BoxedType><Bytes>4838656762
                           <field name="DNS string" value="H8egb" type="String" length="5"/>
                        </Bytes></apn_InUse.C5.BoxedType>
                     <nsapi.C6.BoxedType><Integer>0</Integer></nsapi.C6.BoxedType>
                     <transactionId.C7.BoxedType><Bytes>220d
                           <field name="TI flag" value="The message is sent from the side that originates the TI:0" type="EnumLong" lengthBit="1"/>
                           <field name="TIO" value="2" type="Integer" lengthBit="3"/>
                           <field name="NA" value="2" type="Integer" lengthBit="4"/>
                           <field name="Ext" value="0" type="Integer" lengthBit="1"/>
                           <field name="TIE" value="13" type="Integer" lengthBit="7"/>
                        </Bytes></transactionId.C7.BoxedType>
                     <teid_ForGnAndGp.C8.BoxedType><Bytes>74975dbf
                           <field name="TEID" value="1956076991" type="Integer" length="4"/>
                        </Bytes></teid_ForGnAndGp.C8.BoxedType>
                     <teid_ForIu.C9.BoxedType><Bytes>698b3e21
                           <field name="TEID" value="1770733089" type="Integer" length="4"/>
                        </Bytes></teid_ForIu.C9.BoxedType>
                     <ggsn_Address.C10.BoxedType><Bytes>986a234e1d
                           <field name="Address type" value="2" type="EnumLong" lengthBit="2"/>
                           <field name="AddressLength" value="24" type="Integer" lengthBit="6"/>
                           <field name="IPV4 address" value="106.35.78.29" type="IPV4Address" length="4"/>
                        </Bytes></ggsn_Address.C10.BoxedType>
                     <qos_Subscribed.C11.BoxedType><Bytes>138ebf61be8d9a8c5b
                           <field name="Allocation/Retention Priority" value="19" type="Integer" length="1"/>
                           <field name="Traffic class" value="Background class:4" type="EnumLong" lengthBit="3"/>
                           <field name="Delivery class" value="With delivery order (&apos;yes&apos;):1" type="EnumLong" lengthBit="2"/>
                           <field name="Delivery erroneous SDUs" value="Reserved:6" type="EnumLong" lengthBit="3"/>
                           <field name="Maximum SDU size" value="191" type="Integer" length="1"/>
                           <field name="Maximum bitrate uplink" value="97" type="Integer" length="1"/>
                           <field name="Maximum bitrate downlink" value="190" type="Integer" length="1"/>
                           <field name="SDU error ratio" value="Reserved:8" type="EnumLong" lengthBit="4"/>
                           <field name="Residual BER" value="Reserved:13" type="EnumLong" lengthBit="4"/>
                           <field name="Transfer delay" value="38" type="Integer" lengthBit="6"/>
                           <field name="Traffic handling priority" value="Priority level 2:2" type="EnumLong" lengthBit="2"/>
                           <field name="Guaranteed bitrate uplink" value="140" type="Integer" length="1"/>
                           <field name="Guaranteed bitrate downlink" value="91" type="Integer" length="1"/>
                        </Bytes></qos_Subscribed.C11.BoxedType>
                     <qos_Requested.C12.BoxedType><Bytes>9bfc5889b3cbc5588b
                           <field name="Allocation/Retention Priority" value="155" type="Integer" length="1"/>
                           <field name="Traffic class" value="Reserved:7" type="EnumLong" lengthBit="3"/>
                           <field name="Delivery class" value="Reserved:3" type="EnumLong" lengthBit="2"/>
                           <field name="Delivery erroneous SDUs" value="Reserved:4" type="EnumLong" lengthBit="3"/>
                           <field name="Maximum SDU size" value="88" type="Integer" length="1"/>
                           <field name="Maximum bitrate uplink" value="137" type="Integer" length="1"/>
                           <field name="Maximum bitrate downlink" value="179" type="Integer" length="1"/>
                           <field name="SDU error ratio" value="Reserved:12" type="EnumLong" lengthBit="4"/>
                           <field name="Residual BER" value="Reserved:11" type="EnumLong" lengthBit="4"/>
                           <field name="Transfer delay" value="49" type="Integer" lengthBit="6"/>
                           <field name="Traffic handling priority" value="Priority level 1:1" type="EnumLong" lengthBit="2"/>
                           <field name="Guaranteed bitrate uplink" value="88" type="Integer" length="1"/>
                           <field name="Guaranteed bitrate downlink" value="139" type="Integer" length="1"/>
                        </Bytes></qos_Requested.C12.BoxedType>
                     <qos_Negotiated.C13.BoxedType><Bytes>816de15f411a2fa365
                           <field name="Allocation/Retention Priority" value="129" type="Integer" length="1"/>
                           <field name="Traffic class" value="Interactive class:3" type="EnumLong" lengthBit="3"/>
                           <field name="Delivery class" value="With delivery order (&apos;yes&apos;):1" type="EnumLong" lengthBit="2"/>
                           <field name="Delivery erroneous SDUs" value="Reserved:5" type="EnumLong" lengthBit="3"/>
                           <field name="Maximum SDU size" value="225" type="Integer" length="1"/>
                           <field name="Maximum bitrate uplink" value="95" type="Integer" length="1"/>
                           <field name="Maximum bitrate downlink" value="65" type="Integer" length="1"/>
                           <field name="SDU error ratio" value="1*10 power -2:1" type="EnumLong" lengthBit="4"/>
                           <field name="Residual BER" value="Reserved:10" type="EnumLong" lengthBit="4"/>
                           <field name="Transfer delay" value="11" type="Integer" lengthBit="6"/>
                           <field name="Traffic handling priority" value="Priority level 3:3" type="EnumLong" lengthBit="2"/>
                           <field name="Guaranteed bitrate uplink" value="163" type="Integer" length="1"/>
                           <field name="Guaranteed bitrate downlink" value="101" type="Integer" length="1"/>
                        </Bytes></qos_Negotiated.C13.BoxedType>
                     <chargingId.C14.BoxedType><Bytes>6a6e3abc
                           <field name="Charging ID" value="1785608892" type="Integer" length="4"/>
                        </Bytes></chargingId.C14.BoxedType>
                     <chargingCharacteristics.C15.BoxedType><Bytes>49f4
                           <field name="Reserved" value="4" type="Integer" lengthBit="4"/>
                           <field name="N flag" value="1" type="Integer" lengthBit="1"/>
                           <field name="P flag" value="0" type="Integer" lengthBit="1"/>
                           <field name="F flag" value="0" type="Integer" lengthBit="1"/>
                           <field name="H flag" value="1" type="Integer" lengthBit="1"/>
                           <field name="Charging Value" value="244" type="Integer" length="1"/>
                        </Bytes></chargingCharacteristics.C15.BoxedType>
                     <rnc_Address.C16.BoxedType><Bytes>17aedcb907
                           <field name="Address type" value="IPV4:0" type="EnumLong" lengthBit="2"/>
                           <field name="AddressLength" value="23" type="Integer" lengthBit="6"/>
                           <field name="IPV4 address" value="174.220.185.7" type="IPV4Address" length="4"/>
                        </Bytes></rnc_Address.C16.BoxedType>
                     <extensionContainer.C17.Sequence>
                        <privateExtensionList.C0.BoxedType>
                           <Collection>
                              <PrivateExtension.Sequence>
                                 <extId><ObjectIdentifier>0.1.288.119.21.49.109.82.82.101</ObjectIdentifier></extId>
                                 <extType>43cad0d8ff1478</extType>
                              </PrivateExtension.Sequence>
                              <PrivateExtension.Sequence>
                                 <extId><ObjectIdentifier>0.1.274.61.83.118</ObjectIdentifier></extId>
                                 <extType>512bff01e6</extType>
                              </PrivateExtension.Sequence>
                              <PrivateExtension.Sequence>
                                 <extId><ObjectIdentifier>0.1.295.110</ObjectIdentifier></extId>
                                 <extType>7afe261426</extType>
                              </PrivateExtension.Sequence>
                           </Collection>
                        </privateExtensionList.C0.BoxedType>
                        <pcsExtensions.C1.Sequence></pcsExtensions.C1.Sequence>
                     </extensionContainer.C17.Sequence>
                     <qos2_Subscribed.C18.BoxedType><Bytes>34534d9881
                           <field name="spare" value="1" type="Integer" lengthBit="3"/>
                           <field name="Signalling Indication" value="Optimised for signalling traffic:1" type="EnumLong" lengthBit="1"/>
                           <field name="Source Statistics Descriptor" value="unknown:4" type="EnumLong" lengthBit="4"/>
                           <field name="Maximum bitrate downlink (extended)" value="83" type="Integer" length="1"/>
                           <field name="Guaranteed bitrate downlink (extended)" value="77" type="Integer" length="1"/>
                           <field name="Maximum bitrate uplink (extended)" value="152" type="Integer" length="1"/>
                           <field name="Guaranteed bitrate uplink (extended)" value="129" type="Integer" length="1"/>
                        </Bytes></qos2_Subscribed.C18.BoxedType>
                     <qos2_Requested.C19.BoxedType><Bytes>2505dbb80c
                           <field name="spare" value="1" type="Integer" lengthBit="3"/>
                           <field name="Signalling Indication" value="Not optimised for signalling traffic:0" type="EnumLong" lengthBit="1"/>
                           <field name="Source Statistics Descriptor" value="unknown:5" type="EnumLong" lengthBit="4"/>
                           <field name="Maximum bitrate downlink (extended)" value="5" type="Integer" length="1"/>
                           <field name="Guaranteed bitrate downlink (extended)" value="219" type="Integer" length="1"/>
                           <field name="Maximum bitrate uplink (extended)" value="184" type="Integer" length="1"/>
                           <field name="Guaranteed bitrate uplink (extended)" value="12" type="Integer" length="1"/>
                        </Bytes></qos2_Requested.C19.BoxedType>
                     <qos2_Negotiated.C20.BoxedType><Bytes>186e434e3d
                           <field name="spare" value="0" type="Integer" lengthBit="3"/>
                           <field name="Signalling Indication" value="Optimised for signalling traffic:1" type="EnumLong" lengthBit="1"/>
                           <field name="Source Statistics Descriptor" value="unknown:8" type="EnumLong" lengthBit="4"/>
                           <field name="Maximum bitrate downlink (extended)" value="110" type="Integer" length="1"/>
                           <field name="Guaranteed bitrate downlink (extended)" value="67" type="Integer" length="1"/>
                           <field name="Maximum bitrate uplink (extended)" value="78" type="Integer" length="1"/>
                           <field name="Guaranteed bitrate uplink (extended)" value="61" type="Integer" length="1"/>
                        </Bytes></qos2_Negotiated.C20.BoxedType>
                  </PDP_ContextInfo.Sequence>
                  <PDP_ContextInfo.Sequence>
                     <pdp_ContextIdentifier.C0.BoxedType><Integer>1</Integer></pdp_ContextIdentifier.C0.BoxedType>
                     <pdp_ContextActive.C1></pdp_ContextActive.C1>
                     <pdp_Type.C2.BoxedType><Bytes>ac21
                           <field name="spare" value="10" type="Integer" lengthBit="4"/>
                           <field name="PDP type organisation" value="reserved:12" type="EnumLong" lengthBit="4"/>
                           <field name="PDP type number" value="IPV4:33" type="EnumLong" length="1"/>
                        </Bytes></pdp_Type.C2.BoxedType>
                     <pdp_Address.C3.BoxedType><Bytes>511d7d89
                           <field name="IPV4  address" value="81.29.125.137" type="IPV4Address" length="4"/>
                        </Bytes></pdp_Address.C3.BoxedType>
                     <apn_Subscribed.C4.BoxedType><Bytes>5639487269
                           <field name="DNS string" value="V9Hri" type="String" length="5"/>
                        </Bytes></apn_Subscribed.C4.BoxedType>
                     <apn_InUse.C5.BoxedType><Bytes>5365
                           <field name="DNS string" value="Se" type="String" length="2"/>
                        </Bytes></apn_InUse.C5.BoxedType>
                     <nsapi.C6.BoxedType><Integer>0</Integer></nsapi.C6.BoxedType>
                     <transactionId.C7.BoxedType><Bytes>26b9
                           <field name="TI flag" value="The message is sent from the side that originates the TI:0" type="EnumLong" lengthBit="1"/>
                           <field name="TIO" value="2" type="Integer" lengthBit="3"/>
                           <field name="NA" value="6" type="Integer" lengthBit="4"/>
                           <field name="Ext" value="1" type="Integer" lengthBit="1"/>
                           <field name="TIE" value="57" type="Integer" lengthBit="7"/>
                        </Bytes></transactionId.C7.BoxedType>
                     <teid_ForGnAndGp.C8.BoxedType><Bytes>fdba8191
                           <field name="TEID" value="4256858513" type="Integer" length="4"/>
                        </Bytes></teid_ForGnAndGp.C8.BoxedType>
                     <teid_ForIu.C9.BoxedType><Bytes>863e9345
                           <field name="TEID" value="2252247877" type="Integer" length="4"/>
                        </Bytes></teid_ForIu.C9.BoxedType>
                     <ggsn_Address.C10.BoxedType><Bytes>7948942aed
                           <field name="Address type" value="IPV6:1" type="EnumLong" lengthBit="2"/>
                           <field name="AddressLength" value="57" type="Integer" lengthBit="6"/>
                           <field name="IPV4 address" value="72.148.42.237" type="IPV4Address" length="4"/>
                        </Bytes></ggsn_Address.C10.BoxedType>
                     <qos_Subscribed.C11.BoxedType><Bytes>736c1c83048cf49b8d
                           <field name="Allocation/Retention Priority" value="115" type="Integer" length="1"/>
                           <field name="Traffic class" value="Interactive class:3" type="EnumLong" lengthBit="3"/>
                           <field name="Delivery class" value="With delivery order (&apos;yes&apos;):1" type="EnumLong" lengthBit="2"/>
                           <field name="Delivery erroneous SDUs" value="Reserved:4" type="EnumLong" lengthBit="3"/>
                           <field name="Maximum SDU size" value="28" type="Integer" length="1"/>
                           <field name="Maximum bitrate uplink" value="131" type="Integer" length="1"/>
                           <field name="Maximum bitrate downlink" value="4" type="Integer" length="1"/>
                           <field name="SDU error ratio" value="Reserved:8" type="EnumLong" lengthBit="4"/>
                           <field name="Residual BER" value="Reserved:12" type="EnumLong" lengthBit="4"/>
                           <field name="Transfer delay" value="61" type="Integer" lengthBit="6"/>
                           <field name="Traffic handling priority" value="Subscribed traffic handling priority / Reserved:0" type="EnumLong" lengthBit="2"/>
                           <field name="Guaranteed bitrate uplink" value="155" type="Integer" length="1"/>
                           <field name="Guaranteed bitrate downlink" value="141" type="Integer" length="1"/>
                        </Bytes></qos_Subscribed.C11.BoxedType>
                     <qos_Requested.C12.BoxedType><Bytes>d0ce367b375d4dfc94
                           <field name="Allocation/Retention Priority" value="208" type="Integer" length="1"/>
                           <field name="Traffic class" value="Reserved:6" type="EnumLong" lengthBit="3"/>
                           <field name="Delivery class" value="With delivery order (&apos;yes&apos;):1" type="EnumLong" lengthBit="2"/>
                           <field name="Delivery erroneous SDUs" value="Reserved:6" type="EnumLong" lengthBit="3"/>
                           <field name="Maximum SDU size" value="54" type="Integer" length="1"/>
                           <field name="Maximum bitrate uplink" value="123" type="Integer" length="1"/>
                           <field name="Maximum bitrate downlink" value="55" type="Integer" length="1"/>
                           <field name="SDU error ratio" value="1*10 power -5:5" type="EnumLong" lengthBit="4"/>
                           <field name="Residual BER" value="Reserved:13" type="EnumLong" lengthBit="4"/>
                           <field name="Transfer delay" value="19" type="Integer" lengthBit="6"/>
                           <field name="Traffic handling priority" value="Priority level 1:1" type="EnumLong" lengthBit="2"/>
                           <field name="Guaranteed bitrate uplink" value="252" type="Integer" length="1"/>
                           <field name="Guaranteed bitrate downlink" value="148" type="Integer" length="1"/>
                        </Bytes></qos_Requested.C12.BoxedType>
                     <qos_Negotiated.C13.BoxedType><Bytes>1ad7f9c2d705649a90
                           <field name="Allocation/Retention Priority" value="26" type="Integer" length="1"/>
                           <field name="Traffic class" value="Reserved:6" type="EnumLong" lengthBit="3"/>
                           <field name="Delivery class" value="Without delivery order (&apos;no&apos;):2" type="EnumLong" lengthBit="2"/>
                           <field name="Delivery erroneous SDUs" value="Reserved:7" type="EnumLong" lengthBit="3"/>
                           <field name="Maximum SDU size" value="249" type="Integer" length="1"/>
                           <field name="Maximum bitrate uplink" value="194" type="Integer" length="1"/>
                           <field name="Maximum bitrate downlink" value="215" type="Integer" length="1"/>
                           <field name="SDU error ratio" value="Subscribed SDU error ratio / Reserved:0" type="EnumLong" lengthBit="4"/>
                           <field name="Residual BER" value="1*10 power -3:5" type="EnumLong" lengthBit="4"/>
                           <field name="Transfer delay" value="25" type="Integer" lengthBit="6"/>
                           <field name="Traffic handling priority" value="Subscribed traffic handling priority / Reserved:0" type="EnumLong" lengthBit="2"/>
                           <field name="Guaranteed bitrate uplink" value="154" type="Integer" length="1"/>
                           <field name="Guaranteed bitrate downlink" value="144" type="Integer" length="1"/>
                        </Bytes></qos_Negotiated.C13.BoxedType>
                     <chargingId.C14.BoxedType><Bytes>167439a1
                           <field name="Charging ID" value="376715681" type="Integer" length="4"/>
                        </Bytes></chargingId.C14.BoxedType>
                     <chargingCharacteristics.C15.BoxedType><Bytes>5469
                           <field name="Reserved" value="5" type="Integer" lengthBit="4"/>
                           <field name="N flag" value="0" type="Integer" lengthBit="1"/>
                           <field name="P flag" value="1" type="Integer" lengthBit="1"/>
                           <field name="F flag" value="0" type="Integer" lengthBit="1"/>
                           <field name="H flag" value="0" type="Integer" lengthBit="1"/>
                           <field name="Charging Value" value="105" type="Integer" length="1"/>
                        </Bytes></chargingCharacteristics.C15.BoxedType>
                     <rnc_Address.C16.BoxedType><Bytes>c725d5d1a7
                           <field name="Address type" value="3" type="EnumLong" lengthBit="2"/>
                           <field name="AddressLength" value="7" type="Integer" lengthBit="6"/>
                           <field name="IPV4 address" value="37.213.209.167" type="IPV4Address" length="4"/>
                        </Bytes></rnc_Address.C16.BoxedType>
                     <extensionContainer.C17.Sequence>
                        <privateExtensionList.C0.BoxedType>
                           <Collection>
                              <PrivateExtension.Sequence>
                                 <extId><ObjectIdentifier>0.1.271.120.26.54.49.82.98</ObjectIdentifier></extId>
                                 <extType>fa15</extType>
                              </PrivateExtension.Sequence>
                              <PrivateExtension.Sequence>
                                 <extId><ObjectIdentifier>0.1.2112.76.91</ObjectIdentifier></extId>
                                 <extType>d7</extType>
                              </PrivateExtension.Sequence>
                              <PrivateExtension.Sequence>
                                 <extId><ObjectIdentifier>0.1.267.9.104.118.50.98.3.72.57</ObjectIdentifier></extId>
                                 <extType>d7b4f8a981da1a9d</extType>
                              </PrivateExtension.Sequence>
                           </Collection>
                        </privateExtensionList.C0.BoxedType>
                        <pcsExtensions.C1.Sequence></pcsExtensions.C1.Sequence>
                     </extensionContainer.C17.Sequence>
                     <qos2_Subscribed.C18.BoxedType><Bytes>c4a05c5745
                           <field name="spare" value="6" type="Integer" lengthBit="3"/>
                           <field name="Signalling Indication" value="Not optimised for signalling traffic:0" type="EnumLong" lengthBit="1"/>
                           <field name="Source Statistics Descriptor" value="unknown:4" type="EnumLong" lengthBit="4"/>
                           <field name="Maximum bitrate downlink (extended)" value="160" type="Integer" length="1"/>
                           <field name="Guaranteed bitrate downlink (extended)" value="92" type="Integer" length="1"/>
                           <field name="Maximum bitrate uplink (extended)" value="87" type="Integer" length="1"/>
                           <field name="Guaranteed bitrate uplink (extended)" value="69" type="Integer" length="1"/>
                        </Bytes></qos2_Subscribed.C18.BoxedType>
                     <qos2_Requested.C19.BoxedType><Bytes>411bc81b04
                           <field name="spare" value="2" type="Integer" lengthBit="3"/>
                           <field name="Signalling Indication" value="Not optimised for signalling traffic:0" type="EnumLong" lengthBit="1"/>
                           <field name="Source Statistics Descriptor" value="speech:1" type="EnumLong" lengthBit="4"/>
                           <field name="Maximum bitrate downlink (extended)" value="27" type="Integer" length="1"/>
                           <field name="Guaranteed bitrate downlink (extended)" value="200" type="Integer" length="1"/>
                           <field name="Maximum bitrate uplink (extended)" value="27" type="Integer" length="1"/>
                           <field name="Guaranteed bitrate uplink (extended)" value="4" type="Integer" length="1"/>
                        </Bytes></qos2_Requested.C19.BoxedType>
                     <qos2_Negotiated.C20.BoxedType><Bytes>b24ab56f7d
                           <field name="spare" value="5" type="Integer" lengthBit="3"/>
                           <field name="Signalling Indication" value="Optimised for signalling traffic:1" type="EnumLong" lengthBit="1"/>
                           <field name="Source Statistics Descriptor" value="unknown:2" type="EnumLong" lengthBit="4"/>
                           <field name="Maximum bitrate downlink (extended)" value="74" type="Integer" length="1"/>
                           <field name="Guaranteed bitrate downlink (extended)" value="181" type="Integer" length="1"/>
                           <field name="Maximum bitrate uplink (extended)" value="111" type="Integer" length="1"/>
                           <field name="Guaranteed bitrate uplink (extended)" value="125" type="Integer" length="1"/>
                        </Bytes></qos2_Negotiated.C20.BoxedType>
                  </PDP_ContextInfo.Sequence>
                  <PDP_ContextInfo.Sequence>
                     <pdp_ContextIdentifier.C0.BoxedType><Integer>1</Integer></pdp_ContextIdentifier.C0.BoxedType>
                     <pdp_ContextActive.C1></pdp_ContextActive.C1>
                     <pdp_Type.C2.BoxedType><Bytes>1a82
                           <field name="spare" value="1" type="Integer" lengthBit="4"/>
                           <field name="PDP type organisation" value="reserved:10" type="EnumLong" lengthBit="4"/>
                           <field name="PDP type number" value="130" type="EnumLong" length="1"/>
                        </Bytes></pdp_Type.C2.BoxedType>
                     <pdp_Address.C3.BoxedType><Bytes>b1b0da57
                           <field name="IPV4  address" value="177.176.218.87" type="IPV4Address" length="4"/>
                        </Bytes></pdp_Address.C3.BoxedType>
                     <apn_Subscribed.C4.BoxedType><Bytes>715747
                           <field name="DNS string" value="qWG" type="String" length="3"/>
                        </Bytes></apn_Subscribed.C4.BoxedType>
                     <apn_InUse.C5.BoxedType><Bytes>3132
                           <field name="DNS string" value="12" type="String" length="2"/>
                        </Bytes></apn_InUse.C5.BoxedType>
                     <nsapi.C6.BoxedType><Integer>1</Integer></nsapi.C6.BoxedType>
                     <transactionId.C7.BoxedType><Bytes>4aa4
                           <field name="TI flag" value="The message is sent from the side that originates the TI:0" type="EnumLong" lengthBit="1"/>
                           <field name="TIO" value="4" type="Integer" lengthBit="3"/>
                           <field name="NA" value="10" type="Integer" lengthBit="4"/>
                           <field name="Ext" value="1" type="Integer" lengthBit="1"/>
                           <field name="TIE" value="36" type="Integer" lengthBit="7"/>
                        </Bytes></transactionId.C7.BoxedType>
                     <teid_ForGnAndGp.C8.BoxedType><Bytes>dc9ab4f1
                           <field name="TEID" value="3701126385" type="Integer" length="4"/>
                        </Bytes></teid_ForGnAndGp.C8.BoxedType>
                     <teid_ForIu.C9.BoxedType><Bytes>6eccbd29
                           <field name="TEID" value="1858911529" type="Integer" length="4"/>
                        </Bytes></teid_ForIu.C9.BoxedType>
                     <ggsn_Address.C10.BoxedType><Bytes>aa067ebbf2
                           <field name="Address type" value="2" type="EnumLong" lengthBit="2"/>
                           <field name="AddressLength" value="42" type="Integer" lengthBit="6"/>
                           <field name="IPV4 address" value="6.126.187.242" type="IPV4Address" length="4"/>
                        </Bytes></ggsn_Address.C10.BoxedType>
                     <qos_Subscribed.C11.BoxedType><Bytes>67947de57597c13eb6
                           <field name="Allocation/Retention Priority" value="103" type="Integer" length="1"/>
                           <field name="Traffic class" value="Background class:4" type="EnumLong" lengthBit="3"/>
                           <field name="Delivery class" value="Without delivery order (&apos;no&apos;):2" type="EnumLong" lengthBit="2"/>
                           <field name="Delivery erroneous SDUs" value="Reserved:4" type="EnumLong" lengthBit="3"/>
                           <field name="Maximum SDU size" value="125" type="Integer" length="1"/>
                           <field name="Maximum bitrate uplink" value="229" type="Integer" length="1"/>
                           <field name="Maximum bitrate downlink" value="117" type="Integer" length="1"/>
                           <field name="SDU error ratio" value="Reserved:9" type="EnumLong" lengthBit="4"/>
                           <field name="Residual BER" value="1*10 power -5:7" type="EnumLong" lengthBit="4"/>
                           <field name="Transfer delay" value="48" type="Integer" lengthBit="6"/>
                           <field name="Traffic handling priority" value="Priority level 1:1" type="EnumLong" lengthBit="2"/>
                           <field name="Guaranteed bitrate uplink" value="62" type="Integer" length="1"/>
                           <field name="Guaranteed bitrate downlink" value="182" type="Integer" length="1"/>
                        </Bytes></qos_Subscribed.C11.BoxedType>
                     <qos_Requested.C12.BoxedType><Bytes>c7c296a69e5b4b8ab1
                           <field name="Allocation/Retention Priority" value="199" type="Integer" length="1"/>
                           <field name="Traffic class" value="Reserved:6" type="EnumLong" lengthBit="3"/>
                           <field name="Delivery class" value="Subscribed delivery class / Reserved:0" type="EnumLong" lengthBit="2"/>
                           <field name="Delivery erroneous SDUs" value="Erroneous SDUs are delivered (&apos;yes&apos;):2" type="EnumLong" lengthBit="3"/>
                           <field name="Maximum SDU size" value="150" type="Integer" length="1"/>
                           <field name="Maximum bitrate uplink" value="166" type="Integer" length="1"/>
                           <field name="Maximum bitrate downlink" value="158" type="Integer" length="1"/>
                           <field name="SDU error ratio" value="1*10 power -5:5" type="EnumLong" lengthBit="4"/>
                           <field name="Residual BER" value="Reserved:11" type="EnumLong" lengthBit="4"/>
                           <field name="Transfer delay" value="18" type="Integer" lengthBit="6"/>
                           <field name="Traffic handling priority" value="Priority level 3:3" type="EnumLong" lengthBit="2"/>
                           <field name="Guaranteed bitrate uplink" value="138" type="Integer" length="1"/>
                           <field name="Guaranteed bitrate downlink" value="177" type="Integer" length="1"/>
                        </Bytes></qos_Requested.C12.BoxedType>
                     <qos_Negotiated.C13.BoxedType><Bytes>bc9cd102f36ef60ebd
                           <field name="Allocation/Retention Priority" value="188" type="Integer" length="1"/>
                           <field name="Traffic class" value="Background class:4" type="EnumLong" lengthBit="3"/>
                           <field name="Delivery class" value="Reserved:3" type="EnumLong" lengthBit="2"/>
                           <field name="Delivery erroneous SDUs" value="Reserved:4" type="EnumLong" lengthBit="3"/>
                           <field name="Maximum SDU size" value="209" type="Integer" length="1"/>
                           <field name="Maximum bitrate uplink" value="2" type="Integer" length="1"/>
                           <field name="Maximum bitrate downlink" value="243" type="Integer" length="1"/>
                           <field name="SDU error ratio" value="1*10 power -6:6" type="EnumLong" lengthBit="4"/>
                           <field name="Residual BER" value="Reserved:14" type="EnumLong" lengthBit="4"/>
                           <field name="Transfer delay" value="61" type="Integer" lengthBit="6"/>
                           <field name="Traffic handling priority" value="Priority level 2:2" type="EnumLong" lengthBit="2"/>
                           <field name="Guaranteed bitrate uplink" value="14" type="Integer" length="1"/>
                           <field name="Guaranteed bitrate downlink" value="189" type="Integer" length="1"/>
                        </Bytes></qos_Negotiated.C13.BoxedType>
                     <chargingId.C14.BoxedType><Bytes>02570f08
                           <field name="Charging ID" value="39259912" type="Integer" length="4"/>
                        </Bytes></chargingId.C14.BoxedType>
                     <chargingCharacteristics.C15.BoxedType><Bytes>1709
                           <field name="Reserved" value="1" type="Integer" lengthBit="4"/>
                           <field name="N flag" value="0" type="Integer" lengthBit="1"/>
                           <field name="P flag" value="1" type="Integer" lengthBit="1"/>
                           <field name="F flag" value="1" type="Integer" lengthBit="1"/>
                           <field name="H flag" value="1" type="Integer" lengthBit="1"/>
                           <field name="Charging Value" value="9" type="Integer" length="1"/>
                        </Bytes></chargingCharacteristics.C15.BoxedType>
                     <rnc_Address.C16.BoxedType><Bytes>9e28e44642
                           <field name="Address type" value="2" type="EnumLong" lengthBit="2"/>
                           <field name="AddressLength" value="30" type="Integer" lengthBit="6"/>
                           <field name="IPV4 address" value="40.228.70.66" type="IPV4Address" length="4"/>
                        </Bytes></rnc_Address.C16.BoxedType>
                     <extensionContainer.C17.Sequence>
                        <privateExtensionList.C0.BoxedType>
                           <Collection>
                              <PrivateExtension.Sequence>
                                 <extId><ObjectIdentifier>0.1.2108.20.58.116.23</ObjectIdentifier></extId>
                                 <extType>4913396b286dcc026e</extType>
                              </PrivateExtension.Sequence>
                              <PrivateExtension.Sequence>
                                 <extId><ObjectIdentifier>0.1.260</ObjectIdentifier></extId>
                                 <extType>c3fa766fc558</extType>
                              </PrivateExtension.Sequence>
                              <PrivateExtension.Sequence>
                                 <extId><ObjectIdentifier>0.1.247.52.127.87</ObjectIdentifier></extId>
                                 <extType>26eacb1a</extType>
                              </PrivateExtension.Sequence>
                           </Collection>
                        </privateExtensionList.C0.BoxedType>
                        <pcsExtensions.C1.Sequence></pcsExtensions.C1.Sequence>
                     </extensionContainer.C17.Sequence>
                     <qos2_Subscribed.C18.BoxedType><Bytes>18fb6972d7
                           <field name="spare" value="0" type="Integer" lengthBit="3"/>
                           <field name="Signalling Indication" value="Optimised for signalling traffic:1" type="EnumLong" lengthBit="1"/>
                           <field name="Source Statistics Descriptor" value="unknown:8" type="EnumLong" lengthBit="4"/>
                           <field name="Maximum bitrate downlink (extended)" value="251" type="Integer" length="1"/>
                           <field name="Guaranteed bitrate downlink (extended)" value="105" type="Integer" length="1"/>
                           <field name="Maximum bitrate uplink (extended)" value="114" type="Integer" length="1"/>
                           <field name="Guaranteed bitrate uplink (extended)" value="215" type="Integer" length="1"/>
                        </Bytes></qos2_Subscribed.C18.BoxedType>
                     <qos2_Requested.C19.BoxedType><Bytes>c2e5165707
                           <field name="spare" value="6" type="Integer" lengthBit="3"/>
                           <field name="Signalling Indication" value="Not optimised for signalling traffic:0" type="EnumLong" lengthBit="1"/>
                           <field name="Source Statistics Descriptor" value="unknown:2" type="EnumLong" lengthBit="4"/>
                           <field name="Maximum bitrate downlink (extended)" value="229" type="Integer" length="1"/>
                           <field name="Guaranteed bitrate downlink (extended)" value="22" type="Integer" length="1"/>
                           <field name="Maximum bitrate uplink (extended)" value="87" type="Integer" length="1"/>
                           <field name="Guaranteed bitrate uplink (extended)" value="7" type="Integer" length="1"/>
                        </Bytes></qos2_Requested.C19.BoxedType>
                     <qos2_Negotiated.C20.BoxedType><Bytes>321df4328c
                           <field name="spare" value="1" type="Integer" lengthBit="3"/>
                           <field name="Signalling Indication" value="Optimised for signalling traffic:1" type="EnumLong" lengthBit="1"/>
                           <field name="Source Statistics Descriptor" value="unknown:2" type="EnumLong" lengthBit="4"/>
                           <field name="Maximum bitrate downlink (extended)" value="29" type="Integer" length="1"/>
                           <field name="Guaranteed bitrate downlink (extended)" value="244" type="Integer" length="1"/>
                           <field name="Maximum bitrate uplink (extended)" value="50" type="Integer" length="1"/>
                           <field name="Guaranteed bitrate uplink (extended)" value="140" type="Integer" length="1"/>
                        </Bytes></qos2_Negotiated.C20.BoxedType>
                  </PDP_ContextInfo.Sequence>
               </Collection>
            </ps_PDP_ActiveReachableForPaging.C5.BoxedType>
            <netDetNotReachable.Enum>
               <EnumType>msPurged.0</EnumType>
            </netDetNotReachable.Enum>
         </ps_SubscriberState.C4.Choice>
         <imei.C5.BoxedType><TBCD_STRING.BoxedType><Bytes>2161535005
                  <field name="digits" value="1216350550" type="Number_BCD" length="10"/>
               </Bytes></TBCD_STRING.BoxedType></imei.C5.BoxedType>
         <ms_Classmark2.C6.BoxedType><Bytes>d3ab83
               <field name="spare1" value="1" type="Integer" lengthBit="1"/>
               <field name="Revision level" value="Used by mobile stations supporting R99 or later versions of the protocol:2" type="EnumLong" lengthBit="2"/>
               <field name="ES IND" value="ES IND option is implemented in the MS (if A/Gb mode supported):1" type="EnumLong" lengthBit="1"/>
               <field name="A5/1 algorithm supported " value="available:0" type="EnumLong" lengthBit="1"/>
               <field name="RF Power Capability" value="class 3 (GSM):3" type="EnumLong" lengthBit="3"/>
               <field name="spare2" value="1" type="Integer" lengthBit="1"/>
               <field name="PS capability" value="not present:0" type="EnumLong" lengthBit="1"/>
               <field name="SS Screening Indicator" value="for future use :2" type="EnumLong" lengthBit="2"/>
               <field name="SM capability" value="supports:1" type="EnumLong" lengthBit="1"/>
               <field name="VBS notification reception" value="no notification wanted:0" type="EnumLong" lengthBit="1"/>
               <field name="VGCS notification reception" value="notification wanted (if A/Gb mode supported):1" type="EnumLong" lengthBit="1"/>
               <field name="FC Frequency Capability" value="support the E-GSM or R-GSM band (GSM900 only):1" type="EnumLong" lengthBit="1"/>
               <field name="CM3" value="supports:1" type="EnumLong" lengthBit="1"/>
               <field name="spare3" value="0" type="Integer" lengthBit="1"/>
               <field name="LCS VA capability" value="request notification not supported:0" type="EnumLong" lengthBit="1"/>
               <field name="UCS2 treatment" value="a preference for the default alphabet:0" type="EnumLong" lengthBit="1"/>
               <field name="SoLSA" value="does not support:0" type="EnumLong" lengthBit="1"/>
               <field name="CM Service Prompt (CMSP)" value="not supported:0" type="EnumLong" lengthBit="1"/>
               <field name="A5/3 algorithm supported" value="available (if A/Gb mode supported):1" type="EnumLong" lengthBit="1"/>
               <field name="A5/2 algorithm supported" value="Not used:1" type="EnumLong" lengthBit="1"/>
            </Bytes></ms_Classmark2.C6.BoxedType>
         <gprs_MS_Class.C7.Sequence>
            <mSNetworkCapability.C0.BoxedType><Bytes>d881a49be3ed
                  <field name="value" value="d881a49be3ed" type="Binary" length="6"/>
               </Bytes></mSNetworkCapability.C0.BoxedType>
            <mSRadioAccessCapability.C1.BoxedType><Bytes>695f87fe
                  <field name="value" value="695f87fe" type="Binary" length="4"/>
               </Bytes></mSRadioAccessCapability.C1.BoxedType>
         </gprs_MS_Class.C7.Sequence>
         <mnpInfoRes.C8.Sequence>
            <routeingNumber.C0.BoxedType><TBCD_STRING.BoxedType><Bytes>62574613f8
                     <field name="digits" value="267564318" type="Number_BCD" length="9"/>
                  </Bytes></TBCD_STRING.BoxedType></routeingNumber.C0.BoxedType>
            <imsi.C1.BoxedType><Bytes>4130230454
                  <field name="digits" value="1403324045" type="Number_BCD" length="10"/>
               </Bytes></imsi.C1.BoxedType>
            <msisdn.C2.BoxedType><Bytes>a80176491123
                  <field name="extension" value="no extension:1" type="EnumLong" lengthBit="1"/>
                  <field name="nature of address" value="national significant number:2" type="EnumLong" lengthBit="3"/>
                  <field name="numbering plan" value="national numbering plan:8" type="EnumLong" lengthBit="4"/>
                  <field name="digits" value="1067941132" type="Number_BCD" length="10"/>
               </Bytes></msisdn.C2.BoxedType>
            <numberPortabilityStatus.C3.Enum>
               <EnumType>ownNumberPortedOut.1</EnumType>
            </numberPortabilityStatus.C3.Enum>
            <extensionContainer.C4.Sequence>
               <privateExtensionList.C0.BoxedType>
                  <Collection>
                     <PrivateExtension.Sequence>
                        <extId><ObjectIdentifier>0.1.27.91.48.81.39</ObjectIdentifier></extId>
                        <extType>15c299</extType>
                     </PrivateExtension.Sequence>
                     <PrivateExtension.Sequence>
                        <extId><ObjectIdentifier>0.1.210.76.55.27.46.66.10.52.106</ObjectIdentifier></extId>
                        <extType>321d</extType>
                     </PrivateExtension.Sequence>
                     <PrivateExtension.Sequence>
                        <extId><ObjectIdentifier>0.1.256.28.68.62.25</ObjectIdentifier></extId>
                        <extType>3021eb26a443b4e93c</extType>
                     </PrivateExtension.Sequence>
                  </Collection>
               </privateExtensionList.C0.BoxedType>
               <pcsExtensions.C1.Sequence></pcsExtensions.C1.Sequence>
            </extensionContainer.C4.Sequence>
         </mnpInfoRes.C8.Sequence>
      </subscriberInfo.Sequence>
      <extensionContainer.Sequence>
         <privateExtensionList.C0.BoxedType>
            <Collection>
               <PrivateExtension.Sequence>
                  <extId><ObjectIdentifier>0.1.268.8.56.6</ObjectIdentifier></extId>
                  <extType>28d10cbec3</extType>
               </PrivateExtension.Sequence>
               <PrivateExtension.Sequence>
                  <extId><ObjectIdentifier>0.1.26.27.81.3</ObjectIdentifier></extId>
                  <extType>88970b</extType>
               </PrivateExtension.Sequence>
               <PrivateExtension.Sequence>
                  <extId><ObjectIdentifier>0.1.2126.0.102.9.108.57.72.36</ObjectIdentifier></extId>
                  <extType>a0a6833c97f0254c29</extType>
               </PrivateExtension.Sequence>
            </Collection>
         </privateExtensionList.C0.BoxedType>
         <pcsExtensions.C1.Sequence></pcsExtensions.C1.Sequence>
      </extensionContainer.Sequence>
   </AnyTimeInterrogationRes.Sequence>
</ASN>