<?xml version="1.0" encoding="ISO-8859-15"?>

<ASN layer="MAP">
   <AnyTimeInterrogationArg.Sequence>
      <subscriberIdentity.C0.Choice>
         <imsi.C0.BoxedType><Bytes>14021433f6
               <field name="digits" value="412041336" type="Number_BCD" length="9"/>
            </Bytes></imsi.C0.BoxedType>
         <msisdn.C1.BoxedType><Bytes>730191713256
               <field name="extension" value="extension:0" type="EnumLong" lengthBit="1"/>
               <field name="nature of address" value="reserved for extension:7" type="EnumLong" lengthBit="3"/>
               <field name="numbering plan" value="data numbering plan (ITU-T Rec X.121):3" type="EnumLong" lengthBit="4"/>
               <field name="digits" value="1019172365" type="Number_BCD" length="10"/>
            </Bytes></msisdn.C1.BoxedType>
      </subscriberIdentity.C0.Choice>
      <requestedInfo.C1.Sequence>
         <locationInformation.C0></locationInformation.C0>
         <subscriberState.C1></subscriberState.C1>
         <extensionContainer.C2.Sequence>
            <privateExtensionList.C0.BoxedType>
               <Collection>
                  <PrivateExtension.Sequence>
                     <extId><ObjectIdentifier>0.1.2122.35.48.49.81.105.6.97.29</ObjectIdentifier></extId>
                     <extType>362ad1f91ebcd3d4cb22</extType>
                  </PrivateExtension.Sequence>
                  <PrivateExtension.Sequence>
                     <extId><ObjectIdentifier>0.1.219.123.127.32.47.127.32</ObjectIdentifier></extId>
                     <extType>0f88ddaff1b3be3294cb</extType>
                  </PrivateExtension.Sequence>
                  <PrivateExtension.Sequence>
                     <extId><ObjectIdentifier>0.1.28</ObjectIdentifier></extId>
                     <extType>452eba62f5ae230a74</extType>
                  </PrivateExtension.Sequence>
               </Collection>
            </privateExtensionList.C0.BoxedType>
            <pcsExtensions.C1.Sequence></pcsExtensions.C1.Sequence>
         </extensionContainer.C2.Sequence>
         <currentLocation.C3></currentLocation.C3>
         <requestedDomain.C4.Enum>
            <EnumType>ps_Domain.1</EnumType>
         </requestedDomain.C4.Enum>
         <imei.C6></imei.C6>
         <ms_classmark.C5></ms_classmark.C5>
         <mnpRequestedInfo.C7></mnpRequestedInfo.C7>
      </requestedInfo.C1.Sequence>
      <gsmSCF_Address.C3.BoxedType><Bytes>972153770520
            <field name="extension" value="no extension:1" type="EnumLong" lengthBit="1"/>
            <field name="nature of address" value="international number:1" type="EnumLong" lengthBit="3"/>
            <field name="numbering plan" value="spare:7" type="EnumLong" lengthBit="4"/>
            <field name="digits" value="1235775002" type="Number_BCD" length="10"/>
         </Bytes></gsmSCF_Address.C3.BoxedType>
      <extensionContainer.C2.Sequence>
         <privateExtensionList.C0.BoxedType>
            <Collection>
               <PrivateExtension.Sequence>
                  <extId><ObjectIdentifier>0.1.278.98.68.105.75.114.65</ObjectIdentifier></extId>
                  <extType>eaab9862d0f577</extType>
               </PrivateExtension.Sequence>
               <PrivateExtension.Sequence>
                  <extId><ObjectIdentifier>0.1.242.56.99.39.63.113.33.34</ObjectIdentifier></extId>
                  <extType>ff66b4f1ce4d</extType>
               </PrivateExtension.Sequence>
               <PrivateExtension.Sequence>
                  <extId><ObjectIdentifier>0.1.210.52.103.18.11</ObjectIdentifier></extId>
                  <extType>275a9de1518a9340</extType>
               </PrivateExtension.Sequence>
            </Collection>
         </privateExtensionList.C0.BoxedType>
         <pcsExtensions.C1.Sequence></pcsExtensions.C1.Sequence>
      </extensionContainer.C2.Sequence>
   </AnyTimeInterrogationArg.Sequence>
</ASN>