<?xml version="1.0" encoding="ISO-8859-15"?>

<ASN layer="MAP">
   <AnyTimeModificationArg.Sequence>
      <subscriberIdentity.C0.Choice>
         <imsi.C0.BoxedType><Bytes>4185004622
               <field name="digits" value="1458006422" type="Number_BCD" length="10"/>
            </Bytes></imsi.C0.BoxedType>
         <msisdn.C1.BoxedType><Bytes>6a1147936299
               <field name="extension" value="extension:0" type="EnumLong" lengthBit="1"/>
               <field name="nature of address" value="abbreviated number:6" type="EnumLong" lengthBit="3"/>
               <field name="numbering plan" value="10" type="EnumLong" lengthBit="4"/>
               <field name="digits" value="1174392699" type="Number_BCD" length="10"/>
            </Bytes></msisdn.C1.BoxedType>
      </subscriberIdentity.C0.Choice>
      <gsmSCF_Address.C1.BoxedType><Bytes>758152243063
            <field name="extension" value="extension:0" type="EnumLong" lengthBit="1"/>
            <field name="nature of address" value="reserved for extension:7" type="EnumLong" lengthBit="3"/>
            <field name="numbering plan" value="spare:5" type="EnumLong" lengthBit="4"/>
            <field name="digits" value="1825420336" type="Number_BCD" length="10"/>
         </Bytes></gsmSCF_Address.C1.BoxedType>
      <modificationRequestFor_CF_Info.C2.Sequence>
         <ss_Code.C0.BoxedType><Bytes>d67e8a1b4e</Bytes></ss_Code.C0.BoxedType>
         <basicService.C1.Choice>
            <ext_BearerService.C2.BoxedType><Bytes>b1</Bytes></ext_BearerService.C2.BoxedType>
            <ext_Teleservice.C3.BoxedType><Bytes>d4a3a9d688
                  <field name="Code" value="plmn-specificTS-4:212" type="EnumLong" length="1"/>
                  <field name="Extension data" value="a3a9d688" type="Binary" length="4"/>
               </Bytes></ext_Teleservice.C3.BoxedType>
         </basicService.C1.Choice>
         <ss_Status.C2.BoxedType><Bytes>bd2831377fae030d</Bytes></ss_Status.C2.BoxedType>
         <forwardedToNumber.C3.BoxedType><Bytes>7f02838027f8
               <field name="extension" value="extension:0" type="EnumLong" lengthBit="1"/>
               <field name="nature of address" value="reserved for extension:7" type="EnumLong" lengthBit="3"/>
               <field name="numbering plan" value="reserved for extension:15" type="EnumLong" lengthBit="4"/>
               <field name="digits" value="203808728" type="Number_BCD" length="9"/>
            </Bytes></forwardedToNumber.C3.BoxedType>
         <forwardedToSubaddress.C4.BoxedType><Bytes>53b613e43a5aff4945</Bytes></forwardedToSubaddress.C4.BoxedType>
         <noReplyConditionTime.C5.BoxedType><Integer>2</Integer></noReplyConditionTime.C5.BoxedType>
         <modifyNotificationToCSE.C6.Enum>
            <EnumType>activate.1</EnumType>
         </modifyNotificationToCSE.C6.Enum>
         <extensionContainer.C7.Sequence>
            <privateExtensionList.C0.BoxedType>
               <Collection>
                  <PrivateExtension.Sequence>
                     <extId><ObjectIdentifier>0.1.296.28.53.93.9</ObjectIdentifier></extId>
                     <extType>1201c1ea75e700ad107b</extType>
                  </PrivateExtension.Sequence>
                  <PrivateExtension.Sequence>
                     <extId><ObjectIdentifier>0.1.264.16.91.63.107.22</ObjectIdentifier></extId>
                     <extType>e752e3</extType>
                  </PrivateExtension.Sequence>
                  <PrivateExtension.Sequence>
                     <extId><ObjectIdentifier>0.1.267.49.67.64</ObjectIdentifier></extId>
                     <extType>62ca51abbfe6eb442d</extType>
                  </PrivateExtension.Sequence>
               </Collection>
            </privateExtensionList.C0.BoxedType>
            <pcsExtensions.C1.Sequence></pcsExtensions.C1.Sequence>
         </extensionContainer.C7.Sequence>
      </modificationRequestFor_CF_Info.C2.Sequence>
      <modificationRequestFor_CB_Info.C3.Sequence>
         <ss_Code.C0.BoxedType><Bytes>831ef4a098b1e8b806</Bytes></ss_Code.C0.BoxedType>
         <basicService.C1.Choice>
            <ext_BearerService.C2.BoxedType><Bytes>e8a24815af053d</Bytes></ext_BearerService.C2.BoxedType>
            <ext_Teleservice.C3.BoxedType><Bytes>54d0fc18fa
                  <field name="Code" value="84" type="EnumLong" length="1"/>
                  <field name="Extension data" value="d0fc18fa" type="Binary" length="4"/>
               </Bytes></ext_Teleservice.C3.BoxedType>
         </basicService.C1.Choice>
         <ss_Status.C2.BoxedType><Bytes>bd16ead5da10ccacb1</Bytes></ss_Status.C2.BoxedType>
         <password.C3.BoxedType><String>27JIHrfK</String></password.C3.BoxedType>
         <wrongPasswordAttemptsCounter.C4.BoxedType><Integer>1</Integer></wrongPasswordAttemptsCounter.C4.BoxedType>
         <modifyNotificationToCSE.C5.Enum>
            <EnumType>deactivate.0</EnumType>
         </modifyNotificationToCSE.C5.Enum>
         <extensionContainer.C6.Sequence>
            <privateExtensionList.C0.BoxedType>
               <Collection>
                  <PrivateExtension.Sequence>
                     <extId><ObjectIdentifier>0.1.218.89.54</ObjectIdentifier></extId>
                     <extType>90ba9376b7bb</extType>
                  </PrivateExtension.Sequence>
                  <PrivateExtension.Sequence>
                     <extId><ObjectIdentifier>0.1.215.23.47.45.83.1.106</ObjectIdentifier></extId>
                     <extType>8eafebd92854529dde</extType>
                  </PrivateExtension.Sequence>
                  <PrivateExtension.Sequence>
                     <extId><ObjectIdentifier>0.1.2127.36.56.112.117.115.15.93.39</ObjectIdentifier></extId>
                     <extType>d8e4da22</extType>
                  </PrivateExtension.Sequence>
               </Collection>
            </privateExtensionList.C0.BoxedType>
            <pcsExtensions.C1.Sequence></pcsExtensions.C1.Sequence>
         </extensionContainer.C6.Sequence>
      </modificationRequestFor_CB_Info.C3.Sequence>
      <modificationRequestFor_CSI.C4.Sequence>
         <requestedCamel_SubscriptionInfo.C0.Enum>
            <EnumType>gprs_CSI.4</EnumType>
         </requestedCamel_SubscriptionInfo.C0.Enum>
         <modifyNotificationToCSE.C1.Enum>
            <EnumType>deactivate.0</EnumType>
         </modifyNotificationToCSE.C1.Enum>
         <modifyCSI_State.C2.Enum>
            <EnumType>deactivate.0</EnumType>
         </modifyCSI_State.C2.Enum>
         <extensionContainer.C3.Sequence>
            <privateExtensionList.C0.BoxedType>
               <Collection>
                  <PrivateExtension.Sequence>
                     <extId><ObjectIdentifier>0.1.297.63.103.93.104.11.70.29</ObjectIdentifier></extId>
                     <extType>2737150165</extType>
                  </PrivateExtension.Sequence>
                  <PrivateExtension.Sequence>
                     <extId><ObjectIdentifier>0.1.228.1.107</ObjectIdentifier></extId>
                     <extType>61499810</extType>
                  </PrivateExtension.Sequence>
                  <PrivateExtension.Sequence>
                     <extId><ObjectIdentifier>0.1.29.32.117.2.57.4</ObjectIdentifier></extId>
                     <extType>8c0c</extType>
                  </PrivateExtension.Sequence>
               </Collection>
            </privateExtensionList.C0.BoxedType>
            <pcsExtensions.C1.Sequence></pcsExtensions.C1.Sequence>
         </extensionContainer.C3.Sequence>
         <additionalRequestedCAMEL_SubscriptionInfo.C4.Enum>
            <EnumType>o_IM_CSI.2</EnumType>
         </additionalRequestedCAMEL_SubscriptionInfo.C4.Enum>
      </modificationRequestFor_CSI.C4.Sequence>
      <extensionContainer.C5.Sequence>
         <privateExtensionList.C0.BoxedType>
            <Collection>
               <PrivateExtension.Sequence>
                  <extId><ObjectIdentifier>0.1.2108.67.48.119.9.98.26.8</ObjectIdentifier></extId>
                  <extType>0567ba81ecb1f7</extType>
               </PrivateExtension.Sequence>
               <PrivateExtension.Sequence>
                  <extId><ObjectIdentifier>0.1.241.124.52.51</ObjectIdentifier></extId>
                  <extType>ff45b941b19697</extType>
               </PrivateExtension.Sequence>
               <PrivateExtension.Sequence>
                  <extId><ObjectIdentifier>0.1.260.67.7.61.31.120.57.57.76</ObjectIdentifier></extId>
                  <extType>da42c8951457</extType>
               </PrivateExtension.Sequence>
            </Collection>
         </privateExtensionList.C0.BoxedType>
         <pcsExtensions.C1.Sequence></pcsExtensions.C1.Sequence>
      </extensionContainer.C5.Sequence>
      <longFTN_Supported.C6></longFTN_Supported.C6>
      <modificationRequestFor_ODB_data.C7.Sequence>
         <odb_data.C0.Sequence>
            <odb_GeneralData.BoxedType><BitString><BitString value="f295a0f89221520549d3a6edb194229aa8" trailing="0"/></BitString></odb_GeneralData.BoxedType>
            <odb_HPLMN_Data.BoxedType><BitString><BitString value="d559986504a89220" trailing="0"/></BitString></odb_HPLMN_Data.BoxedType>
            <extensionContainer.Sequence>
               <privateExtensionList.C0.BoxedType>
                  <Collection>
                     <PrivateExtension.Sequence>
                        <extId><ObjectIdentifier>0.1.264.7.8.2.27.21.17</ObjectIdentifier></extId>
                        <extType>ac</extType>
                     </PrivateExtension.Sequence>
                     <PrivateExtension.Sequence>
                        <extId><ObjectIdentifier>0.1.2</ObjectIdentifier></extId>
                        <extType>b0b869</extType>
                     </PrivateExtension.Sequence>
                     <PrivateExtension.Sequence>
                        <extId><ObjectIdentifier>0.1.274.52.53.35.99.38.35.75</ObjectIdentifier></extId>
                        <extType>690d9a78c633d1e728</extType>
                     </PrivateExtension.Sequence>
                  </Collection>
               </privateExtensionList.C0.BoxedType>
               <pcsExtensions.C1.Sequence></pcsExtensions.C1.Sequence>
            </extensionContainer.Sequence>
         </odb_data.C0.Sequence>
         <modifyNotificationToCSE.C1.Enum>
            <EnumType>deactivate.0</EnumType>
         </modifyNotificationToCSE.C1.Enum>
         <extensionContainer.C2.Sequence>
            <privateExtensionList.C0.BoxedType>
               <Collection>
                  <PrivateExtension.Sequence>
                     <extId><ObjectIdentifier>0.1.22.4</ObjectIdentifier></extId>
                     <extType>99e8df378ceb</extType>
                  </PrivateExtension.Sequence>
                  <PrivateExtension.Sequence>
                     <extId><ObjectIdentifier>0.1.245.123.80.93.52.40.1.69.13</ObjectIdentifier></extId>
                     <extType>b979d4f81246f783</extType>
                  </PrivateExtension.Sequence>
                  <PrivateExtension.Sequence>
                     <extId><ObjectIdentifier>0.1.2125.41.121.38.91.3</ObjectIdentifier></extId>
                     <extType>d323ff9465</extType>
                  </PrivateExtension.Sequence>
               </Collection>
            </privateExtensionList.C0.BoxedType>
            <pcsExtensions.C1.Sequence></pcsExtensions.C1.Sequence>
         </extensionContainer.C2.Sequence>
      </modificationRequestFor_ODB_data.C7.Sequence>
   </AnyTimeModificationArg.Sequence>
</ASN>