<?xml version="1.0" encoding="ISO-8859-15"?>

<ASN layer="MAP">
   <Area.Sequence>
      <areaType.C0.Enum>
         <EnumType>cellGlobalId.4</EnumType>
      </areaType.C0.Enum>
      <areaIdentification.C1.BoxedType><Bytes>428211fbe70302e6
            <field name="MMC" value="242,118" type="NumberMMC" length="3"/>
            <field name="LAC" value="64487" type="Integer" length="2"/>
            <field name="RAC" value="3" type="Integer" length="1"/>
            <field name="CI" value="742" type="Integer" length="2"/>
         </Bytes></areaIdentification.C1.BoxedType>
   </Area.Sequence>
</ASN>