<?xml version="1.0" encoding="ISO-8859-15"?>

<ASN layer="MAP">
   <ATI_NotAllowedParam.Sequence><extensionContainer.Sequence>
         <privateExtensionList.C0.BoxedType>
            <Collection>
               <PrivateExtension.Sequence>
                  <extId><ObjectIdentifier>0.1.294.23.10.24</ObjectIdentifier></extId>
                  <extType>e29b9f59a9c6</extType>
               </PrivateExtension.Sequence>
               <PrivateExtension.Sequence>
                  <extId><ObjectIdentifier>0.1.2100.58.95.122.51.96.56.58.112</ObjectIdentifier></extId>
                  <extType>3192194a590849</extType>
               </PrivateExtension.Sequence>
               <PrivateExtension.Sequence>
                  <extId><ObjectIdentifier>0.1.2104.17.69.6.2.13.118.121</ObjectIdentifier></extId>
                  <extType>d6ccd3</extType>
               </PrivateExtension.Sequence>
            </Collection>
         </privateExtensionList.C0.BoxedType>
         <pcsExtensions.C1.Sequence></pcsExtensions.C1.Sequence>
      </extensionContainer.Sequence></ATI_NotAllowedParam.Sequence>
</ASN>