<?xml version="1.0" encoding="ISO-8859-15"?>

<ASN layer="MAP">
   <ATM_NotAllowedParam.Sequence><extensionContainer.Sequence>
         <privateExtensionList.C0.BoxedType>
            <Collection>
               <PrivateExtension.Sequence>
                  <extId><ObjectIdentifier>0.1.23.99.113.83.3.80.33.44.98</ObjectIdentifier></extId>
                  <extType>851e5437</extType>
               </PrivateExtension.Sequence>
               <PrivateExtension.Sequence>
                  <extId><ObjectIdentifier>0.1.2</ObjectIdentifier></extId>
                  <extType>e4f235ce0eca755d49</extType>
               </PrivateExtension.Sequence>
               <PrivateExtension.Sequence>
                  <extId><ObjectIdentifier>0.1.29.66.30</ObjectIdentifier></extId>
                  <extType>1cae</extType>
               </PrivateExtension.Sequence>
            </Collection>
         </privateExtensionList.C0.BoxedType>
         <pcsExtensions.C1.Sequence></pcsExtensions.C1.Sequence>
      </extensionContainer.Sequence></ATM_NotAllowedParam.Sequence>
</ASN>