<?xml version="1.0" encoding="ISO-8859-15"?>

<ASN layer="MAP">
   <AuthenticationFailureReportRes.Sequence><extensionContainer.Sequence>
         <privateExtensionList.C0.BoxedType>
            <Collection>
               <PrivateExtension.Sequence>
                  <extId><ObjectIdentifier>0.1.281.103.77.65.14.62.95.98.26.74</ObjectIdentifier></extId>
                  <extType>9a9f9155e4632f6f07</extType>
               </PrivateExtension.Sequence>
               <PrivateExtension.Sequence>
                  <extId><ObjectIdentifier>0.1.280</ObjectIdentifier></extId>
                  <extType>a2e1e1f5</extType>
               </PrivateExtension.Sequence>
               <PrivateExtension.Sequence>
                  <extId><ObjectIdentifier>0.1.238</ObjectIdentifier></extId>
                  <extType>cdbbfdf73626b9</extType>
               </PrivateExtension.Sequence>
            </Collection>
         </privateExtensionList.C0.BoxedType>
         <pcsExtensions.C1.Sequence></pcsExtensions.C1.Sequence>
      </extensionContainer.Sequence></AuthenticationFailureReportRes.Sequence>
</ASN>