<?xml version="1.0" encoding="ISO-8859-15"?>

<ASN layer="MAP">
   <AuthenticationFailureReportArg.Sequence>
      <imsi.BoxedType><Bytes>71338403f6
            <field name="digits" value="173348306" type="Number_BCD" length="9"/>
         </Bytes></imsi.BoxedType>
      <failureCause.Enum>
         <EnumType>wrongNetworkSignature.1</EnumType>
      </failureCause.Enum>
      <extensionContainer.Sequence>
         <privateExtensionList.C0.BoxedType>
            <Collection>
               <PrivateExtension.Sequence>
                  <extId><ObjectIdentifier>0.1.288.56.89.67.98</ObjectIdentifier></extId>
                  <extType>03c23944aaa3</extType>
               </PrivateExtension.Sequence>
               <PrivateExtension.Sequence>
                  <extId><ObjectIdentifier>0.1.286.28</ObjectIdentifier></extId>
                  <extType>f43a29b5ab7db2b0</extType>
               </PrivateExtension.Sequence>
               <PrivateExtension.Sequence>
                  <extId><ObjectIdentifier>0.1.285.82.61.7.119.52.90.91</ObjectIdentifier></extId>
                  <extType>27e878c859ffdb707e</extType>
               </PrivateExtension.Sequence>
            </Collection>
         </privateExtensionList.C0.BoxedType>
         <pcsExtensions.C1.Sequence></pcsExtensions.C1.Sequence>
      </extensionContainer.Sequence>
      <re_attempt>true:1</re_attempt>
      <accessType.Enum>
         <EnumType>serviceRequest.7</EnumType>
      </accessType.Enum>
      <rand.BoxedType><Bytes>fb1701</Bytes></rand.BoxedType>
      <vlr_Number.C0.BoxedType><Bytes>4996929982f8
            <field name="extension" value="extension:0" type="EnumLong" lengthBit="1"/>
            <field name="nature of address" value="subscriber number:4" type="EnumLong" lengthBit="3"/>
            <field name="numbering plan" value="private numbering plan:9" type="EnumLong" lengthBit="4"/>
            <field name="digits" value="692999288" type="Number_BCD" length="9"/>
         </Bytes></vlr_Number.C0.BoxedType>
      <sgsn_Number.C1.BoxedType><Bytes>559169868706
            <field name="extension" value="extension:0" type="EnumLong" lengthBit="1"/>
            <field name="nature of address" value="reserved:5" type="EnumLong" lengthBit="3"/>
            <field name="numbering plan" value="spare:5" type="EnumLong" lengthBit="4"/>
            <field name="digits" value="1996687860" type="Number_BCD" length="10"/>
         </Bytes></sgsn_Number.C1.BoxedType>
   </AuthenticationFailureReportArg.Sequence>
</ASN>