<?xml version="1.0" encoding="ISO-8859-15"?>

<ASN layer="MAP">
   <BcsmCamelTDPDataList.BoxedType>
      <Collection>
         <BcsmCamelTDPData.Sequence>
            <bcsmTriggerDetectionPoint.Enum>
               <EnumType>tBusy.13</EnumType>
            </bcsmTriggerDetectionPoint.Enum>
            <serviceKey.BoxedType><Integer>0</Integer></serviceKey.BoxedType>
            <gsmSCFAddress.C0.BoxedType><Bytes>79</Bytes></gsmSCFAddress.C0.BoxedType>
            <defaultCallHandling.C1.Enum>
               <EnumType>releaseCall.1</EnumType>
            </defaultCallHandling.C1.Enum>
            <extensionContainer.C2.Sequence>
               <privateExtensionList.C0.BoxedType>
                  <Collection>
                     <PrivateExtension.Sequence>
                        <extId><ObjectIdentifier>0.1.21.94.105.44.27</ObjectIdentifier></extId>
                        <extType>d757f2856c</extType>
                     </PrivateExtension.Sequence>
                     <PrivateExtension.Sequence>
                        <extId><ObjectIdentifier>0.1.2101.33.59.51.98.40.87</ObjectIdentifier></extId>
                        <extType>1b7b570e753b</extType>
                     </PrivateExtension.Sequence>
                     <PrivateExtension.Sequence>
                        <extId><ObjectIdentifier>0.1.2120.9.109.8</ObjectIdentifier></extId>
                        <extType>3a65849a</extType>
                     </PrivateExtension.Sequence>
                  </Collection>
               </privateExtensionList.C0.BoxedType>
               <pcsExtensions.C1.Sequence></pcsExtensions.C1.Sequence>
            </extensionContainer.C2.Sequence>
         </BcsmCamelTDPData.Sequence>
         <BcsmCamelTDPData.Sequence>
            <bcsmTriggerDetectionPoint.Enum>
               <EnumType>termAttemptAuthorized.12</EnumType>
            </bcsmTriggerDetectionPoint.Enum>
            <serviceKey.BoxedType><Integer>0</Integer></serviceKey.BoxedType>
            <gsmSCFAddress.C0.BoxedType><Bytes>fa</Bytes></gsmSCFAddress.C0.BoxedType>
            <defaultCallHandling.C1.Enum>
               <EnumType>continueCall.0</EnumType>
            </defaultCallHandling.C1.Enum>
            <extensionContainer.C2.Sequence>
               <privateExtensionList.C0.BoxedType>
                  <Collection>
                     <PrivateExtension.Sequence>
                        <extId><ObjectIdentifier>0.1.24.28.99</ObjectIdentifier></extId>
                        <extType>9cb8d40daa9647fc6acb</extType>
                     </PrivateExtension.Sequence>
                     <PrivateExtension.Sequence>
                        <extId><ObjectIdentifier>0.1.214.99.9.107.66.6.103</ObjectIdentifier></extId>
                        <extType>a78d56</extType>
                     </PrivateExtension.Sequence>
                     <PrivateExtension.Sequence>
                        <extId><ObjectIdentifier>0.1.239.115.128</ObjectIdentifier></extId>
                        <extType>2d939cf3e6f09437b8a5</extType>
                     </PrivateExtension.Sequence>
                  </Collection>
               </privateExtensionList.C0.BoxedType>
               <pcsExtensions.C1.Sequence></pcsExtensions.C1.Sequence>
            </extensionContainer.C2.Sequence>
         </BcsmCamelTDPData.Sequence>
         <BcsmCamelTDPData.Sequence>
            <bcsmTriggerDetectionPoint.Enum>
               <EnumType>routeSelectFailure.4</EnumType>
            </bcsmTriggerDetectionPoint.Enum>
            <serviceKey.BoxedType><Integer>2</Integer></serviceKey.BoxedType>
            <gsmSCFAddress.C0.BoxedType><Bytes>905d44cd</Bytes></gsmSCFAddress.C0.BoxedType>
            <defaultCallHandling.C1.Enum>
               <EnumType>releaseCall.1</EnumType>
            </defaultCallHandling.C1.Enum>
            <extensionContainer.C2.Sequence>
               <privateExtensionList.C0.BoxedType>
                  <Collection>
                     <PrivateExtension.Sequence>
                        <extId><ObjectIdentifier>0.1.2115.98.40.14.73.10.67.15</ObjectIdentifier></extId>
                        <extType>1270d69b5f</extType>
                     </PrivateExtension.Sequence>
                     <PrivateExtension.Sequence>
                        <extId><ObjectIdentifier>0.1.290.111.7.79.79.127.122.35.60.14</ObjectIdentifier></extId>
                        <extType>fa</extType>
                     </PrivateExtension.Sequence>
                     <PrivateExtension.Sequence>
                        <extId><ObjectIdentifier>0.1.2</ObjectIdentifier></extId>
                        <extType>79b7d952055c25a40013</extType>
                     </PrivateExtension.Sequence>
                  </Collection>
               </privateExtensionList.C0.BoxedType>
               <pcsExtensions.C1.Sequence></pcsExtensions.C1.Sequence>
            </extensionContainer.C2.Sequence>
         </BcsmCamelTDPData.Sequence>
      </Collection>
   </BcsmCamelTDPDataList.BoxedType>
</ASN>