<?xml version="1.0" encoding="ISO-8859-15"?>

<ASN layer="MAP">
   <BcsmCamelTDPData.Sequence>
      <bcsmTriggerDetectionPoint.Enum>
         <EnumType>tNoAnswer.14</EnumType>
      </bcsmTriggerDetectionPoint.Enum>
      <serviceKey.BoxedType><Integer>1</Integer></serviceKey.BoxedType>
      <gsmSCFAddress.C0.BoxedType><Bytes>beef7d8d2c055575</Bytes></gsmSCFAddress.C0.BoxedType>
      <defaultCallHandling.C1.Enum>
         <EnumType>continueCall.0</EnumType>
      </defaultCallHandling.C1.Enum>
      <extensionContainer.C2.Sequence>
         <privateExtensionList.C0.BoxedType>
            <Collection>
               <PrivateExtension.Sequence>
                  <extId><ObjectIdentifier>0.1.23.35</ObjectIdentifier></extId>
                  <extType>2051a7e0f4</extType>
               </PrivateExtension.Sequence>
               <PrivateExtension.Sequence>
                  <extId><ObjectIdentifier>0.1.254.3.32.108.127.48.4</ObjectIdentifier></extId>
                  <extType>452e6b9429c405f4ec</extType>
               </PrivateExtension.Sequence>
               <PrivateExtension.Sequence>
                  <extId><ObjectIdentifier>0.1.233.100.53.110.11</ObjectIdentifier></extId>
                  <extType>f51877b72773</extType>
               </PrivateExtension.Sequence>
            </Collection>
         </privateExtensionList.C0.BoxedType>
         <pcsExtensions.C1.Sequence></pcsExtensions.C1.Sequence>
      </extensionContainer.C2.Sequence>
   </BcsmCamelTDPData.Sequence>
</ASN>