<?xml version="1.0" encoding="ISO-8859-15"?>

<ASN layer="MAP">
   <BearerServNotProvParam.Sequence><extensionContainer.Sequence>
         <privateExtensionList.C0.BoxedType>
            <Collection>
               <PrivateExtension.Sequence>
                  <extId><ObjectIdentifier>0.1.290</ObjectIdentifier></extId>
                  <extType>0cf94d0aeb8c7b23</extType>
               </PrivateExtension.Sequence>
               <PrivateExtension.Sequence>
                  <extId><ObjectIdentifier>0.1.229</ObjectIdentifier></extId>
                  <extType>57f72d56e73726</extType>
               </PrivateExtension.Sequence>
               <PrivateExtension.Sequence>
                  <extId><ObjectIdentifier>0.1.29.102.123.75</ObjectIdentifier></extId>
                  <extType>5c293d</extType>
               </PrivateExtension.Sequence>
            </Collection>
         </privateExtensionList.C0.BoxedType>
         <pcsExtensions.C1.Sequence></pcsExtensions.C1.Sequence>
      </extensionContainer.Sequence></BearerServNotProvParam.Sequence>
</ASN>