<?xml version="1.0" encoding="ISO-8859-15"?>

<ASN layer="MAP">
   <CallBarredParam.Choice>
      <callBarringCause.Enum>
         <EnumType>operatorBarring.1</EnumType>
      </callBarringCause.Enum>
      <extensibleCallBarredParam.Sequence>
         <callBarringCause.Enum>
            <EnumType>barringServiceActive.0</EnumType>
         </callBarringCause.Enum>
         <extensionContainer.Sequence>
            <privateExtensionList.C0.BoxedType>
               <Collection>
                  <PrivateExtension.Sequence>
                     <extId><ObjectIdentifier>0.1.2116</ObjectIdentifier></extId>
                     <extType>c7</extType>
                  </PrivateExtension.Sequence>
                  <PrivateExtension.Sequence>
                     <extId><ObjectIdentifier>0.1.279.44.121.111.127.84.106.38</ObjectIdentifier></extId>
                     <extType>2f1b54acab50c7f0</extType>
                  </PrivateExtension.Sequence>
                  <PrivateExtension.Sequence>
                     <extId><ObjectIdentifier>0.1.215.44.1.47.40.31.45.15.50</ObjectIdentifier></extId>
                     <extType>5c29c086d0</extType>
                  </PrivateExtension.Sequence>
               </Collection>
            </privateExtensionList.C0.BoxedType>
            <pcsExtensions.C1.Sequence></pcsExtensions.C1.Sequence>
         </extensionContainer.Sequence>
         <unauthorisedMessageOriginator.C1></unauthorisedMessageOriginator.C1>
      </extensibleCallBarredParam.Sequence>
   </CallBarredParam.Choice>
</ASN>