<?xml version="1.0" encoding="ISO-8859-15"?>

<ASN layer="MAP">
   <CancelLocationArg.BoxedType><CancelLocationArgSequenceType.C3.Sequence>
         <identity.Choice>
            <imsi.BoxedType><Bytes>03052770f2
                  <field name="digits" value="305072072" type="Number_BCD" length="9"/>
               </Bytes></imsi.BoxedType>
            <imsi_WithLMSI.Sequence>
               <imsi.BoxedType><Bytes>0163159150
                     <field name="digits" value="1036511905" type="Number_BCD" length="10"/>
                  </Bytes></imsi.BoxedType>
               <lmsi.BoxedType><Bytes>c9e01a829e7d09
                     <field name="digits" value="c9e01a829e7d09" type="Binary" length="7"/>
                  </Bytes></lmsi.BoxedType>
            </imsi_WithLMSI.Sequence>
         </identity.Choice>
         <cancellationType.Enum>
            <EnumType>subscriptionWithdraw.1</EnumType>
         </cancellationType.Enum>
         <extensionContainer.Sequence>
            <privateExtensionList.C0.BoxedType>
               <Collection>
                  <PrivateExtension.Sequence>
                     <extId><ObjectIdentifier>0.1.24.7</ObjectIdentifier></extId>
                     <extType>c6d33ac27c96225dd9</extType>
                  </PrivateExtension.Sequence>
                  <PrivateExtension.Sequence>
                     <extId><ObjectIdentifier>0.1.251.12.21.115</ObjectIdentifier></extId>
                     <extType>7aa3b72e</extType>
                  </PrivateExtension.Sequence>
                  <PrivateExtension.Sequence>
                     <extId><ObjectIdentifier>0.1.217.13.108.30.37.9.113.12</ObjectIdentifier></extId>
                     <extType>0016</extType>
                  </PrivateExtension.Sequence>
               </Collection>
            </privateExtensionList.C0.BoxedType>
            <pcsExtensions.C1.Sequence></pcsExtensions.C1.Sequence>
         </extensionContainer.Sequence>
      </CancelLocationArgSequenceType.C3.Sequence></CancelLocationArg.BoxedType>
</ASN>