<?xml version="1.0" encoding="ISO-8859-15"?>

<ASN layer="MAP">
   <CancelLocationRes.Sequence><extensionContainer.Sequence>
         <privateExtensionList.C0.BoxedType>
            <Collection>
               <PrivateExtension.Sequence>
                  <extId><ObjectIdentifier>0.1.239.4</ObjectIdentifier></extId>
                  <extType>f33002bb0194</extType>
               </PrivateExtension.Sequence>
               <PrivateExtension.Sequence>
                  <extId><ObjectIdentifier>0.1.218.76.3</ObjectIdentifier></extId>
                  <extType>e0cb45fd28800e1bde</extType>
               </PrivateExtension.Sequence>
               <PrivateExtension.Sequence>
                  <extId><ObjectIdentifier>0.1.23.62.60.59.88.47.57.119</ObjectIdentifier></extId>
                  <extType>e98b28733507f07668</extType>
               </PrivateExtension.Sequence>
            </Collection>
         </privateExtensionList.C0.BoxedType>
         <pcsExtensions.C1.Sequence></pcsExtensions.C1.Sequence>
      </extensionContainer.Sequence></CancelLocationRes.Sequence>
</ASN>