<?xml version="1.0" encoding="ISO-8859-15"?>

<ASN layer="MAP">
   <CancelLocationArgV2.Choice>
      <imsi.BoxedType><Bytes>6151970549
            <field name="digits" value="1615795094" type="Number_BCD" length="10"/>
         </Bytes></imsi.BoxedType>
      <imsi_WithLMSI.Sequence>
         <imsi.BoxedType><Bytes>1110260060
               <field name="digits" value="1101620006" type="Number_BCD" length="10"/>
            </Bytes></imsi.BoxedType>
         <lmsi.BoxedType><Bytes>e854525b6a
               <field name="digits" value="e854525b6a" type="Binary" length="5"/>
            </Bytes></lmsi.BoxedType>
      </imsi_WithLMSI.Sequence>
   </CancelLocationArgV2.Choice>
</ASN>