<?xml version="1.0" encoding="ISO-8859-15"?>

<ASN layer="MAP">
   <CheckIMEIArgV3.Sequence>
      <imei.BoxedType><TBCD_STRING.BoxedType><Bytes>0128931656
               <field name="digits" value="1082396165" type="Number_BCD" length="10"/>
            </Bytes></TBCD_STRING.BoxedType></imei.BoxedType>
      <requestedEquipmentInfo.BoxedType><BitString><BitString value="cb328e19cc724eec8ef9c3e9b757" trailing="0"/></BitString></requestedEquipmentInfo.BoxedType>
      <extensionContainer.Sequence>
         <privateExtensionList.C0.BoxedType>
            <Collection>
               <PrivateExtension.Sequence>
                  <extId><ObjectIdentifier>0.1.2100.121.52.111.2.46</ObjectIdentifier></extId>
                  <extType>693a95</extType>
               </PrivateExtension.Sequence>
               <PrivateExtension.Sequence>
                  <extId><ObjectIdentifier>0.1.295.105.13.94.40.25.42.90.23.59</ObjectIdentifier></extId>
                  <extType>0fe3667d</extType>
               </PrivateExtension.Sequence>
               <PrivateExtension.Sequence>
                  <extId><ObjectIdentifier>0.1.2</ObjectIdentifier></extId>
                  <extType>ef18d12d9351</extType>
               </PrivateExtension.Sequence>
            </Collection>
         </privateExtensionList.C0.BoxedType>
         <pcsExtensions.C1.Sequence></pcsExtensions.C1.Sequence>
      </extensionContainer.Sequence>
   </CheckIMEIArgV3.Sequence>
</ASN>