<?xml version="1.0" encoding="ISO-8859-15"?>

<ASN layer="MAP">
   <CheckIMEIRes.Sequence>
      <equipmentStatus.Enum>
         <EnumType>blackListed.1</EnumType>
      </equipmentStatus.Enum>
      <bmuef.Sequence>
         <uesbi_IuA.C0.BoxedType><BitString><BitString value="6ac85b39" trailing="0"/></BitString></uesbi_IuA.C0.BoxedType>
         <uesbi_IuB.C1.BoxedType><BitString><BitString value="9f3e01c6bd" trailing="0"/></BitString></uesbi_IuB.C1.BoxedType>
      </bmuef.Sequence>
      <extensionContainer.C0.Sequence>
         <privateExtensionList.C0.BoxedType>
            <Collection>
               <PrivateExtension.Sequence>
                  <extId><ObjectIdentifier>0.1.298.97.79.94.118.1</ObjectIdentifier></extId>
                  <extType>384540a7</extType>
               </PrivateExtension.Sequence>
               <PrivateExtension.Sequence>
                  <extId><ObjectIdentifier>0.1.216</ObjectIdentifier></extId>
                  <extType>1888097ea20e7a18f310</extType>
               </PrivateExtension.Sequence>
               <PrivateExtension.Sequence>
                  <extId><ObjectIdentifier>0.1.2122.89.95.101.84.82.123.6</ObjectIdentifier></extId>
                  <extType>d6c8331764ad480e79c1</extType>
               </PrivateExtension.Sequence>
            </Collection>
         </privateExtensionList.C0.BoxedType>
         <pcsExtensions.C1.Sequence></pcsExtensions.C1.Sequence>
      </extensionContainer.C0.Sequence>
   </CheckIMEIRes.Sequence>
</ASN>