<?xml version="1.0" encoding="ISO-8859-15"?>

<ASN layer="MAP">
   <Component.Choice>
      <invoke.C1.Sequence>
         <invokeID.BoxedType><Integer>2</Integer></invokeID.BoxedType>
         <linkedID.C0.BoxedType><Integer>1</Integer></linkedID.C0.BoxedType>
         <opCode.Choice>
            <localValue.BoxedType><Long>1508215981</Long></localValue.BoxedType>
            <globalValue><ObjectIdentifier>0.1.25.68.52.34.94.105.71.52</ObjectIdentifier></globalValue>
         </opCode.Choice>
         <invokeparameter>9b0793783d142c</invokeparameter>
      </invoke.C1.Sequence>
      <returnResultLast.C2.Sequence>
         <invokeID.BoxedType><Integer>1</Integer></invokeID.BoxedType>
         <resultretres.Sequence>
            <opCode.Choice>
               <localValue.BoxedType><Long>1828074516</Long></localValue.BoxedType>
               <globalValue><ObjectIdentifier>0.1.276.57.113.70.48.70.58.117.2</ObjectIdentifier></globalValue>
            </opCode.Choice>
            <returnparameter>9b</returnparameter>
         </resultretres.Sequence>
      </returnResultLast.C2.Sequence>
      <returnError.C3.Sequence>
         <invokeID.BoxedType><Integer>0</Integer></invokeID.BoxedType>
         <errorCode.Choice>
            <localValue.BoxedType><Long>2995993225</Long></localValue.BoxedType>
            <globalValue><ObjectIdentifier>0.1.263.118.14.95.112.72</ObjectIdentifier></globalValue>
         </errorCode.Choice>
         <errorparameter>9f</errorparameter>
      </returnError.C3.Sequence>
      <reject.C4.Sequence>
         <invokeIDRej.Choice>
            <derivable.BoxedType><Integer>0</Integer></derivable.BoxedType>
            <not_derivable></not_derivable>
         </invokeIDRej.Choice>
         <problem.Choice>
            <generalProblem.C0.BoxedType><Long>1399692534</Long></generalProblem.C0.BoxedType>
            <invokeProblem.C1.BoxedType><Long>3504806204</Long></invokeProblem.C1.BoxedType>
            <returnResultProblem.C2.BoxedType><Long>3703838001</Long></returnResultProblem.C2.BoxedType>
            <returnErrorProblem.C3.BoxedType><Long>3530290319</Long></returnErrorProblem.C3.BoxedType>
         </problem.Choice>
      </reject.C4.Sequence>
   </Component.Choice>
</ASN>