<?xml version="1.0" encoding="ISO-8859-15"?>

<ASN layer="MAP">
   <CUG_Feature.Sequence>
      <basicService.Choice>
         <ext_BearerService.C2.BoxedType><Bytes>cf6544f6</Bytes></ext_BearerService.C2.BoxedType>
         <ext_Teleservice.C3.BoxedType><Bytes>6a46c8a9a8
               <field name="Code" value="106" type="EnumLong" length="1"/>
               <field name="Extension data" value="46c8a9a8" type="Binary" length="4"/>
            </Bytes></ext_Teleservice.C3.BoxedType>
      </basicService.Choice>
      <preferentialCUG_Indicator.BoxedType><Integer>1</Integer></preferentialCUG_Indicator.BoxedType>
      <interCUG_Restrictions.BoxedType><Bytes>d8f78b807dbff081</Bytes></interCUG_Restrictions.BoxedType>
      <extensionContainer.Sequence>
         <privateExtensionList.C0.BoxedType>
            <Collection>
               <PrivateExtension.Sequence>
                  <extId><ObjectIdentifier>0.1.284.46.117.63.106.63.71</ObjectIdentifier></extId>
                  <extType>81d0ca549c</extType>
               </PrivateExtension.Sequence>
               <PrivateExtension.Sequence>
                  <extId><ObjectIdentifier>0.1.295.33.43.16.29.52.47.94.73.73</ObjectIdentifier></extId>
                  <extType>30535650a1cac5cd</extType>
               </PrivateExtension.Sequence>
               <PrivateExtension.Sequence>
                  <extId><ObjectIdentifier>0.1.254.0.3.50</ObjectIdentifier></extId>
                  <extType>f0072ca4</extType>
               </PrivateExtension.Sequence>
            </Collection>
         </privateExtensionList.C0.BoxedType>
         <pcsExtensions.C1.Sequence></pcsExtensions.C1.Sequence>
      </extensionContainer.Sequence>
   </CUG_Feature.Sequence>
</ASN>