<?xml version="1.0" encoding="ISO-8859-15"?>

<ASN layer="MAP">
   <CUG_RejectParam.Sequence>
      <cug_RejectCause.Enum>
         <EnumType>subscriberNotMemberOfCUG.1</EnumType>
      </cug_RejectCause.Enum>
      <extensionContainer.Sequence>
         <privateExtensionList.C0.BoxedType>
            <Collection>
               <PrivateExtension.Sequence>
                  <extId><ObjectIdentifier>0.1.28.86.2.32.111.105.77</ObjectIdentifier></extId>
                  <extType>9497b6c2f7</extType>
               </PrivateExtension.Sequence>
               <PrivateExtension.Sequence>
                  <extId><ObjectIdentifier>0.1.237.54.80.36.32.109.83</ObjectIdentifier></extId>
                  <extType>697bafca8d6a</extType>
               </PrivateExtension.Sequence>
               <PrivateExtension.Sequence>
                  <extId><ObjectIdentifier>0.1.237.69.125.127.127.36.125</ObjectIdentifier></extId>
                  <extType>e259a026c8a9bd</extType>
               </PrivateExtension.Sequence>
            </Collection>
         </privateExtensionList.C0.BoxedType>
         <pcsExtensions.C1.Sequence></pcsExtensions.C1.Sequence>
      </extensionContainer.Sequence>
   </CUG_RejectParam.Sequence>
</ASN>