<?xml version="1.0" encoding="ISO-8859-15"?>

<ASN layer="MAP">
   <DataMissingParam.Sequence><extensionContainer.Sequence>
         <privateExtensionList.C0.BoxedType>
            <Collection>
               <PrivateExtension.Sequence>
                  <extId><ObjectIdentifier>0.1.287.48</ObjectIdentifier></extId>
                  <extType>c4c2379cfb56</extType>
               </PrivateExtension.Sequence>
               <PrivateExtension.Sequence>
                  <extId><ObjectIdentifier>0.1.238</ObjectIdentifier></extId>
                  <extType>9712debc8ec9</extType>
               </PrivateExtension.Sequence>
               <PrivateExtension.Sequence>
                  <extId><ObjectIdentifier>0.1.280</ObjectIdentifier></extId>
                  <extType>87b5bd749321fe</extType>
               </PrivateExtension.Sequence>
            </Collection>
         </privateExtensionList.C0.BoxedType>
         <pcsExtensions.C1.Sequence></pcsExtensions.C1.Sequence>
      </extensionContainer.Sequence></DataMissingParam.Sequence>
</ASN>