<?xml version="1.0" encoding="ISO-8859-15"?>

<ASN layer="MAP">
   <DeactivateTraceModeArg.Sequence>
      <imsi.C0.BoxedType><Bytes>0248619384
            <field name="digits" value="2084163948" type="Number_BCD" length="10"/>
         </Bytes></imsi.C0.BoxedType>
      <traceReference.C1>95ff</traceReference.C1>
      <extensionContainer.C2.Sequence>
         <privateExtensionList.C0.BoxedType>
            <Collection>
               <PrivateExtension.Sequence>
                  <extId><ObjectIdentifier>0.1.272.5.20.93.77.3</ObjectIdentifier></extId>
                  <extType>add444fe0e8e3c6b03</extType>
               </PrivateExtension.Sequence>
               <PrivateExtension.Sequence>
                  <extId><ObjectIdentifier>0.1.213.108.24</ObjectIdentifier></extId>
                  <extType>d83eee1005a1d02236</extType>
               </PrivateExtension.Sequence>
               <PrivateExtension.Sequence>
                  <extId><ObjectIdentifier>0.1.253.100</ObjectIdentifier></extId>
                  <extType>4997a9</extType>
               </PrivateExtension.Sequence>
            </Collection>
         </privateExtensionList.C0.BoxedType>
         <pcsExtensions.C1.Sequence></pcsExtensions.C1.Sequence>
      </extensionContainer.C2.Sequence>
   </DeactivateTraceModeArg.Sequence>
</ASN>