<?xml version="1.0" encoding="ISO-8859-15"?>

<ASN layer="MAP">
   <DeactivateTraceModeRes.Sequence><extensionContainer.C0.Sequence>
         <privateExtensionList.C0.BoxedType>
            <Collection>
               <PrivateExtension.Sequence>
                  <extId><ObjectIdentifier>0.1.28.101.14.42.123</ObjectIdentifier></extId>
                  <extType>df45a33fb77082caefab</extType>
               </PrivateExtension.Sequence>
               <PrivateExtension.Sequence>
                  <extId><ObjectIdentifier>0.1.233</ObjectIdentifier></extId>
                  <extType>800a2c</extType>
               </PrivateExtension.Sequence>
               <PrivateExtension.Sequence>
                  <extId><ObjectIdentifier>0.1.245</ObjectIdentifier></extId>
                  <extType>fff82dc37a69dbaa</extType>
               </PrivateExtension.Sequence>
            </Collection>
         </privateExtensionList.C0.BoxedType>
         <pcsExtensions.C1.Sequence></pcsExtensions.C1.Sequence>
      </extensionContainer.C0.Sequence></DeactivateTraceModeRes.Sequence>
</ASN>