<?xml version="1.0" encoding="ISO-8859-15"?>

<ASN layer="MAP">
   <DP_AnalysedInfoCriterium.Sequence>
      <dialledNumber.BoxedType><Bytes>f175691588f7
            <field name="extension" value="no extension:1" type="EnumLong" lengthBit="1"/>
            <field name="nature of address" value="reserved for extension:7" type="EnumLong" lengthBit="3"/>
            <field name="numbering plan" value="ISDN/Telephony Numbering Plan (Rec ITU-T E.164):1" type="EnumLong" lengthBit="4"/>
            <field name="digits" value="579651887" type="Number_BCD" length="9"/>
         </Bytes></dialledNumber.BoxedType>
      <serviceKey.BoxedType><Integer>1</Integer></serviceKey.BoxedType>
      <gsmSCF_Address.BoxedType><Bytes>5c93826053f2
            <field name="extension" value="extension:0" type="EnumLong" lengthBit="1"/>
            <field name="nature of address" value="reserved:5" type="EnumLong" lengthBit="3"/>
            <field name="numbering plan" value="12" type="EnumLong" lengthBit="4"/>
            <field name="digits" value="392806352" type="Number_BCD" length="9"/>
         </Bytes></gsmSCF_Address.BoxedType>
      <defaultCallHandling.Enum>
         <EnumType>releaseCall.1</EnumType>
      </defaultCallHandling.Enum>
      <extensionContainer.Sequence>
         <privateExtensionList.C0.BoxedType>
            <Collection>
               <PrivateExtension.Sequence>
                  <extId><ObjectIdentifier>0.1.2105.20</ObjectIdentifier></extId>
                  <extType>e80865cdde81</extType>
               </PrivateExtension.Sequence>
               <PrivateExtension.Sequence>
                  <extId><ObjectIdentifier>0.1.285.59.98.55.100.83.42.61.95</ObjectIdentifier></extId>
                  <extType>be</extType>
               </PrivateExtension.Sequence>
               <PrivateExtension.Sequence>
                  <extId><ObjectIdentifier>0.1.295</ObjectIdentifier></extId>
                  <extType>3caab26eaa73ca6726</extType>
               </PrivateExtension.Sequence>
            </Collection>
         </privateExtensionList.C0.BoxedType>
         <pcsExtensions.C1.Sequence></pcsExtensions.C1.Sequence>
      </extensionContainer.Sequence>
   </DP_AnalysedInfoCriterium.Sequence>
</ASN>