<?xml version="1.0" encoding="ISO-8859-15"?>

<ASN layer="MAP">
   <Ext_SS_Info.Choice>
      <forwardingInfo.C0.Sequence>
         <ss_Code.BoxedType><Bytes>b46b</Bytes></ss_Code.BoxedType>
         <forwardingFeatureList.BoxedType>
            <Collection>
               <Ext_ForwFeature.Sequence>
                  <basicService.Choice>
                     <ext_BearerService.C2.BoxedType><Bytes>19631a</Bytes></ext_BearerService.C2.BoxedType>
                     <ext_Teleservice.C3.BoxedType><Bytes>5bb28aafc7
                           <field name="Code" value="91" type="EnumLong" length="1"/>
                           <field name="Extension data" value="b28aafc7" type="Binary" length="4"/>
                        </Bytes></ext_Teleservice.C3.BoxedType>
                  </basicService.Choice>
                  <ss_Status.C4.BoxedType><Bytes>e5608f1009d99178</Bytes></ss_Status.C4.BoxedType>
                  <forwardedToNumber.C5.BoxedType><Bytes>5a0283034510
                        <field name="extension" value="extension:0" type="EnumLong" lengthBit="1"/>
                        <field name="nature of address" value="reserved:5" type="EnumLong" lengthBit="3"/>
                        <field name="numbering plan" value="10" type="EnumLong" lengthBit="4"/>
                        <field name="digits" value="2038305401" type="Number_BCD" length="10"/>
                     </Bytes></forwardedToNumber.C5.BoxedType>
                  <forwardedToSubaddress.C8.BoxedType><Bytes>95978a10a3</Bytes></forwardedToSubaddress.C8.BoxedType>
                  <forwardingOptions.C6.BoxedType><Bytes>c540ba3dabb528fe90</Bytes></forwardingOptions.C6.BoxedType>
                  <noReplyConditionTime.C7.BoxedType><Integer>2</Integer></noReplyConditionTime.C7.BoxedType>
                  <extensionContainer.C9.Sequence>
                     <privateExtensionList.C0.BoxedType>
                        <Collection>
                           <PrivateExtension.Sequence>
                              <extId><ObjectIdentifier>0.1.259.41.128</ObjectIdentifier></extId>
                              <extType>282a71cc84a771</extType>
                           </PrivateExtension.Sequence>
                           <PrivateExtension.Sequence>
                              <extId><ObjectIdentifier>0.1.2112.44.102.70</ObjectIdentifier></extId>
                              <extType>783f266f406c</extType>
                           </PrivateExtension.Sequence>
                           <PrivateExtension.Sequence>
                              <extId><ObjectIdentifier>0.1.2127</ObjectIdentifier></extId>
                              <extType>69e572c511</extType>
                           </PrivateExtension.Sequence>
                        </Collection>
                     </privateExtensionList.C0.BoxedType>
                     <pcsExtensions.C1.Sequence></pcsExtensions.C1.Sequence>
                  </extensionContainer.C9.Sequence>
                  <longForwardedToNumber.C10.BoxedType><AddressString.BoxedType><Bytes>b691776138f5
                           <field name="extension" value="no extension:1" type="EnumLong" lengthBit="1"/>
                           <field name="nature of address" value="network specific number:3" type="EnumLong" lengthBit="3"/>
                           <field name="numbering plan" value="land mobile numbering plan (ITU-T Rec E.212):6" type="EnumLong" lengthBit="4"/>
                           <field name="digits" value="197716835" type="Number_BCD" length="9"/>
                        </Bytes></AddressString.BoxedType></longForwardedToNumber.C10.BoxedType>
               </Ext_ForwFeature.Sequence>
               <Ext_ForwFeature.Sequence>
                  <basicService.Choice>
                     <ext_BearerService.C2.BoxedType><Bytes>c6</Bytes></ext_BearerService.C2.BoxedType>
                     <ext_Teleservice.C3.BoxedType><Bytes>662cece5b7
                           <field name="Code" value="102" type="EnumLong" length="1"/>
                           <field name="Extension data" value="2cece5b7" type="Binary" length="4"/>
                        </Bytes></ext_Teleservice.C3.BoxedType>
                  </basicService.Choice>
                  <ss_Status.C4.BoxedType><Bytes>4ba3651ab2c4</Bytes></ss_Status.C4.BoxedType>
                  <forwardedToNumber.C5.BoxedType><Bytes>4a8131908278
                        <field name="extension" value="extension:0" type="EnumLong" lengthBit="1"/>
                        <field name="nature of address" value="subscriber number:4" type="EnumLong" lengthBit="3"/>
                        <field name="numbering plan" value="10" type="EnumLong" lengthBit="4"/>
                        <field name="digits" value="1813092887" type="Number_BCD" length="10"/>
                     </Bytes></forwardedToNumber.C5.BoxedType>
                  <forwardedToSubaddress.C8.BoxedType><Bytes>7d8d71</Bytes></forwardedToSubaddress.C8.BoxedType>
                  <forwardingOptions.C6.BoxedType><Bytes>014160c2976049c98d</Bytes></forwardingOptions.C6.BoxedType>
                  <noReplyConditionTime.C7.BoxedType><Integer>2</Integer></noReplyConditionTime.C7.BoxedType>
                  <extensionContainer.C9.Sequence>
                     <privateExtensionList.C0.BoxedType>
                        <Collection>
                           <PrivateExtension.Sequence>
                              <extId><ObjectIdentifier>0.1.294.60</ObjectIdentifier></extId>
                              <extType>231f2beed7</extType>
                           </PrivateExtension.Sequence>
                           <PrivateExtension.Sequence>
                              <extId><ObjectIdentifier>0.1.23</ObjectIdentifier></extId>
                              <extType>2d7894893e2191fe</extType>
                           </PrivateExtension.Sequence>
                           <PrivateExtension.Sequence>
                              <extId><ObjectIdentifier>0.1.2108.122.2.35.121</ObjectIdentifier></extId>
                              <extType>56</extType>
                           </PrivateExtension.Sequence>
                        </Collection>
                     </privateExtensionList.C0.BoxedType>
                     <pcsExtensions.C1.Sequence></pcsExtensions.C1.Sequence>
                  </extensionContainer.C9.Sequence>
                  <longForwardedToNumber.C10.BoxedType><AddressString.BoxedType><Bytes>b37184544375
                           <field name="extension" value="no extension:1" type="EnumLong" lengthBit="1"/>
                           <field name="nature of address" value="network specific number:3" type="EnumLong" lengthBit="3"/>
                           <field name="numbering plan" value="data numbering plan (ITU-T Rec X.121):3" type="EnumLong" lengthBit="4"/>
                           <field name="digits" value="1748453457" type="Number_BCD" length="10"/>
                        </Bytes></AddressString.BoxedType></longForwardedToNumber.C10.BoxedType>
               </Ext_ForwFeature.Sequence>
               <Ext_ForwFeature.Sequence>
                  <basicService.Choice>
                     <ext_BearerService.C2.BoxedType><Bytes>c931</Bytes></ext_BearerService.C2.BoxedType>
                     <ext_Teleservice.C3.BoxedType><Bytes>4710d46e9f
                           <field name="Code" value="71" type="EnumLong" length="1"/>
                           <field name="Extension data" value="10d46e9f" type="Binary" length="4"/>
                        </Bytes></ext_Teleservice.C3.BoxedType>
                  </basicService.Choice>
                  <ss_Status.C4.BoxedType><Bytes>61ab8553</Bytes></ss_Status.C4.BoxedType>
                  <forwardedToNumber.C5.BoxedType><Bytes>8798688134f4
                        <field name="extension" value="no extension:1" type="EnumLong" lengthBit="1"/>
                        <field name="nature of address" value="unknown:0" type="EnumLong" lengthBit="3"/>
                        <field name="numbering plan" value="spare:7" type="EnumLong" lengthBit="4"/>
                        <field name="digits" value="898618434" type="Number_BCD" length="9"/>
                     </Bytes></forwardedToNumber.C5.BoxedType>
                  <forwardedToSubaddress.C8.BoxedType><Bytes>9d</Bytes></forwardedToSubaddress.C8.BoxedType>
                  <forwardingOptions.C6.BoxedType><Bytes>dcc4300e9eb5e322e3</Bytes></forwardingOptions.C6.BoxedType>
                  <noReplyConditionTime.C7.BoxedType><Integer>2</Integer></noReplyConditionTime.C7.BoxedType>
                  <extensionContainer.C9.Sequence>
                     <privateExtensionList.C0.BoxedType>
                        <Collection>
                           <PrivateExtension.Sequence>
                              <extId><ObjectIdentifier>0.1.286</ObjectIdentifier></extId>
                              <extType>83a1</extType>
                           </PrivateExtension.Sequence>
                           <PrivateExtension.Sequence>
                              <extId><ObjectIdentifier>0.1.237.33.127.123.113.120.120.35.110</ObjectIdentifier></extId>
                              <extType>14a530e4d1b626a1</extType>
                           </PrivateExtension.Sequence>
                           <PrivateExtension.Sequence>
                              <extId><ObjectIdentifier>0.1.222.76.123.53.66.59.87.87.97</ObjectIdentifier></extId>
                              <extType>731349</extType>
                           </PrivateExtension.Sequence>
                        </Collection>
                     </privateExtensionList.C0.BoxedType>
                     <pcsExtensions.C1.Sequence></pcsExtensions.C1.Sequence>
                  </extensionContainer.C9.Sequence>
                  <longForwardedToNumber.C10.BoxedType><AddressString.BoxedType><Bytes>b779547954f1
                           <field name="extension" value="no extension:1" type="EnumLong" lengthBit="1"/>
                           <field name="nature of address" value="network specific number:3" type="EnumLong" lengthBit="3"/>
                           <field name="numbering plan" value="spare:7" type="EnumLong" lengthBit="4"/>
                           <field name="digits" value="974597451" type="Number_BCD" length="9"/>
                        </Bytes></AddressString.BoxedType></longForwardedToNumber.C10.BoxedType>
               </Ext_ForwFeature.Sequence>
            </Collection>
         </forwardingFeatureList.BoxedType>
         <extensionContainer.C0.Sequence>
            <privateExtensionList.C0.BoxedType>
               <Collection>
                  <PrivateExtension.Sequence>
                     <extId><ObjectIdentifier>0.1.225.76.121.105.4</ObjectIdentifier></extId>
                     <extType>ed5c48ffdb</extType>
                  </PrivateExtension.Sequence>
                  <PrivateExtension.Sequence>
                     <extId><ObjectIdentifier>0.1.2100.55.115.105.85.13.28</ObjectIdentifier></extId>
                     <extType>6d9035aa403d</extType>
                  </PrivateExtension.Sequence>
                  <PrivateExtension.Sequence>
                     <extId><ObjectIdentifier>0.1.234.58.45</ObjectIdentifier></extId>
                     <extType>e6fbb6</extType>
                  </PrivateExtension.Sequence>
               </Collection>
            </privateExtensionList.C0.BoxedType>
            <pcsExtensions.C1.Sequence></pcsExtensions.C1.Sequence>
         </extensionContainer.C0.Sequence>
      </forwardingInfo.C0.Sequence>
      <callBarringInfo.C1.Sequence>
         <ss_Code.BoxedType><Bytes>bb28b67f74</Bytes></ss_Code.BoxedType>
         <callBarringFeatureList.BoxedType>
            <Collection>
               <Ext_CallBarringFeature.Sequence>
                  <basicService.Choice>
                     <ext_BearerService.C2.BoxedType><Bytes>2c8aae084e0d8e1ec2</Bytes></ext_BearerService.C2.BoxedType>
                     <ext_Teleservice.C3.BoxedType><Bytes>d7779be984
                           <field name="Code" value="plmn-specificTS-7:215" type="EnumLong" length="1"/>
                           <field name="Extension data" value="779be984" type="Binary" length="4"/>
                        </Bytes></ext_Teleservice.C3.BoxedType>
                  </basicService.Choice>
                  <ss_Status.C4.BoxedType><Bytes>1d3add84ed59</Bytes></ss_Status.C4.BoxedType>
                  <extensionContainer.Sequence>
                     <privateExtensionList.C0.BoxedType>
                        <Collection>
                           <PrivateExtension.Sequence>
                              <extId><ObjectIdentifier>0.1.228</ObjectIdentifier></extId>
                              <extType>1f</extType>
                           </PrivateExtension.Sequence>
                           <PrivateExtension.Sequence>
                              <extId><ObjectIdentifier>0.1.279.127.103.26.8.15</ObjectIdentifier></extId>
                              <extType>1338cfa79e9ae2a8c2b5</extType>
                           </PrivateExtension.Sequence>
                           <PrivateExtension.Sequence>
                              <extId><ObjectIdentifier>0.1.290.8.47.107.47.84.17</ObjectIdentifier></extId>
                              <extType>a001d55e1b</extType>
                           </PrivateExtension.Sequence>
                        </Collection>
                     </privateExtensionList.C0.BoxedType>
                     <pcsExtensions.C1.Sequence></pcsExtensions.C1.Sequence>
                  </extensionContainer.Sequence>
               </Ext_CallBarringFeature.Sequence>
               <Ext_CallBarringFeature.Sequence>
                  <basicService.Choice>
                     <ext_BearerService.C2.BoxedType><Bytes>2e5d428edc</Bytes></ext_BearerService.C2.BoxedType>
                     <ext_Teleservice.C3.BoxedType><Bytes>90d111219a
                           <field name="Code" value="allVoiceGroupCallServices:144" type="EnumLong" length="1"/>
                           <field name="Extension data" value="d111219a" type="Binary" length="4"/>
                        </Bytes></ext_Teleservice.C3.BoxedType>
                  </basicService.Choice>
                  <ss_Status.C4.BoxedType><Bytes>8b64cfdd35a48ecbda</Bytes></ss_Status.C4.BoxedType>
                  <extensionContainer.Sequence>
                     <privateExtensionList.C0.BoxedType>
                        <Collection>
                           <PrivateExtension.Sequence>
                              <extId><ObjectIdentifier>0.1.2107.104.47.86.12</ObjectIdentifier></extId>
                              <extType>4294f56b9ddf5b2b</extType>
                           </PrivateExtension.Sequence>
                           <PrivateExtension.Sequence>
                              <extId><ObjectIdentifier>0.1.2103.106.107.53.66.38.44.117</ObjectIdentifier></extId>
                              <extType>4b070e6abaeb8e</extType>
                           </PrivateExtension.Sequence>
                           <PrivateExtension.Sequence>
                              <extId><ObjectIdentifier>0.1.290.23.21.46.106</ObjectIdentifier></extId>
                              <extType>0c30c107</extType>
                           </PrivateExtension.Sequence>
                        </Collection>
                     </privateExtensionList.C0.BoxedType>
                     <pcsExtensions.C1.Sequence></pcsExtensions.C1.Sequence>
                  </extensionContainer.Sequence>
               </Ext_CallBarringFeature.Sequence>
               <Ext_CallBarringFeature.Sequence>
                  <basicService.Choice>
                     <ext_BearerService.C2.BoxedType><Bytes>0511500b2c</Bytes></ext_BearerService.C2.BoxedType>
                     <ext_Teleservice.C3.BoxedType><Bytes>9c4495cf2b
                           <field name="Code" value="156" type="EnumLong" length="1"/>
                           <field name="Extension data" value="4495cf2b" type="Binary" length="4"/>
                        </Bytes></ext_Teleservice.C3.BoxedType>
                  </basicService.Choice>
                  <ss_Status.C4.BoxedType><Bytes>b8</Bytes></ss_Status.C4.BoxedType>
                  <extensionContainer.Sequence>
                     <privateExtensionList.C0.BoxedType>
                        <Collection>
                           <PrivateExtension.Sequence>
                              <extId><ObjectIdentifier>0.1.216.84.113.73</ObjectIdentifier></extId>
                              <extType>0a9da92f1e</extType>
                           </PrivateExtension.Sequence>
                           <PrivateExtension.Sequence>
                              <extId><ObjectIdentifier>0.1.2109.57.20.98.7</ObjectIdentifier></extId>
                              <extType>5f9ada1d13db</extType>
                           </PrivateExtension.Sequence>
                           <PrivateExtension.Sequence>
                              <extId><ObjectIdentifier>0.1.211.4.34.60.81.23.69.34.107</ObjectIdentifier></extId>
                              <extType>2b6b</extType>
                           </PrivateExtension.Sequence>
                        </Collection>
                     </privateExtensionList.C0.BoxedType>
                     <pcsExtensions.C1.Sequence></pcsExtensions.C1.Sequence>
                  </extensionContainer.Sequence>
               </Ext_CallBarringFeature.Sequence>
            </Collection>
         </callBarringFeatureList.BoxedType>
         <extensionContainer.Sequence>
            <privateExtensionList.C0.BoxedType>
               <Collection>
                  <PrivateExtension.Sequence>
                     <extId><ObjectIdentifier>0.1.290</ObjectIdentifier></extId>
                     <extType>89a628d34b</extType>
                  </PrivateExtension.Sequence>
                  <PrivateExtension.Sequence>
                     <extId><ObjectIdentifier>0.1.2111.116.87</ObjectIdentifier></extId>
                     <extType>0a87e137</extType>
                  </PrivateExtension.Sequence>
                  <PrivateExtension.Sequence>
                     <extId><ObjectIdentifier>0.1.241.78.52.10.12.1</ObjectIdentifier></extId>
                     <extType>97</extType>
                  </PrivateExtension.Sequence>
               </Collection>
            </privateExtensionList.C0.BoxedType>
            <pcsExtensions.C1.Sequence></pcsExtensions.C1.Sequence>
         </extensionContainer.Sequence>
      </callBarringInfo.C1.Sequence>
      <cug_Info.C2.Sequence>
         <cug_SubscriptionList.BoxedType>
            <Collection>
               <CUG_Subscription.Sequence>
                  <cug_Index.BoxedType><Integer>0</Integer></cug_Index.BoxedType>
                  <cug_Interlock.BoxedType><Bytes>6059bbd3e5f4e161f2</Bytes></cug_Interlock.BoxedType>
                  <intraCUG_Options.Enum>
                     <EnumType>cugIC_CallBarred.1</EnumType>
                  </intraCUG_Options.Enum>
                  <basicServiceGroupList.BoxedType>
                     <Collection>
                        <Ext_BasicServiceCode.Choice>
                           <ext_BearerService.C2.BoxedType><Bytes>696eecd6c486f79ae6</Bytes></ext_BearerService.C2.BoxedType>
                           <ext_Teleservice.C3.BoxedType><Bytes>91617de197
                                 <field name="Code" value="voiceGroupCall:145" type="EnumLong" length="1"/>
                                 <field name="Extension data" value="617de197" type="Binary" length="4"/>
                              </Bytes></ext_Teleservice.C3.BoxedType>
                        </Ext_BasicServiceCode.Choice>
                        <Ext_BasicServiceCode.Choice>
                           <ext_BearerService.C2.BoxedType><Bytes>214ce12440b8</Bytes></ext_BearerService.C2.BoxedType>
                           <ext_Teleservice.C3.BoxedType><Bytes>c700e99b65
                                 <field name="Code" value="199" type="EnumLong" length="1"/>
                                 <field name="Extension data" value="00e99b65" type="Binary" length="4"/>
                              </Bytes></ext_Teleservice.C3.BoxedType>
                        </Ext_BasicServiceCode.Choice>
                        <Ext_BasicServiceCode.Choice>
                           <ext_BearerService.C2.BoxedType><Bytes>575ef5a25b27</Bytes></ext_BearerService.C2.BoxedType>
                           <ext_Teleservice.C3.BoxedType><Bytes>20009eebd8
                                 <field name="Code" value="allShortMessageServices:32" type="EnumLong" length="1"/>
                                 <field name="Extension data" value="009eebd8" type="Binary" length="4"/>
                              </Bytes></ext_Teleservice.C3.BoxedType>
                        </Ext_BasicServiceCode.Choice>
                     </Collection>
                  </basicServiceGroupList.BoxedType>
                  <extensionContainer.C0.Sequence>
                     <privateExtensionList.C0.BoxedType>
                        <Collection>
                           <PrivateExtension.Sequence>
                              <extId><ObjectIdentifier>0.1.2</ObjectIdentifier></extId>
                              <extType>5c9eb2a64d</extType>
                           </PrivateExtension.Sequence>
                           <PrivateExtension.Sequence>
                              <extId><ObjectIdentifier>0.1.214.124.63.44</ObjectIdentifier></extId>
                              <extType>8b23ea</extType>
                           </PrivateExtension.Sequence>
                           <PrivateExtension.Sequence>
                              <extId><ObjectIdentifier>0.1.2109.44.104.118.5.68</ObjectIdentifier></extId>
                              <extType>ba19d3ff003c</extType>
                           </PrivateExtension.Sequence>
                        </Collection>
                     </privateExtensionList.C0.BoxedType>
                     <pcsExtensions.C1.Sequence></pcsExtensions.C1.Sequence>
                  </extensionContainer.C0.Sequence>
               </CUG_Subscription.Sequence>
               <CUG_Subscription.Sequence>
                  <cug_Index.BoxedType><Integer>1</Integer></cug_Index.BoxedType>
                  <cug_Interlock.BoxedType><Bytes>27d874a1096b658fbfce</Bytes></cug_Interlock.BoxedType>
                  <intraCUG_Options.Enum>
                     <EnumType>cugIC_CallBarred.1</EnumType>
                  </intraCUG_Options.Enum>
                  <basicServiceGroupList.BoxedType>
                     <Collection>
                        <Ext_BasicServiceCode.Choice>
                           <ext_BearerService.C2.BoxedType><Bytes>1a363c213b</Bytes></ext_BearerService.C2.BoxedType>
                           <ext_Teleservice.C3.BoxedType><Bytes>96106e4f09
                                 <field name="Code" value="150" type="EnumLong" length="1"/>
                                 <field name="Extension data" value="106e4f09" type="Binary" length="4"/>
                              </Bytes></ext_Teleservice.C3.BoxedType>
                        </Ext_BasicServiceCode.Choice>
                        <Ext_BasicServiceCode.Choice>
                           <ext_BearerService.C2.BoxedType><Bytes>64c7</Bytes></ext_BearerService.C2.BoxedType>
                           <ext_Teleservice.C3.BoxedType><Bytes>df00001fef
                                 <field name="Code" value="plmn-specificTS-F:223" type="EnumLong" length="1"/>
                                 <field name="Extension data" value="00001fef" type="Binary" length="4"/>
                              </Bytes></ext_Teleservice.C3.BoxedType>
                        </Ext_BasicServiceCode.Choice>
                        <Ext_BasicServiceCode.Choice>
                           <ext_BearerService.C2.BoxedType><Bytes>eac8be792184c95e</Bytes></ext_BearerService.C2.BoxedType>
                           <ext_Teleservice.C3.BoxedType><Bytes>bca697754b
                                 <field name="Code" value="188" type="EnumLong" length="1"/>
                                 <field name="Extension data" value="a697754b" type="Binary" length="4"/>
                              </Bytes></ext_Teleservice.C3.BoxedType>
                        </Ext_BasicServiceCode.Choice>
                     </Collection>
                  </basicServiceGroupList.BoxedType>
                  <extensionContainer.C0.Sequence>
                     <privateExtensionList.C0.BoxedType>
                        <Collection>
                           <PrivateExtension.Sequence>
                              <extId><ObjectIdentifier>0.1.263.99.98.6.39.65.63.42</ObjectIdentifier></extId>
                              <extType>fa2580af</extType>
                           </PrivateExtension.Sequence>
                           <PrivateExtension.Sequence>
                              <extId><ObjectIdentifier>0.1.2120.110.128.8.116.83.116.41</ObjectIdentifier></extId>
                              <extType>a4c170ad95846a4c40</extType>
                           </PrivateExtension.Sequence>
                           <PrivateExtension.Sequence>
                              <extId><ObjectIdentifier>0.1.278</ObjectIdentifier></extId>
                              <extType>a574c2b876e6b596eae4</extType>
                           </PrivateExtension.Sequence>
                        </Collection>
                     </privateExtensionList.C0.BoxedType>
                     <pcsExtensions.C1.Sequence></pcsExtensions.C1.Sequence>
                  </extensionContainer.C0.Sequence>
               </CUG_Subscription.Sequence>
               <CUG_Subscription.Sequence>
                  <cug_Index.BoxedType><Integer>0</Integer></cug_Index.BoxedType>
                  <cug_Interlock.BoxedType><Bytes>0cb6</Bytes></cug_Interlock.BoxedType>
                  <intraCUG_Options.Enum>
                     <EnumType>cugOG_CallBarred.2</EnumType>
                  </intraCUG_Options.Enum>
                  <basicServiceGroupList.BoxedType>
                     <Collection>
                        <Ext_BasicServiceCode.Choice>
                           <ext_BearerService.C2.BoxedType><Bytes>4784cff84759dcd8</Bytes></ext_BearerService.C2.BoxedType>
                           <ext_Teleservice.C3.BoxedType><Bytes>8369cce69c
                                 <field name="Code" value="131" type="EnumLong" length="1"/>
                                 <field name="Extension data" value="69cce69c" type="Binary" length="4"/>
                              </Bytes></ext_Teleservice.C3.BoxedType>
                        </Ext_BasicServiceCode.Choice>
                        <Ext_BasicServiceCode.Choice>
                           <ext_BearerService.C2.BoxedType><Bytes>2aba1e</Bytes></ext_BearerService.C2.BoxedType>
                           <ext_Teleservice.C3.BoxedType><Bytes>739d5164f2
                                 <field name="Code" value="115" type="EnumLong" length="1"/>
                                 <field name="Extension data" value="9d5164f2" type="Binary" length="4"/>
                              </Bytes></ext_Teleservice.C3.BoxedType>
                        </Ext_BasicServiceCode.Choice>
                        <Ext_BasicServiceCode.Choice>
                           <ext_BearerService.C2.BoxedType><Bytes>1b259ee2f6</Bytes></ext_BearerService.C2.BoxedType>
                           <ext_Teleservice.C3.BoxedType><Bytes>d0bf0c9d88
                                 <field name="Code" value="allPLMN-specificTS:208" type="EnumLong" length="1"/>
                                 <field name="Extension data" value="bf0c9d88" type="Binary" length="4"/>
                              </Bytes></ext_Teleservice.C3.BoxedType>
                        </Ext_BasicServiceCode.Choice>
                     </Collection>
                  </basicServiceGroupList.BoxedType>
                  <extensionContainer.C0.Sequence>
                     <privateExtensionList.C0.BoxedType>
                        <Collection>
                           <PrivateExtension.Sequence>
                              <extId><ObjectIdentifier>0.1.248.37.116.65</ObjectIdentifier></extId>
                              <extType>bf0e6a82</extType>
                           </PrivateExtension.Sequence>
                           <PrivateExtension.Sequence>
                              <extId><ObjectIdentifier>0.1.240.66.108.53.99.76.30</ObjectIdentifier></extId>
                              <extType>4d16</extType>
                           </PrivateExtension.Sequence>
                           <PrivateExtension.Sequence>
                              <extId><ObjectIdentifier>0.1.279.103.116.60</ObjectIdentifier></extId>
                              <extType>ca359ce91e</extType>
                           </PrivateExtension.Sequence>
                        </Collection>
                     </privateExtensionList.C0.BoxedType>
                     <pcsExtensions.C1.Sequence></pcsExtensions.C1.Sequence>
                  </extensionContainer.C0.Sequence>
               </CUG_Subscription.Sequence>
            </Collection>
         </cug_SubscriptionList.BoxedType>
         <cug_FeatureList.BoxedType>
            <Collection>
               <CUG_Feature.Sequence>
                  <basicService.Choice>
                     <ext_BearerService.C2.BoxedType><Bytes>d69b</Bytes></ext_BearerService.C2.BoxedType>
                     <ext_Teleservice.C3.BoxedType><Bytes>d8520ee037
                           <field name="Code" value="plmn-specificTS-8:216" type="EnumLong" length="1"/>
                           <field name="Extension data" value="520ee037" type="Binary" length="4"/>
                        </Bytes></ext_Teleservice.C3.BoxedType>
                  </basicService.Choice>
                  <preferentialCUG_Indicator.BoxedType><Integer>1</Integer></preferentialCUG_Indicator.BoxedType>
                  <interCUG_Restrictions.BoxedType><Bytes>3b103ede0d1cb7c5d4</Bytes></interCUG_Restrictions.BoxedType>
                  <extensionContainer.Sequence>
                     <privateExtensionList.C0.BoxedType>
                        <Collection>
                           <PrivateExtension.Sequence>
                              <extId><ObjectIdentifier>0.1.2102</ObjectIdentifier></extId>
                              <extType>fd9654af1a0f3e524e</extType>
                           </PrivateExtension.Sequence>
                           <PrivateExtension.Sequence>
                              <extId><ObjectIdentifier>0.1.2</ObjectIdentifier></extId>
                              <extType>09d7f1f063dea7b9f7</extType>
                           </PrivateExtension.Sequence>
                           <PrivateExtension.Sequence>
                              <extId><ObjectIdentifier>0.1.217.26.116.5.18.99.66.112.106</ObjectIdentifier></extId>
                              <extType>1a4ce6490007</extType>
                           </PrivateExtension.Sequence>
                        </Collection>
                     </privateExtensionList.C0.BoxedType>
                     <pcsExtensions.C1.Sequence></pcsExtensions.C1.Sequence>
                  </extensionContainer.Sequence>
               </CUG_Feature.Sequence>
               <CUG_Feature.Sequence>
                  <basicService.Choice>
                     <ext_BearerService.C2.BoxedType><Bytes>d16fbf0e</Bytes></ext_BearerService.C2.BoxedType>
                     <ext_Teleservice.C3.BoxedType><Bytes>210a96f785
                           <field name="Code" value="shortMessageMT-PP:33" type="EnumLong" length="1"/>
                           <field name="Extension data" value="0a96f785" type="Binary" length="4"/>
                        </Bytes></ext_Teleservice.C3.BoxedType>
                  </basicService.Choice>
                  <preferentialCUG_Indicator.BoxedType><Integer>1</Integer></preferentialCUG_Indicator.BoxedType>
                  <interCUG_Restrictions.BoxedType><Bytes>1c26</Bytes></interCUG_Restrictions.BoxedType>
                  <extensionContainer.Sequence>
                     <privateExtensionList.C0.BoxedType>
                        <Collection>
                           <PrivateExtension.Sequence>
                              <extId><ObjectIdentifier>0.1.210.105</ObjectIdentifier></extId>
                              <extType>1c7ab9</extType>
                           </PrivateExtension.Sequence>
                           <PrivateExtension.Sequence>
                              <extId><ObjectIdentifier>0.1.281.59.59.16.108</ObjectIdentifier></extId>
                              <extType>92264e7712f8a4b770</extType>
                           </PrivateExtension.Sequence>
                           <PrivateExtension.Sequence>
                              <extId><ObjectIdentifier>0.1.223.68</ObjectIdentifier></extId>
                              <extType>93f1</extType>
                           </PrivateExtension.Sequence>
                        </Collection>
                     </privateExtensionList.C0.BoxedType>
                     <pcsExtensions.C1.Sequence></pcsExtensions.C1.Sequence>
                  </extensionContainer.Sequence>
               </CUG_Feature.Sequence>
               <CUG_Feature.Sequence>
                  <basicService.Choice>
                     <ext_BearerService.C2.BoxedType><Bytes>eb085a8719</Bytes></ext_BearerService.C2.BoxedType>
                     <ext_Teleservice.C3.BoxedType><Bytes>9300003aec
                           <field name="Code" value="147" type="EnumLong" length="1"/>
                           <field name="Extension data" value="00003aec" type="Binary" length="4"/>
                        </Bytes></ext_Teleservice.C3.BoxedType>
                  </basicService.Choice>
                  <preferentialCUG_Indicator.BoxedType><Integer>0</Integer></preferentialCUG_Indicator.BoxedType>
                  <interCUG_Restrictions.BoxedType><Bytes>e96e0e19da191938</Bytes></interCUG_Restrictions.BoxedType>
                  <extensionContainer.Sequence>
                     <privateExtensionList.C0.BoxedType>
                        <Collection>
                           <PrivateExtension.Sequence>
                              <extId><ObjectIdentifier>0.1.290.127</ObjectIdentifier></extId>
                              <extType>f23c05</extType>
                           </PrivateExtension.Sequence>
                           <PrivateExtension.Sequence>
                              <extId><ObjectIdentifier>0.1.241.44.126.32.10.109.70.112.81.77</ObjectIdentifier></extId>
                              <extType>ff4ef3ab9900</extType>
                           </PrivateExtension.Sequence>
                           <PrivateExtension.Sequence>
                              <extId><ObjectIdentifier>0.1.2107.107.32.32.53.105</ObjectIdentifier></extId>
                              <extType>71c9f3cfc5a083e5</extType>
                           </PrivateExtension.Sequence>
                        </Collection>
                     </privateExtensionList.C0.BoxedType>
                     <pcsExtensions.C1.Sequence></pcsExtensions.C1.Sequence>
                  </extensionContainer.Sequence>
               </CUG_Feature.Sequence>
            </Collection>
         </cug_FeatureList.BoxedType>
         <extensionContainer.C0.Sequence>
            <privateExtensionList.C0.BoxedType>
               <Collection>
                  <PrivateExtension.Sequence>
                     <extId><ObjectIdentifier>0.1.24.2.54.101.89.89.19.33</ObjectIdentifier></extId>
                     <extType>5e69fa12ccfb64</extType>
                  </PrivateExtension.Sequence>
                  <PrivateExtension.Sequence>
                     <extId><ObjectIdentifier>0.1.281.122.18.26.102.26</ObjectIdentifier></extId>
                     <extType>a3f26bfc0b9d49</extType>
                  </PrivateExtension.Sequence>
                  <PrivateExtension.Sequence>
                     <extId><ObjectIdentifier>0.1.2</ObjectIdentifier></extId>
                     <extType>f5254730</extType>
                  </PrivateExtension.Sequence>
               </Collection>
            </privateExtensionList.C0.BoxedType>
            <pcsExtensions.C1.Sequence></pcsExtensions.C1.Sequence>
         </extensionContainer.C0.Sequence>
      </cug_Info.C2.Sequence>
      <ss_Data.C3.Sequence>
         <ss_Code.BoxedType><Bytes>bfaad932484603dc</Bytes></ss_Code.BoxedType>
         <ss_Status.C4.BoxedType><Bytes>7a60</Bytes></ss_Status.C4.BoxedType>
         <ss_SubscriptionOption.Choice>
            <cliRestrictionOption.C2.Enum>
               <EnumType>temporaryDefaultAllowed.2</EnumType>
            </cliRestrictionOption.C2.Enum>
            <overrideCategory.C1.Enum>
               <EnumType>overrideEnabled.0</EnumType>
            </overrideCategory.C1.Enum>
         </ss_SubscriptionOption.Choice>
         <basicServiceGroupList.BoxedType>
            <Collection>
               <Ext_BasicServiceCode.Choice>
                  <ext_BearerService.C2.BoxedType><Bytes>aa5438631dd3d3a1</Bytes></ext_BearerService.C2.BoxedType>
                  <ext_Teleservice.C3.BoxedType><Bytes>9200007b2d
                        <field name="Code" value="voiceBroadcastCall:146" type="EnumLong" length="1"/>
                        <field name="Extension data" value="00007b2d" type="Binary" length="4"/>
                     </Bytes></ext_Teleservice.C3.BoxedType>
               </Ext_BasicServiceCode.Choice>
               <Ext_BasicServiceCode.Choice>
                  <ext_BearerService.C2.BoxedType><Bytes>901a170d08</Bytes></ext_BearerService.C2.BoxedType>
                  <ext_Teleservice.C3.BoxedType><Bytes>42831825db
                        <field name="Code" value="66" type="EnumLong" length="1"/>
                        <field name="Extension data" value="831825db" type="Binary" length="4"/>
                     </Bytes></ext_Teleservice.C3.BoxedType>
               </Ext_BasicServiceCode.Choice>
               <Ext_BasicServiceCode.Choice>
                  <ext_BearerService.C2.BoxedType><Bytes>0d</Bytes></ext_BearerService.C2.BoxedType>
                  <ext_Teleservice.C3.BoxedType><Bytes>900000a12b
                        <field name="Code" value="allVoiceGroupCallServices:144" type="EnumLong" length="1"/>
                        <field name="Extension data" value="0000a12b" type="Binary" length="4"/>
                     </Bytes></ext_Teleservice.C3.BoxedType>
               </Ext_BasicServiceCode.Choice>
            </Collection>
         </basicServiceGroupList.BoxedType>
         <extensionContainer.C5.Sequence>
            <privateExtensionList.C0.BoxedType>
               <Collection>
                  <PrivateExtension.Sequence>
                     <extId><ObjectIdentifier>0.1.2110.126.21.16</ObjectIdentifier></extId>
                     <extType>109ca2</extType>
                  </PrivateExtension.Sequence>
                  <PrivateExtension.Sequence>
                     <extId><ObjectIdentifier>0.1.2</ObjectIdentifier></extId>
                     <extType>c5</extType>
                  </PrivateExtension.Sequence>
                  <PrivateExtension.Sequence>
                     <extId><ObjectIdentifier>0.1.266.122.99</ObjectIdentifier></extId>
                     <extType>7f42e500</extType>
                  </PrivateExtension.Sequence>
               </Collection>
            </privateExtensionList.C0.BoxedType>
            <pcsExtensions.C1.Sequence></pcsExtensions.C1.Sequence>
         </extensionContainer.C5.Sequence>
      </ss_Data.C3.Sequence>
      <emlpp_Info.C4.Sequence>
         <maximumentitledPriority.BoxedType><Integer>1</Integer></maximumentitledPriority.BoxedType>
         <defaultPriority.BoxedType><Integer>2</Integer></defaultPriority.BoxedType>
         <extensionContainer.Sequence>
            <privateExtensionList.C0.BoxedType>
               <Collection>
                  <PrivateExtension.Sequence>
                     <extId><ObjectIdentifier>0.1.262.122.60.102.32.60.75</ObjectIdentifier></extId>
                     <extType>e2584fc4a36dcd4a80</extType>
                  </PrivateExtension.Sequence>
                  <PrivateExtension.Sequence>
                     <extId><ObjectIdentifier>0.1.2102.97.6.125.84.63.42.52.99.94</ObjectIdentifier></extId>
                     <extType>25</extType>
                  </PrivateExtension.Sequence>
                  <PrivateExtension.Sequence>
                     <extId><ObjectIdentifier>0.1.2100.75.61.100</ObjectIdentifier></extId>
                     <extType>c0</extType>
                  </PrivateExtension.Sequence>
               </Collection>
            </privateExtensionList.C0.BoxedType>
            <pcsExtensions.C1.Sequence></pcsExtensions.C1.Sequence>
         </extensionContainer.Sequence>
      </emlpp_Info.C4.Sequence>
   </Ext_SS_Info.Choice>
</ASN>