<?xml version="1.0" encoding="ISO-8859-15"?>

<ASN layer="MAP">
   <Ext_CallBarringFeature.Sequence>
      <basicService.Choice>
         <ext_BearerService.C2.BoxedType><Bytes>a9194ebc9c7b</Bytes></ext_BearerService.C2.BoxedType>
         <ext_Teleservice.C3.BoxedType><Bytes>988846351c
               <field name="Code" value="152" type="EnumLong" length="1"/>
               <field name="Extension data" value="8846351c" type="Binary" length="4"/>
            </Bytes></ext_Teleservice.C3.BoxedType>
      </basicService.Choice>
      <ss_Status.C4.BoxedType><Bytes>6d8cc993</Bytes></ss_Status.C4.BoxedType>
      <extensionContainer.Sequence>
         <privateExtensionList.C0.BoxedType>
            <Collection>
               <PrivateExtension.Sequence>
                  <extId><ObjectIdentifier>0.1.283.117.110</ObjectIdentifier></extId>
                  <extType>73341b5c5829c3</extType>
               </PrivateExtension.Sequence>
               <PrivateExtension.Sequence>
                  <extId><ObjectIdentifier>0.1.26.47.96.107.116.86</ObjectIdentifier></extId>
                  <extType>678dfbae1d4cd100</extType>
               </PrivateExtension.Sequence>
               <PrivateExtension.Sequence>
                  <extId><ObjectIdentifier>0.1.232.54.42.71.22.48.96.2.95</ObjectIdentifier></extId>
                  <extType>2d8c7343f6fbd28f</extType>
               </PrivateExtension.Sequence>
            </Collection>
         </privateExtensionList.C0.BoxedType>
         <pcsExtensions.C1.Sequence></pcsExtensions.C1.Sequence>
      </extensionContainer.Sequence>
   </Ext_CallBarringFeature.Sequence>
</ASN>