<?xml version="1.0" encoding="ISO-8859-15"?>

<ASN layer="MAP">
   <Ext_ForwFeature.Sequence>
      <basicService.Choice>
         <ext_BearerService.C2.BoxedType><Bytes>58928254dc2e</Bytes></ext_BearerService.C2.BoxedType>
         <ext_Teleservice.C3.BoxedType><Bytes>d371a17920
               <field name="Code" value="plmn-specificTS-3:211" type="EnumLong" length="1"/>
               <field name="Extension data" value="71a17920" type="Binary" length="4"/>
            </Bytes></ext_Teleservice.C3.BoxedType>
      </basicService.Choice>
      <ss_Status.C4.BoxedType><Bytes>bbba11d380</Bytes></ss_Status.C4.BoxedType>
      <forwardedToNumber.C5.BoxedType><Bytes>ef6189659322
            <field name="extension" value="no extension:1" type="EnumLong" lengthBit="1"/>
            <field name="nature of address" value="abbreviated number:6" type="EnumLong" lengthBit="3"/>
            <field name="numbering plan" value="reserved for extension:15" type="EnumLong" lengthBit="4"/>
            <field name="digits" value="1698563922" type="Number_BCD" length="10"/>
         </Bytes></forwardedToNumber.C5.BoxedType>
      <forwardedToSubaddress.C8.BoxedType><Bytes>6928cb03</Bytes></forwardedToSubaddress.C8.BoxedType>
      <forwardingOptions.C6.BoxedType><Bytes>4b82</Bytes></forwardingOptions.C6.BoxedType>
      <noReplyConditionTime.C7.BoxedType><Integer>2</Integer></noReplyConditionTime.C7.BoxedType>
      <extensionContainer.C9.Sequence>
         <privateExtensionList.C0.BoxedType>
            <Collection>
               <PrivateExtension.Sequence>
                  <extId><ObjectIdentifier>0.1.23</ObjectIdentifier></extId>
                  <extType>911d5c69842027c9</extType>
               </PrivateExtension.Sequence>
               <PrivateExtension.Sequence>
                  <extId><ObjectIdentifier>0.1.271.37</ObjectIdentifier></extId>
                  <extType>952a0da62d4e</extType>
               </PrivateExtension.Sequence>
               <PrivateExtension.Sequence>
                  <extId><ObjectIdentifier>0.1.247.68.1</ObjectIdentifier></extId>
                  <extType>d069feaa3f9a</extType>
               </PrivateExtension.Sequence>
            </Collection>
         </privateExtensionList.C0.BoxedType>
         <pcsExtensions.C1.Sequence></pcsExtensions.C1.Sequence>
      </extensionContainer.C9.Sequence>
      <longForwardedToNumber.C10.BoxedType><AddressString.BoxedType><Bytes>f01125983021
               <field name="extension" value="no extension:1" type="EnumLong" lengthBit="1"/>
               <field name="nature of address" value="reserved for extension:7" type="EnumLong" lengthBit="3"/>
               <field name="numbering plan" value="unknown:0" type="EnumLong" lengthBit="4"/>
               <field name="digits" value="1152890312" type="Number_BCD" length="10"/>
            </Bytes></AddressString.BoxedType></longForwardedToNumber.C10.BoxedType>
   </Ext_ForwFeature.Sequence>
</ASN>