<?xml version="1.0" encoding="ISO-8859-15"?>

<ASN layer="MAP">
   <ExternalClient.Sequence>
      <clientIdentity.Sequence>
         <externalAddress.C0.BoxedType><Bytes>d19164603589
               <field name="extension" value="no extension:1" type="EnumLong" lengthBit="1"/>
               <field name="nature of address" value="reserved:5" type="EnumLong" lengthBit="3"/>
               <field name="numbering plan" value="ISDN/Telephony Numbering Plan (Rec ITU-T E.164):1" type="EnumLong" lengthBit="4"/>
               <field name="digits" value="1946065398" type="Number_BCD" length="10"/>
            </Bytes></externalAddress.C0.BoxedType>
         <extensionContainer.C1.Sequence>
            <privateExtensionList.C0.BoxedType>
               <Collection>
                  <PrivateExtension.Sequence>
                     <extId><ObjectIdentifier>0.1.28.98.5.115.45.97.87</ObjectIdentifier></extId>
                     <extType>d36c41734801d298</extType>
                  </PrivateExtension.Sequence>
                  <PrivateExtension.Sequence>
                     <extId><ObjectIdentifier>0.1.222.75.39.76.22.123</ObjectIdentifier></extId>
                     <extType>df355f4d796840eb</extType>
                  </PrivateExtension.Sequence>
                  <PrivateExtension.Sequence>
                     <extId><ObjectIdentifier>0.1.248.113.96.115.42</ObjectIdentifier></extId>
                     <extType>b0</extType>
                  </PrivateExtension.Sequence>
               </Collection>
            </privateExtensionList.C0.BoxedType>
            <pcsExtensions.C1.Sequence></pcsExtensions.C1.Sequence>
         </extensionContainer.C1.Sequence>
      </clientIdentity.Sequence>
      <gmlc_Restriction.C0.Enum>
         <EnumType>gmlc_List.0</EnumType>
      </gmlc_Restriction.C0.Enum>
      <notificationToMSUser.C1.Enum>
         <EnumType>notifyAndVerify_LocationNotAllowedIfNoResponse.2</EnumType>
      </notificationToMSUser.C1.Enum>
      <extensionContainer.C2.Sequence>
         <privateExtensionList.C0.BoxedType>
            <Collection>
               <PrivateExtension.Sequence>
                  <extId><ObjectIdentifier>0.1.210.54.19.92.37.3.109</ObjectIdentifier></extId>
                  <extType>677320</extType>
               </PrivateExtension.Sequence>
               <PrivateExtension.Sequence>
                  <extId><ObjectIdentifier>0.1.283.62.19</ObjectIdentifier></extId>
                  <extType>cb9c70</extType>
               </PrivateExtension.Sequence>
               <PrivateExtension.Sequence>
                  <extId><ObjectIdentifier>0.1.231.22.60.90.22.89.101</ObjectIdentifier></extId>
                  <extType>982080</extType>
               </PrivateExtension.Sequence>
            </Collection>
         </privateExtensionList.C0.BoxedType>
         <pcsExtensions.C1.Sequence></pcsExtensions.C1.Sequence>
      </extensionContainer.C2.Sequence>
   </ExternalClient.Sequence>
</ASN>