<?xml version="1.0" encoding="ISO-8859-15"?>

<ASN layer="MAP">
   <FacilityNotSupParam.Sequence><extensionContainer.Sequence>
         <privateExtensionList.C0.BoxedType>
            <Collection>
               <PrivateExtension.Sequence>
                  <extId><ObjectIdentifier>0.1.222.48</ObjectIdentifier></extId>
                  <extType>595e8d7d1775077d</extType>
               </PrivateExtension.Sequence>
               <PrivateExtension.Sequence>
                  <extId><ObjectIdentifier>0.1.243.112.58.123.102.60.74.112.25.16</ObjectIdentifier></extId>
                  <extType>db803cf9</extType>
               </PrivateExtension.Sequence>
               <PrivateExtension.Sequence>
                  <extId><ObjectIdentifier>0.1.234.4.126.14.2.94.87</ObjectIdentifier></extId>
                  <extType>d0422965</extType>
               </PrivateExtension.Sequence>
            </Collection>
         </privateExtensionList.C0.BoxedType>
         <pcsExtensions.C1.Sequence></pcsExtensions.C1.Sequence>
      </extensionContainer.Sequence></FacilityNotSupParam.Sequence>
</ASN>