<?xml version="1.0" encoding="ISO-8859-15"?>

<ASN layer="MAP">
   <FailureReportRes.Sequence>
      <ggsn_Address.C0.BoxedType><Bytes>22eb3f81c3
            <field name="Address type" value="IPV4:0" type="EnumLong" lengthBit="2"/>
            <field name="AddressLength" value="34" type="Integer" lengthBit="6"/>
            <field name="IPV4 address" value="235.63.129.195" type="IPV4Address" length="4"/>
         </Bytes></ggsn_Address.C0.BoxedType>
      <extensionContainer.C1.Sequence>
         <privateExtensionList.C0.BoxedType>
            <Collection>
               <PrivateExtension.Sequence>
                  <extId><ObjectIdentifier>0.1.225.76.36.102.111</ObjectIdentifier></extId>
                  <extType>39dd</extType>
               </PrivateExtension.Sequence>
               <PrivateExtension.Sequence>
                  <extId><ObjectIdentifier>0.1.232.68.82.54.33.100.85.42.47.7</ObjectIdentifier></extId>
                  <extType>02</extType>
               </PrivateExtension.Sequence>
               <PrivateExtension.Sequence>
                  <extId><ObjectIdentifier>0.1.279.89.81.7.86.67.107</ObjectIdentifier></extId>
                  <extType>91276012</extType>
               </PrivateExtension.Sequence>
            </Collection>
         </privateExtensionList.C0.BoxedType>
         <pcsExtensions.C1.Sequence></pcsExtensions.C1.Sequence>
      </extensionContainer.C1.Sequence>
   </FailureReportRes.Sequence>
</ASN>