<?xml version="1.0" encoding="ISO-8859-15"?>

<ASN layer="MAP">
   <FailureReportArg.Sequence>
      <imsi.C0.BoxedType><Bytes>33791306f0
            <field name="digits" value="339731600" type="Number_BCD" length="9"/>
         </Bytes></imsi.C0.BoxedType>
      <ggsn_Number.C1.BoxedType><Bytes>df5153328622
            <field name="extension" value="no extension:1" type="EnumLong" lengthBit="1"/>
            <field name="nature of address" value="reserved:5" type="EnumLong" lengthBit="3"/>
            <field name="numbering plan" value="reserved for extension:15" type="EnumLong" lengthBit="4"/>
            <field name="digits" value="1535236822" type="Number_BCD" length="10"/>
         </Bytes></ggsn_Number.C1.BoxedType>
      <ggsn_Address.C2.BoxedType><Bytes>15b52a7a62
            <field name="Address type" value="IPV4:0" type="EnumLong" lengthBit="2"/>
            <field name="AddressLength" value="21" type="Integer" lengthBit="6"/>
            <field name="IPV4 address" value="181.42.122.98" type="IPV4Address" length="4"/>
         </Bytes></ggsn_Address.C2.BoxedType>
      <extensionContainer.C3.Sequence>
         <privateExtensionList.C0.BoxedType>
            <Collection>
               <PrivateExtension.Sequence>
                  <extId><ObjectIdentifier>0.1.2107</ObjectIdentifier></extId>
                  <extType>83a8</extType>
               </PrivateExtension.Sequence>
               <PrivateExtension.Sequence>
                  <extId><ObjectIdentifier>0.1.257.39.114.32.22</ObjectIdentifier></extId>
                  <extType>c7c0</extType>
               </PrivateExtension.Sequence>
               <PrivateExtension.Sequence>
                  <extId><ObjectIdentifier>0.1.2121.42.110.99.69.75.7.53</ObjectIdentifier></extId>
                  <extType>77380fa88c2bfda6</extType>
               </PrivateExtension.Sequence>
            </Collection>
         </privateExtensionList.C0.BoxedType>
         <pcsExtensions.C1.Sequence></pcsExtensions.C1.Sequence>
      </extensionContainer.C3.Sequence>
   </FailureReportArg.Sequence>
</ASN>