<?xml version="1.0" encoding="ISO-8859-15"?>

<ASN layer="MAP">
   <ForwardingViolationParam.Sequence><extensionContainer.Sequence>
         <privateExtensionList.C0.BoxedType>
            <Collection>
               <PrivateExtension.Sequence>
                  <extId><ObjectIdentifier>0.1.285.68</ObjectIdentifier></extId>
                  <extType>a5af4a</extType>
               </PrivateExtension.Sequence>
               <PrivateExtension.Sequence>
                  <extId><ObjectIdentifier>0.1.237.29.72</ObjectIdentifier></extId>
                  <extType>389238b9f540c4fd</extType>
               </PrivateExtension.Sequence>
               <PrivateExtension.Sequence>
                  <extId><ObjectIdentifier>0.1.2107</ObjectIdentifier></extId>
                  <extType>19</extType>
               </PrivateExtension.Sequence>
            </Collection>
         </privateExtensionList.C0.BoxedType>
         <pcsExtensions.C1.Sequence></pcsExtensions.C1.Sequence>
      </extensionContainer.Sequence></ForwardingViolationParam.Sequence>
</ASN>