<?xml version="1.0" encoding="ISO-8859-15"?>

<ASN layer="MAP">
   <ForwardingFailedParam.Sequence><extensionContainer.Sequence>
         <privateExtensionList.C0.BoxedType>
            <Collection>
               <PrivateExtension.Sequence>
                  <extId><ObjectIdentifier>0.1.297.79.1.24.27.125.98</ObjectIdentifier></extId>
                  <extType>df76</extType>
               </PrivateExtension.Sequence>
               <PrivateExtension.Sequence>
                  <extId><ObjectIdentifier>0.1.2124.76.4.3.68.79.56.53</ObjectIdentifier></extId>
                  <extType>9a4c22d2ef</extType>
               </PrivateExtension.Sequence>
               <PrivateExtension.Sequence>
                  <extId><ObjectIdentifier>0.1.259.36.93.125.76.56.48.96.82.109</ObjectIdentifier></extId>
                  <extType>a4679b24a6</extType>
               </PrivateExtension.Sequence>
            </Collection>
         </privateExtensionList.C0.BoxedType>
         <pcsExtensions.C1.Sequence></pcsExtensions.C1.Sequence>
      </extensionContainer.Sequence></ForwardingFailedParam.Sequence>
</ASN>