<?xml version="1.0" encoding="ISO-8859-15"?>

<ASN layer="MAP">
   <ForwardAccessSignallingArgV3.BoxedType><ForwardAccessSignallingArgV3SequenceType.C3.Sequence>
         <an_APDU.Sequence>
            <accessNetworkProtocolId.Enum>
               <EnumType>ts3G_48006.1</EnumType>
            </accessNetworkProtocolId.Enum>
            <signalInfo.BoxedType><Bytes>4b</Bytes></signalInfo.BoxedType>
            <extensionContainer.Sequence>
               <privateExtensionList.C0.BoxedType>
                  <Collection>
                     <PrivateExtension.Sequence>
                        <extId><ObjectIdentifier>0.1.2123</ObjectIdentifier></extId>
                        <extType>0a1a12cea440a8</extType>
                     </PrivateExtension.Sequence>
                     <PrivateExtension.Sequence>
                        <extId><ObjectIdentifier>0.1.248.66.38.73</ObjectIdentifier></extId>
                        <extType>f490ced2b6</extType>
                     </PrivateExtension.Sequence>
                     <PrivateExtension.Sequence>
                        <extId><ObjectIdentifier>0.1.280.28.89</ObjectIdentifier></extId>
                        <extType>ccab</extType>
                     </PrivateExtension.Sequence>
                  </Collection>
               </privateExtensionList.C0.BoxedType>
               <pcsExtensions.C1.Sequence></pcsExtensions.C1.Sequence>
            </extensionContainer.Sequence>
         </an_APDU.Sequence>
         <integrityProtectionInfo.C0.BoxedType><Bytes>639e10504d582f</Bytes></integrityProtectionInfo.C0.BoxedType>
         <encryptionInfo.C1.BoxedType><Bytes>5ec30d3f2ee7</Bytes></encryptionInfo.C1.BoxedType>
         <keyStatus.C2.Enum>
            <EnumType>old.0</EnumType>
         </keyStatus.C2.Enum>
         <allowedGSM_Algorithms.C4.BoxedType><Bytes>e30b</Bytes></allowedGSM_Algorithms.C4.BoxedType>
         <allowedUMTS_Algorithms.C5.Sequence>
            <integrityProtectionAlgorithms.C0.BoxedType><Bytes>483ac3</Bytes></integrityProtectionAlgorithms.C0.BoxedType>
            <encryptionAlgorithms.C1.BoxedType><Bytes>647c65b81d</Bytes></encryptionAlgorithms.C1.BoxedType>
            <extensionContainer.C2.Sequence>
               <privateExtensionList.C0.BoxedType>
                  <Collection>
                     <PrivateExtension.Sequence>
                        <extId><ObjectIdentifier>0.1.22.85</ObjectIdentifier></extId>
                        <extType>63a00929bed3</extType>
                     </PrivateExtension.Sequence>
                     <PrivateExtension.Sequence>
                        <extId><ObjectIdentifier>0.1.266.98.34.81</ObjectIdentifier></extId>
                        <extType>0ca1</extType>
                     </PrivateExtension.Sequence>
                     <PrivateExtension.Sequence>
                        <extId><ObjectIdentifier>0.1.226.51.109.17.28.55.94.125.99.15</ObjectIdentifier></extId>
                        <extType>d8a700b010d2891dee</extType>
                     </PrivateExtension.Sequence>
                  </Collection>
               </privateExtensionList.C0.BoxedType>
               <pcsExtensions.C1.Sequence></pcsExtensions.C1.Sequence>
            </extensionContainer.C2.Sequence>
         </allowedUMTS_Algorithms.C5.Sequence>
         <radioResourceInformation.C6.BoxedType><Bytes>9d19</Bytes></radioResourceInformation.C6.BoxedType>
         <extensionContainer.C3.Sequence>
            <privateExtensionList.C0.BoxedType>
               <Collection>
                  <PrivateExtension.Sequence>
                     <extId><ObjectIdentifier>0.1.269.118.61.87.39</ObjectIdentifier></extId>
                     <extType>520ba575a44ccbe90b</extType>
                  </PrivateExtension.Sequence>
                  <PrivateExtension.Sequence>
                     <extId><ObjectIdentifier>0.1.26.84.39.33.6.52.120.62.101</ObjectIdentifier></extId>
                     <extType>d643</extType>
                  </PrivateExtension.Sequence>
                  <PrivateExtension.Sequence>
                     <extId><ObjectIdentifier>0.1.2113.86.39.110</ObjectIdentifier></extId>
                     <extType>52a2e938bb</extType>
                  </PrivateExtension.Sequence>
               </Collection>
            </privateExtensionList.C0.BoxedType>
            <pcsExtensions.C1.Sequence></pcsExtensions.C1.Sequence>
         </extensionContainer.C3.Sequence>
         <radioResourceList.C7.BoxedType>
            <Collection>
               <RadioResource.Sequence>
                  <radioResourceInformation.BoxedType><Bytes>ec</Bytes></radioResourceInformation.BoxedType>
                  <rab_Id.BoxedType><Integer>2</Integer></rab_Id.BoxedType>
               </RadioResource.Sequence>
               <RadioResource.Sequence>
                  <radioResourceInformation.BoxedType><Bytes>3f2047608292</Bytes></radioResourceInformation.BoxedType>
                  <rab_Id.BoxedType><Integer>0</Integer></rab_Id.BoxedType>
               </RadioResource.Sequence>
               <RadioResource.Sequence>
                  <radioResourceInformation.BoxedType><Bytes>4b9a</Bytes></radioResourceInformation.BoxedType>
                  <rab_Id.BoxedType><Integer>1</Integer></rab_Id.BoxedType>
               </RadioResource.Sequence>
            </Collection>
         </radioResourceList.C7.BoxedType>
         <bssmap_ServiceHandover.C9.BoxedType><Bytes>74c606741808c293</Bytes></bssmap_ServiceHandover.C9.BoxedType>
         <ranap_ServiceHandover.C8.BoxedType><Bytes>a10c757999</Bytes></ranap_ServiceHandover.C8.BoxedType>
         <bssmap_ServiceHandoverList.C10.BoxedType>
            <Collection>
               <BSSMAP_ServiceHandoverInfo.Sequence>
                  <bssmap_ServiceHandover.BoxedType><Bytes>11422477ade31e</Bytes></bssmap_ServiceHandover.BoxedType>
                  <rab_Id.BoxedType><Integer>0</Integer></rab_Id.BoxedType>
               </BSSMAP_ServiceHandoverInfo.Sequence>
               <BSSMAP_ServiceHandoverInfo.Sequence>
                  <bssmap_ServiceHandover.BoxedType><Bytes>c832e8f7d0739e37</Bytes></bssmap_ServiceHandover.BoxedType>
                  <rab_Id.BoxedType><Integer>0</Integer></rab_Id.BoxedType>
               </BSSMAP_ServiceHandoverInfo.Sequence>
               <BSSMAP_ServiceHandoverInfo.Sequence>
                  <bssmap_ServiceHandover.BoxedType><Bytes>8ccd3de621</Bytes></bssmap_ServiceHandover.BoxedType>
                  <rab_Id.BoxedType><Integer>0</Integer></rab_Id.BoxedType>
               </BSSMAP_ServiceHandoverInfo.Sequence>
            </Collection>
         </bssmap_ServiceHandoverList.C10.BoxedType>
         <currentlyUsedCodec.C11.BoxedType><Bytes>a7a52406707f79</Bytes></currentlyUsedCodec.C11.BoxedType>
         <iuSupportedCodecsList.C12.Sequence>
            <utranCodecList.C0.Sequence>
               <codec1.C1.BoxedType><Bytes>2c2c0d</Bytes></codec1.C1.BoxedType>
               <codec2.C2.BoxedType><Bytes>177feb54</Bytes></codec2.C2.BoxedType>
               <codec3.C3.BoxedType><Bytes>022754e75fbe</Bytes></codec3.C3.BoxedType>
               <codec4.C4.BoxedType><Bytes>ecd88bd7d3</Bytes></codec4.C4.BoxedType>
               <codec5.C5.BoxedType><Bytes>a70317</Bytes></codec5.C5.BoxedType>
               <codec6.C6.BoxedType><Bytes>eae45f0e89</Bytes></codec6.C6.BoxedType>
               <codec7.C7.BoxedType><Bytes>be10c1be9f9eb2</Bytes></codec7.C7.BoxedType>
               <codec8.C8.BoxedType><Bytes>81047b1877700872ae</Bytes></codec8.C8.BoxedType>
               <extensionContainer.C9.Sequence>
                  <privateExtensionList.C0.BoxedType>
                     <Collection>
                        <PrivateExtension.Sequence>
                           <extId><ObjectIdentifier>0.1.287.104</ObjectIdentifier></extId>
                           <extType>490b02907ae5</extType>
                        </PrivateExtension.Sequence>
                        <PrivateExtension.Sequence>
                           <extId><ObjectIdentifier>0.1.244.0.108.110.121</ObjectIdentifier></extId>
                           <extType>1084658072</extType>
                        </PrivateExtension.Sequence>
                        <PrivateExtension.Sequence>
                           <extId><ObjectIdentifier>0.1.236.116.12.121.42.124.65</ObjectIdentifier></extId>
                           <extType>63</extType>
                        </PrivateExtension.Sequence>
                     </Collection>
                  </privateExtensionList.C0.BoxedType>
                  <pcsExtensions.C1.Sequence></pcsExtensions.C1.Sequence>
               </extensionContainer.C9.Sequence>
            </utranCodecList.C0.Sequence>
            <geranCodecList.C1.Sequence>
               <codec1.C1.BoxedType><Bytes>2f992d1b05b8f67956</Bytes></codec1.C1.BoxedType>
               <codec2.C2.BoxedType><Bytes>43fd7d05</Bytes></codec2.C2.BoxedType>
               <codec3.C3.BoxedType><Bytes>408139c9426bda1cf579</Bytes></codec3.C3.BoxedType>
               <codec4.C4.BoxedType><Bytes>a896b9534f24a004e7</Bytes></codec4.C4.BoxedType>
               <codec5.C5.BoxedType><Bytes>b804c7eb96</Bytes></codec5.C5.BoxedType>
               <codec6.C6.BoxedType><Bytes>93b9543eb1fc</Bytes></codec6.C6.BoxedType>
               <codec7.C7.BoxedType><Bytes>d9</Bytes></codec7.C7.BoxedType>
               <codec8.C8.BoxedType><Bytes>df59bdd91a20c57658</Bytes></codec8.C8.BoxedType>
               <extensionContainer.C9.Sequence>
                  <privateExtensionList.C0.BoxedType>
                     <Collection>
                        <PrivateExtension.Sequence>
                           <extId><ObjectIdentifier>0.1.213.71.22.40.90.4</ObjectIdentifier></extId>
                           <extType>6b43d8755c5d</extType>
                        </PrivateExtension.Sequence>
                        <PrivateExtension.Sequence>
                           <extId><ObjectIdentifier>0.1.241.67.88</ObjectIdentifier></extId>
                           <extType>f29c831555</extType>
                        </PrivateExtension.Sequence>
                        <PrivateExtension.Sequence>
                           <extId><ObjectIdentifier>0.1.2112.73.80.120.37</ObjectIdentifier></extId>
                           <extType>55</extType>
                        </PrivateExtension.Sequence>
                     </Collection>
                  </privateExtensionList.C0.BoxedType>
                  <pcsExtensions.C1.Sequence></pcsExtensions.C1.Sequence>
               </extensionContainer.C9.Sequence>
            </geranCodecList.C1.Sequence>
            <extensionContainer.C2.Sequence>
               <privateExtensionList.C0.BoxedType>
                  <Collection>
                     <PrivateExtension.Sequence>
                        <extId><ObjectIdentifier>0.1.251</ObjectIdentifier></extId>
                        <extType>ca9724</extType>
                     </PrivateExtension.Sequence>
                     <PrivateExtension.Sequence>
                        <extId><ObjectIdentifier>0.1.264.76.127.24</ObjectIdentifier></extId>
                        <extType>4fe2496816870f9a</extType>
                     </PrivateExtension.Sequence>
                     <PrivateExtension.Sequence>
                        <extId><ObjectIdentifier>0.1.210.112.119.86.91.29.124.10</ObjectIdentifier></extId>
                        <extType>f7592a83ed6643</extType>
                     </PrivateExtension.Sequence>
                  </Collection>
               </privateExtensionList.C0.BoxedType>
               <pcsExtensions.C1.Sequence></pcsExtensions.C1.Sequence>
            </extensionContainer.C2.Sequence>
         </iuSupportedCodecsList.C12.Sequence>
         <rab_ConfigurationIndicator.C13></rab_ConfigurationIndicator.C13>
         <iuSelectedCodec.C14.BoxedType><Bytes>680a7c7286015fa67c3c</Bytes></iuSelectedCodec.C14.BoxedType>
      </ForwardAccessSignallingArgV3SequenceType.C3.Sequence></ForwardAccessSignallingArgV3.BoxedType>
</ASN>