<?xml version="1.0" encoding="ISO-8859-15"?>

<ASN layer="MAP">
   <ForwardGroupCallSignallingArg.Sequence>
      <imsi.BoxedType><Bytes>5167692280
            <field name="digits" value="1576962208" type="Number_BCD" length="10"/>
         </Bytes></imsi.BoxedType>
      <uplinkRequestAck.C0></uplinkRequestAck.C0>
      <uplinkReleaseIndication.C1></uplinkReleaseIndication.C1>
      <uplinkRejectCommand.C2></uplinkRejectCommand.C2>
      <uplinkSeizedCommand.C3></uplinkSeizedCommand.C3>
      <uplinkReleaseCommand.C4></uplinkReleaseCommand.C4>
      <extensionContainer.Sequence>
         <privateExtensionList.C0.BoxedType>
            <Collection>
               <PrivateExtension.Sequence>
                  <extId><ObjectIdentifier>0.1.2104</ObjectIdentifier></extId>
                  <extType>b68ee0f6bb232527</extType>
               </PrivateExtension.Sequence>
               <PrivateExtension.Sequence>
                  <extId><ObjectIdentifier>0.1.27.104.35</ObjectIdentifier></extId>
                  <extType>968a6a1a17</extType>
               </PrivateExtension.Sequence>
               <PrivateExtension.Sequence>
                  <extId><ObjectIdentifier>0.1.275.111.76.4.40.4</ObjectIdentifier></extId>
                  <extType>f25857839a</extType>
               </PrivateExtension.Sequence>
            </Collection>
         </privateExtensionList.C0.BoxedType>
         <pcsExtensions.C1.Sequence></pcsExtensions.C1.Sequence>
      </extensionContainer.Sequence>
   </ForwardGroupCallSignallingArg.Sequence>
</ASN>