<?xml version="1.0" encoding="ISO-8859-15"?>

<ASN layer="MAP">
   <ForwardingFeature.Sequence>
      <basicService.Choice>
         <bearerService.C2.BoxedType><Bytes>19176f</Bytes></bearerService.C2.BoxedType>
         <teleservice.C3.BoxedType><Bytes>bacbd961b347</Bytes></teleservice.C3.BoxedType>
      </basicService.Choice>
      <ss_Status.C4.BoxedType><Bytes>30407de2940f0df242e1</Bytes></ss_Status.C4.BoxedType>
      <forwardedToNumber.C5.BoxedType><Bytes>3675424067f2
            <field name="extension" value="extension:0" type="EnumLong" lengthBit="1"/>
            <field name="nature of address" value="network specific number:3" type="EnumLong" lengthBit="3"/>
            <field name="numbering plan" value="land mobile numbering plan (ITU-T Rec E.212):6" type="EnumLong" lengthBit="4"/>
            <field name="digits" value="572404762" type="Number_BCD" length="9"/>
         </Bytes></forwardedToNumber.C5.BoxedType>
      <forwardedToSubaddress.C8.BoxedType><Bytes>c2c2002c</Bytes></forwardedToSubaddress.C8.BoxedType>
      <forwardingOptions.C6.BoxedType><Bytes>b2bca847af</Bytes></forwardingOptions.C6.BoxedType>
      <noReplyConditionTime.C7.BoxedType><Integer>1</Integer></noReplyConditionTime.C7.BoxedType>
      <longForwardedToNumber.C9.BoxedType><AddressString.BoxedType><Bytes>9433872160f6
               <field name="extension" value="no extension:1" type="EnumLong" lengthBit="1"/>
               <field name="nature of address" value="international number:1" type="EnumLong" lengthBit="3"/>
               <field name="numbering plan" value="telex numbering plan (ITU-T Rec F.69):4" type="EnumLong" lengthBit="4"/>
               <field name="digits" value="337812066" type="Number_BCD" length="9"/>
            </Bytes></AddressString.BoxedType></longForwardedToNumber.C9.BoxedType>
   </ForwardingFeature.Sequence>
</ASN>