<?xml version="1.0" encoding="ISO-8859-15"?>

<ASN layer="MAP">
   <GPRS_CamelTDPData.Sequence>
      <gprs_TriggerDetectionPoint.C0.Enum>
         <EnumType>pdp_ContextEstablishment.11</EnumType>
      </gprs_TriggerDetectionPoint.C0.Enum>
      <serviceKey.C1.BoxedType><Integer>2</Integer></serviceKey.C1.BoxedType>
      <gsmSCF_Address.C2.BoxedType><Bytes>3285902791f2
            <field name="extension" value="extension:0" type="EnumLong" lengthBit="1"/>
            <field name="nature of address" value="network specific number:3" type="EnumLong" lengthBit="3"/>
            <field name="numbering plan" value="spare:2" type="EnumLong" lengthBit="4"/>
            <field name="digits" value="580972192" type="Number_BCD" length="9"/>
         </Bytes></gsmSCF_Address.C2.BoxedType>
      <defaultSessionHandling.C3.Enum>
         <EnumType>releaseTransaction.1</EnumType>
      </defaultSessionHandling.C3.Enum>
      <extensionContainer.C4.Sequence>
         <privateExtensionList.C0.BoxedType>
            <Collection>
               <PrivateExtension.Sequence>
                  <extId><ObjectIdentifier>0.1.2125.28.83.26.128.121.120</ObjectIdentifier></extId>
                  <extType>e4271b</extType>
               </PrivateExtension.Sequence>
               <PrivateExtension.Sequence>
                  <extId><ObjectIdentifier>0.1.232.98</ObjectIdentifier></extId>
                  <extType>b82c</extType>
               </PrivateExtension.Sequence>
               <PrivateExtension.Sequence>
                  <extId><ObjectIdentifier>0.1.2110.121</ObjectIdentifier></extId>
                  <extType>119d847f</extType>
               </PrivateExtension.Sequence>
            </Collection>
         </privateExtensionList.C0.BoxedType>
         <pcsExtensions.C1.Sequence></pcsExtensions.C1.Sequence>
      </extensionContainer.C4.Sequence>
   </GPRS_CamelTDPData.Sequence>
</ASN>