<?xml version="1.0" encoding="ISO-8859-15"?>

<ASN layer="MAP">
   <IllegalEquipmentParam.Sequence><extensionContainer.Sequence>
         <privateExtensionList.C0.BoxedType>
            <Collection>
               <PrivateExtension.Sequence>
                  <extId><ObjectIdentifier>0.1.255.113.34</ObjectIdentifier></extId>
                  <extType>509c45</extType>
               </PrivateExtension.Sequence>
               <PrivateExtension.Sequence>
                  <extId><ObjectIdentifier>0.1.210.123.1</ObjectIdentifier></extId>
                  <extType>fe62f596c429</extType>
               </PrivateExtension.Sequence>
               <PrivateExtension.Sequence>
                  <extId><ObjectIdentifier>0.1.275.68.43.90.102.38</ObjectIdentifier></extId>
                  <extType>82fed0ef87f6d672</extType>
               </PrivateExtension.Sequence>
            </Collection>
         </privateExtensionList.C0.BoxedType>
         <pcsExtensions.C1.Sequence></pcsExtensions.C1.Sequence>
      </extensionContainer.Sequence></IllegalEquipmentParam.Sequence>
</ASN>