<?xml version="1.0" encoding="ISO-8859-15"?>

<ASN layer="MAP">
   <IllegalSS_OperationParam.Sequence><extensionContainer.Sequence>
         <privateExtensionList.C0.BoxedType>
            <Collection>
               <PrivateExtension.Sequence>
                  <extId><ObjectIdentifier>0.1.244</ObjectIdentifier></extId>
                  <extType>c77503dc53de94df9d</extType>
               </PrivateExtension.Sequence>
               <PrivateExtension.Sequence>
                  <extId><ObjectIdentifier>0.1.2100.63.94.112</ObjectIdentifier></extId>
                  <extType>a8ddb3b9c198</extType>
               </PrivateExtension.Sequence>
               <PrivateExtension.Sequence>
                  <extId><ObjectIdentifier>0.1.287</ObjectIdentifier></extId>
                  <extType>82762c0a559c3e739a</extType>
               </PrivateExtension.Sequence>
            </Collection>
         </privateExtensionList.C0.BoxedType>
         <pcsExtensions.C1.Sequence></pcsExtensions.C1.Sequence>
      </extensionContainer.Sequence></IllegalSS_OperationParam.Sequence>
</ASN>