<?xml version="1.0" encoding="ISO-8859-15"?>

<ASN layer="MAP">
   <IncompatibleTerminalParam.Sequence><extensionContainer.Sequence>
         <privateExtensionList.C0.BoxedType>
            <Collection>
               <PrivateExtension.Sequence>
                  <extId><ObjectIdentifier>0.1.261.121.121.19</ObjectIdentifier></extId>
                  <extType>f1c518d950</extType>
               </PrivateExtension.Sequence>
               <PrivateExtension.Sequence>
                  <extId><ObjectIdentifier>0.1.277.20</ObjectIdentifier></extId>
                  <extType>02acd43b24d2028a</extType>
               </PrivateExtension.Sequence>
               <PrivateExtension.Sequence>
                  <extId><ObjectIdentifier>0.1.288.26.122.12.126.99.111</ObjectIdentifier></extId>
                  <extType>478d3bcf15</extType>
               </PrivateExtension.Sequence>
            </Collection>
         </privateExtensionList.C0.BoxedType>
         <pcsExtensions.C1.Sequence></pcsExtensions.C1.Sequence>
      </extensionContainer.Sequence></IncompatibleTerminalParam.Sequence>
</ASN>