<?xml version="1.0" encoding="ISO-8859-15"?>

<ASN layer="MAP">
   <InformServiceCentreArg.Sequence>
      <storedMSISDN.BoxedType><ISDN_AddressString.BoxedType><Bytes>5d0138365330
               <field name="extension" value="extension:0" type="EnumLong" lengthBit="1"/>
               <field name="nature of address" value="reserved:5" type="EnumLong" lengthBit="3"/>
               <field name="numbering plan" value="13" type="EnumLong" lengthBit="4"/>
               <field name="digits" value="1083633503" type="Number_BCD" length="10"/>
            </Bytes></ISDN_AddressString.BoxedType></storedMSISDN.BoxedType>
      <mw_Status><BitString value="730e" trailing="0"/></mw_Status>
      <extensionContainer.Sequence>
         <privateExtensionList.C0.BoxedType>
            <Collection>
               <PrivateExtension.Sequence>
                  <extId><ObjectIdentifier>0.1.2112.74.37.67</ObjectIdentifier></extId>
                  <extType>5279eee318517379e50b</extType>
               </PrivateExtension.Sequence>
               <PrivateExtension.Sequence>
                  <extId><ObjectIdentifier>0.1.2128.58.30.59.89</ObjectIdentifier></extId>
                  <extType>7e1ea34f09e7bc</extType>
               </PrivateExtension.Sequence>
               <PrivateExtension.Sequence>
                  <extId><ObjectIdentifier>0.1.212.98.5.102.124.73.19</ObjectIdentifier></extId>
                  <extType>bf7afb</extType>
               </PrivateExtension.Sequence>
            </Collection>
         </privateExtensionList.C0.BoxedType>
         <pcsExtensions.C1.Sequence></pcsExtensions.C1.Sequence>
      </extensionContainer.Sequence>
   </InformServiceCentreArg.Sequence>
</ASN>