<?xml version="1.0" encoding="ISO-8859-15"?>

<ASN layer="MAP">
   <InterrogateSS_Res.Choice>
      <ss_Status.C0.BoxedType><Bytes>7b289d93e2647d</Bytes></ss_Status.C0.BoxedType>
      <basicServiceGroupList.C2.BoxedType>
         <Collection>
            <BasicService.Choice>
               <bearerservice.C2.BoxedType><Bytes>65a22e</Bytes></bearerservice.C2.BoxedType>
               <teleservice.C3.BoxedType><Bytes>326fe1f69312</Bytes></teleservice.C3.BoxedType>
            </BasicService.Choice>
            <BasicService.Choice>
               <bearerservice.C2.BoxedType><Bytes>d8df8a5b8741f7af6142</Bytes></bearerservice.C2.BoxedType>
               <teleservice.C3.BoxedType><Bytes>f775873b</Bytes></teleservice.C3.BoxedType>
            </BasicService.Choice>
            <BasicService.Choice>
               <bearerservice.C2.BoxedType><Bytes>7bf3</Bytes></bearerservice.C2.BoxedType>
               <teleservice.C3.BoxedType><Bytes>e3019dc01a</Bytes></teleservice.C3.BoxedType>
            </BasicService.Choice>
         </Collection>
      </basicServiceGroupList.C2.BoxedType>
      <forwardingFeatureList.C3.BoxedType>
         <Collection>
            <ForwardingFeature.Sequence>
               <basicService.Choice>
                  <bearerService.C2.BoxedType><Bytes>e3f4e7f0a7</Bytes></bearerService.C2.BoxedType>
                  <teleservice.C3.BoxedType><Bytes>5966a42153ac7c90</Bytes></teleservice.C3.BoxedType>
               </basicService.Choice>
               <ss_Status.C4.BoxedType><Bytes>e84e17bcf643921f5f</Bytes></ss_Status.C4.BoxedType>
               <forwardedToNumber.C5.BoxedType><Bytes>c695499544f1
                     <field name="extension" value="no extension:1" type="EnumLong" lengthBit="1"/>
                     <field name="nature of address" value="subscriber number:4" type="EnumLong" lengthBit="3"/>
                     <field name="numbering plan" value="land mobile numbering plan (ITU-T Rec E.212):6" type="EnumLong" lengthBit="4"/>
                     <field name="digits" value="599459441" type="Number_BCD" length="9"/>
                  </Bytes></forwardedToNumber.C5.BoxedType>
               <forwardedToSubaddress.C8.BoxedType><Bytes>d9acb0f4c32952</Bytes></forwardedToSubaddress.C8.BoxedType>
               <forwardingOptions.C6.BoxedType><Bytes>ddcb45</Bytes></forwardingOptions.C6.BoxedType>
               <noReplyConditionTime.C7.BoxedType><Integer>1</Integer></noReplyConditionTime.C7.BoxedType>
               <longForwardedToNumber.C9.BoxedType><AddressString.BoxedType><Bytes>765111586113
                        <field name="extension" value="extension:0" type="EnumLong" lengthBit="1"/>
                        <field name="nature of address" value="reserved for extension:7" type="EnumLong" lengthBit="3"/>
                        <field name="numbering plan" value="land mobile numbering plan (ITU-T Rec E.212):6" type="EnumLong" lengthBit="4"/>
                        <field name="digits" value="1511851631" type="Number_BCD" length="10"/>
                     </Bytes></AddressString.BoxedType></longForwardedToNumber.C9.BoxedType>
            </ForwardingFeature.Sequence>
            <ForwardingFeature.Sequence>
               <basicService.Choice>
                  <bearerService.C2.BoxedType><Bytes>eb</Bytes></bearerService.C2.BoxedType>
                  <teleservice.C3.BoxedType><Bytes>8340821ce3</Bytes></teleservice.C3.BoxedType>
               </basicService.Choice>
               <ss_Status.C4.BoxedType><Bytes>ef71ff9ffc</Bytes></ss_Status.C4.BoxedType>
               <forwardedToNumber.C5.BoxedType><Bytes>fe0262541936
                     <field name="extension" value="no extension:1" type="EnumLong" lengthBit="1"/>
                     <field name="nature of address" value="reserved for extension:7" type="EnumLong" lengthBit="3"/>
                     <field name="numbering plan" value="14" type="EnumLong" lengthBit="4"/>
                     <field name="digits" value="2026459163" type="Number_BCD" length="10"/>
                  </Bytes></forwardedToNumber.C5.BoxedType>
               <forwardedToSubaddress.C8.BoxedType><Bytes>20bd07648d</Bytes></forwardedToSubaddress.C8.BoxedType>
               <forwardingOptions.C6.BoxedType><Bytes>f0</Bytes></forwardingOptions.C6.BoxedType>
               <noReplyConditionTime.C7.BoxedType><Integer>1</Integer></noReplyConditionTime.C7.BoxedType>
               <longForwardedToNumber.C9.BoxedType><AddressString.BoxedType><Bytes>210197384984
                        <field name="extension" value="extension:0" type="EnumLong" lengthBit="1"/>
                        <field name="nature of address" value="national significant number:2" type="EnumLong" lengthBit="3"/>
                        <field name="numbering plan" value="ISDN/Telephony Numbering Plan (Rec ITU-T E.164):1" type="EnumLong" lengthBit="4"/>
                        <field name="digits" value="1079839448" type="Number_BCD" length="10"/>
                     </Bytes></AddressString.BoxedType></longForwardedToNumber.C9.BoxedType>
            </ForwardingFeature.Sequence>
            <ForwardingFeature.Sequence>
               <basicService.Choice>
                  <bearerService.C2.BoxedType><Bytes>d903eb49791ab15e</Bytes></bearerService.C2.BoxedType>
                  <teleservice.C3.BoxedType><Bytes>c5bf</Bytes></teleservice.C3.BoxedType>
               </basicService.Choice>
               <ss_Status.C4.BoxedType><Bytes>8e9c10c4750c75</Bytes></ss_Status.C4.BoxedType>
               <forwardedToNumber.C5.BoxedType><Bytes>9037268815f7
                     <field name="extension" value="no extension:1" type="EnumLong" lengthBit="1"/>
                     <field name="nature of address" value="international number:1" type="EnumLong" lengthBit="3"/>
                     <field name="numbering plan" value="unknown:0" type="EnumLong" lengthBit="4"/>
                     <field name="digits" value="736288517" type="Number_BCD" length="9"/>
                  </Bytes></forwardedToNumber.C5.BoxedType>
               <forwardedToSubaddress.C8.BoxedType><Bytes>e24e101c</Bytes></forwardedToSubaddress.C8.BoxedType>
               <forwardingOptions.C6.BoxedType><Bytes>5baf51</Bytes></forwardingOptions.C6.BoxedType>
               <noReplyConditionTime.C7.BoxedType><Integer>0</Integer></noReplyConditionTime.C7.BoxedType>
               <longForwardedToNumber.C9.BoxedType><AddressString.BoxedType><Bytes>649139382858
                        <field name="extension" value="extension:0" type="EnumLong" lengthBit="1"/>
                        <field name="nature of address" value="abbreviated number:6" type="EnumLong" lengthBit="3"/>
                        <field name="numbering plan" value="telex numbering plan (ITU-T Rec F.69):4" type="EnumLong" lengthBit="4"/>
                        <field name="digits" value="1993838285" type="Number_BCD" length="10"/>
                     </Bytes></AddressString.BoxedType></longForwardedToNumber.C9.BoxedType>
            </ForwardingFeature.Sequence>
         </Collection>
      </forwardingFeatureList.C3.BoxedType>
      <genericServiceInfo.C4.Sequence>
         <ss_Status.BoxedType><Bytes>d0c1e810ba85</Bytes></ss_Status.BoxedType>
         <cliRestrictionOption.Enum>
            <EnumType>permanent.0</EnumType>
         </cliRestrictionOption.Enum>
         <maximumEntitledPriority.C0.BoxedType><Integer>2</Integer></maximumEntitledPriority.C0.BoxedType>
         <defaultPriority.C1.BoxedType><Integer>1</Integer></defaultPriority.C1.BoxedType>
         <ccbs_FeatureList.C2.BoxedType>
            <Collection>
               <CCBS_Feature.Sequence>
                  <ccbs_Index.C0.BoxedType><Integer>1</Integer></ccbs_Index.C0.BoxedType>
                  <b_subscriberNumber.C1.BoxedType><Bytes>8d9128068258
                        <field name="extension" value="no extension:1" type="EnumLong" lengthBit="1"/>
                        <field name="nature of address" value="unknown:0" type="EnumLong" lengthBit="3"/>
                        <field name="numbering plan" value="13" type="EnumLong" lengthBit="4"/>
                        <field name="digits" value="1982602885" type="Number_BCD" length="10"/>
                     </Bytes></b_subscriberNumber.C1.BoxedType>
                  <b_subscriberSubaddress.C2.BoxedType><Bytes>06e27098577f</Bytes></b_subscriberSubaddress.C2.BoxedType>
                  <basicServiceGroup.C3.Choice>
                     <bearerService.C2.BoxedType><Bytes>50998c7b66f22c</Bytes></bearerService.C2.BoxedType>
                     <teleservice.C3.BoxedType><Bytes>ea04ccae23413ea153</Bytes></teleservice.C3.BoxedType>
                  </basicServiceGroup.C3.Choice>
               </CCBS_Feature.Sequence>
               <CCBS_Feature.Sequence>
                  <ccbs_Index.C0.BoxedType><Integer>0</Integer></ccbs_Index.C0.BoxedType>
                  <b_subscriberNumber.C1.BoxedType><Bytes>cf5195423944
                        <field name="extension" value="no extension:1" type="EnumLong" lengthBit="1"/>
                        <field name="nature of address" value="subscriber number:4" type="EnumLong" lengthBit="3"/>
                        <field name="numbering plan" value="reserved for extension:15" type="EnumLong" lengthBit="4"/>
                        <field name="digits" value="1559249344" type="Number_BCD" length="10"/>
                     </Bytes></b_subscriberNumber.C1.BoxedType>
                  <b_subscriberSubaddress.C2.BoxedType><Bytes>b4946bc69af5ea</Bytes></b_subscriberSubaddress.C2.BoxedType>
                  <basicServiceGroup.C3.Choice>
                     <bearerService.C2.BoxedType><Bytes>ede857ad</Bytes></bearerService.C2.BoxedType>
                     <teleservice.C3.BoxedType><Bytes>00d9</Bytes></teleservice.C3.BoxedType>
                  </basicServiceGroup.C3.Choice>
               </CCBS_Feature.Sequence>
               <CCBS_Feature.Sequence>
                  <ccbs_Index.C0.BoxedType><Integer>2</Integer></ccbs_Index.C0.BoxedType>
                  <b_subscriberNumber.C1.BoxedType><Bytes>c60247614481
                        <field name="extension" value="no extension:1" type="EnumLong" lengthBit="1"/>
                        <field name="nature of address" value="subscriber number:4" type="EnumLong" lengthBit="3"/>
                        <field name="numbering plan" value="land mobile numbering plan (ITU-T Rec E.212):6" type="EnumLong" lengthBit="4"/>
                        <field name="digits" value="2074164418" type="Number_BCD" length="10"/>
                     </Bytes></b_subscriberNumber.C1.BoxedType>
                  <b_subscriberSubaddress.C2.BoxedType><Bytes>a9d90e6e7e53d915ad</Bytes></b_subscriberSubaddress.C2.BoxedType>
                  <basicServiceGroup.C3.Choice>
                     <bearerService.C2.BoxedType><Bytes>95064ee087745c</Bytes></bearerService.C2.BoxedType>
                     <teleservice.C3.BoxedType><Bytes>e281d371</Bytes></teleservice.C3.BoxedType>
                  </basicServiceGroup.C3.Choice>
               </CCBS_Feature.Sequence>
            </Collection>
         </ccbs_FeatureList.C2.BoxedType>
         <nbrSB.C3.BoxedType><Integer>0</Integer></nbrSB.C3.BoxedType>
         <nbrUser.C4.BoxedType><Integer>0</Integer></nbrUser.C4.BoxedType>
         <nbrSN.C5.BoxedType><Integer>1</Integer></nbrSN.C5.BoxedType>
      </genericServiceInfo.C4.Sequence>
   </InterrogateSS_Res.Choice>
</ASN>