<?xml version="1.0" encoding="ISO-8859-15"?>

<ASN layer="MAP">
   <IST_CommandArg.Sequence>
      <imsi.C0.BoxedType><Bytes>23039280f8
            <field name="digits" value="323029088" type="Number_BCD" length="9"/>
         </Bytes></imsi.C0.BoxedType>
      <extensionContainer.C1.Sequence>
         <privateExtensionList.C0.BoxedType>
            <Collection>
               <PrivateExtension.Sequence>
                  <extId><ObjectIdentifier>0.1.2116.93.54.45</ObjectIdentifier></extId>
                  <extType>e66695a7</extType>
               </PrivateExtension.Sequence>
               <PrivateExtension.Sequence>
                  <extId><ObjectIdentifier>0.1.239.27.95.11.25.69.37.59.5.87</ObjectIdentifier></extId>
                  <extType>fbf465334b3f7c1169ed</extType>
               </PrivateExtension.Sequence>
               <PrivateExtension.Sequence>
                  <extId><ObjectIdentifier>0.1.2120.60.99</ObjectIdentifier></extId>
                  <extType>b5ad6f3cdbf4aa21</extType>
               </PrivateExtension.Sequence>
            </Collection>
         </privateExtensionList.C0.BoxedType>
         <pcsExtensions.C1.Sequence></pcsExtensions.C1.Sequence>
      </extensionContainer.C1.Sequence>
   </IST_CommandArg.Sequence>
</ASN>