<?xml version="1.0" encoding="ISO-8859-15"?>

<ASN layer="MAP">
   <IST_AlertArg.Sequence>
      <imsi.C0.BoxedType><Bytes>58141859f8
            <field name="digits" value="854181958" type="Number_BCD" length="9"/>
         </Bytes></imsi.C0.BoxedType>
      <extensionContainer.C1.Sequence>
         <privateExtensionList.C0.BoxedType>
            <Collection>
               <PrivateExtension.Sequence>
                  <extId><ObjectIdentifier>0.1.242.18.75.101.124.36.34.41.110</ObjectIdentifier></extId>
                  <extType>65c2e60d46da1891cc</extType>
               </PrivateExtension.Sequence>
               <PrivateExtension.Sequence>
                  <extId><ObjectIdentifier>0.1.239</ObjectIdentifier></extId>
                  <extType>1d3edb1087</extType>
               </PrivateExtension.Sequence>
               <PrivateExtension.Sequence>
                  <extId><ObjectIdentifier>0.1.291.6.96.90.83.13.43.39.88</ObjectIdentifier></extId>
                  <extType>9779232cd154ec</extType>
               </PrivateExtension.Sequence>
            </Collection>
         </privateExtensionList.C0.BoxedType>
         <pcsExtensions.C1.Sequence></pcsExtensions.C1.Sequence>
      </extensionContainer.C1.Sequence>
   </IST_AlertArg.Sequence>
</ASN>