<?xml version="1.0" encoding="ISO-8859-15"?>

<ASN layer="MAP">
   <IST_CommandRes.Sequence><extensionContainer.Sequence>
         <privateExtensionList.C0.BoxedType>
            <Collection>
               <PrivateExtension.Sequence>
                  <extId><ObjectIdentifier>0.1.2106.118.16.23.36.57.89.103.61</ObjectIdentifier></extId>
                  <extType>db2b919518f6</extType>
               </PrivateExtension.Sequence>
               <PrivateExtension.Sequence>
                  <extId><ObjectIdentifier>0.1.291.126</ObjectIdentifier></extId>
                  <extType>e7df</extType>
               </PrivateExtension.Sequence>
               <PrivateExtension.Sequence>
                  <extId><ObjectIdentifier>0.1.248</ObjectIdentifier></extId>
                  <extType>6341f70ff3</extType>
               </PrivateExtension.Sequence>
            </Collection>
         </privateExtensionList.C0.BoxedType>
         <pcsExtensions.C1.Sequence></pcsExtensions.C1.Sequence>
      </extensionContainer.Sequence></IST_CommandRes.Sequence>
</ASN>