<?xml version="1.0" encoding="ISO-8859-15"?>

<ASN layer="MAP">
   <IST_AlertRes.Sequence>
      <istAlertTimer.C0.BoxedType><Integer>1</Integer></istAlertTimer.C0.BoxedType>
      <istInformationWithdraw.C1></istInformationWithdraw.C1>
      <callTerminationIndicator.C2.Enum>
         <EnumType>terminateAllCallActivities.1</EnumType>
      </callTerminationIndicator.C2.Enum>
      <extensionContainer.C3.Sequence>
         <privateExtensionList.C0.BoxedType>
            <Collection>
               <PrivateExtension.Sequence>
                  <extId><ObjectIdentifier>0.1.2101.117.47.101.58.71.29.4.122</ObjectIdentifier></extId>
                  <extType>6774</extType>
               </PrivateExtension.Sequence>
               <PrivateExtension.Sequence>
                  <extId><ObjectIdentifier>0.1.291.36.53.11.115.4</ObjectIdentifier></extId>
                  <extType>b5a956ae922170de</extType>
               </PrivateExtension.Sequence>
               <PrivateExtension.Sequence>
                  <extId><ObjectIdentifier>0.1.298.95.41.117.88.122</ObjectIdentifier></extId>
                  <extType>e883</extType>
               </PrivateExtension.Sequence>
            </Collection>
         </privateExtensionList.C0.BoxedType>
         <pcsExtensions.C1.Sequence></pcsExtensions.C1.Sequence>
      </extensionContainer.C3.Sequence>
   </IST_AlertRes.Sequence>
</ASN>