<?xml version="1.0" encoding="ISO-8859-15"?>

<ASN layer="MAP">
   <LSAData.Sequence>
      <lsaIdentity.C0.BoxedType><Bytes>0b8952
            <field name="LSA type" value="PLMN significant number:0" type="EnumLong" lengthBit="1"/>
            <field name="Identifier" value="756050" type="Integer" lengthBit="23"/>
         </Bytes></lsaIdentity.C0.BoxedType>
      <lsaAttributes.C1.BoxedType><Bytes>e448eb02d56a2f</Bytes></lsaAttributes.C1.BoxedType>
      <lsaActiveModeIndicator.C2></lsaActiveModeIndicator.C2>
      <extensionContainer.C3.Sequence>
         <privateExtensionList.C0.BoxedType>
            <Collection>
               <PrivateExtension.Sequence>
                  <extId><ObjectIdentifier>0.1.25.94.10.6.59.123</ObjectIdentifier></extId>
                  <extType>e00fa4a2</extType>
               </PrivateExtension.Sequence>
               <PrivateExtension.Sequence>
                  <extId><ObjectIdentifier>0.1.279.36.3.86.45.1.16</ObjectIdentifier></extId>
                  <extType>8ece3d83b044</extType>
               </PrivateExtension.Sequence>
               <PrivateExtension.Sequence>
                  <extId><ObjectIdentifier>0.1.2</ObjectIdentifier></extId>
                  <extType>c1c7c9e9743da3</extType>
               </PrivateExtension.Sequence>
            </Collection>
         </privateExtensionList.C0.BoxedType>
         <pcsExtensions.C1.Sequence></pcsExtensions.C1.Sequence>
      </extensionContainer.C3.Sequence>
   </LSAData.Sequence>
</ASN>