<?xml version="1.0" encoding="ISO-8859-15"?>

<ASN layer="MAP">
   <MessageWaitListFullParam.Sequence><extensionContainer.Sequence>
         <privateExtensionList.C0.BoxedType>
            <Collection>
               <PrivateExtension.Sequence>
                  <extId><ObjectIdentifier>0.1.2105</ObjectIdentifier></extId>
                  <extType>0217e45237a4f44843</extType>
               </PrivateExtension.Sequence>
               <PrivateExtension.Sequence>
                  <extId><ObjectIdentifier>0.1.2112.65.74.97.125</ObjectIdentifier></extId>
                  <extType>58d60c7b1c431e6e</extType>
               </PrivateExtension.Sequence>
               <PrivateExtension.Sequence>
                  <extId><ObjectIdentifier>0.1.293.77.2</ObjectIdentifier></extId>
                  <extType>1231</extType>
               </PrivateExtension.Sequence>
            </Collection>
         </privateExtensionList.C0.BoxedType>
         <pcsExtensions.C1.Sequence></pcsExtensions.C1.Sequence>
      </extensionContainer.Sequence></MessageWaitListFullParam.Sequence>
</ASN>