<?xml version="1.0" encoding="ISO-8859-15"?>

<ASN layer="MAP">
   <MM_EventNotSupported_Param.Sequence><extensionContainer.Sequence>
         <privateExtensionList.C0.BoxedType>
            <Collection>
               <PrivateExtension.Sequence>
                  <extId><ObjectIdentifier>0.1.221.117.53.61.63.40.14</ObjectIdentifier></extId>
                  <extType>89c3</extType>
               </PrivateExtension.Sequence>
               <PrivateExtension.Sequence>
                  <extId><ObjectIdentifier>0.1.223.42.49.22.37.76.92.36.112</ObjectIdentifier></extId>
                  <extType>2c8d668416f620</extType>
               </PrivateExtension.Sequence>
               <PrivateExtension.Sequence>
                  <extId><ObjectIdentifier>0.1.26.84.2</ObjectIdentifier></extId>
                  <extType>052669f90d9c92cc4d</extType>
               </PrivateExtension.Sequence>
            </Collection>
         </privateExtensionList.C0.BoxedType>
         <pcsExtensions.C1.Sequence></pcsExtensions.C1.Sequence>
      </extensionContainer.Sequence></MM_EventNotSupported_Param.Sequence>
</ASN>