<?xml version="1.0" encoding="ISO-8859-15"?>

<ASN layer="MAP">
   <Mo_forwardSM_Arg.Sequence>
      <sm_RP_DA.Choice>
         <imsi.C0.BoxedType><Bytes>36775939f8
               <field name="digits" value="637795938" type="Number_BCD" length="9"/>
            </Bytes></imsi.C0.BoxedType>
         <lmsi.C1.BoxedType><Bytes>938400dc746254e7
               <field name="digits" value="938400dc746254e7" type="Binary" length="8"/>
            </Bytes></lmsi.C1.BoxedType>
         <serviceCentreAddressDA.C4.BoxedType><Bytes>2b9184284192
               <field name="extension" value="extension:0" type="EnumLong" lengthBit="1"/>
               <field name="nature of address" value="national significant number:2" type="EnumLong" lengthBit="3"/>
               <field name="numbering plan" value="11" type="EnumLong" lengthBit="4"/>
               <field name="digits" value="1948821429" type="Number_BCD" length="10"/>
            </Bytes></serviceCentreAddressDA.C4.BoxedType>
         <noSM_RP_DA.C5></noSM_RP_DA.C5>
      </sm_RP_DA.Choice>
      <sm_RP_OA.Choice>
         <msisdn.C2.BoxedType><Bytes>671131785003
               <field name="extension" value="extension:0" type="EnumLong" lengthBit="1"/>
               <field name="nature of address" value="abbreviated number:6" type="EnumLong" lengthBit="3"/>
               <field name="numbering plan" value="spare:7" type="EnumLong" lengthBit="4"/>
               <field name="digits" value="1113870530" type="Number_BCD" length="10"/>
            </Bytes></msisdn.C2.BoxedType>
         <serviceCentreAddressOA.C4.BoxedType><Bytes>e09142105982
               <field name="extension" value="no extension:1" type="EnumLong" lengthBit="1"/>
               <field name="nature of address" value="abbreviated number:6" type="EnumLong" lengthBit="3"/>
               <field name="numbering plan" value="unknown:0" type="EnumLong" lengthBit="4"/>
               <field name="digits" value="1924019528" type="Number_BCD" length="10"/>
            </Bytes></serviceCentreAddressOA.C4.BoxedType>
         <noSM_RP_OA.C5></noSM_RP_OA.C5>
      </sm_RP_OA.Choice>
      <sm_RP_UI.BoxedType><Bytes>4da10a6311593478022fbbb36629
            <element label="SMS-SUBMIT" coding="V" binary="4d">
               <field name="TP-RP" value="TP Reply Path parameter is not set in this SMS SUBMIT/DELIVER:0" type="EnumLong" lengthBit="1"/>
               <field name="TP-UDHI" value="The beginning of the TP UD field contains a Header in addition to the short message:1" type="EnumLong" lengthBit="1"/>
               <field name="TP-SRR" value="A status report is not requested:0" type="EnumLong" lengthBit="1"/>
               <field name="TP-VPF" value="TP-VP field present - enhanced format:1" type="EnumLong" lengthBit="2"/>
               <field name="TP-RD" value="Instruct the SC to reject duplicates:1" type="EnumLong" lengthBit="1"/>
               <field name="TP-MTI" value="SMS-SUBMIT / SMS-SUBMIT-REPORT:1" type="EnumLong" lengthBit="2"/>
            </element>
            <element label="TP-MR" coding="V" binary="a1">
               <field name="TP-MR" value="161" type="Integer" length="1"/>
            </element>
            <element label="TP-DA" coding="V">
               <element label="Address" coding="DV" binary="631159347802">
                  <field name="extension" value="extension:0" type="EnumLong" lengthBit="1"/>
                  <field name="nature of address" value="abbreviated number:6" type="EnumLong" lengthBit="3"/>
                  <field name="numbering plan" value="data numbering plan (ITU-T Rec X.121):3" type="EnumLong" lengthBit="4"/>
                  <field name="digits" value="1195438720" type="Number_BCD" length="10"/>
               </element>
            </element>
            <element label="TP-PID" coding="V" binary="2f">
               <field name="assignment" value="Assigns bits 0..5 as defined below:0" type="EnumLong" lengthBit="2"/>
               <field name="telematic interworking" value="telematic interworking:1" type="EnumLong" lengthBit="1"/>
               <field name="telematic devices" value="(reserved, 2 combinations):15" type="EnumLong" lengthBit="5"/>
            </element>
            <element label="TP-DCS" coding="V" binary="bb">
               <field name="Coding Group Bits" value="Reserved coding groups:2" type="EnumLong" lengthBit="2"/>
               <field name="Compression" value="the text is compressed using the GSM standard:1" type="EnumLong" lengthBit="1"/>
               <field name="Bit 1-0 significance" value="bits 1 to 0 have a message class meaning:1" type="EnumLong" lengthBit="1"/>
               <field name="Alphabet" value="UCS2 (16bit) {UTF-16BE}:2" type="EnumLong" lengthBit="2"/>
               <field name="Message Class" value="Class 3 Default meaning TE specific:3" type="EnumLong" lengthBit="2"/>
            </element>
            <element label="TP-VP" coding="V" binary="b3">
               <field name="TP-VP" value="13 d(ays):179" type="EnumLong" length="1"/>
            </element>
            <element label="TP-UD" coding="V" binary="6629">
               <field name="TP-UDL" value="102" type="Integer" length="1"/>
               <field name="TP-UD" value="29" type="Binary" length="1"/>
            </element>
         </Bytes></sm_RP_UI.BoxedType>
      <extensionContainer.Sequence>
         <privateExtensionList.C0.BoxedType>
            <Collection>
               <PrivateExtension.Sequence>
                  <extId><ObjectIdentifier>0.1.23.8.78.128.123.41.42</ObjectIdentifier></extId>
                  <extType>0f5ad86c</extType>
               </PrivateExtension.Sequence>
               <PrivateExtension.Sequence>
                  <extId><ObjectIdentifier>0.1.223.60.60.5.89</ObjectIdentifier></extId>
                  <extType>78c9d15f25c4</extType>
               </PrivateExtension.Sequence>
               <PrivateExtension.Sequence>
                  <extId><ObjectIdentifier>0.1.214.95.116.127.110.3.119.90</ObjectIdentifier></extId>
                  <extType>ec1d7a</extType>
               </PrivateExtension.Sequence>
            </Collection>
         </privateExtensionList.C0.BoxedType>
         <pcsExtensions.C1.Sequence></pcsExtensions.C1.Sequence>
      </extensionContainer.Sequence>
      <imsi.BoxedType><Bytes>3100175171
            <field name="digits" value="1300711517" type="Number_BCD" length="10"/>
         </Bytes></imsi.BoxedType>
   </Mo_forwardSM_Arg.Sequence>
</ASN>