<?xml version="1.0" encoding="ISO-8859-15"?>

<ASN layer="MAP">
   <Mo_forwardSM_Res.Sequence>
      <sm_RP_UI.BoxedType><Bytes>d0097721157886f0947a00008156770270aa388345fb1590f3c7
            <element label="SMS-DELIVER" coding="V" binary="d0">
               <field name="TP-RP" value="TP Reply Path parameter is set in this SMS SUBMIT/DELIVER:1" type="EnumLong" lengthBit="1"/>
               <field name="TP-UDHI" value="The beginning of the TP UD field contains a Header in addition to the short message:1" type="EnumLong" lengthBit="1"/>
               <field name="TP-SRI" value="A status report is not requested:0" type="EnumLong" lengthBit="1"/>
               <field name="NA" value="1" type="Integer" lengthBit="1"/>
               <field name="TP-LP" value="The message has not been forwarded and is not a spawned message:0" type="EnumLong" lengthBit="1"/>
               <field name="TP-MMS" value="More messages are waiting for the MS in this SC:0" type="EnumLong" lengthBit="1"/>
               <field name="TP-MTI" value="SMS-DELIVER / SMS-DELIVER-REPORT:0" type="EnumLong" lengthBit="2"/>
            </element>
            <element label="TP-OA" coding="V">
               <element label="Address" coding="DV" binary="7721157886f0">
                  <field name="extension" value="extension:0" type="EnumLong" lengthBit="1"/>
                  <field name="nature of address" value="reserved for extension:7" type="EnumLong" lengthBit="3"/>
                  <field name="numbering plan" value="spare:7" type="EnumLong" lengthBit="4"/>
                  <field name="digits" value="125187680" type="Number_BCD" length="9"/>
               </element>
            </element>
            <element label="TP-PID" coding="V" binary="94">
               <field name="assignment" value="reserved:2" type="EnumLong" lengthBit="2"/>
               <field name="telematic interworking" value="no interworking, but SME to SME protocol:0" type="EnumLong" lengthBit="1"/>
               <field name="telematic devices" value="(reserved, 5 combinations):20" type="EnumLong" lengthBit="5"/>
            </element>
            <element label="TP-DCS" coding="V" binary="7a">
               <field name="Coding Group Bits" value="Message Marked for Automatic Deletion Group:1" type="EnumLong" lengthBit="2"/>
               <field name="Compression" value="the text is compressed using the GSM standard:1" type="EnumLong" lengthBit="1"/>
               <field name="Bit 1-0 significance" value="bits 1 to 0 have a message class meaning:1" type="EnumLong" lengthBit="1"/>
               <field name="Alphabet" value="UCS2 (16bit) {UTF-16BE}:2" type="EnumLong" lengthBit="2"/>
               <field name="Message Class" value="Class 2 SIM specific message:2" type="EnumLong" lengthBit="2"/>
            </element>
            <element label="TP-SCTS" coding="V" binary="00008156770270">
               <field name="TP-SCTS" value="00001865772007" type="Number_BCD" length="7"/>
            </element>
            <element label="TP-UD" coding="V" binary="aa388345fb1590f3c7">
               <field name="TP-UDL" value="170" type="Integer" length="1"/>
               <field name="TP-UD" value="388345fb1590f3c7" type="Binary" length="8"/>
            </element>
         </Bytes></sm_RP_UI.BoxedType>
      <extensionContainer.Sequence>
         <privateExtensionList.C0.BoxedType>
            <Collection>
               <PrivateExtension.Sequence>
                  <extId><ObjectIdentifier>0.1.234.95.66.95</ObjectIdentifier></extId>
                  <extType>db8106</extType>
               </PrivateExtension.Sequence>
               <PrivateExtension.Sequence>
                  <extId><ObjectIdentifier>0.1.2104.97.61.27.115.105</ObjectIdentifier></extId>
                  <extType>ad5237b0dc75217a339e</extType>
               </PrivateExtension.Sequence>
               <PrivateExtension.Sequence>
                  <extId><ObjectIdentifier>0.1.279.55.128.88.42.72.99</ObjectIdentifier></extId>
                  <extType>2c</extType>
               </PrivateExtension.Sequence>
            </Collection>
         </privateExtensionList.C0.BoxedType>
         <pcsExtensions.C1.Sequence></pcsExtensions.C1.Sequence>
      </extensionContainer.Sequence>
   </Mo_forwardSM_Res.Sequence>
</ASN>