<?xml version="1.0" encoding="ISO-8859-15"?>

<ASN layer="MAP">
   <MOLR_Class.Sequence>
      <ss_Code.BoxedType><Bytes>bf0bb470c5f1c96c67f7</Bytes></ss_Code.BoxedType>
      <ss_Status.BoxedType><Bytes>b3a5f88c9c2d5f1fed2c</Bytes></ss_Status.BoxedType>
      <extensionContainer.C0.Sequence>
         <privateExtensionList.C0.BoxedType>
            <Collection>
               <PrivateExtension.Sequence>
                  <extId><ObjectIdentifier>0.1.2</ObjectIdentifier></extId>
                  <extType>7e39bb</extType>
               </PrivateExtension.Sequence>
               <PrivateExtension.Sequence>
                  <extId><ObjectIdentifier>0.1.2125.114.126.74.29.84.32</ObjectIdentifier></extId>
                  <extType>dc385f</extType>
               </PrivateExtension.Sequence>
               <PrivateExtension.Sequence>
                  <extId><ObjectIdentifier>0.1.281.10.58.36.126.76.94.99</ObjectIdentifier></extId>
                  <extType>b6ecd03aaec1c1a107f5</extType>
               </PrivateExtension.Sequence>
            </Collection>
         </privateExtensionList.C0.BoxedType>
         <pcsExtensions.C1.Sequence></pcsExtensions.C1.Sequence>
      </extensionContainer.C0.Sequence>
   </MOLR_Class.Sequence>
</ASN>