<?xml version="1.0" encoding="ISO-8859-15"?>

<ASN layer="MAP">
   <Mt_forwardSM_Res.Sequence>
      <sm_RP_UI.BoxedType><Bytes>14094209491681f616c900000009492358fdcef0392e399c88241c
            <element label="SMS-DELIVER" coding="V" binary="14">
               <field name="TP-RP" value="TP Reply Path parameter is not set in this SMS SUBMIT/DELIVER:0" type="EnumLong" lengthBit="1"/>
               <field name="TP-UDHI" value="The TP UD field contains only the short message:0" type="EnumLong" lengthBit="1"/>
               <field name="TP-SRI" value="A status report is not requested:0" type="EnumLong" lengthBit="1"/>
               <field name="NA" value="1" type="Integer" lengthBit="1"/>
               <field name="TP-LP" value="The message has not been forwarded and is not a spawned message:0" type="EnumLong" lengthBit="1"/>
               <field name="TP-MMS" value="No more messages are waiting for the MS in this SC:1" type="EnumLong" lengthBit="1"/>
               <field name="TP-MTI" value="SMS-DELIVER / SMS-DELIVER-REPORT:0" type="EnumLong" lengthBit="2"/>
            </element>
            <element label="TP-OA" coding="V">
               <element label="Address" coding="DV" binary="4209491681f6">
                  <field name="extension" value="extension:0" type="EnumLong" lengthBit="1"/>
                  <field name="nature of address" value="subscriber number:4" type="EnumLong" lengthBit="3"/>
                  <field name="numbering plan" value="spare:2" type="EnumLong" lengthBit="4"/>
                  <field name="digits" value="909461186" type="Number_BCD" length="9"/>
               </element>
            </element>
            <element label="TP-PID" coding="V" binary="16">
               <field name="assignment" value="Assigns bits 0..5 as defined below:0" type="EnumLong" lengthBit="2"/>
               <field name="telematic interworking" value="no interworking, but SME to SME protocol:0" type="EnumLong" lengthBit="1"/>
               <field name="telematic devices" value="(reserved, 5 combinations):22" type="EnumLong" lengthBit="5"/>
            </element>
            <element label="TP-DCS" coding="V" binary="c9">
               <field name="Coding Group Bits" value="Message Waiting Indication Group:3" type="EnumLong" lengthBit="2"/>
               <field name="Compression" value="the text is uncompressed:0" type="EnumLong" lengthBit="1"/>
               <field name="Bit 1-0 significance" value="bits 1 to 0 are reserved and have no message class meaning:0" type="EnumLong" lengthBit="1"/>
               <field name="Alphabet" value="UCS2 (16bit) {UTF-16BE}:2" type="EnumLong" lengthBit="2"/>
               <field name="Message Class" value="Class 1 Default meaning ME-specific:1" type="EnumLong" lengthBit="2"/>
            </element>
            <element label="TP-SCTS" coding="V" binary="00000009492358">
               <field name="TP-SCTS" value="00000090943285" type="Number_BCD" length="7"/>
            </element>
            <element label="TP-UD" coding="V" binary="fdcef0392e399c88241c">
               <field name="TP-UDL" value="253" type="Integer" length="1"/>
               <field name="TP-UD" value="cef0392e399c88241c" type="Binary" length="9"/>
            </element>
         </Bytes></sm_RP_UI.BoxedType>
      <extensionContainer.Sequence>
         <privateExtensionList.C0.BoxedType>
            <Collection>
               <PrivateExtension.Sequence>
                  <extId><ObjectIdentifier>0.1.21.17.64.118.77.55.1.8.68</ObjectIdentifier></extId>
                  <extType>678391</extType>
               </PrivateExtension.Sequence>
               <PrivateExtension.Sequence>
                  <extId><ObjectIdentifier>0.1.2100.57.117.107.76.40.12</ObjectIdentifier></extId>
                  <extType>c0584d</extType>
               </PrivateExtension.Sequence>
               <PrivateExtension.Sequence>
                  <extId><ObjectIdentifier>0.1.221.119</ObjectIdentifier></extId>
                  <extType>dbf858dfc0c4</extType>
               </PrivateExtension.Sequence>
            </Collection>
         </privateExtensionList.C0.BoxedType>
         <pcsExtensions.C1.Sequence></pcsExtensions.C1.Sequence>
      </extensionContainer.Sequence>
   </Mt_forwardSM_Res.Sequence>
</ASN>