<?xml version="1.0" encoding="ISO-8859-15"?>

<ASN layer="MAP">
   <Mt_forwardSM_Arg.Sequence>
      <sm_RP_DA.Choice>
         <imsi.C0.BoxedType><Bytes>2171476421
               <field name="digits" value="1217744612" type="Number_BCD" length="10"/>
            </Bytes></imsi.C0.BoxedType>
         <lmsi.C1.BoxedType><Bytes>eb1aa3bfa1166029dc
               <field name="digits" value="eb1aa3bfa1166029dc" type="Binary" length="9"/>
            </Bytes></lmsi.C1.BoxedType>
         <serviceCentreAddressDA.C4.BoxedType><Bytes>338197358844
               <field name="extension" value="extension:0" type="EnumLong" lengthBit="1"/>
               <field name="nature of address" value="network specific number:3" type="EnumLong" lengthBit="3"/>
               <field name="numbering plan" value="data numbering plan (ITU-T Rec X.121):3" type="EnumLong" lengthBit="4"/>
               <field name="digits" value="1879538844" type="Number_BCD" length="10"/>
            </Bytes></serviceCentreAddressDA.C4.BoxedType>
         <noSM_RP_DA.C5></noSM_RP_DA.C5>
      </sm_RP_DA.Choice>
      <sm_RP_OA.Choice>
         <msisdn.C2.BoxedType><Bytes>944113573265
               <field name="extension" value="no extension:1" type="EnumLong" lengthBit="1"/>
               <field name="nature of address" value="international number:1" type="EnumLong" lengthBit="3"/>
               <field name="numbering plan" value="telex numbering plan (ITU-T Rec F.69):4" type="EnumLong" lengthBit="4"/>
               <field name="digits" value="1431752356" type="Number_BCD" length="10"/>
            </Bytes></msisdn.C2.BoxedType>
         <serviceCentreAddressOA.C4.BoxedType><Bytes>0847574212f1
               <field name="extension" value="extension:0" type="EnumLong" lengthBit="1"/>
               <field name="nature of address" value="unknown:0" type="EnumLong" lengthBit="3"/>
               <field name="numbering plan" value="national numbering plan:8" type="EnumLong" lengthBit="4"/>
               <field name="digits" value="747524211" type="Number_BCD" length="9"/>
            </Bytes></serviceCentreAddressOA.C4.BoxedType>
         <noSM_RP_OA.C5></noSM_RP_OA.C5>
      </sm_RP_OA.Choice>
      <sm_RP_UI.BoxedType><Bytes>ae5309fa84805393f8000053269015f8000009135874f01a36
            <element label="SMS-STATUS-REPORT" coding="V" binary="ae">
               <field name="NA1" value="1" type="Integer" lengthBit="1"/>
               <field name="TP-UDHI" value="The TP UD field contains only the short message:0" type="EnumLong" lengthBit="1"/>
               <field name="TP-SRQ" value="The SMS STATUS REPORT is the result of an SMS COMMAND e.g. an Enquiry.:1" type="EnumLong" lengthBit="1"/>
               <field name="NA2" value="0" type="Integer" lengthBit="1"/>
               <field name="TP-LP" value="The message has either been forwarded or is a spawned message:1" type="EnumLong" lengthBit="1"/>
               <field name="TP-MMS" value="No more messages are waiting for the MS in this SC:1" type="EnumLong" lengthBit="1"/>
               <field name="TP-MTI" value="SMS-STATUS-REPORT / SMS-COMMAND:2" type="EnumLong" lengthBit="2"/>
            </element>
            <element label="TP-MR" coding="V" binary="53">
               <field name="TP-MR" value="83" type="Integer" length="1"/>
            </element>
            <element label="TP-RA" coding="V">
               <element label="Address" coding="DV" binary="fa84805393f8">
                  <field name="extension" value="no extension:1" type="EnumLong" lengthBit="1"/>
                  <field name="nature of address" value="reserved for extension:7" type="EnumLong" lengthBit="3"/>
                  <field name="numbering plan" value="10" type="EnumLong" lengthBit="4"/>
                  <field name="digits" value="480835398" type="Number_BCD" length="9"/>
               </element>
            </element>
            <element label="TP-SCTS" coding="V" binary="000053269015f8">
               <field name="TP-SCTS" value="0000356209518" type="Number_BCD" length="7"/>
            </element>
            <element label="TP-DT" coding="V" binary="000009135874f0">
               <field name="TP-DT" value="0000903185470" type="Number_BCD" length="7"/>
            </element>
            <element label="TP-ST" coding="V" binary="1a">
               <field name="bit7" value="Bits 0..6 as defined below:0" type="EnumLong" lengthBit="1"/>
               <field name="assignment" value="Short message transaction completed, Values specific to each SC:26" type="EnumLong" lengthBit="7"/>
            </element>
            <element label="TP-PI" coding="V" binary="36">
               <field name="Reserved1" value="0" type="Integer" lengthBit="1"/>
               <field name="Reserved2" value="0" type="Integer" lengthBit="1"/>
               <field name="Reserved3" value="1" type="Integer" lengthBit="1"/>
               <field name="Reserved4" value="1" type="Integer" lengthBit="1"/>
               <field name="Reserved5" value="0" type="Integer" lengthBit="1"/>
               <field name="TP-UDL present" value="present:1" type="EnumLong" lengthBit="1"/>
               <field name="TP-DCS present" value="present:1" type="EnumLong" lengthBit="1"/>
               <field name="TP-PID present" value="absent:0" type="EnumLong" lengthBit="1"/>
            </element>
         </Bytes></sm_RP_UI.BoxedType>
      <moreMessagesToSend></moreMessagesToSend>
      <extensionContainer.Sequence>
         <privateExtensionList.C0.BoxedType>
            <Collection>
               <PrivateExtension.Sequence>
                  <extId><ObjectIdentifier>0.1.251.52.118.60</ObjectIdentifier></extId>
                  <extType>79636215e3</extType>
               </PrivateExtension.Sequence>
               <PrivateExtension.Sequence>
                  <extId><ObjectIdentifier>0.1.283.6.51.106.67.76.104.60</ObjectIdentifier></extId>
                  <extType>497fe35f78c0b266</extType>
               </PrivateExtension.Sequence>
               <PrivateExtension.Sequence>
                  <extId><ObjectIdentifier>0.1.242.43.10.112</ObjectIdentifier></extId>
                  <extType>effd9c6fb43b70</extType>
               </PrivateExtension.Sequence>
            </Collection>
         </privateExtensionList.C0.BoxedType>
         <pcsExtensions.C1.Sequence></pcsExtensions.C1.Sequence>
      </extensionContainer.Sequence>
   </Mt_forwardSM_Arg.Sequence>
</ASN>