<?xml version="1.0" encoding="ISO-8859-15"?>

<ASN layer="MAP">
   <NoGroupCallNbParam.Sequence><extensionContainer.Sequence>
         <privateExtensionList.C0.BoxedType>
            <Collection>
               <PrivateExtension.Sequence>
                  <extId><ObjectIdentifier>0.1.2118.32.47.99.56.61</ObjectIdentifier></extId>
                  <extType>dc8dfd69</extType>
               </PrivateExtension.Sequence>
               <PrivateExtension.Sequence>
                  <extId><ObjectIdentifier>0.1.232.21.47.63.32.19.66</ObjectIdentifier></extId>
                  <extType>119f7c</extType>
               </PrivateExtension.Sequence>
               <PrivateExtension.Sequence>
                  <extId><ObjectIdentifier>0.1.260</ObjectIdentifier></extId>
                  <extType>ac61ff979cc2</extType>
               </PrivateExtension.Sequence>
            </Collection>
         </privateExtensionList.C0.BoxedType>
         <pcsExtensions.C1.Sequence></pcsExtensions.C1.Sequence>
      </extensionContainer.Sequence></NoGroupCallNbParam.Sequence>
</ASN>