<?xml version="1.0" encoding="ISO-8859-15"?>

<ASN layer="MAP">
   <NoteMM_EventArg.Sequence>
      <serviceKey.BoxedType><Integer>1</Integer></serviceKey.BoxedType>
      <eventMet.C0.BoxedType><Bytes>637cc2f83d9a</Bytes></eventMet.C0.BoxedType>
      <imsi.C1.BoxedType><Bytes>82254699f4
            <field name="digits" value="285264994" type="Number_BCD" length="9"/>
         </Bytes></imsi.C1.BoxedType>
      <msisdn.C2.BoxedType><Bytes>c763969850f5
            <field name="extension" value="no extension:1" type="EnumLong" lengthBit="1"/>
            <field name="nature of address" value="subscriber number:4" type="EnumLong" lengthBit="3"/>
            <field name="numbering plan" value="spare:7" type="EnumLong" lengthBit="4"/>
            <field name="digits" value="366989055" type="Number_BCD" length="9"/>
         </Bytes></msisdn.C2.BoxedType>
      <locationInformation.C3.Sequence>
         <ageOfLocationInformation.BoxedType><Integer>0 minut = currently in contact:0</Integer></ageOfLocationInformation.BoxedType>
         <geographicalInformation.C0.BoxedType><Bytes>c3bdd3c8c9beba80
               <field name="TypeOfShape" value="Reserved for future use:12" type="EnumLong" lengthBit="4"/>
               <field name="spare" value="3" type="Integer" lengthBit="4"/>
               <field name="DegreesOfLatitude" value="12440520" type="Integer" length="3"/>
               <field name="DegreesOfLongitude" value="13221562" type="Integer" length="3"/>
               <field name="UncertaintyCode" value="128" type="Integer" length="1"/>
            </Bytes></geographicalInformation.C0.BoxedType>
         <vlr_number.C1.BoxedType><Bytes>af82095712f0
               <field name="extension" value="no extension:1" type="EnumLong" lengthBit="1"/>
               <field name="nature of address" value="national significant number:2" type="EnumLong" lengthBit="3"/>
               <field name="numbering plan" value="reserved for extension:15" type="EnumLong" lengthBit="4"/>
               <field name="digits" value="289075210" type="Number_BCD" length="9"/>
            </Bytes></vlr_number.C1.BoxedType>
         <locationNumber.C2.BoxedType><Bytes>a1250206551657
               <field name="Odd/even (O/E)" value="odd number of address signals:1" type="EnumLong" lengthBit="1"/>
               <field name="Nature of address" value="spare:33" type="EnumLong" lengthBit="7"/>
               <field name="Internal Network Number (INN)" value="routing to internal number allowed:0" type="EnumLong" lengthBit="1"/>
               <field name="Numbering plan" value="spare:2" type="EnumLong" lengthBit="3"/>
               <field name="Address presentation restricted" value="presentation restricted:1" type="EnumLong" lengthBit="2"/>
               <field name="Screening" value="user provided, verified and passed:1" type="EnumLong" lengthBit="2"/>
               <field name="digits" value="2060556175" type="Number_BCD" length="10"/>
            </Bytes></locationNumber.C2.BoxedType>
         <cellGlobalIdOrServiceAreaIdOrLAI.C3.Choice>
            <cellGlobalIdOrServiceAreaIdFixedLength.C0.BoxedType><Bytes>1199426e930e3b
                  <field name="MMC" value="119,249" type="NumberMMC" length="3"/>
                  <field name="LAC" value="28307" type="Integer" length="2"/>
                  <field name="CI_SAC" value="3643" type="Integer" length="2"/>
               </Bytes></cellGlobalIdOrServiceAreaIdFixedLength.C0.BoxedType>
            <laiFixedLength.C1.BoxedType><Bytes>020681206c
                  <field name="MMC" value="206,180" type="NumberMMC" length="3"/>
                  <field name="LAC" value="8300" type="Integer" length="2"/>
               </Bytes></laiFixedLength.C1.BoxedType>
         </cellGlobalIdOrServiceAreaIdOrLAI.C3.Choice>
         <extensionContainer.C4.Sequence>
            <privateExtensionList.C0.BoxedType>
               <Collection>
                  <PrivateExtension.Sequence>
                     <extId><ObjectIdentifier>0.1.296.62.101.12.120.31.89.50</ObjectIdentifier></extId>
                     <extType>1e56d5</extType>
                  </PrivateExtension.Sequence>
                  <PrivateExtension.Sequence>
                     <extId><ObjectIdentifier>0.1.294.26.94.68</ObjectIdentifier></extId>
                     <extType>bea14c7c2e5d1e54</extType>
                  </PrivateExtension.Sequence>
                  <PrivateExtension.Sequence>
                     <extId><ObjectIdentifier>0.1.226</ObjectIdentifier></extId>
                     <extType>5560d3145cc780</extType>
                  </PrivateExtension.Sequence>
               </Collection>
            </privateExtensionList.C0.BoxedType>
            <pcsExtensions.C1.Sequence></pcsExtensions.C1.Sequence>
         </extensionContainer.C4.Sequence>
         <selectedLSA_Id.C5.BoxedType><Bytes>d2c512
               <field name="LSA type" value="Universal LSA number:1" type="EnumLong" lengthBit="1"/>
               <field name="Identifier" value="5424402" type="Integer" lengthBit="23"/>
            </Bytes></selectedLSA_Id.C5.BoxedType>
         <msc_Number.C6.BoxedType><Bytes>7973762716
               <field name="extension" value="extension:0" type="EnumLong" lengthBit="1"/>
               <field name="nature of address" value="reserved for extension:7" type="EnumLong" lengthBit="3"/>
               <field name="numbering plan" value="private numbering plan:9" type="EnumLong" lengthBit="4"/>
               <field name="digits" value="37677261" type="Number_BCD" length="8"/>
            </Bytes></msc_Number.C6.BoxedType>
         <geodeticInformation.C7.BoxedType><Bytes>8aefa7cc4b04d1bd0011
               <field name="spare" value="8" type="Integer" lengthBit="4"/>
               <field name="LPRI" value="location not available (Note):2" type="EnumLong" lengthBit="2"/>
               <field name="screnning" value="user provided, verified and failed:2" type="EnumLong" lengthBit="2"/>
               <field name="ext" value="1" type="Integer" lengthBit="1"/>
               <field name="TypeOfShape" value="reserved for national use:111" type="EnumLong" lengthBit="7"/>
               <field name="DegreesOfLatitude" value="10996811" type="Integer" length="3"/>
               <field name="DegreesOfLongitude" value="315837" type="Integer" length="3"/>
               <field name="UncertaintyCode" value="0" type="Integer" length="1"/>
               <field name="Confidence" value="17" type="Integer" length="1"/>
            </Bytes></geodeticInformation.C7.BoxedType>
         <currentLocationRetrieved.C8></currentLocationRetrieved.C8>
         <sai_Present.C9></sai_Present.C9>
      </locationInformation.C3.Sequence>
      <supportedCAMELPhases.C5.BoxedType><BitString><BitString value="29fca9d287849d9fbb22aaa689a3c2" trailing="0"/></BitString></supportedCAMELPhases.C5.BoxedType>
      <extensionContainer.C6.Sequence>
         <privateExtensionList.C0.BoxedType>
            <Collection>
               <PrivateExtension.Sequence>
                  <extId><ObjectIdentifier>0.1.270.35.85</ObjectIdentifier></extId>
                  <extType>10deadde</extType>
               </PrivateExtension.Sequence>
               <PrivateExtension.Sequence>
                  <extId><ObjectIdentifier>0.1.258.66.16</ObjectIdentifier></extId>
                  <extType>b66be16b878122627c</extType>
               </PrivateExtension.Sequence>
               <PrivateExtension.Sequence>
                  <extId><ObjectIdentifier>0.1.2102.102.123.45.76.12.61.111</ObjectIdentifier></extId>
                  <extType>17831234a2e24f96</extType>
               </PrivateExtension.Sequence>
            </Collection>
         </privateExtensionList.C0.BoxedType>
         <pcsExtensions.C1.Sequence></pcsExtensions.C1.Sequence>
      </extensionContainer.C6.Sequence>
      <locationInformationGPRS.C7.Sequence>
         <cellGlobalIdOrServiceAreaIdOrLAI.C0.Choice>
            <cellGlobalIdOrServiceAreaIdFixedLength.C0.BoxedType><Bytes>41f003f0efe0c0
                  <field name="MMC" value="140,30" type="NumberMMC" length="3"/>
                  <field name="LAC" value="61679" type="Integer" length="2"/>
                  <field name="CI_SAC" value="57536" type="Integer" length="2"/>
               </Bytes></cellGlobalIdOrServiceAreaIdFixedLength.C0.BoxedType>
            <laiFixedLength.C1.BoxedType><Bytes>1296616f29
                  <field name="MMC" value="216,169" type="NumberMMC" length="3"/>
                  <field name="LAC" value="28457" type="Integer" length="2"/>
               </Bytes></laiFixedLength.C1.BoxedType>
         </cellGlobalIdOrServiceAreaIdOrLAI.C0.Choice>
         <routeingAreaIdentity.C1.BoxedType><Bytes>22f1355a63e7
               <field name="MMC" value="221,53" type="NumberMMC" length="3"/>
               <field name="LAC" value="23139" type="Integer" length="2"/>
               <field name="RAC" value="231" type="Integer" length="1"/>
            </Bytes></routeingAreaIdentity.C1.BoxedType>
         <geographicalInformation.C2.BoxedType><Bytes>d4c1518d551cb8f2
               <field name="TypeOfShape" value="Reserved for future use:13" type="EnumLong" lengthBit="4"/>
               <field name="spare" value="4" type="Integer" lengthBit="4"/>
               <field name="DegreesOfLatitude" value="12669325" type="Integer" length="3"/>
               <field name="DegreesOfLongitude" value="5577912" type="Integer" length="3"/>
               <field name="UncertaintyCode" value="242" type="Integer" length="1"/>
            </Bytes></geographicalInformation.C2.BoxedType>
         <sgsn_Number.C3.BoxedType><Bytes>b81137554845
               <field name="extension" value="no extension:1" type="EnumLong" lengthBit="1"/>
               <field name="nature of address" value="network specific number:3" type="EnumLong" lengthBit="3"/>
               <field name="numbering plan" value="national numbering plan:8" type="EnumLong" lengthBit="4"/>
               <field name="digits" value="1173558454" type="Number_BCD" length="10"/>
            </Bytes></sgsn_Number.C3.BoxedType>
         <selectedLSAIdentity.C4.BoxedType><Bytes>d17ae0
               <field name="LSA type" value="Universal LSA number:1" type="EnumLong" lengthBit="1"/>
               <field name="Identifier" value="5339872" type="Integer" lengthBit="23"/>
            </Bytes></selectedLSAIdentity.C4.BoxedType>
         <extensionContainer.C5.Sequence>
            <privateExtensionList.C0.BoxedType>
               <Collection>
                  <PrivateExtension.Sequence>
                     <extId><ObjectIdentifier>0.1.2119.105.76.105.113.55.98.117.118</ObjectIdentifier></extId>
                     <extType>2ce9e9ae</extType>
                  </PrivateExtension.Sequence>
                  <PrivateExtension.Sequence>
                     <extId><ObjectIdentifier>0.1.265.112.118.68.73.91.13.23</ObjectIdentifier></extId>
                     <extType>aa892a</extType>
                  </PrivateExtension.Sequence>
                  <PrivateExtension.Sequence>
                     <extId><ObjectIdentifier>0.1.2127.102.73.87.53.95</ObjectIdentifier></extId>
                     <extType>0cbb87c8968f8fa4</extType>
                  </PrivateExtension.Sequence>
               </Collection>
            </privateExtensionList.C0.BoxedType>
            <pcsExtensions.C1.Sequence></pcsExtensions.C1.Sequence>
         </extensionContainer.C5.Sequence>
         <sai_Present.C6></sai_Present.C6>
         <geodeticInformation.C7.BoxedType><Bytes>b7c65a463e265228f516
               <field name="spare" value="11" type="Integer" lengthBit="4"/>
               <field name="LPRI" value="presentation restricted:1" type="EnumLong" lengthBit="2"/>
               <field name="screnning" value="network provided:3" type="EnumLong" lengthBit="2"/>
               <field name="ext" value="1" type="Integer" lengthBit="1"/>
               <field name="TypeOfShape" value="reserved for national use:70" type="EnumLong" lengthBit="7"/>
               <field name="DegreesOfLatitude" value="5916222" type="Integer" length="3"/>
               <field name="DegreesOfLongitude" value="2511400" type="Integer" length="3"/>
               <field name="UncertaintyCode" value="245" type="Integer" length="1"/>
               <field name="Confidence" value="22" type="Integer" length="1"/>
            </Bytes></geodeticInformation.C7.BoxedType>
         <currentLocationRetrieved.C8></currentLocationRetrieved.C8>
         <ageOfLocationInformation.C9.BoxedType><Integer>[1-32766] minuts:1</Integer></ageOfLocationInformation.C9.BoxedType>
      </locationInformationGPRS.C7.Sequence>
      <offeredCamel4Functionalities.C8.BoxedType><BitString><BitString value="94380008b7a9a1130b7e6568" trailing="0"/></BitString></offeredCamel4Functionalities.C8.BoxedType>
   </NoteMM_EventArg.Sequence>
</ASN>