<?xml version="1.0" encoding="ISO-8859-15"?>

<ASN layer="MAP">
   <NoteMsPresentForGprsRes.Sequence><extensionContainer.C0.Sequence>
         <privateExtensionList.C0.BoxedType>
            <Collection>
               <PrivateExtension.Sequence>
                  <extId><ObjectIdentifier>0.1.2111</ObjectIdentifier></extId>
                  <extType>decc83</extType>
               </PrivateExtension.Sequence>
               <PrivateExtension.Sequence>
                  <extId><ObjectIdentifier>0.1.2104.52.9.6.26.69.105.45.53</ObjectIdentifier></extId>
                  <extType>cfbea47a00</extType>
               </PrivateExtension.Sequence>
               <PrivateExtension.Sequence>
                  <extId><ObjectIdentifier>0.1.287.10.105.94.79</ObjectIdentifier></extId>
                  <extType>7af00bfa8b1aa386</extType>
               </PrivateExtension.Sequence>
            </Collection>
         </privateExtensionList.C0.BoxedType>
         <pcsExtensions.C1.Sequence></pcsExtensions.C1.Sequence>
      </extensionContainer.C0.Sequence></NoteMsPresentForGprsRes.Sequence>
</ASN>