<?xml version="1.0" encoding="ISO-8859-15"?>

<ASN layer="MAP">
   <NoteMsPresentForGprsArg.Sequence>
      <imsi.C0.BoxedType><Bytes>11311049f8
            <field name="digits" value="111301948" type="Number_BCD" length="9"/>
         </Bytes></imsi.C0.BoxedType>
      <sgsn_Address.C1.BoxedType><Bytes>687e17e043
            <field name="Address type" value="IPV6:1" type="EnumLong" lengthBit="2"/>
            <field name="AddressLength" value="40" type="Integer" lengthBit="6"/>
            <field name="IPV4 address" value="126.23.224.67" type="IPV4Address" length="4"/>
         </Bytes></sgsn_Address.C1.BoxedType>
      <ggsn_Address.C2.BoxedType><Bytes>fa9f953da5
            <field name="Address type" value="3" type="EnumLong" lengthBit="2"/>
            <field name="AddressLength" value="58" type="Integer" lengthBit="6"/>
            <field name="IPV4 address" value="159.149.61.165" type="IPV4Address" length="4"/>
         </Bytes></ggsn_Address.C2.BoxedType>
      <extensionContainer.C3.Sequence>
         <privateExtensionList.C0.BoxedType>
            <Collection>
               <PrivateExtension.Sequence>
                  <extId><ObjectIdentifier>0.1.239.58.20</ObjectIdentifier></extId>
                  <extType>2de723</extType>
               </PrivateExtension.Sequence>
               <PrivateExtension.Sequence>
                  <extId><ObjectIdentifier>0.1.277.37.16.90.18.45.109</ObjectIdentifier></extId>
                  <extType>2c0bc3a381ed1d</extType>
               </PrivateExtension.Sequence>
               <PrivateExtension.Sequence>
                  <extId><ObjectIdentifier>0.1.26.29.42.98.109.74.91.3</ObjectIdentifier></extId>
                  <extType>de</extType>
               </PrivateExtension.Sequence>
            </Collection>
         </privateExtensionList.C0.BoxedType>
         <pcsExtensions.C1.Sequence></pcsExtensions.C1.Sequence>
      </extensionContainer.C3.Sequence>
   </NoteMsPresentForGprsArg.Sequence>
</ASN>