<?xml version="1.0" encoding="ISO-8859-15"?>

<ASN layer="MAP">
   <NumberChangedParam.Sequence><extensionContainer.Sequence>
         <privateExtensionList.C0.BoxedType>
            <Collection>
               <PrivateExtension.Sequence>
                  <extId><ObjectIdentifier>0.1.282.26.35.123.65.48.64.6.58.105</ObjectIdentifier></extId>
                  <extType>b28d</extType>
               </PrivateExtension.Sequence>
               <PrivateExtension.Sequence>
                  <extId><ObjectIdentifier>0.1.223.108.14</ObjectIdentifier></extId>
                  <extType>246e2481294fc5</extType>
               </PrivateExtension.Sequence>
               <PrivateExtension.Sequence>
                  <extId><ObjectIdentifier>0.1.27.76.70.63</ObjectIdentifier></extId>
                  <extType>b5ce27a6e865eaf1</extType>
               </PrivateExtension.Sequence>
            </Collection>
         </privateExtensionList.C0.BoxedType>
         <pcsExtensions.C1.Sequence></pcsExtensions.C1.Sequence>
      </extensionContainer.Sequence></NumberChangedParam.Sequence>
</ASN>