<?xml version="1.0" encoding="ISO-8859-15"?>

<ASN layer="MAP">
   <O_BcsmCamelTDP_Criteria.Sequence>
      <o_BcsmTriggerDetectionPoint.Enum>
         <EnumType>routeSelectFailure.4</EnumType>
      </o_BcsmTriggerDetectionPoint.Enum>
      <destinationNumberCriteria.C0.Sequence>
         <matchType.C0.Enum>
            <EnumType>inhibiting.0</EnumType>
         </matchType.C0.Enum>
         <destinationNumberList.C1.BoxedType>
            <Collection>
               <ISDN_AddressString.BoxedType><Bytes>e95197539662
                     <field name="extension" value="no extension:1" type="EnumLong" lengthBit="1"/>
                     <field name="nature of address" value="abbreviated number:6" type="EnumLong" lengthBit="3"/>
                     <field name="numbering plan" value="private numbering plan:9" type="EnumLong" lengthBit="4"/>
                     <field name="digits" value="1579356926" type="Number_BCD" length="10"/>
                  </Bytes></ISDN_AddressString.BoxedType>
               <ISDN_AddressString.BoxedType><Bytes>5066767507f2
                     <field name="extension" value="extension:0" type="EnumLong" lengthBit="1"/>
                     <field name="nature of address" value="reserved:5" type="EnumLong" lengthBit="3"/>
                     <field name="numbering plan" value="unknown:0" type="EnumLong" lengthBit="4"/>
                     <field name="digits" value="666757702" type="Number_BCD" length="9"/>
                  </Bytes></ISDN_AddressString.BoxedType>
               <ISDN_AddressString.BoxedType><Bytes>bc22577642f0
                     <field name="extension" value="no extension:1" type="EnumLong" lengthBit="1"/>
                     <field name="nature of address" value="network specific number:3" type="EnumLong" lengthBit="3"/>
                     <field name="numbering plan" value="12" type="EnumLong" lengthBit="4"/>
                     <field name="digits" value="227567240" type="Number_BCD" length="9"/>
                  </Bytes></ISDN_AddressString.BoxedType>
            </Collection>
         </destinationNumberList.C1.BoxedType>
         <destinationNumberLengthList.C2.BoxedType>
            <Collection>
               <Integer>2</Integer>
               <Integer>1</Integer>
               <Integer>1</Integer>
            </Collection>
         </destinationNumberLengthList.C2.BoxedType>
      </destinationNumberCriteria.C0.Sequence>
      <basicServiceCriteria.C1.BoxedType>
         <Collection>
            <Ext_BasicServiceCode.Choice>
               <ext_BearerService.C2.BoxedType><Bytes>d2c76ff61a</Bytes></ext_BearerService.C2.BoxedType>
               <ext_Teleservice.C3.BoxedType><Bytes>6cb618d3cb
                     <field name="Code" value="108" type="EnumLong" length="1"/>
                     <field name="Extension data" value="b618d3cb" type="Binary" length="4"/>
                  </Bytes></ext_Teleservice.C3.BoxedType>
            </Ext_BasicServiceCode.Choice>
            <Ext_BasicServiceCode.Choice>
               <ext_BearerService.C2.BoxedType><Bytes>02d47e12c22a5464dd</Bytes></ext_BearerService.C2.BoxedType>
               <ext_Teleservice.C3.BoxedType><Bytes>ba501e1699
                     <field name="Code" value="186" type="EnumLong" length="1"/>
                     <field name="Extension data" value="501e1699" type="Binary" length="4"/>
                  </Bytes></ext_Teleservice.C3.BoxedType>
            </Ext_BasicServiceCode.Choice>
            <Ext_BasicServiceCode.Choice>
               <ext_BearerService.C2.BoxedType><Bytes>6f61203b8d20</Bytes></ext_BearerService.C2.BoxedType>
               <ext_Teleservice.C3.BoxedType><Bytes>d60000e150
                     <field name="Code" value="plmn-specificTS-6:214" type="EnumLong" length="1"/>
                     <field name="Extension data" value="0000e150" type="Binary" length="4"/>
                  </Bytes></ext_Teleservice.C3.BoxedType>
            </Ext_BasicServiceCode.Choice>
         </Collection>
      </basicServiceCriteria.C1.BoxedType>
      <callTypeCriteria.C2.Enum>
         <EnumType>forwarded.0</EnumType>
      </callTypeCriteria.C2.Enum>
      <o_CauseValueCriteria.C3.BoxedType>
         <Collection>
            <CauseValue.BoxedType><Bytes>5a275ada19</Bytes></CauseValue.BoxedType>
            <CauseValue.BoxedType><Bytes>2ca9</Bytes></CauseValue.BoxedType>
            <CauseValue.BoxedType><Bytes>1637f6db</Bytes></CauseValue.BoxedType>
         </Collection>
      </o_CauseValueCriteria.C3.BoxedType>
      <extensionContainer.C4.Sequence>
         <privateExtensionList.C0.BoxedType>
            <Collection>
               <PrivateExtension.Sequence>
                  <extId><ObjectIdentifier>0.1.219.12.36.93.23.32.49.9</ObjectIdentifier></extId>
                  <extType>dd2b63d23a382655</extType>
               </PrivateExtension.Sequence>
               <PrivateExtension.Sequence>
                  <extId><ObjectIdentifier>0.1.231</ObjectIdentifier></extId>
                  <extType>5bb426b9</extType>
               </PrivateExtension.Sequence>
               <PrivateExtension.Sequence>
                  <extId><ObjectIdentifier>0.1.264.32.64.57.0.9.19.119.33</ObjectIdentifier></extId>
                  <extType>e33598c796</extType>
               </PrivateExtension.Sequence>
            </Collection>
         </privateExtensionList.C0.BoxedType>
         <pcsExtensions.C1.Sequence></pcsExtensions.C1.Sequence>
      </extensionContainer.C4.Sequence>
   </O_BcsmCamelTDP_Criteria.Sequence>
</ASN>