<?xml version="1.0" encoding="ISO-8859-15"?>

<ASN layer="MAP">
   <O_BcsmCamelTDPData.Sequence>
      <o_BcsmTriggerDetectionPoint.Enum>
         <EnumType>routeSelectFailure.4</EnumType>
      </o_BcsmTriggerDetectionPoint.Enum>
      <serviceKey.BoxedType><Integer>1</Integer></serviceKey.BoxedType>
      <gsmSCF_Address.C0.BoxedType><Bytes>135157020453
            <field name="extension" value="extension:0" type="EnumLong" lengthBit="1"/>
            <field name="nature of address" value="international number:1" type="EnumLong" lengthBit="3"/>
            <field name="numbering plan" value="data numbering plan (ITU-T Rec X.121):3" type="EnumLong" lengthBit="4"/>
            <field name="digits" value="1575204035" type="Number_BCD" length="10"/>
         </Bytes></gsmSCF_Address.C0.BoxedType>
      <defaultCallHandling.C1.Enum>
         <EnumType>continueCall.0</EnumType>
      </defaultCallHandling.C1.Enum>
      <extensionContainer.C2.Sequence>
         <privateExtensionList.C0.BoxedType>
            <Collection>
               <PrivateExtension.Sequence>
                  <extId><ObjectIdentifier>0.1.275.122.2.113.111.86.66.57.42.85</ObjectIdentifier></extId>
                  <extType>e62335626849aa</extType>
               </PrivateExtension.Sequence>
               <PrivateExtension.Sequence>
                  <extId><ObjectIdentifier>0.1.243.40.66.45.121.13.68.62.48.107</ObjectIdentifier></extId>
                  <extType>58597ab56a95627a80cf</extType>
               </PrivateExtension.Sequence>
               <PrivateExtension.Sequence>
                  <extId><ObjectIdentifier>0.1.298.49.2.93</ObjectIdentifier></extId>
                  <extType>2154</extType>
               </PrivateExtension.Sequence>
            </Collection>
         </privateExtensionList.C0.BoxedType>
         <pcsExtensions.C1.Sequence></pcsExtensions.C1.Sequence>
      </extensionContainer.C2.Sequence>
   </O_BcsmCamelTDPData.Sequence>
</ASN>