<?xml version="1.0" encoding="ISO-8859-15"?>

<ASN layer="MAP">
   <OR_NotAllowedParam.Sequence><extensionContainer.Sequence>
         <privateExtensionList.C0.BoxedType>
            <Collection>
               <PrivateExtension.Sequence>
                  <extId><ObjectIdentifier>0.1.29.44.120.7.91.79.98.92.50</ObjectIdentifier></extId>
                  <extType>21284996</extType>
               </PrivateExtension.Sequence>
               <PrivateExtension.Sequence>
                  <extId><ObjectIdentifier>0.1.2108.109.49</ObjectIdentifier></extId>
                  <extType>534374ecb1</extType>
               </PrivateExtension.Sequence>
               <PrivateExtension.Sequence>
                  <extId><ObjectIdentifier>0.1.246.6.82</ObjectIdentifier></extId>
                  <extType>1f6f13783bc227e0</extType>
               </PrivateExtension.Sequence>
            </Collection>
         </privateExtensionList.C0.BoxedType>
         <pcsExtensions.C1.Sequence></pcsExtensions.C1.Sequence>
      </extensionContainer.Sequence></OR_NotAllowedParam.Sequence>
</ASN>