<?xml version="1.0" encoding="ISO-8859-15"?>

<ASN layer="MAP">
   <PDP_ContextInfo.Sequence>
      <pdp_ContextIdentifier.C0.BoxedType><Integer>0</Integer></pdp_ContextIdentifier.C0.BoxedType>
      <pdp_ContextActive.C1></pdp_ContextActive.C1>
      <pdp_Type.C2.BoxedType><Bytes>5a05
            <field name="spare" value="5" type="Integer" lengthBit="4"/>
            <field name="PDP type organisation" value="reserved:10" type="EnumLong" lengthBit="4"/>
            <field name="PDP type number" value="5" type="EnumLong" length="1"/>
         </Bytes></pdp_Type.C2.BoxedType>
      <pdp_Address.C3.BoxedType><Bytes>8049a2f2
            <field name="IPV4  address" value="128.73.162.242" type="IPV4Address" length="4"/>
         </Bytes></pdp_Address.C3.BoxedType>
      <apn_Subscribed.C4.BoxedType><Bytes>4b71466b6f77736436
            <field name="DNS string" value="KqFkowsd6" type="String" length="9"/>
         </Bytes></apn_Subscribed.C4.BoxedType>
      <apn_InUse.C5.BoxedType><Bytes>744d6d5a713934
            <field name="DNS string" value="tMmZq94" type="String" length="7"/>
         </Bytes></apn_InUse.C5.BoxedType>
      <nsapi.C6.BoxedType><Integer>1</Integer></nsapi.C6.BoxedType>
      <transactionId.C7.BoxedType><Bytes>21c3
            <field name="TI flag" value="The message is sent from the side that originates the TI:0" type="EnumLong" lengthBit="1"/>
            <field name="TIO" value="2" type="Integer" lengthBit="3"/>
            <field name="NA" value="1" type="Integer" lengthBit="4"/>
            <field name="Ext" value="1" type="Integer" lengthBit="1"/>
            <field name="TIE" value="67" type="Integer" lengthBit="7"/>
         </Bytes></transactionId.C7.BoxedType>
      <teid_ForGnAndGp.C8.BoxedType><Bytes>56b0cf83
            <field name="TEID" value="1454428035" type="Integer" length="4"/>
         </Bytes></teid_ForGnAndGp.C8.BoxedType>
      <teid_ForIu.C9.BoxedType><Bytes>c33209ed
            <field name="TEID" value="3274836461" type="Integer" length="4"/>
         </Bytes></teid_ForIu.C9.BoxedType>
      <ggsn_Address.C10.BoxedType><Bytes>74d510cf37
            <field name="Address type" value="IPV6:1" type="EnumLong" lengthBit="2"/>
            <field name="AddressLength" value="52" type="Integer" lengthBit="6"/>
            <field name="IPV4 address" value="213.16.207.55" type="IPV4Address" length="4"/>
         </Bytes></ggsn_Address.C10.BoxedType>
      <qos_Subscribed.C11.BoxedType><Bytes>5fa34ad3997e5e812b
            <field name="Allocation/Retention Priority" value="95" type="Integer" length="1"/>
            <field name="Traffic class" value="Reserved:5" type="EnumLong" lengthBit="3"/>
            <field name="Delivery class" value="Subscribed delivery class / Reserved:0" type="EnumLong" lengthBit="2"/>
            <field name="Delivery erroneous SDUs" value="Erroneous SDUs are not delivered (&apos;no&apos;):3" type="EnumLong" lengthBit="3"/>
            <field name="Maximum SDU size" value="74" type="Integer" length="1"/>
            <field name="Maximum bitrate uplink" value="211" type="Integer" length="1"/>
            <field name="Maximum bitrate downlink" value="153" type="Integer" length="1"/>
            <field name="SDU error ratio" value="1*10 power -1:7" type="EnumLong" lengthBit="4"/>
            <field name="Residual BER" value="Reserved:14" type="EnumLong" lengthBit="4"/>
            <field name="Transfer delay" value="23" type="Integer" lengthBit="6"/>
            <field name="Traffic handling priority" value="Priority level 2:2" type="EnumLong" lengthBit="2"/>
            <field name="Guaranteed bitrate uplink" value="129" type="Integer" length="1"/>
            <field name="Guaranteed bitrate downlink" value="43" type="Integer" length="1"/>
         </Bytes></qos_Subscribed.C11.BoxedType>
      <qos_Requested.C12.BoxedType><Bytes>e6d6de9b25c9721b06
            <field name="Allocation/Retention Priority" value="230" type="Integer" length="1"/>
            <field name="Traffic class" value="Reserved:6" type="EnumLong" lengthBit="3"/>
            <field name="Delivery class" value="Without delivery order (&apos;no&apos;):2" type="EnumLong" lengthBit="2"/>
            <field name="Delivery erroneous SDUs" value="Reserved:6" type="EnumLong" lengthBit="3"/>
            <field name="Maximum SDU size" value="222" type="Integer" length="1"/>
            <field name="Maximum bitrate uplink" value="155" type="Integer" length="1"/>
            <field name="Maximum bitrate downlink" value="37" type="Integer" length="1"/>
            <field name="SDU error ratio" value="Reserved:12" type="EnumLong" lengthBit="4"/>
            <field name="Residual BER" value="6*10 power -8:9" type="EnumLong" lengthBit="4"/>
            <field name="Transfer delay" value="28" type="Integer" lengthBit="6"/>
            <field name="Traffic handling priority" value="Priority level 2:2" type="EnumLong" lengthBit="2"/>
            <field name="Guaranteed bitrate uplink" value="27" type="Integer" length="1"/>
            <field name="Guaranteed bitrate downlink" value="6" type="Integer" length="1"/>
         </Bytes></qos_Requested.C12.BoxedType>
      <qos_Negotiated.C13.BoxedType><Bytes>eeae7d21731c0ed306
            <field name="Allocation/Retention Priority" value="238" type="Integer" length="1"/>
            <field name="Traffic class" value="Reserved:5" type="EnumLong" lengthBit="3"/>
            <field name="Delivery class" value="With delivery order (&apos;yes&apos;):1" type="EnumLong" lengthBit="2"/>
            <field name="Delivery erroneous SDUs" value="Reserved:6" type="EnumLong" lengthBit="3"/>
            <field name="Maximum SDU size" value="125" type="Integer" length="1"/>
            <field name="Maximum bitrate uplink" value="33" type="Integer" length="1"/>
            <field name="Maximum bitrate downlink" value="115" type="Integer" length="1"/>
            <field name="SDU error ratio" value="1*10 power -2:1" type="EnumLong" lengthBit="4"/>
            <field name="Residual BER" value="Reserved:12" type="EnumLong" lengthBit="4"/>
            <field name="Transfer delay" value="3" type="Integer" lengthBit="6"/>
            <field name="Traffic handling priority" value="Priority level 2:2" type="EnumLong" lengthBit="2"/>
            <field name="Guaranteed bitrate uplink" value="211" type="Integer" length="1"/>
            <field name="Guaranteed bitrate downlink" value="6" type="Integer" length="1"/>
         </Bytes></qos_Negotiated.C13.BoxedType>
      <chargingId.C14.BoxedType><Bytes>75cde047
            <field name="Charging ID" value="1976426567" type="Integer" length="4"/>
         </Bytes></chargingId.C14.BoxedType>
      <chargingCharacteristics.C15.BoxedType><Bytes>4155
            <field name="Reserved" value="4" type="Integer" lengthBit="4"/>
            <field name="N flag" value="0" type="Integer" lengthBit="1"/>
            <field name="P flag" value="0" type="Integer" lengthBit="1"/>
            <field name="F flag" value="0" type="Integer" lengthBit="1"/>
            <field name="H flag" value="1" type="Integer" lengthBit="1"/>
            <field name="Charging Value" value="85" type="Integer" length="1"/>
         </Bytes></chargingCharacteristics.C15.BoxedType>
      <rnc_Address.C16.BoxedType><Bytes>1dba40af20
            <field name="Address type" value="IPV4:0" type="EnumLong" lengthBit="2"/>
            <field name="AddressLength" value="29" type="Integer" lengthBit="6"/>
            <field name="IPV4 address" value="186.64.175.32" type="IPV4Address" length="4"/>
         </Bytes></rnc_Address.C16.BoxedType>
      <extensionContainer.C17.Sequence>
         <privateExtensionList.C0.BoxedType>
            <Collection>
               <PrivateExtension.Sequence>
                  <extId><ObjectIdentifier>0.1.235.76.67.117.35.12.61.16.15.54</ObjectIdentifier></extId>
                  <extType>7dbb731462c750dd</extType>
               </PrivateExtension.Sequence>
               <PrivateExtension.Sequence>
                  <extId><ObjectIdentifier>0.1.2104.48.107.59.69.84.26</ObjectIdentifier></extId>
                  <extType>5dd6</extType>
               </PrivateExtension.Sequence>
               <PrivateExtension.Sequence>
                  <extId><ObjectIdentifier>0.1.285</ObjectIdentifier></extId>
                  <extType>61</extType>
               </PrivateExtension.Sequence>
            </Collection>
         </privateExtensionList.C0.BoxedType>
         <pcsExtensions.C1.Sequence></pcsExtensions.C1.Sequence>
      </extensionContainer.C17.Sequence>
      <qos2_Subscribed.C18.BoxedType><Bytes>7ce8bc29fd
            <field name="spare" value="3" type="Integer" lengthBit="3"/>
            <field name="Signalling Indication" value="Optimised for signalling traffic:1" type="EnumLong" lengthBit="1"/>
            <field name="Source Statistics Descriptor" value="unknown:12" type="EnumLong" lengthBit="4"/>
            <field name="Maximum bitrate downlink (extended)" value="232" type="Integer" length="1"/>
            <field name="Guaranteed bitrate downlink (extended)" value="188" type="Integer" length="1"/>
            <field name="Maximum bitrate uplink (extended)" value="41" type="Integer" length="1"/>
            <field name="Guaranteed bitrate uplink (extended)" value="253" type="Integer" length="1"/>
         </Bytes></qos2_Subscribed.C18.BoxedType>
      <qos2_Requested.C19.BoxedType><Bytes>2c6c893361
            <field name="spare" value="1" type="Integer" lengthBit="3"/>
            <field name="Signalling Indication" value="Not optimised for signalling traffic:0" type="EnumLong" lengthBit="1"/>
            <field name="Source Statistics Descriptor" value="unknown:12" type="EnumLong" lengthBit="4"/>
            <field name="Maximum bitrate downlink (extended)" value="108" type="Integer" length="1"/>
            <field name="Guaranteed bitrate downlink (extended)" value="137" type="Integer" length="1"/>
            <field name="Maximum bitrate uplink (extended)" value="51" type="Integer" length="1"/>
            <field name="Guaranteed bitrate uplink (extended)" value="97" type="Integer" length="1"/>
         </Bytes></qos2_Requested.C19.BoxedType>
      <qos2_Negotiated.C20.BoxedType><Bytes>32abcab568
            <field name="spare" value="1" type="Integer" lengthBit="3"/>
            <field name="Signalling Indication" value="Optimised for signalling traffic:1" type="EnumLong" lengthBit="1"/>
            <field name="Source Statistics Descriptor" value="unknown:2" type="EnumLong" lengthBit="4"/>
            <field name="Maximum bitrate downlink (extended)" value="171" type="Integer" length="1"/>
            <field name="Guaranteed bitrate downlink (extended)" value="202" type="Integer" length="1"/>
            <field name="Maximum bitrate uplink (extended)" value="181" type="Integer" length="1"/>
            <field name="Guaranteed bitrate uplink (extended)" value="104" type="Integer" length="1"/>
         </Bytes></qos2_Negotiated.C20.BoxedType>
   </PDP_ContextInfo.Sequence>
</ASN>