<?xml version="1.0" encoding="ISO-8859-15"?>

<ASN layer="MAP">
   <PDP_Context.Sequence>
      <pdp_ContextId.BoxedType><Integer>0</Integer></pdp_ContextId.BoxedType>
      <pdp_Type.C16.BoxedType><Bytes>a33b
            <field name="spare" value="10" type="Integer" lengthBit="4"/>
            <field name="PDP type organisation" value="reserved:3" type="EnumLong" lengthBit="4"/>
            <field name="PDP type number" value="59" type="EnumLong" length="1"/>
         </Bytes></pdp_Type.C16.BoxedType>
      <pdp_Address.C17.BoxedType><Bytes>e0152482
            <field name="IPV4  address" value="224.21.36.130" type="IPV4Address" length="4"/>
         </Bytes></pdp_Address.C17.BoxedType>
      <qos_Subscribed.C18.BoxedType><Bytes>33cc7a
            <field name="spare1" value="0" type="Integer" lengthBit="2"/>
            <field name="Delay class" value="Delay class 4 (best effort):6" type="EnumLong" lengthBit="3"/>
            <field name="Reliability class" value="Unacknowledged GTP and LLC; Acknowledged RLC, Protected data:3" type="EnumLong" lengthBit="3"/>
            <field name="Peak throughput" value="Up to 1 000 octet/s:12" type="EnumLong" lengthBit="4"/>
            <field name="spare2" value="1" type="Integer" lengthBit="1"/>
            <field name="Precedence class" value="Normal priority:4" type="EnumLong" lengthBit="3"/>
            <field name="spare3" value="3" type="Integer" lengthBit="3"/>
            <field name="Mean throughput" value="Best effort:26" type="EnumLong" lengthBit="5"/>
         </Bytes></qos_Subscribed.C18.BoxedType>
      <vplmnAddressAllowed.C19></vplmnAddressAllowed.C19>
      <apn.C20.BoxedType><Bytes>554c324c35
            <field name="DNS string" value="UL2L5" type="String" length="5"/>
         </Bytes></apn.C20.BoxedType>
      <extensionContainer.C21.Sequence>
         <privateExtensionList.C0.BoxedType>
            <Collection>
               <PrivateExtension.Sequence>
                  <extId><ObjectIdentifier>0.1.28</ObjectIdentifier></extId>
                  <extType>a9f407e417a0a129</extType>
               </PrivateExtension.Sequence>
               <PrivateExtension.Sequence>
                  <extId><ObjectIdentifier>0.1.298.18.67.63.81.13.48.82.77.124</ObjectIdentifier></extId>
                  <extType>5c</extType>
               </PrivateExtension.Sequence>
               <PrivateExtension.Sequence>
                  <extId><ObjectIdentifier>0.1.2115.126.51.95.72</ObjectIdentifier></extId>
                  <extType>9e725aabf11ada</extType>
               </PrivateExtension.Sequence>
            </Collection>
         </privateExtensionList.C0.BoxedType>
         <pcsExtensions.C1.Sequence></pcsExtensions.C1.Sequence>
      </extensionContainer.C21.Sequence>
      <ext_QoS_Subscribed.C0.BoxedType><Bytes>fa158072d68fef2535
            <field name="Allocation/Retention Priority" value="250" type="Integer" length="1"/>
            <field name="Traffic class" value="Subscribed traffic class / Reserved:0" type="EnumLong" lengthBit="3"/>
            <field name="Delivery class" value="Without delivery order (&apos;no&apos;):2" type="EnumLong" lengthBit="2"/>
            <field name="Delivery erroneous SDUs" value="Reserved:5" type="EnumLong" lengthBit="3"/>
            <field name="Maximum SDU size" value="128" type="Integer" length="1"/>
            <field name="Maximum bitrate uplink" value="114" type="Integer" length="1"/>
            <field name="Maximum bitrate downlink" value="214" type="Integer" length="1"/>
            <field name="SDU error ratio" value="Reserved:8" type="EnumLong" lengthBit="4"/>
            <field name="Residual BER" value="Reserved:15" type="EnumLong" lengthBit="4"/>
            <field name="Transfer delay" value="59" type="Integer" lengthBit="6"/>
            <field name="Traffic handling priority" value="Priority level 3:3" type="EnumLong" lengthBit="2"/>
            <field name="Guaranteed bitrate uplink" value="37" type="Integer" length="1"/>
            <field name="Guaranteed bitrate downlink" value="53" type="Integer" length="1"/>
         </Bytes></ext_QoS_Subscribed.C0.BoxedType>
      <pdp_ChargingCharacteristics.C1.BoxedType><Bytes>f182
            <field name="Reserved" value="15" type="Integer" lengthBit="4"/>
            <field name="N flag" value="0" type="Integer" lengthBit="1"/>
            <field name="P flag" value="0" type="Integer" lengthBit="1"/>
            <field name="F flag" value="0" type="Integer" lengthBit="1"/>
            <field name="H flag" value="1" type="Integer" lengthBit="1"/>
            <field name="Charging Value" value="130" type="Integer" length="1"/>
         </Bytes></pdp_ChargingCharacteristics.C1.BoxedType>
      <ext2_QoS_Subscribed.C2.BoxedType><Bytes>af68351536
            <field name="spare" value="5" type="Integer" lengthBit="3"/>
            <field name="Signalling Indication" value="Not optimised for signalling traffic:0" type="EnumLong" lengthBit="1"/>
            <field name="Source Statistics Descriptor" value="unknown:15" type="EnumLong" lengthBit="4"/>
            <field name="Maximum bitrate downlink (extended)" value="104" type="Integer" length="1"/>
            <field name="Guaranteed bitrate downlink (extended)" value="53" type="Integer" length="1"/>
            <field name="Maximum bitrate uplink (extended)" value="21" type="Integer" length="1"/>
            <field name="Guaranteed bitrate uplink (extended)" value="54" type="Integer" length="1"/>
         </Bytes></ext2_QoS_Subscribed.C2.BoxedType>
   </PDP_Context.Sequence>
</ASN>