<?xml version="1.0" encoding="ISO-8859-15"?>

<ASN layer="MAP">
   <PositionMethodFailure_Param.Sequence>
      <positionMethodFailure_Diagnostic.C0.Enum>
         <EnumType>insufficientMeasurementData.2</EnumType>
      </positionMethodFailure_Diagnostic.C0.Enum>
      <extensionContainer.C1.Sequence>
         <privateExtensionList.C0.BoxedType>
            <Collection>
               <PrivateExtension.Sequence>
                  <extId><ObjectIdentifier>0.1.2119</ObjectIdentifier></extId>
                  <extType>e87e354a6223f8</extType>
               </PrivateExtension.Sequence>
               <PrivateExtension.Sequence>
                  <extId><ObjectIdentifier>0.1.284.64.41</ObjectIdentifier></extId>
                  <extType>7e3b5fcb</extType>
               </PrivateExtension.Sequence>
               <PrivateExtension.Sequence>
                  <extId><ObjectIdentifier>0.1.281.97.8.0.21.33.71</ObjectIdentifier></extId>
                  <extType>d8db98e4</extType>
               </PrivateExtension.Sequence>
            </Collection>
         </privateExtensionList.C0.BoxedType>
         <pcsExtensions.C1.Sequence></pcsExtensions.C1.Sequence>
      </extensionContainer.C1.Sequence>
   </PositionMethodFailure_Param.Sequence>
</ASN>