<?xml version="1.0" encoding="ISO-8859-15"?>

<ASN layer="MAP">
   <PrepareSubsequentHOResV3.BoxedType><PrepareSubsequentHOResV3SequenceType.C3.Sequence>
         <an_APDU.Sequence>
            <accessNetworkProtocolId.Enum>
               <EnumType>ts3G_48006.1</EnumType>
            </accessNetworkProtocolId.Enum>
            <signalInfo.BoxedType><Bytes>1e007bdcf316</Bytes></signalInfo.BoxedType>
            <extensionContainer.Sequence>
               <privateExtensionList.C0.BoxedType>
                  <Collection>
                     <PrivateExtension.Sequence>
                        <extId><ObjectIdentifier>0.1.26.46.110</ObjectIdentifier></extId>
                        <extType>a963ea13d873</extType>
                     </PrivateExtension.Sequence>
                     <PrivateExtension.Sequence>
                        <extId><ObjectIdentifier>0.1.221.30.30</ObjectIdentifier></extId>
                        <extType>55c2d87b</extType>
                     </PrivateExtension.Sequence>
                     <PrivateExtension.Sequence>
                        <extId><ObjectIdentifier>0.1.226.23.75.45.77.34.104.123.19</ObjectIdentifier></extId>
                        <extType>b587d22f47ac1e9af60c</extType>
                     </PrivateExtension.Sequence>
                  </Collection>
               </privateExtensionList.C0.BoxedType>
               <pcsExtensions.C1.Sequence></pcsExtensions.C1.Sequence>
            </extensionContainer.Sequence>
         </an_APDU.Sequence>
         <extensionContainer.C0.Sequence>
            <privateExtensionList.C0.BoxedType>
               <Collection>
                  <PrivateExtension.Sequence>
                     <extId><ObjectIdentifier>0.1.276.69.108.105</ObjectIdentifier></extId>
                     <extType>f2650f3358f6</extType>
                  </PrivateExtension.Sequence>
                  <PrivateExtension.Sequence>
                     <extId><ObjectIdentifier>0.1.276</ObjectIdentifier></extId>
                     <extType>9de658b1e4b2c5d6</extType>
                  </PrivateExtension.Sequence>
                  <PrivateExtension.Sequence>
                     <extId><ObjectIdentifier>0.1.27.61.95</ObjectIdentifier></extId>
                     <extType>d18160587d8754a6613c</extType>
                  </PrivateExtension.Sequence>
               </Collection>
            </privateExtensionList.C0.BoxedType>
            <pcsExtensions.C1.Sequence></pcsExtensions.C1.Sequence>
         </extensionContainer.C0.Sequence>
      </PrepareSubsequentHOResV3SequenceType.C3.Sequence></PrepareSubsequentHOResV3.BoxedType>
</ASN>