<?xml version="1.0" encoding="ISO-8859-15"?>

<ASN layer="MAP">
   <PrepareHO_ResV3.BoxedType><PrepareHO_ResV3SequenceType.C3.Sequence>
         <handoverNumber.C0.BoxedType><Bytes>312175700064
               <field name="extension" value="extension:0" type="EnumLong" lengthBit="1"/>
               <field name="nature of address" value="network specific number:3" type="EnumLong" lengthBit="3"/>
               <field name="numbering plan" value="ISDN/Telephony Numbering Plan (Rec ITU-T E.164):1" type="EnumLong" lengthBit="4"/>
               <field name="digits" value="1257070046" type="Number_BCD" length="10"/>
            </Bytes></handoverNumber.C0.BoxedType>
         <relocationNumberList.C1.BoxedType>
            <Collection>
               <RelocationNumber.Sequence>
                  <handoverNumber.BoxedType><Bytes>b43150924065
                        <field name="extension" value="no extension:1" type="EnumLong" lengthBit="1"/>
                        <field name="nature of address" value="network specific number:3" type="EnumLong" lengthBit="3"/>
                        <field name="numbering plan" value="telex numbering plan (ITU-T Rec F.69):4" type="EnumLong" lengthBit="4"/>
                        <field name="digits" value="1305290456" type="Number_BCD" length="10"/>
                     </Bytes></handoverNumber.BoxedType>
                  <rab_Id.BoxedType><Integer>1</Integer></rab_Id.BoxedType>
               </RelocationNumber.Sequence>
               <RelocationNumber.Sequence>
                  <handoverNumber.BoxedType><Bytes>8224328027f5
                        <field name="extension" value="no extension:1" type="EnumLong" lengthBit="1"/>
                        <field name="nature of address" value="unknown:0" type="EnumLong" lengthBit="3"/>
                        <field name="numbering plan" value="spare:2" type="EnumLong" lengthBit="4"/>
                        <field name="digits" value="422308725" type="Number_BCD" length="9"/>
                     </Bytes></handoverNumber.BoxedType>
                  <rab_Id.BoxedType><Integer>0</Integer></rab_Id.BoxedType>
               </RelocationNumber.Sequence>
               <RelocationNumber.Sequence>
                  <handoverNumber.BoxedType><Bytes>995166209948
                        <field name="extension" value="no extension:1" type="EnumLong" lengthBit="1"/>
                        <field name="nature of address" value="international number:1" type="EnumLong" lengthBit="3"/>
                        <field name="numbering plan" value="private numbering plan:9" type="EnumLong" lengthBit="4"/>
                        <field name="digits" value="1566029984" type="Number_BCD" length="10"/>
                     </Bytes></handoverNumber.BoxedType>
                  <rab_Id.BoxedType><Integer>1</Integer></rab_Id.BoxedType>
               </RelocationNumber.Sequence>
            </Collection>
         </relocationNumberList.C1.BoxedType>
         <an_APDU.C2.Sequence>
            <accessNetworkProtocolId.Enum>
               <EnumType>ts3G_48006.1</EnumType>
            </accessNetworkProtocolId.Enum>
            <signalInfo.BoxedType><Bytes>52a0</Bytes></signalInfo.BoxedType>
            <extensionContainer.Sequence>
               <privateExtensionList.C0.BoxedType>
                  <Collection>
                     <PrivateExtension.Sequence>
                        <extId><ObjectIdentifier>0.1.289.36.122.26.35.21</ObjectIdentifier></extId>
                        <extType>e17f85077cbac3</extType>
                     </PrivateExtension.Sequence>
                     <PrivateExtension.Sequence>
                        <extId><ObjectIdentifier>0.1.2127.117.22.98.35.102.109.110</ObjectIdentifier></extId>
                        <extType>51ce456c</extType>
                     </PrivateExtension.Sequence>
                     <PrivateExtension.Sequence>
                        <extId><ObjectIdentifier>0.1.268.17.70.75.118.109</ObjectIdentifier></extId>
                        <extType>31bc33eb</extType>
                     </PrivateExtension.Sequence>
                  </Collection>
               </privateExtensionList.C0.BoxedType>
               <pcsExtensions.C1.Sequence></pcsExtensions.C1.Sequence>
            </extensionContainer.Sequence>
         </an_APDU.C2.Sequence>
         <multicallBearerInfo.C3.BoxedType><Integer>2</Integer></multicallBearerInfo.C3.BoxedType>
         <multipleBearerNotSupported></multipleBearerNotSupported>
         <selectedUMTS_Algorithms.C5.Sequence>
            <integrityProtectionAlgorithm.C0.BoxedType><Bytes>8957e313ba63</Bytes></integrityProtectionAlgorithm.C0.BoxedType>
            <encryptionAlgorithm.C1.BoxedType><Bytes>bebcae3a4f4b633d</Bytes></encryptionAlgorithm.C1.BoxedType>
            <extensionContainer.C2.Sequence>
               <privateExtensionList.C0.BoxedType>
                  <Collection>
                     <PrivateExtension.Sequence>
                        <extId><ObjectIdentifier>0.1.263.9.80.40.75.51.71</ObjectIdentifier></extId>
                        <extType>c78964f163c715dc76</extType>
                     </PrivateExtension.Sequence>
                     <PrivateExtension.Sequence>
                        <extId><ObjectIdentifier>0.1.283.113.100.87.56.66.90.103.59</ObjectIdentifier></extId>
                        <extType>0403</extType>
                     </PrivateExtension.Sequence>
                     <PrivateExtension.Sequence>
                        <extId><ObjectIdentifier>0.1.278.76.115.61.37</ObjectIdentifier></extId>
                        <extType>3918c1f113fd57</extType>
                     </PrivateExtension.Sequence>
                  </Collection>
               </privateExtensionList.C0.BoxedType>
               <pcsExtensions.C1.Sequence></pcsExtensions.C1.Sequence>
            </extensionContainer.C2.Sequence>
         </selectedUMTS_Algorithms.C5.Sequence>
         <chosenRadioResourceInformation.C6.Sequence>
            <chosenChannelInfo.C0.BoxedType><Bytes>5e25d4d6</Bytes></chosenChannelInfo.C0.BoxedType>
            <chosenSpeechVersion.C1.BoxedType><Bytes>fb1a</Bytes></chosenSpeechVersion.C1.BoxedType>
         </chosenRadioResourceInformation.C6.Sequence>
         <extensionContainer.C4.Sequence>
            <privateExtensionList.C0.BoxedType>
               <Collection>
                  <PrivateExtension.Sequence>
                     <extId><ObjectIdentifier>0.1.210.77.27.102.126.107.56</ObjectIdentifier></extId>
                     <extType>b28830d02ac865</extType>
                  </PrivateExtension.Sequence>
                  <PrivateExtension.Sequence>
                     <extId><ObjectIdentifier>0.1.24.56</ObjectIdentifier></extId>
                     <extType>4fdd</extType>
                  </PrivateExtension.Sequence>
                  <PrivateExtension.Sequence>
                     <extId><ObjectIdentifier>0.1.265.74.57.21.28.54.9</ObjectIdentifier></extId>
                     <extType>3a275bea</extType>
                  </PrivateExtension.Sequence>
               </Collection>
            </privateExtensionList.C0.BoxedType>
            <pcsExtensions.C1.Sequence></pcsExtensions.C1.Sequence>
         </extensionContainer.C4.Sequence>
         <iuSelectedCodec.C7.BoxedType><Bytes>c86b</Bytes></iuSelectedCodec.C7.BoxedType>
         <iuAvailableCodecsList.C8.Sequence>
            <codec1.C1.BoxedType><Bytes>38c540c368d5c46b1e98</Bytes></codec1.C1.BoxedType>
            <codec2.C2.BoxedType><Bytes>144d638297288114</Bytes></codec2.C2.BoxedType>
            <codec3.C3.BoxedType><Bytes>97d1</Bytes></codec3.C3.BoxedType>
            <codec4.C4.BoxedType><Bytes>b5b4fd4c06ee01</Bytes></codec4.C4.BoxedType>
            <codec5.C5.BoxedType><Bytes>3805</Bytes></codec5.C5.BoxedType>
            <codec6.C6.BoxedType><Bytes>49321a</Bytes></codec6.C6.BoxedType>
            <codec7.C7.BoxedType><Bytes>225b99</Bytes></codec7.C7.BoxedType>
            <codec8.C8.BoxedType><Bytes>aacfda405909da</Bytes></codec8.C8.BoxedType>
            <extensionContainer.C9.Sequence>
               <privateExtensionList.C0.BoxedType>
                  <Collection>
                     <PrivateExtension.Sequence>
                        <extId><ObjectIdentifier>0.1.285</ObjectIdentifier></extId>
                        <extType>bec2853e4490d826</extType>
                     </PrivateExtension.Sequence>
                     <PrivateExtension.Sequence>
                        <extId><ObjectIdentifier>0.1.234.122.116.58.43.55.119.72.103.45</ObjectIdentifier></extId>
                        <extType>77a9fdddcf613ef4</extType>
                     </PrivateExtension.Sequence>
                     <PrivateExtension.Sequence>
                        <extId><ObjectIdentifier>0.1.2118.115.38.108.116.123.7</ObjectIdentifier></extId>
                        <extType>c9e9</extType>
                     </PrivateExtension.Sequence>
                  </Collection>
               </privateExtensionList.C0.BoxedType>
               <pcsExtensions.C1.Sequence></pcsExtensions.C1.Sequence>
            </extensionContainer.C9.Sequence>
         </iuAvailableCodecsList.C8.Sequence>
      </PrepareHO_ResV3SequenceType.C3.Sequence></PrepareHO_ResV3.BoxedType>
</ASN>