<?xml version="1.0" encoding="ISO-8859-15"?>

<ASN layer="MAP">
   <PrepareGroupCallArg.Sequence>
      <teleservice.BoxedType><Bytes>060000b01e
            <field name="Code" value="6" type="EnumLong" length="1"/>
            <field name="Extension data" value="0000b01e" type="Binary" length="4"/>
         </Bytes></teleservice.BoxedType>
      <asciCallReference.BoxedType><TBCD_STRING.BoxedType><Bytes>48365185f7
               <field name="digits" value="846315587" type="Number_BCD" length="9"/>
            </Bytes></TBCD_STRING.BoxedType></asciCallReference.BoxedType>
      <codec_Info.BoxedType><Bytes>5aeecfcff35d6d2a22</Bytes></codec_Info.BoxedType>
      <cipheringAlgorithm.BoxedType><Bytes>391a3e3081cc</Bytes></cipheringAlgorithm.BoxedType>
      <groupKeyNumber_Vk_Id.C0.BoxedType><Integer>2</Integer></groupKeyNumber_Vk_Id.C0.BoxedType>
      <groupKey.C1.BoxedType><Bytes>241938af18bbc7cc86d6</Bytes></groupKey.C1.BoxedType>
      <priority.C2.BoxedType><Integer>2</Integer></priority.C2.BoxedType>
      <uplinkFree.C3></uplinkFree.C3>
      <extensionContainer.C4.Sequence>
         <privateExtensionList.C0.BoxedType>
            <Collection>
               <PrivateExtension.Sequence>
                  <extId><ObjectIdentifier>0.1.2110.34.4.86.2.65</ObjectIdentifier></extId>
                  <extType>27ca986d</extType>
               </PrivateExtension.Sequence>
               <PrivateExtension.Sequence>
                  <extId><ObjectIdentifier>0.1.277.124.64.49.16.60.72.118.53.111</ObjectIdentifier></extId>
                  <extType>5c6779</extType>
               </PrivateExtension.Sequence>
               <PrivateExtension.Sequence>
                  <extId><ObjectIdentifier>0.1.293.47.49.79.8.47.37.29</ObjectIdentifier></extId>
                  <extType>7279625a6a26</extType>
               </PrivateExtension.Sequence>
            </Collection>
         </privateExtensionList.C0.BoxedType>
         <pcsExtensions.C1.Sequence></pcsExtensions.C1.Sequence>
      </extensionContainer.C4.Sequence>
      <vstk.C5.BoxedType><Bytes>866fcbdc7757be6f25</Bytes></vstk.C5.BoxedType>
      <vstk_rand.C6.BoxedType><Bytes>379173984806</Bytes></vstk_rand.C6.BoxedType>
   </PrepareGroupCallArg.Sequence>
</ASN>