<?xml version="1.0" encoding="ISO-8859-15"?>

<ASN layer="MAP">
   <PrepareGroupCallRes.Sequence>
      <groupCallNumber.BoxedType><Bytes>0402938406f9
            <field name="extension" value="extension:0" type="EnumLong" lengthBit="1"/>
            <field name="nature of address" value="unknown:0" type="EnumLong" lengthBit="3"/>
            <field name="numbering plan" value="telex numbering plan (ITU-T Rec F.69):4" type="EnumLong" lengthBit="4"/>
            <field name="digits" value="203948609" type="Number_BCD" length="9"/>
         </Bytes></groupCallNumber.BoxedType>
      <extensionContainer.Sequence>
         <privateExtensionList.C0.BoxedType>
            <Collection>
               <PrivateExtension.Sequence>
                  <extId><ObjectIdentifier>0.1.2119.59.78.83.72.114</ObjectIdentifier></extId>
                  <extType>cbe36bdfbd2f</extType>
               </PrivateExtension.Sequence>
               <PrivateExtension.Sequence>
                  <extId><ObjectIdentifier>0.1.238.1.127.106.82.22.99</ObjectIdentifier></extId>
                  <extType>85ac25</extType>
               </PrivateExtension.Sequence>
               <PrivateExtension.Sequence>
                  <extId><ObjectIdentifier>0.1.258.90.67.59.49.116</ObjectIdentifier></extId>
                  <extType>f05e17fc</extType>
               </PrivateExtension.Sequence>
            </Collection>
         </privateExtensionList.C0.BoxedType>
         <pcsExtensions.C1.Sequence></pcsExtensions.C1.Sequence>
      </extensionContainer.Sequence>
   </PrepareGroupCallRes.Sequence>
</ASN>