<?xml version="1.0" encoding="ISO-8859-15"?>

<ASN layer="MAP">
   <PrepareSubsequentHOArgV3.BoxedType><PrepareSubsequentHOArgV3SequenceType.C3.Sequence>
         <targetCellId.C0.BoxedType><Bytes>5984926c61f5</Bytes></targetCellId.C0.BoxedType>
         <targetMSC_Number.C1.BoxedType><Bytes>d44109353524
               <field name="extension" value="no extension:1" type="EnumLong" lengthBit="1"/>
               <field name="nature of address" value="reserved:5" type="EnumLong" lengthBit="3"/>
               <field name="numbering plan" value="telex numbering plan (ITU-T Rec F.69):4" type="EnumLong" lengthBit="4"/>
               <field name="digits" value="1490535342" type="Number_BCD" length="10"/>
            </Bytes></targetMSC_Number.C1.BoxedType>
         <targetRNCId.C2.BoxedType><Bytes>4da7f69c38b51be523</Bytes></targetRNCId.C2.BoxedType>
         <an_APDU.C3.Sequence>
            <accessNetworkProtocolId.Enum>
               <EnumType>ts3G_25413.2</EnumType>
            </accessNetworkProtocolId.Enum>
            <signalInfo.BoxedType><Bytes>8b6c437234e486</Bytes></signalInfo.BoxedType>
            <extensionContainer.Sequence>
               <privateExtensionList.C0.BoxedType>
                  <Collection>
                     <PrivateExtension.Sequence>
                        <extId><ObjectIdentifier>0.1.273</ObjectIdentifier></extId>
                        <extType>f593a618bad43010</extType>
                     </PrivateExtension.Sequence>
                     <PrivateExtension.Sequence>
                        <extId><ObjectIdentifier>0.1.277.122.90.19.64.5.81.4.108</ObjectIdentifier></extId>
                        <extType>176c392d21b31bced0</extType>
                     </PrivateExtension.Sequence>
                     <PrivateExtension.Sequence>
                        <extId><ObjectIdentifier>0.1.235</ObjectIdentifier></extId>
                        <extType>89d8cab72787fb00f5</extType>
                     </PrivateExtension.Sequence>
                  </Collection>
               </privateExtensionList.C0.BoxedType>
               <pcsExtensions.C1.Sequence></pcsExtensions.C1.Sequence>
            </extensionContainer.Sequence>
         </an_APDU.C3.Sequence>
         <selectedRab_Id.C4.BoxedType><Integer>2</Integer></selectedRab_Id.C4.BoxedType>
         <extensionContainer.C5.Sequence>
            <privateExtensionList.C0.BoxedType>
               <Collection>
                  <PrivateExtension.Sequence>
                     <extId><ObjectIdentifier>0.1.2109.107.9.67.99.88</ObjectIdentifier></extId>
                     <extType>65509464f4dbd2c876bd</extType>
                  </PrivateExtension.Sequence>
                  <PrivateExtension.Sequence>
                     <extId><ObjectIdentifier>0.1.282.23.45.62.6.39.126.118.52.116</ObjectIdentifier></extId>
                     <extType>df7f</extType>
                  </PrivateExtension.Sequence>
                  <PrivateExtension.Sequence>
                     <extId><ObjectIdentifier>0.1.282.50.125.38.124.29.88.69.33</ObjectIdentifier></extId>
                     <extType>a26f4f27fa34e51bf1</extType>
                  </PrivateExtension.Sequence>
               </Collection>
            </privateExtensionList.C0.BoxedType>
            <pcsExtensions.C1.Sequence></pcsExtensions.C1.Sequence>
         </extensionContainer.C5.Sequence>
         <geran_classmark.C6.BoxedType><Bytes>6b73</Bytes></geran_classmark.C6.BoxedType>
         <rab_ConfigurationIndicator.C7></rab_ConfigurationIndicator.C7>
      </PrepareSubsequentHOArgV3SequenceType.C3.Sequence></PrepareSubsequentHOArgV3.BoxedType>
</ASN>