<?xml version="1.0" encoding="ISO-8859-15"?>

<ASN layer="MAP">
   <PrepareHO_ArgV3.BoxedType><PrepareHO_ArgV3SequenceType.C3.Sequence>
         <targetCellId.C0.BoxedType><Bytes>0427fc718ef6b79a</Bytes></targetCellId.C0.BoxedType>
         <ho_NumberNotRequired></ho_NumberNotRequired>
         <targetRNCId.C1.BoxedType><Bytes>7cc7a5c11cdd15</Bytes></targetRNCId.C1.BoxedType>
         <an_APDU.C2.Sequence>
            <accessNetworkProtocolId.Enum>
               <EnumType>ts3G_48006.1</EnumType>
            </accessNetworkProtocolId.Enum>
            <signalInfo.BoxedType><Bytes>f512e0</Bytes></signalInfo.BoxedType>
            <extensionContainer.Sequence>
               <privateExtensionList.C0.BoxedType>
                  <Collection>
                     <PrivateExtension.Sequence>
                        <extId><ObjectIdentifier>0.1.2115.1.56</ObjectIdentifier></extId>
                        <extType>a371e9620fb8cd86</extType>
                     </PrivateExtension.Sequence>
                     <PrivateExtension.Sequence>
                        <extId><ObjectIdentifier>0.1.232.38.95.108.96.118.31</ObjectIdentifier></extId>
                        <extType>6c050788dcbd5b6d97</extType>
                     </PrivateExtension.Sequence>
                     <PrivateExtension.Sequence>
                        <extId><ObjectIdentifier>0.1.29.42.51.92.109.33.64</ObjectIdentifier></extId>
                        <extType>5b2f</extType>
                     </PrivateExtension.Sequence>
                  </Collection>
               </privateExtensionList.C0.BoxedType>
               <pcsExtensions.C1.Sequence></pcsExtensions.C1.Sequence>
            </extensionContainer.Sequence>
         </an_APDU.C2.Sequence>
         <multipleBearerRequested.C3></multipleBearerRequested.C3>
         <imsi.C4.BoxedType><Bytes>5117488026
               <field name="digits" value="1571840862" type="Number_BCD" length="10"/>
            </Bytes></imsi.C4.BoxedType>
         <integrityProtectionInfo.C5.BoxedType><Bytes>febc0a85d5</Bytes></integrityProtectionInfo.C5.BoxedType>
         <encryptionInfo.C6.BoxedType><Bytes>0effa1c5a0bd51e687</Bytes></encryptionInfo.C6.BoxedType>
         <radioResourceInformation.C7.BoxedType><Bytes>9c8214</Bytes></radioResourceInformation.C7.BoxedType>
         <allowedGSM_Algorithms.C9.BoxedType><Bytes>ed2572</Bytes></allowedGSM_Algorithms.C9.BoxedType>
         <allowedUMTS_Algorithms.C10.Sequence>
            <integrityProtectionAlgorithms.C0.BoxedType><Bytes>eaadd4986c47</Bytes></integrityProtectionAlgorithms.C0.BoxedType>
            <encryptionAlgorithms.C1.BoxedType><Bytes>421264a21407ac8a60</Bytes></encryptionAlgorithms.C1.BoxedType>
            <extensionContainer.C2.Sequence>
               <privateExtensionList.C0.BoxedType>
                  <Collection>
                     <PrivateExtension.Sequence>
                        <extId><ObjectIdentifier>0.1.277</ObjectIdentifier></extId>
                        <extType>1a7e8a6e6a4d</extType>
                     </PrivateExtension.Sequence>
                     <PrivateExtension.Sequence>
                        <extId><ObjectIdentifier>0.1.269.72.101.52.1</ObjectIdentifier></extId>
                        <extType>d1a31579aa</extType>
                     </PrivateExtension.Sequence>
                     <PrivateExtension.Sequence>
                        <extId><ObjectIdentifier>0.1.24.90.67.119.74.21</ObjectIdentifier></extId>
                        <extType>60be3d79af9f9982</extType>
                     </PrivateExtension.Sequence>
                  </Collection>
               </privateExtensionList.C0.BoxedType>
               <pcsExtensions.C1.Sequence></pcsExtensions.C1.Sequence>
            </extensionContainer.C2.Sequence>
         </allowedUMTS_Algorithms.C10.Sequence>
         <radioResourceList.C11.BoxedType>
            <Collection>
               <RadioResource.Sequence>
                  <radioResourceInformation.BoxedType><Bytes>997485326031</Bytes></radioResourceInformation.BoxedType>
                  <rab_Id.BoxedType><Integer>2</Integer></rab_Id.BoxedType>
               </RadioResource.Sequence>
               <RadioResource.Sequence>
                  <radioResourceInformation.BoxedType><Bytes>9ca4a1f5ec</Bytes></radioResourceInformation.BoxedType>
                  <rab_Id.BoxedType><Integer>1</Integer></rab_Id.BoxedType>
               </RadioResource.Sequence>
               <RadioResource.Sequence>
                  <radioResourceInformation.BoxedType><Bytes>362ef0</Bytes></radioResourceInformation.BoxedType>
                  <rab_Id.BoxedType><Integer>1</Integer></rab_Id.BoxedType>
               </RadioResource.Sequence>
            </Collection>
         </radioResourceList.C11.BoxedType>
         <extensionContainer.C8.Sequence>
            <privateExtensionList.C0.BoxedType>
               <Collection>
                  <PrivateExtension.Sequence>
                     <extId><ObjectIdentifier>0.1.2112.56.99.73.56.89.97.2.6.65</ObjectIdentifier></extId>
                     <extType>c7baff7baf9484fc00</extType>
                  </PrivateExtension.Sequence>
                  <PrivateExtension.Sequence>
                     <extId><ObjectIdentifier>0.1.2101.117.97.58.23.100.109</ObjectIdentifier></extId>
                     <extType>efbe60861ca4471cc4</extType>
                  </PrivateExtension.Sequence>
                  <PrivateExtension.Sequence>
                     <extId><ObjectIdentifier>0.1.2</ObjectIdentifier></extId>
                     <extType>ea968b</extType>
                  </PrivateExtension.Sequence>
               </Collection>
            </privateExtensionList.C0.BoxedType>
            <pcsExtensions.C1.Sequence></pcsExtensions.C1.Sequence>
         </extensionContainer.C8.Sequence>
         <rab_Id.C12.BoxedType><Integer>1</Integer></rab_Id.C12.BoxedType>
         <bssmap_ServiceHandover.C13.BoxedType><Bytes>c275b664e15728fc</Bytes></bssmap_ServiceHandover.C13.BoxedType>
         <ranap_ServiceHandover.C14.BoxedType><Bytes>c97e</Bytes></ranap_ServiceHandover.C14.BoxedType>
         <bssmap_ServiceHandoverList.C15.BoxedType>
            <Collection>
               <BSSMAP_ServiceHandoverInfo.Sequence>
                  <bssmap_ServiceHandover.BoxedType><Bytes>bd02c72364fc9b</Bytes></bssmap_ServiceHandover.BoxedType>
                  <rab_Id.BoxedType><Integer>1</Integer></rab_Id.BoxedType>
               </BSSMAP_ServiceHandoverInfo.Sequence>
               <BSSMAP_ServiceHandoverInfo.Sequence>
                  <bssmap_ServiceHandover.BoxedType><Bytes>5e1f8d689e43b269ab37</Bytes></bssmap_ServiceHandover.BoxedType>
                  <rab_Id.BoxedType><Integer>1</Integer></rab_Id.BoxedType>
               </BSSMAP_ServiceHandoverInfo.Sequence>
               <BSSMAP_ServiceHandoverInfo.Sequence>
                  <bssmap_ServiceHandover.BoxedType><Bytes>45ce03867a718990cb</Bytes></bssmap_ServiceHandover.BoxedType>
                  <rab_Id.BoxedType><Integer>0</Integer></rab_Id.BoxedType>
               </BSSMAP_ServiceHandoverInfo.Sequence>
            </Collection>
         </bssmap_ServiceHandoverList.C15.BoxedType>
         <asciCallReference.C20.BoxedType><TBCD_STRING.BoxedType><Bytes>24999424f5
                  <field name="digits" value="429949425" type="Number_BCD" length="9"/>
               </Bytes></TBCD_STRING.BoxedType></asciCallReference.C20.BoxedType>
         <geran_classmark.C16.BoxedType><Bytes>1949bac05587c95f65de</Bytes></geran_classmark.C16.BoxedType>
         <iuCurrentlyUsedCodec.C17.BoxedType><Bytes>de51bc76fa</Bytes></iuCurrentlyUsedCodec.C17.BoxedType>
         <iuSupportedCodecsList.C18.Sequence>
            <utranCodecList.C0.Sequence>
               <codec1.C1.BoxedType><Bytes>d0eee5f6d0</Bytes></codec1.C1.BoxedType>
               <codec2.C2.BoxedType><Bytes>e34daf</Bytes></codec2.C2.BoxedType>
               <codec3.C3.BoxedType><Bytes>e40498e15b77907f</Bytes></codec3.C3.BoxedType>
               <codec4.C4.BoxedType><Bytes>8cf0</Bytes></codec4.C4.BoxedType>
               <codec5.C5.BoxedType><Bytes>8f92d4cb6413bdab30ee</Bytes></codec5.C5.BoxedType>
               <codec6.C6.BoxedType><Bytes>e1c41a</Bytes></codec6.C6.BoxedType>
               <codec7.C7.BoxedType><Bytes>4b2699</Bytes></codec7.C7.BoxedType>
               <codec8.C8.BoxedType><Bytes>b4e48d35e82ef1</Bytes></codec8.C8.BoxedType>
               <extensionContainer.C9.Sequence>
                  <privateExtensionList.C0.BoxedType>
                     <Collection>
                        <PrivateExtension.Sequence>
                           <extId><ObjectIdentifier>0.1.250.51</ObjectIdentifier></extId>
                           <extType>435a57cf6731de1274</extType>
                        </PrivateExtension.Sequence>
                        <PrivateExtension.Sequence>
                           <extId><ObjectIdentifier>0.1.226.62.10.6.95.87.42.37.12</ObjectIdentifier></extId>
                           <extType>afbfc5</extType>
                        </PrivateExtension.Sequence>
                        <PrivateExtension.Sequence>
                           <extId><ObjectIdentifier>0.1.231</ObjectIdentifier></extId>
                           <extType>34ee407f22ad5b</extType>
                        </PrivateExtension.Sequence>
                     </Collection>
                  </privateExtensionList.C0.BoxedType>
                  <pcsExtensions.C1.Sequence></pcsExtensions.C1.Sequence>
               </extensionContainer.C9.Sequence>
            </utranCodecList.C0.Sequence>
            <geranCodecList.C1.Sequence>
               <codec1.C1.BoxedType><Bytes>5d081e</Bytes></codec1.C1.BoxedType>
               <codec2.C2.BoxedType><Bytes>4f5f5743db04</Bytes></codec2.C2.BoxedType>
               <codec3.C3.BoxedType><Bytes>caeacc0b6f81</Bytes></codec3.C3.BoxedType>
               <codec4.C4.BoxedType><Bytes>5a7fb3843f</Bytes></codec4.C4.BoxedType>
               <codec5.C5.BoxedType><Bytes>1a4464df26</Bytes></codec5.C5.BoxedType>
               <codec6.C6.BoxedType><Bytes>b39400c686ac3a26</Bytes></codec6.C6.BoxedType>
               <codec7.C7.BoxedType><Bytes>ab</Bytes></codec7.C7.BoxedType>
               <codec8.C8.BoxedType><Bytes>b422bc</Bytes></codec8.C8.BoxedType>
               <extensionContainer.C9.Sequence>
                  <privateExtensionList.C0.BoxedType>
                     <Collection>
                        <PrivateExtension.Sequence>
                           <extId><ObjectIdentifier>0.1.260.106.101.3.29</ObjectIdentifier></extId>
                           <extType>43dd</extType>
                        </PrivateExtension.Sequence>
                        <PrivateExtension.Sequence>
                           <extId><ObjectIdentifier>0.1.273.115.81.10.25</ObjectIdentifier></extId>
                           <extType>2806</extType>
                        </PrivateExtension.Sequence>
                        <PrivateExtension.Sequence>
                           <extId><ObjectIdentifier>0.1.2118.92.50.114.42.109.34</ObjectIdentifier></extId>
                           <extType>902bb98d7b42</extType>
                        </PrivateExtension.Sequence>
                     </Collection>
                  </privateExtensionList.C0.BoxedType>
                  <pcsExtensions.C1.Sequence></pcsExtensions.C1.Sequence>
               </extensionContainer.C9.Sequence>
            </geranCodecList.C1.Sequence>
            <extensionContainer.C2.Sequence>
               <privateExtensionList.C0.BoxedType>
                  <Collection>
                     <PrivateExtension.Sequence>
                        <extId><ObjectIdentifier>0.1.291.65.56.45</ObjectIdentifier></extId>
                        <extType>71f5eacb766a</extType>
                     </PrivateExtension.Sequence>
                     <PrivateExtension.Sequence>
                        <extId><ObjectIdentifier>0.1.247</ObjectIdentifier></extId>
                        <extType>7b01197a48</extType>
                     </PrivateExtension.Sequence>
                     <PrivateExtension.Sequence>
                        <extId><ObjectIdentifier>0.1.248.26.4.13.60.102.38.70.79</ObjectIdentifier></extId>
                        <extType>7df13b1a49a7</extType>
                     </PrivateExtension.Sequence>
                  </Collection>
               </privateExtensionList.C0.BoxedType>
               <pcsExtensions.C1.Sequence></pcsExtensions.C1.Sequence>
            </extensionContainer.C2.Sequence>
         </iuSupportedCodecsList.C18.Sequence>
         <rab_ConfigurationIndicator.C19></rab_ConfigurationIndicator.C19>
         <uesbi_Iu.C21.Sequence>
            <uesbi_IuA.C0.BoxedType><BitString><BitString value="2d6905da90" trailing="0"/></BitString></uesbi_IuA.C0.BoxedType>
            <uesbi_IuB.C1.BoxedType><BitString><BitString value="92981749148e" trailing="0"/></BitString></uesbi_IuB.C1.BoxedType>
         </uesbi_Iu.C21.Sequence>
         <imeisv.C22.BoxedType><TBCD_STRING.BoxedType><Bytes>99478670f8
                  <field name="digits" value="997468078" type="Number_BCD" length="9"/>
               </Bytes></TBCD_STRING.BoxedType></imeisv.C22.BoxedType>
      </PrepareHO_ArgV3SequenceType.C3.Sequence></PrepareHO_ArgV3.BoxedType>
</ASN>