<?xml version="1.0" encoding="ISO-8859-15"?>

<ASN layer="MAP">
   <PrepareHO_Arg.Sequence>
      <targetCellId.BoxedType><Bytes>06ef97</Bytes></targetCellId.BoxedType>
      <ho_NumberNotRequired></ho_NumberNotRequired>
      <bss_APDU.Sequence>
         <protocolId.Enum>
            <EnumType>gsm_0806.2</EnumType>
         </protocolId.Enum>
         <signalInfo.BoxedType><Bytes>c13c31a6</Bytes></signalInfo.BoxedType>
         <extensionContainer.Sequence>
            <privateExtensionList.C0.BoxedType>
               <Collection>
                  <PrivateExtension.Sequence>
                     <extId><ObjectIdentifier>0.1.250.16.56.54.34</ObjectIdentifier></extId>
                     <extType>6f85</extType>
                  </PrivateExtension.Sequence>
                  <PrivateExtension.Sequence>
                     <extId><ObjectIdentifier>0.1.289.1.45.15.120</ObjectIdentifier></extId>
                     <extType>836eda032aef137af2</extType>
                  </PrivateExtension.Sequence>
                  <PrivateExtension.Sequence>
                     <extId><ObjectIdentifier>0.1.231.60</ObjectIdentifier></extId>
                     <extType>bda52b5364ea</extType>
                  </PrivateExtension.Sequence>
               </Collection>
            </privateExtensionList.C0.BoxedType>
            <pcsExtensions.C1.Sequence></pcsExtensions.C1.Sequence>
         </extensionContainer.Sequence>
      </bss_APDU.Sequence>
   </PrepareHO_Arg.Sequence>
</ASN>