<?xml version="1.0" encoding="ISO-8859-15"?>

<ASN layer="MAP">
   <PrepareSubsequentHOArg.Sequence>
      <targetCellId.BoxedType><Bytes>cb738791555ef382</Bytes></targetCellId.BoxedType>
      <targetMSC_Number.BoxedType><Bytes>f748736789f0
            <field name="extension" value="no extension:1" type="EnumLong" lengthBit="1"/>
            <field name="nature of address" value="reserved for extension:7" type="EnumLong" lengthBit="3"/>
            <field name="numbering plan" value="spare:7" type="EnumLong" lengthBit="4"/>
            <field name="digits" value="843776980" type="Number_BCD" length="9"/>
         </Bytes></targetMSC_Number.BoxedType>
      <bss_APDU.Sequence>
         <protocolId.Enum>
            <EnumType>gsm_BSSMAP.3</EnumType>
         </protocolId.Enum>
         <signalInfo.BoxedType><Bytes>d8</Bytes></signalInfo.BoxedType>
         <extensionContainer.Sequence>
            <privateExtensionList.C0.BoxedType>
               <Collection>
                  <PrivateExtension.Sequence>
                     <extId><ObjectIdentifier>0.1.261.24.120.84.90.89.66.15.122</ObjectIdentifier></extId>
                     <extType>44f9</extType>
                  </PrivateExtension.Sequence>
                  <PrivateExtension.Sequence>
                     <extId><ObjectIdentifier>0.1.291.103.28.39.20.53.36.112.22</ObjectIdentifier></extId>
                     <extType>e32b633a</extType>
                  </PrivateExtension.Sequence>
                  <PrivateExtension.Sequence>
                     <extId><ObjectIdentifier>0.1.217</ObjectIdentifier></extId>
                     <extType>efb499faf6506663</extType>
                  </PrivateExtension.Sequence>
               </Collection>
            </privateExtensionList.C0.BoxedType>
            <pcsExtensions.C1.Sequence></pcsExtensions.C1.Sequence>
         </extensionContainer.Sequence>
      </bss_APDU.Sequence>
   </PrepareSubsequentHOArg.Sequence>
</ASN>