<?xml version="1.0" encoding="ISO-8859-15"?>

<ASN layer="MAP">
   <PrepareHO_Res.Sequence>
      <handoverNumber.BoxedType><Bytes>0972345214f6
            <field name="extension" value="extension:0" type="EnumLong" lengthBit="1"/>
            <field name="nature of address" value="unknown:0" type="EnumLong" lengthBit="3"/>
            <field name="numbering plan" value="private numbering plan:9" type="EnumLong" lengthBit="4"/>
            <field name="digits" value="274325416" type="Number_BCD" length="9"/>
         </Bytes></handoverNumber.BoxedType>
      <bss_APDU.Sequence>
         <protocolId.Enum>
            <EnumType>gsm_0408.1</EnumType>
         </protocolId.Enum>
         <signalInfo.BoxedType><Bytes>81d9</Bytes></signalInfo.BoxedType>
         <extensionContainer.Sequence>
            <privateExtensionList.C0.BoxedType>
               <Collection>
                  <PrivateExtension.Sequence>
                     <extId><ObjectIdentifier>0.1.296.36.24.25.24.116</ObjectIdentifier></extId>
                     <extType>d9d5a4e6a3181a5c</extType>
                  </PrivateExtension.Sequence>
                  <PrivateExtension.Sequence>
                     <extId><ObjectIdentifier>0.1.221.52</ObjectIdentifier></extId>
                     <extType>37208759</extType>
                  </PrivateExtension.Sequence>
                  <PrivateExtension.Sequence>
                     <extId><ObjectIdentifier>0.1.29.50.80.21.25.89.14.88</ObjectIdentifier></extId>
                     <extType>1f3f71d7138840ad50dd</extType>
                  </PrivateExtension.Sequence>
               </Collection>
            </privateExtensionList.C0.BoxedType>
            <pcsExtensions.C1.Sequence></pcsExtensions.C1.Sequence>
         </extensionContainer.Sequence>
      </bss_APDU.Sequence>
   </PrepareHO_Res.Sequence>
</ASN>