<?xml version="1.0" encoding="ISO-8859-15"?>

<ASN layer="MAP">
   <ProcessAccessSignallingArgV3.BoxedType><ProcessAccessSignallingArgV3SequenceType.C3.Sequence>
         <an_APDU.Sequence>
            <accessNetworkProtocolId.Enum>
               <EnumType>ts3G_25413.2</EnumType>
            </accessNetworkProtocolId.Enum>
            <signalInfo.BoxedType><Bytes>d999e4</Bytes></signalInfo.BoxedType>
            <extensionContainer.Sequence>
               <privateExtensionList.C0.BoxedType>
                  <Collection>
                     <PrivateExtension.Sequence>
                        <extId><ObjectIdentifier>0.1.221.81.125.47.126.33</ObjectIdentifier></extId>
                        <extType>800e55</extType>
                     </PrivateExtension.Sequence>
                     <PrivateExtension.Sequence>
                        <extId><ObjectIdentifier>0.1.263.54.28</ObjectIdentifier></extId>
                        <extType>1400</extType>
                     </PrivateExtension.Sequence>
                     <PrivateExtension.Sequence>
                        <extId><ObjectIdentifier>0.1.228.45.104.24.86</ObjectIdentifier></extId>
                        <extType>bd02f6</extType>
                     </PrivateExtension.Sequence>
                  </Collection>
               </privateExtensionList.C0.BoxedType>
               <pcsExtensions.C1.Sequence></pcsExtensions.C1.Sequence>
            </extensionContainer.Sequence>
         </an_APDU.Sequence>
         <selectedUMTS_Algorithms.C1.Sequence>
            <integrityProtectionAlgorithm.C0.BoxedType><Bytes>01b0</Bytes></integrityProtectionAlgorithm.C0.BoxedType>
            <encryptionAlgorithm.C1.BoxedType><Bytes>60236596ef</Bytes></encryptionAlgorithm.C1.BoxedType>
            <extensionContainer.C2.Sequence>
               <privateExtensionList.C0.BoxedType>
                  <Collection>
                     <PrivateExtension.Sequence>
                        <extId><ObjectIdentifier>0.1.2</ObjectIdentifier></extId>
                        <extType>a0a923b6463efafce15d</extType>
                     </PrivateExtension.Sequence>
                     <PrivateExtension.Sequence>
                        <extId><ObjectIdentifier>0.1.2115.43.61.97.72.1.91.46</ObjectIdentifier></extId>
                        <extType>da68b1d36db6</extType>
                     </PrivateExtension.Sequence>
                     <PrivateExtension.Sequence>
                        <extId><ObjectIdentifier>0.1.264.117.117.30.66.42.110</ObjectIdentifier></extId>
                        <extType>625a405075e9e9</extType>
                     </PrivateExtension.Sequence>
                  </Collection>
               </privateExtensionList.C0.BoxedType>
               <pcsExtensions.C1.Sequence></pcsExtensions.C1.Sequence>
            </extensionContainer.C2.Sequence>
         </selectedUMTS_Algorithms.C1.Sequence>
         <selectedGSM_Algorithm.C2.BoxedType><Bytes>05d379d2e6a3e44e</Bytes></selectedGSM_Algorithm.C2.BoxedType>
         <chosenRadioResourceInformation.C3.Sequence>
            <chosenChannelInfo.C0.BoxedType><Bytes>486ee97523</Bytes></chosenChannelInfo.C0.BoxedType>
            <chosenSpeechVersion.C1.BoxedType><Bytes>6912dc4d0211d518d0</Bytes></chosenSpeechVersion.C1.BoxedType>
         </chosenRadioResourceInformation.C3.Sequence>
         <selectedRab_Id.C4.BoxedType><Integer>1</Integer></selectedRab_Id.C4.BoxedType>
         <extensionContainer.C0.Sequence>
            <privateExtensionList.C0.BoxedType>
               <Collection>
                  <PrivateExtension.Sequence>
                     <extId><ObjectIdentifier>0.1.213.55.3.106.29.4</ObjectIdentifier></extId>
                     <extType>e1cbe751409a829445</extType>
                  </PrivateExtension.Sequence>
                  <PrivateExtension.Sequence>
                     <extId><ObjectIdentifier>0.1.2</ObjectIdentifier></extId>
                     <extType>2b72a586e5b909</extType>
                  </PrivateExtension.Sequence>
                  <PrivateExtension.Sequence>
                     <extId><ObjectIdentifier>0.1.251.98.80.77</ObjectIdentifier></extId>
                     <extType>df</extType>
                  </PrivateExtension.Sequence>
               </Collection>
            </privateExtensionList.C0.BoxedType>
            <pcsExtensions.C1.Sequence></pcsExtensions.C1.Sequence>
         </extensionContainer.C0.Sequence>
         <iUSelectedCodec.C5.BoxedType><Bytes>e6617b530193</Bytes></iUSelectedCodec.C5.BoxedType>
         <iuAvailableCodecsList.C6.Sequence>
            <codec1.C1.BoxedType><Bytes>2c5d39ddba45cdfe87</Bytes></codec1.C1.BoxedType>
            <codec2.C2.BoxedType><Bytes>61273eaba7e7f1</Bytes></codec2.C2.BoxedType>
            <codec3.C3.BoxedType><Bytes>d5afb2b3</Bytes></codec3.C3.BoxedType>
            <codec4.C4.BoxedType><Bytes>7ef3cb1661</Bytes></codec4.C4.BoxedType>
            <codec5.C5.BoxedType><Bytes>4e9294d985b6dc5cb4</Bytes></codec5.C5.BoxedType>
            <codec6.C6.BoxedType><Bytes>80</Bytes></codec6.C6.BoxedType>
            <codec7.C7.BoxedType><Bytes>e9ea0ec4a4</Bytes></codec7.C7.BoxedType>
            <codec8.C8.BoxedType><Bytes>6c56</Bytes></codec8.C8.BoxedType>
            <extensionContainer.C9.Sequence>
               <privateExtensionList.C0.BoxedType>
                  <Collection>
                     <PrivateExtension.Sequence>
                        <extId><ObjectIdentifier>0.1.2125.95.33.37.2.89.77.86</ObjectIdentifier></extId>
                        <extType>83773da7</extType>
                     </PrivateExtension.Sequence>
                     <PrivateExtension.Sequence>
                        <extId><ObjectIdentifier>0.1.2123.87.34.4.67.126.63.36.106</ObjectIdentifier></extId>
                        <extType>c9b5f1ccd61b</extType>
                     </PrivateExtension.Sequence>
                     <PrivateExtension.Sequence>
                        <extId><ObjectIdentifier>0.1.290.65.103.128.52</ObjectIdentifier></extId>
                        <extType>b03e5d1c2ec1cd4c</extType>
                     </PrivateExtension.Sequence>
                  </Collection>
               </privateExtensionList.C0.BoxedType>
               <pcsExtensions.C1.Sequence></pcsExtensions.C1.Sequence>
            </extensionContainer.C9.Sequence>
         </iuAvailableCodecsList.C6.Sequence>
      </ProcessAccessSignallingArgV3SequenceType.C3.Sequence></ProcessAccessSignallingArgV3.BoxedType>
</ASN>