<?xml version="1.0" encoding="ISO-8859-15"?>

<ASN layer="MAP">
   <ProvideRoamingNumberRes.Sequence>
      <roamingNumber.BoxedType><Bytes>160238493463
            <field name="extension" value="extension:0" type="EnumLong" lengthBit="1"/>
            <field name="nature of address" value="international number:1" type="EnumLong" lengthBit="3"/>
            <field name="numbering plan" value="land mobile numbering plan (ITU-T Rec E.212):6" type="EnumLong" lengthBit="4"/>
            <field name="digits" value="2083944336" type="Number_BCD" length="10"/>
         </Bytes></roamingNumber.BoxedType>
      <extensionContainer.Sequence>
         <privateExtensionList.C0.BoxedType>
            <Collection>
               <PrivateExtension.Sequence>
                  <extId><ObjectIdentifier>0.1.222.114.73.22.126.100.20.108.32.91</ObjectIdentifier></extId>
                  <extType>a95b37e739</extType>
               </PrivateExtension.Sequence>
               <PrivateExtension.Sequence>
                  <extId><ObjectIdentifier>0.1.2103.50.68.68.64.91.59</ObjectIdentifier></extId>
                  <extType>8e5d2a6ffadb</extType>
               </PrivateExtension.Sequence>
               <PrivateExtension.Sequence>
                  <extId><ObjectIdentifier>0.1.281.78.89.26.63.25.1</ObjectIdentifier></extId>
                  <extType>afad8809f291b5</extType>
               </PrivateExtension.Sequence>
            </Collection>
         </privateExtensionList.C0.BoxedType>
         <pcsExtensions.C1.Sequence></pcsExtensions.C1.Sequence>
      </extensionContainer.Sequence>
      <releaseResourcesSupported></releaseResourcesSupported>
   </ProvideRoamingNumberRes.Sequence>
</ASN>