<?xml version="1.0" encoding="ISO-8859-15"?>

<ASN layer="MAP">
   <ProvideRoamingNumberArg.Sequence>
      <imsi.C0.BoxedType><Bytes>0227615641
            <field name="digits" value="2072166514" type="Number_BCD" length="10"/>
         </Bytes></imsi.C0.BoxedType>
      <msc_Number.C1.BoxedType><Bytes>448150845786
            <field name="extension" value="extension:0" type="EnumLong" lengthBit="1"/>
            <field name="nature of address" value="subscriber number:4" type="EnumLong" lengthBit="3"/>
            <field name="numbering plan" value="telex numbering plan (ITU-T Rec F.69):4" type="EnumLong" lengthBit="4"/>
            <field name="digits" value="1805487568" type="Number_BCD" length="10"/>
         </Bytes></msc_Number.C1.BoxedType>
      <msisdn.C2.BoxedType><Bytes>c09161917870
            <field name="extension" value="no extension:1" type="EnumLong" lengthBit="1"/>
            <field name="nature of address" value="subscriber number:4" type="EnumLong" lengthBit="3"/>
            <field name="numbering plan" value="unknown:0" type="EnumLong" lengthBit="4"/>
            <field name="digits" value="1916198707" type="Number_BCD" length="10"/>
         </Bytes></msisdn.C2.BoxedType>
      <lmsi.C4.BoxedType><Bytes>967d5bd795
            <field name="digits" value="967d5bd795" type="Binary" length="5"/>
         </Bytes></lmsi.C4.BoxedType>
      <gsm_BearerCapability.C5.Sequence>
         <protocolId.Enum>
            <EnumType>gsm_0408.1</EnumType>
         </protocolId.Enum>
         <signalInfo.BoxedType><Bytes>d60aac57a7f0e4ba</Bytes></signalInfo.BoxedType>
         <extensionContainer.Sequence>
            <privateExtensionList.C0.BoxedType>
               <Collection>
                  <PrivateExtension.Sequence>
                     <extId><ObjectIdentifier>0.1.2104.60.96.35.79.114.108.118.15</ObjectIdentifier></extId>
                     <extType>91a385cc86a1</extType>
                  </PrivateExtension.Sequence>
                  <PrivateExtension.Sequence>
                     <extId><ObjectIdentifier>0.1.2105.40.24.17.124.29.26.91</ObjectIdentifier></extId>
                     <extType>c7d43ae43c018f</extType>
                  </PrivateExtension.Sequence>
                  <PrivateExtension.Sequence>
                     <extId><ObjectIdentifier>0.1.264.68.21.66.105.52.126.5.2.60</ObjectIdentifier></extId>
                     <extType>e272</extType>
                  </PrivateExtension.Sequence>
               </Collection>
            </privateExtensionList.C0.BoxedType>
            <pcsExtensions.C1.Sequence></pcsExtensions.C1.Sequence>
         </extensionContainer.Sequence>
      </gsm_BearerCapability.C5.Sequence>
      <networkSignalInfo.C6.Sequence>
         <protocolId.Enum>
            <EnumType>gsm_0806.2</EnumType>
         </protocolId.Enum>
         <signalInfo.BoxedType><Bytes>fd5dc8ab27</Bytes></signalInfo.BoxedType>
         <extensionContainer.Sequence>
            <privateExtensionList.C0.BoxedType>
               <Collection>
                  <PrivateExtension.Sequence>
                     <extId><ObjectIdentifier>0.1.292.38.74.23.81.41.71.74.79</ObjectIdentifier></extId>
                     <extType>321ebe7c852d5c08b589</extType>
                  </PrivateExtension.Sequence>
                  <PrivateExtension.Sequence>
                     <extId><ObjectIdentifier>0.1.214.44.45.62.71.116</ObjectIdentifier></extId>
                     <extType>4782abef5ab2219e</extType>
                  </PrivateExtension.Sequence>
                  <PrivateExtension.Sequence>
                     <extId><ObjectIdentifier>0.1.267</ObjectIdentifier></extId>
                     <extType>e42941</extType>
                  </PrivateExtension.Sequence>
               </Collection>
            </privateExtensionList.C0.BoxedType>
            <pcsExtensions.C1.Sequence></pcsExtensions.C1.Sequence>
         </extensionContainer.Sequence>
      </networkSignalInfo.C6.Sequence>
      <suppressionOfAnnouncement.C7.Null>
         
      </suppressionOfAnnouncement.C7.Null>
      <gmsc_Address.C8.BoxedType><Bytes>fe35695498f0
            <field name="extension" value="no extension:1" type="EnumLong" lengthBit="1"/>
            <field name="nature of address" value="reserved for extension:7" type="EnumLong" lengthBit="3"/>
            <field name="numbering plan" value="14" type="EnumLong" lengthBit="4"/>
            <field name="digits" value="539645890" type="Number_BCD" length="9"/>
         </Bytes></gmsc_Address.C8.BoxedType>
      <callReferenceNumber.C9.BoxedType><Bytes>afc6</Bytes></callReferenceNumber.C9.BoxedType>
      <or_Interrogation.C10></or_Interrogation.C10>
      <extensionContainer.C11.Sequence>
         <privateExtensionList.C0.BoxedType>
            <Collection>
               <PrivateExtension.Sequence>
                  <extId><ObjectIdentifier>0.1.233.102</ObjectIdentifier></extId>
                  <extType>dc1e67a6960ec291</extType>
               </PrivateExtension.Sequence>
               <PrivateExtension.Sequence>
                  <extId><ObjectIdentifier>0.1.255.23.54.5</ObjectIdentifier></extId>
                  <extType>b8de7e5afe66ef</extType>
               </PrivateExtension.Sequence>
               <PrivateExtension.Sequence>
                  <extId><ObjectIdentifier>0.1.250.109.11.87.61.58.52.5</ObjectIdentifier></extId>
                  <extType>6701ebb18a630fbb51</extType>
               </PrivateExtension.Sequence>
            </Collection>
         </privateExtensionList.C0.BoxedType>
         <pcsExtensions.C1.Sequence></pcsExtensions.C1.Sequence>
      </extensionContainer.C11.Sequence>
      <alertingPattern.C12.BoxedType><Bytes>987ad9cf</Bytes></alertingPattern.C12.BoxedType>
      <ccbs_Call.C13></ccbs_Call.C13>
      <supportedCamelPhasesInInterrogatingNode.C15.BoxedType><BitString><BitString value="779e53985df1804c1e85" trailing="0"/></BitString></supportedCamelPhasesInInterrogatingNode.C15.BoxedType>
      <additionalSignalInfo.C14.Sequence>
         <ext_ProtocolId.Enum>
            <EnumType>ets_300356.1</EnumType>
         </ext_ProtocolId.Enum>
         <signalInfo.BoxedType><Bytes>8f0c593c4780f2</Bytes></signalInfo.BoxedType>
         <extensionContainer.Sequence>
            <privateExtensionList.C0.BoxedType>
               <Collection>
                  <PrivateExtension.Sequence>
                     <extId><ObjectIdentifier>0.1.252.69.99.5.56.34.3.128.94</ObjectIdentifier></extId>
                     <extType>6363a8b79319476fb35d</extType>
                  </PrivateExtension.Sequence>
                  <PrivateExtension.Sequence>
                     <extId><ObjectIdentifier>0.1.2</ObjectIdentifier></extId>
                     <extType>9f</extType>
                  </PrivateExtension.Sequence>
                  <PrivateExtension.Sequence>
                     <extId><ObjectIdentifier>0.1.273.30.71.15.28.67.70.68</ObjectIdentifier></extId>
                     <extType>4130b56ca3</extType>
                  </PrivateExtension.Sequence>
               </Collection>
            </privateExtensionList.C0.BoxedType>
            <pcsExtensions.C1.Sequence></pcsExtensions.C1.Sequence>
         </extensionContainer.Sequence>
      </additionalSignalInfo.C14.Sequence>
      <orNotSupportedInGMSC.C16></orNotSupportedInGMSC.C16>
      <pre_pagingSupported.C17></pre_pagingSupported.C17>
      <longFTN_Supported.C18></longFTN_Supported.C18>
      <suppress_VT_CSI.C19></suppress_VT_CSI.C19>
      <offeredCamel4CSIsInInterrogatingNode.C20.BoxedType><BitString><BitString value="8e2886bbfd8a099c6cb408d9ea" trailing="0"/></BitString></offeredCamel4CSIsInInterrogatingNode.C20.BoxedType>
   </ProvideRoamingNumberArg.Sequence>
</ASN>