<?xml version="1.0" encoding="ISO-8859-15"?>

<ASN layer="MAP">
   <ProvideSIWFSNumberRes.Sequence>
      <sIWFSNumber.C0.BoxedType><Bytes>305117873538
            <field name="extension" value="extension:0" type="EnumLong" lengthBit="1"/>
            <field name="nature of address" value="network specific number:3" type="EnumLong" lengthBit="3"/>
            <field name="numbering plan" value="unknown:0" type="EnumLong" lengthBit="4"/>
            <field name="digits" value="1571785383" type="Number_BCD" length="10"/>
         </Bytes></sIWFSNumber.C0.BoxedType>
      <extensionContainer.C1.Sequence>
         <privateExtensionList.C0.BoxedType>
            <Collection>
               <PrivateExtension.Sequence>
                  <extId><ObjectIdentifier>0.1.264.18</ObjectIdentifier></extId>
                  <extType>bc84</extType>
               </PrivateExtension.Sequence>
               <PrivateExtension.Sequence>
                  <extId><ObjectIdentifier>0.1.276.54.99</ObjectIdentifier></extId>
                  <extType>0d7b15ca</extType>
               </PrivateExtension.Sequence>
               <PrivateExtension.Sequence>
                  <extId><ObjectIdentifier>0.1.24.126.118.74.48.5.11.99</ObjectIdentifier></extId>
                  <extType>1c78ddd98e95b62a</extType>
               </PrivateExtension.Sequence>
            </Collection>
         </privateExtensionList.C0.BoxedType>
         <pcsExtensions.C1.Sequence></pcsExtensions.C1.Sequence>
      </extensionContainer.C1.Sequence>
   </ProvideSIWFSNumberRes.Sequence>
</ASN>