<?xml version="1.0" encoding="ISO-8859-15"?>

<ASN layer="MAP">
   <ProvideSIWFSNumberArg.Sequence>
      <gsm_BearerCapability.C0.Sequence>
         <protocolId.Enum>
            <EnumType>gsm_0806.2</EnumType>
         </protocolId.Enum>
         <signalInfo.BoxedType><Bytes>9beddf</Bytes></signalInfo.BoxedType>
         <extensionContainer.Sequence>
            <privateExtensionList.C0.BoxedType>
               <Collection>
                  <PrivateExtension.Sequence>
                     <extId><ObjectIdentifier>0.1.2126.13.112</ObjectIdentifier></extId>
                     <extType>53a9c40d1db5eb</extType>
                  </PrivateExtension.Sequence>
                  <PrivateExtension.Sequence>
                     <extId><ObjectIdentifier>0.1.278.111.68.27.34</ObjectIdentifier></extId>
                     <extType>22cce9f0dabda85e86</extType>
                  </PrivateExtension.Sequence>
                  <PrivateExtension.Sequence>
                     <extId><ObjectIdentifier>0.1.259.66.52.86.7.13.91.63.110</ObjectIdentifier></extId>
                     <extType>557c192df78f</extType>
                  </PrivateExtension.Sequence>
               </Collection>
            </privateExtensionList.C0.BoxedType>
            <pcsExtensions.C1.Sequence></pcsExtensions.C1.Sequence>
         </extensionContainer.Sequence>
      </gsm_BearerCapability.C0.Sequence>
      <isdn_BearerCapability.C1.Sequence>
         <protocolId.Enum>
            <EnumType>gsm_BSSMAP.3</EnumType>
         </protocolId.Enum>
         <signalInfo.BoxedType><Bytes>e00ecf7059</Bytes></signalInfo.BoxedType>
         <extensionContainer.Sequence>
            <privateExtensionList.C0.BoxedType>
               <Collection>
                  <PrivateExtension.Sequence>
                     <extId><ObjectIdentifier>0.1.218.97.53.103.23.59.3.109.74.82</ObjectIdentifier></extId>
                     <extType>9a97152203</extType>
                  </PrivateExtension.Sequence>
                  <PrivateExtension.Sequence>
                     <extId><ObjectIdentifier>0.1.216</ObjectIdentifier></extId>
                     <extType>91becec2555e</extType>
                  </PrivateExtension.Sequence>
                  <PrivateExtension.Sequence>
                     <extId><ObjectIdentifier>0.1.265.48.15.128</ObjectIdentifier></extId>
                     <extType>29bc</extType>
                  </PrivateExtension.Sequence>
               </Collection>
            </privateExtensionList.C0.BoxedType>
            <pcsExtensions.C1.Sequence></pcsExtensions.C1.Sequence>
         </extensionContainer.Sequence>
      </isdn_BearerCapability.C1.Sequence>
      <call_Direction.C2.BoxedType><Bytes>8624</Bytes></call_Direction.C2.BoxedType>
      <b_Subscriber_Address.C3.BoxedType><Bytes>e809617584f8
            <field name="extension" value="no extension:1" type="EnumLong" lengthBit="1"/>
            <field name="nature of address" value="abbreviated number:6" type="EnumLong" lengthBit="3"/>
            <field name="numbering plan" value="national numbering plan:8" type="EnumLong" lengthBit="4"/>
            <field name="digits" value="901657488" type="Number_BCD" length="9"/>
         </Bytes></b_Subscriber_Address.C3.BoxedType>
      <chosenChannel.C4.Sequence>
         <protocolId.Enum>
            <EnumType>gsm_BSSMAP.3</EnumType>
         </protocolId.Enum>
         <signalInfo.BoxedType><Bytes>99e8146a67a759c2</Bytes></signalInfo.BoxedType>
         <extensionContainer.Sequence>
            <privateExtensionList.C0.BoxedType>
               <Collection>
                  <PrivateExtension.Sequence>
                     <extId><ObjectIdentifier>0.1.2103.66.27.30.67.79.56</ObjectIdentifier></extId>
                     <extType>bfc7c800f5</extType>
                  </PrivateExtension.Sequence>
                  <PrivateExtension.Sequence>
                     <extId><ObjectIdentifier>0.1.247.77.82.87.57.11.23</ObjectIdentifier></extId>
                     <extType>8daf9187847fa7f993</extType>
                  </PrivateExtension.Sequence>
                  <PrivateExtension.Sequence>
                     <extId><ObjectIdentifier>0.1.290</ObjectIdentifier></extId>
                     <extType>66f7f7218663f9</extType>
                  </PrivateExtension.Sequence>
               </Collection>
            </privateExtensionList.C0.BoxedType>
            <pcsExtensions.C1.Sequence></pcsExtensions.C1.Sequence>
         </extensionContainer.Sequence>
      </chosenChannel.C4.Sequence>
      <lowerLayerCompatibility.C5.Sequence>
         <protocolId.Enum>
            <EnumType>gsm_BSSMAP.3</EnumType>
         </protocolId.Enum>
         <signalInfo.BoxedType><Bytes>c5b2232161f8d06b02</Bytes></signalInfo.BoxedType>
         <extensionContainer.Sequence>
            <privateExtensionList.C0.BoxedType>
               <Collection>
                  <PrivateExtension.Sequence>
                     <extId><ObjectIdentifier>0.1.2</ObjectIdentifier></extId>
                     <extType>0d3e</extType>
                  </PrivateExtension.Sequence>
                  <PrivateExtension.Sequence>
                     <extId><ObjectIdentifier>0.1.22.93.33.79.91</ObjectIdentifier></extId>
                     <extType>6fefe8</extType>
                  </PrivateExtension.Sequence>
                  <PrivateExtension.Sequence>
                     <extId><ObjectIdentifier>0.1.287.3.15.51.98.32.105</ObjectIdentifier></extId>
                     <extType>aa05b52742ce27c8c1</extType>
                  </PrivateExtension.Sequence>
               </Collection>
            </privateExtensionList.C0.BoxedType>
            <pcsExtensions.C1.Sequence></pcsExtensions.C1.Sequence>
         </extensionContainer.Sequence>
      </lowerLayerCompatibility.C5.Sequence>
      <highLayerCompatibility.C6.Sequence>
         <protocolId.Enum>
            <EnumType>gsm_BSSMAP.3</EnumType>
         </protocolId.Enum>
         <signalInfo.BoxedType><Bytes>344bc2881b7700</Bytes></signalInfo.BoxedType>
         <extensionContainer.Sequence>
            <privateExtensionList.C0.BoxedType>
               <Collection>
                  <PrivateExtension.Sequence>
                     <extId><ObjectIdentifier>0.1.289.44.48.72.11</ObjectIdentifier></extId>
                     <extType>bf9b9883</extType>
                  </PrivateExtension.Sequence>
                  <PrivateExtension.Sequence>
                     <extId><ObjectIdentifier>0.1.229.4.14.65.66.117.54.95.66</ObjectIdentifier></extId>
                     <extType>57fa8e</extType>
                  </PrivateExtension.Sequence>
                  <PrivateExtension.Sequence>
                     <extId><ObjectIdentifier>0.1.278.55.8.7</ObjectIdentifier></extId>
                     <extType>61e2a165</extType>
                  </PrivateExtension.Sequence>
               </Collection>
            </privateExtensionList.C0.BoxedType>
            <pcsExtensions.C1.Sequence></pcsExtensions.C1.Sequence>
         </extensionContainer.Sequence>
      </highLayerCompatibility.C6.Sequence>
      <extensionContainer.C7.Sequence>
         <privateExtensionList.C0.BoxedType>
            <Collection>
               <PrivateExtension.Sequence>
                  <extId><ObjectIdentifier>0.1.2105.26.94.67.91.68.110.53.118.78</ObjectIdentifier></extId>
                  <extType>a4fb9f</extType>
               </PrivateExtension.Sequence>
               <PrivateExtension.Sequence>
                  <extId><ObjectIdentifier>0.1.2</ObjectIdentifier></extId>
                  <extType>ea068fa43bbfc7b1</extType>
               </PrivateExtension.Sequence>
               <PrivateExtension.Sequence>
                  <extId><ObjectIdentifier>0.1.283.45.16.52</ObjectIdentifier></extId>
                  <extType>9a926ceb4026650c</extType>
               </PrivateExtension.Sequence>
            </Collection>
         </privateExtensionList.C0.BoxedType>
         <pcsExtensions.C1.Sequence></pcsExtensions.C1.Sequence>
      </extensionContainer.C7.Sequence>
   </ProvideSIWFSNumberArg.Sequence>
</ASN>