<?xml version="1.0" encoding="ISO-8859-15"?>

<ASN layer="CAP">
   <ActivateTraceModeRes.Sequence>
      <extensionContainer.C0.Sequence>
         <privateExtensionList.C0.BoxedType>
            <Collection>
               <PrivateExtension.Sequence>
                  <extId><ObjectIdentifier>0.1.234.36.101.127.106.57.103.92.0.32</ObjectIdentifier></extId>
                  <extType>caa564ff20</extType>
               </PrivateExtension.Sequence>
               <PrivateExtension.Sequence>
                  <extId><ObjectIdentifier>0.1.255.80.59.99.109.73.57.75.6</ObjectIdentifier></extId>
                  <extType>7c5f01479e</extType>
               </PrivateExtension.Sequence>
               <PrivateExtension.Sequence>
                  <extId><ObjectIdentifier>0.1.2126.44.9.122.75</ObjectIdentifier></extId>
                  <extType>c66018c3</extType>
               </PrivateExtension.Sequence>
            </Collection>
         </privateExtensionList.C0.BoxedType>
         <pcs_Extensions.C1.Sequence>
            
         </pcs_Extensions.C1.Sequence>
      </extensionContainer.C0.Sequence>
      <traceSupportIndicator.C1></traceSupportIndicator.C1>
   </ActivateTraceModeRes.Sequence>
</ASN>