<?xml version="1.0" encoding="ISO-8859-15"?>

<ASN layer="CAP">
   <ActivateTraceModeArg.Sequence>
      <imsi.C0.BoxedType><TBCD_STRING.BoxedType><Bytes>82628121f8
               <field name="digits" value="282618128" type="Number_BCD" length="9"/>
            </Bytes></TBCD_STRING.BoxedType></imsi.C0.BoxedType>
      <traceReference.C1.BoxedType><Bytes>180599de0123</Bytes></traceReference.C1.BoxedType>
      <traceType.C2.BoxedType><Integer>2</Integer></traceType.C2.BoxedType>
      <omc_Id.C3.BoxedType><Bytes>190170897797
            <field name="extension" value="extension:0" type="EnumLong" lengthBit="1"/>
            <field name="nature of address" value="international number:1" type="EnumLong" lengthBit="3"/>
            <field name="numbering plan" value="private numbering plan:9" type="EnumLong" lengthBit="4"/>
            <field name="digits" value="1007987779" type="Number_BCD" length="10"/>
         </Bytes></omc_Id.C3.BoxedType>
      <extensionContainer.C4.Sequence>
         <privateExtensionList.C0.BoxedType>
            <Collection>
               <PrivateExtension.Sequence>
                  <extId><ObjectIdentifier>0.1.2127.83.92.116.74</ObjectIdentifier></extId>
                  <extType>6e11f05f6b2ddcd426</extType>
               </PrivateExtension.Sequence>
               <PrivateExtension.Sequence>
                  <extId><ObjectIdentifier>0.1.223.81.13.8.126.88.107</ObjectIdentifier></extId>
                  <extType>8f86</extType>
               </PrivateExtension.Sequence>
               <PrivateExtension.Sequence>
                  <extId><ObjectIdentifier>0.1.220.28</ObjectIdentifier></extId>
                  <extType>b88dee5450</extType>
               </PrivateExtension.Sequence>
            </Collection>
         </privateExtensionList.C0.BoxedType>
         <pcs_Extensions.C1.Sequence>
            
         </pcs_Extensions.C1.Sequence>
      </extensionContainer.C4.Sequence>
      <traceReference2.C5.BoxedType><Bytes>c16e</Bytes></traceReference2.C5.BoxedType>
      <traceDepthList.C6.Sequence>
         <msc_s_TraceDepth.C0.Enum>
            <EnumType>maximum.2</EnumType>
         </msc_s_TraceDepth.C0.Enum>
         <mgw_TraceDepth.C1.Enum>
            <EnumType>minimum.0</EnumType>
         </mgw_TraceDepth.C1.Enum>
         <sgsn_TraceDepth.C2.Enum>
            <EnumType>medium.1</EnumType>
         </sgsn_TraceDepth.C2.Enum>
         <ggsn_TraceDepth.C3.Enum>
            <EnumType>maximum.2</EnumType>
         </ggsn_TraceDepth.C3.Enum>
         <rnc_TraceDepth.C4.Enum>
            <EnumType>medium.1</EnumType>
         </rnc_TraceDepth.C4.Enum>
         <bmsc_TraceDepth.C5.Enum>
            <EnumType>medium.1</EnumType>
         </bmsc_TraceDepth.C5.Enum>
         <mme_TraceDepth.C6.Enum>
            <EnumType>medium.1</EnumType>
         </mme_TraceDepth.C6.Enum>
         <sgw_TraceDepth.C7.Enum>
            <EnumType>minimum.0</EnumType>
         </sgw_TraceDepth.C7.Enum>
         <pgw_TraceDepth.C8.Enum>
            <EnumType>medium.1</EnumType>
         </pgw_TraceDepth.C8.Enum>
         <eNB_TraceDepth.C9.Enum>
            <EnumType>maximum.2</EnumType>
         </eNB_TraceDepth.C9.Enum>
         <msc_s_TraceDepthExtension.C10.Enum>
            <EnumType>minimumWithoutVendorSpecificExtension.0</EnumType>
         </msc_s_TraceDepthExtension.C10.Enum>
         <mgw_TraceDepthExtension.C11.Enum>
            <EnumType>minimumWithoutVendorSpecificExtension.0</EnumType>
         </mgw_TraceDepthExtension.C11.Enum>
         <sgsn_TraceDepthExtension.C12.Enum>
            <EnumType>minimumWithoutVendorSpecificExtension.0</EnumType>
         </sgsn_TraceDepthExtension.C12.Enum>
         <ggsn_TraceDepthExtension.C13.Enum>
            <EnumType>mediumWithoutVendorSpecificExtension.1</EnumType>
         </ggsn_TraceDepthExtension.C13.Enum>
         <rnc_TraceDepthExtension.C14.Enum>
            <EnumType>minimumWithoutVendorSpecificExtension.0</EnumType>
         </rnc_TraceDepthExtension.C14.Enum>
         <bmsc_TraceDepthExtension.C15.Enum>
            <EnumType>mediumWithoutVendorSpecificExtension.1</EnumType>
         </bmsc_TraceDepthExtension.C15.Enum>
         <mme_TraceDepthExtension.C16.Enum>
            <EnumType>mediumWithoutVendorSpecificExtension.1</EnumType>
         </mme_TraceDepthExtension.C16.Enum>
         <sgw_TraceDepthExtension.C17.Enum>
            <EnumType>maximumWithoutVendorSpecificExtension.2</EnumType>
         </sgw_TraceDepthExtension.C17.Enum>
         <pgw_TraceDepthExtension.C18.Enum>
            <EnumType>mediumWithoutVendorSpecificExtension.1</EnumType>
         </pgw_TraceDepthExtension.C18.Enum>
         <eNB_TraceDepthExtension.C19.Enum>
            <EnumType>mediumWithoutVendorSpecificExtension.1</EnumType>
         </eNB_TraceDepthExtension.C19.Enum>
      </traceDepthList.C6.Sequence>
      <traceNE_TypeList.C7.BoxedType><BitString><BitString value="55" trailing="0"/></BitString></traceNE_TypeList.C7.BoxedType>
      <traceInterfaceList.C8.Sequence>
         <msc_s_List.C0.BoxedType><BitString><BitString value="198e66f1750117eef69f74750c8f991331" trailing="0"/></BitString></msc_s_List.C0.BoxedType>
         <mgw_List.C1.BoxedType><BitString><BitString value="25fcb9542bae4e7e879d" trailing="0"/></BitString></mgw_List.C1.BoxedType>
         <sgsn_List.C2.BoxedType><BitString><BitString value="1f2e15371d92b02b7f391a8e93a178d1e2b4c3" trailing="0"/></BitString></sgsn_List.C2.BoxedType>
         <ggsn_List.C3.BoxedType><BitString><BitString value="7e14c4d783f60b" trailing="0"/></BitString></ggsn_List.C3.BoxedType>
         <rnc_List.C4.BoxedType><BitString><BitString value="d5046055e5275db011dd16d32ad43687610d75" trailing="0"/></BitString></rnc_List.C4.BoxedType>
         <bmsc_List.C5.BoxedType><BitString><BitString value="3acb8c72df09995ca309111f816f725fbaad" trailing="0"/></BitString></bmsc_List.C5.BoxedType>
         <mme_List.C6.BoxedType><BitString><BitString value="c5f7f473d25730e2952057" trailing="0"/></BitString></mme_List.C6.BoxedType>
         <sgw_List.C7.BoxedType><BitString><BitString value="f8aaf3daceb788914bdd48f7b11fe819862835" trailing="0"/></BitString></sgw_List.C7.BoxedType>
         <pgw_List.C8.BoxedType><BitString><BitString value="9450a3899772651cfefeb664c884ffbe" trailing="0"/></BitString></pgw_List.C8.BoxedType>
         <eNB_List.C9.BoxedType><BitString><BitString value="2ee0182c4c9c09f72cc3" trailing="0"/></BitString></eNB_List.C9.BoxedType>
      </traceInterfaceList.C8.Sequence>
      <traceEventList.C9.Sequence>
         <msc_s_List.C0.BoxedType><BitString><BitString value="3304e05b" trailing="0"/></BitString></msc_s_List.C0.BoxedType>
         <mgw_List.C1.BoxedType><BitString><BitString value="682967de99e189b7234e2c1b" trailing="0"/></BitString></mgw_List.C1.BoxedType>
         <sgsn_List.C2.BoxedType><BitString><BitString value="80f64fb1bd8301f2e553d2" trailing="0"/></BitString></sgsn_List.C2.BoxedType>
         <ggsn_List.C3.BoxedType><BitString><BitString value="33b1ff7050e916ed77f2cbac11" trailing="0"/></BitString></ggsn_List.C3.BoxedType>
         <bmsc_List.C4.BoxedType><BitString><BitString value="5fb2083c451ab0" trailing="0"/></BitString></bmsc_List.C4.BoxedType>
         <mme_List.C5.BoxedType><BitString><BitString value="5da5b8d0c1f9cbb8fcf2525607e9e2c2dedb" trailing="0"/></BitString></mme_List.C5.BoxedType>
         <sgw_List.C6.BoxedType><BitString><BitString value="45a495c9a2310d7b6ece51c3" trailing="0"/></BitString></sgw_List.C6.BoxedType>
         <pgw_List.C7.BoxedType><BitString><BitString value="28db29f7c3edb5f1dfaf81ef" trailing="0"/></BitString></pgw_List.C7.BoxedType>
      </traceEventList.C9.Sequence>
      <traceCollectionEntity.C10.BoxedType><Bytes>b4760860b5
            <field name="Address type" value="2" type="EnumLong" lengthBit="2"/>
            <field name="AddressLength" value="52" type="Integer" lengthBit="6"/>
            <field name="IPV4 address" value="118.8.96.181" type="IPV4Address" length="4"/>
         </Bytes></traceCollectionEntity.C10.BoxedType>
      <mdt_Configuration.C11.Sequence>
         <jobType.Enum>
            <EnumType>immediate_MDT_and_trace.3</EnumType>
         </jobType.Enum>
         <areaScope.Sequence>
            <cgi_List.C0.BoxedType>
               <Collection>
                  <GlobalCellId.BoxedType><Bytes>5918</Bytes></GlobalCellId.BoxedType>
                  <GlobalCellId.BoxedType><Bytes>f33376658e43c0f068</Bytes></GlobalCellId.BoxedType>
                  <GlobalCellId.BoxedType><Bytes>32a066f70852</Bytes></GlobalCellId.BoxedType>
               </Collection>
            </cgi_List.C0.BoxedType>
            <e_utran_cgi_List.C1.BoxedType>
               <Collection>
                  <E_UTRAN_CGI.BoxedType><Bytes>aa94a2031c42</Bytes></E_UTRAN_CGI.BoxedType>
                  <E_UTRAN_CGI.BoxedType><Bytes>ea5d40154c33b15cad</Bytes></E_UTRAN_CGI.BoxedType>
                  <E_UTRAN_CGI.BoxedType><Bytes>d088979588794b9a4ed3</Bytes></E_UTRAN_CGI.BoxedType>
               </Collection>
            </e_utran_cgi_List.C1.BoxedType>
            <routingAreaId_List.C2.BoxedType>
               <Collection>
                  <RAIdentity.BoxedType><Bytes>42379178941f
                        <field name="MMC" value="247,193" type="NumberMMC" length="3"/>
                        <field name="LAC" value="30868" type="Integer" length="2"/>
                        <field name="RAC" value="31" type="Integer" length="1"/>
                     </Bytes></RAIdentity.BoxedType>
                  <RAIdentity.BoxedType><Bytes>119691f5e09c
                        <field name="MMC" value="116,199" type="NumberMMC" length="3"/>
                        <field name="LAC" value="62944" type="Integer" length="2"/>
                        <field name="RAC" value="156" type="Integer" length="1"/>
                     </Bytes></RAIdentity.BoxedType>
                  <RAIdentity.BoxedType><Bytes>9142717dd8af
                        <field name="MMC" value="192,174" type="NumberMMC" length="3"/>
                        <field name="LAC" value="32216" type="Integer" length="2"/>
                        <field name="RAC" value="175" type="Integer" length="1"/>
                     </Bytes></RAIdentity.BoxedType>
               </Collection>
            </routingAreaId_List.C2.BoxedType>
            <locationAreaId_List.C3.BoxedType>
               <Collection>
                  <LAIFixedLength.BoxedType><Bytes>81f093b922
                        <field name="MMC" value="180,39" type="NumberMMC" length="3"/>
                        <field name="LAC" value="47394" type="Integer" length="2"/>
                     </Bytes></LAIFixedLength.BoxedType>
                  <LAIFixedLength.BoxedType><Bytes>71f2311913
                        <field name="MMC" value="172,13" type="NumberMMC" length="3"/>
                        <field name="LAC" value="6419" type="Integer" length="2"/>
                     </Bytes></LAIFixedLength.BoxedType>
                  <LAIFixedLength.BoxedType><Bytes>326422e249
                        <field name="MMC" value="234,226" type="NumberMMC" length="3"/>
                        <field name="LAC" value="57929" type="Integer" length="2"/>
                     </Bytes></LAIFixedLength.BoxedType>
               </Collection>
            </locationAreaId_List.C3.BoxedType>
            <trackingAreaId_List.C4.BoxedType>
               <Collection>
                  <TA_Id.BoxedType><Bytes>fff217d8366bf91f</Bytes></TA_Id.BoxedType>
                  <TA_Id.BoxedType><Bytes>92d7da707dddd0</Bytes></TA_Id.BoxedType>
                  <TA_Id.BoxedType><Bytes>2c</Bytes></TA_Id.BoxedType>
               </Collection>
            </trackingAreaId_List.C4.BoxedType>
            <extensionContainer.C5.Sequence>
               <privateExtensionList.C0.BoxedType>
                  <Collection>
                     <PrivateExtension.Sequence>
                        <extId><ObjectIdentifier>0.1.22.4</ObjectIdentifier></extId>
                        <extType>2f7c4ca4f93637</extType>
                     </PrivateExtension.Sequence>
                     <PrivateExtension.Sequence>
                        <extId><ObjectIdentifier>0.1.2120.7.76.98.56.108.75</ObjectIdentifier></extId>
                        <extType>0db5d5ecad493e</extType>
                     </PrivateExtension.Sequence>
                     <PrivateExtension.Sequence>
                        <extId><ObjectIdentifier>0.1.2119.83.61.81.115.25.36.91</ObjectIdentifier></extId>
                        <extType>a7e2fc782cb153</extType>
                     </PrivateExtension.Sequence>
                  </Collection>
               </privateExtensionList.C0.BoxedType>
               <pcs_Extensions.C1.Sequence>
                  
               </pcs_Extensions.C1.Sequence>
            </extensionContainer.C5.Sequence>
         </areaScope.Sequence>
         <listOfMeasurements.BoxedType><Bytes>e71f1f69e5c8a0</Bytes></listOfMeasurements.BoxedType>
         <reportingTrigger.C0.BoxedType><Bytes>be77dd</Bytes></reportingTrigger.C0.BoxedType>
         <reportInterval.Enum>
            <EnumType>umts2000ms.3</EnumType>
         </reportInterval.Enum>
         <reportAmount.C1.Enum>
            <EnumType>d4.2</EnumType>
         </reportAmount.C1.Enum>
         <eventThresholdRSRP.BoxedType><Integer>1</Integer></eventThresholdRSRP.BoxedType>
         <eventThresholdRSRQ.C2.BoxedType><Integer>1</Integer></eventThresholdRSRQ.C2.BoxedType>
         <loggingInterval.C3.Enum>
            <EnumType>d5dot12.2</EnumType>
         </loggingInterval.C3.Enum>
         <loggingDuration.C4.Enum>
            <EnumType>d5400sec.4</EnumType>
         </loggingDuration.C4.Enum>
         <extensionContainer.C5.Sequence>
            <privateExtensionList.C0.BoxedType>
               <Collection>
                  <PrivateExtension.Sequence>
                     <extId><ObjectIdentifier>0.1.222.62.69.12.103.60</ObjectIdentifier></extId>
                     <extType>5e09ea086ba8aafb7f</extType>
                  </PrivateExtension.Sequence>
                  <PrivateExtension.Sequence>
                     <extId><ObjectIdentifier>0.1.227.100.9.89.112</ObjectIdentifier></extId>
                     <extType>74bf784910</extType>
                  </PrivateExtension.Sequence>
                  <PrivateExtension.Sequence>
                     <extId><ObjectIdentifier>0.1.219.66.115.94.27.105.78.29</ObjectIdentifier></extId>
                     <extType>4fbfcf</extType>
                  </PrivateExtension.Sequence>
               </Collection>
            </privateExtensionList.C0.BoxedType>
            <pcs_Extensions.C1.Sequence>
               
            </pcs_Extensions.C1.Sequence>
         </extensionContainer.C5.Sequence>
         <measurementPeriodUMTS.C6.Enum>
            <EnumType>d250ms.0</EnumType>
         </measurementPeriodUMTS.C6.Enum>
         <measurementPeriodLTE.C7.Enum>
            <EnumType>d1280ms.1</EnumType>
         </measurementPeriodLTE.C7.Enum>
         <collectionPeriodRRM_UMTS.C8.Enum>
            <EnumType>d2000ms.3</EnumType>
         </collectionPeriodRRM_UMTS.C8.Enum>
         <collectionPeriodRRM_LTE.C9.Enum>
            <EnumType>d2048ms.2</EnumType>
         </collectionPeriodRRM_LTE.C9.Enum>
         <positioningMethod.C10.BoxedType><Bytes>70c3c0d486</Bytes></positioningMethod.C10.BoxedType>
         <measurementQuantity.C11.BoxedType><Bytes>0b715e43795e</Bytes></measurementQuantity.C11.BoxedType>
         <eventThreshold1F.C12.BoxedType><Integer>0</Integer></eventThreshold1F.C12.BoxedType>
         <eventThreshold1I.C13.BoxedType><Integer>0</Integer></eventThreshold1I.C13.BoxedType>
      </mdt_Configuration.C11.Sequence>
   </ActivateTraceModeArg.Sequence>
</ASN>