<?xml version="1.0" encoding="ISO-8859-15"?>

<ASN layer="CAP">
   <AlertServiceCentreArg.Sequence>
      <msisdn.BoxedType><AddressString.BoxedType><Bytes>548101259207
               <field name="extension" value="extension:0" type="EnumLong" lengthBit="1"/>
               <field name="nature of address" value="reserved:5" type="EnumLong" lengthBit="3"/>
               <field name="numbering plan" value="telex numbering plan (ITU-T Rec F.69):4" type="EnumLong" lengthBit="4"/>
               <field name="digits" value="1810522970" type="Number_BCD" length="10"/>
            </Bytes></AddressString.BoxedType></msisdn.BoxedType>
      <serviceCentreAddress.BoxedType><Bytes>4f62469739f3
            <field name="extension" value="extension:0" type="EnumLong" lengthBit="1"/>
            <field name="nature of address" value="subscriber number:4" type="EnumLong" lengthBit="3"/>
            <field name="numbering plan" value="reserved for extension:15" type="EnumLong" lengthBit="4"/>
            <field name="digits" value="266479933" type="Number_BCD" length="9"/>
         </Bytes></serviceCentreAddress.BoxedType>
      <imsi.BoxedType><TBCD_STRING.BoxedType><Bytes>73376124
               <field name="digits" value="37731642" type="Number_BCD" length="8"/>
            </Bytes></TBCD_STRING.BoxedType></imsi.BoxedType>
      <correlationID.BoxedType><Digits.BoxedType><Bytes>daff72c3d781</Bytes></Digits.BoxedType></correlationID.BoxedType>
   </AlertServiceCentreArg.Sequence>
</ASN>