<?xml version="1.0" encoding="ISO-8859-15"?>

<ASN layer="CAP">
   <AnyTimeModificationArg.Sequence>
      <subscriberIdentity.C0.Choice>
         <imsi.C0.BoxedType><TBCD_STRING.BoxedType><Bytes>1223580646
                  <field name="digits" value="2132856064" type="Number_BCD" length="10"/>
               </Bytes></TBCD_STRING.BoxedType></imsi.C0.BoxedType>
         <msisdn.C1.BoxedType><AddressString.BoxedType><Bytes>7859299863f2
                  <field name="extension" value="extension:0" type="EnumLong" lengthBit="1"/>
                  <field name="nature of address" value="reserved for extension:7" type="EnumLong" lengthBit="3"/>
                  <field name="numbering plan" value="national numbering plan:8" type="EnumLong" lengthBit="4"/>
                  <field name="digits" value="959289362" type="Number_BCD" length="9"/>
               </Bytes></AddressString.BoxedType></msisdn.C1.BoxedType>
      </subscriberIdentity.C0.Choice>
      <gsmSCF_Address.C1.BoxedType><AddressString.BoxedType><Bytes>2e6108594252
               <field name="extension" value="extension:0" type="EnumLong" lengthBit="1"/>
               <field name="nature of address" value="national significant number:2" type="EnumLong" lengthBit="3"/>
               <field name="numbering plan" value="14" type="EnumLong" lengthBit="4"/>
               <field name="digits" value="1680952425" type="Number_BCD" length="10"/>
            </Bytes></AddressString.BoxedType></gsmSCF_Address.C1.BoxedType>
      <modificationRequestFor_CF_Info.C2.Sequence>
         <ss_Code.C0.BoxedType><Bytes>e83a797de2717f</Bytes></ss_Code.C0.BoxedType>
         <basicService.C1.Choice>
            <ext_BearerService.C2.BoxedType><Bytes>37f3ade25a2474df</Bytes></ext_BearerService.C2.BoxedType>
            <ext_Teleservice.C3.BoxedType><Bytes>2ec95f7dd0
                  <field name="Code" value="46" type="EnumLong" length="1"/>
                  <field name="Extension data" value="c95f7dd0" type="Binary" length="4"/>
               </Bytes></ext_Teleservice.C3.BoxedType>
         </basicService.C1.Choice>
         <ss_Status.C2.BoxedType><Bytes>2b93f54163</Bytes></ss_Status.C2.BoxedType>
         <forwardedToNumber.C3.BoxedType><Bytes>9628715362f6
               <field name="extension" value="no extension:1" type="EnumLong" lengthBit="1"/>
               <field name="nature of address" value="international number:1" type="EnumLong" lengthBit="3"/>
               <field name="numbering plan" value="land mobile numbering plan (ITU-T Rec E.212):6" type="EnumLong" lengthBit="4"/>
               <field name="digits" value="821735266" type="Number_BCD" length="9"/>
            </Bytes></forwardedToNumber.C3.BoxedType>
         <forwardedToSubaddress.C4.BoxedType><Bytes>5a1b2e</Bytes></forwardedToSubaddress.C4.BoxedType>
         <noReplyConditionTime.C5.BoxedType><Integer>1</Integer></noReplyConditionTime.C5.BoxedType>
         <modifyNotificationToCSE.C6.Enum>
            <EnumType>activate.1</EnumType>
         </modifyNotificationToCSE.C6.Enum>
         <extensionContainer.C7.Sequence>
            <privateExtensionList.C0.BoxedType>
               <Collection>
                  <PrivateExtension.Sequence>
                     <extId><ObjectIdentifier>0.1.242.22.115.42.20.30.88.79.114</ObjectIdentifier></extId>
                     <extType>786814</extType>
                  </PrivateExtension.Sequence>
                  <PrivateExtension.Sequence>
                     <extId><ObjectIdentifier>0.1.260</ObjectIdentifier></extId>
                     <extType>f5916c511454b0789951</extType>
                  </PrivateExtension.Sequence>
                  <PrivateExtension.Sequence>
                     <extId><ObjectIdentifier>0.1.25.18.26.4.78.32.81.45.49.59</ObjectIdentifier></extId>
                     <extType>cad6d7</extType>
                  </PrivateExtension.Sequence>
               </Collection>
            </privateExtensionList.C0.BoxedType>
            <pcs_Extensions.C1.Sequence>
               
            </pcs_Extensions.C1.Sequence>
         </extensionContainer.C7.Sequence>
      </modificationRequestFor_CF_Info.C2.Sequence>
      <modificationRequestFor_CB_Info.C3.Sequence>
         <ss_Code.C0.BoxedType><Bytes>61bc8b15ef9e</Bytes></ss_Code.C0.BoxedType>
         <basicService.C1.Choice>
            <ext_BearerService.C2.BoxedType><Bytes>bb4c</Bytes></ext_BearerService.C2.BoxedType>
            <ext_Teleservice.C3.BoxedType><Bytes>920078fa40
                  <field name="Code" value="voiceBroadcastCall:146" type="EnumLong" length="1"/>
                  <field name="Extension data" value="0078fa40" type="Binary" length="4"/>
               </Bytes></ext_Teleservice.C3.BoxedType>
         </basicService.C1.Choice>
         <ss_Status.C2.BoxedType><Bytes>05ed2ce385</Bytes></ss_Status.C2.BoxedType>
         <password.C3.BoxedType><String>TGTxp8JmsFsHI</String></password.C3.BoxedType>
         <wrongPasswordAttemptsCounter.C4.BoxedType><Integer>2</Integer></wrongPasswordAttemptsCounter.C4.BoxedType>
         <modifyNotificationToCSE.C5.Enum>
            <EnumType>deactivate.0</EnumType>
         </modifyNotificationToCSE.C5.Enum>
         <extensionContainer.C6.Sequence>
            <privateExtensionList.C0.BoxedType>
               <Collection>
                  <PrivateExtension.Sequence>
                     <extId><ObjectIdentifier>0.1.252</ObjectIdentifier></extId>
                     <extType>1ded</extType>
                  </PrivateExtension.Sequence>
                  <PrivateExtension.Sequence>
                     <extId><ObjectIdentifier>0.1.28.59.121.106.39.6</ObjectIdentifier></extId>
                     <extType>85</extType>
                  </PrivateExtension.Sequence>
                  <PrivateExtension.Sequence>
                     <extId><ObjectIdentifier>0.1.25.119.8.14.36.92.23.80.81</ObjectIdentifier></extId>
                     <extType>c316</extType>
                  </PrivateExtension.Sequence>
               </Collection>
            </privateExtensionList.C0.BoxedType>
            <pcs_Extensions.C1.Sequence>
               
            </pcs_Extensions.C1.Sequence>
         </extensionContainer.C6.Sequence>
      </modificationRequestFor_CB_Info.C3.Sequence>
      <modificationRequestFor_CSI.C4.Sequence>
         <requestedCamel_SubscriptionInfo.C0.Enum>
            <EnumType>ss_CSI.6</EnumType>
         </requestedCamel_SubscriptionInfo.C0.Enum>
         <modifyNotificationToCSE.C1.Enum>
            <EnumType>activate.1</EnumType>
         </modifyNotificationToCSE.C1.Enum>
         <modifyCSI_State.C2.Enum>
            <EnumType>deactivate.0</EnumType>
         </modifyCSI_State.C2.Enum>
         <extensionContainer.C3.Sequence>
            <privateExtensionList.C0.BoxedType>
               <Collection>
                  <PrivateExtension.Sequence>
                     <extId><ObjectIdentifier>0.1.2125.61</ObjectIdentifier></extId>
                     <extType>b7edc9d7f42ca6a0</extType>
                  </PrivateExtension.Sequence>
                  <PrivateExtension.Sequence>
                     <extId><ObjectIdentifier>0.1.285.109.16.12.87.7.0.35.113.89</ObjectIdentifier></extId>
                     <extType>d4f71a</extType>
                  </PrivateExtension.Sequence>
                  <PrivateExtension.Sequence>
                     <extId><ObjectIdentifier>0.1.28.111.37.117.81.37</ObjectIdentifier></extId>
                     <extType>5a48c09a</extType>
                  </PrivateExtension.Sequence>
               </Collection>
            </privateExtensionList.C0.BoxedType>
            <pcs_Extensions.C1.Sequence>
               
            </pcs_Extensions.C1.Sequence>
         </extensionContainer.C3.Sequence>
         <additionalRequestedCAMEL_SubscriptionInfo.C4.Enum>
            <EnumType>mg_csi.1</EnumType>
         </additionalRequestedCAMEL_SubscriptionInfo.C4.Enum>
      </modificationRequestFor_CSI.C4.Sequence>
      <extensionContainer.C5.Sequence>
         <privateExtensionList.C0.BoxedType>
            <Collection>
               <PrivateExtension.Sequence>
                  <extId><ObjectIdentifier>0.1.20.112</ObjectIdentifier></extId>
                  <extType>80dd886c07774099fa</extType>
               </PrivateExtension.Sequence>
               <PrivateExtension.Sequence>
                  <extId><ObjectIdentifier>0.1.223.0.111.40.60.69.94.97.19</ObjectIdentifier></extId>
                  <extType>e3a4e6f8b70fbf3312</extType>
               </PrivateExtension.Sequence>
               <PrivateExtension.Sequence>
                  <extId><ObjectIdentifier>0.1.220.26.92.48.82.105.53.15.115.75</ObjectIdentifier></extId>
                  <extType>816e7e32</extType>
               </PrivateExtension.Sequence>
            </Collection>
         </privateExtensionList.C0.BoxedType>
         <pcs_Extensions.C1.Sequence>
            
         </pcs_Extensions.C1.Sequence>
      </extensionContainer.C5.Sequence>
      <longFTN_Supported.C6></longFTN_Supported.C6>
      <modificationRequestFor_ODB_data.C7.Sequence>
         <odb_data.C0.Sequence>
            <odb_GeneralData.BoxedType><BitString><BitString value="cc81c051" trailing="0"/></BitString></odb_GeneralData.BoxedType>
            <odb_HPLMN_Data.BoxedType><BitString><BitString value="7f" trailing="0"/></BitString></odb_HPLMN_Data.BoxedType>
            <extensionContainer.Sequence>
               <privateExtensionList.C0.BoxedType>
                  <Collection>
                     <PrivateExtension.Sequence>
                        <extId><ObjectIdentifier>0.1.221.60.90.99.21.57.85.100.79</ObjectIdentifier></extId>
                        <extType>2ea469565f92f46e59</extType>
                     </PrivateExtension.Sequence>
                     <PrivateExtension.Sequence>
                        <extId><ObjectIdentifier>0.1.233.54.56.90.58.77.1</ObjectIdentifier></extId>
                        <extType>fafb37bffa21</extType>
                     </PrivateExtension.Sequence>
                     <PrivateExtension.Sequence>
                        <extId><ObjectIdentifier>0.1.264.94.25.78.51</ObjectIdentifier></extId>
                        <extType>e544fc25</extType>
                     </PrivateExtension.Sequence>
                  </Collection>
               </privateExtensionList.C0.BoxedType>
               <pcs_Extensions.C1.Sequence>
                  
               </pcs_Extensions.C1.Sequence>
            </extensionContainer.Sequence>
         </odb_data.C0.Sequence>
         <modifyNotificationToCSE.C1.Enum>
            <EnumType>deactivate.0</EnumType>
         </modifyNotificationToCSE.C1.Enum>
         <extensionContainer.C2.Sequence>
            <privateExtensionList.C0.BoxedType>
               <Collection>
                  <PrivateExtension.Sequence>
                     <extId><ObjectIdentifier>0.1.218.40.41.123.86.52.1</ObjectIdentifier></extId>
                     <extType>66cf429a87</extType>
                  </PrivateExtension.Sequence>
                  <PrivateExtension.Sequence>
                     <extId><ObjectIdentifier>0.1.229.29.124.109.25.83.58.77</ObjectIdentifier></extId>
                     <extType>f6f6003b702dabb82e</extType>
                  </PrivateExtension.Sequence>
                  <PrivateExtension.Sequence>
                     <extId><ObjectIdentifier>0.1.24.119.84.125.79.24.107</ObjectIdentifier></extId>
                     <extType>31370920eb7db8</extType>
                  </PrivateExtension.Sequence>
               </Collection>
            </privateExtensionList.C0.BoxedType>
            <pcs_Extensions.C1.Sequence>
               
            </pcs_Extensions.C1.Sequence>
         </extensionContainer.C2.Sequence>
      </modificationRequestFor_ODB_data.C7.Sequence>
      <modificationRequestFor_IP_SM_GW_Data.C8.Sequence>
         <modifyRegistrationStatus.C0.Enum>
            <EnumType>deactivate.0</EnumType>
         </modifyRegistrationStatus.C0.Enum>
         <extensionContainer.C1.Sequence>
            <privateExtensionList.C0.BoxedType>
               <Collection>
                  <PrivateExtension.Sequence>
                     <extId><ObjectIdentifier>0.1.2120.1.84.72.117.104.5.38</ObjectIdentifier></extId>
                     <extType>898a2d2924</extType>
                  </PrivateExtension.Sequence>
                  <PrivateExtension.Sequence>
                     <extId><ObjectIdentifier>0.1.232.81.41.120.56.40.37.57.69.120</ObjectIdentifier></extId>
                     <extType>f5d79234d8</extType>
                  </PrivateExtension.Sequence>
                  <PrivateExtension.Sequence>
                     <extId><ObjectIdentifier>0.1.277.91.92.60.61.122</ObjectIdentifier></extId>
                     <extType>db4d</extType>
                  </PrivateExtension.Sequence>
               </Collection>
            </privateExtensionList.C0.BoxedType>
            <pcs_Extensions.C1.Sequence>
               
            </pcs_Extensions.C1.Sequence>
         </extensionContainer.C1.Sequence>
         <ip_sm_gw_DiameterAddress.C2.Sequence>
            <diameter_Name.C0.BoxedType><Bytes>22dd838b</Bytes></diameter_Name.C0.BoxedType>
            <diameter_Realm.C1.BoxedType><Bytes>b0cce654a6</Bytes></diameter_Realm.C1.BoxedType>
         </ip_sm_gw_DiameterAddress.C2.Sequence>
      </modificationRequestFor_IP_SM_GW_Data.C8.Sequence>
      <activationRequestForUE_reachability.C9.BoxedType><BitString><BitString value="7a81e1b091a0f3" trailing="0"/></BitString></activationRequestForUE_reachability.C9.BoxedType>
      <modificationRequestFor_CSG.C10.Sequence>
         <modifyNotificationToCSE.C0.Enum>
            <EnumType>activate.1</EnumType>
         </modifyNotificationToCSE.C0.Enum>
         <extensionContainer.C1.Sequence>
            <privateExtensionList.C0.BoxedType>
               <Collection>
                  <PrivateExtension.Sequence>
                     <extId><ObjectIdentifier>0.1.212.103.90.109.49.112.63.90.126</ObjectIdentifier></extId>
                     <extType>db93b2fd53</extType>
                  </PrivateExtension.Sequence>
                  <PrivateExtension.Sequence>
                     <extId><ObjectIdentifier>0.1.2103.39.20.28</ObjectIdentifier></extId>
                     <extType>eaabeb489a</extType>
                  </PrivateExtension.Sequence>
                  <PrivateExtension.Sequence>
                     <extId><ObjectIdentifier>0.1.226.28.65</ObjectIdentifier></extId>
                     <extType>7ac107d90a22d5b97b</extType>
                  </PrivateExtension.Sequence>
               </Collection>
            </privateExtensionList.C0.BoxedType>
            <pcs_Extensions.C1.Sequence>
               
            </pcs_Extensions.C1.Sequence>
         </extensionContainer.C1.Sequence>
      </modificationRequestFor_CSG.C10.Sequence>
      <modificationRequestFor_CW_Data.C11.Sequence>
         <basicService.C0.Choice>
            <ext_BearerService.C2.BoxedType><Bytes>18e3dec2</Bytes></ext_BearerService.C2.BoxedType>
            <ext_Teleservice.C3.BoxedType><Bytes>60f09a3a79
                  <field name="Code" value="96" type="EnumLong" length="1"/>
                  <field name="Extension data" value="f09a3a79" type="Binary" length="4"/>
               </Bytes></ext_Teleservice.C3.BoxedType>
         </basicService.C0.Choice>
         <ss_Status.C1.BoxedType><Bytes>996e11a665</Bytes></ss_Status.C1.BoxedType>
         <modifyNotificationToCSE.C2.Enum>
            <EnumType>deactivate.0</EnumType>
         </modifyNotificationToCSE.C2.Enum>
         <extensionContainer.C3.Sequence>
            <privateExtensionList.C0.BoxedType>
               <Collection>
                  <PrivateExtension.Sequence>
                     <extId><ObjectIdentifier>0.1.284.27</ObjectIdentifier></extId>
                     <extType>6d2ca739f6</extType>
                  </PrivateExtension.Sequence>
                  <PrivateExtension.Sequence>
                     <extId><ObjectIdentifier>0.1.241.41.85</ObjectIdentifier></extId>
                     <extType>8edf653288fd31a16de4</extType>
                  </PrivateExtension.Sequence>
                  <PrivateExtension.Sequence>
                     <extId><ObjectIdentifier>0.1.2115.23.72.54.125.24.68.18.45</ObjectIdentifier></extId>
                     <extType>b3a8288c2528</extType>
                  </PrivateExtension.Sequence>
               </Collection>
            </privateExtensionList.C0.BoxedType>
            <pcs_Extensions.C1.Sequence>
               
            </pcs_Extensions.C1.Sequence>
         </extensionContainer.C3.Sequence>
      </modificationRequestFor_CW_Data.C11.Sequence>
      <modificationRequestFor_CLIP_Data.C12.Sequence>
         <ss_Status.C0.BoxedType><Bytes>fcbc1255d196</Bytes></ss_Status.C0.BoxedType>
         <overrideCategory.C1.Enum>
            <EnumType>overrideDisabled.1</EnumType>
         </overrideCategory.C1.Enum>
         <modifyNotificationToCSE.C2.Enum>
            <EnumType>activate.1</EnumType>
         </modifyNotificationToCSE.C2.Enum>
         <extensionContainer.C3.Sequence>
            <privateExtensionList.C0.BoxedType>
               <Collection>
                  <PrivateExtension.Sequence>
                     <extId><ObjectIdentifier>0.1.276.106.5.33.94.45.56.37</ObjectIdentifier></extId>
                     <extType>5238a2bea913</extType>
                  </PrivateExtension.Sequence>
                  <PrivateExtension.Sequence>
                     <extId><ObjectIdentifier>0.1.254.119.23.111.69</ObjectIdentifier></extId>
                     <extType>11d11f5b8d83</extType>
                  </PrivateExtension.Sequence>
                  <PrivateExtension.Sequence>
                     <extId><ObjectIdentifier>0.1.2125.4.63.61.67.128.105.89.120.81</ObjectIdentifier></extId>
                     <extType>9d358cca</extType>
                  </PrivateExtension.Sequence>
               </Collection>
            </privateExtensionList.C0.BoxedType>
            <pcs_Extensions.C1.Sequence>
               
            </pcs_Extensions.C1.Sequence>
         </extensionContainer.C3.Sequence>
      </modificationRequestFor_CLIP_Data.C12.Sequence>
      <modificationRequestFor_CLIR_Data.C13.Sequence>
         <ss_Status.C0.BoxedType><Bytes>9013e95955d984</Bytes></ss_Status.C0.BoxedType>
         <cliRestrictionOption.C1.Enum>
            <EnumType>permanent.0</EnumType>
         </cliRestrictionOption.C1.Enum>
         <modifyNotificationToCSE.C2.Enum>
            <EnumType>deactivate.0</EnumType>
         </modifyNotificationToCSE.C2.Enum>
         <extensionContainer.C3.Sequence>
            <privateExtensionList.C0.BoxedType>
               <Collection>
                  <PrivateExtension.Sequence>
                     <extId><ObjectIdentifier>0.1.22.79.79.70.43</ObjectIdentifier></extId>
                     <extType>36b3783d</extType>
                  </PrivateExtension.Sequence>
                  <PrivateExtension.Sequence>
                     <extId><ObjectIdentifier>0.1.228</ObjectIdentifier></extId>
                     <extType>31e84daea788a10c4d</extType>
                  </PrivateExtension.Sequence>
                  <PrivateExtension.Sequence>
                     <extId><ObjectIdentifier>0.1.270</ObjectIdentifier></extId>
                     <extType>53e37fe33afa24e039</extType>
                  </PrivateExtension.Sequence>
               </Collection>
            </privateExtensionList.C0.BoxedType>
            <pcs_Extensions.C1.Sequence>
               
            </pcs_Extensions.C1.Sequence>
         </extensionContainer.C3.Sequence>
      </modificationRequestFor_CLIR_Data.C13.Sequence>
      <modificationRequestFor_HOLD_Data.C14.Sequence>
         <ss_Status.C0.BoxedType><Bytes>71a7769b82da6a5dd4</Bytes></ss_Status.C0.BoxedType>
         <modifyNotificationToCSE.C1.Enum>
            <EnumType>activate.1</EnumType>
         </modifyNotificationToCSE.C1.Enum>
         <extensionContainer.C2.Sequence>
            <privateExtensionList.C0.BoxedType>
               <Collection>
                  <PrivateExtension.Sequence>
                     <extId><ObjectIdentifier>0.1.218.53.85.70.13.83.12</ObjectIdentifier></extId>
                     <extType>df109d5dff85</extType>
                  </PrivateExtension.Sequence>
                  <PrivateExtension.Sequence>
                     <extId><ObjectIdentifier>0.1.2</ObjectIdentifier></extId>
                     <extType>81bc51b54944a029acec</extType>
                  </PrivateExtension.Sequence>
                  <PrivateExtension.Sequence>
                     <extId><ObjectIdentifier>0.1.2127.26.33.43.33.91</ObjectIdentifier></extId>
                     <extType>dfbe09489d18acee</extType>
                  </PrivateExtension.Sequence>
               </Collection>
            </privateExtensionList.C0.BoxedType>
            <pcs_Extensions.C1.Sequence>
               
            </pcs_Extensions.C1.Sequence>
         </extensionContainer.C2.Sequence>
      </modificationRequestFor_HOLD_Data.C14.Sequence>
      <modificationRequestFor_ECT_Data.C15.Sequence>
         <ss_Status.C0.BoxedType><Bytes>32defd</Bytes></ss_Status.C0.BoxedType>
         <modifyNotificationToCSE.C1.Enum>
            <EnumType>activate.1</EnumType>
         </modifyNotificationToCSE.C1.Enum>
         <extensionContainer.C2.Sequence>
            <privateExtensionList.C0.BoxedType>
               <Collection>
                  <PrivateExtension.Sequence>
                     <extId><ObjectIdentifier>0.1.298.67.72.89.64</ObjectIdentifier></extId>
                     <extType>d3a8e7d2d730a8aa09</extType>
                  </PrivateExtension.Sequence>
                  <PrivateExtension.Sequence>
                     <extId><ObjectIdentifier>0.1.279.92.119.81.53</ObjectIdentifier></extId>
                     <extType>2500</extType>
                  </PrivateExtension.Sequence>
                  <PrivateExtension.Sequence>
                     <extId><ObjectIdentifier>0.1.296.51.65</ObjectIdentifier></extId>
                     <extType>2524fb09aa20</extType>
                  </PrivateExtension.Sequence>
               </Collection>
            </privateExtensionList.C0.BoxedType>
            <pcs_Extensions.C1.Sequence>
               
            </pcs_Extensions.C1.Sequence>
         </extensionContainer.C2.Sequence>
      </modificationRequestFor_ECT_Data.C15.Sequence>
   </AnyTimeModificationArg.Sequence>
</ASN>