<?xml version="1.0" encoding="ISO-8859-15"?>

<ASN layer="CAP">
   <AnyTimeInterrogationArg.Sequence>
      <subscriberIdentity.C0.Choice>
         <imsi.C0.BoxedType><TBCD_STRING.BoxedType><Bytes>35329901f8
                  <field name="digits" value="532399108" type="Number_BCD" length="9"/>
               </Bytes></TBCD_STRING.BoxedType></imsi.C0.BoxedType>
         <msisdn.C1.BoxedType><AddressString.BoxedType><Bytes>c77150711661
                  <field name="extension" value="no extension:1" type="EnumLong" lengthBit="1"/>
                  <field name="nature of address" value="subscriber number:4" type="EnumLong" lengthBit="3"/>
                  <field name="numbering plan" value="spare:7" type="EnumLong" lengthBit="4"/>
                  <field name="digits" value="1705176116" type="Number_BCD" length="10"/>
               </Bytes></AddressString.BoxedType></msisdn.C1.BoxedType>
      </subscriberIdentity.C0.Choice>
      <requestedInfo.C1.Sequence>
         <locationInformation.C0></locationInformation.C0>
         <subscriberState.C1></subscriberState.C1>
         <extensionContainer.C2.Sequence>
            <privateExtensionList.C0.BoxedType>
               <Collection>
                  <PrivateExtension.Sequence>
                     <extId><ObjectIdentifier>0.1.223.90.6.112.31.50.75.6.19</ObjectIdentifier></extId>
                     <extType>449d73</extType>
                  </PrivateExtension.Sequence>
                  <PrivateExtension.Sequence>
                     <extId><ObjectIdentifier>0.1.261.0.17.8.54.7.118.102</ObjectIdentifier></extId>
                     <extType>bbf60713c0cb8637</extType>
                  </PrivateExtension.Sequence>
                  <PrivateExtension.Sequence>
                     <extId><ObjectIdentifier>0.1.284.16.70.5.30.54.97</ObjectIdentifier></extId>
                     <extType>db9927c746</extType>
                  </PrivateExtension.Sequence>
               </Collection>
            </privateExtensionList.C0.BoxedType>
            <pcs_Extensions.C1.Sequence>
               
            </pcs_Extensions.C1.Sequence>
         </extensionContainer.C2.Sequence>
         <currentLocation.C3></currentLocation.C3>
         <requestedDomain.C4.Enum>
            <EnumType>ps_Domain.1</EnumType>
         </requestedDomain.C4.Enum>
         <imei.C6></imei.C6>
         <ms_classmark.C5></ms_classmark.C5>
         <mnpRequestedInfo.C7></mnpRequestedInfo.C7>
         <locationInformationEPS_Supported.C11></locationInformationEPS_Supported.C11>
         <t_adsData.C8></t_adsData.C8>
         <requestedNodes.C9.BoxedType><BitString><BitString value="368188e84b2cf7344a" trailing="0"/></BitString></requestedNodes.C9.BoxedType>
         <servingNodeIndication.C10></servingNodeIndication.C10>
         <localTimeZoneRequest.C12></localTimeZoneRequest.C12>
      </requestedInfo.C1.Sequence>
      <gsmSCF_Address.C3.BoxedType><AddressString.BoxedType><Bytes>f29181775024
               <field name="extension" value="no extension:1" type="EnumLong" lengthBit="1"/>
               <field name="nature of address" value="reserved for extension:7" type="EnumLong" lengthBit="3"/>
               <field name="numbering plan" value="spare:2" type="EnumLong" lengthBit="4"/>
               <field name="digits" value="1918770542" type="Number_BCD" length="10"/>
            </Bytes></AddressString.BoxedType></gsmSCF_Address.C3.BoxedType>
      <extensionContainer.C2.Sequence>
         <privateExtensionList.C0.BoxedType>
            <Collection>
               <PrivateExtension.Sequence>
                  <extId><ObjectIdentifier>0.1.263.50.89.36.117.61.93</ObjectIdentifier></extId>
                  <extType>f07021a94def9ce67c</extType>
               </PrivateExtension.Sequence>
               <PrivateExtension.Sequence>
                  <extId><ObjectIdentifier>0.1.2103.123.16.72.98.107</ObjectIdentifier></extId>
                  <extType>0a8d69c766453739</extType>
               </PrivateExtension.Sequence>
               <PrivateExtension.Sequence>
                  <extId><ObjectIdentifier>0.1.287</ObjectIdentifier></extId>
                  <extType>2b91b1a1</extType>
               </PrivateExtension.Sequence>
            </Collection>
         </privateExtensionList.C0.BoxedType>
         <pcs_Extensions.C1.Sequence>
            
         </pcs_Extensions.C1.Sequence>
      </extensionContainer.C2.Sequence>
   </AnyTimeInterrogationArg.Sequence>
</ASN>