<?xml version="1.0" encoding="ISO-8859-15"?>

<ASN layer="CAP">
   <APN_Configuration.Sequence>
      <contextId.C0.BoxedType><Integer>0</Integer></contextId.C0.BoxedType>
      <pdn_Type.C1.BoxedType><Bytes>40b0ea20</Bytes></pdn_Type.C1.BoxedType>
      <servedPartyIP_IPv4_Address.C2.BoxedType><Bytes>b5d5a75f
            <field name="IPV4  address" value="181.213.167.95" type="IPV4Address" length="4"/>
         </Bytes></servedPartyIP_IPv4_Address.C2.BoxedType>
      <apn.C3.BoxedType><Bytes>69446d39774d35324664
            <field name="DNS string" value="iDm9wM52Fd" type="String" length="10"/>
         </Bytes></apn.C3.BoxedType>
      <eps_qos_Subscribed.C4.Sequence>
         <qos_Class_Identifier.C0.BoxedType><Integer>2</Integer></qos_Class_Identifier.C0.BoxedType>
         <allocation_Retention_Priority.C1.Sequence>
            <priority_level.C0>519017321</priority_level.C0>
            <pre_emption_capability.C1>false:0</pre_emption_capability.C1>
            <pre_emption_vulnerability.C2>false:0</pre_emption_vulnerability.C2>
            <extensionContainer.C3.Sequence>
               <privateExtensionList.C0.BoxedType>
                  <Collection>
                     <PrivateExtension.Sequence>
                        <extId><ObjectIdentifier>0.1.234.118.11.71.94</ObjectIdentifier></extId>
                        <extType>51b2946d93205fdc</extType>
                     </PrivateExtension.Sequence>
                     <PrivateExtension.Sequence>
                        <extId><ObjectIdentifier>0.1.26.61.93.75.18.48</ObjectIdentifier></extId>
                        <extType>4c</extType>
                     </PrivateExtension.Sequence>
                     <PrivateExtension.Sequence>
                        <extId><ObjectIdentifier>0.1.2115.93.105.118</ObjectIdentifier></extId>
                        <extType>da224181f3f5e872</extType>
                     </PrivateExtension.Sequence>
                  </Collection>
               </privateExtensionList.C0.BoxedType>
               <pcs_Extensions.C1.Sequence>
                  
               </pcs_Extensions.C1.Sequence>
            </extensionContainer.C3.Sequence>
         </allocation_Retention_Priority.C1.Sequence>
         <extensionContainer.C2.Sequence>
            <privateExtensionList.C0.BoxedType>
               <Collection>
                  <PrivateExtension.Sequence>
                     <extId><ObjectIdentifier>0.1.280.104.79.36.95.46.102.109.35.118</ObjectIdentifier></extId>
                     <extType>a5038e2448a9</extType>
                  </PrivateExtension.Sequence>
                  <PrivateExtension.Sequence>
                     <extId><ObjectIdentifier>0.1.293.21.104.69.2.58</ObjectIdentifier></extId>
                     <extType>1397</extType>
                  </PrivateExtension.Sequence>
                  <PrivateExtension.Sequence>
                     <extId><ObjectIdentifier>0.1.220.97.62.115.108</ObjectIdentifier></extId>
                     <extType>321e7661eb01</extType>
                  </PrivateExtension.Sequence>
               </Collection>
            </privateExtensionList.C0.BoxedType>
            <pcs_Extensions.C1.Sequence>
               
            </pcs_Extensions.C1.Sequence>
         </extensionContainer.C2.Sequence>
      </eps_qos_Subscribed.C4.Sequence>
      <pdn_gw_Identity.C5.Sequence>
         <pdn_gw_ipv4_Address.C0.BoxedType><Bytes>c2784f45
               <field name="IPV4  address" value="194.120.79.69" type="IPV4Address" length="4"/>
            </Bytes></pdn_gw_ipv4_Address.C0.BoxedType>
         <pdn_gw_ipv6_Address.C1.BoxedType><Bytes>dfcd9cd8
               <field name="IPV4  address" value="223.205.156.216" type="IPV4Address" length="4"/>
            </Bytes></pdn_gw_ipv6_Address.C1.BoxedType>
         <pdn_gw_name.C2.BoxedType><Bytes>8d6d67089421ae</Bytes></pdn_gw_name.C2.BoxedType>
         <extensionContainer.C3.Sequence>
            <privateExtensionList.C0.BoxedType>
               <Collection>
                  <PrivateExtension.Sequence>
                     <extId><ObjectIdentifier>0.1.233</ObjectIdentifier></extId>
                     <extType>da20753543be56</extType>
                  </PrivateExtension.Sequence>
                  <PrivateExtension.Sequence>
                     <extId><ObjectIdentifier>0.1.2103.54.108.110.68.108</ObjectIdentifier></extId>
                     <extType>2edf</extType>
                  </PrivateExtension.Sequence>
                  <PrivateExtension.Sequence>
                     <extId><ObjectIdentifier>0.1.249</ObjectIdentifier></extId>
                     <extType>7a2a9ad5fd0867</extType>
                  </PrivateExtension.Sequence>
               </Collection>
            </privateExtensionList.C0.BoxedType>
            <pcs_Extensions.C1.Sequence>
               
            </pcs_Extensions.C1.Sequence>
         </extensionContainer.C3.Sequence>
      </pdn_gw_Identity.C5.Sequence>
      <pdn_gw_AllocationType.C6.Enum>
         <EnumType>dynamic.1</EnumType>
      </pdn_gw_AllocationType.C6.Enum>
      <vplmnAddressAllowed.C7></vplmnAddressAllowed.C7>
      <chargingCharacteristics.C8.BoxedType><Bytes>20a6
            <field name="Reserved" value="2" type="Integer" lengthBit="4"/>
            <field name="N flag" value="0" type="Integer" lengthBit="1"/>
            <field name="P flag" value="0" type="Integer" lengthBit="1"/>
            <field name="F flag" value="0" type="Integer" lengthBit="1"/>
            <field name="H flag" value="0" type="Integer" lengthBit="1"/>
            <field name="Charging Value" value="166" type="Integer" length="1"/>
         </Bytes></chargingCharacteristics.C8.BoxedType>
      <ambr.C9.Sequence>
         <max_RequestedBandwidth_UL.C0.BoxedType><Long>3777800083</Long></max_RequestedBandwidth_UL.C0.BoxedType>
         <max_RequestedBandwidth_DL.C1.BoxedType><Long>3211052637</Long></max_RequestedBandwidth_DL.C1.BoxedType>
         <extensionContainer.C2.Sequence>
            <privateExtensionList.C0.BoxedType>
               <Collection>
                  <PrivateExtension.Sequence>
                     <extId><ObjectIdentifier>0.1.237.47.119.72.103</ObjectIdentifier></extId>
                     <extType>15bc5c</extType>
                  </PrivateExtension.Sequence>
                  <PrivateExtension.Sequence>
                     <extId><ObjectIdentifier>0.1.2126</ObjectIdentifier></extId>
                     <extType>952e3b4b</extType>
                  </PrivateExtension.Sequence>
                  <PrivateExtension.Sequence>
                     <extId><ObjectIdentifier>0.1.265.29.88.16.39.109.12.81</ObjectIdentifier></extId>
                     <extType>03c24cc4cd</extType>
                  </PrivateExtension.Sequence>
               </Collection>
            </privateExtensionList.C0.BoxedType>
            <pcs_Extensions.C1.Sequence>
               
            </pcs_Extensions.C1.Sequence>
         </extensionContainer.C2.Sequence>
      </ambr.C9.Sequence>
      <specificAPNInfoList.C10.BoxedType>
         <Collection>
            <SpecificAPNInfo.Sequence>
               <apn.C0.BoxedType><Bytes>37744a4e4449
                     <field name="DNS string" value="7tJNDI" type="String" length="6"/>
                  </Bytes></apn.C0.BoxedType>
               <pdn_gw_Identity.C1.Sequence>
                  <pdn_gw_ipv4_Address.C0.BoxedType><Bytes>bdbddb19
                        <field name="IPV4  address" value="189.189.219.25" type="IPV4Address" length="4"/>
                     </Bytes></pdn_gw_ipv4_Address.C0.BoxedType>
                  <pdn_gw_ipv6_Address.C1.BoxedType><Bytes>8bced65f
                        <field name="IPV4  address" value="139.206.214.95" type="IPV4Address" length="4"/>
                     </Bytes></pdn_gw_ipv6_Address.C1.BoxedType>
                  <pdn_gw_name.C2.BoxedType><Bytes>061ff341</Bytes></pdn_gw_name.C2.BoxedType>
                  <extensionContainer.C3.Sequence>
                     <privateExtensionList.C0.BoxedType>
                        <Collection>
                           <PrivateExtension.Sequence>
                              <extId><ObjectIdentifier>0.1.224.2.12.9.24.75</ObjectIdentifier></extId>
                              <extType>6cab</extType>
                           </PrivateExtension.Sequence>
                           <PrivateExtension.Sequence>
                              <extId><ObjectIdentifier>0.1.271.85.75.105.34</ObjectIdentifier></extId>
                              <extType>c7c1</extType>
                           </PrivateExtension.Sequence>
                           <PrivateExtension.Sequence>
                              <extId><ObjectIdentifier>0.1.2124.58.109.107.47.22.46</ObjectIdentifier></extId>
                              <extType>e4b9eb78</extType>
                           </PrivateExtension.Sequence>
                        </Collection>
                     </privateExtensionList.C0.BoxedType>
                     <pcs_Extensions.C1.Sequence>
                        
                     </pcs_Extensions.C1.Sequence>
                  </extensionContainer.C3.Sequence>
               </pdn_gw_Identity.C1.Sequence>
               <extensionContainer.C2.Sequence>
                  <privateExtensionList.C0.BoxedType>
                     <Collection>
                        <PrivateExtension.Sequence>
                           <extId><ObjectIdentifier>0.1.24.115.117.10.21</ObjectIdentifier></extId>
                           <extType>463393b1</extType>
                        </PrivateExtension.Sequence>
                        <PrivateExtension.Sequence>
                           <extId><ObjectIdentifier>0.1.263</ObjectIdentifier></extId>
                           <extType>756b3d53655003171c33</extType>
                        </PrivateExtension.Sequence>
                        <PrivateExtension.Sequence>
                           <extId><ObjectIdentifier>0.1.2</ObjectIdentifier></extId>
                           <extType>a996a6</extType>
                        </PrivateExtension.Sequence>
                     </Collection>
                  </privateExtensionList.C0.BoxedType>
                  <pcs_Extensions.C1.Sequence>
                     
                  </pcs_Extensions.C1.Sequence>
               </extensionContainer.C2.Sequence>
            </SpecificAPNInfo.Sequence>
            <SpecificAPNInfo.Sequence>
               <apn.C0.BoxedType><Bytes>53
                     <field name="DNS string" value="S" type="String" length="1"/>
                  </Bytes></apn.C0.BoxedType>
               <pdn_gw_Identity.C1.Sequence>
                  <pdn_gw_ipv4_Address.C0.BoxedType><Bytes>d2a61f8f
                        <field name="IPV4  address" value="210.166.31.143" type="IPV4Address" length="4"/>
                     </Bytes></pdn_gw_ipv4_Address.C0.BoxedType>
                  <pdn_gw_ipv6_Address.C1.BoxedType><Bytes>4c2e1da6
                        <field name="IPV4  address" value="76.46.29.166" type="IPV4Address" length="4"/>
                     </Bytes></pdn_gw_ipv6_Address.C1.BoxedType>
                  <pdn_gw_name.C2.BoxedType><Bytes>397956d8ca</Bytes></pdn_gw_name.C2.BoxedType>
                  <extensionContainer.C3.Sequence>
                     <privateExtensionList.C0.BoxedType>
                        <Collection>
                           <PrivateExtension.Sequence>
                              <extId><ObjectIdentifier>0.1.285.90.23.52</ObjectIdentifier></extId>
                              <extType>caeadd2b97d5ff36</extType>
                           </PrivateExtension.Sequence>
                           <PrivateExtension.Sequence>
                              <extId><ObjectIdentifier>0.1.2</ObjectIdentifier></extId>
                              <extType>7119e40c</extType>
                           </PrivateExtension.Sequence>
                           <PrivateExtension.Sequence>
                              <extId><ObjectIdentifier>0.1.25</ObjectIdentifier></extId>
                              <extType>94394aa821e87dd7</extType>
                           </PrivateExtension.Sequence>
                        </Collection>
                     </privateExtensionList.C0.BoxedType>
                     <pcs_Extensions.C1.Sequence>
                        
                     </pcs_Extensions.C1.Sequence>
                  </extensionContainer.C3.Sequence>
               </pdn_gw_Identity.C1.Sequence>
               <extensionContainer.C2.Sequence>
                  <privateExtensionList.C0.BoxedType>
                     <Collection>
                        <PrivateExtension.Sequence>
                           <extId><ObjectIdentifier>0.1.254.126.28.27.91.66</ObjectIdentifier></extId>
                           <extType>c0</extType>
                        </PrivateExtension.Sequence>
                        <PrivateExtension.Sequence>
                           <extId><ObjectIdentifier>0.1.264.123.71</ObjectIdentifier></extId>
                           <extType>feb3542ae5</extType>
                        </PrivateExtension.Sequence>
                        <PrivateExtension.Sequence>
                           <extId><ObjectIdentifier>0.1.237.25.20.88.82.56.102.104</ObjectIdentifier></extId>
                           <extType>9542a876f56a8c</extType>
                        </PrivateExtension.Sequence>
                     </Collection>
                  </privateExtensionList.C0.BoxedType>
                  <pcs_Extensions.C1.Sequence>
                     
                  </pcs_Extensions.C1.Sequence>
               </extensionContainer.C2.Sequence>
            </SpecificAPNInfo.Sequence>
            <SpecificAPNInfo.Sequence>
               <apn.C0.BoxedType><Bytes>63
                     <field name="DNS string" value="c" type="String" length="1"/>
                  </Bytes></apn.C0.BoxedType>
               <pdn_gw_Identity.C1.Sequence>
                  <pdn_gw_ipv4_Address.C0.BoxedType><Bytes>66ac96f6
                        <field name="IPV4  address" value="102.172.150.246" type="IPV4Address" length="4"/>
                     </Bytes></pdn_gw_ipv4_Address.C0.BoxedType>
                  <pdn_gw_ipv6_Address.C1.BoxedType><Bytes>5a3f4f42
                        <field name="IPV4  address" value="90.63.79.66" type="IPV4Address" length="4"/>
                     </Bytes></pdn_gw_ipv6_Address.C1.BoxedType>
                  <pdn_gw_name.C2.BoxedType><Bytes>47</Bytes></pdn_gw_name.C2.BoxedType>
                  <extensionContainer.C3.Sequence>
                     <privateExtensionList.C0.BoxedType>
                        <Collection>
                           <PrivateExtension.Sequence>
                              <extId><ObjectIdentifier>0.1.254.44.59.8.104.67.88.47.54</ObjectIdentifier></extId>
                              <extType>c8e89c05e48aa8cf50c5</extType>
                           </PrivateExtension.Sequence>
                           <PrivateExtension.Sequence>
                              <extId><ObjectIdentifier>0.1.294.110.115.89</ObjectIdentifier></extId>
                              <extType>017d</extType>
                           </PrivateExtension.Sequence>
                           <PrivateExtension.Sequence>
                              <extId><ObjectIdentifier>0.1.212.18.30.74</ObjectIdentifier></extId>
                              <extType>24a169d7f0f21a00440e</extType>
                           </PrivateExtension.Sequence>
                        </Collection>
                     </privateExtensionList.C0.BoxedType>
                     <pcs_Extensions.C1.Sequence>
                        
                     </pcs_Extensions.C1.Sequence>
                  </extensionContainer.C3.Sequence>
               </pdn_gw_Identity.C1.Sequence>
               <extensionContainer.C2.Sequence>
                  <privateExtensionList.C0.BoxedType>
                     <Collection>
                        <PrivateExtension.Sequence>
                           <extId><ObjectIdentifier>0.1.214.50.33.68.86.106.55.13.96</ObjectIdentifier></extId>
                           <extType>1940f7bd</extType>
                        </PrivateExtension.Sequence>
                        <PrivateExtension.Sequence>
                           <extId><ObjectIdentifier>0.1.293</ObjectIdentifier></extId>
                           <extType>cea2da84ed206b</extType>
                        </PrivateExtension.Sequence>
                        <PrivateExtension.Sequence>
                           <extId><ObjectIdentifier>0.1.225.66.100</ObjectIdentifier></extId>
                           <extType>860378f49636</extType>
                        </PrivateExtension.Sequence>
                     </Collection>
                  </privateExtensionList.C0.BoxedType>
                  <pcs_Extensions.C1.Sequence>
                     
                  </pcs_Extensions.C1.Sequence>
               </extensionContainer.C2.Sequence>
            </SpecificAPNInfo.Sequence>
         </Collection>
      </specificAPNInfoList.C10.BoxedType>
      <extensionContainer.C11.Sequence>
         <privateExtensionList.C0.BoxedType>
            <Collection>
               <PrivateExtension.Sequence>
                  <extId><ObjectIdentifier>0.1.269.120.96.48.66.32.20</ObjectIdentifier></extId>
                  <extType>6628ab95f0</extType>
               </PrivateExtension.Sequence>
               <PrivateExtension.Sequence>
                  <extId><ObjectIdentifier>0.1.273.64.76.11.94.29.53.48</ObjectIdentifier></extId>
                  <extType>4c308f07cc970a458c</extType>
               </PrivateExtension.Sequence>
               <PrivateExtension.Sequence>
                  <extId><ObjectIdentifier>0.1.297.12.25.77.105</ObjectIdentifier></extId>
                  <extType>774d584ba1c4d3</extType>
               </PrivateExtension.Sequence>
            </Collection>
         </privateExtensionList.C0.BoxedType>
         <pcs_Extensions.C1.Sequence>
            
         </pcs_Extensions.C1.Sequence>
      </extensionContainer.C11.Sequence>
      <servedPartyIP_IPv6_Address.C12.BoxedType><Bytes>d37bddfe
            <field name="IPV4  address" value="211.123.221.254" type="IPV4Address" length="4"/>
         </Bytes></servedPartyIP_IPv6_Address.C12.BoxedType>
      <apn_oi_Replacement.C13.BoxedType><Bytes>757c9a2a</Bytes></apn_oi_Replacement.C13.BoxedType>
      <sipto_Permission.C14.Enum>
         <EnumType>siptoAboveRanAllowed.0</EnumType>
      </sipto_Permission.C14.Enum>
      <lipa_Permission.C15.Enum>
         <EnumType>lipaOnly.1</EnumType>
      </lipa_Permission.C15.Enum>
      <restoration_Priority.C16.BoxedType><Bytes>d75cbb905340ecdd56</Bytes></restoration_Priority.C16.BoxedType>
      <sipto_local_network_Permission.C17.Enum>
         <EnumType>siptoAtLocalNetworkNotAllowed.1</EnumType>
      </sipto_local_network_Permission.C17.Enum>
   </APN_Configuration.Sequence>
</ASN>