<?xml version="1.0" encoding="ISO-8859-15"?>

<ASN layer="CAP">
   <ApplyChargingArg.Sequence>
      <aChBillingChargingCharacteristics.C0.BoxedType><Bytes>e0e1944c39ab65</Bytes></aChBillingChargingCharacteristics.C0.BoxedType>
      <partyToCharge.C2d.Choice><sendingSideID.C0.BoxedType><Bytes>02
               <field name="LegType" value="leg2 LegType:2" type="EnumLong" length="1"/>
            </Bytes></sendingSideID.C0.BoxedType></partyToCharge.C2d.Choice>
      <extensions.C3.BoxedType>
         <Collection>
            <ExtensionField.Sequence>
               <type.Choice>
                  <local>1088857088</local>
                  <global><ObjectIdentifier>0.1.2102.45.89.105.114.7.56.54.23</ObjectIdentifier></global>
               </type.Choice>
               <criticality.nulld.Enum>
                  <EnumType>abort.1</EnumType>
               </criticality.nulld.Enum>
               <NullObject.C1></NullObject.C1>
            </ExtensionField.Sequence>
            <ExtensionField.Sequence>
               <type.Choice>
                  <local>2506715183</local>
                  <global><ObjectIdentifier>0.1.215.116.21.118</ObjectIdentifier></global>
               </type.Choice>
               <criticality.nulld.Enum>
                  <EnumType>abort.1</EnumType>
               </criticality.nulld.Enum>
               <NullObject.C1></NullObject.C1>
            </ExtensionField.Sequence>
            <ExtensionField.Sequence>
               <type.Choice>
                  <local>1457997873</local>
                  <global><ObjectIdentifier>0.1.234.120.124.69</ObjectIdentifier></global>
               </type.Choice>
               <criticality.nulld.Enum>
                  <EnumType>abort.1</EnumType>
               </criticality.nulld.Enum>
               <NullObject.C1></NullObject.C1>
            </ExtensionField.Sequence>
         </Collection>
      </extensions.C3.BoxedType>
      <aChChargingAddress.C50d.Choice>
         <legID.C2.Choice>
            <sendingSideID.C0.BoxedType><Bytes>32
                  <field name="LegType" value="50" type="EnumLong" length="1"/>
               </Bytes></sendingSideID.C0.BoxedType>
            <receivingSideID.C1.BoxedType><Bytes>02
                  <field name="LegType" value="leg2 LegType:2" type="EnumLong" length="1"/>
               </Bytes></receivingSideID.C1.BoxedType>
         </legID.C2.Choice>
         <srfConnection.C50.BoxedType><Integer>1</Integer></srfConnection.C50.BoxedType>
      </aChChargingAddress.C50d.Choice>
      <iTXcharging.C64>true:1</iTXcharging.C64>
   </ApplyChargingArg.Sequence>
</ASN>