<?xml version="1.0" encoding="ISO-8859-15"?>

<ASN layer="CAP">
   <ApplyChargingReportGPRSArg.Sequence>
      <chargingResult.C0.Choice>
         <transferredVolume.C0.Choice>
            <volumeIfNoTariffSwitch.C0>2014153914</volumeIfNoTariffSwitch.C0>
            <volumeIfTariffSwitch.C1.Sequence>
               <volumeSinceLastTariffSwitch.C0>2232259296</volumeSinceLastTariffSwitch.C0>
               <volumeTariffSwitchInterval.C1>1428475164</volumeTariffSwitchInterval.C1>
            </volumeIfTariffSwitch.C1.Sequence>
         </transferredVolume.C0.Choice>
         <elapsedTime.C1.Choice>
            <timeGPRSIfNoTariffSwitch.C0>2</timeGPRSIfNoTariffSwitch.C0>
            <timeGPRSIfTariffSwitch.C1.Sequence>
               <timeGPRSSinceLastTariffSwitch.C0>1</timeGPRSSinceLastTariffSwitch.C0>
               <timeGPRSTariffSwitchInterval.C1>2</timeGPRSTariffSwitchInterval.C1>
            </timeGPRSIfTariffSwitch.C1.Sequence>
         </elapsedTime.C1.Choice>
      </chargingResult.C0.Choice>
      <qualityOfService.C1.Sequence>
         <requested_QoS.C0.Choice>
            <short_QoS_format.C0.BoxedType><Bytes>25e3b9
                  <field name="spare1" value="0" type="Integer" lengthBit="2"/>
                  <field name="Delay class" value="Delay class 4 (best effort):4" type="EnumLong" lengthBit="3"/>
                  <field name="Reliability class" value="Unacknowledged GTP, LLC, and RLC, Unprotected data:5" type="EnumLong" lengthBit="3"/>
                  <field name="Peak throughput" value="Up to 1 000 octet/s:14" type="EnumLong" lengthBit="4"/>
                  <field name="spare2" value="0" type="Integer" lengthBit="1"/>
                  <field name="Precedence class" value="Low priority:3" type="EnumLong" lengthBit="3"/>
                  <field name="spare3" value="5" type="Integer" lengthBit="3"/>
                  <field name="Mean throughput" value="Best effort:25" type="EnumLong" lengthBit="5"/>
               </Bytes></short_QoS_format.C0.BoxedType>
            <long_QoS_format.C1.BoxedType><Bytes>c74e7f43ec5ff2679d
                  <field name="Allocation/Retention Priority" value="199" type="Integer" length="1"/>
                  <field name="Traffic class" value="Streaming class:2" type="EnumLong" lengthBit="3"/>
                  <field name="Delivery class" value="With delivery order (&apos;yes&apos;):1" type="EnumLong" lengthBit="2"/>
                  <field name="Delivery erroneous SDUs" value="Reserved:6" type="EnumLong" lengthBit="3"/>
                  <field name="Maximum SDU size" value="127" type="Integer" length="1"/>
                  <field name="Maximum bitrate uplink" value="67" type="Integer" length="1"/>
                  <field name="Maximum bitrate downlink" value="236" type="Integer" length="1"/>
                  <field name="SDU error ratio" value="1*10 power -5:5" type="EnumLong" lengthBit="4"/>
                  <field name="Residual BER" value="Reserved:15" type="EnumLong" lengthBit="4"/>
                  <field name="Transfer delay" value="60" type="Integer" lengthBit="6"/>
                  <field name="Traffic handling priority" value="Priority level 2:2" type="EnumLong" lengthBit="2"/>
                  <field name="Guaranteed bitrate uplink" value="103" type="Integer" length="1"/>
                  <field name="Guaranteed bitrate downlink" value="157" type="Integer" length="1"/>
               </Bytes></long_QoS_format.C1.BoxedType>
         </requested_QoS.C0.Choice>
         <subscribed_QoS.C1.Choice>
            <short_QoS_format.C0.BoxedType><Bytes>694430
                  <field name="spare1" value="1" type="Integer" lengthBit="2"/>
                  <field name="Delay class" value="Delay class 4 (best effort):5" type="EnumLong" lengthBit="3"/>
                  <field name="Reliability class" value="Unused. If received, it shall be interpreted as &apos;010&apos;:1" type="EnumLong" lengthBit="3"/>
                  <field name="Peak throughput" value="Up to 8 000 octet/s:4" type="EnumLong" lengthBit="4"/>
                  <field name="spare2" value="0" type="Integer" lengthBit="1"/>
                  <field name="Precedence class" value="Normal priority:4" type="EnumLong" lengthBit="3"/>
                  <field name="spare3" value="1" type="Integer" lengthBit="3"/>
                  <field name="Mean throughput" value="10000000 octet/h:16" type="EnumLong" lengthBit="5"/>
               </Bytes></short_QoS_format.C0.BoxedType>
            <long_QoS_format.C1.BoxedType><Bytes>dc2d519abacbff07b0
                  <field name="Allocation/Retention Priority" value="220" type="Integer" length="1"/>
                  <field name="Traffic class" value="Conversational class:1" type="EnumLong" lengthBit="3"/>
                  <field name="Delivery class" value="With delivery order (&apos;yes&apos;):1" type="EnumLong" lengthBit="2"/>
                  <field name="Delivery erroneous SDUs" value="Reserved:5" type="EnumLong" lengthBit="3"/>
                  <field name="Maximum SDU size" value="81" type="Integer" length="1"/>
                  <field name="Maximum bitrate uplink" value="154" type="Integer" length="1"/>
                  <field name="Maximum bitrate downlink" value="186" type="Integer" length="1"/>
                  <field name="SDU error ratio" value="Reserved:12" type="EnumLong" lengthBit="4"/>
                  <field name="Residual BER" value="Reserved:11" type="EnumLong" lengthBit="4"/>
                  <field name="Transfer delay" value="63" type="Integer" lengthBit="6"/>
                  <field name="Traffic handling priority" value="Priority level 3:3" type="EnumLong" lengthBit="2"/>
                  <field name="Guaranteed bitrate uplink" value="7" type="Integer" length="1"/>
                  <field name="Guaranteed bitrate downlink" value="176" type="Integer" length="1"/>
               </Bytes></long_QoS_format.C1.BoxedType>
         </subscribed_QoS.C1.Choice>
         <negotiated_QoS.C2.Choice>
            <short_QoS_format.C0.BoxedType><Bytes>eaf59c
                  <field name="spare1" value="3" type="Integer" lengthBit="2"/>
                  <field name="Delay class" value="Delay class 4 (best effort):5" type="EnumLong" lengthBit="3"/>
                  <field name="Reliability class" value="Unacknowledged GTP; Acknowledged LLC and RLC, Protected data:2" type="EnumLong" lengthBit="3"/>
                  <field name="Peak throughput" value="Reserved:15" type="EnumLong" lengthBit="4"/>
                  <field name="spare2" value="0" type="Integer" lengthBit="1"/>
                  <field name="Precedence class" value="Normal priority:5" type="EnumLong" lengthBit="3"/>
                  <field name="spare3" value="4" type="Integer" lengthBit="3"/>
                  <field name="Mean throughput" value="Best effort:28" type="EnumLong" lengthBit="5"/>
               </Bytes></short_QoS_format.C0.BoxedType>
            <long_QoS_format.C1.BoxedType><Bytes>326182c7444e291fa2
                  <field name="Allocation/Retention Priority" value="50" type="Integer" length="1"/>
                  <field name="Traffic class" value="Interactive class:3" type="EnumLong" lengthBit="3"/>
                  <field name="Delivery class" value="Subscribed delivery class / Reserved:0" type="EnumLong" lengthBit="2"/>
                  <field name="Delivery erroneous SDUs" value="No detect (&apos;-&apos;):1" type="EnumLong" lengthBit="3"/>
                  <field name="Maximum SDU size" value="130" type="Integer" length="1"/>
                  <field name="Maximum bitrate uplink" value="199" type="Integer" length="1"/>
                  <field name="Maximum bitrate downlink" value="68" type="Integer" length="1"/>
                  <field name="SDU error ratio" value="1*10 power -4:4" type="EnumLong" lengthBit="4"/>
                  <field name="Residual BER" value="Reserved:14" type="EnumLong" lengthBit="4"/>
                  <field name="Transfer delay" value="10" type="Integer" lengthBit="6"/>
                  <field name="Traffic handling priority" value="Priority level 1:1" type="EnumLong" lengthBit="2"/>
                  <field name="Guaranteed bitrate uplink" value="31" type="Integer" length="1"/>
                  <field name="Guaranteed bitrate downlink" value="162" type="Integer" length="1"/>
               </Bytes></long_QoS_format.C1.BoxedType>
         </negotiated_QoS.C2.Choice>
         <requested_QoS_Extension.C3.Sequence>
            <supplement_to_long_QoS_format.C0.BoxedType><Bytes>2bb51d86fd
                  <field name="spare" value="1" type="Integer" lengthBit="3"/>
                  <field name="Signalling Indication" value="Not optimised for signalling traffic:0" type="EnumLong" lengthBit="1"/>
                  <field name="Source Statistics Descriptor" value="unknown:11" type="EnumLong" lengthBit="4"/>
                  <field name="Maximum bitrate downlink (extended)" value="181" type="Integer" length="1"/>
                  <field name="Guaranteed bitrate downlink (extended)" value="29" type="Integer" length="1"/>
                  <field name="Maximum bitrate uplink (extended)" value="134" type="Integer" length="1"/>
                  <field name="Guaranteed bitrate uplink (extended)" value="253" type="Integer" length="1"/>
               </Bytes></supplement_to_long_QoS_format.C0.BoxedType>
            <additionalSupplement.C1.BoxedType><Bytes>ea94
                  <field name="Maximum bitrate uplink (extended)" value="234" type="Integer" length="1"/>
                  <field name="Guaranteed bitrate uplink (extended)" value="148" type="Integer" length="1"/>
               </Bytes></additionalSupplement.C1.BoxedType>
         </requested_QoS_Extension.C3.Sequence>
         <subscribed_QoS_Extension.C4.Sequence>
            <supplement_to_long_QoS_format.C0.BoxedType><Bytes>c298ce3d19
                  <field name="spare" value="6" type="Integer" lengthBit="3"/>
                  <field name="Signalling Indication" value="Not optimised for signalling traffic:0" type="EnumLong" lengthBit="1"/>
                  <field name="Source Statistics Descriptor" value="unknown:2" type="EnumLong" lengthBit="4"/>
                  <field name="Maximum bitrate downlink (extended)" value="152" type="Integer" length="1"/>
                  <field name="Guaranteed bitrate downlink (extended)" value="206" type="Integer" length="1"/>
                  <field name="Maximum bitrate uplink (extended)" value="61" type="Integer" length="1"/>
                  <field name="Guaranteed bitrate uplink (extended)" value="25" type="Integer" length="1"/>
               </Bytes></supplement_to_long_QoS_format.C0.BoxedType>
            <additionalSupplement.C1.BoxedType><Bytes>8658
                  <field name="Maximum bitrate uplink (extended)" value="134" type="Integer" length="1"/>
                  <field name="Guaranteed bitrate uplink (extended)" value="88" type="Integer" length="1"/>
               </Bytes></additionalSupplement.C1.BoxedType>
         </subscribed_QoS_Extension.C4.Sequence>
         <negotiated_QoS_Extension.C5.Sequence>
            <supplement_to_long_QoS_format.C0.BoxedType><Bytes>664b94a133
                  <field name="spare" value="3" type="Integer" lengthBit="3"/>
                  <field name="Signalling Indication" value="Not optimised for signalling traffic:0" type="EnumLong" lengthBit="1"/>
                  <field name="Source Statistics Descriptor" value="unknown:6" type="EnumLong" lengthBit="4"/>
                  <field name="Maximum bitrate downlink (extended)" value="75" type="Integer" length="1"/>
                  <field name="Guaranteed bitrate downlink (extended)" value="148" type="Integer" length="1"/>
                  <field name="Maximum bitrate uplink (extended)" value="161" type="Integer" length="1"/>
                  <field name="Guaranteed bitrate uplink (extended)" value="51" type="Integer" length="1"/>
               </Bytes></supplement_to_long_QoS_format.C0.BoxedType>
            <additionalSupplement.C1.BoxedType><Bytes>fee2
                  <field name="Maximum bitrate uplink (extended)" value="254" type="Integer" length="1"/>
                  <field name="Guaranteed bitrate uplink (extended)" value="226" type="Integer" length="1"/>
               </Bytes></additionalSupplement.C1.BoxedType>
         </negotiated_QoS_Extension.C5.Sequence>
      </qualityOfService.C1.Sequence>
      <active.C2d>false:0</active.C2d>
      <pDPId.C3.BoxedType><Bytes>b773bb6a1c</Bytes></pDPId.C3.BoxedType>
      <chargingRollOver.C4.Choice>
         <transferredVolumeRollOver.C0.Choice>
            <rO_VolumeIfNoTariffSwitch.C0>2</rO_VolumeIfNoTariffSwitch.C0>
            <rO_VolumeIfTariffSwitch.C1.Sequence>
               <rO_VolumeSinceLastTariffSwitch.C0>1</rO_VolumeSinceLastTariffSwitch.C0>
               <rO_VolumeTariffSwitchInterval.C1>2</rO_VolumeTariffSwitchInterval.C1>
            </rO_VolumeIfTariffSwitch.C1.Sequence>
         </transferredVolumeRollOver.C0.Choice>
         <elapsedTimeRollOver.C1.Choice>
            <rO_TimeGPRSIfNoTariffSwitch.C0>1</rO_TimeGPRSIfNoTariffSwitch.C0>
            <rO_TimeGPRSIfTariffSwitch.C1.Sequence>
               <rO_TimeGPRSSinceLastTariffSwitch.C0>2</rO_TimeGPRSSinceLastTariffSwitch.C0>
               <rO_TimeGPRSTariffSwitchInterval.C1>0</rO_TimeGPRSTariffSwitchInterval.C1>
            </rO_TimeGPRSIfTariffSwitch.C1.Sequence>
         </elapsedTimeRollOver.C1.Choice>
      </chargingRollOver.C4.Choice>
   </ApplyChargingReportGPRSArg.Sequence>
</ASN>