<?xml version="1.0" encoding="ISO-8859-15"?>

<ASN layer="CAP">
   <Area.Sequence>
      <areaType.C0.Enum>
         <EnumType>routingAreaId.3</EnumType>
      </areaType.C0.Enum>
      <areaIdentification.C1.BoxedType><Bytes>328222a5ebadcf76
            <field name="MMC" value="232,228" type="NumberMMC" length="3"/>
            <field name="LAC" value="42475" type="Integer" length="2"/>
            <field name="RAC" value="173" type="Integer" length="1"/>
            <field name="CI" value="53110" type="Integer" length="2"/>
         </Bytes></areaIdentification.C1.BoxedType>
   </Area.Sequence>
</ASN>