<?xml version="1.0" encoding="ISO-8859-15"?>

<ASN layer="CAP">
   <AssistRequestInstructionsArg.Sequence>
      <correlationID.C0.BoxedType><Digits.BoxedType><Bytes>8f3d501a086b2b</Bytes></Digits.BoxedType></correlationID.C0.BoxedType>
      <iPSSPCapabilities.C2.BoxedType><Bytes>4d85529c3130</Bytes></iPSSPCapabilities.C2.BoxedType>
      <extensions.C3.BoxedType>
         <Collection>
            <ExtensionField.Sequence>
               <type.Choice>
                  <local>945847938</local>
                  <global><ObjectIdentifier>0.1.233.124.62.34.11.103.11.47</ObjectIdentifier></global>
               </type.Choice>
               <criticality.nulld.Enum>
                  <EnumType>abort.1</EnumType>
               </criticality.nulld.Enum>
               <NullObject.C1></NullObject.C1>
            </ExtensionField.Sequence>
            <ExtensionField.Sequence>
               <type.Choice>
                  <local>410399287</local>
                  <global><ObjectIdentifier>0.1.2127.50.16.115.65.28</ObjectIdentifier></global>
               </type.Choice>
               <criticality.nulld.Enum>
                  <EnumType>abort.1</EnumType>
               </criticality.nulld.Enum>
               <NullObject.C1></NullObject.C1>
            </ExtensionField.Sequence>
            <ExtensionField.Sequence>
               <type.Choice>
                  <local>1841786704</local>
                  <global><ObjectIdentifier>0.1.298</ObjectIdentifier></global>
               </type.Choice>
               <criticality.nulld.Enum>
                  <EnumType>abort.1</EnumType>
               </criticality.nulld.Enum>
               <NullObject.C1></NullObject.C1>
            </ExtensionField.Sequence>
         </Collection>
      </extensions.C3.BoxedType>
   </AssistRequestInstructionsArg.Sequence>
</ASN>