<?xml version="1.0" encoding="ISO-8859-15"?>

<ASN layer="CAP">
   <ATI_NotAllowedParam.Sequence><extensionContainer.Sequence>
         <privateExtensionList.C0.BoxedType>
            <Collection>
               <PrivateExtension.Sequence>
                  <extId><ObjectIdentifier>0.1.294.105.80.13.47.117.105.56.60</ObjectIdentifier></extId>
                  <extType>df7cf8c5d585b148f33d</extType>
               </PrivateExtension.Sequence>
               <PrivateExtension.Sequence>
                  <extId><ObjectIdentifier>0.1.27.114.9.50.96.20.119</ObjectIdentifier></extId>
                  <extType>c4fe412e0252b1039620</extType>
               </PrivateExtension.Sequence>
               <PrivateExtension.Sequence>
                  <extId><ObjectIdentifier>0.1.262.86.119.103.86</ObjectIdentifier></extId>
                  <extType>9fa79c2f96fe6fcf</extType>
               </PrivateExtension.Sequence>
            </Collection>
         </privateExtensionList.C0.BoxedType>
         <pcs_Extensions.C1.Sequence>
            
         </pcs_Extensions.C1.Sequence>
      </extensionContainer.Sequence></ATI_NotAllowedParam.Sequence>
</ASN>