<?xml version="1.0" encoding="ISO-8859-15"?>

<ASN layer="CAP">
   <ATM_NotAllowedParam.Sequence><extensionContainer.Sequence>
         <privateExtensionList.C0.BoxedType>
            <Collection>
               <PrivateExtension.Sequence>
                  <extId><ObjectIdentifier>0.1.298.42</ObjectIdentifier></extId>
                  <extType>8f</extType>
               </PrivateExtension.Sequence>
               <PrivateExtension.Sequence>
                  <extId><ObjectIdentifier>0.1.279.106.81.120.23.10</ObjectIdentifier></extId>
                  <extType>25759c57c7</extType>
               </PrivateExtension.Sequence>
               <PrivateExtension.Sequence>
                  <extId><ObjectIdentifier>0.1.287.3.117.83.26.66.7</ObjectIdentifier></extId>
                  <extType>c3ac</extType>
               </PrivateExtension.Sequence>
            </Collection>
         </privateExtensionList.C0.BoxedType>
         <pcs_Extensions.C1.Sequence>
            
         </pcs_Extensions.C1.Sequence>
      </extensionContainer.Sequence></ATM_NotAllowedParam.Sequence>
</ASN>