<?xml version="1.0" encoding="ISO-8859-15"?>

<ASN layer="CAP">
   <ATSI_NotAllowedParam.Sequence><extensionContainer.Sequence>
         <privateExtensionList.C0.BoxedType>
            <Collection>
               <PrivateExtension.Sequence>
                  <extId><ObjectIdentifier>0.1.211.22.70.64.80.113</ObjectIdentifier></extId>
                  <extType>c244</extType>
               </PrivateExtension.Sequence>
               <PrivateExtension.Sequence>
                  <extId><ObjectIdentifier>0.1.247</ObjectIdentifier></extId>
                  <extType>64afa0f362</extType>
               </PrivateExtension.Sequence>
               <PrivateExtension.Sequence>
                  <extId><ObjectIdentifier>0.1.2110.125.94.120.22.72</ObjectIdentifier></extId>
                  <extType>0bb3e79270b6334b</extType>
               </PrivateExtension.Sequence>
            </Collection>
         </privateExtensionList.C0.BoxedType>
         <pcs_Extensions.C1.Sequence>
            
         </pcs_Extensions.C1.Sequence>
      </extensionContainer.Sequence></ATSI_NotAllowedParam.Sequence>
</ASN>