<?xml version="1.0" encoding="ISO-8859-15"?>

<ASN layer="CAP">
   <AuthenticationFailureReportArg.Sequence>
      <imsi.BoxedType><TBCD_STRING.BoxedType><Bytes>63177224f2
               <field name="digits" value="367127422" type="Number_BCD" length="9"/>
            </Bytes></TBCD_STRING.BoxedType></imsi.BoxedType>
      <failureCause.Enum>
         <EnumType>wrongNetworkSignature.1</EnumType>
      </failureCause.Enum>
      <extensionContainer.Sequence>
         <privateExtensionList.C0.BoxedType>
            <Collection>
               <PrivateExtension.Sequence>
                  <extId><ObjectIdentifier>0.1.217.46.37.76</ObjectIdentifier></extId>
                  <extType>03a9c846fc12b83fc7</extType>
               </PrivateExtension.Sequence>
               <PrivateExtension.Sequence>
                  <extId><ObjectIdentifier>0.1.248.107.59</ObjectIdentifier></extId>
                  <extType>f6a7e4145585193237</extType>
               </PrivateExtension.Sequence>
               <PrivateExtension.Sequence>
                  <extId><ObjectIdentifier>0.1.23.93.109.19.40.59</ObjectIdentifier></extId>
                  <extType>c52ea986611c98e4</extType>
               </PrivateExtension.Sequence>
            </Collection>
         </privateExtensionList.C0.BoxedType>
         <pcs_Extensions.C1.Sequence>
            
         </pcs_Extensions.C1.Sequence>
      </extensionContainer.Sequence>
      <re_attempt>false:0</re_attempt>
      <accessType.Enum>
         <EnumType>gprsDetach.10</EnumType>
      </accessType.Enum>
      <rand.BoxedType><Bytes>871e8981db95</Bytes></rand.BoxedType>
      <vlr_Number.C0.BoxedType><AddressString.BoxedType><Bytes>ca46573041f4
               <field name="extension" value="no extension:1" type="EnumLong" lengthBit="1"/>
               <field name="nature of address" value="subscriber number:4" type="EnumLong" lengthBit="3"/>
               <field name="numbering plan" value="10" type="EnumLong" lengthBit="4"/>
               <field name="digits" value="647503144" type="Number_BCD" length="9"/>
            </Bytes></AddressString.BoxedType></vlr_Number.C0.BoxedType>
      <sgsn_Number.C1.BoxedType><AddressString.BoxedType><Bytes>9f92916339f4
               <field name="extension" value="no extension:1" type="EnumLong" lengthBit="1"/>
               <field name="nature of address" value="international number:1" type="EnumLong" lengthBit="3"/>
               <field name="numbering plan" value="reserved for extension:15" type="EnumLong" lengthBit="4"/>
               <field name="digits" value="291936934" type="Number_BCD" length="9"/>
            </Bytes></AddressString.BoxedType></sgsn_Number.C1.BoxedType>
   </AuthenticationFailureReportArg.Sequence>
</ASN>