<?xml version="1.0" encoding="ISO-8859-15"?>

<ASN layer="CAP">
   <BCSMEventArray.BoxedType>
      <Collection>
         <BCSMEvent.Sequence>
            <eventTypeBCSM.C0.Enum>
               <EnumType>routeSelectFailure.4</EnumType>
            </eventTypeBCSM.C0.Enum>
            <monitorMode.C1.Enum>
               <EnumType>notifyAndContinue.1</EnumType>
            </monitorMode.C1.Enum>
            <legID.C2.Choice>
               <sendingSideID.C0.BoxedType><Bytes>01
                     <field name="LegType" value="leg1 LegType:1" type="EnumLong" length="1"/>
                  </Bytes></sendingSideID.C0.BoxedType>
               <receivingSideID.C1.BoxedType><Bytes>44
                     <field name="LegType" value="68" type="EnumLong" length="1"/>
                  </Bytes></receivingSideID.C1.BoxedType>
            </legID.C2.Choice>
            <dpSpecificCriteria.C30.Choice>
               <applicationTimer.C1.BoxedType><Integer>0</Integer></applicationTimer.C1.BoxedType>
               <midCallControlInfo.C2.Sequence>
                  <minimumNumberOfDigits.C0d>2</minimumNumberOfDigits.C0d>
                  <maximumNumberOfDigits.C1d>1</maximumNumberOfDigits.C1d>
                  <endOfReplyDigit.C2>24f87455cf966971</endOfReplyDigit.C2>
                  <cancelDigit.C3>41</cancelDigit.C3>
                  <startDigit.C4>04</startDigit.C4>
                  <interDigitTimeout.C6d>0</interDigitTimeout.C6d>
               </midCallControlInfo.C2.Sequence>
               <dpSpecificCriteriaAlt.C3.Sequence>
                  <changeOfPositionControlInfo.C0.BoxedType>
                     <Collection>
                        <ChangeOfLocation.Choice>
                           <cellGlobalId.C0.BoxedType><Bytes>11393181054aee
                                 <field name="MMC" value="119,133" type="NumberMMC" length="3"/>
                                 <field name="LAC" value="33029" type="Integer" length="2"/>
                                 <field name="CI_SAC" value="19182" type="Integer" length="2"/>
                              </Bytes></cellGlobalId.C0.BoxedType>
                           <serviceAreaId.C1.BoxedType><Bytes>714442f6fdb086
                                 <field name="MMC" value="174,244" type="NumberMMC" length="3"/>
                                 <field name="LAC" value="63229" type="Integer" length="2"/>
                                 <field name="CI_SAC" value="45190" type="Integer" length="2"/>
                              </Bytes></serviceAreaId.C1.BoxedType>
                           <locationAreaId.C2.BoxedType><Bytes>2124711e6b
                                 <field name="MMC" value="124,172" type="NumberMMC" length="3"/>
                                 <field name="LAC" value="7787" type="Integer" length="2"/>
                              </Bytes></locationAreaId.C2.BoxedType>
                           <inter_SystemHandOver.C3></inter_SystemHandOver.C3>
                           <inter_PLMNHandOver.C4></inter_PLMNHandOver.C4>
                           <inter_MSCHandOver.C5></inter_MSCHandOver.C5>
                           <changeOfLocationAlt.C6.Sequence>
                              
                           </changeOfLocationAlt.C6.Sequence>
                        </ChangeOfLocation.Choice>
                        <ChangeOfLocation.Choice>
                           <cellGlobalId.C0.BoxedType><Bytes>715442d252c4d0
                                 <field name="MMC" value="174,245" type="NumberMMC" length="3"/>
                                 <field name="LAC" value="53842" type="Integer" length="2"/>
                                 <field name="CI_SAC" value="50384" type="Integer" length="2"/>
                              </Bytes></cellGlobalId.C0.BoxedType>
                           <serviceAreaId.C1.BoxedType><Bytes>712832169fa9c7
                                 <field name="MMC" value="178,232" type="NumberMMC" length="3"/>
                                 <field name="LAC" value="5791" type="Integer" length="2"/>
                                 <field name="CI_SAC" value="43463" type="Integer" length="2"/>
                              </Bytes></serviceAreaId.C1.BoxedType>
                           <locationAreaId.C2.BoxedType><Bytes>919322d530
                                 <field name="MMC" value="193,229" type="NumberMMC" length="3"/>
                                 <field name="LAC" value="54576" type="Integer" length="2"/>
                              </Bytes></locationAreaId.C2.BoxedType>
                           <inter_SystemHandOver.C3></inter_SystemHandOver.C3>
                           <inter_PLMNHandOver.C4></inter_PLMNHandOver.C4>
                           <inter_MSCHandOver.C5></inter_MSCHandOver.C5>
                           <changeOfLocationAlt.C6.Sequence>
                              
                           </changeOfLocationAlt.C6.Sequence>
                        </ChangeOfLocation.Choice>
                        <ChangeOfLocation.Choice>
                           <cellGlobalId.C0.BoxedType><Bytes>61074112304b11
                                 <field name="MMC" value="167,140" type="NumberMMC" length="3"/>
                                 <field name="LAC" value="4656" type="Integer" length="2"/>
                                 <field name="CI_SAC" value="19217" type="Integer" length="2"/>
                              </Bytes></cellGlobalId.C0.BoxedType>
                           <serviceAreaId.C1.BoxedType><Bytes>417002c47803bb
                                 <field name="MMC" value="140,207" type="NumberMMC" length="3"/>
                                 <field name="LAC" value="50296" type="Integer" length="2"/>
                                 <field name="CI_SAC" value="955" type="Integer" length="2"/>
                              </Bytes></serviceAreaId.C1.BoxedType>
                           <locationAreaId.C2.BoxedType><Bytes>41633177f0
                                 <field name="MMC" value="143,136" type="NumberMMC" length="3"/>
                                 <field name="LAC" value="30704" type="Integer" length="2"/>
                              </Bytes></locationAreaId.C2.BoxedType>
                           <inter_SystemHandOver.C3></inter_SystemHandOver.C3>
                           <inter_PLMNHandOver.C4></inter_PLMNHandOver.C4>
                           <inter_MSCHandOver.C5></inter_MSCHandOver.C5>
                           <changeOfLocationAlt.C6.Sequence>
                              
                           </changeOfLocationAlt.C6.Sequence>
                        </ChangeOfLocation.Choice>
                     </Collection>
                  </changeOfPositionControlInfo.C0.BoxedType>
                  <numberOfDigits.C1.BoxedType><Integer>0</Integer></numberOfDigits.C1.BoxedType>
                  <interDigitTimeout.C2>2</interDigitTimeout.C2>
               </dpSpecificCriteriaAlt.C3.Sequence>
            </dpSpecificCriteria.C30.Choice>
            <automaticRearm.C50></automaticRearm.C50>
         </BCSMEvent.Sequence>
         <BCSMEvent.Sequence>
            <eventTypeBCSM.C0.Enum>
               <EnumType>tMidCall.16</EnumType>
            </eventTypeBCSM.C0.Enum>
            <monitorMode.C1.Enum>
               <EnumType>notifyAndContinue.1</EnumType>
            </monitorMode.C1.Enum>
            <legID.C2.Choice>
               <sendingSideID.C0.BoxedType><Bytes>4c
                     <field name="LegType" value="76" type="EnumLong" length="1"/>
                  </Bytes></sendingSideID.C0.BoxedType>
               <receivingSideID.C1.BoxedType><Bytes>01
                     <field name="LegType" value="leg1 LegType:1" type="EnumLong" length="1"/>
                  </Bytes></receivingSideID.C1.BoxedType>
            </legID.C2.Choice>
            <dpSpecificCriteria.C30.Choice>
               <applicationTimer.C1.BoxedType><Integer>0</Integer></applicationTimer.C1.BoxedType>
               <midCallControlInfo.C2.Sequence>
                  <minimumNumberOfDigits.C0d>1</minimumNumberOfDigits.C0d>
                  <maximumNumberOfDigits.C1d>1</maximumNumberOfDigits.C1d>
                  <endOfReplyDigit.C2>6da76cf6</endOfReplyDigit.C2>
                  <cancelDigit.C3>40ecbd6f910dc3d5</cancelDigit.C3>
                  <startDigit.C4>15da15ad7fe1fe5c98</startDigit.C4>
                  <interDigitTimeout.C6d>1</interDigitTimeout.C6d>
               </midCallControlInfo.C2.Sequence>
               <dpSpecificCriteriaAlt.C3.Sequence>
                  <changeOfPositionControlInfo.C0.BoxedType>
                     <Collection>
                        <ChangeOfLocation.Choice>
                           <cellGlobalId.C0.BoxedType><Bytes>715212f71e3621
                                 <field name="MMC" value="172,215" type="NumberMMC" length="3"/>
                                 <field name="LAC" value="63262" type="Integer" length="2"/>
                                 <field name="CI_SAC" value="13857" type="Integer" length="2"/>
                              </Bytes></cellGlobalId.C0.BoxedType>
                           <serviceAreaId.C1.BoxedType><Bytes>42f024b02e173a
                                 <field name="MMC" value="240,42" type="NumberMMC" length="3"/>
                                 <field name="LAC" value="45102" type="Integer" length="2"/>
                                 <field name="CI_SAC" value="5946" type="Integer" length="2"/>
                              </Bytes></serviceAreaId.C1.BoxedType>
                           <locationAreaId.C2.BoxedType><Bytes>322932ca14
                                 <field name="MMC" value="239,232" type="NumberMMC" length="3"/>
                                 <field name="LAC" value="51732" type="Integer" length="2"/>
                              </Bytes></locationAreaId.C2.BoxedType>
                           <inter_SystemHandOver.C3></inter_SystemHandOver.C3>
                           <inter_PLMNHandOver.C4></inter_PLMNHandOver.C4>
                           <inter_MSCHandOver.C5></inter_MSCHandOver.C5>
                           <changeOfLocationAlt.C6.Sequence>
                              
                           </changeOfLocationAlt.C6.Sequence>
                        </ChangeOfLocation.Choice>
                        <ChangeOfLocation.Choice>
                           <cellGlobalId.C0.BoxedType><Bytes>01f286328dec97
                                 <field name="MMC" value="102,68" type="NumberMMC" length="3"/>
                                 <field name="LAC" value="12941" type="Integer" length="2"/>
                                 <field name="CI_SAC" value="60567" type="Integer" length="2"/>
                              </Bytes></cellGlobalId.C0.BoxedType>
                           <serviceAreaId.C1.BoxedType><Bytes>31f635ede40245
                                 <field name="MMC" value="136,53" type="NumberMMC" length="3"/>
                                 <field name="LAC" value="60900" type="Integer" length="2"/>
                                 <field name="CI_SAC" value="581" type="Integer" length="2"/>
                              </Bytes></serviceAreaId.C1.BoxedType>
                           <locationAreaId.C2.BoxedType><Bytes>71f0863a24
                                 <field name="MMC" value="170,68" type="NumberMMC" length="3"/>
                                 <field name="LAC" value="14884" type="Integer" length="2"/>
                              </Bytes></locationAreaId.C2.BoxedType>
                           <inter_SystemHandOver.C3></inter_SystemHandOver.C3>
                           <inter_PLMNHandOver.C4></inter_PLMNHandOver.C4>
                           <inter_MSCHandOver.C5></inter_MSCHandOver.C5>
                           <changeOfLocationAlt.C6.Sequence>
                              
                           </changeOfLocationAlt.C6.Sequence>
                        </ChangeOfLocation.Choice>
                        <ChangeOfLocation.Choice>
                           <cellGlobalId.C0.BoxedType><Bytes>42963248fcefa4
                                 <field name="MMC" value="246,239" type="NumberMMC" length="3"/>
                                 <field name="LAC" value="18684" type="Integer" length="2"/>
                                 <field name="CI_SAC" value="61348" type="Integer" length="2"/>
                              </Bytes></cellGlobalId.C0.BoxedType>
                           <serviceAreaId.C1.BoxedType><Bytes>4282329f3f618e
                                 <field name="MMC" value="242,238" type="NumberMMC" length="3"/>
                                 <field name="LAC" value="40767" type="Integer" length="2"/>
                                 <field name="CI_SAC" value="24974" type="Integer" length="2"/>
                              </Bytes></serviceAreaId.C1.BoxedType>
                           <locationAreaId.C2.BoxedType><Bytes>423891b704
                                 <field name="MMC" value="248,193" type="NumberMMC" length="3"/>
                                 <field name="LAC" value="46852" type="Integer" length="2"/>
                              </Bytes></locationAreaId.C2.BoxedType>
                           <inter_SystemHandOver.C3></inter_SystemHandOver.C3>
                           <inter_PLMNHandOver.C4></inter_PLMNHandOver.C4>
                           <inter_MSCHandOver.C5></inter_MSCHandOver.C5>
                           <changeOfLocationAlt.C6.Sequence>
                              
                           </changeOfLocationAlt.C6.Sequence>
                        </ChangeOfLocation.Choice>
                     </Collection>
                  </changeOfPositionControlInfo.C0.BoxedType>
                  <numberOfDigits.C1.BoxedType><Integer>1</Integer></numberOfDigits.C1.BoxedType>
                  <interDigitTimeout.C2>2</interDigitTimeout.C2>
               </dpSpecificCriteriaAlt.C3.Sequence>
            </dpSpecificCriteria.C30.Choice>
            <automaticRearm.C50></automaticRearm.C50>
         </BCSMEvent.Sequence>
         <BCSMEvent.Sequence>
            <eventTypeBCSM.C0.Enum>
               <EnumType>routeSelectFailure.4</EnumType>
            </eventTypeBCSM.C0.Enum>
            <monitorMode.C1.Enum>
               <EnumType>notifyAndContinue.1</EnumType>
            </monitorMode.C1.Enum>
            <legID.C2.Choice>
               <sendingSideID.C0.BoxedType><Bytes>02
                     <field name="LegType" value="leg2 LegType:2" type="EnumLong" length="1"/>
                  </Bytes></sendingSideID.C0.BoxedType>
               <receivingSideID.C1.BoxedType><Bytes>01
                     <field name="LegType" value="leg1 LegType:1" type="EnumLong" length="1"/>
                  </Bytes></receivingSideID.C1.BoxedType>
            </legID.C2.Choice>
            <dpSpecificCriteria.C30.Choice>
               <applicationTimer.C1.BoxedType><Integer>0</Integer></applicationTimer.C1.BoxedType>
               <midCallControlInfo.C2.Sequence>
                  <minimumNumberOfDigits.C0d>1</minimumNumberOfDigits.C0d>
                  <maximumNumberOfDigits.C1d>2</maximumNumberOfDigits.C1d>
                  <endOfReplyDigit.C2>c3dddb</endOfReplyDigit.C2>
                  <cancelDigit.C3>386e5d5620fb</cancelDigit.C3>
                  <startDigit.C4>29350860650500d5ae8f</startDigit.C4>
                  <interDigitTimeout.C6d>0</interDigitTimeout.C6d>
               </midCallControlInfo.C2.Sequence>
               <dpSpecificCriteriaAlt.C3.Sequence>
                  <changeOfPositionControlInfo.C0.BoxedType>
                     <Collection>
                        <ChangeOfLocation.Choice>
                           <cellGlobalId.C0.BoxedType><Bytes>22f104409f3694
                                 <field name="MMC" value="221,40" type="NumberMMC" length="3"/>
                                 <field name="LAC" value="16543" type="Integer" length="2"/>
                                 <field name="CI_SAC" value="13972" type="Integer" length="2"/>
                              </Bytes></cellGlobalId.C0.BoxedType>
                           <serviceAreaId.C1.BoxedType><Bytes>614722a09b3bc9
                                 <field name="MMC" value="167,224" type="NumberMMC" length="3"/>
                                 <field name="LAC" value="41115" type="Integer" length="2"/>
                                 <field name="CI_SAC" value="15305" type="Integer" length="2"/>
                              </Bytes></serviceAreaId.C1.BoxedType>
                           <locationAreaId.C2.BoxedType><Bytes>427112374a
                                 <field name="MMC" value="241,217" type="NumberMMC" length="3"/>
                                 <field name="LAC" value="14154" type="Integer" length="2"/>
                              </Bytes></locationAreaId.C2.BoxedType>
                           <inter_SystemHandOver.C3></inter_SystemHandOver.C3>
                           <inter_PLMNHandOver.C4></inter_PLMNHandOver.C4>
                           <inter_MSCHandOver.C5></inter_MSCHandOver.C5>
                           <changeOfLocationAlt.C6.Sequence>
                              
                           </changeOfLocationAlt.C6.Sequence>
                        </ChangeOfLocation.Choice>
                        <ChangeOfLocation.Choice>
                           <cellGlobalId.C0.BoxedType><Bytes>120942b80124e7
                                 <field name="MMC" value="219,240" type="NumberMMC" length="3"/>
                                 <field name="LAC" value="47105" type="Integer" length="2"/>
                                 <field name="CI_SAC" value="9447" type="Integer" length="2"/>
                              </Bytes></cellGlobalId.C0.BoxedType>
                           <serviceAreaId.C1.BoxedType><Bytes>71f1760b4efc93
                                 <field name="MMC" value="171,67" type="NumberMMC" length="3"/>
                                 <field name="LAC" value="2894" type="Integer" length="2"/>
                                 <field name="CI_SAC" value="64659" type="Integer" length="2"/>
                              </Bytes></serviceAreaId.C1.BoxedType>
                           <locationAreaId.C2.BoxedType><Bytes>715032a5f6
                                 <field name="MMC" value="170,235" type="NumberMMC" length="3"/>
                                 <field name="LAC" value="42486" type="Integer" length="2"/>
                              </Bytes></locationAreaId.C2.BoxedType>
                           <inter_SystemHandOver.C3></inter_SystemHandOver.C3>
                           <inter_PLMNHandOver.C4></inter_PLMNHandOver.C4>
                           <inter_MSCHandOver.C5></inter_MSCHandOver.C5>
                           <changeOfLocationAlt.C6.Sequence>
                              
                           </changeOfLocationAlt.C6.Sequence>
                        </ChangeOfLocation.Choice>
                        <ChangeOfLocation.Choice>
                           <cellGlobalId.C0.BoxedType><Bytes>31f098c463dc34
                                 <field name="MMC" value="130,89" type="NumberMMC" length="3"/>
                                 <field name="LAC" value="50275" type="Integer" length="2"/>
                                 <field name="CI_SAC" value="56372" type="Integer" length="2"/>
                              </Bytes></cellGlobalId.C0.BoxedType>
                           <serviceAreaId.C1.BoxedType><Bytes>01f588c7cf3e10
                                 <field name="MMC" value="105,88" type="NumberMMC" length="3"/>
                                 <field name="LAC" value="51151" type="Integer" length="2"/>
                                 <field name="CI_SAC" value="15888" type="Integer" length="2"/>
                              </Bytes></serviceAreaId.C1.BoxedType>
                           <locationAreaId.C2.BoxedType><Bytes>4291424f14
                                 <field name="MMC" value="241,249" type="NumberMMC" length="3"/>
                                 <field name="LAC" value="20244" type="Integer" length="2"/>
                              </Bytes></locationAreaId.C2.BoxedType>
                           <inter_SystemHandOver.C3></inter_SystemHandOver.C3>
                           <inter_PLMNHandOver.C4></inter_PLMNHandOver.C4>
                           <inter_MSCHandOver.C5></inter_MSCHandOver.C5>
                           <changeOfLocationAlt.C6.Sequence>
                              
                           </changeOfLocationAlt.C6.Sequence>
                        </ChangeOfLocation.Choice>
                     </Collection>
                  </changeOfPositionControlInfo.C0.BoxedType>
                  <numberOfDigits.C1.BoxedType><Integer>1</Integer></numberOfDigits.C1.BoxedType>
                  <interDigitTimeout.C2>1</interDigitTimeout.C2>
               </dpSpecificCriteriaAlt.C3.Sequence>
            </dpSpecificCriteria.C30.Choice>
            <automaticRearm.C50></automaticRearm.C50>
         </BCSMEvent.Sequence>
      </Collection>
   </BCSMEventArray.BoxedType>
</ASN>