<?xml version="1.0" encoding="ISO-8859-15"?>

<ASN layer="CAP">
   <BCSMEvent.Sequence>
      <eventTypeBCSM.C0.Enum>
         <EnumType>oChangeOfPosition.50</EnumType>
      </eventTypeBCSM.C0.Enum>
      <monitorMode.C1.Enum>
         <EnumType>interrupted.0</EnumType>
      </monitorMode.C1.Enum>
      <legID.C2.Choice>
         <sendingSideID.C0.BoxedType><Bytes>2b
               <field name="LegType" value="43" type="EnumLong" length="1"/>
            </Bytes></sendingSideID.C0.BoxedType>
         <receivingSideID.C1.BoxedType><Bytes>c4
               <field name="LegType" value="196" type="EnumLong" length="1"/>
            </Bytes></receivingSideID.C1.BoxedType>
      </legID.C2.Choice>
      <dpSpecificCriteria.C30.Choice>
         <applicationTimer.C1.BoxedType><Integer>1</Integer></applicationTimer.C1.BoxedType>
         <midCallControlInfo.C2.Sequence>
            <minimumNumberOfDigits.C0d>1</minimumNumberOfDigits.C0d>
            <maximumNumberOfDigits.C1d>2</maximumNumberOfDigits.C1d>
            <endOfReplyDigit.C2>13795c1f95</endOfReplyDigit.C2>
            <cancelDigit.C3>2f7bf44333be77</cancelDigit.C3>
            <startDigit.C4>f06dc16207a0fd</startDigit.C4>
            <interDigitTimeout.C6d>1</interDigitTimeout.C6d>
         </midCallControlInfo.C2.Sequence>
         <dpSpecificCriteriaAlt.C3.Sequence>
            <changeOfPositionControlInfo.C0.BoxedType>
               <Collection>
                  <ChangeOfLocation.Choice>
                     <cellGlobalId.C0.BoxedType><Bytes>6146424ef07e84
                           <field name="MMC" value="166,244" type="NumberMMC" length="3"/>
                           <field name="LAC" value="20208" type="Integer" length="2"/>
                           <field name="CI_SAC" value="32388" type="Integer" length="2"/>
                        </Bytes></cellGlobalId.C0.BoxedType>
                     <serviceAreaId.C1.BoxedType><Bytes>02f72934a4a262
                           <field name="MMC" value="207,92" type="NumberMMC" length="3"/>
                           <field name="LAC" value="13476" type="Integer" length="2"/>
                           <field name="CI_SAC" value="41570" type="Integer" length="2"/>
                        </Bytes></serviceAreaId.C1.BoxedType>
                     <locationAreaId.C2.BoxedType><Bytes>91f576adba
                           <field name="MMC" value="195,67" type="NumberMMC" length="3"/>
                           <field name="LAC" value="44474" type="Integer" length="2"/>
                        </Bytes></locationAreaId.C2.BoxedType>
                     <inter_SystemHandOver.C3></inter_SystemHandOver.C3>
                     <inter_PLMNHandOver.C4></inter_PLMNHandOver.C4>
                     <inter_MSCHandOver.C5></inter_MSCHandOver.C5>
                     <changeOfLocationAlt.C6.Sequence>
                        
                     </changeOfLocationAlt.C6.Sequence>
                  </ChangeOfLocation.Choice>
                  <ChangeOfLocation.Choice>
                     <cellGlobalId.C0.BoxedType><Bytes>423842d94274a1
                           <field name="MMC" value="248,243" type="NumberMMC" length="3"/>
                           <field name="LAC" value="55618" type="Integer" length="2"/>
                           <field name="CI_SAC" value="29857" type="Integer" length="2"/>
                        </Bytes></cellGlobalId.C0.BoxedType>
                     <serviceAreaId.C1.BoxedType><Bytes>610002522025fc
                           <field name="MMC" value="160,200" type="NumberMMC" length="3"/>
                           <field name="LAC" value="21024" type="Integer" length="2"/>
                           <field name="CI_SAC" value="9724" type="Integer" length="2"/>
                        </Bytes></serviceAreaId.C1.BoxedType>
                     <locationAreaId.C2.BoxedType><Bytes>2255016cf8
                           <field name="MMC" value="225,105" type="NumberMMC" length="3"/>
                           <field name="LAC" value="27896" type="Integer" length="2"/>
                        </Bytes></locationAreaId.C2.BoxedType>
                     <inter_SystemHandOver.C3></inter_SystemHandOver.C3>
                     <inter_PLMNHandOver.C4></inter_PLMNHandOver.C4>
                     <inter_MSCHandOver.C5></inter_MSCHandOver.C5>
                     <changeOfLocationAlt.C6.Sequence>
                        
                     </changeOfLocationAlt.C6.Sequence>
                  </ChangeOfLocation.Choice>
                  <ChangeOfLocation.Choice>
                     <cellGlobalId.C0.BoxedType><Bytes>7125517c49b0c6
                           <field name="MMC" value="175,152" type="NumberMMC" length="3"/>
                           <field name="LAC" value="31817" type="Integer" length="2"/>
                           <field name="CI_SAC" value="45254" type="Integer" length="2"/>
                        </Bytes></cellGlobalId.C0.BoxedType>
                     <serviceAreaId.C1.BoxedType><Bytes>11f7750e07c301
                           <field name="MMC" value="117,57" type="NumberMMC" length="3"/>
                           <field name="LAC" value="3591" type="Integer" length="2"/>
                           <field name="CI_SAC" value="49921" type="Integer" length="2"/>
                        </Bytes></serviceAreaId.C1.BoxedType>
                     <locationAreaId.C2.BoxedType><Bytes>01541208eb
                           <field name="MMC" value="104,215" type="NumberMMC" length="3"/>
                           <field name="LAC" value="2283" type="Integer" length="2"/>
                        </Bytes></locationAreaId.C2.BoxedType>
                     <inter_SystemHandOver.C3></inter_SystemHandOver.C3>
                     <inter_PLMNHandOver.C4></inter_PLMNHandOver.C4>
                     <inter_MSCHandOver.C5></inter_MSCHandOver.C5>
                     <changeOfLocationAlt.C6.Sequence>
                        
                     </changeOfLocationAlt.C6.Sequence>
                  </ChangeOfLocation.Choice>
               </Collection>
            </changeOfPositionControlInfo.C0.BoxedType>
            <numberOfDigits.C1.BoxedType><Integer>1</Integer></numberOfDigits.C1.BoxedType>
            <interDigitTimeout.C2>1</interDigitTimeout.C2>
         </dpSpecificCriteriaAlt.C3.Sequence>
      </dpSpecificCriteria.C30.Choice>
      <automaticRearm.C50></automaticRearm.C50>
   </BCSMEvent.Sequence>
</ASN>