<?xml version="1.0" encoding="ISO-8859-15"?>

<ASN layer="CAP">
   <BearerServNotProvParam.Sequence><extensionContainer.Sequence>
         <privateExtensionList.C0.BoxedType>
            <Collection>
               <PrivateExtension.Sequence>
                  <extId><ObjectIdentifier>0.1.253.101.55.41.83.113.41.42.85</ObjectIdentifier></extId>
                  <extType>47acb655d46d893b</extType>
               </PrivateExtension.Sequence>
               <PrivateExtension.Sequence>
                  <extId><ObjectIdentifier>0.1.246.23.23.116.40.71</ObjectIdentifier></extId>
                  <extType>beff1335e1</extType>
               </PrivateExtension.Sequence>
               <PrivateExtension.Sequence>
                  <extId><ObjectIdentifier>0.1.2113</ObjectIdentifier></extId>
                  <extType>8381</extType>
               </PrivateExtension.Sequence>
            </Collection>
         </privateExtensionList.C0.BoxedType>
         <pcs_Extensions.C1.Sequence>
            
         </pcs_Extensions.C1.Sequence>
      </extensionContainer.Sequence></BearerServNotProvParam.Sequence>
</ASN>