<?xml version="1.0" encoding="ISO-8859-15"?>

<ASN layer="CAP">
   <CallGapArg.Sequence>
      <gapCriteria.C0.Choice>
         <compoundGapCriteria.Sequence>
            <basicGapCriteria.C0.Choice>
               <gapOnService.C2.Sequence><serviceKey.C0.BoxedType><Integer>1</Integer></serviceKey.C0.BoxedType></gapOnService.C2.Sequence>
            </basicGapCriteria.C0.Choice>
            <scfID.C1.BoxedType><Bytes>53363cbc51</Bytes></scfID.C1.BoxedType>
         </compoundGapCriteria.Sequence>
      </gapCriteria.C0.Choice>
      <gapIndicators.C1.Sequence>
         <duration.C0.BoxedType><Integer>2</Integer></duration.C0.BoxedType>
         <gapInterval.C1.BoxedType><Integer>1</Integer></gapInterval.C1.BoxedType>
      </gapIndicators.C1.Sequence>
      <controlType.C2.Enum>
         <EnumType>manuallyInitiated.1</EnumType>
      </controlType.C2.Enum>
      <gapTreatment.C3.Choice>
         <releaseCause.C1.BoxedType><Bytes>e15d67
               <field name="ext1" value="last octet:1" type="EnumLong" lengthBit="1"/>
               <field name="Coding standard" value="Standard specific to identified location (see Note):3" type="EnumLong" lengthBit="2"/>
               <field name="Spare" value="0" type="Integer" lengthBit="1"/>
               <field name="Location" value="private network serving the local user (LPN):1" type="EnumLong" lengthBit="4"/>
               <field name="ext3" value="continue:0" type="EnumLong" lengthBit="1"/>
               <field name="Cause value" value="93" type="EnumLong" lengthBit="7"/>
               <field name="Diagnostics" value="67" type="Binary" length="1"/>
            </Bytes></releaseCause.C1.BoxedType>
      </gapTreatment.C3.Choice>
      <extensions.C4.BoxedType>
         <Collection>
            <ExtensionField.Sequence>
               <type.Choice>
                  <global><ObjectIdentifier>0.1.299.58.63.69.62.41.23.81.45</ObjectIdentifier></global>
               </type.Choice>
               <criticality.nulld.Enum>
                  <EnumType>ignore.0</EnumType>
               </criticality.nulld.Enum>
               <NullObject.C1></NullObject.C1>
            </ExtensionField.Sequence>
            <ExtensionField.Sequence>
               <type.Choice>
                  <global><ObjectIdentifier>0.1.286.41</ObjectIdentifier></global>
               </type.Choice>
               <criticality.nulld.Enum>
                  <EnumType>abort.1</EnumType>
               </criticality.nulld.Enum>
               <NullObject.C1></NullObject.C1>
            </ExtensionField.Sequence>
            <ExtensionField.Sequence>
               <type.Choice>
                  <global><ObjectIdentifier>0.1.2118.114.19.29.117.77.40.95.84</ObjectIdentifier></global>
               </type.Choice>
               <criticality.nulld.Enum>
                  <EnumType>abort.1</EnumType>
               </criticality.nulld.Enum>
               <NullObject.C1></NullObject.C1>
            </ExtensionField.Sequence>
         </Collection>
      </extensions.C4.BoxedType>
   </CallGapArg.Sequence>
</ASN>