<?xml version="1.0" encoding="ISO-8859-15"?>

<ASN layer="CAP">
   <CallDeflectionArg.Sequence>
      <deflectedToNumber.C0.BoxedType><Bytes>4c01770799f5
            <field name="extension" value="extension:0" type="EnumLong" lengthBit="1"/>
            <field name="nature of address" value="subscriber number:4" type="EnumLong" lengthBit="3"/>
            <field name="numbering plan" value="12" type="EnumLong" lengthBit="4"/>
            <field name="digits" value="107770995" type="Number_BCD" length="9"/>
         </Bytes></deflectedToNumber.C0.BoxedType>
      <deflectedToSubaddress.C1.BoxedType><Bytes>80e3</Bytes></deflectedToSubaddress.C1.BoxedType>
   </CallDeflectionArg.Sequence>
</ASN>