<?xml version="1.0" encoding="ISO-8859-15"?>

<ASN layer="CAP">
   <CallInformationRequestArg.Sequence>
      <requestedInformationTypeList.C0.BoxedType>
         <Collection>
            <RequestedInformationType.Enum>
               <EnumType>callConnectedElapsedTime.2</EnumType>
            </RequestedInformationType.Enum>
            <RequestedInformationType.Enum>
               <EnumType>releaseCause.30</EnumType>
            </RequestedInformationType.Enum>
            <RequestedInformationType.Enum>
               <EnumType>callConnectedElapsedTime.2</EnumType>
            </RequestedInformationType.Enum>
         </Collection>
      </requestedInformationTypeList.C0.BoxedType>
      <extensions.C2.BoxedType>
         <Collection>
            <ExtensionField.Sequence>
               <type.Choice>
                  <local>2478060953</local>
                  <global><ObjectIdentifier>0.1.2105.71.25.106</ObjectIdentifier></global>
               </type.Choice>
               <criticality.nulld.Enum>
                  <EnumType>ignore.0</EnumType>
               </criticality.nulld.Enum>
               <NullObject.C1></NullObject.C1>
            </ExtensionField.Sequence>
            <ExtensionField.Sequence>
               <type.Choice>
                  <local>3504192554</local>
                  <global><ObjectIdentifier>0.1.289.67.23</ObjectIdentifier></global>
               </type.Choice>
               <criticality.nulld.Enum>
                  <EnumType>abort.1</EnumType>
               </criticality.nulld.Enum>
               <NullObject.C1></NullObject.C1>
            </ExtensionField.Sequence>
            <ExtensionField.Sequence>
               <type.Choice>
                  <local>1240356899</local>
                  <global><ObjectIdentifier>0.1.23.123.72.40</ObjectIdentifier></global>
               </type.Choice>
               <criticality.nulld.Enum>
                  <EnumType>ignore.0</EnumType>
               </criticality.nulld.Enum>
               <NullObject.C1></NullObject.C1>
            </ExtensionField.Sequence>
         </Collection>
      </extensions.C2.BoxedType>
      <legID.C3d.Choice><sendingSideID.C0.BoxedType><Bytes>34
               <field name="LegType" value="52" type="EnumLong" length="1"/>
            </Bytes></sendingSideID.C0.BoxedType></legID.C3d.Choice>
   </CallInformationRequestArg.Sequence>
</ASN>