<?xml version="1.0" encoding="ISO-8859-15"?>

<ASN layer="CAP">
   <CallGapArg.Sequence>
      <gapCriteria.C0.Choice>
         <basicGapCriteria.Choice>
            <calledAddressValue.C0.BoxedType><Bytes>3202b5</Bytes></calledAddressValue.C0.BoxedType>
            <gapOnService.C2.Sequence><serviceKey.C0.BoxedType><Integer>0</Integer></serviceKey.C0.BoxedType></gapOnService.C2.Sequence>
            <calledAddressAndService.C29.Sequence>
               <calledAddressValue.C0.BoxedType><Bytes>8c7e</Bytes></calledAddressValue.C0.BoxedType>
               <serviceKey.C1.BoxedType><Integer>1</Integer></serviceKey.C1.BoxedType>
            </calledAddressAndService.C29.Sequence>
            <callingAddressAndService.C30.Sequence>
               <callingAddressValue.C0.BoxedType><Bytes>6d9983125c22</Bytes></callingAddressValue.C0.BoxedType>
               <serviceKey.C1.BoxedType><Integer>1</Integer></serviceKey.C1.BoxedType>
            </callingAddressAndService.C30.Sequence>
         </basicGapCriteria.Choice>
         <compoundGapCriteria.Sequence>
            <basicGapCriteria.C0.Choice>
               <calledAddressValue.C0.BoxedType><Bytes>a49166961b</Bytes></calledAddressValue.C0.BoxedType>
               <gapOnService.C2.Sequence><serviceKey.C0.BoxedType><Integer>1</Integer></serviceKey.C0.BoxedType></gapOnService.C2.Sequence>
               <calledAddressAndService.C29.Sequence>
                  <calledAddressValue.C0.BoxedType><Bytes>92ca</Bytes></calledAddressValue.C0.BoxedType>
                  <serviceKey.C1.BoxedType><Integer>2</Integer></serviceKey.C1.BoxedType>
               </calledAddressAndService.C29.Sequence>
               <callingAddressAndService.C30.Sequence>
                  <callingAddressValue.C0.BoxedType><Bytes>b32df4</Bytes></callingAddressValue.C0.BoxedType>
                  <serviceKey.C1.BoxedType><Integer>0</Integer></serviceKey.C1.BoxedType>
               </callingAddressAndService.C30.Sequence>
            </basicGapCriteria.C0.Choice>
            <scfID.C1.BoxedType><Bytes>f37d</Bytes></scfID.C1.BoxedType>
         </compoundGapCriteria.Sequence>
      </gapCriteria.C0.Choice>
      <gapIndicators.C1.Sequence>
         <duration.C0.BoxedType><Integer>0</Integer></duration.C0.BoxedType>
         <gapInterval.C1.BoxedType><Integer>1</Integer></gapInterval.C1.BoxedType>
      </gapIndicators.C1.Sequence>
      <controlType.C2.Enum>
         <EnumType>sCPOverloaded.0</EnumType>
      </controlType.C2.Enum>
      <gapTreatment.C3.Choice>
         <informationToSend.C0.Choice>
            <inbandInfo.C0.Sequence>
               <messageID.C0.Choice>
                  <elementaryMessageID.C0.BoxedType><Integer>0</Integer></elementaryMessageID.C0.BoxedType>
                  <text.C1.Sequence>
                     <messageContent.C0>OczFbYxO</messageContent.C0>
                     <attributes.C1>3bb7a7</attributes.C1>
                  </text.C1.Sequence>
                  <Collection>
                     <elementaryMessageIDs.C29.BoxedType><Integer>1</Integer></elementaryMessageIDs.C29.BoxedType>
                     <elementaryMessageIDs.C29.BoxedType><Integer>0</Integer></elementaryMessageIDs.C29.BoxedType>
                     <elementaryMessageIDs.C29.BoxedType><Integer>1</Integer></elementaryMessageIDs.C29.BoxedType>
                  </Collection>
               
                  <variableMessage.C30.Sequence>
                     <elementaryMessageID.C0.BoxedType><Integer>0</Integer></elementaryMessageID.C0.BoxedType>
                     <Collection>
                        <variableParts.C1.Choice>
                           <integer.C0.BoxedType><Integer>0</Integer></integer.C0.BoxedType>
                           <number.C1.BoxedType><Bytes>cd1f02257e35bc</Bytes></number.C1.BoxedType>
                           <time.C2>4995652d8a0fdc0c7a</time.C2>
                           <date.C3>0db5dfe5a45a201d7586</date.C3>
                           <price.C4>c1c3a5ebcc</price.C4>
                        </variableParts.C1.Choice>
                        <variableParts.C1.Choice>
                           <integer.C0.BoxedType><Integer>1</Integer></integer.C0.BoxedType>
                           <number.C1.BoxedType><Bytes>8164</Bytes></number.C1.BoxedType>
                           <time.C2>e6281146ef</time.C2>
                           <date.C3>07295a7579b7</date.C3>
                           <price.C4>da96136d16a5806fa8</price.C4>
                        </variableParts.C1.Choice>
                        <variableParts.C1.Choice>
                           <integer.C0.BoxedType><Integer>2</Integer></integer.C0.BoxedType>
                           <number.C1.BoxedType><Bytes>0335b9</Bytes></number.C1.BoxedType>
                           <time.C2>09ebc973563751</time.C2>
                           <date.C3>c3a1</date.C3>
                           <price.C4>2abdc2bc05</price.C4>
                        </variableParts.C1.Choice>
                     </Collection>
                  
                  </variableMessage.C30.Sequence>
               </messageID.C0.Choice>
               <numberOfRepetitions.C1>2</numberOfRepetitions.C1>
               <duration.C2>1</duration.C2>
               <interval.C3>0</interval.C3>
            </inbandInfo.C0.Sequence>
            <tone.C1.Sequence>
               <toneID.C0.BoxedType><Integer>0</Integer></toneID.C0.BoxedType>
               <duration.C1.BoxedType><Integer>1</Integer></duration.C1.BoxedType>
            </tone.C1.Sequence>
         </informationToSend.C0.Choice>
         <releaseCause.C1.BoxedType><Bytes>ce3704
               <field name="ext1" value="last octet:1" type="EnumLong" lengthBit="1"/>
               <field name="Coding standard" value="National standard (see Note):2" type="EnumLong" lengthBit="2"/>
               <field name="Spare" value="0" type="Integer" lengthBit="1"/>
               <field name="Location" value="reserved for national use:14" type="EnumLong" lengthBit="4"/>
               <field name="ext3" value="continue:0" type="EnumLong" lengthBit="1"/>
               <field name="Cause value" value="Class 011 service or option not available : Incoming calls barred within CUG:55" type="EnumLong" lengthBit="7"/>
               <field name="Diagnostics" value="04" type="Binary" length="1"/>
            </Bytes></releaseCause.C1.BoxedType>
      </gapTreatment.C3.Choice>
      <extensions.C4.BoxedType>
         <Collection>
            <ExtensionField.Sequence>
               <type.Choice>
                  <local>3045387833</local>
                  <global><ObjectIdentifier>0.1.252.51.35.105.120.75</ObjectIdentifier></global>
               </type.Choice>
               <criticality.nulld.Enum>
                  <EnumType>abort.1</EnumType>
               </criticality.nulld.Enum>
               <NullObject.C1></NullObject.C1>
            </ExtensionField.Sequence>
            <ExtensionField.Sequence>
               <type.Choice>
                  <local>2598400699</local>
                  <global><ObjectIdentifier>0.1.244.77</ObjectIdentifier></global>
               </type.Choice>
               <criticality.nulld.Enum>
                  <EnumType>ignore.0</EnumType>
               </criticality.nulld.Enum>
               <NullObject.C1></NullObject.C1>
            </ExtensionField.Sequence>
            <ExtensionField.Sequence>
               <type.Choice>
                  <local>3932208902</local>
                  <global><ObjectIdentifier>0.1.26</ObjectIdentifier></global>
               </type.Choice>
               <criticality.nulld.Enum>
                  <EnumType>abort.1</EnumType>
               </criticality.nulld.Enum>
               <NullObject.C1></NullObject.C1>
            </ExtensionField.Sequence>
         </Collection>
      </extensions.C4.BoxedType>
   </CallGapArg.Sequence>
</ASN>