<?xml version="1.0" encoding="ISO-8859-15"?>

<ASN layer="CAP">
   <CallGapArg.Sequence>
      <gapCriteria.C0.Choice>
         <compoundGapCriteria.Sequence>
            <basicGapCriteria.C0.Choice>
               <callingAddressAndService.C30.Sequence>
                  <callingAddressValue.C0.BoxedType><Bytes>0b3373c60a</Bytes></callingAddressValue.C0.BoxedType>
                  <serviceKey.C1.BoxedType><Integer>2</Integer></serviceKey.C1.BoxedType>
               </callingAddressAndService.C30.Sequence>
            </basicGapCriteria.C0.Choice>
            <scfID.C1.BoxedType><Bytes>fe05c13369</Bytes></scfID.C1.BoxedType>
         </compoundGapCriteria.Sequence>
      </gapCriteria.C0.Choice>
      <gapIndicators.C1.Sequence>
         <duration.C0.BoxedType><Integer>1</Integer></duration.C0.BoxedType>
         <gapInterval.C1.BoxedType><Integer>1</Integer></gapInterval.C1.BoxedType>
      </gapIndicators.C1.Sequence>
      <controlType.C2.Enum>
         <EnumType>manuallyInitiated.1</EnumType>
      </controlType.C2.Enum>
      <gapTreatment.C3.Choice>
         <releaseCause.C1.BoxedType><Bytes>f41ed4
               <field name="ext1" value="last octet:1" type="EnumLong" lengthBit="1"/>
               <field name="Coding standard" value="Standard specific to identified location (see Note):3" type="EnumLong" lengthBit="2"/>
               <field name="Spare" value="1" type="Integer" lengthBit="1"/>
               <field name="Location" value="public network serving the remote user (RLN):4" type="EnumLong" lengthBit="4"/>
               <field name="ext3" value="continue:0" type="EnumLong" lengthBit="1"/>
               <field name="Cause value" value="Class 001 normal event : Response to STATUS ENQUIRY:30" type="EnumLong" lengthBit="7"/>
               <field name="Diagnostics" value="d4" type="Binary" length="1"/>
            </Bytes></releaseCause.C1.BoxedType>
      </gapTreatment.C3.Choice>
      <extensions.C4.BoxedType>
         <Collection>
            <ExtensionField.Sequence>
               <type.Choice>
                  <global><ObjectIdentifier>0.1.294.20.44.25.94.46.64.17</ObjectIdentifier></global>
               </type.Choice>
               <criticality.nulld.Enum>
                  <EnumType>ignore.0</EnumType>
               </criticality.nulld.Enum>
               <NullObject.C1></NullObject.C1>
            </ExtensionField.Sequence>
            <ExtensionField.Sequence>
               <type.Choice>
                  <global><ObjectIdentifier>0.1.2124.52.121.91.109.104.30.28.43</ObjectIdentifier></global>
               </type.Choice>
               <criticality.nulld.Enum>
                  <EnumType>ignore.0</EnumType>
               </criticality.nulld.Enum>
               <NullObject.C1></NullObject.C1>
            </ExtensionField.Sequence>
            <ExtensionField.Sequence>
               <type.Choice>
                  <global><ObjectIdentifier>0.1.2103.84.106.5.29.84.108</ObjectIdentifier></global>
               </type.Choice>
               <criticality.nulld.Enum>
                  <EnumType>ignore.0</EnumType>
               </criticality.nulld.Enum>
               <NullObject.C1></NullObject.C1>
            </ExtensionField.Sequence>
         </Collection>
      </extensions.C4.BoxedType>
   </CallGapArg.Sequence>
</ASN>