<?xml version="1.0" encoding="ISO-8859-15"?>

<ASN layer="CAP">
   <CallBarredParam.Choice>
      <callBarringCause.Enum>
         <EnumType>barringServiceActive.0</EnumType>
      </callBarringCause.Enum>
      <extensibleCallBarredParam.Sequence>
         <callBarringCause.Enum>
            <EnumType>barringServiceActive.0</EnumType>
         </callBarringCause.Enum>
         <extensionContainer.Sequence>
            <privateExtensionList.C0.BoxedType>
               <Collection>
                  <PrivateExtension.Sequence>
                     <extId><ObjectIdentifier>0.1.212.55.46.25.19.103.118.8</ObjectIdentifier></extId>
                     <extType>b0</extType>
                  </PrivateExtension.Sequence>
                  <PrivateExtension.Sequence>
                     <extId><ObjectIdentifier>0.1.277.5.57.67.4.99.115.14.80.62</ObjectIdentifier></extId>
                     <extType>ca9f14f7c981</extType>
                  </PrivateExtension.Sequence>
                  <PrivateExtension.Sequence>
                     <extId><ObjectIdentifier>0.1.2102.107</ObjectIdentifier></extId>
                     <extType>f6f4d234a1d62a2606</extType>
                  </PrivateExtension.Sequence>
               </Collection>
            </privateExtensionList.C0.BoxedType>
            <pcs_Extensions.C1.Sequence>
               
            </pcs_Extensions.C1.Sequence>
         </extensionContainer.Sequence>
         <unauthorisedMessageOriginator.C1></unauthorisedMessageOriginator.C1>
         <anonymousCallRejection.C2></anonymousCallRejection.C2>
      </extensibleCallBarredParam.Sequence>
   </CallBarredParam.Choice>
</ASN>