<?xml version="1.0" encoding="ISO-8859-15"?>

<ASN layer="CAP">
   <CallInformationReportArg.Sequence>
      <requestedInformationList.C0.BoxedType>
         <Collection>
            <RequestedInformation.Sequence>
               <requestedInformationType.C0.Enum>
                  <EnumType>callConnectedElapsedTime.2</EnumType>
               </requestedInformationType.C0.Enum>
               <requestedInformationValue.C1.Choice>
                  <callAttemptElapsedTimeValue.C0>2</callAttemptElapsedTimeValue.C0>
                  <callStopTimeValue.C1.BoxedType><Bytes>01182d87f81081a135ab</Bytes></callStopTimeValue.C1.BoxedType>
                  <callConnectedElapsedTimeValue.C2.BoxedType><Integer>2</Integer></callConnectedElapsedTimeValue.C2.BoxedType>
                  <releaseCauseValue.C30.BoxedType><Bytes>975958
                        <field name="ext1" value="last octet:1" type="EnumLong" lengthBit="1"/>
                        <field name="Coding standard" value="ITU-T standardized coding, as described below:0" type="EnumLong" lengthBit="2"/>
                        <field name="Spare" value="1" type="Integer" lengthBit="1"/>
                        <field name="Location" value="international network (INTL):7" type="EnumLong" lengthBit="4"/>
                        <field name="ext3" value="continue:0" type="EnumLong" lengthBit="1"/>
                        <field name="Cause value" value="89" type="EnumLong" lengthBit="7"/>
                        <field name="Diagnostics" value="58" type="Binary" length="1"/>
                     </Bytes></releaseCauseValue.C30.BoxedType>
               </requestedInformationValue.C1.Choice>
            </RequestedInformation.Sequence>
            <RequestedInformation.Sequence>
               <requestedInformationType.C0.Enum>
                  <EnumType>callStopTime.1</EnumType>
               </requestedInformationType.C0.Enum>
               <requestedInformationValue.C1.Choice>
                  <callAttemptElapsedTimeValue.C0>1</callAttemptElapsedTimeValue.C0>
                  <callStopTimeValue.C1.BoxedType><Bytes>a8</Bytes></callStopTimeValue.C1.BoxedType>
                  <callConnectedElapsedTimeValue.C2.BoxedType><Integer>0</Integer></callConnectedElapsedTimeValue.C2.BoxedType>
                  <releaseCauseValue.C30.BoxedType><Bytes>dcc834
                        <field name="ext1" value="last octet:1" type="EnumLong" lengthBit="1"/>
                        <field name="Coding standard" value="National standard (see Note):2" type="EnumLong" lengthBit="2"/>
                        <field name="Spare" value="1" type="Integer" lengthBit="1"/>
                        <field name="Location" value="reserved for national use:12" type="EnumLong" lengthBit="4"/>
                        <field name="ext3" value="last octet:1" type="EnumLong" lengthBit="1"/>
                        <field name="Cause value" value="72" type="EnumLong" lengthBit="7"/>
                        <field name="Diagnostics" value="34" type="Binary" length="1"/>
                     </Bytes></releaseCauseValue.C30.BoxedType>
               </requestedInformationValue.C1.Choice>
            </RequestedInformation.Sequence>
            <RequestedInformation.Sequence>
               <requestedInformationType.C0.Enum>
                  <EnumType>callStopTime.1</EnumType>
               </requestedInformationType.C0.Enum>
               <requestedInformationValue.C1.Choice>
                  <callAttemptElapsedTimeValue.C0>1</callAttemptElapsedTimeValue.C0>
                  <callStopTimeValue.C1.BoxedType><Bytes>d92db6d68d51a7acb685</Bytes></callStopTimeValue.C1.BoxedType>
                  <callConnectedElapsedTimeValue.C2.BoxedType><Integer>2</Integer></callConnectedElapsedTimeValue.C2.BoxedType>
                  <releaseCauseValue.C30.BoxedType><Bytes>265af9
                        <field name="ext1" value="continue:0" type="EnumLong" lengthBit="1"/>
                        <field name="Coding standard" value="ISO/IEC Standard (see Note):1" type="EnumLong" lengthBit="2"/>
                        <field name="Spare" value="0" type="Integer" lengthBit="1"/>
                        <field name="Location" value="spare:6" type="EnumLong" lengthBit="4"/>
                        <field name="ext3" value="continue:0" type="EnumLong" lengthBit="1"/>
                        <field name="Cause value" value="Class 101 invalid message : Non-existent CUG:90" type="EnumLong" lengthBit="7"/>
                        <field name="Diagnostics" value="f9" type="Binary" length="1"/>
                     </Bytes></releaseCauseValue.C30.BoxedType>
               </requestedInformationValue.C1.Choice>
            </RequestedInformation.Sequence>
         </Collection>
      </requestedInformationList.C0.BoxedType>
      <extensions.C2.BoxedType>
         <Collection>
            <ExtensionField.Sequence>
               <type.Choice>
                  <local>1625427930</local>
                  <global><ObjectIdentifier>0.1.28.87</ObjectIdentifier></global>
               </type.Choice>
               <criticality.nulld.Enum>
                  <EnumType>ignore.0</EnumType>
               </criticality.nulld.Enum>
               <NullObject.C1></NullObject.C1>
            </ExtensionField.Sequence>
            <ExtensionField.Sequence>
               <type.Choice>
                  <local>784569292</local>
                  <global><ObjectIdentifier>0.1.2109.30.42.68.124.71.127.89.51.26</ObjectIdentifier></global>
               </type.Choice>
               <criticality.nulld.Enum>
                  <EnumType>ignore.0</EnumType>
               </criticality.nulld.Enum>
               <NullObject.C1></NullObject.C1>
            </ExtensionField.Sequence>
            <ExtensionField.Sequence>
               <type.Choice>
                  <local>3433703628</local>
                  <global><ObjectIdentifier>0.1.23.44.23.92.46.75.90.12</ObjectIdentifier></global>
               </type.Choice>
               <criticality.nulld.Enum>
                  <EnumType>ignore.0</EnumType>
               </criticality.nulld.Enum>
               <NullObject.C1></NullObject.C1>
            </ExtensionField.Sequence>
         </Collection>
      </extensions.C2.BoxedType>
      <legID.C3d.Choice><receivingSideID.C1.BoxedType><Bytes>67
               <field name="LegType" value="103" type="EnumLong" length="1"/>
            </Bytes></receivingSideID.C1.BoxedType></legID.C3d.Choice>
   </CallInformationReportArg.Sequence>
</ASN>