<?xml version="1.0" encoding="ISO-8859-15"?>

<ASN layer="CAP">
   <CAMEL_FCIBillingChargingCharacteristics.Choice><fCIBCCCAMELsequence1.C0.Sequence>
         <freeFormatData.C0>a6df</freeFormatData.C0>
         <partyToCharge.C1d.Choice><sendingSideID.C0.BoxedType><Bytes>01
                  <field name="LegType" value="leg1 LegType:1" type="EnumLong" length="1"/>
               </Bytes></sendingSideID.C0.BoxedType></partyToCharge.C1d.Choice>
         <appendFreeFormatData.C2d.Enum>
            <EnumType>append.1</EnumType>
         </appendFreeFormatData.C2d.Enum>
      </fCIBCCCAMELsequence1.C0.Sequence></CAMEL_FCIBillingChargingCharacteristics.Choice>
</ASN>