<?xml version="1.0" encoding="ISO-8859-15"?>

<ASN layer="CAP">
   <CAMEL_FCIGPRSBillingChargingCharacteristics.Sequence><fCIBCCCAMELsequence1.C0.Sequence>
         <freeFormatData.C0>f5c4f30cd3</freeFormatData.C0>
         <pDPId.C1.BoxedType><Bytes>30180dc6</Bytes></pDPId.C1.BoxedType>
         <appendFreeFormatData.C2d.Enum>
            <EnumType>overwrite.0</EnumType>
         </appendFreeFormatData.C2d.Enum>
      </fCIBCCCAMELsequence1.C0.Sequence></CAMEL_FCIGPRSBillingChargingCharacteristics.Sequence>
</ASN>