<?xml version="1.0" encoding="ISO-8859-15"?>

<ASN layer="CAP">
   <CAMEL_CallResult.Choice><timeDurationChargingResult.C0.Sequence>
         <partyToCharge.C0.Choice><receivingSideID.C1.BoxedType><Bytes>da
                  <field name="LegType" value="218" type="EnumLong" length="1"/>
               </Bytes></receivingSideID.C1.BoxedType></partyToCharge.C0.Choice>
         <timeInformation.C1.Choice>
            <timeIfNoTariffSwitch.C0.BoxedType><Integer>0</Integer></timeIfNoTariffSwitch.C0.BoxedType>
            <timeIfTariffSwitch.C1.Sequence>
               <timeSinceTariffSwitch.C0>0</timeSinceTariffSwitch.C0>
               <tariffSwitchInterval.C1>1</tariffSwitchInterval.C1>
            </timeIfTariffSwitch.C1.Sequence>
         </timeInformation.C1.Choice>
         <legActive.C2d>false:0</legActive.C2d>
         <callLegReleasedAtTcpExpiry.C3></callLegReleasedAtTcpExpiry.C3>
         <extensions.C4.BoxedType>
            <Collection>
               <ExtensionField.Sequence>
                  <type.Choice>
                     <local>1357539217</local>
                     <global><ObjectIdentifier>0.1.222</ObjectIdentifier></global>
                  </type.Choice>
                  <criticality.nulld.Enum>
                     <EnumType>ignore.0</EnumType>
                  </criticality.nulld.Enum>
                  <NullObject.C1></NullObject.C1>
               </ExtensionField.Sequence>
               <ExtensionField.Sequence>
                  <type.Choice>
                     <local>466435959</local>
                     <global><ObjectIdentifier>0.1.253.113.80.125.67.63</ObjectIdentifier></global>
                  </type.Choice>
                  <criticality.nulld.Enum>
                     <EnumType>abort.1</EnumType>
                  </criticality.nulld.Enum>
                  <NullObject.C1></NullObject.C1>
               </ExtensionField.Sequence>
               <ExtensionField.Sequence>
                  <type.Choice>
                     <local>598162938</local>
                     <global><ObjectIdentifier>0.1.24</ObjectIdentifier></global>
                  </type.Choice>
                  <criticality.nulld.Enum>
                     <EnumType>ignore.0</EnumType>
                  </criticality.nulld.Enum>
                  <NullObject.C1></NullObject.C1>
               </ExtensionField.Sequence>
            </Collection>
         </extensions.C4.BoxedType>
         <aChChargingAddress.C5d.Choice>
            <legID.C2.Choice>
               <sendingSideID.C0.BoxedType><Bytes>72
                     <field name="LegType" value="114" type="EnumLong" length="1"/>
                  </Bytes></sendingSideID.C0.BoxedType>
               <receivingSideID.C1.BoxedType><Bytes>01
                     <field name="LegType" value="leg1 LegType:1" type="EnumLong" length="1"/>
                  </Bytes></receivingSideID.C1.BoxedType>
            </legID.C2.Choice>
            <srfConnection.C50.BoxedType><Integer>2</Integer></srfConnection.C50.BoxedType>
         </aChChargingAddress.C5d.Choice>
      </timeDurationChargingResult.C0.Sequence></CAMEL_CallResult.Choice>
</ASN>