<?xml version="1.0" encoding="ISO-8859-15"?>

<ASN layer="CAP">
   <CAMEL_AChBillingChargingCharacteristics.Choice><timeDurationCharging.C0.Sequence>
         <maxCallPeriodDuration.C0>1</maxCallPeriodDuration.C0>
         <releaseIfdurationExceeded.C1d>true:1</releaseIfdurationExceeded.C1d>
         <tariffSwitchInterval.C2>1</tariffSwitchInterval.C2>
         <audibleIndicator.C3d.Choice>
            <tone>false:0</tone>
            <burstList.C1.Sequence>
               <warningPeriod.C0d>1</warningPeriod.C0d>
               <bursts.C1.Sequence>
                  <numberOfBursts.C0d>1</numberOfBursts.C0d>
                  <burstInterval.C1d>1</burstInterval.C1d>
                  <numberOfTonesInBurst.C2d>0</numberOfTonesInBurst.C2d>
                  <toneDuration.C3d>2</toneDuration.C3d>
                  <toneInterval.C4d>0</toneInterval.C4d>
               </bursts.C1.Sequence>
            </burstList.C1.Sequence>
         </audibleIndicator.C3d.Choice>
         <extensions.C4.BoxedType>
            <Collection>
               <ExtensionField.Sequence>
                  <type.Choice>
                     <local>2050986665</local>
                     <global><ObjectIdentifier>0.1.2100</ObjectIdentifier></global>
                  </type.Choice>
                  <criticality.nulld.Enum>
                     <EnumType>ignore.0</EnumType>
                  </criticality.nulld.Enum>
                  <NullObject.C1></NullObject.C1>
               </ExtensionField.Sequence>
               <ExtensionField.Sequence>
                  <type.Choice>
                     <local>3219554290</local>
                     <global><ObjectIdentifier>0.1.216.75.106.40.70</ObjectIdentifier></global>
                  </type.Choice>
                  <criticality.nulld.Enum>
                     <EnumType>abort.1</EnumType>
                  </criticality.nulld.Enum>
                  <NullObject.C1></NullObject.C1>
               </ExtensionField.Sequence>
               <ExtensionField.Sequence>
                  <type.Choice>
                     <local>1598253354</local>
                     <global><ObjectIdentifier>0.1.292.118.31.47.15.14.111.72</ObjectIdentifier></global>
                  </type.Choice>
                  <criticality.nulld.Enum>
                     <EnumType>ignore.0</EnumType>
                  </criticality.nulld.Enum>
                  <NullObject.C1></NullObject.C1>
               </ExtensionField.Sequence>
            </Collection>
         </extensions.C4.BoxedType>
      </timeDurationCharging.C0.Sequence></CAMEL_AChBillingChargingCharacteristics.Choice>
</ASN>