<?xml version="1.0" encoding="ISO-8859-15"?>

<ASN layer="CAP">
   <CAMEL_AChBillingChargingCharacteristicsV2.Choice><timeDurationCharging.C0.Sequence>
         <maxCallPeriodDuration.C0>2</maxCallPeriodDuration.C0>
         <releaseIfdurationExceeded.C1.Sequence>
            <tone.nulld>true:1</tone.nulld>
            <Collection>
               <extensions.C10.Sequence>
                  <type.Choice>
                     <local>4203566134</local>
                     <global><ObjectIdentifier>0.1.287.50.109.53.91.96.47.24.75</ObjectIdentifier></global>
                  </type.Choice>
                  <criticality.nulld.Enum>
                     <EnumType>abort.1</EnumType>
                  </criticality.nulld.Enum>
                  <NullObject.C1></NullObject.C1>
               </extensions.C10.Sequence>
               <extensions.C10.Sequence>
                  <type.Choice>
                     <local>4158361820</local>
                     <global><ObjectIdentifier>0.1.23.59.93.26.81</ObjectIdentifier></global>
                  </type.Choice>
                  <criticality.nulld.Enum>
                     <EnumType>abort.1</EnumType>
                  </criticality.nulld.Enum>
                  <NullObject.C1></NullObject.C1>
               </extensions.C10.Sequence>
               <extensions.C10.Sequence>
                  <type.Choice>
                     <local>2136303988</local>
                     <global><ObjectIdentifier>0.1.2102.95.66.116</ObjectIdentifier></global>
                  </type.Choice>
                  <criticality.nulld.Enum>
                     <EnumType>ignore.0</EnumType>
                  </criticality.nulld.Enum>
                  <NullObject.C1></NullObject.C1>
               </extensions.C10.Sequence>
            </Collection>
         
         </releaseIfdurationExceeded.C1.Sequence>
         <tariffSwitchInterval.C2>1</tariffSwitchInterval.C2>
      </timeDurationCharging.C0.Sequence></CAMEL_AChBillingChargingCharacteristicsV2.Choice>
</ASN>