<?xml version="1.0" encoding="ISO-8859-15"?>

<ASN layer="CAP">
   <CAMEL_SCIGPRSBillingChargingCharacteristics.Sequence>
      <aOCGprs.C0.Sequence>
         <aOCInitial.C0.Sequence>
            <e1.C0>1</e1.C0>
            <e2.C1>2</e2.C1>
            <e3.C2>1</e3.C2>
            <e4.C3>2</e4.C3>
            <e5.C4>2</e5.C4>
            <e6.C5>1</e6.C5>
            <e7.C6>1</e7.C6>
         </aOCInitial.C0.Sequence>
         <aOCSubsequent.C1.Sequence>
            <cAI_GSM0224.C0.Sequence>
               <e1.C0>1</e1.C0>
               <e2.C1>0</e2.C1>
               <e3.C2>1</e3.C2>
               <e4.C3>1</e4.C3>
               <e5.C4>0</e5.C4>
               <e6.C5>2</e6.C5>
               <e7.C6>0</e7.C6>
            </cAI_GSM0224.C0.Sequence>
            <tariffSwitchInterval.C1>0</tariffSwitchInterval.C1>
         </aOCSubsequent.C1.Sequence>
      </aOCGprs.C0.Sequence>
      <pDPId.C1.BoxedType><Bytes>0d104c2ee8d91d20c240</Bytes></pDPId.C1.BoxedType>
   </CAMEL_SCIGPRSBillingChargingCharacteristics.Sequence>
</ASN>