<?xml version="1.0" encoding="ISO-8859-15"?>

<ASN layer="CAP">
   <CancelVcsgLocationArg.Sequence>
      <identity.Choice>
         <imsi.BoxedType><TBCD_STRING.BoxedType><Bytes>52680780f9
                  <field name="digits" value="258670089" type="Number_BCD" length="9"/>
               </Bytes></TBCD_STRING.BoxedType></imsi.BoxedType>
         <imsi_WithLMSI.Sequence>
            <imsi.BoxedType><TBCD_STRING.BoxedType><Bytes>19331685
                     <field name="digits" value="91336158" type="Number_BCD" length="8"/>
                  </Bytes></TBCD_STRING.BoxedType></imsi.BoxedType>
            <lmsi.BoxedType><Bytes>bbdb
                  <field name="digits" value="bbdb" type="Binary" length="2"/>
               </Bytes></lmsi.BoxedType>
         </imsi_WithLMSI.Sequence>
      </identity.Choice>
      <extensionContainer.Sequence>
         <privateExtensionList.C0.BoxedType>
            <Collection>
               <PrivateExtension.Sequence>
                  <extId><ObjectIdentifier>0.1.256.13.59.97.58.56</ObjectIdentifier></extId>
                  <extType>8c</extType>
               </PrivateExtension.Sequence>
               <PrivateExtension.Sequence>
                  <extId><ObjectIdentifier>0.1.236.99.60.122.14</ObjectIdentifier></extId>
                  <extType>c0e60b8cefb2f1bd</extType>
               </PrivateExtension.Sequence>
               <PrivateExtension.Sequence>
                  <extId><ObjectIdentifier>0.1.260.56.51.29.54</ObjectIdentifier></extId>
                  <extType>b6e8</extType>
               </PrivateExtension.Sequence>
            </Collection>
         </privateExtensionList.C0.BoxedType>
         <pcs_Extensions.C1.Sequence>
            
         </pcs_Extensions.C1.Sequence>
      </extensionContainer.Sequence>
   </CancelVcsgLocationArg.Sequence>
</ASN>