<?xml version="1.0" encoding="ISO-8859-15"?>

<ASN layer="CAP">
   <CancelLocationRes.Sequence><extensionContainer.Sequence>
         <privateExtensionList.C0.BoxedType>
            <Collection>
               <PrivateExtension.Sequence>
                  <extId><ObjectIdentifier>0.1.221.20.28.123</ObjectIdentifier></extId>
                  <extType>337bb7fff6</extType>
               </PrivateExtension.Sequence>
               <PrivateExtension.Sequence>
                  <extId><ObjectIdentifier>0.1.2121.60</ObjectIdentifier></extId>
                  <extType>6bf4990173</extType>
               </PrivateExtension.Sequence>
               <PrivateExtension.Sequence>
                  <extId><ObjectIdentifier>0.1.296.109.58.117.102.108.111.67.76</ObjectIdentifier></extId>
                  <extType>1303f6d6f1</extType>
               </PrivateExtension.Sequence>
            </Collection>
         </privateExtensionList.C0.BoxedType>
         <pcs_Extensions.C1.Sequence>
            
         </pcs_Extensions.C1.Sequence>
      </extensionContainer.Sequence></CancelLocationRes.Sequence>
</ASN>