<?xml version="1.0" encoding="ISO-8859-15"?>

<ASN layer="CAP">
   <CancelLocationArg.BoxedType><CancelLocationArgSequenceType.C3.Sequence>
         <identity.Choice>
            <imsi.BoxedType><TBCD_STRING.BoxedType><Bytes>9163703606
                     <field name="digits" value="1936076360" type="Number_BCD" length="10"/>
                  </Bytes></TBCD_STRING.BoxedType></imsi.BoxedType>
            <imsi_WithLMSI.Sequence>
               <imsi.BoxedType><TBCD_STRING.BoxedType><Bytes>2183357769
                        <field name="digits" value="1238537796" type="Number_BCD" length="10"/>
                     </Bytes></TBCD_STRING.BoxedType></imsi.BoxedType>
               <lmsi.BoxedType><Bytes>4dced093623b8109
                     <field name="digits" value="4dced093623b8109" type="Binary" length="8"/>
                  </Bytes></lmsi.BoxedType>
            </imsi_WithLMSI.Sequence>
         </identity.Choice>
         <cancellationType.Enum>
            <EnumType>updateProcedure.0</EnumType>
         </cancellationType.Enum>
         <extensionContainer.Sequence>
            <privateExtensionList.C0.BoxedType>
               <Collection>
                  <PrivateExtension.Sequence>
                     <extId><ObjectIdentifier>0.1.263.115.12.99.94.71</ObjectIdentifier></extId>
                     <extType>9b00</extType>
                  </PrivateExtension.Sequence>
                  <PrivateExtension.Sequence>
                     <extId><ObjectIdentifier>0.1.273.121.97.125.125.80.5</ObjectIdentifier></extId>
                     <extType>2b01e6d5aa2548</extType>
                  </PrivateExtension.Sequence>
                  <PrivateExtension.Sequence>
                     <extId><ObjectIdentifier>0.1.2113.121.88.38.13</ObjectIdentifier></extId>
                     <extType>4f41</extType>
                  </PrivateExtension.Sequence>
               </Collection>
            </privateExtensionList.C0.BoxedType>
            <pcs_Extensions.C1.Sequence>
               
            </pcs_Extensions.C1.Sequence>
         </extensionContainer.Sequence>
         <typeOfUpdate.C0.Enum>
            <EnumType>sgsn_change.0</EnumType>
         </typeOfUpdate.C0.Enum>
         <mtrf_SupportedAndAuthorized.C1></mtrf_SupportedAndAuthorized.C1>
         <mtrf_SupportedAndNotAuthorized.C2></mtrf_SupportedAndNotAuthorized.C2>
         <newMSC_Number.C3.BoxedType><AddressString.BoxedType><Bytes>6088876470f2
                  <field name="extension" value="extension:0" type="EnumLong" lengthBit="1"/>
                  <field name="nature of address" value="abbreviated number:6" type="EnumLong" lengthBit="3"/>
                  <field name="numbering plan" value="unknown:0" type="EnumLong" lengthBit="4"/>
                  <field name="digits" value="887846072" type="Number_BCD" length="9"/>
               </Bytes></AddressString.BoxedType></newMSC_Number.C3.BoxedType>
         <newVLR_Number.C4.BoxedType><AddressString.BoxedType><Bytes>979155457636
                  <field name="extension" value="no extension:1" type="EnumLong" lengthBit="1"/>
                  <field name="nature of address" value="international number:1" type="EnumLong" lengthBit="3"/>
                  <field name="numbering plan" value="spare:7" type="EnumLong" lengthBit="4"/>
                  <field name="digits" value="1955546763" type="Number_BCD" length="10"/>
               </Bytes></AddressString.BoxedType></newVLR_Number.C4.BoxedType>
         <new_lmsi.C5.BoxedType><Bytes>abaef8a6
               <field name="digits" value="abaef8a6" type="Binary" length="4"/>
            </Bytes></new_lmsi.C5.BoxedType>
         <reattach_Required.C6></reattach_Required.C6>
      </CancelLocationArgSequenceType.C3.Sequence></CancelLocationArg.BoxedType>
</ASN>