<?xml version="1.0" encoding="ISO-8859-15"?>

<ASN layer="CAP">
   <CancelVcsgLocationRes.Sequence><extensionContainer.Sequence>
         <privateExtensionList.C0.BoxedType>
            <Collection>
               <PrivateExtension.Sequence>
                  <extId><ObjectIdentifier>0.1.241.122.76.124.88.108.90.34</ObjectIdentifier></extId>
                  <extType>9f057058e083045fa5f3</extType>
               </PrivateExtension.Sequence>
               <PrivateExtension.Sequence>
                  <extId><ObjectIdentifier>0.1.27.124.39.116.40</ObjectIdentifier></extId>
                  <extType>5f8386aa095b9053b6</extType>
               </PrivateExtension.Sequence>
               <PrivateExtension.Sequence>
                  <extId><ObjectIdentifier>0.1.270.99.81.26.75.36</ObjectIdentifier></extId>
                  <extType>6a88005d</extType>
               </PrivateExtension.Sequence>
            </Collection>
         </privateExtensionList.C0.BoxedType>
         <pcs_Extensions.C1.Sequence>
            
         </pcs_Extensions.C1.Sequence>
      </extensionContainer.Sequence></CancelVcsgLocationRes.Sequence>
</ASN>