<?xml version="1.0" encoding="ISO-8859-15"?>

<ASN layer="CAP">
   <ChangeOfLocation.Choice>
      <cellGlobalId.C0.BoxedType><Bytes>12f9090f57ed54
            <field name="MMC" value="219,90" type="NumberMMC" length="3"/>
            <field name="LAC" value="3927" type="Integer" length="2"/>
            <field name="CI_SAC" value="60756" type="Integer" length="2"/>
         </Bytes></cellGlobalId.C0.BoxedType>
      <serviceAreaId.C1.BoxedType><Bytes>1274711c1cfa11
            <field name="MMC" value="214,177" type="NumberMMC" length="3"/>
            <field name="LAC" value="7196" type="Integer" length="2"/>
            <field name="CI_SAC" value="64017" type="Integer" length="2"/>
         </Bytes></serviceAreaId.C1.BoxedType>
      <locationAreaId.C2.BoxedType><Bytes>010512284b
            <field name="MMC" value="105,210" type="NumberMMC" length="3"/>
            <field name="LAC" value="10315" type="Integer" length="2"/>
         </Bytes></locationAreaId.C2.BoxedType>
      <inter_SystemHandOver.C3></inter_SystemHandOver.C3>
      <inter_PLMNHandOver.C4></inter_PLMNHandOver.C4>
      <inter_MSCHandOver.C5></inter_MSCHandOver.C5>
      <changeOfLocationAlt.C6.Sequence>
         
      </changeOfLocationAlt.C6.Sequence>
   </ChangeOfLocation.Choice>
</ASN>