<?xml version="1.0" encoding="ISO-8859-15"?>

<ASN layer="CAP">
   <CheckIMEI_Res.Sequence>
      <equipmentStatus.Enum>
         <EnumType>greyListed.2</EnumType>
      </equipmentStatus.Enum>
      <bmuef.Sequence>
         <uesbi_IuA.C0.BoxedType><BitString><BitString value="5621" trailing="0"/></BitString></uesbi_IuA.C0.BoxedType>
         <uesbi_IuB.C1.BoxedType><BitString><BitString value="c8c4314bd138e111" trailing="0"/></BitString></uesbi_IuB.C1.BoxedType>
      </bmuef.Sequence>
      <extensionContainer.C0.Sequence>
         <privateExtensionList.C0.BoxedType>
            <Collection>
               <PrivateExtension.Sequence>
                  <extId><ObjectIdentifier>0.1.2100.56</ObjectIdentifier></extId>
                  <extType>e4375b4881b9b6125c</extType>
               </PrivateExtension.Sequence>
               <PrivateExtension.Sequence>
                  <extId><ObjectIdentifier>0.1.293.9</ObjectIdentifier></extId>
                  <extType>bc</extType>
               </PrivateExtension.Sequence>
               <PrivateExtension.Sequence>
                  <extId><ObjectIdentifier>0.1.277</ObjectIdentifier></extId>
                  <extType>26</extType>
               </PrivateExtension.Sequence>
            </Collection>
         </privateExtensionList.C0.BoxedType>
         <pcs_Extensions.C1.Sequence>
            
         </pcs_Extensions.C1.Sequence>
      </extensionContainer.C0.Sequence>
   </CheckIMEI_Res.Sequence>
</ASN>