<?xml version="1.0" encoding="ISO-8859-15"?>

<ASN layer="CAP">
   <CheckIMEI_Arg.Sequence>
      <imei.BoxedType><TBCD_STRING.BoxedType><Bytes>09336163f7
               <field name="digits" value="903316367" type="Number_BCD" length="9"/>
            </Bytes></TBCD_STRING.BoxedType></imei.BoxedType>
      <requestedEquipmentInfo.BoxedType><BitString><BitString value="199e3f2df4e736d1f2" trailing="0"/></BitString></requestedEquipmentInfo.BoxedType>
      <extensionContainer.Sequence>
         <privateExtensionList.C0.BoxedType>
            <Collection>
               <PrivateExtension.Sequence>
                  <extId><ObjectIdentifier>0.1.287.62.13</ObjectIdentifier></extId>
                  <extType>53a4273271f927</extType>
               </PrivateExtension.Sequence>
               <PrivateExtension.Sequence>
                  <extId><ObjectIdentifier>0.1.220.9.11.22</ObjectIdentifier></extId>
                  <extType>221ad762</extType>
               </PrivateExtension.Sequence>
               <PrivateExtension.Sequence>
                  <extId><ObjectIdentifier>0.1.241.17.35.94</ObjectIdentifier></extId>
                  <extType>9c9d83c728c701</extType>
               </PrivateExtension.Sequence>
            </Collection>
         </privateExtensionList.C0.BoxedType>
         <pcs_Extensions.C1.Sequence>
            
         </pcs_Extensions.C1.Sequence>
      </extensionContainer.Sequence>
   </CheckIMEI_Arg.Sequence>
</ASN>