<?xml version="1.0" encoding="ISO-8859-15"?>

<ASN layer="CAP">
   <CollectInformationArg.Sequence><extensions.C0.BoxedType>
         <Collection>
            <ExtensionField.Sequence>
               <type.Choice>
                  <local>148130679</local>
                  <global><ObjectIdentifier>0.1.27.82.29.6.100.65.117.69.43</ObjectIdentifier></global>
               </type.Choice>
               <criticality.nulld.Enum>
                  <EnumType>abort.1</EnumType>
               </criticality.nulld.Enum>
               <NullObject.C1></NullObject.C1>
            </ExtensionField.Sequence>
            <ExtensionField.Sequence>
               <type.Choice>
                  <local>3823324171</local>
                  <global><ObjectIdentifier>0.1.217.94</ObjectIdentifier></global>
               </type.Choice>
               <criticality.nulld.Enum>
                  <EnumType>abort.1</EnumType>
               </criticality.nulld.Enum>
               <NullObject.C1></NullObject.C1>
            </ExtensionField.Sequence>
            <ExtensionField.Sequence>
               <type.Choice>
                  <local>1124057771</local>
                  <global><ObjectIdentifier>0.1.292.123.50.102.119.80.52</ObjectIdentifier></global>
               </type.Choice>
               <criticality.nulld.Enum>
                  <EnumType>abort.1</EnumType>
               </criticality.nulld.Enum>
               <NullObject.C1></NullObject.C1>
            </ExtensionField.Sequence>
         </Collection>
      </extensions.C0.BoxedType></CollectInformationArg.Sequence>
</ASN>