<?xml version="1.0" encoding="ISO-8859-15"?>

<ASN layer="CAP">
   <Component.Choice>
      <invoke.C1.Sequence>
         <invokeID.BoxedType><Integer>1</Integer></invokeID.BoxedType>
         <linkedID.C0.BoxedType><Integer>2</Integer></linkedID.C0.BoxedType>
         <opCode.Choice>
            <localValue.BoxedType><Long>1400043832</Long></localValue.BoxedType>
            <globalValue><ObjectIdentifier>0.1.2111.71.99.45.97.57.64.20.10.7</ObjectIdentifier></globalValue>
         </opCode.Choice>
         <invokeparameter>480c8ce2778c6b54</invokeparameter>
      </invoke.C1.Sequence>
      <returnResultLast.C2.Sequence>
         <invokeID.BoxedType><Integer>1</Integer></invokeID.BoxedType>
         <resultretres.Sequence>
            <opCode.Choice>
               <localValue.BoxedType><Long>3128816867</Long></localValue.BoxedType>
               <globalValue><ObjectIdentifier>0.1.257.10.18.17.20.62.15.117.34.81</ObjectIdentifier></globalValue>
            </opCode.Choice>
            <returnparameter>4b399d486d17ab8318</returnparameter>
         </resultretres.Sequence>
      </returnResultLast.C2.Sequence>
      <returnError.C3.Sequence>
         <invokeID.BoxedType><Integer>1</Integer></invokeID.BoxedType>
         <errorCode.Choice>
            <localErrorValue.BoxedType><Long>2173817495</Long></localErrorValue.BoxedType>
            <globalErrorValue><ObjectIdentifier>0.1.221.39.41.116.77.19.30.65.16.39</ObjectIdentifier></globalErrorValue>
         </errorCode.Choice>
         <errorparameter>ddd410545785e921b6</errorparameter>
      </returnError.C3.Sequence>
      <reject.C4.Sequence>
         <invokeIDRej.Choice>
            <derivable.BoxedType><Integer>1</Integer></derivable.BoxedType>
            <not_derivable></not_derivable>
         </invokeIDRej.Choice>
         <problem.Choice>
            <generalProblem.C0.BoxedType><Long>1999578628</Long></generalProblem.C0.BoxedType>
            <invokeProblem.C1.BoxedType><Long>1882586781</Long></invokeProblem.C1.BoxedType>
            <returnResultProblem.C2.BoxedType><Long>2844303391</Long></returnResultProblem.C2.BoxedType>
            <returnErrorProblem.C3.BoxedType><Long>3113720159</Long></returnErrorProblem.C3.BoxedType>
         </problem.Choice>
      </reject.C4.Sequence>
   </Component.Choice>
</ASN>