<?xml version="1.0" encoding="ISO-8859-15"?>

<ASN layer="CAP">
   <ConnectSMSArg.Sequence>
      <callingPartysNumber.C0.BoxedType><AddressString.BoxedType><Bytes>330136151577
               <field name="extension" value="extension:0" type="EnumLong" lengthBit="1"/>
               <field name="nature of address" value="network specific number:3" type="EnumLong" lengthBit="3"/>
               <field name="numbering plan" value="data numbering plan (ITU-T Rec X.121):3" type="EnumLong" lengthBit="4"/>
               <field name="digits" value="1063515177" type="Number_BCD" length="10"/>
            </Bytes></AddressString.BoxedType></callingPartysNumber.C0.BoxedType>
      <destinationSubscriberNumber.C1.BoxedType><Bytes>e8f7a68d1e5347</Bytes></destinationSubscriberNumber.C1.BoxedType>
      <sMSCAddress.C2.BoxedType><AddressString.BoxedType><Bytes>6e34958717f6
               <field name="extension" value="extension:0" type="EnumLong" lengthBit="1"/>
               <field name="nature of address" value="abbreviated number:6" type="EnumLong" lengthBit="3"/>
               <field name="numbering plan" value="14" type="EnumLong" lengthBit="4"/>
               <field name="digits" value="435978716" type="Number_BCD" length="9"/>
            </Bytes></AddressString.BoxedType></sMSCAddress.C2.BoxedType>
      <extensions.C10.BoxedType>
         <Collection>
            <ExtensionField.Sequence>
               <type.Choice>
                  <local>1600558819</local>
                  <global><ObjectIdentifier>0.1.2112.45.88</ObjectIdentifier></global>
               </type.Choice>
               <criticality.nulld.Enum>
                  <EnumType>abort.1</EnumType>
               </criticality.nulld.Enum>
               <NullObject.C1></NullObject.C1>
            </ExtensionField.Sequence>
            <ExtensionField.Sequence>
               <type.Choice>
                  <local>2938732098</local>
                  <global><ObjectIdentifier>0.1.2</ObjectIdentifier></global>
               </type.Choice>
               <criticality.nulld.Enum>
                  <EnumType>ignore.0</EnumType>
               </criticality.nulld.Enum>
               <NullObject.C1></NullObject.C1>
            </ExtensionField.Sequence>
            <ExtensionField.Sequence>
               <type.Choice>
                  <local>26588099</local>
                  <global><ObjectIdentifier>0.1.266</ObjectIdentifier></global>
               </type.Choice>
               <criticality.nulld.Enum>
                  <EnumType>ignore.0</EnumType>
               </criticality.nulld.Enum>
               <NullObject.C1></NullObject.C1>
            </ExtensionField.Sequence>
         </Collection>
      </extensions.C10.BoxedType>
   </ConnectSMSArg.Sequence>
</ASN>