<?xml version="1.0" encoding="ISO-8859-15"?>

<ASN layer="CAP">
   <ConnectToResourceArg.Sequence>
      <resourceAddress.Choice>
         <ipRoutingAddress.C0.BoxedType><CalledPartyNumber.BoxedType><Bytes>55549165826147
                  <field name="Odd/even (O/E)" value="even number of address signals:0" type="EnumLong" lengthBit="1"/>
                  <field name="Nature of address" value="spare:85" type="EnumLong" lengthBit="7"/>
                  <field name="Internal Network Number (INN)" value="routing to internal number allowed:0" type="EnumLong" lengthBit="1"/>
                  <field name="Numbering plan" value="private numbering plan:5" type="EnumLong" lengthBit="3"/>
                  <field name="spare" value="4" type="Integer" lengthBit="4"/>
                  <field name="digits" value="1956281674" type="Number_BCD" length="10"/>
               </Bytes></CalledPartyNumber.BoxedType></ipRoutingAddress.C0.BoxedType>
         <none.C3></none.C3>
      </resourceAddress.Choice>
      <extensions.C4.BoxedType>
         <Collection>
            <ExtensionField.Sequence>
               <type.Choice>
                  <local>3041099808</local>
                  <global><ObjectIdentifier>0.1.263.51.79.69.7.98.78.46</ObjectIdentifier></global>
               </type.Choice>
               <criticality.nulld.Enum>
                  <EnumType>abort.1</EnumType>
               </criticality.nulld.Enum>
               <NullObject.C1></NullObject.C1>
            </ExtensionField.Sequence>
            <ExtensionField.Sequence>
               <type.Choice>
                  <local>35782082</local>
                  <global><ObjectIdentifier>0.1.282.23.22.72.51.93.88</ObjectIdentifier></global>
               </type.Choice>
               <criticality.nulld.Enum>
                  <EnumType>abort.1</EnumType>
               </criticality.nulld.Enum>
               <NullObject.C1></NullObject.C1>
            </ExtensionField.Sequence>
            <ExtensionField.Sequence>
               <type.Choice>
                  <local>2969382958</local>
                  <global><ObjectIdentifier>0.1.257.117.9.40.113.57.11.37</ObjectIdentifier></global>
               </type.Choice>
               <criticality.nulld.Enum>
                  <EnumType>ignore.0</EnumType>
               </criticality.nulld.Enum>
               <NullObject.C1></NullObject.C1>
            </ExtensionField.Sequence>
         </Collection>
      </extensions.C4.BoxedType>
      <serviceInteractionIndicatorsTwo.C7.Sequence>
         <forwardServiceInteractionInd.C0.Sequence>
            <conferenceTreatmentIndicator.C1>5f30a0a657637851</conferenceTreatmentIndicator.C1>
            <callDiversionTreatmentIndicator.C2>9b8bb7e3708b6f30</callDiversionTreatmentIndicator.C2>
            <callingPartyRestrictionIndicator.C4>1cec0e5800d80b09be</callingPartyRestrictionIndicator.C4>
         </forwardServiceInteractionInd.C0.Sequence>
         <backwardServiceInteractionInd.C1.Sequence>
            <conferenceTreatmentIndicator.C1>5a6287b3df</conferenceTreatmentIndicator.C1>
            <callCompletionTreatmentIndicator.C2>9e0fd19392b6f6c4</callCompletionTreatmentIndicator.C2>
         </backwardServiceInteractionInd.C1.Sequence>
         <bothwayThroughConnectionInd.C2.Enum>
            <EnumType>bothwayPathNotRequired.1</EnumType>
         </bothwayThroughConnectionInd.C2.Enum>
         <connectedNumberTreatmentInd.C4.Enum>
            <EnumType>presentCalledINNumber.2</EnumType>
         </connectedNumberTreatmentInd.C4.Enum>
         <nonCUGCall.C13></nonCUGCall.C13>
         <holdTreatmentIndicator.C50>1667ea0a97a3fcf1</holdTreatmentIndicator.C50>
         <cwTreatmentIndicator.C51>f65319c15702d272788d</cwTreatmentIndicator.C51>
         <ectTreatmentIndicator.C52>e2bb</ectTreatmentIndicator.C52>
      </serviceInteractionIndicatorsTwo.C7.Sequence>
      <callSegmentID.C50.BoxedType><Integer>2</Integer></callSegmentID.C50.BoxedType>
   </ConnectToResourceArg.Sequence>
</ASN>