<?xml version="1.0" encoding="ISO-8859-15"?>

<ASN layer="CAP">
   <ConnectArg.Sequence>
      <destinationRoutingAddress.C0.BoxedType>
         <Collection>
            <CalledPartyNumber.BoxedType><Bytes>d8d80233350273
                  <field name="Odd/even (O/E)" value="odd number of address signals:1" type="EnumLong" lengthBit="1"/>
                  <field name="Nature of address" value="spare:88" type="EnumLong" lengthBit="7"/>
                  <field name="Internal Network Number (INN)" value="routing to internal number not allowed:1" type="EnumLong" lengthBit="1"/>
                  <field name="Numbering plan" value="private numbering plan:5" type="EnumLong" lengthBit="3"/>
                  <field name="spare" value="8" type="Integer" lengthBit="4"/>
                  <field name="digits" value="2033532037" type="Number_BCD" length="10"/>
               </Bytes></CalledPartyNumber.BoxedType>
            <CalledPartyNumber.BoxedType><Bytes>f44a6139232516
                  <field name="Odd/even (O/E)" value="odd number of address signals:1" type="EnumLong" lengthBit="1"/>
                  <field name="Nature of address" value="reserved for national use:116" type="EnumLong" lengthBit="7"/>
                  <field name="Internal Network Number (INN)" value="routing to internal number allowed:0" type="EnumLong" lengthBit="1"/>
                  <field name="Numbering plan" value="Telex numbering plan (ITU-T Recommendation F.69):4" type="EnumLong" lengthBit="3"/>
                  <field name="spare" value="10" type="Integer" lengthBit="4"/>
                  <field name="digits" value="1693325261" type="Number_BCD" length="10"/>
               </Bytes></CalledPartyNumber.BoxedType>
            <CalledPartyNumber.BoxedType><Bytes>9a923196557260
                  <field name="Odd/even (O/E)" value="odd number of address signals:1" type="EnumLong" lengthBit="1"/>
                  <field name="Nature of address" value="spare:26" type="EnumLong" lengthBit="7"/>
                  <field name="Internal Network Number (INN)" value="routing to internal number not allowed:1" type="EnumLong" lengthBit="1"/>
                  <field name="Numbering plan" value="ISDN/Telephony Numbering Plan (Rec ITU-T E.164):1" type="EnumLong" lengthBit="3"/>
                  <field name="spare" value="2" type="Integer" lengthBit="4"/>
                  <field name="digits" value="1369552706" type="Number_BCD" length="10"/>
               </Bytes></CalledPartyNumber.BoxedType>
         </Collection>
      </destinationRoutingAddress.C0.BoxedType>
      <alertingPattern.C1.BoxedType><Bytes>9aba7ff57d0d</Bytes></alertingPattern.C1.BoxedType>
      <originalCalledPartyID.C6.BoxedType><Bytes>441881293214f1
            <field name="Odd/even (O/E)" value="even number of address signals:0" type="EnumLong" lengthBit="1"/>
            <field name="Nature of address" value="spare:68" type="EnumLong" lengthBit="7"/>
            <field name="spare1" value="0" type="Integer" lengthBit="1"/>
            <field name="Numbering plan" value="ISDN/Telephony Numbering Plan (Rec ITU-T E.164):1" type="EnumLong" lengthBit="3"/>
            <field name="Address presentation restricted" value="address not available (national use):2" type="EnumLong" lengthBit="2"/>
            <field name="spare2" value="0" type="Integer" lengthBit="2"/>
            <field name="digits" value="189223411" type="Number_BCD" length="9"/>
         </Bytes></originalCalledPartyID.C6.BoxedType>
      <extensions.C10.BoxedType>
         <Collection>
            <ExtensionField.Sequence>
               <type.Choice>
                  <local>4143573872</local>
                  <global><ObjectIdentifier>0.1.244.68.64.6</ObjectIdentifier></global>
               </type.Choice>
               <criticality.nulld.Enum>
                  <EnumType>ignore.0</EnumType>
               </criticality.nulld.Enum>
               <NullObject.C1></NullObject.C1>
            </ExtensionField.Sequence>
            <ExtensionField.Sequence>
               <type.Choice>
                  <local>1224373943</local>
                  <global><ObjectIdentifier>0.1.259.13.123.5.86</ObjectIdentifier></global>
               </type.Choice>
               <criticality.nulld.Enum>
                  <EnumType>abort.1</EnumType>
               </criticality.nulld.Enum>
               <NullObject.C1></NullObject.C1>
            </ExtensionField.Sequence>
            <ExtensionField.Sequence>
               <type.Choice>
                  <local>4225631670</local>
                  <global><ObjectIdentifier>0.1.289</ObjectIdentifier></global>
               </type.Choice>
               <criticality.nulld.Enum>
                  <EnumType>abort.1</EnumType>
               </criticality.nulld.Enum>
               <NullObject.C1></NullObject.C1>
            </ExtensionField.Sequence>
         </Collection>
      </extensions.C10.BoxedType>
      <carrier.C11.BoxedType><Bytes>2b6f3406f7c8ba</Bytes></carrier.C11.BoxedType>
      <callingPartysCategory.C28.BoxedType><Bytes>09
            <field name="category" value="reserved (see ITU-T Recommendation Q.104) (Note) (national use):9" type="EnumLong" length="1"/>
         </Bytes></callingPartysCategory.C28.BoxedType>
      <redirectingPartyID.C29.BoxedType><Bytes>83d393980331f9
            <field name="Odd/even (O/E)" value="odd number of address signals:1" type="EnumLong" lengthBit="1"/>
            <field name="Nature of address" value="national (significant) number:3" type="EnumLong" lengthBit="7"/>
            <field name="spare1" value="1" type="Integer" lengthBit="1"/>
            <field name="Numbering plan" value="private numbering plan:5" type="EnumLong" lengthBit="3"/>
            <field name="Address presentation restricted" value="presentation allowed:0" type="EnumLong" lengthBit="2"/>
            <field name="spare2" value="3" type="Integer" lengthBit="2"/>
            <field name="digits" value="398930139" type="Number_BCD" length="9"/>
         </Bytes></redirectingPartyID.C29.BoxedType>
      <redirectionInformation.C30.BoxedType><Bytes>5536
            <field name="Redirecting reason" value="spare:5" type="EnumLong" lengthBit="4"/>
            <field name="spare1" value="0" type="Integer" lengthBit="1"/>
            <field name="Redirecting indicator" value="call rerouted, redirection number presentation restricted (national use):5" type="EnumLong" lengthBit="3"/>
            <field name="Original redirection reason" value="unconditional:3" type="EnumLong" lengthBit="4"/>
            <field name="spare2" value="0" type="Integer" lengthBit="1"/>
            <field name="Redirection counter" value="6" type="Integer" lengthBit="3"/>
         </Bytes></redirectionInformation.C30.BoxedType>
      <genericNumbers.C14.BoxedType>
         <Collection>
            <GenericNumber.BoxedType><Bytes>ae2cef45b5d39ee4</Bytes></GenericNumber.BoxedType>
            <GenericNumber.BoxedType><Bytes>93c262be0ce0b0768b</Bytes></GenericNumber.BoxedType>
            <GenericNumber.BoxedType><Bytes>f9e064830bad2f8c24c0</Bytes></GenericNumber.BoxedType>
         </Collection>
      </genericNumbers.C14.BoxedType>
      <serviceInteractionIndicatorsTwo.C15.Sequence>
         <forwardServiceInteractionInd.C0.Sequence>
            <conferenceTreatmentIndicator.C1>80e1125549ef2ab0be</conferenceTreatmentIndicator.C1>
            <callDiversionTreatmentIndicator.C2>37ba08dfe55a0dbd38</callDiversionTreatmentIndicator.C2>
            <callingPartyRestrictionIndicator.C4>a0236e</callingPartyRestrictionIndicator.C4>
         </forwardServiceInteractionInd.C0.Sequence>
         <backwardServiceInteractionInd.C1.Sequence>
            <conferenceTreatmentIndicator.C1>754ddc96</conferenceTreatmentIndicator.C1>
            <callCompletionTreatmentIndicator.C2>94c4f8</callCompletionTreatmentIndicator.C2>
         </backwardServiceInteractionInd.C1.Sequence>
         <bothwayThroughConnectionInd.C2.Enum>
            <EnumType>bothwayPathNotRequired.1</EnumType>
         </bothwayThroughConnectionInd.C2.Enum>
         <connectedNumberTreatmentInd.C4.Enum>
            <EnumType>noINImpact.0</EnumType>
         </connectedNumberTreatmentInd.C4.Enum>
         <nonCUGCall.C13></nonCUGCall.C13>
         <holdTreatmentIndicator.C50>fe3d8f</holdTreatmentIndicator.C50>
         <cwTreatmentIndicator.C51>099157c91215</cwTreatmentIndicator.C51>
         <ectTreatmentIndicator.C52>507ce4a7d203</ectTreatmentIndicator.C52>
      </serviceInteractionIndicatorsTwo.C15.Sequence>
      <chargeNumber.C19.BoxedType><LocationNumber.BoxedType><Bytes>039d7157402804
               <field name="Odd/even (O/E)" value="even number of address signals:0" type="EnumLong" lengthBit="1"/>
               <field name="Nature of address" value="national (significant) number:3" type="EnumLong" lengthBit="7"/>
               <field name="Internal Network Number (INN)" value="routing to internal number not allowed:1" type="EnumLong" lengthBit="1"/>
               <field name="Numbering plan" value="ISDN/Telephony Numbering Plan (Rec ITU-T E.164):1" type="EnumLong" lengthBit="3"/>
               <field name="Address presentation restricted" value="spare:3" type="EnumLong" lengthBit="2"/>
               <field name="Screening" value="user provided, verified and passed:1" type="EnumLong" lengthBit="2"/>
               <field name="digits" value="1775048240" type="Number_BCD" length="10"/>
            </Bytes></LocationNumber.BoxedType></chargeNumber.C19.BoxedType>
      <legToBeConnected.C21.Choice>
         <sendingSideID.C0.BoxedType><Bytes>01
               <field name="LegType" value="leg1 LegType:1" type="EnumLong" length="1"/>
            </Bytes></sendingSideID.C0.BoxedType>
         <receivingSideID.C1.BoxedType><Bytes>5d
               <field name="LegType" value="93" type="EnumLong" length="1"/>
            </Bytes></receivingSideID.C1.BoxedType>
      </legToBeConnected.C21.Choice>
      <cug_Interlock.C31.BoxedType><Bytes>542055e2822a</Bytes></cug_Interlock.C31.BoxedType>
      <cug_OutgoingAccess.C32></cug_OutgoingAccess.C32>
      <suppressionOfAnnouncement.C55.Null>
         
      </suppressionOfAnnouncement.C55.Null>
      <oCSIApplicable.C56.Null>
         
      </oCSIApplicable.C56.Null>
      <naOliInfo.C57.BoxedType><Bytes>bff7285c51d3d28f</Bytes></naOliInfo.C57.BoxedType>
      <bor_InterrogationRequested.C58></bor_InterrogationRequested.C58>
      <suppress_N_CSI.C59></suppress_N_CSI.C59>
   </ConnectArg.Sequence>
</ASN>