<?xml version="1.0" encoding="ISO-8859-15"?>

<ASN layer="CAP">
   <ContinueWithArgumentArg.Sequence>
      <alertingPattern.C1.BoxedType><Bytes>13ac5c259d</Bytes></alertingPattern.C1.BoxedType>
      <extensions.C6.BoxedType>
         <Collection>
            <ExtensionField.Sequence>
               <type.Choice>
                  <local>1434774591</local>
                  <global><ObjectIdentifier>0.1.27.28.113.4.88.81.24.22.18.75</ObjectIdentifier></global>
               </type.Choice>
               <criticality.nulld.Enum>
                  <EnumType>abort.1</EnumType>
               </criticality.nulld.Enum>
               <NullObject.C1></NullObject.C1>
            </ExtensionField.Sequence>
            <ExtensionField.Sequence>
               <type.Choice>
                  <local>154043228</local>
                  <global><ObjectIdentifier>0.1.232.120.56.32.95.4.94.19</ObjectIdentifier></global>
               </type.Choice>
               <criticality.nulld.Enum>
                  <EnumType>ignore.0</EnumType>
               </criticality.nulld.Enum>
               <NullObject.C1></NullObject.C1>
            </ExtensionField.Sequence>
            <ExtensionField.Sequence>
               <type.Choice>
                  <local>3868602047</local>
                  <global><ObjectIdentifier>0.1.223.112.128.10</ObjectIdentifier></global>
               </type.Choice>
               <criticality.nulld.Enum>
                  <EnumType>ignore.0</EnumType>
               </criticality.nulld.Enum>
               <NullObject.C1></NullObject.C1>
            </ExtensionField.Sequence>
         </Collection>
      </extensions.C6.BoxedType>
      <serviceInteractionIndicatorsTwo.C7.Sequence>
         <forwardServiceInteractionInd.C0.Sequence>
            <conferenceTreatmentIndicator.C1>fd132416ddee6620</conferenceTreatmentIndicator.C1>
            <callDiversionTreatmentIndicator.C2>3e4b9dda4820349e43</callDiversionTreatmentIndicator.C2>
            <callingPartyRestrictionIndicator.C4>6d606458</callingPartyRestrictionIndicator.C4>
         </forwardServiceInteractionInd.C0.Sequence>
         <backwardServiceInteractionInd.C1.Sequence>
            <conferenceTreatmentIndicator.C1>89</conferenceTreatmentIndicator.C1>
            <callCompletionTreatmentIndicator.C2>9f3240ff4ba94e1e64</callCompletionTreatmentIndicator.C2>
         </backwardServiceInteractionInd.C1.Sequence>
         <bothwayThroughConnectionInd.C2.Enum>
            <EnumType>bothwayPathNotRequired.1</EnumType>
         </bothwayThroughConnectionInd.C2.Enum>
         <connectedNumberTreatmentInd.C4.Enum>
            <EnumType>presentCalledINNumber.2</EnumType>
         </connectedNumberTreatmentInd.C4.Enum>
         <nonCUGCall.C13></nonCUGCall.C13>
         <holdTreatmentIndicator.C50>a604</holdTreatmentIndicator.C50>
         <cwTreatmentIndicator.C51>fa27fcd6aa517570de</cwTreatmentIndicator.C51>
         <ectTreatmentIndicator.C52>2c1d78ada1f99b6f2d</ectTreatmentIndicator.C52>
      </serviceInteractionIndicatorsTwo.C7.Sequence>
      <callingPartysCategory.C12.BoxedType><Bytes>76
            <field name="category" value="spare:118" type="EnumLong" length="1"/>
         </Bytes></callingPartysCategory.C12.BoxedType>
      <genericNumbers.C16.BoxedType>
         <Collection>
            <GenericNumber.BoxedType><Bytes>81523a877c733002</Bytes></GenericNumber.BoxedType>
            <GenericNumber.BoxedType><Bytes>4d286f4a48</Bytes></GenericNumber.BoxedType>
            <GenericNumber.BoxedType><Bytes>ea12a21a35</Bytes></GenericNumber.BoxedType>
         </Collection>
      </genericNumbers.C16.BoxedType>
      <cug_Interlock.C17.BoxedType><Bytes>49f5b0</Bytes></cug_Interlock.C17.BoxedType>
      <cug_OutgoingAccess.C18></cug_OutgoingAccess.C18>
      <chargeNumber.C50.BoxedType><LocationNumber.BoxedType><Bytes>f8c702972670f0
               <field name="Odd/even (O/E)" value="odd number of address signals:1" type="EnumLong" lengthBit="1"/>
               <field name="Nature of address" value="reserved for national use:120" type="EnumLong" lengthBit="7"/>
               <field name="Internal Network Number (INN)" value="routing to internal number not allowed:1" type="EnumLong" lengthBit="1"/>
               <field name="Numbering plan" value="Telex numbering plan (ITU-T Recommendation F.69):4" type="EnumLong" lengthBit="3"/>
               <field name="Address presentation restricted" value="presentation restricted:1" type="EnumLong" lengthBit="2"/>
               <field name="Screening" value="network provided:3" type="EnumLong" lengthBit="2"/>
               <field name="digits" value="207962070" type="Number_BCD" length="9"/>
            </Bytes></LocationNumber.BoxedType></chargeNumber.C50.BoxedType>
      <carrier.C52.BoxedType><Bytes>1d5be0</Bytes></carrier.C52.BoxedType>
      <suppressionOfAnnouncement.C55.Null>
         
      </suppressionOfAnnouncement.C55.Null>
      <naOliInfo.C56.BoxedType><Bytes>2f9febe0ac</Bytes></naOliInfo.C56.BoxedType>
      <bor_InterrogationRequested.C57></bor_InterrogationRequested.C57>
      <suppress_O_CSI.C58></suppress_O_CSI.C58>
      <continueWithArgumentArgExtension.C59.Sequence>
         <suppress_D_CSI.C0></suppress_D_CSI.C0>
         <suppress_N_CSI.C1></suppress_N_CSI.C1>
         <suppressOutgoingCallBarring.C2></suppressOutgoingCallBarring.C2>
         <legOrCallSegment.C3.Choice>
            <callSegmentID.C0.BoxedType><Integer>1</Integer></callSegmentID.C0.BoxedType>
            <legID.C1.Choice>
               <sendingSideID.C0.BoxedType><Bytes>01
                     <field name="LegType" value="leg1 LegType:1" type="EnumLong" length="1"/>
                  </Bytes></sendingSideID.C0.BoxedType>
               <receivingSideID.C1.BoxedType><Bytes>de
                     <field name="LegType" value="222" type="EnumLong" length="1"/>
                  </Bytes></receivingSideID.C1.BoxedType>
            </legID.C1.Choice>
         </legOrCallSegment.C3.Choice>
      </continueWithArgumentArgExtension.C59.Sequence>
   </ContinueWithArgumentArg.Sequence>
</ASN>