<?xml version="1.0" encoding="ISO-8859-15"?>

<ASN layer="CAP">
   <CUG_RejectParam.Sequence>
      <cug_RejectCause.Enum>
         <EnumType>calledPartySS_InteractionViolation.7</EnumType>
      </cug_RejectCause.Enum>
      <extensionContainer.Sequence>
         <privateExtensionList.C0.BoxedType>
            <Collection>
               <PrivateExtension.Sequence>
                  <extId><ObjectIdentifier>0.1.2110.73</ObjectIdentifier></extId>
                  <extType>2dfc855472a9e8</extType>
               </PrivateExtension.Sequence>
               <PrivateExtension.Sequence>
                  <extId><ObjectIdentifier>0.1.2</ObjectIdentifier></extId>
                  <extType>bb240f</extType>
               </PrivateExtension.Sequence>
               <PrivateExtension.Sequence>
                  <extId><ObjectIdentifier>0.1.2105</ObjectIdentifier></extId>
                  <extType>596a</extType>
               </PrivateExtension.Sequence>
            </Collection>
         </privateExtensionList.C0.BoxedType>
         <pcs_Extensions.C1.Sequence>
            
         </pcs_Extensions.C1.Sequence>
      </extensionContainer.Sequence>
   </CUG_RejectParam.Sequence>
</ASN>