<?xml version="1.0" encoding="ISO-8859-15"?>

<ASN layer="CAP">
   <CUG_Feature.Sequence>
      <basicService.Choice>
         <ext_BearerService.C2.BoxedType><Bytes>b618cb9679aff989</Bytes></ext_BearerService.C2.BoxedType>
         <ext_Teleservice.C3.BoxedType><Bytes>109f05c827
               <field name="Code" value="allSpeechTransmissionServices:16" type="EnumLong" length="1"/>
               <field name="Extension data" value="9f05c827" type="Binary" length="4"/>
            </Bytes></ext_Teleservice.C3.BoxedType>
      </basicService.Choice>
      <preferentialCUG_Indicator.BoxedType><Integer>2</Integer></preferentialCUG_Indicator.BoxedType>
      <interCUG_Restrictions.BoxedType><Bytes>17633a784c2b92e2</Bytes></interCUG_Restrictions.BoxedType>
      <extensionContainer.Sequence>
         <privateExtensionList.C0.BoxedType>
            <Collection>
               <PrivateExtension.Sequence>
                  <extId><ObjectIdentifier>0.1.2119.79.13.43.7.103.14.70</ObjectIdentifier></extId>
                  <extType>999878116f71ab0a</extType>
               </PrivateExtension.Sequence>
               <PrivateExtension.Sequence>
                  <extId><ObjectIdentifier>0.1.285.63.98.62.94</ObjectIdentifier></extId>
                  <extType>c5</extType>
               </PrivateExtension.Sequence>
               <PrivateExtension.Sequence>
                  <extId><ObjectIdentifier>0.1.234.28.64.66.82.21.97.123.125</ObjectIdentifier></extId>
                  <extType>e005</extType>
               </PrivateExtension.Sequence>
            </Collection>
         </privateExtensionList.C0.BoxedType>
         <pcs_Extensions.C1.Sequence>
            
         </pcs_Extensions.C1.Sequence>
      </extensionContainer.Sequence>
   </CUG_Feature.Sequence>
</ASN>