<?xml version="1.0" encoding="ISO-8859-15"?>

<ASN layer="CAP">
   <DataMissingParam.Sequence><extensionContainer.Sequence>
         <privateExtensionList.C0.BoxedType>
            <Collection>
               <PrivateExtension.Sequence>
                  <extId><ObjectIdentifier>0.1.29.94.73.9.89.89.110.114</ObjectIdentifier></extId>
                  <extType>c4c02f9a8e6845790d</extType>
               </PrivateExtension.Sequence>
               <PrivateExtension.Sequence>
                  <extId><ObjectIdentifier>0.1.220.45.73</ObjectIdentifier></extId>
                  <extType>a23727</extType>
               </PrivateExtension.Sequence>
               <PrivateExtension.Sequence>
                  <extId><ObjectIdentifier>0.1.216.96.34.128.114.45.100.15.80</ObjectIdentifier></extId>
                  <extType>c27fc3b64b4b222a6c12</extType>
               </PrivateExtension.Sequence>
            </Collection>
         </privateExtensionList.C0.BoxedType>
         <pcs_Extensions.C1.Sequence>
            
         </pcs_Extensions.C1.Sequence>
      </extensionContainer.Sequence></DataMissingParam.Sequence>
</ASN>