<?xml version="1.0" encoding="ISO-8859-15"?>

<ASN layer="CAP">
   <DeactivateTraceModeRes.Sequence><extensionContainer.C0.Sequence>
         <privateExtensionList.C0.BoxedType>
            <Collection>
               <PrivateExtension.Sequence>
                  <extId><ObjectIdentifier>0.1.224</ObjectIdentifier></extId>
                  <extType>7bec4d0c32</extType>
               </PrivateExtension.Sequence>
               <PrivateExtension.Sequence>
                  <extId><ObjectIdentifier>0.1.216.123.109.62</ObjectIdentifier></extId>
                  <extType>8c88ba65e94cf7</extType>
               </PrivateExtension.Sequence>
               <PrivateExtension.Sequence>
                  <extId><ObjectIdentifier>0.1.2</ObjectIdentifier></extId>
                  <extType>6c7b9df75f5e6584616c</extType>
               </PrivateExtension.Sequence>
            </Collection>
         </privateExtensionList.C0.BoxedType>
         <pcs_Extensions.C1.Sequence>
            
         </pcs_Extensions.C1.Sequence>
      </extensionContainer.C0.Sequence></DeactivateTraceModeRes.Sequence>
</ASN>