<?xml version="1.0" encoding="ISO-8859-15"?>

<ASN layer="CAP">
   <DeactivateTraceModeArg.Sequence>
      <imsi.C0.BoxedType><TBCD_STRING.BoxedType><Bytes>99941226f6
               <field name="digits" value="994921626" type="Number_BCD" length="9"/>
            </Bytes></TBCD_STRING.BoxedType></imsi.C0.BoxedType>
      <traceReference.C1.BoxedType><Bytes>8d0ff6ead05a78f5</Bytes></traceReference.C1.BoxedType>
      <extensionContainer.C2.Sequence>
         <privateExtensionList.C0.BoxedType>
            <Collection>
               <PrivateExtension.Sequence>
                  <extId><ObjectIdentifier>0.1.2102.68.20.84.114.86</ObjectIdentifier></extId>
                  <extType>36319457ba</extType>
               </PrivateExtension.Sequence>
               <PrivateExtension.Sequence>
                  <extId><ObjectIdentifier>0.1.289.29.13.84.19.82</ObjectIdentifier></extId>
                  <extType>f228</extType>
               </PrivateExtension.Sequence>
               <PrivateExtension.Sequence>
                  <extId><ObjectIdentifier>0.1.271</ObjectIdentifier></extId>
                  <extType>1260dc</extType>
               </PrivateExtension.Sequence>
            </Collection>
         </privateExtensionList.C0.BoxedType>
         <pcs_Extensions.C1.Sequence>
            
         </pcs_Extensions.C1.Sequence>
      </extensionContainer.C2.Sequence>
      <traceReference2.C3.BoxedType><Bytes>a98cfb3ada9f</Bytes></traceReference2.C3.BoxedType>
   </DeactivateTraceModeArg.Sequence>
</ASN>