<?xml version="1.0" encoding="ISO-8859-15"?>

<ASN layer="CAP">
   <DisconnectForwardConnectionWithArgumentArg.Sequence>
      <callSegmentID.C1.BoxedType><Integer>1</Integer></callSegmentID.C1.BoxedType>
      <extensions.C2.BoxedType>
         <Collection>
            <ExtensionField.Sequence>
               <type.Choice>
                  <local>3591972325</local>
                  <global><ObjectIdentifier>0.1.26.98.16.99.62</ObjectIdentifier></global>
               </type.Choice>
               <criticality.nulld.Enum>
                  <EnumType>abort.1</EnumType>
               </criticality.nulld.Enum>
               <NullObject.C1></NullObject.C1>
            </ExtensionField.Sequence>
            <ExtensionField.Sequence>
               <type.Choice>
                  <local>2019042536</local>
                  <global><ObjectIdentifier>0.1.286.30.49.40.36.28.19</ObjectIdentifier></global>
               </type.Choice>
               <criticality.nulld.Enum>
                  <EnumType>abort.1</EnumType>
               </criticality.nulld.Enum>
               <NullObject.C1></NullObject.C1>
            </ExtensionField.Sequence>
            <ExtensionField.Sequence>
               <type.Choice>
                  <local>3484722023</local>
                  <global><ObjectIdentifier>0.1.2126.64.92</ObjectIdentifier></global>
               </type.Choice>
               <criticality.nulld.Enum>
                  <EnumType>abort.1</EnumType>
               </criticality.nulld.Enum>
               <NullObject.C1></NullObject.C1>
            </ExtensionField.Sequence>
         </Collection>
      </extensions.C2.BoxedType>
   </DisconnectForwardConnectionWithArgumentArg.Sequence>
</ASN>