<?xml version="1.0" encoding="ISO-8859-15"?>

<ASN layer="CAP">
   <DisconnectLegArg.Sequence>
      <legToBeReleased.C0.Choice>
         <sendingSideID.C0.BoxedType><Bytes>01
               <field name="LegType" value="leg1 LegType:1" type="EnumLong" length="1"/>
            </Bytes></sendingSideID.C0.BoxedType>
         <receivingSideID.C1.BoxedType><Bytes>6d
               <field name="LegType" value="109" type="EnumLong" length="1"/>
            </Bytes></receivingSideID.C1.BoxedType>
      </legToBeReleased.C0.Choice>
      <releaseCause.C1.BoxedType><Bytes>f22c2c
            <field name="ext1" value="last octet:1" type="EnumLong" lengthBit="1"/>
            <field name="Coding standard" value="Standard specific to identified location (see Note):3" type="EnumLong" lengthBit="2"/>
            <field name="Spare" value="1" type="Integer" lengthBit="1"/>
            <field name="Location" value="public network serving the local user (LN):2" type="EnumLong" lengthBit="4"/>
            <field name="ext3" value="continue:0" type="EnumLong" lengthBit="1"/>
            <field name="Cause value" value="Class 010 resource unavailable : Requested circuit/channel not available:44" type="EnumLong" lengthBit="7"/>
            <field name="Diagnostics" value="2c" type="Binary" length="1"/>
         </Bytes></releaseCause.C1.BoxedType>
      <extensions.C2.BoxedType>
         <Collection>
            <ExtensionField.Sequence>
               <type.Choice>
                  <local>4113576568</local>
                  <global><ObjectIdentifier>0.1.25.92.59.51.68.75.96.114</ObjectIdentifier></global>
               </type.Choice>
               <criticality.nulld.Enum>
                  <EnumType>ignore.0</EnumType>
               </criticality.nulld.Enum>
               <NullObject.C1></NullObject.C1>
            </ExtensionField.Sequence>
            <ExtensionField.Sequence>
               <type.Choice>
                  <local>4011648670</local>
                  <global><ObjectIdentifier>0.1.210.47.53.60</ObjectIdentifier></global>
               </type.Choice>
               <criticality.nulld.Enum>
                  <EnumType>abort.1</EnumType>
               </criticality.nulld.Enum>
               <NullObject.C1></NullObject.C1>
            </ExtensionField.Sequence>
            <ExtensionField.Sequence>
               <type.Choice>
                  <local>1354273870</local>
                  <global><ObjectIdentifier>0.1.2</ObjectIdentifier></global>
               </type.Choice>
               <criticality.nulld.Enum>
                  <EnumType>abort.1</EnumType>
               </criticality.nulld.Enum>
               <NullObject.C1></NullObject.C1>
            </ExtensionField.Sequence>
         </Collection>
      </extensions.C2.BoxedType>
   </DisconnectLegArg.Sequence>
</ASN>