<?xml version="1.0" encoding="ISO-8859-15"?>

<ASN layer="CAP">
   <DP_AnalysedInfoCriterium.Sequence>
      <dialledNumber.BoxedType><AddressString.BoxedType><Bytes>5373772526f0
               <field name="extension" value="extension:0" type="EnumLong" lengthBit="1"/>
               <field name="nature of address" value="reserved:5" type="EnumLong" lengthBit="3"/>
               <field name="numbering plan" value="data numbering plan (ITU-T Rec X.121):3" type="EnumLong" lengthBit="4"/>
               <field name="digits" value="377752620" type="Number_BCD" length="9"/>
            </Bytes></AddressString.BoxedType></dialledNumber.BoxedType>
      <serviceKey.BoxedType><Integer>1</Integer></serviceKey.BoxedType>
      <gsmSCF_Address.BoxedType><AddressString.BoxedType><Bytes>e68161650864
               <field name="extension" value="no extension:1" type="EnumLong" lengthBit="1"/>
               <field name="nature of address" value="abbreviated number:6" type="EnumLong" lengthBit="3"/>
               <field name="numbering plan" value="land mobile numbering plan (ITU-T Rec E.212):6" type="EnumLong" lengthBit="4"/>
               <field name="digits" value="1816568046" type="Number_BCD" length="10"/>
            </Bytes></AddressString.BoxedType></gsmSCF_Address.BoxedType>
      <defaultCallHandling.Enum>
         <EnumType>continueCall.0</EnumType>
      </defaultCallHandling.Enum>
      <extensionContainer.Sequence>
         <privateExtensionList.C0.BoxedType>
            <Collection>
               <PrivateExtension.Sequence>
                  <extId><ObjectIdentifier>0.1.278.83.7.128.74.97.76.119</ObjectIdentifier></extId>
                  <extType>42</extType>
               </PrivateExtension.Sequence>
               <PrivateExtension.Sequence>
                  <extId><ObjectIdentifier>0.1.28.17.51.93.34.55</ObjectIdentifier></extId>
                  <extType>0d67eff58ee725</extType>
               </PrivateExtension.Sequence>
               <PrivateExtension.Sequence>
                  <extId><ObjectIdentifier>0.1.2105.78.18</ObjectIdentifier></extId>
                  <extType>d146464b307d</extType>
               </PrivateExtension.Sequence>
            </Collection>
         </privateExtensionList.C0.BoxedType>
         <pcs_Extensions.C1.Sequence>
            
         </pcs_Extensions.C1.Sequence>
      </extensionContainer.Sequence>
   </DP_AnalysedInfoCriterium.Sequence>
</ASN>