<?xml version="1.0" encoding="ISO-8859-15"?>

<ASN layer="CAP">
   <EntityReleasedArg.Choice>
      <callSegmentFailure.C0.Sequence>
         <callSegmentID.C0.BoxedType><Integer>0</Integer></callSegmentID.C0.BoxedType>
         <cause.C2.BoxedType><Bytes>72b701
               <field name="ext1" value="continue:0" type="EnumLong" lengthBit="1"/>
               <field name="Coding standard" value="Standard specific to identified location (see Note):3" type="EnumLong" lengthBit="2"/>
               <field name="Spare" value="1" type="Integer" lengthBit="1"/>
               <field name="Location" value="public network serving the local user (LN):2" type="EnumLong" lengthBit="4"/>
               <field name="ext3" value="last octet:1" type="EnumLong" lengthBit="1"/>
               <field name="Cause value" value="Class 011 service or option not available : Incoming calls barred within CUG:55" type="EnumLong" lengthBit="7"/>
               <field name="Diagnostics" value="01" type="Binary" length="1"/>
            </Bytes></cause.C2.BoxedType>
      </callSegmentFailure.C0.Sequence>
      <bCSM_Failure.C1.Sequence>
         <legID.C0.Choice>
            <sendingSideID.C0.BoxedType><Bytes>02
                  <field name="LegType" value="leg2 LegType:2" type="EnumLong" length="1"/>
               </Bytes></sendingSideID.C0.BoxedType>
            <receivingSideID.C1.BoxedType><Bytes>82
                  <field name="LegType" value="130" type="EnumLong" length="1"/>
               </Bytes></receivingSideID.C1.BoxedType>
         </legID.C0.Choice>
         <cause.C2.BoxedType><Bytes>20f4a8
               <field name="ext1" value="continue:0" type="EnumLong" lengthBit="1"/>
               <field name="Coding standard" value="ISO/IEC Standard (see Note):1" type="EnumLong" lengthBit="2"/>
               <field name="Spare" value="0" type="Integer" lengthBit="1"/>
               <field name="Location" value="user (U):0" type="EnumLong" lengthBit="4"/>
               <field name="ext3" value="last octet:1" type="EnumLong" lengthBit="1"/>
               <field name="Cause value" value="116" type="EnumLong" lengthBit="7"/>
               <field name="Diagnostics" value="a8" type="Binary" length="1"/>
            </Bytes></cause.C2.BoxedType>
      </bCSM_Failure.C1.Sequence>
   </EntityReleasedArg.Choice>
</ASN>