<?xml version="1.0" encoding="ISO-8859-15"?>

<ASN layer="CAP">
   <EPC_AV.Sequence>
      <rand.BoxedType><Bytes>baf9be591dee</Bytes></rand.BoxedType>
      <xres.BoxedType><Bytes>2b8a7d</Bytes></xres.BoxedType>
      <autn.BoxedType><Bytes>e64fb1</Bytes></autn.BoxedType>
      <kasme.BoxedType><Bytes>0a67</Bytes></kasme.BoxedType>
      <extensionContainer.Sequence>
         <privateExtensionList.C0.BoxedType>
            <Collection>
               <PrivateExtension.Sequence>
                  <extId><ObjectIdentifier>0.1.242.121.37.6</ObjectIdentifier></extId>
                  <extType>720a77806f22a0b477</extType>
               </PrivateExtension.Sequence>
               <PrivateExtension.Sequence>
                  <extId><ObjectIdentifier>0.1.279.34.97</ObjectIdentifier></extId>
                  <extType>509b8209955b9e</extType>
               </PrivateExtension.Sequence>
               <PrivateExtension.Sequence>
                  <extId><ObjectIdentifier>0.1.248.53.126.128.124</ObjectIdentifier></extId>
                  <extType>b222134ab01a67</extType>
               </PrivateExtension.Sequence>
            </Collection>
         </privateExtensionList.C0.BoxedType>
         <pcs_Extensions.C1.Sequence>
            
         </pcs_Extensions.C1.Sequence>
      </extensionContainer.Sequence>
   </EPC_AV.Sequence>
</ASN>