<?xml version="1.0" encoding="ISO-8859-15"?>

<ASN layer="CAP">
   <EstablishTemporaryConnectionArg.Sequence>
      <assistingSSPIPRoutingAddress.C0.BoxedType><Digits.BoxedType><Bytes>e8f7686e6faf</Bytes></Digits.BoxedType></assistingSSPIPRoutingAddress.C0.BoxedType>
      <correlationID.C1.BoxedType><Digits.BoxedType><Bytes>b6e363cafa1a23</Bytes></Digits.BoxedType></correlationID.C1.BoxedType>
      <scfID.C3.BoxedType><Bytes>22818bf0bbf78ec589</Bytes></scfID.C3.BoxedType>
      <extensions.C4.BoxedType>
         <Collection>
            <ExtensionField.Sequence>
               <type.Choice>
                  <local>3463593684</local>
                  <global><ObjectIdentifier>0.1.246.25.59.80</ObjectIdentifier></global>
               </type.Choice>
               <criticality.nulld.Enum>
                  <EnumType>abort.1</EnumType>
               </criticality.nulld.Enum>
               <NullObject.C1></NullObject.C1>
            </ExtensionField.Sequence>
            <ExtensionField.Sequence>
               <type.Choice>
                  <local>939640784</local>
                  <global><ObjectIdentifier>0.1.238</ObjectIdentifier></global>
               </type.Choice>
               <criticality.nulld.Enum>
                  <EnumType>ignore.0</EnumType>
               </criticality.nulld.Enum>
               <NullObject.C1></NullObject.C1>
            </ExtensionField.Sequence>
            <ExtensionField.Sequence>
               <type.Choice>
                  <local>3667975496</local>
                  <global><ObjectIdentifier>0.1.2118.124.80.90</ObjectIdentifier></global>
               </type.Choice>
               <criticality.nulld.Enum>
                  <EnumType>ignore.0</EnumType>
               </criticality.nulld.Enum>
               <NullObject.C1></NullObject.C1>
            </ExtensionField.Sequence>
         </Collection>
      </extensions.C4.BoxedType>
      <carrier.C5.BoxedType><Bytes>8f3e41ccf338</Bytes></carrier.C5.BoxedType>
      <serviceInteractionIndicatorsTwo.C6.Sequence>
         <forwardServiceInteractionInd.C0.Sequence>
            <conferenceTreatmentIndicator.C1>48cd</conferenceTreatmentIndicator.C1>
            <callDiversionTreatmentIndicator.C2>d5a0e52210</callDiversionTreatmentIndicator.C2>
            <callingPartyRestrictionIndicator.C4>d07c42e9155d</callingPartyRestrictionIndicator.C4>
         </forwardServiceInteractionInd.C0.Sequence>
         <backwardServiceInteractionInd.C1.Sequence>
            <conferenceTreatmentIndicator.C1>b24482</conferenceTreatmentIndicator.C1>
            <callCompletionTreatmentIndicator.C2>487a</callCompletionTreatmentIndicator.C2>
         </backwardServiceInteractionInd.C1.Sequence>
         <bothwayThroughConnectionInd.C2.Enum>
            <EnumType>bothwayPathRequired.0</EnumType>
         </bothwayThroughConnectionInd.C2.Enum>
         <connectedNumberTreatmentInd.C4.Enum>
            <EnumType>presentCallINNumberRestricted.3</EnumType>
         </connectedNumberTreatmentInd.C4.Enum>
         <nonCUGCall.C13></nonCUGCall.C13>
         <holdTreatmentIndicator.C50>f1c7a5d91ee7</holdTreatmentIndicator.C50>
         <cwTreatmentIndicator.C51>4b3e</cwTreatmentIndicator.C51>
         <ectTreatmentIndicator.C52>93a28f</ectTreatmentIndicator.C52>
      </serviceInteractionIndicatorsTwo.C6.Sequence>
      <callSegmentID.C7.BoxedType><Integer>0</Integer></callSegmentID.C7.BoxedType>
      <naOliInfo.C50.BoxedType><Bytes>c56ee972faad87a3</Bytes></naOliInfo.C50.BoxedType>
      <chargeNumber.C51.BoxedType><LocationNumber.BoxedType><Bytes>84e02147154163
               <field name="Odd/even (O/E)" value="odd number of address signals:1" type="EnumLong" lengthBit="1"/>
               <field name="Nature of address" value="international number:4" type="EnumLong" lengthBit="7"/>
               <field name="Internal Network Number (INN)" value="routing to internal number not allowed:1" type="EnumLong" lengthBit="1"/>
               <field name="Numbering plan" value="reserved for national use:6" type="EnumLong" lengthBit="3"/>
               <field name="Address presentation restricted" value="presentation allowed:0" type="EnumLong" lengthBit="2"/>
               <field name="Screening" value="reserved:0" type="EnumLong" lengthBit="2"/>
               <field name="digits" value="1274511436" type="Number_BCD" length="10"/>
            </Bytes></LocationNumber.BoxedType></chargeNumber.C51.BoxedType>
      <originalCalledPartyID.C52.BoxedType><Bytes>2e1371577398f3
            <field name="Odd/even (O/E)" value="even number of address signals:0" type="EnumLong" lengthBit="1"/>
            <field name="Nature of address" value="spare:46" type="EnumLong" lengthBit="7"/>
            <field name="spare1" value="0" type="Integer" lengthBit="1"/>
            <field name="Numbering plan" value="ISDN/Telephony Numbering Plan (Rec ITU-T E.164):1" type="EnumLong" lengthBit="3"/>
            <field name="Address presentation restricted" value="presentation allowed:0" type="EnumLong" lengthBit="2"/>
            <field name="spare2" value="3" type="Integer" lengthBit="2"/>
            <field name="digits" value="177537893" type="Number_BCD" length="9"/>
         </Bytes></originalCalledPartyID.C52.BoxedType>
      <callingPartyNumber.C53.BoxedType><Bytes>256e3169356199
            <field name="Odd/even (O/E)" value="even number of address signals:0" type="EnumLong" lengthBit="1"/>
            <field name="Nature of address" value="spare:37" type="EnumLong" lengthBit="7"/>
            <field name="Number Incomplete (NI)" value="complete:0" type="EnumLong" lengthBit="1"/>
            <field name="Numbering plan" value="reserved for national use:6" type="EnumLong" lengthBit="3"/>
            <field name="Address presentation restricted" value="spare:3" type="EnumLong" lengthBit="2"/>
            <field name="Screening" value="reserved:2" type="EnumLong" lengthBit="2"/>
            <field name="digits" value="1396531699" type="Number_BCD" length="10"/>
         </Bytes></callingPartyNumber.C53.BoxedType>
   </EstablishTemporaryConnectionArg.Sequence>
</ASN>