<?xml version="1.0" encoding="ISO-8859-15"?>

<ASN layer="CAP">
   <EventReportBCSMArg.Sequence>
      <eventTypeBCSM.C0.Enum>
         <EnumType>tDisconnect.17</EnumType>
      </eventTypeBCSM.C0.Enum>
      <eventSpecificInformationBCSM.C2.Choice>
         <routeSelectFailureSpecificInfo.C2.Sequence><failureCause.C0.BoxedType><Bytes>3a6f4d
                  <field name="ext1" value="continue:0" type="EnumLong" lengthBit="1"/>
                  <field name="Coding standard" value="ISO/IEC Standard (see Note):1" type="EnumLong" lengthBit="2"/>
                  <field name="Spare" value="1" type="Integer" lengthBit="1"/>
                  <field name="Location" value="network beyond interworking point (BI):10" type="EnumLong" lengthBit="4"/>
                  <field name="ext3" value="continue:0" type="EnumLong" lengthBit="1"/>
                  <field name="Cause value" value="Class 110 protocol error : Protocol error, unspecified:111" type="EnumLong" lengthBit="7"/>
                  <field name="Diagnostics" value="4d" type="Binary" length="1"/>
               </Bytes></failureCause.C0.BoxedType></routeSelectFailureSpecificInfo.C2.Sequence>
         <oCalledPartyBusySpecificInfo.C3.Sequence><busyCause.C0.BoxedType><Bytes>ed98af
                  <field name="ext1" value="last octet:1" type="EnumLong" lengthBit="1"/>
                  <field name="Coding standard" value="Standard specific to identified location (see Note):3" type="EnumLong" lengthBit="2"/>
                  <field name="Spare" value="0" type="Integer" lengthBit="1"/>
                  <field name="Location" value="reserved for national use:13" type="EnumLong" lengthBit="4"/>
                  <field name="ext3" value="last octet:1" type="EnumLong" lengthBit="1"/>
                  <field name="Cause value" value="24" type="EnumLong" lengthBit="7"/>
                  <field name="Diagnostics" value="af" type="Binary" length="1"/>
               </Bytes></busyCause.C0.BoxedType></oCalledPartyBusySpecificInfo.C3.Sequence>
         <oNoAnswerSpecificInfo.C4.Sequence>
            
         </oNoAnswerSpecificInfo.C4.Sequence>
         <oAnswerSpecificInfo.C5.Sequence>
            <destinationAddress.C50.BoxedType><Bytes>e49e47850636f0
                  <field name="Odd/even (O/E)" value="odd number of address signals:1" type="EnumLong" lengthBit="1"/>
                  <field name="Nature of address" value="spare:100" type="EnumLong" lengthBit="7"/>
                  <field name="Internal Network Number (INN)" value="routing to internal number not allowed:1" type="EnumLong" lengthBit="1"/>
                  <field name="Numbering plan" value="ISDN/Telephony Numbering Plan (Rec ITU-T E.164):1" type="EnumLong" lengthBit="3"/>
                  <field name="spare" value="14" type="Integer" lengthBit="4"/>
                  <field name="digits" value="745860630" type="Number_BCD" length="9"/>
               </Bytes></destinationAddress.C50.BoxedType>
            <or_Call.C51></or_Call.C51>
            <forwardedCall.C52></forwardedCall.C52>
            <chargeIndicator.C53.BoxedType><Bytes>3d12e7832738</Bytes></chargeIndicator.C53.BoxedType>
            <ext_basicServiceCode.C54.Choice>
               <ext_BearerService.C2.BoxedType><Bytes>404268</Bytes></ext_BearerService.C2.BoxedType>
               <ext_Teleservice.C3.BoxedType><Bytes>2617721112
                     <field name="Code" value="38" type="EnumLong" length="1"/>
                     <field name="Extension data" value="17721112" type="Binary" length="4"/>
                  </Bytes></ext_Teleservice.C3.BoxedType>
            </ext_basicServiceCode.C54.Choice>
            <ext_basicServiceCode2.C55.Choice>
               <ext_BearerService.C2.BoxedType><Bytes>f955be1f7e90aa</Bytes></ext_BearerService.C2.BoxedType>
               <ext_Teleservice.C3.BoxedType><Bytes>ce00000008
                     <field name="Code" value="206" type="EnumLong" length="1"/>
                     <field name="Extension data" value="00000008" type="Binary" length="4"/>
                  </Bytes></ext_Teleservice.C3.BoxedType>
            </ext_basicServiceCode2.C55.Choice>
         </oAnswerSpecificInfo.C5.Sequence>
         <oMidCallSpecificInfo.C6.Sequence><midCallEvents.C1.Choice>
               <dTMFDigitsCompleted.C3.BoxedType><Bytes>3d1774029b6b560b56f1</Bytes></dTMFDigitsCompleted.C3.BoxedType>
               <dTMFDigitsTimeOut.C4.BoxedType><Bytes>7f4b0259cc9a</Bytes></dTMFDigitsTimeOut.C4.BoxedType>
            </midCallEvents.C1.Choice></oMidCallSpecificInfo.C6.Sequence>
         <oDisconnectSpecificInfo.C7.Sequence><releaseCause.C0.BoxedType><Bytes>b3619e
                  <field name="ext1" value="last octet:1" type="EnumLong" lengthBit="1"/>
                  <field name="Coding standard" value="ISO/IEC Standard (see Note):1" type="EnumLong" lengthBit="2"/>
                  <field name="Spare" value="1" type="Integer" lengthBit="1"/>
                  <field name="Location" value="transit network (TN):3" type="EnumLong" lengthBit="4"/>
                  <field name="ext3" value="continue:0" type="EnumLong" lengthBit="1"/>
                  <field name="Cause value" value="Class 110 protocol error : Message type non-existent or not implemented:97" type="EnumLong" lengthBit="7"/>
                  <field name="Diagnostics" value="9e" type="Binary" length="1"/>
               </Bytes></releaseCause.C0.BoxedType></oDisconnectSpecificInfo.C7.Sequence>
         <tBusySpecificInfo.C8.Sequence>
            <busyCause.C0.BoxedType><Bytes>f8f55e
                  <field name="ext1" value="last octet:1" type="EnumLong" lengthBit="1"/>
                  <field name="Coding standard" value="Standard specific to identified location (see Note):3" type="EnumLong" lengthBit="2"/>
                  <field name="Spare" value="1" type="Integer" lengthBit="1"/>
                  <field name="Location" value="spare:8" type="EnumLong" lengthBit="4"/>
                  <field name="ext3" value="last octet:1" type="EnumLong" lengthBit="1"/>
                  <field name="Cause value" value="117" type="EnumLong" lengthBit="7"/>
                  <field name="Diagnostics" value="5e" type="Binary" length="1"/>
               </Bytes></busyCause.C0.BoxedType>
            <callForwarded.C50></callForwarded.C50>
            <routeNotPermitted.C51></routeNotPermitted.C51>
            <forwardingDestinationNumber.C52.BoxedType><Bytes>77db6139642387
                  <field name="Odd/even (O/E)" value="even number of address signals:0" type="EnumLong" lengthBit="1"/>
                  <field name="Nature of address" value="reserved for national use:119" type="EnumLong" lengthBit="7"/>
                  <field name="Internal Network Number (INN)" value="routing to internal number not allowed:1" type="EnumLong" lengthBit="1"/>
                  <field name="Numbering plan" value="private numbering plan:5" type="EnumLong" lengthBit="3"/>
                  <field name="spare" value="11" type="Integer" lengthBit="4"/>
                  <field name="digits" value="1693463278" type="Number_BCD" length="10"/>
               </Bytes></forwardingDestinationNumber.C52.BoxedType>
         </tBusySpecificInfo.C8.Sequence>
         <tNoAnswerSpecificInfo.C9.Sequence>
            <callForwarded.C50></callForwarded.C50>
            <forwardingDestinationNumber.C52.BoxedType><Bytes>b2533194927729
                  <field name="Odd/even (O/E)" value="odd number of address signals:1" type="EnumLong" lengthBit="1"/>
                  <field name="Nature of address" value="spare:50" type="EnumLong" lengthBit="7"/>
                  <field name="Internal Network Number (INN)" value="routing to internal number allowed:0" type="EnumLong" lengthBit="1"/>
                  <field name="Numbering plan" value="private numbering plan:5" type="EnumLong" lengthBit="3"/>
                  <field name="spare" value="3" type="Integer" lengthBit="4"/>
                  <field name="digits" value="1349297792" type="Number_BCD" length="10"/>
               </Bytes></forwardingDestinationNumber.C52.BoxedType>
         </tNoAnswerSpecificInfo.C9.Sequence>
         <tAnswerSpecificInfo.C10.Sequence>
            <destinationAddress.C50.BoxedType><Bytes>071278853510f1
                  <field name="Odd/even (O/E)" value="even number of address signals:0" type="EnumLong" lengthBit="1"/>
                  <field name="Nature of address" value="network routing number in network-specific number format (national use):7" type="EnumLong" lengthBit="7"/>
                  <field name="Internal Network Number (INN)" value="routing to internal number allowed:0" type="EnumLong" lengthBit="1"/>
                  <field name="Numbering plan" value="ISDN/Telephony Numbering Plan (Rec ITU-T E.164):1" type="EnumLong" lengthBit="3"/>
                  <field name="spare" value="2" type="Integer" lengthBit="4"/>
                  <field name="digits" value="875853011" type="Number_BCD" length="9"/>
               </Bytes></destinationAddress.C50.BoxedType>
            <or_Call.C51></or_Call.C51>
            <forwardedCall.C52></forwardedCall.C52>
            <chargeIndicator.C53.BoxedType><Bytes>6f3005</Bytes></chargeIndicator.C53.BoxedType>
            <ext_basicServiceCode.C54.Choice>
               <ext_BearerService.C2.BoxedType><Bytes>0606</Bytes></ext_BearerService.C2.BoxedType>
               <ext_Teleservice.C3.BoxedType><Bytes>000000410f
                     <field name="Code" value="allTeleservices:0" type="EnumLong" length="1"/>
                     <field name="Extension data" value="0000410f" type="Binary" length="4"/>
                  </Bytes></ext_Teleservice.C3.BoxedType>
            </ext_basicServiceCode.C54.Choice>
            <ext_basicServiceCode2.C55.Choice>
               <ext_BearerService.C2.BoxedType><Bytes>47b6</Bytes></ext_BearerService.C2.BoxedType>
               <ext_Teleservice.C3.BoxedType><Bytes>b9c9091c52
                     <field name="Code" value="185" type="EnumLong" length="1"/>
                     <field name="Extension data" value="c9091c52" type="Binary" length="4"/>
                  </Bytes></ext_Teleservice.C3.BoxedType>
            </ext_basicServiceCode2.C55.Choice>
         </tAnswerSpecificInfo.C10.Sequence>
         <tMidCallSpecificInfo.C11.Sequence><midCallEvents.C1.Choice>
               <dTMFDigitsCompleted.C3.BoxedType><Bytes>d6b2d77da5</Bytes></dTMFDigitsCompleted.C3.BoxedType>
               <dTMFDigitsTimeOut.C4.BoxedType><Bytes>89ad92ef2fb49c1a83</Bytes></dTMFDigitsTimeOut.C4.BoxedType>
            </midCallEvents.C1.Choice></tMidCallSpecificInfo.C11.Sequence>
         <tDisconnectSpecificInfo.C12.Sequence><releaseCause.C0.BoxedType><Bytes>1c547c
                  <field name="ext1" value="continue:0" type="EnumLong" lengthBit="1"/>
                  <field name="Coding standard" value="ITU-T standardized coding, as described below:0" type="EnumLong" lengthBit="2"/>
                  <field name="Spare" value="1" type="Integer" lengthBit="1"/>
                  <field name="Location" value="reserved for national use:12" type="EnumLong" lengthBit="4"/>
                  <field name="ext3" value="continue:0" type="EnumLong" lengthBit="1"/>
                  <field name="Cause value" value="Class 101 invalid message : Call identity in use:84" type="EnumLong" lengthBit="7"/>
                  <field name="Diagnostics" value="7c" type="Binary" length="1"/>
               </Bytes></releaseCause.C0.BoxedType></tDisconnectSpecificInfo.C12.Sequence>
         <oTermSeizedSpecificInfo.C13.Sequence><locationInformation.C50.Sequence>
               <ageOfLocationInformation.BoxedType><Integer>[1-32766] minuts:1</Integer></ageOfLocationInformation.BoxedType>
               <geographicalInformation.C0.BoxedType><Bytes>6d51ab5e8a39caaa
                     <field name="TypeOfShape" value="Reserved for future use:6" type="EnumLong" lengthBit="4"/>
                     <field name="spare" value="13" type="Integer" lengthBit="4"/>
                     <field name="DegreesOfLatitude" value="5352286" type="Integer" length="3"/>
                     <field name="DegreesOfLongitude" value="9058762" type="Integer" length="3"/>
                     <field name="UncertaintyCode" value="170" type="Integer" length="1"/>
                  </Bytes></geographicalInformation.C0.BoxedType>
               <vlr_number.C1.BoxedType><AddressString.BoxedType><Bytes>4e47941453f7
                        <field name="extension" value="extension:0" type="EnumLong" lengthBit="1"/>
                        <field name="nature of address" value="subscriber number:4" type="EnumLong" lengthBit="3"/>
                        <field name="numbering plan" value="14" type="EnumLong" lengthBit="4"/>
                        <field name="digits" value="744941357" type="Number_BCD" length="9"/>
                     </Bytes></AddressString.BoxedType></vlr_number.C1.BoxedType>
               <locationNumber.C2.BoxedType><Bytes>7f2614000773f7
                     <field name="Odd/even (O/E)" value="even number of address signals:0" type="EnumLong" lengthBit="1"/>
                     <field name="Nature of address" value="reserved for extension:127" type="EnumLong" lengthBit="7"/>
                     <field name="Internal Network Number (INN)" value="routing to internal number allowed:0" type="EnumLong" lengthBit="1"/>
                     <field name="Numbering plan" value="spare:2" type="EnumLong" lengthBit="3"/>
                     <field name="Address presentation restricted" value="presentation restricted:1" type="EnumLong" lengthBit="2"/>
                     <field name="Screening" value="reserved:2" type="EnumLong" lengthBit="2"/>
                     <field name="digits" value="410070377" type="Number_BCD" length="9"/>
                  </Bytes></locationNumber.C2.BoxedType>
               <cellGlobalIdOrServiceAreaIdOrLAI.C3.Choice>
                  <cellGlobalIdOrServiceAreaIdFixedLength.C0.BoxedType><Bytes>51f1991d9c1fde
                        <field name="MMC" value="151,99" type="NumberMMC" length="3"/>
                        <field name="LAC" value="7580" type="Integer" length="2"/>
                        <field name="CI_SAC" value="8158" type="Integer" length="2"/>
                     </Bytes></cellGlobalIdOrServiceAreaIdFixedLength.C0.BoxedType>
                  <laiFixedLength.C1.BoxedType><Bytes>32f6692fa1
                        <field name="MMC" value="236,96" type="NumberMMC" length="3"/>
                        <field name="LAC" value="12193" type="Integer" length="2"/>
                     </Bytes></laiFixedLength.C1.BoxedType>
               </cellGlobalIdOrServiceAreaIdOrLAI.C3.Choice>
               <extensionContainer.C4.Sequence>
                  <privateExtensionList.C0.BoxedType>
                     <Collection>
                        <PrivateExtension.Sequence>
                           <extId><ObjectIdentifier>0.1.2119.119.88</ObjectIdentifier></extId>
                           <extType>4e7c</extType>
                        </PrivateExtension.Sequence>
                        <PrivateExtension.Sequence>
                           <extId><ObjectIdentifier>0.1.297.102</ObjectIdentifier></extId>
                           <extType>838111cd</extType>
                        </PrivateExtension.Sequence>
                        <PrivateExtension.Sequence>
                           <extId><ObjectIdentifier>0.1.268.119</ObjectIdentifier></extId>
                           <extType>6302769ca656ee65e8</extType>
                        </PrivateExtension.Sequence>
                     </Collection>
                  </privateExtensionList.C0.BoxedType>
                  <pcs_Extensions.C1.Sequence>
                     
                  </pcs_Extensions.C1.Sequence>
               </extensionContainer.C4.Sequence>
               <selectedLSA_Id.C5.BoxedType><Bytes>fbae8f
                     <field name="LSA type" value="Universal LSA number:1" type="EnumLong" lengthBit="1"/>
                     <field name="Identifier" value="8105615" type="Integer" lengthBit="23"/>
                  </Bytes></selectedLSA_Id.C5.BoxedType>
               <msc_Number.C6.BoxedType><AddressString.BoxedType><Bytes>8895193719
                        <field name="extension" value="no extension:1" type="EnumLong" lengthBit="1"/>
                        <field name="nature of address" value="unknown:0" type="EnumLong" lengthBit="3"/>
                        <field name="numbering plan" value="national numbering plan:8" type="EnumLong" lengthBit="4"/>
                        <field name="digits" value="59917391" type="Number_BCD" length="8"/>
                     </Bytes></AddressString.BoxedType></msc_Number.C6.BoxedType>
               <geodeticInformation.C7.BoxedType><Bytes>861eb8195efbe1e24b32
                     <field name="spare" value="8" type="Integer" lengthBit="4"/>
                     <field name="LPRI" value="presentation restricted:1" type="EnumLong" lengthBit="2"/>
                     <field name="screnning" value="user provided, verified and failed:2" type="EnumLong" lengthBit="2"/>
                     <field name="ext" value="0" type="Integer" lengthBit="1"/>
                     <field name="TypeOfShape" value="spare:30" type="EnumLong" lengthBit="7"/>
                     <field name="DegreesOfLatitude" value="12065118" type="Integer" length="3"/>
                     <field name="DegreesOfLongitude" value="16507362" type="Integer" length="3"/>
                     <field name="UncertaintyCode" value="75" type="Integer" length="1"/>
                     <field name="Confidence" value="50" type="Integer" length="1"/>
                  </Bytes></geodeticInformation.C7.BoxedType>
               <currentLocationRetrieved.C8></currentLocationRetrieved.C8>
               <sai_Present.C9></sai_Present.C9>
               <locationInformationEPS.C10.Sequence>
                  <e_utranCellGlobalIdentity.C0.BoxedType><Bytes>66bc8e11456437</Bytes></e_utranCellGlobalIdentity.C0.BoxedType>
                  <trackingAreaIdentity.C1.BoxedType><Bytes>76d1fd96eeb4cb</Bytes></trackingAreaIdentity.C1.BoxedType>
                  <extensionContainer.C2.Sequence>
                     <privateExtensionList.C0.BoxedType>
                        <Collection>
                           <PrivateExtension.Sequence>
                              <extId><ObjectIdentifier>0.1.2108.94.3.15.89.56.106.113</ObjectIdentifier></extId>
                              <extType>b8ce80cc14</extType>
                           </PrivateExtension.Sequence>
                           <PrivateExtension.Sequence>
                              <extId><ObjectIdentifier>0.1.227.80.28.97.109.95.55.59</ObjectIdentifier></extId>
                              <extType>3bbcca641298e88464</extType>
                           </PrivateExtension.Sequence>
                           <PrivateExtension.Sequence>
                              <extId><ObjectIdentifier>0.1.211.83.119.99.53.118.62</ObjectIdentifier></extId>
                              <extType>11b4b8</extType>
                           </PrivateExtension.Sequence>
                        </Collection>
                     </privateExtensionList.C0.BoxedType>
                     <pcs_Extensions.C1.Sequence>
                        
                     </pcs_Extensions.C1.Sequence>
                  </extensionContainer.C2.Sequence>
                  <geographicalInformation.C3.BoxedType><Bytes>e148bc8eddba742b
                        <field name="TypeOfShape" value="Reserved for future use:14" type="EnumLong" lengthBit="4"/>
                        <field name="spare" value="1" type="Integer" lengthBit="4"/>
                        <field name="DegreesOfLatitude" value="4766862" type="Integer" length="3"/>
                        <field name="DegreesOfLongitude" value="14531188" type="Integer" length="3"/>
                        <field name="UncertaintyCode" value="43" type="Integer" length="1"/>
                     </Bytes></geographicalInformation.C3.BoxedType>
                  <geodeticInformation.C4.BoxedType><Bytes>b0acc36886b3bb27fcc0
                        <field name="spare" value="11" type="Integer" lengthBit="4"/>
                        <field name="LPRI" value="presentation allowed:0" type="EnumLong" lengthBit="2"/>
                        <field name="screnning" value="user provided, not verified:0" type="EnumLong" lengthBit="2"/>
                        <field name="ext" value="1" type="Integer" lengthBit="1"/>
                        <field name="TypeOfShape" value="spare:44" type="EnumLong" lengthBit="7"/>
                        <field name="DegreesOfLatitude" value="12806278" type="Integer" length="3"/>
                        <field name="DegreesOfLongitude" value="11778855" type="Integer" length="3"/>
                        <field name="UncertaintyCode" value="252" type="Integer" length="1"/>
                        <field name="Confidence" value="192" type="Integer" length="1"/>
                     </Bytes></geodeticInformation.C4.BoxedType>
                  <currentLocationRetrieved.C5></currentLocationRetrieved.C5>
                  <ageOfLocationInformation.C6.BoxedType><Integer>[1-32766] minuts:1</Integer></ageOfLocationInformation.C6.BoxedType>
                  <mme_Name.C7.BoxedType><Bytes>a997554d</Bytes></mme_Name.C7.BoxedType>
               </locationInformationEPS.C10.Sequence>
               <userCSGInformation.C11.Sequence>
                  <csg_Id.C0.BoxedType><BitString><BitString value="2fd865088f5082ee73c4b00b" trailing="0"/></BitString></csg_Id.C0.BoxedType>
                  <extensionContainer.C1.Sequence>
                     <privateExtensionList.C0.BoxedType>
                        <Collection>
                           <PrivateExtension.Sequence>
                              <extId><ObjectIdentifier>0.1.223</ObjectIdentifier></extId>
                              <extType>c853d98ca1ea1b6afd</extType>
                           </PrivateExtension.Sequence>
                           <PrivateExtension.Sequence>
                              <extId><ObjectIdentifier>0.1.212.120.109</ObjectIdentifier></extId>
                              <extType>d31a423405339bc6532f</extType>
                           </PrivateExtension.Sequence>
                           <PrivateExtension.Sequence>
                              <extId><ObjectIdentifier>0.1.283</ObjectIdentifier></extId>
                              <extType>3fc144b0dda9ab67af</extType>
                           </PrivateExtension.Sequence>
                        </Collection>
                     </privateExtensionList.C0.BoxedType>
                     <pcs_Extensions.C1.Sequence>
                        
                     </pcs_Extensions.C1.Sequence>
                  </extensionContainer.C1.Sequence>
                  <accessMode.C2>46ca53dff486</accessMode.C2>
                  <cmi.C3>007a7be0ac542103</cmi.C3>
               </userCSGInformation.C11.Sequence>
            </locationInformation.C50.Sequence></oTermSeizedSpecificInfo.C13.Sequence>
         <callAcceptedSpecificInfo.C20.Sequence><locationInformation.C50.Sequence>
               <ageOfLocationInformation.BoxedType><Integer>[1-32766] minuts:1</Integer></ageOfLocationInformation.BoxedType>
               <geographicalInformation.C0.BoxedType><Bytes>ee768bdf422edf86
                     <field name="TypeOfShape" value="Reserved for future use:14" type="EnumLong" lengthBit="4"/>
                     <field name="spare" value="14" type="Integer" lengthBit="4"/>
                     <field name="DegreesOfLatitude" value="7769055" type="Integer" length="3"/>
                     <field name="DegreesOfLongitude" value="4337375" type="Integer" length="3"/>
                     <field name="UncertaintyCode" value="134" type="Integer" length="1"/>
                  </Bytes></geographicalInformation.C0.BoxedType>
               <vlr_number.C1.BoxedType><AddressString.BoxedType><Bytes>a33104922366
                        <field name="extension" value="no extension:1" type="EnumLong" lengthBit="1"/>
                        <field name="nature of address" value="national significant number:2" type="EnumLong" lengthBit="3"/>
                        <field name="numbering plan" value="data numbering plan (ITU-T Rec X.121):3" type="EnumLong" lengthBit="4"/>
                        <field name="digits" value="1340293266" type="Number_BCD" length="10"/>
                     </Bytes></AddressString.BoxedType></vlr_number.C1.BoxedType>
               <locationNumber.C2.BoxedType><Bytes>676561274460f3
                     <field name="Odd/even (O/E)" value="even number of address signals:0" type="EnumLong" lengthBit="1"/>
                     <field name="Nature of address" value="spare:103" type="EnumLong" lengthBit="7"/>
                     <field name="Internal Network Number (INN)" value="routing to internal number allowed:0" type="EnumLong" lengthBit="1"/>
                     <field name="Numbering plan" value="reserved for national use:6" type="EnumLong" lengthBit="3"/>
                     <field name="Address presentation restricted" value="presentation restricted:1" type="EnumLong" lengthBit="2"/>
                     <field name="Screening" value="user provided, verified and passed:1" type="EnumLong" lengthBit="2"/>
                     <field name="digits" value="167244063" type="Number_BCD" length="9"/>
                  </Bytes></locationNumber.C2.BoxedType>
               <cellGlobalIdOrServiceAreaIdOrLAI.C3.Choice>
                  <cellGlobalIdOrServiceAreaIdFixedLength.C0.BoxedType><Bytes>01f706747c7971
                        <field name="MMC" value="107,60" type="NumberMMC" length="3"/>
                        <field name="LAC" value="29820" type="Integer" length="2"/>
                        <field name="CI_SAC" value="31089" type="Integer" length="2"/>
                     </Bytes></cellGlobalIdOrServiceAreaIdFixedLength.C0.BoxedType>
                  <laiFixedLength.C1.BoxedType><Bytes>116271636e
                        <field name="MMC" value="112,176" type="NumberMMC" length="3"/>
                        <field name="LAC" value="25454" type="Integer" length="2"/>
                     </Bytes></laiFixedLength.C1.BoxedType>
               </cellGlobalIdOrServiceAreaIdOrLAI.C3.Choice>
               <extensionContainer.C4.Sequence>
                  <privateExtensionList.C0.BoxedType>
                     <Collection>
                        <PrivateExtension.Sequence>
                           <extId><ObjectIdentifier>0.1.2103</ObjectIdentifier></extId>
                           <extType>1a1cf741fecd953e</extType>
                        </PrivateExtension.Sequence>
                        <PrivateExtension.Sequence>
                           <extId><ObjectIdentifier>0.1.2</ObjectIdentifier></extId>
                           <extType>6676c42b3d0ee66b7cf7</extType>
                        </PrivateExtension.Sequence>
                        <PrivateExtension.Sequence>
                           <extId><ObjectIdentifier>0.1.282.9.13.59.119.23</ObjectIdentifier></extId>
                           <extType>abfe</extType>
                        </PrivateExtension.Sequence>
                     </Collection>
                  </privateExtensionList.C0.BoxedType>
                  <pcs_Extensions.C1.Sequence>
                     
                  </pcs_Extensions.C1.Sequence>
               </extensionContainer.C4.Sequence>
               <selectedLSA_Id.C5.BoxedType><Bytes>8f37c2
                     <field name="LSA type" value="Universal LSA number:1" type="EnumLong" lengthBit="1"/>
                     <field name="Identifier" value="997314" type="Integer" lengthBit="23"/>
                  </Bytes></selectedLSA_Id.C5.BoxedType>
               <msc_Number.C6.BoxedType><AddressString.BoxedType><Bytes>6619341738f8
                        <field name="extension" value="extension:0" type="EnumLong" lengthBit="1"/>
                        <field name="nature of address" value="abbreviated number:6" type="EnumLong" lengthBit="3"/>
                        <field name="numbering plan" value="land mobile numbering plan (ITU-T Rec E.212):6" type="EnumLong" lengthBit="4"/>
                        <field name="digits" value="914371838" type="Number_BCD" length="9"/>
                     </Bytes></AddressString.BoxedType></msc_Number.C6.BoxedType>
               <geodeticInformation.C7.BoxedType><Bytes>45a1de51953610f287c1
                     <field name="spare" value="4" type="Integer" lengthBit="4"/>
                     <field name="LPRI" value="presentation restricted:1" type="EnumLong" lengthBit="2"/>
                     <field name="screnning" value="user provided, verified and passed:1" type="EnumLong" lengthBit="2"/>
                     <field name="ext" value="1" type="Integer" lengthBit="1"/>
                     <field name="TypeOfShape" value="spare:33" type="EnumLong" lengthBit="7"/>
                     <field name="DegreesOfLatitude" value="14569877" type="Integer" length="3"/>
                     <field name="DegreesOfLongitude" value="3543282" type="Integer" length="3"/>
                     <field name="UncertaintyCode" value="135" type="Integer" length="1"/>
                     <field name="Confidence" value="193" type="Integer" length="1"/>
                  </Bytes></geodeticInformation.C7.BoxedType>
               <currentLocationRetrieved.C8></currentLocationRetrieved.C8>
               <sai_Present.C9></sai_Present.C9>
               <locationInformationEPS.C10.Sequence>
                  <e_utranCellGlobalIdentity.C0.BoxedType><Bytes>e6</Bytes></e_utranCellGlobalIdentity.C0.BoxedType>
                  <trackingAreaIdentity.C1.BoxedType><Bytes>613dd3202bf49cb2</Bytes></trackingAreaIdentity.C1.BoxedType>
                  <extensionContainer.C2.Sequence>
                     <privateExtensionList.C0.BoxedType>
                        <Collection>
                           <PrivateExtension.Sequence>
                              <extId><ObjectIdentifier>0.1.2111.100.51.125.59.32.52.126</ObjectIdentifier></extId>
                              <extType>a8199ba1</extType>
                           </PrivateExtension.Sequence>
                           <PrivateExtension.Sequence>
                              <extId><ObjectIdentifier>0.1.276.52.100.83.7.8.50</ObjectIdentifier></extId>
                              <extType>cdd830</extType>
                           </PrivateExtension.Sequence>
                           <PrivateExtension.Sequence>
                              <extId><ObjectIdentifier>0.1.24.126.20.79.79.110.78.76.98.57</ObjectIdentifier></extId>
                              <extType>1decfce1467ed11b</extType>
                           </PrivateExtension.Sequence>
                        </Collection>
                     </privateExtensionList.C0.BoxedType>
                     <pcs_Extensions.C1.Sequence>
                        
                     </pcs_Extensions.C1.Sequence>
                  </extensionContainer.C2.Sequence>
                  <geographicalInformation.C3.BoxedType><Bytes>77b4befa3f34d777
                        <field name="TypeOfShape" value="Reserved for future use:7" type="EnumLong" lengthBit="4"/>
                        <field name="spare" value="7" type="Integer" lengthBit="4"/>
                        <field name="DegreesOfLatitude" value="11845370" type="Integer" length="3"/>
                        <field name="DegreesOfLongitude" value="4142295" type="Integer" length="3"/>
                        <field name="UncertaintyCode" value="119" type="Integer" length="1"/>
                     </Bytes></geographicalInformation.C3.BoxedType>
                  <geodeticInformation.C4.BoxedType><Bytes>2b37f6e217509357cf5a
                        <field name="spare" value="2" type="Integer" lengthBit="4"/>
                        <field name="LPRI" value="location not available (Note):2" type="EnumLong" lengthBit="2"/>
                        <field name="screnning" value="network provided:3" type="EnumLong" lengthBit="2"/>
                        <field name="ext" value="0" type="Integer" lengthBit="1"/>
                        <field name="TypeOfShape" value="spare:55" type="EnumLong" lengthBit="7"/>
                        <field name="DegreesOfLatitude" value="16179735" type="Integer" length="3"/>
                        <field name="DegreesOfLongitude" value="5280599" type="Integer" length="3"/>
                        <field name="UncertaintyCode" value="207" type="Integer" length="1"/>
                        <field name="Confidence" value="90" type="Integer" length="1"/>
                     </Bytes></geodeticInformation.C4.BoxedType>
                  <currentLocationRetrieved.C5></currentLocationRetrieved.C5>
                  <ageOfLocationInformation.C6.BoxedType><Integer>[1-32766] minuts:1</Integer></ageOfLocationInformation.C6.BoxedType>
                  <mme_Name.C7.BoxedType><Bytes>9751bad194</Bytes></mme_Name.C7.BoxedType>
               </locationInformationEPS.C10.Sequence>
               <userCSGInformation.C11.Sequence>
                  <csg_Id.C0.BoxedType><BitString><BitString value="44895aa76f5741dbeb8c3a6b8e60eb66f2b2f1" trailing="0"/></BitString></csg_Id.C0.BoxedType>
                  <extensionContainer.C1.Sequence>
                     <privateExtensionList.C0.BoxedType>
                        <Collection>
                           <PrivateExtension.Sequence>
                              <extId><ObjectIdentifier>0.1.2121.89.7.104.84.79.31.7.83.58</ObjectIdentifier></extId>
                              <extType>85</extType>
                           </PrivateExtension.Sequence>
                           <PrivateExtension.Sequence>
                              <extId><ObjectIdentifier>0.1.222</ObjectIdentifier></extId>
                              <extType>1751497f76</extType>
                           </PrivateExtension.Sequence>
                           <PrivateExtension.Sequence>
                              <extId><ObjectIdentifier>0.1.218.32.96.72.111.86.53.45.39</ObjectIdentifier></extId>
                              <extType>379afefc</extType>
                           </PrivateExtension.Sequence>
                        </Collection>
                     </privateExtensionList.C0.BoxedType>
                     <pcs_Extensions.C1.Sequence>
                        
                     </pcs_Extensions.C1.Sequence>
                  </extensionContainer.C1.Sequence>
                  <accessMode.C2>9b4122</accessMode.C2>
                  <cmi.C3>599c6d58b88b9aac9e</cmi.C3>
               </userCSGInformation.C11.Sequence>
            </locationInformation.C50.Sequence></callAcceptedSpecificInfo.C20.Sequence>
         <oAbandonSpecificInfo.C21.Sequence><routeNotPermitted.C50></routeNotPermitted.C50></oAbandonSpecificInfo.C21.Sequence>
         <oChangeOfPositionSpecificInfo.C50.Sequence>
            <locationInformation.C50.Sequence>
               <ageOfLocationInformation.BoxedType><Integer>2 minuts:2</Integer></ageOfLocationInformation.BoxedType>
               <geographicalInformation.C0.BoxedType><Bytes>c862a9c22a835ea4
                     <field name="TypeOfShape" value="Reserved for future use:12" type="EnumLong" lengthBit="4"/>
                     <field name="spare" value="8" type="Integer" lengthBit="4"/>
                     <field name="DegreesOfLatitude" value="6465986" type="Integer" length="3"/>
                     <field name="DegreesOfLongitude" value="2786142" type="Integer" length="3"/>
                     <field name="UncertaintyCode" value="164" type="Integer" length="1"/>
                  </Bytes></geographicalInformation.C0.BoxedType>
               <vlr_number.C1.BoxedType><AddressString.BoxedType><Bytes>9d2151681124
                        <field name="extension" value="no extension:1" type="EnumLong" lengthBit="1"/>
                        <field name="nature of address" value="international number:1" type="EnumLong" lengthBit="3"/>
                        <field name="numbering plan" value="13" type="EnumLong" lengthBit="4"/>
                        <field name="digits" value="1215861142" type="Number_BCD" length="10"/>
                     </Bytes></AddressString.BoxedType></vlr_number.C1.BoxedType>
               <locationNumber.C2.BoxedType><Bytes>ffbd4140814214
                     <field name="Odd/even (O/E)" value="odd number of address signals:1" type="EnumLong" lengthBit="1"/>
                     <field name="Nature of address" value="reserved for extension:127" type="EnumLong" lengthBit="7"/>
                     <field name="Internal Network Number (INN)" value="routing to internal number not allowed:1" type="EnumLong" lengthBit="1"/>
                     <field name="Numbering plan" value="Data numbering plan (ITU-T Recommendation X.121):3" type="EnumLong" lengthBit="3"/>
                     <field name="Address presentation restricted" value="spare:3" type="EnumLong" lengthBit="2"/>
                     <field name="Screening" value="user provided, verified and passed:1" type="EnumLong" lengthBit="2"/>
                     <field name="digits" value="1404182441" type="Number_BCD" length="10"/>
                  </Bytes></locationNumber.C2.BoxedType>
               <cellGlobalIdOrServiceAreaIdOrLAI.C3.Choice>
                  <cellGlobalIdOrServiceAreaIdFixedLength.C0.BoxedType><Bytes>42f094e326eb23
                        <field name="MMC" value="240,49" type="NumberMMC" length="3"/>
                        <field name="LAC" value="58150" type="Integer" length="2"/>
                        <field name="CI_SAC" value="60195" type="Integer" length="2"/>
                     </Bytes></cellGlobalIdOrServiceAreaIdFixedLength.C0.BoxedType>
                  <laiFixedLength.C1.BoxedType><Bytes>21f2491373
                        <field name="MMC" value="122,94" type="NumberMMC" length="3"/>
                        <field name="LAC" value="4979" type="Integer" length="2"/>
                     </Bytes></laiFixedLength.C1.BoxedType>
               </cellGlobalIdOrServiceAreaIdOrLAI.C3.Choice>
               <extensionContainer.C4.Sequence>
                  <privateExtensionList.C0.BoxedType>
                     <Collection>
                        <PrivateExtension.Sequence>
                           <extId><ObjectIdentifier>0.1.2123.67.66.41.4.13.91.99.47</ObjectIdentifier></extId>
                           <extType>e554</extType>
                        </PrivateExtension.Sequence>
                        <PrivateExtension.Sequence>
                           <extId><ObjectIdentifier>0.1.298.82.32.64.1</ObjectIdentifier></extId>
                           <extType>c3111352</extType>
                        </PrivateExtension.Sequence>
                        <PrivateExtension.Sequence>
                           <extId><ObjectIdentifier>0.1.217.84.98</ObjectIdentifier></extId>
                           <extType>43dd87ab00</extType>
                        </PrivateExtension.Sequence>
                     </Collection>
                  </privateExtensionList.C0.BoxedType>
                  <pcs_Extensions.C1.Sequence>
                     
                  </pcs_Extensions.C1.Sequence>
               </extensionContainer.C4.Sequence>
               <selectedLSA_Id.C5.BoxedType><Bytes>edb536
                     <field name="LSA type" value="Universal LSA number:1" type="EnumLong" lengthBit="1"/>
                     <field name="Identifier" value="7189814" type="Integer" lengthBit="23"/>
                  </Bytes></selectedLSA_Id.C5.BoxedType>
               <msc_Number.C6.BoxedType><AddressString.BoxedType><Bytes>bb78184120
                        <field name="extension" value="no extension:1" type="EnumLong" lengthBit="1"/>
                        <field name="nature of address" value="network specific number:3" type="EnumLong" lengthBit="3"/>
                        <field name="numbering plan" value="11" type="EnumLong" lengthBit="4"/>
                        <field name="digits" value="87811402" type="Number_BCD" length="8"/>
                     </Bytes></AddressString.BoxedType></msc_Number.C6.BoxedType>
               <geodeticInformation.C7.BoxedType><Bytes>c83defda24e1fba3a64f
                     <field name="spare" value="12" type="Integer" lengthBit="4"/>
                     <field name="LPRI" value="location not available (Note):2" type="EnumLong" lengthBit="2"/>
                     <field name="screnning" value="user provided, not verified:0" type="EnumLong" lengthBit="2"/>
                     <field name="ext" value="0" type="Integer" lengthBit="1"/>
                     <field name="TypeOfShape" value="spare:61" type="EnumLong" lengthBit="7"/>
                     <field name="DegreesOfLatitude" value="15718948" type="Integer" length="3"/>
                     <field name="DegreesOfLongitude" value="14810019" type="Integer" length="3"/>
                     <field name="UncertaintyCode" value="166" type="Integer" length="1"/>
                     <field name="Confidence" value="79" type="Integer" length="1"/>
                  </Bytes></geodeticInformation.C7.BoxedType>
               <currentLocationRetrieved.C8></currentLocationRetrieved.C8>
               <sai_Present.C9></sai_Present.C9>
               <locationInformationEPS.C10.Sequence>
                  <e_utranCellGlobalIdentity.C0.BoxedType><Bytes>67e95ca0</Bytes></e_utranCellGlobalIdentity.C0.BoxedType>
                  <trackingAreaIdentity.C1.BoxedType><Bytes>a394e90c23ba3f8f</Bytes></trackingAreaIdentity.C1.BoxedType>
                  <extensionContainer.C2.Sequence>
                     <privateExtensionList.C0.BoxedType>
                        <Collection>
                           <PrivateExtension.Sequence>
                              <extId><ObjectIdentifier>0.1.2</ObjectIdentifier></extId>
                              <extType>20df0d63dc2b</extType>
                           </PrivateExtension.Sequence>
                           <PrivateExtension.Sequence>
                              <extId><ObjectIdentifier>0.1.222.34.87.87.36</ObjectIdentifier></extId>
                              <extType>a9</extType>
                           </PrivateExtension.Sequence>
                           <PrivateExtension.Sequence>
                              <extId><ObjectIdentifier>0.1.2</ObjectIdentifier></extId>
                              <extType>e1b2</extType>
                           </PrivateExtension.Sequence>
                        </Collection>
                     </privateExtensionList.C0.BoxedType>
                     <pcs_Extensions.C1.Sequence>
                        
                     </pcs_Extensions.C1.Sequence>
                  </extensionContainer.C2.Sequence>
                  <geographicalInformation.C3.BoxedType><Bytes>b36ec2356957b547
                        <field name="TypeOfShape" value="Reserved for future use:11" type="EnumLong" lengthBit="4"/>
                        <field name="spare" value="3" type="Integer" lengthBit="4"/>
                        <field name="DegreesOfLatitude" value="7258677" type="Integer" length="3"/>
                        <field name="DegreesOfLongitude" value="6903733" type="Integer" length="3"/>
                        <field name="UncertaintyCode" value="71" type="Integer" length="1"/>
                     </Bytes></geographicalInformation.C3.BoxedType>
                  <geodeticInformation.C4.BoxedType><Bytes>5605fbabd26f2fcee572
                        <field name="spare" value="5" type="Integer" lengthBit="4"/>
                        <field name="LPRI" value="presentation restricted:1" type="EnumLong" lengthBit="2"/>
                        <field name="screnning" value="user provided, verified and failed:2" type="EnumLong" lengthBit="2"/>
                        <field name="ext" value="0" type="Integer" lengthBit="1"/>
                        <field name="TypeOfShape" value="polygon:5" type="EnumLong" lengthBit="7"/>
                        <field name="DegreesOfLatitude" value="16493522" type="Integer" length="3"/>
                        <field name="DegreesOfLongitude" value="7286734" type="Integer" length="3"/>
                        <field name="UncertaintyCode" value="229" type="Integer" length="1"/>
                        <field name="Confidence" value="114" type="Integer" length="1"/>
                     </Bytes></geodeticInformation.C4.BoxedType>
                  <currentLocationRetrieved.C5></currentLocationRetrieved.C5>
                  <ageOfLocationInformation.C6.BoxedType><Integer>2 minuts:2</Integer></ageOfLocationInformation.C6.BoxedType>
                  <mme_Name.C7.BoxedType><Bytes>1b5eac4e436a</Bytes></mme_Name.C7.BoxedType>
               </locationInformationEPS.C10.Sequence>
               <userCSGInformation.C11.Sequence>
                  <csg_Id.C0.BoxedType><BitString><BitString value="2e506d01651c843199476293e3f2d5" trailing="0"/></BitString></csg_Id.C0.BoxedType>
                  <extensionContainer.C1.Sequence>
                     <privateExtensionList.C0.BoxedType>
                        <Collection>
                           <PrivateExtension.Sequence>
                              <extId><ObjectIdentifier>0.1.2111</ObjectIdentifier></extId>
                              <extType>9496030e</extType>
                           </PrivateExtension.Sequence>
                           <PrivateExtension.Sequence>
                              <extId><ObjectIdentifier>0.1.225.39.126.120.3.101.117.16</ObjectIdentifier></extId>
                              <extType>8ac842e91a</extType>
                           </PrivateExtension.Sequence>
                           <PrivateExtension.Sequence>
                              <extId><ObjectIdentifier>0.1.2113.73.24.73.47.112.46.86</ObjectIdentifier></extId>
                              <extType>df3c5bec36cdaf</extType>
                           </PrivateExtension.Sequence>
                        </Collection>
                     </privateExtensionList.C0.BoxedType>
                     <pcs_Extensions.C1.Sequence>
                        
                     </pcs_Extensions.C1.Sequence>
                  </extensionContainer.C1.Sequence>
                  <accessMode.C2>89a2b9d6061570</accessMode.C2>
                  <cmi.C3>5ef3366300db7d2cbb</cmi.C3>
               </userCSGInformation.C11.Sequence>
            </locationInformation.C50.Sequence>
            <metDPCriteriaList.C51.BoxedType>
               <Collection>
                  <MetDPCriterion.Choice>
                     <enteringCellGlobalId.C0.BoxedType><Bytes>41f2482719e5be
                           <field name="MMC" value="142,84" type="NumberMMC" length="3"/>
                           <field name="LAC" value="10009" type="Integer" length="2"/>
                           <field name="CI_SAC" value="58814" type="Integer" length="2"/>
                        </Bytes></enteringCellGlobalId.C0.BoxedType>
                     <leavingCellGlobalId.C1.BoxedType><Bytes>7132917323983b
                           <field name="MMC" value="172,193" type="NumberMMC" length="3"/>
                           <field name="LAC" value="29475" type="Integer" length="2"/>
                           <field name="CI_SAC" value="38971" type="Integer" length="2"/>
                        </Bytes></leavingCellGlobalId.C1.BoxedType>
                     <enteringServiceAreaId.C2.BoxedType><Bytes>4156321fab0e12
                           <field name="MMC" value="146,235" type="NumberMMC" length="3"/>
                           <field name="LAC" value="8107" type="Integer" length="2"/>
                           <field name="CI_SAC" value="3602" type="Integer" length="2"/>
                        </Bytes></enteringServiceAreaId.C2.BoxedType>
                     <leavingServiceAreaId.C3.BoxedType><Bytes>1160211d1857ca
                           <field name="MMC" value="110,126" type="NumberMMC" length="3"/>
                           <field name="LAC" value="7448" type="Integer" length="2"/>
                           <field name="CI_SAC" value="22474" type="Integer" length="2"/>
                        </Bytes></leavingServiceAreaId.C3.BoxedType>
                     <enteringLocationAreaId.C4.BoxedType><Bytes>41f9760bff
                           <field name="MMC" value="149,67" type="NumberMMC" length="3"/>
                           <field name="LAC" value="3071" type="Integer" length="2"/>
                        </Bytes></enteringLocationAreaId.C4.BoxedType>
                     <leavingLocationAreaId.C5.BoxedType><Bytes>0223021d54
                           <field name="MMC" value="203,202" type="NumberMMC" length="3"/>
                           <field name="LAC" value="7508" type="Integer" length="2"/>
                        </Bytes></leavingLocationAreaId.C5.BoxedType>
                     <inter_SystemHandOverToUMTS.C6></inter_SystemHandOverToUMTS.C6>
                     <inter_SystemHandOverToGSM.C7></inter_SystemHandOverToGSM.C7>
                     <inter_PLMNHandOver.C8></inter_PLMNHandOver.C8>
                     <inter_MSCHandOver.C9></inter_MSCHandOver.C9>
                     <metDPCriterionAlt.C10.Sequence>
                        
                     </metDPCriterionAlt.C10.Sequence>
                  </MetDPCriterion.Choice>
                  <MetDPCriterion.Choice>
                     <enteringCellGlobalId.C0.BoxedType><Bytes>41f937231521c3
                           <field name="MMC" value="149,73" type="NumberMMC" length="3"/>
                           <field name="LAC" value="8981" type="Integer" length="2"/>
                           <field name="CI_SAC" value="8643" type="Integer" length="2"/>
                        </Bytes></enteringCellGlobalId.C0.BoxedType>
                     <leavingCellGlobalId.C1.BoxedType><Bytes>1166618fddf4c5
                           <field name="MMC" value="116,166" type="NumberMMC" length="3"/>
                           <field name="LAC" value="36829" type="Integer" length="2"/>
                           <field name="CI_SAC" value="62661" type="Integer" length="2"/>
                        </Bytes></leavingCellGlobalId.C1.BoxedType>
                     <enteringServiceAreaId.C2.BoxedType><Bytes>518281035e4690
                           <field name="MMC" value="152,188" type="NumberMMC" length="3"/>
                           <field name="LAC" value="862" type="Integer" length="2"/>
                           <field name="CI_SAC" value="18064" type="Integer" length="2"/>
                        </Bytes></enteringServiceAreaId.C2.BoxedType>
                     <leavingServiceAreaId.C3.BoxedType><Bytes>22f1288618e230
                           <field name="MMC" value="221,82" type="NumberMMC" length="3"/>
                           <field name="LAC" value="34328" type="Integer" length="2"/>
                           <field name="CI_SAC" value="57904" type="Integer" length="2"/>
                        </Bytes></leavingServiceAreaId.C3.BoxedType>
                     <enteringLocationAreaId.C4.BoxedType><Bytes>6182120f8d
                           <field name="MMC" value="162,218" type="NumberMMC" length="3"/>
                           <field name="LAC" value="3981" type="Integer" length="2"/>
                        </Bytes></enteringLocationAreaId.C4.BoxedType>
                     <leavingLocationAreaId.C5.BoxedType><Bytes>010512ed4a
                           <field name="MMC" value="105,210" type="NumberMMC" length="3"/>
                           <field name="LAC" value="60746" type="Integer" length="2"/>
                        </Bytes></leavingLocationAreaId.C5.BoxedType>
                     <inter_SystemHandOverToUMTS.C6></inter_SystemHandOverToUMTS.C6>
                     <inter_SystemHandOverToGSM.C7></inter_SystemHandOverToGSM.C7>
                     <inter_PLMNHandOver.C8></inter_PLMNHandOver.C8>
                     <inter_MSCHandOver.C9></inter_MSCHandOver.C9>
                     <metDPCriterionAlt.C10.Sequence>
                        
                     </metDPCriterionAlt.C10.Sequence>
                  </MetDPCriterion.Choice>
                  <MetDPCriterion.Choice>
                     <enteringCellGlobalId.C0.BoxedType><Bytes>41f033d4ec1c21
                           <field name="MMC" value="140,33" type="NumberMMC" length="3"/>
                           <field name="LAC" value="54508" type="Integer" length="2"/>
                           <field name="CI_SAC" value="7201" type="Integer" length="2"/>
                        </Bytes></enteringCellGlobalId.C0.BoxedType>
                     <leavingCellGlobalId.C1.BoxedType><Bytes>22035201b2d478
                           <field name="MMC" value="223,250" type="NumberMMC" length="3"/>
                           <field name="LAC" value="434" type="Integer" length="2"/>
                           <field name="CI_SAC" value="54392" type="Integer" length="2"/>
                        </Bytes></leavingCellGlobalId.C1.BoxedType>
                     <enteringServiceAreaId.C2.BoxedType><Bytes>51f972db7529f6
                           <field name="MMC" value="159,27" type="NumberMMC" length="3"/>
                           <field name="LAC" value="56181" type="Integer" length="2"/>
                           <field name="CI_SAC" value="10742" type="Integer" length="2"/>
                        </Bytes></enteringServiceAreaId.C2.BoxedType>
                     <leavingServiceAreaId.C3.BoxedType><Bytes>42677152935f80
                           <field name="MMC" value="247,176" type="NumberMMC" length="3"/>
                           <field name="LAC" value="21139" type="Integer" length="2"/>
                           <field name="CI_SAC" value="24448" type="Integer" length="2"/>
                        </Bytes></leavingServiceAreaId.C3.BoxedType>
                     <enteringLocationAreaId.C4.BoxedType><Bytes>31f874490f
                           <field name="MMC" value="138,47" type="NumberMMC" length="3"/>
                           <field name="LAC" value="18703" type="Integer" length="2"/>
                        </Bytes></enteringLocationAreaId.C4.BoxedType>
                     <leavingLocationAreaId.C5.BoxedType><Bytes>42f002bdb2
                           <field name="MMC" value="240,20" type="NumberMMC" length="3"/>
                           <field name="LAC" value="48562" type="Integer" length="2"/>
                        </Bytes></leavingLocationAreaId.C5.BoxedType>
                     <inter_SystemHandOverToUMTS.C6></inter_SystemHandOverToUMTS.C6>
                     <inter_SystemHandOverToGSM.C7></inter_SystemHandOverToGSM.C7>
                     <inter_PLMNHandOver.C8></inter_PLMNHandOver.C8>
                     <inter_MSCHandOver.C9></inter_MSCHandOver.C9>
                     <metDPCriterionAlt.C10.Sequence>
                        
                     </metDPCriterionAlt.C10.Sequence>
                  </MetDPCriterion.Choice>
               </Collection>
            </metDPCriteriaList.C51.BoxedType>
         </oChangeOfPositionSpecificInfo.C50.Sequence>
         <tChangeOfPositionSpecificInfo.C51.Sequence>
            <locationInformation.C50.Sequence>
               <ageOfLocationInformation.BoxedType><Integer>0 minut = currently in contact:0</Integer></ageOfLocationInformation.BoxedType>
               <geographicalInformation.C0.BoxedType><Bytes>76fa6c48a3dc741b
                     <field name="TypeOfShape" value="Reserved for future use:7" type="EnumLong" lengthBit="4"/>
                     <field name="spare" value="6" type="Integer" lengthBit="4"/>
                     <field name="DegreesOfLatitude" value="16411720" type="Integer" length="3"/>
                     <field name="DegreesOfLongitude" value="10738804" type="Integer" length="3"/>
                     <field name="UncertaintyCode" value="27" type="Integer" length="1"/>
                  </Bytes></geographicalInformation.C0.BoxedType>
               <vlr_number.C1.BoxedType><AddressString.BoxedType><Bytes>560179538378
                        <field name="extension" value="extension:0" type="EnumLong" lengthBit="1"/>
                        <field name="nature of address" value="reserved:5" type="EnumLong" lengthBit="3"/>
                        <field name="numbering plan" value="land mobile numbering plan (ITU-T Rec E.212):6" type="EnumLong" lengthBit="4"/>
                        <field name="digits" value="1097353887" type="Number_BCD" length="10"/>
                     </Bytes></AddressString.BoxedType></vlr_number.C1.BoxedType>
               <locationNumber.C2.BoxedType><Bytes>85fa8122081397
                     <field name="Odd/even (O/E)" value="odd number of address signals:1" type="EnumLong" lengthBit="1"/>
                     <field name="Nature of address" value="network-specific number (national use):5" type="EnumLong" lengthBit="7"/>
                     <field name="Internal Network Number (INN)" value="routing to internal number not allowed:1" type="EnumLong" lengthBit="1"/>
                     <field name="Numbering plan" value="spare:7" type="EnumLong" lengthBit="3"/>
                     <field name="Address presentation restricted" value="address not available (national use):2" type="EnumLong" lengthBit="2"/>
                     <field name="Screening" value="reserved:2" type="EnumLong" lengthBit="2"/>
                     <field name="digits" value="1822803179" type="Number_BCD" length="10"/>
                  </Bytes></locationNumber.C2.BoxedType>
               <cellGlobalIdOrServiceAreaIdOrLAI.C3.Choice>
                  <cellGlobalIdOrServiceAreaIdFixedLength.C0.BoxedType><Bytes>01472184b98ea3
                        <field name="MMC" value="107,124" type="NumberMMC" length="3"/>
                        <field name="LAC" value="33977" type="Integer" length="2"/>
                        <field name="CI_SAC" value="36515" type="Integer" length="2"/>
                     </Bytes></cellGlobalIdOrServiceAreaIdFixedLength.C0.BoxedType>
                  <laiFixedLength.C1.BoxedType><Bytes>8134816467
                        <field name="MMC" value="184,183" type="NumberMMC" length="3"/>
                        <field name="LAC" value="25703" type="Integer" length="2"/>
                     </Bytes></laiFixedLength.C1.BoxedType>
               </cellGlobalIdOrServiceAreaIdOrLAI.C3.Choice>
               <extensionContainer.C4.Sequence>
                  <privateExtensionList.C0.BoxedType>
                     <Collection>
                        <PrivateExtension.Sequence>
                           <extId><ObjectIdentifier>0.1.290.101</ObjectIdentifier></extId>
                           <extType>31ab56e5a827f786e3</extType>
                        </PrivateExtension.Sequence>
                        <PrivateExtension.Sequence>
                           <extId><ObjectIdentifier>0.1.231.46.82.44.108.8.13.81</ObjectIdentifier></extId>
                           <extType>0f10c7</extType>
                        </PrivateExtension.Sequence>
                        <PrivateExtension.Sequence>
                           <extId><ObjectIdentifier>0.1.2121.49.128.43.30.28.23.74.93</ObjectIdentifier></extId>
                           <extType>86e957</extType>
                        </PrivateExtension.Sequence>
                     </Collection>
                  </privateExtensionList.C0.BoxedType>
                  <pcs_Extensions.C1.Sequence>
                     
                  </pcs_Extensions.C1.Sequence>
               </extensionContainer.C4.Sequence>
               <selectedLSA_Id.C5.BoxedType><Bytes>0cf1fb
                     <field name="LSA type" value="PLMN significant number:0" type="EnumLong" lengthBit="1"/>
                     <field name="Identifier" value="848379" type="Integer" lengthBit="23"/>
                  </Bytes></selectedLSA_Id.C5.BoxedType>
               <msc_Number.C6.BoxedType><AddressString.BoxedType><Bytes>a328867880f3
                        <field name="extension" value="no extension:1" type="EnumLong" lengthBit="1"/>
                        <field name="nature of address" value="national significant number:2" type="EnumLong" lengthBit="3"/>
                        <field name="numbering plan" value="data numbering plan (ITU-T Rec X.121):3" type="EnumLong" lengthBit="4"/>
                        <field name="digits" value="826887083" type="Number_BCD" length="9"/>
                     </Bytes></AddressString.BoxedType></msc_Number.C6.BoxedType>
               <geodeticInformation.C7.BoxedType><Bytes>848fa2f7268d80bfdd73
                     <field name="spare" value="8" type="Integer" lengthBit="4"/>
                     <field name="LPRI" value="presentation restricted:1" type="EnumLong" lengthBit="2"/>
                     <field name="screnning" value="user provided, not verified:0" type="EnumLong" lengthBit="2"/>
                     <field name="ext" value="1" type="Integer" lengthBit="1"/>
                     <field name="TypeOfShape" value="spare:15" type="EnumLong" lengthBit="7"/>
                     <field name="DegreesOfLatitude" value="10680102" type="Integer" length="3"/>
                     <field name="DegreesOfLongitude" value="9273535" type="Integer" length="3"/>
                     <field name="UncertaintyCode" value="221" type="Integer" length="1"/>
                     <field name="Confidence" value="115" type="Integer" length="1"/>
                  </Bytes></geodeticInformation.C7.BoxedType>
               <currentLocationRetrieved.C8></currentLocationRetrieved.C8>
               <sai_Present.C9></sai_Present.C9>
               <locationInformationEPS.C10.Sequence>
                  <e_utranCellGlobalIdentity.C0.BoxedType><Bytes>3b7ba177a1e9c7</Bytes></e_utranCellGlobalIdentity.C0.BoxedType>
                  <trackingAreaIdentity.C1.BoxedType><Bytes>ea</Bytes></trackingAreaIdentity.C1.BoxedType>
                  <extensionContainer.C2.Sequence>
                     <privateExtensionList.C0.BoxedType>
                        <Collection>
                           <PrivateExtension.Sequence>
                              <extId><ObjectIdentifier>0.1.221.103.58.67.2.102.48</ObjectIdentifier></extId>
                              <extType>a78ec6095eed9e</extType>
                           </PrivateExtension.Sequence>
                           <PrivateExtension.Sequence>
                              <extId><ObjectIdentifier>0.1.2120.14.65.60.82.20.91.70.90</ObjectIdentifier></extId>
                              <extType>7abc4f0122e1bccc8e</extType>
                           </PrivateExtension.Sequence>
                           <PrivateExtension.Sequence>
                              <extId><ObjectIdentifier>0.1.2110.85.113.35.113.50.94.124</ObjectIdentifier></extId>
                              <extType>6bbabb</extType>
                           </PrivateExtension.Sequence>
                        </Collection>
                     </privateExtensionList.C0.BoxedType>
                     <pcs_Extensions.C1.Sequence>
                        
                     </pcs_Extensions.C1.Sequence>
                  </extensionContainer.C2.Sequence>
                  <geographicalInformation.C3.BoxedType><Bytes>bcba687bf7894132
                        <field name="TypeOfShape" value="Reserved for future use:11" type="EnumLong" lengthBit="4"/>
                        <field name="spare" value="12" type="Integer" lengthBit="4"/>
                        <field name="DegreesOfLatitude" value="12216443" type="Integer" length="3"/>
                        <field name="DegreesOfLongitude" value="16222529" type="Integer" length="3"/>
                        <field name="UncertaintyCode" value="50" type="Integer" length="1"/>
                     </Bytes></geographicalInformation.C3.BoxedType>
                  <geodeticInformation.C4.BoxedType><Bytes>a044e78a3042181d0081
                        <field name="spare" value="10" type="Integer" lengthBit="4"/>
                        <field name="LPRI" value="presentation allowed:0" type="EnumLong" lengthBit="2"/>
                        <field name="screnning" value="user provided, not verified:0" type="EnumLong" lengthBit="2"/>
                        <field name="ext" value="0" type="Integer" lengthBit="1"/>
                        <field name="TypeOfShape" value="reserved for national use:68" type="EnumLong" lengthBit="7"/>
                        <field name="DegreesOfLatitude" value="15174192" type="Integer" length="3"/>
                        <field name="DegreesOfLongitude" value="4331549" type="Integer" length="3"/>
                        <field name="UncertaintyCode" value="0" type="Integer" length="1"/>
                        <field name="Confidence" value="129" type="Integer" length="1"/>
                     </Bytes></geodeticInformation.C4.BoxedType>
                  <currentLocationRetrieved.C5></currentLocationRetrieved.C5>
                  <ageOfLocationInformation.C6.BoxedType><Integer>[1-32766] minuts:1</Integer></ageOfLocationInformation.C6.BoxedType>
                  <mme_Name.C7.BoxedType><Bytes>2b358298</Bytes></mme_Name.C7.BoxedType>
               </locationInformationEPS.C10.Sequence>
               <userCSGInformation.C11.Sequence>
                  <csg_Id.C0.BoxedType><BitString><BitString value="89bc1435bb4cb7" trailing="0"/></BitString></csg_Id.C0.BoxedType>
                  <extensionContainer.C1.Sequence>
                     <privateExtensionList.C0.BoxedType>
                        <Collection>
                           <PrivateExtension.Sequence>
                              <extId><ObjectIdentifier>0.1.2117.55.35.9.122.71.58.99</ObjectIdentifier></extId>
                              <extType>0e97</extType>
                           </PrivateExtension.Sequence>
                           <PrivateExtension.Sequence>
                              <extId><ObjectIdentifier>0.1.266.33.3</ObjectIdentifier></extId>
                              <extType>ccfab9f7acbb31</extType>
                           </PrivateExtension.Sequence>
                           <PrivateExtension.Sequence>
                              <extId><ObjectIdentifier>0.1.28.80.79.80.77.77.52.22.123</ObjectIdentifier></extId>
                              <extType>574f</extType>
                           </PrivateExtension.Sequence>
                        </Collection>
                     </privateExtensionList.C0.BoxedType>
                     <pcs_Extensions.C1.Sequence>
                        
                     </pcs_Extensions.C1.Sequence>
                  </extensionContainer.C1.Sequence>
                  <accessMode.C2>9301af40e9a8a45f</accessMode.C2>
                  <cmi.C3>a375d2dd104e</cmi.C3>
               </userCSGInformation.C11.Sequence>
            </locationInformation.C50.Sequence>
            <metDPCriteriaList.C51.BoxedType>
               <Collection>
                  <MetDPCriterion.Choice>
                     <enteringCellGlobalId.C0.BoxedType><Bytes>514431532aba10
                           <field name="MMC" value="154,134" type="NumberMMC" length="3"/>
                           <field name="LAC" value="21290" type="Integer" length="2"/>
                           <field name="CI_SAC" value="47632" type="Integer" length="2"/>
                        </Bytes></enteringCellGlobalId.C0.BoxedType>
                     <leavingCellGlobalId.C1.BoxedType><Bytes>21f849f789e45d
                           <field name="MMC" value="128,94" type="NumberMMC" length="3"/>
                           <field name="LAC" value="63369" type="Integer" length="2"/>
                           <field name="CI_SAC" value="58461" type="Integer" length="2"/>
                        </Bytes></leavingCellGlobalId.C1.BoxedType>
                     <enteringServiceAreaId.C2.BoxedType><Bytes>91412229ed690a
                           <field name="MMC" value="191,224" type="NumberMMC" length="3"/>
                           <field name="LAC" value="10733" type="Integer" length="2"/>
                           <field name="CI_SAC" value="26890" type="Integer" length="2"/>
                        </Bytes></enteringServiceAreaId.C2.BoxedType>
                     <leavingServiceAreaId.C3.BoxedType><Bytes>51026132cf95f8
                           <field name="MMC" value="152,160" type="NumberMMC" length="3"/>
                           <field name="LAC" value="13007" type="Integer" length="2"/>
                           <field name="CI_SAC" value="38392" type="Integer" length="2"/>
                        </Bytes></leavingServiceAreaId.C3.BoxedType>
                     <enteringLocationAreaId.C4.BoxedType><Bytes>9192325097
                           <field name="MMC" value="192,239" type="NumberMMC" length="3"/>
                           <field name="LAC" value="20631" type="Integer" length="2"/>
                        </Bytes></enteringLocationAreaId.C4.BoxedType>
                     <leavingLocationAreaId.C5.BoxedType><Bytes>41f6784ed1
                           <field name="MMC" value="146,87" type="NumberMMC" length="3"/>
                           <field name="LAC" value="20177" type="Integer" length="2"/>
                        </Bytes></leavingLocationAreaId.C5.BoxedType>
                     <inter_SystemHandOverToUMTS.C6></inter_SystemHandOverToUMTS.C6>
                     <inter_SystemHandOverToGSM.C7></inter_SystemHandOverToGSM.C7>
                     <inter_PLMNHandOver.C8></inter_PLMNHandOver.C8>
                     <inter_MSCHandOver.C9></inter_MSCHandOver.C9>
                     <metDPCriterionAlt.C10.Sequence>
                        
                     </metDPCriterionAlt.C10.Sequence>
                  </MetDPCriterion.Choice>
                  <MetDPCriterion.Choice>
                     <enteringCellGlobalId.C0.BoxedType><Bytes>31f342f0e2b4f8
                           <field name="MMC" value="133,24" type="NumberMMC" length="3"/>
                           <field name="LAC" value="61666" type="Integer" length="2"/>
                           <field name="CI_SAC" value="46328" type="Integer" length="2"/>
                        </Bytes></enteringCellGlobalId.C0.BoxedType>
                     <leavingCellGlobalId.C1.BoxedType><Bytes>12915188288d13
                           <field name="MMC" value="211,159" type="NumberMMC" length="3"/>
                           <field name="LAC" value="34856" type="Integer" length="2"/>
                           <field name="CI_SAC" value="36115" type="Integer" length="2"/>
                        </Bytes></leavingCellGlobalId.C1.BoxedType>
                     <enteringServiceAreaId.C2.BoxedType><Bytes>51107105840cfc
                           <field name="MMC" value="150,171" type="NumberMMC" length="3"/>
                           <field name="LAC" value="1412" type="Integer" length="2"/>
                           <field name="CI_SAC" value="3324" type="Integer" length="2"/>
                        </Bytes></enteringServiceAreaId.C2.BoxedType>
                     <leavingServiceAreaId.C3.BoxedType><Bytes>0268518198dc7f
                           <field name="MMC" value="208,156" type="NumberMMC" length="3"/>
                           <field name="LAC" value="33176" type="Integer" length="2"/>
                           <field name="CI_SAC" value="56447" type="Integer" length="2"/>
                        </Bytes></leavingServiceAreaId.C3.BoxedType>
                     <enteringLocationAreaId.C4.BoxedType><Bytes>2206320e87
                           <field name="MMC" value="226,230" type="NumberMMC" length="3"/>
                           <field name="LAC" value="3719" type="Integer" length="2"/>
                        </Bytes></enteringLocationAreaId.C4.BoxedType>
                     <leavingLocationAreaId.C5.BoxedType><Bytes>4275515b42
                           <field name="MMC" value="245,157" type="NumberMMC" length="3"/>
                           <field name="LAC" value="23362" type="Integer" length="2"/>
                        </Bytes></leavingLocationAreaId.C5.BoxedType>
                     <inter_SystemHandOverToUMTS.C6></inter_SystemHandOverToUMTS.C6>
                     <inter_SystemHandOverToGSM.C7></inter_SystemHandOverToGSM.C7>
                     <inter_PLMNHandOver.C8></inter_PLMNHandOver.C8>
                     <inter_MSCHandOver.C9></inter_MSCHandOver.C9>
                     <metDPCriterionAlt.C10.Sequence>
                        
                     </metDPCriterionAlt.C10.Sequence>
                  </MetDPCriterion.Choice>
                  <MetDPCriterion.Choice>
                     <enteringCellGlobalId.C0.BoxedType><Bytes>51807180ed739e
                           <field name="MMC" value="150,178" type="NumberMMC" length="3"/>
                           <field name="LAC" value="33005" type="Integer" length="2"/>
                           <field name="CI_SAC" value="29598" type="Integer" length="2"/>
                        </Bytes></enteringCellGlobalId.C0.BoxedType>
                     <leavingCellGlobalId.C1.BoxedType><Bytes>127822326d0999
                           <field name="MMC" value="218,227" type="NumberMMC" length="3"/>
                           <field name="LAC" value="12909" type="Integer" length="2"/>
                           <field name="CI_SAC" value="2457" type="Integer" length="2"/>
                        </Bytes></leavingCellGlobalId.C1.BoxedType>
                     <enteringServiceAreaId.C2.BoxedType><Bytes>32f62920a8e614
                           <field name="MMC" value="236,92" type="NumberMMC" length="3"/>
                           <field name="LAC" value="8360" type="Integer" length="2"/>
                           <field name="CI_SAC" value="58900" type="Integer" length="2"/>
                        </Bytes></enteringServiceAreaId.C2.BoxedType>
                     <leavingServiceAreaId.C3.BoxedType><Bytes>3130223e74ecb9
                           <field name="MMC" value="130,223" type="NumberMMC" length="3"/>
                           <field name="LAC" value="15988" type="Integer" length="2"/>
                           <field name="CI_SAC" value="60601" type="Integer" length="2"/>
                        </Bytes></leavingServiceAreaId.C3.BoxedType>
                     <enteringLocationAreaId.C4.BoxedType><Bytes>01f6866d13
                           <field name="MMC" value="106,68" type="NumberMMC" length="3"/>
                           <field name="LAC" value="27923" type="Integer" length="2"/>
                        </Bytes></enteringLocationAreaId.C4.BoxedType>
                     <leavingLocationAreaId.C5.BoxedType><Bytes>61713137dc
                           <field name="MMC" value="161,137" type="NumberMMC" length="3"/>
                           <field name="LAC" value="14300" type="Integer" length="2"/>
                        </Bytes></leavingLocationAreaId.C5.BoxedType>
                     <inter_SystemHandOverToUMTS.C6></inter_SystemHandOverToUMTS.C6>
                     <inter_SystemHandOverToGSM.C7></inter_SystemHandOverToGSM.C7>
                     <inter_PLMNHandOver.C8></inter_PLMNHandOver.C8>
                     <inter_MSCHandOver.C9></inter_MSCHandOver.C9>
                     <metDPCriterionAlt.C10.Sequence>
                        
                     </metDPCriterionAlt.C10.Sequence>
                  </MetDPCriterion.Choice>
               </Collection>
            </metDPCriteriaList.C51.BoxedType>
         </tChangeOfPositionSpecificInfo.C51.Sequence>
         <dpSpecificInfoAlt.C52.Sequence>
            <oServiceChangeSpecificInfo.C0.Sequence>
               <ext_basicServiceCode.C0.Choice>
                  <ext_BearerService.C2.BoxedType><Bytes>70d61888c078c9</Bytes></ext_BearerService.C2.BoxedType>
                  <ext_Teleservice.C3.BoxedType><Bytes>28df0bc2ae
                        <field name="Code" value="40" type="EnumLong" length="1"/>
                        <field name="Extension data" value="df0bc2ae" type="Binary" length="4"/>
                     </Bytes></ext_Teleservice.C3.BoxedType>
               </ext_basicServiceCode.C0.Choice>
               <initiatorOfServiceChange.C1.Enum>
                  <EnumType>a_side.0</EnumType>
               </initiatorOfServiceChange.C1.Enum>
               <natureOfServiceChange.C2.Enum>
                  <EnumType>networkInitiated.1</EnumType>
               </natureOfServiceChange.C2.Enum>
            </oServiceChangeSpecificInfo.C0.Sequence>
            <tServiceChangeSpecificInfo.C1.Sequence>
               <ext_basicServiceCode.C0.Choice>
                  <ext_BearerService.C2.BoxedType><Bytes>cce07697349b8c</Bytes></ext_BearerService.C2.BoxedType>
                  <ext_Teleservice.C3.BoxedType><Bytes>8205eaeb0f
                        <field name="Code" value="130" type="EnumLong" length="1"/>
                        <field name="Extension data" value="05eaeb0f" type="Binary" length="4"/>
                     </Bytes></ext_Teleservice.C3.BoxedType>
               </ext_basicServiceCode.C0.Choice>
               <initiatorOfServiceChange.C1.Enum>
                  <EnumType>a_side.0</EnumType>
               </initiatorOfServiceChange.C1.Enum>
               <natureOfServiceChange.C2.Enum>
                  <EnumType>networkInitiated.1</EnumType>
               </natureOfServiceChange.C2.Enum>
            </tServiceChangeSpecificInfo.C1.Sequence>
            <collectedInfoSpecificInfo.C2.Sequence><calledPartyNumber.C0.BoxedType><Bytes>bde39167707639
                     <field name="Odd/even (O/E)" value="odd number of address signals:1" type="EnumLong" lengthBit="1"/>
                     <field name="Nature of address" value="spare:61" type="EnumLong" lengthBit="7"/>
                     <field name="Internal Network Number (INN)" value="routing to internal number not allowed:1" type="EnumLong" lengthBit="1"/>
                     <field name="Numbering plan" value="reserved for national use:6" type="EnumLong" lengthBit="3"/>
                     <field name="spare" value="3" type="Integer" lengthBit="4"/>
                     <field name="digits" value="1976076793" type="Number_BCD" length="10"/>
                  </Bytes></calledPartyNumber.C0.BoxedType></collectedInfoSpecificInfo.C2.Sequence>
         </dpSpecificInfoAlt.C52.Sequence>
      </eventSpecificInformationBCSM.C2.Choice>
      <legID.C3.Choice><receivingSideID.C1.BoxedType><Bytes>02
               <field name="LegType" value="leg2 LegType:2" type="EnumLong" length="1"/>
            </Bytes></receivingSideID.C1.BoxedType></legID.C3.Choice>
      <miscCallInfo.C4d.Sequence><messageType.C0.Enum>
            <EnumType>request.0</EnumType>
         </messageType.C0.Enum></miscCallInfo.C4d.Sequence>
      <extensions.C5.BoxedType>
         <Collection>
            <ExtensionField.Sequence>
               <type.Choice>
                  <local>2389788093</local>
                  <global><ObjectIdentifier>0.1.213.76.72.79.91.61.125.75</ObjectIdentifier></global>
               </type.Choice>
               <criticality.nulld.Enum>
                  <EnumType>ignore.0</EnumType>
               </criticality.nulld.Enum>
               <NullObject.C1></NullObject.C1>
            </ExtensionField.Sequence>
            <ExtensionField.Sequence>
               <type.Choice>
                  <local>1453287617</local>
                  <global><ObjectIdentifier>0.1.2126</ObjectIdentifier></global>
               </type.Choice>
               <criticality.nulld.Enum>
                  <EnumType>ignore.0</EnumType>
               </criticality.nulld.Enum>
               <NullObject.C1></NullObject.C1>
            </ExtensionField.Sequence>
            <ExtensionField.Sequence>
               <type.Choice>
                  <local>2076468935</local>
                  <global><ObjectIdentifier>0.1.2128.60.93.76</ObjectIdentifier></global>
               </type.Choice>
               <criticality.nulld.Enum>
                  <EnumType>ignore.0</EnumType>
               </criticality.nulld.Enum>
               <NullObject.C1></NullObject.C1>
            </ExtensionField.Sequence>
         </Collection>
      </extensions.C5.BoxedType>
   </EventReportBCSMArg.Sequence>
</ASN>