<?xml version="1.0" encoding="ISO-8859-15"?>

<ASN layer="CAP">
   <EventReportGPRSArg.Sequence>
      <gPRSEventType.C0.Enum>
         <EnumType>disonnect.13</EnumType>
      </gPRSEventType.C0.Enum>
      <miscGPRSInfo.C1d.Sequence><messageType.C0.Enum>
            <EnumType>request.0</EnumType>
         </messageType.C0.Enum></miscGPRSInfo.C1d.Sequence>
      <gPRSEventSpecificInformation.C2.Choice>
         <attachChangeOfPositionSpecificInformation.C0.Sequence><locationInformationGPRS.C0.Sequence>
               <cellGlobalIdOrServiceAreaIdOrLAI.C0.Choice>
                  <cellGlobalIdOrServiceAreaIdFixedLength.C0.BoxedType><Bytes>81241108b329e4
                        <field name="MMC" value="184,112" type="NumberMMC" length="3"/>
                        <field name="LAC" value="2227" type="Integer" length="2"/>
                        <field name="CI_SAC" value="10724" type="Integer" length="2"/>
                     </Bytes></cellGlobalIdOrServiceAreaIdFixedLength.C0.BoxedType>
                  <laiFixedLength.C1.BoxedType><Bytes>51f3660999
                        <field name="MMC" value="153,66" type="NumberMMC" length="3"/>
                        <field name="LAC" value="2457" type="Integer" length="2"/>
                     </Bytes></laiFixedLength.C1.BoxedType>
               </cellGlobalIdOrServiceAreaIdOrLAI.C0.Choice>
               <routeingAreaIdentity.C1.BoxedType><Bytes>21f3057ec2dd
                     <field name="MMC" value="123,50" type="NumberMMC" length="3"/>
                     <field name="LAC" value="32450" type="Integer" length="2"/>
                     <field name="RAC" value="221" type="Integer" length="1"/>
                  </Bytes></routeingAreaIdentity.C1.BoxedType>
               <geographicalInformation.C2.BoxedType><Bytes>5ac88c23ca7b18c7
                     <field name="TypeOfShape" value="Polygon:5" type="EnumLong" lengthBit="4"/>
                     <field name="spare" value="10" type="Integer" lengthBit="4"/>
                     <field name="DegreesOfLatitude" value="13143075" type="Integer" length="3"/>
                     <field name="DegreesOfLongitude" value="13269784" type="Integer" length="3"/>
                     <field name="UncertaintyCode" value="199" type="Integer" length="1"/>
                  </Bytes></geographicalInformation.C2.BoxedType>
               <sgsn_Number.C3.BoxedType><AddressString.BoxedType><Bytes>191190161606
                        <field name="extension" value="extension:0" type="EnumLong" lengthBit="1"/>
                        <field name="nature of address" value="international number:1" type="EnumLong" lengthBit="3"/>
                        <field name="numbering plan" value="private numbering plan:9" type="EnumLong" lengthBit="4"/>
                        <field name="digits" value="1109616160" type="Number_BCD" length="10"/>
                     </Bytes></AddressString.BoxedType></sgsn_Number.C3.BoxedType>
               <selectedLSAIdentity.C4.BoxedType><Bytes>c6be56
                     <field name="LSA type" value="Universal LSA number:1" type="EnumLong" lengthBit="1"/>
                     <field name="Identifier" value="4636246" type="Integer" lengthBit="23"/>
                  </Bytes></selectedLSAIdentity.C4.BoxedType>
               <extensionContainer.C5.Sequence>
                  <privateExtensionList.C0.BoxedType>
                     <Collection>
                        <PrivateExtension.Sequence>
                           <extId><ObjectIdentifier>0.1.268.107</ObjectIdentifier></extId>
                           <extType>cd11eece</extType>
                        </PrivateExtension.Sequence>
                        <PrivateExtension.Sequence>
                           <extId><ObjectIdentifier>0.1.268.24.104.29.21</ObjectIdentifier></extId>
                           <extType>5d935b0a</extType>
                        </PrivateExtension.Sequence>
                        <PrivateExtension.Sequence>
                           <extId><ObjectIdentifier>0.1.275.25.71.41</ObjectIdentifier></extId>
                           <extType>03b4acfea0b56d435d</extType>
                        </PrivateExtension.Sequence>
                     </Collection>
                  </privateExtensionList.C0.BoxedType>
                  <pcs_Extensions.C1.Sequence>
                     
                  </pcs_Extensions.C1.Sequence>
               </extensionContainer.C5.Sequence>
               <sai_Present.C6></sai_Present.C6>
               <geodeticInformation.C7.BoxedType><Bytes>5ac078ee42a7b079d40f
                     <field name="spare" value="5" type="Integer" lengthBit="4"/>
                     <field name="LPRI" value="location not available (Note):2" type="EnumLong" lengthBit="2"/>
                     <field name="screnning" value="user provided, verified and failed:2" type="EnumLong" lengthBit="2"/>
                     <field name="ext" value="1" type="Integer" lengthBit="1"/>
                     <field name="TypeOfShape" value="reserved for national use:64" type="EnumLong" lengthBit="7"/>
                     <field name="DegreesOfLatitude" value="7925314" type="Integer" length="3"/>
                     <field name="DegreesOfLongitude" value="10989689" type="Integer" length="3"/>
                     <field name="UncertaintyCode" value="212" type="Integer" length="1"/>
                     <field name="Confidence" value="15" type="Integer" length="1"/>
                  </Bytes></geodeticInformation.C7.BoxedType>
               <currentLocationRetrieved.C8></currentLocationRetrieved.C8>
               <ageOfLocationInformation.C9.BoxedType><Integer>[1-32766] minuts:1</Integer></ageOfLocationInformation.C9.BoxedType>
               <userCSGInformation.C10.Sequence>
                  <csg_Id.C0.BoxedType><BitString><BitString value="a21a00ac7c0e619738e2d9a2" trailing="0"/></BitString></csg_Id.C0.BoxedType>
                  <extensionContainer.C1.Sequence>
                     <privateExtensionList.C0.BoxedType>
                        <Collection>
                           <PrivateExtension.Sequence>
                              <extId><ObjectIdentifier>0.1.247.56.119.28</ObjectIdentifier></extId>
                              <extType>7e7053ba4e763c</extType>
                           </PrivateExtension.Sequence>
                           <PrivateExtension.Sequence>
                              <extId><ObjectIdentifier>0.1.226.18.122.38.116.56.17</ObjectIdentifier></extId>
                              <extType>93a84996</extType>
                           </PrivateExtension.Sequence>
                           <PrivateExtension.Sequence>
                              <extId><ObjectIdentifier>0.1.217.10</ObjectIdentifier></extId>
                              <extType>3f4b4965246b3e</extType>
                           </PrivateExtension.Sequence>
                        </Collection>
                     </privateExtensionList.C0.BoxedType>
                     <pcs_Extensions.C1.Sequence>
                        
                     </pcs_Extensions.C1.Sequence>
                  </extensionContainer.C1.Sequence>
                  <accessMode.C2>ee27082e0cf87892b3</accessMode.C2>
                  <cmi.C3>f0ac0a</cmi.C3>
               </userCSGInformation.C10.Sequence>
            </locationInformationGPRS.C0.Sequence></attachChangeOfPositionSpecificInformation.C0.Sequence>
         <pdp_ContextchangeOfPositionSpecificInformation.C1.Sequence>
            <accessPointName.C0.BoxedType><Bytes>eb5807f44afb91f300</Bytes></accessPointName.C0.BoxedType>
            <chargingID.C1.BoxedType><Bytes>ef5e38f2
                  <field name="Charging ID" value="4015929586" type="Integer" length="4"/>
               </Bytes></chargingID.C1.BoxedType>
            <locationInformationGPRS.C2.Sequence>
               <cellGlobalIdOrServiceAreaIdOrLAI.C0.Choice>
                  <cellGlobalIdOrServiceAreaIdFixedLength.C0.BoxedType><Bytes>11f68178cb9e58
                        <field name="MMC" value="116,18" type="NumberMMC" length="3"/>
                        <field name="LAC" value="30923" type="Integer" length="2"/>
                        <field name="CI_SAC" value="40536" type="Integer" length="2"/>
                     </Bytes></cellGlobalIdOrServiceAreaIdFixedLength.C0.BoxedType>
                  <laiFixedLength.C1.BoxedType><Bytes>123061ab73
                        <field name="MMC" value="210,163" type="NumberMMC" length="3"/>
                        <field name="LAC" value="43891" type="Integer" length="2"/>
                     </Bytes></laiFixedLength.C1.BoxedType>
               </cellGlobalIdOrServiceAreaIdOrLAI.C0.Choice>
               <routeingAreaIdentity.C1.BoxedType><Bytes>22f193c8df40
                     <field name="MMC" value="221,39" type="NumberMMC" length="3"/>
                     <field name="LAC" value="51423" type="Integer" length="2"/>
                     <field name="RAC" value="64" type="Integer" length="1"/>
                  </Bytes></routeingAreaIdentity.C1.BoxedType>
               <geographicalInformation.C2.BoxedType><Bytes>d786c472a853fa23
                     <field name="TypeOfShape" value="Reserved for future use:13" type="EnumLong" lengthBit="4"/>
                     <field name="spare" value="7" type="Integer" lengthBit="4"/>
                     <field name="DegreesOfLatitude" value="8832114" type="Integer" length="3"/>
                     <field name="DegreesOfLongitude" value="11031546" type="Integer" length="3"/>
                     <field name="UncertaintyCode" value="35" type="Integer" length="1"/>
                  </Bytes></geographicalInformation.C2.BoxedType>
               <sgsn_Number.C3.BoxedType><AddressString.BoxedType><Bytes>615120301343
                        <field name="extension" value="extension:0" type="EnumLong" lengthBit="1"/>
                        <field name="nature of address" value="abbreviated number:6" type="EnumLong" lengthBit="3"/>
                        <field name="numbering plan" value="ISDN/Telephony Numbering Plan (Rec ITU-T E.164):1" type="EnumLong" lengthBit="4"/>
                        <field name="digits" value="1502033134" type="Number_BCD" length="10"/>
                     </Bytes></AddressString.BoxedType></sgsn_Number.C3.BoxedType>
               <selectedLSAIdentity.C4.BoxedType><Bytes>7e988c
                     <field name="LSA type" value="PLMN significant number:0" type="EnumLong" lengthBit="1"/>
                     <field name="Identifier" value="8296588" type="Integer" lengthBit="23"/>
                  </Bytes></selectedLSAIdentity.C4.BoxedType>
               <extensionContainer.C5.Sequence>
                  <privateExtensionList.C0.BoxedType>
                     <Collection>
                        <PrivateExtension.Sequence>
                           <extId><ObjectIdentifier>0.1.271.44.104.7.96.13</ObjectIdentifier></extId>
                           <extType>54c11b</extType>
                        </PrivateExtension.Sequence>
                        <PrivateExtension.Sequence>
                           <extId><ObjectIdentifier>0.1.2100.11.83.83.82.83.113</ObjectIdentifier></extId>
                           <extType>57e93f094073</extType>
                        </PrivateExtension.Sequence>
                        <PrivateExtension.Sequence>
                           <extId><ObjectIdentifier>0.1.2104.115.41.6</ObjectIdentifier></extId>
                           <extType>4b0ee0f002</extType>
                        </PrivateExtension.Sequence>
                     </Collection>
                  </privateExtensionList.C0.BoxedType>
                  <pcs_Extensions.C1.Sequence>
                     
                  </pcs_Extensions.C1.Sequence>
               </extensionContainer.C5.Sequence>
               <sai_Present.C6></sai_Present.C6>
               <geodeticInformation.C7.BoxedType><Bytes>e7175d118861af8f5e26
                     <field name="spare" value="14" type="Integer" lengthBit="4"/>
                     <field name="LPRI" value="presentation restricted:1" type="EnumLong" lengthBit="2"/>
                     <field name="screnning" value="network provided:3" type="EnumLong" lengthBit="2"/>
                     <field name="ext" value="0" type="Integer" lengthBit="1"/>
                     <field name="TypeOfShape" value="spare:23" type="EnumLong" lengthBit="7"/>
                     <field name="DegreesOfLatitude" value="6099336" type="Integer" length="3"/>
                     <field name="DegreesOfLongitude" value="6401935" type="Integer" length="3"/>
                     <field name="UncertaintyCode" value="94" type="Integer" length="1"/>
                     <field name="Confidence" value="38" type="Integer" length="1"/>
                  </Bytes></geodeticInformation.C7.BoxedType>
               <currentLocationRetrieved.C8></currentLocationRetrieved.C8>
               <ageOfLocationInformation.C9.BoxedType><Integer>0 minut = currently in contact:0</Integer></ageOfLocationInformation.C9.BoxedType>
               <userCSGInformation.C10.Sequence>
                  <csg_Id.C0.BoxedType><BitString><BitString value="ea9bc5f42dc28ed0afbd2193ab" trailing="0"/></BitString></csg_Id.C0.BoxedType>
                  <extensionContainer.C1.Sequence>
                     <privateExtensionList.C0.BoxedType>
                        <Collection>
                           <PrivateExtension.Sequence>
                              <extId><ObjectIdentifier>0.1.273.87.65.47.64</ObjectIdentifier></extId>
                              <extType>918102898633b095d6ed</extType>
                           </PrivateExtension.Sequence>
                           <PrivateExtension.Sequence>
                              <extId><ObjectIdentifier>0.1.28.22.3.84.17.121.70</ObjectIdentifier></extId>
                              <extType>f219fb6d41</extType>
                           </PrivateExtension.Sequence>
                           <PrivateExtension.Sequence>
                              <extId><ObjectIdentifier>0.1.2123.79.124.87.119.109.71.60.109</ObjectIdentifier></extId>
                              <extType>d0eefb</extType>
                           </PrivateExtension.Sequence>
                        </Collection>
                     </privateExtensionList.C0.BoxedType>
                     <pcs_Extensions.C1.Sequence>
                        
                     </pcs_Extensions.C1.Sequence>
                  </extensionContainer.C1.Sequence>
                  <accessMode.C2>099e89d4</accessMode.C2>
                  <cmi.C3>2972</cmi.C3>
               </userCSGInformation.C10.Sequence>
            </locationInformationGPRS.C2.Sequence>
            <endUserAddress.C3.Sequence>
               <pDPTypeOrganization.C0>1c5a1917973dd8e5f8</pDPTypeOrganization.C0>
               <pDPTypeNumber.C1>d0d8ed407fda9f1b57</pDPTypeNumber.C1>
               <pDPAddress.C2>fc17d9</pDPAddress.C2>
            </endUserAddress.C3.Sequence>
            <qualityOfService.C4.Sequence>
               <requested_QoS.C0.Choice>
                  <short_QoS_format.C0.BoxedType><Bytes>25d914
                        <field name="spare1" value="0" type="Integer" lengthBit="2"/>
                        <field name="Delay class" value="Delay class 4 (best effort):4" type="EnumLong" lengthBit="3"/>
                        <field name="Reliability class" value="Unacknowledged GTP, LLC, and RLC, Unprotected data:5" type="EnumLong" lengthBit="3"/>
                        <field name="Peak throughput" value="Up to 1 000 octet/s:13" type="EnumLong" lengthBit="4"/>
                        <field name="spare2" value="1" type="Integer" lengthBit="1"/>
                        <field name="Precedence class" value="High priority:1" type="EnumLong" lengthBit="3"/>
                        <field name="spare3" value="0" type="Integer" lengthBit="3"/>
                        <field name="Mean throughput" value="Best effort:20" type="EnumLong" lengthBit="5"/>
                     </Bytes></short_QoS_format.C0.BoxedType>
                  <long_QoS_format.C1.BoxedType><Bytes>dcee2a7cdb34bc6a8a
                        <field name="Allocation/Retention Priority" value="220" type="Integer" length="1"/>
                        <field name="Traffic class" value="Reserved:7" type="EnumLong" lengthBit="3"/>
                        <field name="Delivery class" value="With delivery order (&apos;yes&apos;):1" type="EnumLong" lengthBit="2"/>
                        <field name="Delivery erroneous SDUs" value="Reserved:6" type="EnumLong" lengthBit="3"/>
                        <field name="Maximum SDU size" value="42" type="Integer" length="1"/>
                        <field name="Maximum bitrate uplink" value="124" type="Integer" length="1"/>
                        <field name="Maximum bitrate downlink" value="219" type="Integer" length="1"/>
                        <field name="SDU error ratio" value="1*10 power -3:3" type="EnumLong" lengthBit="4"/>
                        <field name="Residual BER" value="4*10 power -3:4" type="EnumLong" lengthBit="4"/>
                        <field name="Transfer delay" value="47" type="Integer" lengthBit="6"/>
                        <field name="Traffic handling priority" value="Subscribed traffic handling priority / Reserved:0" type="EnumLong" lengthBit="2"/>
                        <field name="Guaranteed bitrate uplink" value="106" type="Integer" length="1"/>
                        <field name="Guaranteed bitrate downlink" value="138" type="Integer" length="1"/>
                     </Bytes></long_QoS_format.C1.BoxedType>
               </requested_QoS.C0.Choice>
               <subscribed_QoS.C1.Choice>
                  <short_QoS_format.C0.BoxedType><Bytes>70caf0
                        <field name="spare1" value="1" type="Integer" lengthBit="2"/>
                        <field name="Delay class" value="Delay class 4 (best effort):6" type="EnumLong" lengthBit="3"/>
                        <field name="Reliability class" value="Subscribed reliability class / Reserved:0" type="EnumLong" lengthBit="3"/>
                        <field name="Peak throughput" value="Up to 1 000 octet/s:12" type="EnumLong" lengthBit="4"/>
                        <field name="spare2" value="1" type="Integer" lengthBit="1"/>
                        <field name="Precedence class" value="Normal priority:2" type="EnumLong" lengthBit="3"/>
                        <field name="spare3" value="7" type="Integer" lengthBit="3"/>
                        <field name="Mean throughput" value="10000000 octet/h:16" type="EnumLong" lengthBit="5"/>
                     </Bytes></short_QoS_format.C0.BoxedType>
                  <long_QoS_format.C1.BoxedType><Bytes>65d638936d9a76d6b6
                        <field name="Allocation/Retention Priority" value="101" type="Integer" length="1"/>
                        <field name="Traffic class" value="Reserved:6" type="EnumLong" lengthBit="3"/>
                        <field name="Delivery class" value="Without delivery order (&apos;no&apos;):2" type="EnumLong" lengthBit="2"/>
                        <field name="Delivery erroneous SDUs" value="Reserved:6" type="EnumLong" lengthBit="3"/>
                        <field name="Maximum SDU size" value="56" type="Integer" length="1"/>
                        <field name="Maximum bitrate uplink" value="147" type="Integer" length="1"/>
                        <field name="Maximum bitrate downlink" value="109" type="Integer" length="1"/>
                        <field name="SDU error ratio" value="Reserved:9" type="EnumLong" lengthBit="4"/>
                        <field name="Residual BER" value="Reserved:10" type="EnumLong" lengthBit="4"/>
                        <field name="Transfer delay" value="29" type="Integer" lengthBit="6"/>
                        <field name="Traffic handling priority" value="Priority level 2:2" type="EnumLong" lengthBit="2"/>
                        <field name="Guaranteed bitrate uplink" value="214" type="Integer" length="1"/>
                        <field name="Guaranteed bitrate downlink" value="182" type="Integer" length="1"/>
                     </Bytes></long_QoS_format.C1.BoxedType>
               </subscribed_QoS.C1.Choice>
               <negotiated_QoS.C2.Choice>
                  <short_QoS_format.C0.BoxedType><Bytes>603539
                        <field name="spare1" value="1" type="Integer" lengthBit="2"/>
                        <field name="Delay class" value="Delay class 4 (best effort):4" type="EnumLong" lengthBit="3"/>
                        <field name="Reliability class" value="Subscribed reliability class / Reserved:0" type="EnumLong" lengthBit="3"/>
                        <field name="Peak throughput" value="Up to 4 000 octet/s:3" type="EnumLong" lengthBit="4"/>
                        <field name="spare2" value="0" type="Integer" lengthBit="1"/>
                        <field name="Precedence class" value="Normal priority:5" type="EnumLong" lengthBit="3"/>
                        <field name="spare3" value="1" type="Integer" lengthBit="3"/>
                        <field name="Mean throughput" value="Best effort:25" type="EnumLong" lengthBit="5"/>
                     </Bytes></short_QoS_format.C0.BoxedType>
                  <long_QoS_format.C1.BoxedType><Bytes>0a6193ef296e461558
                        <field name="Allocation/Retention Priority" value="10" type="Integer" length="1"/>
                        <field name="Traffic class" value="Interactive class:3" type="EnumLong" lengthBit="3"/>
                        <field name="Delivery class" value="Subscribed delivery class / Reserved:0" type="EnumLong" lengthBit="2"/>
                        <field name="Delivery erroneous SDUs" value="No detect (&apos;-&apos;):1" type="EnumLong" lengthBit="3"/>
                        <field name="Maximum SDU size" value="147" type="Integer" length="1"/>
                        <field name="Maximum bitrate uplink" value="239" type="Integer" length="1"/>
                        <field name="Maximum bitrate downlink" value="41" type="Integer" length="1"/>
                        <field name="SDU error ratio" value="1*10 power -6:6" type="EnumLong" lengthBit="4"/>
                        <field name="Residual BER" value="Reserved:14" type="EnumLong" lengthBit="4"/>
                        <field name="Transfer delay" value="17" type="Integer" lengthBit="6"/>
                        <field name="Traffic handling priority" value="Priority level 2:2" type="EnumLong" lengthBit="2"/>
                        <field name="Guaranteed bitrate uplink" value="21" type="Integer" length="1"/>
                        <field name="Guaranteed bitrate downlink" value="88" type="Integer" length="1"/>
                     </Bytes></long_QoS_format.C1.BoxedType>
               </negotiated_QoS.C2.Choice>
               <requested_QoS_Extension.C3.Sequence>
                  <supplement_to_long_QoS_format.C0.BoxedType><Bytes>c668870952
                        <field name="spare" value="6" type="Integer" lengthBit="3"/>
                        <field name="Signalling Indication" value="Not optimised for signalling traffic:0" type="EnumLong" lengthBit="1"/>
                        <field name="Source Statistics Descriptor" value="unknown:6" type="EnumLong" lengthBit="4"/>
                        <field name="Maximum bitrate downlink (extended)" value="104" type="Integer" length="1"/>
                        <field name="Guaranteed bitrate downlink (extended)" value="135" type="Integer" length="1"/>
                        <field name="Maximum bitrate uplink (extended)" value="9" type="Integer" length="1"/>
                        <field name="Guaranteed bitrate uplink (extended)" value="82" type="Integer" length="1"/>
                     </Bytes></supplement_to_long_QoS_format.C0.BoxedType>
                  <additionalSupplement.C1.BoxedType><Bytes>3b72
                        <field name="Maximum bitrate uplink (extended)" value="59" type="Integer" length="1"/>
                        <field name="Guaranteed bitrate uplink (extended)" value="114" type="Integer" length="1"/>
                     </Bytes></additionalSupplement.C1.BoxedType>
               </requested_QoS_Extension.C3.Sequence>
               <subscribed_QoS_Extension.C4.Sequence>
                  <supplement_to_long_QoS_format.C0.BoxedType><Bytes>372deba870
                        <field name="spare" value="1" type="Integer" lengthBit="3"/>
                        <field name="Signalling Indication" value="Optimised for signalling traffic:1" type="EnumLong" lengthBit="1"/>
                        <field name="Source Statistics Descriptor" value="unknown:7" type="EnumLong" lengthBit="4"/>
                        <field name="Maximum bitrate downlink (extended)" value="45" type="Integer" length="1"/>
                        <field name="Guaranteed bitrate downlink (extended)" value="235" type="Integer" length="1"/>
                        <field name="Maximum bitrate uplink (extended)" value="168" type="Integer" length="1"/>
                        <field name="Guaranteed bitrate uplink (extended)" value="112" type="Integer" length="1"/>
                     </Bytes></supplement_to_long_QoS_format.C0.BoxedType>
                  <additionalSupplement.C1.BoxedType><Bytes>f830
                        <field name="Maximum bitrate uplink (extended)" value="248" type="Integer" length="1"/>
                        <field name="Guaranteed bitrate uplink (extended)" value="48" type="Integer" length="1"/>
                     </Bytes></additionalSupplement.C1.BoxedType>
               </subscribed_QoS_Extension.C4.Sequence>
               <negotiated_QoS_Extension.C5.Sequence>
                  <supplement_to_long_QoS_format.C0.BoxedType><Bytes>df06f728bb
                        <field name="spare" value="6" type="Integer" lengthBit="3"/>
                        <field name="Signalling Indication" value="Optimised for signalling traffic:1" type="EnumLong" lengthBit="1"/>
                        <field name="Source Statistics Descriptor" value="unknown:15" type="EnumLong" lengthBit="4"/>
                        <field name="Maximum bitrate downlink (extended)" value="6" type="Integer" length="1"/>
                        <field name="Guaranteed bitrate downlink (extended)" value="247" type="Integer" length="1"/>
                        <field name="Maximum bitrate uplink (extended)" value="40" type="Integer" length="1"/>
                        <field name="Guaranteed bitrate uplink (extended)" value="187" type="Integer" length="1"/>
                     </Bytes></supplement_to_long_QoS_format.C0.BoxedType>
                  <additionalSupplement.C1.BoxedType><Bytes>ac19
                        <field name="Maximum bitrate uplink (extended)" value="172" type="Integer" length="1"/>
                        <field name="Guaranteed bitrate uplink (extended)" value="25" type="Integer" length="1"/>
                     </Bytes></additionalSupplement.C1.BoxedType>
               </negotiated_QoS_Extension.C5.Sequence>
            </qualityOfService.C4.Sequence>
            <timeAndTimeZone.C5.BoxedType><Bytes>0000005196937693
                  <field name="value" value="0000001569396739" type="Number_BCD" length="8"/>
               </Bytes></timeAndTimeZone.C5.BoxedType>
            <gGSNAddress.C6.BoxedType><Bytes>cc9ae1cce6
                  <field name="Address type" value="3" type="EnumLong" lengthBit="2"/>
                  <field name="AddressLength" value="12" type="Integer" lengthBit="6"/>
                  <field name="IPV4 address" value="154.225.204.230" type="IPV4Address" length="4"/>
               </Bytes></gGSNAddress.C6.BoxedType>
         </pdp_ContextchangeOfPositionSpecificInformation.C1.Sequence>
         <detachSpecificInformation.C2.Sequence>
            <initiatingEntity.C0.Enum>
               <EnumType>hlr.2</EnumType>
            </initiatingEntity.C0.Enum>
            <routeingAreaUpdate.C1></routeingAreaUpdate.C1>
         </detachSpecificInformation.C2.Sequence>
         <disconnectSpecificInformation.C3.Sequence>
            <initiatingEntity.C0.Enum>
               <EnumType>hlr.2</EnumType>
            </initiatingEntity.C0.Enum>
            <routeingAreaUpdate.C1></routeingAreaUpdate.C1>
         </disconnectSpecificInformation.C3.Sequence>
         <pDPContextEstablishmentSpecificInformation.C4.Sequence>
            <accessPointName.C0.BoxedType><Bytes>446c</Bytes></accessPointName.C0.BoxedType>
            <endUserAddress.C1.Sequence>
               <pDPTypeOrganization.C0>47ec713f426d46533570</pDPTypeOrganization.C0>
               <pDPTypeNumber.C1>3da9f93d54337c56</pDPTypeNumber.C1>
               <pDPAddress.C2>f89e9dffa1d985e507</pDPAddress.C2>
            </endUserAddress.C1.Sequence>
            <qualityOfService.C2.Sequence>
               <requested_QoS.C0.Choice>
                  <short_QoS_format.C0.BoxedType><Bytes>75ab4b
                        <field name="spare1" value="1" type="Integer" lengthBit="2"/>
                        <field name="Delay class" value="Delay class 4 (best effort):6" type="EnumLong" lengthBit="3"/>
                        <field name="Reliability class" value="Unacknowledged GTP, LLC, and RLC, Unprotected data:5" type="EnumLong" lengthBit="3"/>
                        <field name="Peak throughput" value="Up to 1 000 octet/s:10" type="EnumLong" lengthBit="4"/>
                        <field name="spare2" value="1" type="Integer" lengthBit="1"/>
                        <field name="Precedence class" value="Low priority:3" type="EnumLong" lengthBit="3"/>
                        <field name="spare3" value="2" type="Integer" lengthBit="3"/>
                        <field name="Mean throughput" value="200000 octet/h:11" type="EnumLong" lengthBit="5"/>
                     </Bytes></short_QoS_format.C0.BoxedType>
                  <long_QoS_format.C1.BoxedType><Bytes>f1b49edd70f40f432b
                        <field name="Allocation/Retention Priority" value="241" type="Integer" length="1"/>
                        <field name="Traffic class" value="Reserved:5" type="EnumLong" lengthBit="3"/>
                        <field name="Delivery class" value="Without delivery order (&apos;no&apos;):2" type="EnumLong" lengthBit="2"/>
                        <field name="Delivery erroneous SDUs" value="Reserved:4" type="EnumLong" lengthBit="3"/>
                        <field name="Maximum SDU size" value="158" type="Integer" length="1"/>
                        <field name="Maximum bitrate uplink" value="221" type="Integer" length="1"/>
                        <field name="Maximum bitrate downlink" value="112" type="Integer" length="1"/>
                        <field name="SDU error ratio" value="Reserved:15" type="EnumLong" lengthBit="4"/>
                        <field name="Residual BER" value="4*10 power -3:4" type="EnumLong" lengthBit="4"/>
                        <field name="Transfer delay" value="3" type="Integer" lengthBit="6"/>
                        <field name="Traffic handling priority" value="Priority level 3:3" type="EnumLong" lengthBit="2"/>
                        <field name="Guaranteed bitrate uplink" value="67" type="Integer" length="1"/>
                        <field name="Guaranteed bitrate downlink" value="43" type="Integer" length="1"/>
                     </Bytes></long_QoS_format.C1.BoxedType>
               </requested_QoS.C0.Choice>
               <subscribed_QoS.C1.Choice>
                  <short_QoS_format.C0.BoxedType><Bytes>26a2a5
                        <field name="spare1" value="0" type="Integer" lengthBit="2"/>
                        <field name="Delay class" value="Delay class 4 (best effort):4" type="EnumLong" lengthBit="3"/>
                        <field name="Reliability class" value="Unacknowledged GTP, LLC, and RLC, Protected data:6" type="EnumLong" lengthBit="3"/>
                        <field name="Peak throughput" value="Up to 1 000 octet/s:10" type="EnumLong" lengthBit="4"/>
                        <field name="spare2" value="0" type="Integer" lengthBit="1"/>
                        <field name="Precedence class" value="Normal priority:2" type="EnumLong" lengthBit="3"/>
                        <field name="spare3" value="5" type="Integer" lengthBit="3"/>
                        <field name="Mean throughput" value="2000 octet/h:5" type="EnumLong" lengthBit="5"/>
                     </Bytes></short_QoS_format.C0.BoxedType>
                  <long_QoS_format.C1.BoxedType><Bytes>ccd745be5ffe7e5824
                        <field name="Allocation/Retention Priority" value="204" type="Integer" length="1"/>
                        <field name="Traffic class" value="Reserved:6" type="EnumLong" lengthBit="3"/>
                        <field name="Delivery class" value="Without delivery order (&apos;no&apos;):2" type="EnumLong" lengthBit="2"/>
                        <field name="Delivery erroneous SDUs" value="Reserved:7" type="EnumLong" lengthBit="3"/>
                        <field name="Maximum SDU size" value="69" type="Integer" length="1"/>
                        <field name="Maximum bitrate uplink" value="190" type="Integer" length="1"/>
                        <field name="Maximum bitrate downlink" value="95" type="Integer" length="1"/>
                        <field name="SDU error ratio" value="Reserved:15" type="EnumLong" lengthBit="4"/>
                        <field name="Residual BER" value="Reserved:14" type="EnumLong" lengthBit="4"/>
                        <field name="Transfer delay" value="31" type="Integer" lengthBit="6"/>
                        <field name="Traffic handling priority" value="Priority level 2:2" type="EnumLong" lengthBit="2"/>
                        <field name="Guaranteed bitrate uplink" value="88" type="Integer" length="1"/>
                        <field name="Guaranteed bitrate downlink" value="36" type="Integer" length="1"/>
                     </Bytes></long_QoS_format.C1.BoxedType>
               </subscribed_QoS.C1.Choice>
               <negotiated_QoS.C2.Choice>
                  <short_QoS_format.C0.BoxedType><Bytes>eacc3c
                        <field name="spare1" value="3" type="Integer" lengthBit="2"/>
                        <field name="Delay class" value="Delay class 4 (best effort):5" type="EnumLong" lengthBit="3"/>
                        <field name="Reliability class" value="Unacknowledged GTP; Acknowledged LLC and RLC, Protected data:2" type="EnumLong" lengthBit="3"/>
                        <field name="Peak throughput" value="Up to 1 000 octet/s:12" type="EnumLong" lengthBit="4"/>
                        <field name="spare2" value="1" type="Integer" lengthBit="1"/>
                        <field name="Precedence class" value="Normal priority:4" type="EnumLong" lengthBit="3"/>
                        <field name="spare3" value="1" type="Integer" lengthBit="3"/>
                        <field name="Mean throughput" value="Best effort:28" type="EnumLong" lengthBit="5"/>
                     </Bytes></short_QoS_format.C0.BoxedType>
                  <long_QoS_format.C1.BoxedType><Bytes>046d1cb3383148940b
                        <field name="Allocation/Retention Priority" value="4" type="Integer" length="1"/>
                        <field name="Traffic class" value="Interactive class:3" type="EnumLong" lengthBit="3"/>
                        <field name="Delivery class" value="With delivery order (&apos;yes&apos;):1" type="EnumLong" lengthBit="2"/>
                        <field name="Delivery erroneous SDUs" value="Reserved:5" type="EnumLong" lengthBit="3"/>
                        <field name="Maximum SDU size" value="28" type="Integer" length="1"/>
                        <field name="Maximum bitrate uplink" value="179" type="Integer" length="1"/>
                        <field name="Maximum bitrate downlink" value="56" type="Integer" length="1"/>
                        <field name="SDU error ratio" value="1*10 power -3:3" type="EnumLong" lengthBit="4"/>
                        <field name="Residual BER" value="5*10 power -2:1" type="EnumLong" lengthBit="4"/>
                        <field name="Transfer delay" value="18" type="Integer" lengthBit="6"/>
                        <field name="Traffic handling priority" value="Subscribed traffic handling priority / Reserved:0" type="EnumLong" lengthBit="2"/>
                        <field name="Guaranteed bitrate uplink" value="148" type="Integer" length="1"/>
                        <field name="Guaranteed bitrate downlink" value="11" type="Integer" length="1"/>
                     </Bytes></long_QoS_format.C1.BoxedType>
               </negotiated_QoS.C2.Choice>
               <requested_QoS_Extension.C3.Sequence>
                  <supplement_to_long_QoS_format.C0.BoxedType><Bytes>36f89876a2
                        <field name="spare" value="1" type="Integer" lengthBit="3"/>
                        <field name="Signalling Indication" value="Optimised for signalling traffic:1" type="EnumLong" lengthBit="1"/>
                        <field name="Source Statistics Descriptor" value="unknown:6" type="EnumLong" lengthBit="4"/>
                        <field name="Maximum bitrate downlink (extended)" value="248" type="Integer" length="1"/>
                        <field name="Guaranteed bitrate downlink (extended)" value="152" type="Integer" length="1"/>
                        <field name="Maximum bitrate uplink (extended)" value="118" type="Integer" length="1"/>
                        <field name="Guaranteed bitrate uplink (extended)" value="162" type="Integer" length="1"/>
                     </Bytes></supplement_to_long_QoS_format.C0.BoxedType>
                  <additionalSupplement.C1.BoxedType><Bytes>eff6
                        <field name="Maximum bitrate uplink (extended)" value="239" type="Integer" length="1"/>
                        <field name="Guaranteed bitrate uplink (extended)" value="246" type="Integer" length="1"/>
                     </Bytes></additionalSupplement.C1.BoxedType>
               </requested_QoS_Extension.C3.Sequence>
               <subscribed_QoS_Extension.C4.Sequence>
                  <supplement_to_long_QoS_format.C0.BoxedType><Bytes>e4a4efd4c2
                        <field name="spare" value="7" type="Integer" lengthBit="3"/>
                        <field name="Signalling Indication" value="Not optimised for signalling traffic:0" type="EnumLong" lengthBit="1"/>
                        <field name="Source Statistics Descriptor" value="unknown:4" type="EnumLong" lengthBit="4"/>
                        <field name="Maximum bitrate downlink (extended)" value="164" type="Integer" length="1"/>
                        <field name="Guaranteed bitrate downlink (extended)" value="239" type="Integer" length="1"/>
                        <field name="Maximum bitrate uplink (extended)" value="212" type="Integer" length="1"/>
                        <field name="Guaranteed bitrate uplink (extended)" value="194" type="Integer" length="1"/>
                     </Bytes></supplement_to_long_QoS_format.C0.BoxedType>
                  <additionalSupplement.C1.BoxedType><Bytes>abec
                        <field name="Maximum bitrate uplink (extended)" value="171" type="Integer" length="1"/>
                        <field name="Guaranteed bitrate uplink (extended)" value="236" type="Integer" length="1"/>
                     </Bytes></additionalSupplement.C1.BoxedType>
               </subscribed_QoS_Extension.C4.Sequence>
               <negotiated_QoS_Extension.C5.Sequence>
                  <supplement_to_long_QoS_format.C0.BoxedType><Bytes>8aae5fccac
                        <field name="spare" value="4" type="Integer" lengthBit="3"/>
                        <field name="Signalling Indication" value="Not optimised for signalling traffic:0" type="EnumLong" lengthBit="1"/>
                        <field name="Source Statistics Descriptor" value="unknown:10" type="EnumLong" lengthBit="4"/>
                        <field name="Maximum bitrate downlink (extended)" value="174" type="Integer" length="1"/>
                        <field name="Guaranteed bitrate downlink (extended)" value="95" type="Integer" length="1"/>
                        <field name="Maximum bitrate uplink (extended)" value="204" type="Integer" length="1"/>
                        <field name="Guaranteed bitrate uplink (extended)" value="172" type="Integer" length="1"/>
                     </Bytes></supplement_to_long_QoS_format.C0.BoxedType>
                  <additionalSupplement.C1.BoxedType><Bytes>5354
                        <field name="Maximum bitrate uplink (extended)" value="83" type="Integer" length="1"/>
                        <field name="Guaranteed bitrate uplink (extended)" value="84" type="Integer" length="1"/>
                     </Bytes></additionalSupplement.C1.BoxedType>
               </negotiated_QoS_Extension.C5.Sequence>
            </qualityOfService.C2.Sequence>
            <locationInformationGPRS.C3.Sequence>
               <cellGlobalIdOrServiceAreaIdOrLAI.C0.Choice>
                  <cellGlobalIdOrServiceAreaIdFixedLength.C0.BoxedType><Bytes>31f084ea8491e3
                        <field name="MMC" value="130,48" type="NumberMMC" length="3"/>
                        <field name="LAC" value="60036" type="Integer" length="2"/>
                        <field name="CI_SAC" value="37347" type="Integer" length="2"/>
                     </Bytes></cellGlobalIdOrServiceAreaIdFixedLength.C0.BoxedType>
                  <laiFixedLength.C1.BoxedType><Bytes>916311303e
                        <field name="MMC" value="193,116" type="NumberMMC" length="3"/>
                        <field name="LAC" value="12350" type="Integer" length="2"/>
                     </Bytes></laiFixedLength.C1.BoxedType>
               </cellGlobalIdOrServiceAreaIdOrLAI.C0.Choice>
               <routeingAreaIdentity.C1.BoxedType><Bytes>42f516024e32
                     <field name="MMC" value="245,61" type="NumberMMC" length="3"/>
                     <field name="LAC" value="590" type="Integer" length="2"/>
                     <field name="RAC" value="50" type="Integer" length="1"/>
                  </Bytes></routeingAreaIdentity.C1.BoxedType>
               <geographicalInformation.C2.BoxedType><Bytes>b9697077324ed78f
                     <field name="TypeOfShape" value="Reserved for future use:11" type="EnumLong" lengthBit="4"/>
                     <field name="spare" value="9" type="Integer" lengthBit="4"/>
                     <field name="DegreesOfLatitude" value="6910071" type="Integer" length="3"/>
                     <field name="DegreesOfLongitude" value="3296983" type="Integer" length="3"/>
                     <field name="UncertaintyCode" value="143" type="Integer" length="1"/>
                  </Bytes></geographicalInformation.C2.BoxedType>
               <sgsn_Number.C3.BoxedType><AddressString.BoxedType><Bytes>5661963302f2
                        <field name="extension" value="extension:0" type="EnumLong" lengthBit="1"/>
                        <field name="nature of address" value="reserved:5" type="EnumLong" lengthBit="3"/>
                        <field name="numbering plan" value="land mobile numbering plan (ITU-T Rec E.212):6" type="EnumLong" lengthBit="4"/>
                        <field name="digits" value="166933202" type="Number_BCD" length="9"/>
                     </Bytes></AddressString.BoxedType></sgsn_Number.C3.BoxedType>
               <selectedLSAIdentity.C4.BoxedType><Bytes>25e41e
                     <field name="LSA type" value="PLMN significant number:0" type="EnumLong" lengthBit="1"/>
                     <field name="Identifier" value="2483230" type="Integer" lengthBit="23"/>
                  </Bytes></selectedLSAIdentity.C4.BoxedType>
               <extensionContainer.C5.Sequence>
                  <privateExtensionList.C0.BoxedType>
                     <Collection>
                        <PrivateExtension.Sequence>
                           <extId><ObjectIdentifier>0.1.291</ObjectIdentifier></extId>
                           <extType>ef275d28168f8e</extType>
                        </PrivateExtension.Sequence>
                        <PrivateExtension.Sequence>
                           <extId><ObjectIdentifier>0.1.2106.97.5.105.2.7</ObjectIdentifier></extId>
                           <extType>cafa</extType>
                        </PrivateExtension.Sequence>
                        <PrivateExtension.Sequence>
                           <extId><ObjectIdentifier>0.1.247.72.73.54.83.97.26.99.117.99</ObjectIdentifier></extId>
                           <extType>47beb477a12e8fbd69</extType>
                        </PrivateExtension.Sequence>
                     </Collection>
                  </privateExtensionList.C0.BoxedType>
                  <pcs_Extensions.C1.Sequence>
                     
                  </pcs_Extensions.C1.Sequence>
               </extensionContainer.C5.Sequence>
               <sai_Present.C6></sai_Present.C6>
               <geodeticInformation.C7.BoxedType><Bytes>0145e8fc838ed4999a86
                     <field name="spare" value="0" type="Integer" lengthBit="4"/>
                     <field name="LPRI" value="presentation allowed:0" type="EnumLong" lengthBit="2"/>
                     <field name="screnning" value="user provided, verified and passed:1" type="EnumLong" lengthBit="2"/>
                     <field name="ext" value="0" type="Integer" lengthBit="1"/>
                     <field name="TypeOfShape" value="reserved for national use:69" type="EnumLong" lengthBit="7"/>
                     <field name="DegreesOfLatitude" value="15268995" type="Integer" length="3"/>
                     <field name="DegreesOfLongitude" value="9360537" type="Integer" length="3"/>
                     <field name="UncertaintyCode" value="154" type="Integer" length="1"/>
                     <field name="Confidence" value="134" type="Integer" length="1"/>
                  </Bytes></geodeticInformation.C7.BoxedType>
               <currentLocationRetrieved.C8></currentLocationRetrieved.C8>
               <ageOfLocationInformation.C9.BoxedType><Integer>0 minut = currently in contact:0</Integer></ageOfLocationInformation.C9.BoxedType>
               <userCSGInformation.C10.Sequence>
                  <csg_Id.C0.BoxedType><BitString><BitString value="2f783c21792c574e379f" trailing="0"/></BitString></csg_Id.C0.BoxedType>
                  <extensionContainer.C1.Sequence>
                     <privateExtensionList.C0.BoxedType>
                        <Collection>
                           <PrivateExtension.Sequence>
                              <extId><ObjectIdentifier>0.1.297.94.112.41.113</ObjectIdentifier></extId>
                              <extType>e3a8</extType>
                           </PrivateExtension.Sequence>
                           <PrivateExtension.Sequence>
                              <extId><ObjectIdentifier>0.1.251.6.6.32.14.17.46</ObjectIdentifier></extId>
                              <extType>7844ea3f5e</extType>
                           </PrivateExtension.Sequence>
                           <PrivateExtension.Sequence>
                              <extId><ObjectIdentifier>0.1.262.14.40.117</ObjectIdentifier></extId>
                              <extType>57</extType>
                           </PrivateExtension.Sequence>
                        </Collection>
                     </privateExtensionList.C0.BoxedType>
                     <pcs_Extensions.C1.Sequence>
                        
                     </pcs_Extensions.C1.Sequence>
                  </extensionContainer.C1.Sequence>
                  <accessMode.C2>f8994d43</accessMode.C2>
                  <cmi.C3>9adcd7bb799c20</cmi.C3>
               </userCSGInformation.C10.Sequence>
            </locationInformationGPRS.C3.Sequence>
            <timeAndTimeZone.C4.BoxedType><Bytes>0000009185513439
                  <field name="value" value="0000001958154393" type="Number_BCD" length="8"/>
               </Bytes></timeAndTimeZone.C4.BoxedType>
            <pDPInitiationType.C5.Enum>
               <EnumType>networkInitiated.1</EnumType>
            </pDPInitiationType.C5.Enum>
            <secondaryPDP_context.C6></secondaryPDP_context.C6>
         </pDPContextEstablishmentSpecificInformation.C4.Sequence>
         <pDPContextEstablishmentAcknowledgementSpecificInformation.C5.Sequence>
            <accessPointName.C0.BoxedType><Bytes>2d2c65a4faad24bc</Bytes></accessPointName.C0.BoxedType>
            <chargingID.C1.BoxedType><Bytes>7d29c020
                  <field name="Charging ID" value="2099888160" type="Integer" length="4"/>
               </Bytes></chargingID.C1.BoxedType>
            <endUserAddress.C2.Sequence>
               <pDPTypeOrganization.C0>1a729220f70e4035</pDPTypeOrganization.C0>
               <pDPTypeNumber.C1>cb92bf2bdc2051cf</pDPTypeNumber.C1>
               <pDPAddress.C2>777031ea9c4dac89</pDPAddress.C2>
            </endUserAddress.C2.Sequence>
            <qualityOfService.C3.Sequence>
               <requested_QoS.C0.Choice>
                  <short_QoS_format.C0.BoxedType><Bytes>e5cc35
                        <field name="spare1" value="3" type="Integer" lengthBit="2"/>
                        <field name="Delay class" value="Delay class 4 (best effort):4" type="EnumLong" lengthBit="3"/>
                        <field name="Reliability class" value="Unacknowledged GTP, LLC, and RLC, Unprotected data:5" type="EnumLong" lengthBit="3"/>
                        <field name="Peak throughput" value="Up to 1 000 octet/s:12" type="EnumLong" lengthBit="4"/>
                        <field name="spare2" value="1" type="Integer" lengthBit="1"/>
                        <field name="Precedence class" value="Normal priority:4" type="EnumLong" lengthBit="3"/>
                        <field name="spare3" value="1" type="Integer" lengthBit="3"/>
                        <field name="Mean throughput" value="Best effort:21" type="EnumLong" lengthBit="5"/>
                     </Bytes></short_QoS_format.C0.BoxedType>
                  <long_QoS_format.C1.BoxedType><Bytes>bb0107df48fa765a9d
                        <field name="Allocation/Retention Priority" value="187" type="Integer" length="1"/>
                        <field name="Traffic class" value="Subscribed traffic class / Reserved:0" type="EnumLong" lengthBit="3"/>
                        <field name="Delivery class" value="Subscribed delivery class / Reserved:0" type="EnumLong" lengthBit="2"/>
                        <field name="Delivery erroneous SDUs" value="No detect (&apos;-&apos;):1" type="EnumLong" lengthBit="3"/>
                        <field name="Maximum SDU size" value="7" type="Integer" length="1"/>
                        <field name="Maximum bitrate uplink" value="223" type="Integer" length="1"/>
                        <field name="Maximum bitrate downlink" value="72" type="Integer" length="1"/>
                        <field name="SDU error ratio" value="Reserved:15" type="EnumLong" lengthBit="4"/>
                        <field name="Residual BER" value="Reserved:10" type="EnumLong" lengthBit="4"/>
                        <field name="Transfer delay" value="29" type="Integer" lengthBit="6"/>
                        <field name="Traffic handling priority" value="Priority level 2:2" type="EnumLong" lengthBit="2"/>
                        <field name="Guaranteed bitrate uplink" value="90" type="Integer" length="1"/>
                        <field name="Guaranteed bitrate downlink" value="157" type="Integer" length="1"/>
                     </Bytes></long_QoS_format.C1.BoxedType>
               </requested_QoS.C0.Choice>
               <subscribed_QoS.C1.Choice>
                  <short_QoS_format.C0.BoxedType><Bytes>27ad8b
                        <field name="spare1" value="0" type="Integer" lengthBit="2"/>
                        <field name="Delay class" value="Delay class 4 (best effort):4" type="EnumLong" lengthBit="3"/>
                        <field name="Reliability class" value="Reserved:7" type="EnumLong" lengthBit="3"/>
                        <field name="Peak throughput" value="Up to 1 000 octet/s:10" type="EnumLong" lengthBit="4"/>
                        <field name="spare2" value="1" type="Integer" lengthBit="1"/>
                        <field name="Precedence class" value="Normal priority:5" type="EnumLong" lengthBit="3"/>
                        <field name="spare3" value="4" type="Integer" lengthBit="3"/>
                        <field name="Mean throughput" value="200000 octet/h:11" type="EnumLong" lengthBit="5"/>
                     </Bytes></short_QoS_format.C0.BoxedType>
                  <long_QoS_format.C1.BoxedType><Bytes>07b48972f168a908ed
                        <field name="Allocation/Retention Priority" value="7" type="Integer" length="1"/>
                        <field name="Traffic class" value="Reserved:5" type="EnumLong" lengthBit="3"/>
                        <field name="Delivery class" value="Without delivery order (&apos;no&apos;):2" type="EnumLong" lengthBit="2"/>
                        <field name="Delivery erroneous SDUs" value="Reserved:4" type="EnumLong" lengthBit="3"/>
                        <field name="Maximum SDU size" value="137" type="Integer" length="1"/>
                        <field name="Maximum bitrate uplink" value="114" type="Integer" length="1"/>
                        <field name="Maximum bitrate downlink" value="241" type="Integer" length="1"/>
                        <field name="SDU error ratio" value="1*10 power -6:6" type="EnumLong" lengthBit="4"/>
                        <field name="Residual BER" value="1*10 power -6:8" type="EnumLong" lengthBit="4"/>
                        <field name="Transfer delay" value="42" type="Integer" lengthBit="6"/>
                        <field name="Traffic handling priority" value="Priority level 1:1" type="EnumLong" lengthBit="2"/>
                        <field name="Guaranteed bitrate uplink" value="8" type="Integer" length="1"/>
                        <field name="Guaranteed bitrate downlink" value="237" type="Integer" length="1"/>
                     </Bytes></long_QoS_format.C1.BoxedType>
               </subscribed_QoS.C1.Choice>
               <negotiated_QoS.C2.Choice>
                  <short_QoS_format.C0.BoxedType><Bytes>3b8695
                        <field name="spare1" value="0" type="Integer" lengthBit="2"/>
                        <field name="Delay class" value="Reserved:7" type="EnumLong" lengthBit="3"/>
                        <field name="Reliability class" value="Unacknowledged GTP and LLC; Acknowledged RLC, Protected data:3" type="EnumLong" lengthBit="3"/>
                        <field name="Peak throughput" value="Up to 128 000 octet/s:8" type="EnumLong" lengthBit="4"/>
                        <field name="spare2" value="0" type="Integer" lengthBit="1"/>
                        <field name="Precedence class" value="Normal priority:6" type="EnumLong" lengthBit="3"/>
                        <field name="spare3" value="4" type="Integer" lengthBit="3"/>
                        <field name="Mean throughput" value="Best effort:21" type="EnumLong" lengthBit="5"/>
                     </Bytes></short_QoS_format.C0.BoxedType>
                  <long_QoS_format.C1.BoxedType><Bytes>173278160e3ecac8f1
                        <field name="Allocation/Retention Priority" value="23" type="Integer" length="1"/>
                        <field name="Traffic class" value="Conversational class:1" type="EnumLong" lengthBit="3"/>
                        <field name="Delivery class" value="Without delivery order (&apos;no&apos;):2" type="EnumLong" lengthBit="2"/>
                        <field name="Delivery erroneous SDUs" value="Erroneous SDUs are delivered (&apos;yes&apos;):2" type="EnumLong" lengthBit="3"/>
                        <field name="Maximum SDU size" value="120" type="Integer" length="1"/>
                        <field name="Maximum bitrate uplink" value="22" type="Integer" length="1"/>
                        <field name="Maximum bitrate downlink" value="14" type="Integer" length="1"/>
                        <field name="SDU error ratio" value="1*10 power -3:3" type="EnumLong" lengthBit="4"/>
                        <field name="Residual BER" value="Reserved:14" type="EnumLong" lengthBit="4"/>
                        <field name="Transfer delay" value="50" type="Integer" lengthBit="6"/>
                        <field name="Traffic handling priority" value="Priority level 2:2" type="EnumLong" lengthBit="2"/>
                        <field name="Guaranteed bitrate uplink" value="200" type="Integer" length="1"/>
                        <field name="Guaranteed bitrate downlink" value="241" type="Integer" length="1"/>
                     </Bytes></long_QoS_format.C1.BoxedType>
               </negotiated_QoS.C2.Choice>
               <requested_QoS_Extension.C3.Sequence>
                  <supplement_to_long_QoS_format.C0.BoxedType><Bytes>718d31678d
                        <field name="spare" value="3" type="Integer" lengthBit="3"/>
                        <field name="Signalling Indication" value="Optimised for signalling traffic:1" type="EnumLong" lengthBit="1"/>
                        <field name="Source Statistics Descriptor" value="speech:1" type="EnumLong" lengthBit="4"/>
                        <field name="Maximum bitrate downlink (extended)" value="141" type="Integer" length="1"/>
                        <field name="Guaranteed bitrate downlink (extended)" value="49" type="Integer" length="1"/>
                        <field name="Maximum bitrate uplink (extended)" value="103" type="Integer" length="1"/>
                        <field name="Guaranteed bitrate uplink (extended)" value="141" type="Integer" length="1"/>
                     </Bytes></supplement_to_long_QoS_format.C0.BoxedType>
                  <additionalSupplement.C1.BoxedType><Bytes>e502
                        <field name="Maximum bitrate uplink (extended)" value="229" type="Integer" length="1"/>
                        <field name="Guaranteed bitrate uplink (extended)" value="2" type="Integer" length="1"/>
                     </Bytes></additionalSupplement.C1.BoxedType>
               </requested_QoS_Extension.C3.Sequence>
               <subscribed_QoS_Extension.C4.Sequence>
                  <supplement_to_long_QoS_format.C0.BoxedType><Bytes>069fa951a1
                        <field name="spare" value="0" type="Integer" lengthBit="3"/>
                        <field name="Signalling Indication" value="Not optimised for signalling traffic:0" type="EnumLong" lengthBit="1"/>
                        <field name="Source Statistics Descriptor" value="unknown:6" type="EnumLong" lengthBit="4"/>
                        <field name="Maximum bitrate downlink (extended)" value="159" type="Integer" length="1"/>
                        <field name="Guaranteed bitrate downlink (extended)" value="169" type="Integer" length="1"/>
                        <field name="Maximum bitrate uplink (extended)" value="81" type="Integer" length="1"/>
                        <field name="Guaranteed bitrate uplink (extended)" value="161" type="Integer" length="1"/>
                     </Bytes></supplement_to_long_QoS_format.C0.BoxedType>
                  <additionalSupplement.C1.BoxedType><Bytes>7a6f
                        <field name="Maximum bitrate uplink (extended)" value="122" type="Integer" length="1"/>
                        <field name="Guaranteed bitrate uplink (extended)" value="111" type="Integer" length="1"/>
                     </Bytes></additionalSupplement.C1.BoxedType>
               </subscribed_QoS_Extension.C4.Sequence>
               <negotiated_QoS_Extension.C5.Sequence>
                  <supplement_to_long_QoS_format.C0.BoxedType><Bytes>0b36831d29
                        <field name="spare" value="0" type="Integer" lengthBit="3"/>
                        <field name="Signalling Indication" value="Not optimised for signalling traffic:0" type="EnumLong" lengthBit="1"/>
                        <field name="Source Statistics Descriptor" value="unknown:11" type="EnumLong" lengthBit="4"/>
                        <field name="Maximum bitrate downlink (extended)" value="54" type="Integer" length="1"/>
                        <field name="Guaranteed bitrate downlink (extended)" value="131" type="Integer" length="1"/>
                        <field name="Maximum bitrate uplink (extended)" value="29" type="Integer" length="1"/>
                        <field name="Guaranteed bitrate uplink (extended)" value="41" type="Integer" length="1"/>
                     </Bytes></supplement_to_long_QoS_format.C0.BoxedType>
                  <additionalSupplement.C1.BoxedType><Bytes>9668
                        <field name="Maximum bitrate uplink (extended)" value="150" type="Integer" length="1"/>
                        <field name="Guaranteed bitrate uplink (extended)" value="104" type="Integer" length="1"/>
                     </Bytes></additionalSupplement.C1.BoxedType>
               </negotiated_QoS_Extension.C5.Sequence>
            </qualityOfService.C3.Sequence>
            <locationInformationGPRS.C4.Sequence>
               <cellGlobalIdOrServiceAreaIdOrLAI.C0.Choice>
                  <cellGlobalIdOrServiceAreaIdFixedLength.C0.BoxedType><Bytes>22590237b996e4
                        <field name="MMC" value="229,205" type="NumberMMC" length="3"/>
                        <field name="LAC" value="14265" type="Integer" length="2"/>
                        <field name="CI_SAC" value="38628" type="Integer" length="2"/>
                     </Bytes></cellGlobalIdOrServiceAreaIdFixedLength.C0.BoxedType>
                  <laiFixedLength.C1.BoxedType><Bytes>81f2929f4a
                        <field name="MMC" value="182,29" type="NumberMMC" length="3"/>
                        <field name="LAC" value="40778" type="Integer" length="2"/>
                     </Bytes></laiFixedLength.C1.BoxedType>
               </cellGlobalIdOrServiceAreaIdOrLAI.C0.Choice>
               <routeingAreaIdentity.C1.BoxedType><Bytes>213312944752
                     <field name="MMC" value="123,213" type="NumberMMC" length="3"/>
                     <field name="LAC" value="37959" type="Integer" length="2"/>
                     <field name="RAC" value="82" type="Integer" length="1"/>
                  </Bytes></routeingAreaIdentity.C1.BoxedType>
               <geographicalInformation.C2.BoxedType><Bytes>e66df75fc5bffb85
                     <field name="TypeOfShape" value="Reserved for future use:14" type="EnumLong" lengthBit="4"/>
                     <field name="spare" value="6" type="Integer" lengthBit="4"/>
                     <field name="DegreesOfLatitude" value="7206751" type="Integer" length="3"/>
                     <field name="DegreesOfLongitude" value="12959739" type="Integer" length="3"/>
                     <field name="UncertaintyCode" value="133" type="Integer" length="1"/>
                  </Bytes></geographicalInformation.C2.BoxedType>
               <sgsn_Number.C3.BoxedType><AddressString.BoxedType><Bytes>b30251417600
                        <field name="extension" value="no extension:1" type="EnumLong" lengthBit="1"/>
                        <field name="nature of address" value="network specific number:3" type="EnumLong" lengthBit="3"/>
                        <field name="numbering plan" value="data numbering plan (ITU-T Rec X.121):3" type="EnumLong" lengthBit="4"/>
                        <field name="digits" value="2015146700" type="Number_BCD" length="10"/>
                     </Bytes></AddressString.BoxedType></sgsn_Number.C3.BoxedType>
               <selectedLSAIdentity.C4.BoxedType><Bytes>1b5d69
                     <field name="LSA type" value="PLMN significant number:0" type="EnumLong" lengthBit="1"/>
                     <field name="Identifier" value="1793385" type="Integer" lengthBit="23"/>
                  </Bytes></selectedLSAIdentity.C4.BoxedType>
               <extensionContainer.C5.Sequence>
                  <privateExtensionList.C0.BoxedType>
                     <Collection>
                        <PrivateExtension.Sequence>
                           <extId><ObjectIdentifier>0.1.229.94.48</ObjectIdentifier></extId>
                           <extType>b4c444e9cf</extType>
                        </PrivateExtension.Sequence>
                        <PrivateExtension.Sequence>
                           <extId><ObjectIdentifier>0.1.280.17.71.117.104.65.122</ObjectIdentifier></extId>
                           <extType>9b54d854</extType>
                        </PrivateExtension.Sequence>
                        <PrivateExtension.Sequence>
                           <extId><ObjectIdentifier>0.1.219.38.35.124.5.107.16.113</ObjectIdentifier></extId>
                           <extType>a02832260453b48d5009</extType>
                        </PrivateExtension.Sequence>
                     </Collection>
                  </privateExtensionList.C0.BoxedType>
                  <pcs_Extensions.C1.Sequence>
                     
                  </pcs_Extensions.C1.Sequence>
               </extensionContainer.C5.Sequence>
               <sai_Present.C6></sai_Present.C6>
               <geodeticInformation.C7.BoxedType><Bytes>36522b5ae9eb815543ad
                     <field name="spare" value="3" type="Integer" lengthBit="4"/>
                     <field name="LPRI" value="presentation restricted:1" type="EnumLong" lengthBit="2"/>
                     <field name="screnning" value="user provided, verified and failed:2" type="EnumLong" lengthBit="2"/>
                     <field name="ext" value="0" type="Integer" lengthBit="1"/>
                     <field name="TypeOfShape" value="reserved for national use:82" type="EnumLong" lengthBit="7"/>
                     <field name="DegreesOfLatitude" value="2841321" type="Integer" length="3"/>
                     <field name="DegreesOfLongitude" value="15434069" type="Integer" length="3"/>
                     <field name="UncertaintyCode" value="67" type="Integer" length="1"/>
                     <field name="Confidence" value="173" type="Integer" length="1"/>
                  </Bytes></geodeticInformation.C7.BoxedType>
               <currentLocationRetrieved.C8></currentLocationRetrieved.C8>
               <ageOfLocationInformation.C9.BoxedType><Integer>[1-32766] minuts:1</Integer></ageOfLocationInformation.C9.BoxedType>
               <userCSGInformation.C10.Sequence>
                  <csg_Id.C0.BoxedType><BitString><BitString value="da9277de5aad01b3cf91" trailing="0"/></BitString></csg_Id.C0.BoxedType>
                  <extensionContainer.C1.Sequence>
                     <privateExtensionList.C0.BoxedType>
                        <Collection>
                           <PrivateExtension.Sequence>
                              <extId><ObjectIdentifier>0.1.233.122.54.42</ObjectIdentifier></extId>
                              <extType>da2fbf80</extType>
                           </PrivateExtension.Sequence>
                           <PrivateExtension.Sequence>
                              <extId><ObjectIdentifier>0.1.2119.63</ObjectIdentifier></extId>
                              <extType>e780b2675e383d</extType>
                           </PrivateExtension.Sequence>
                           <PrivateExtension.Sequence>
                              <extId><ObjectIdentifier>0.1.20.24</ObjectIdentifier></extId>
                              <extType>c509</extType>
                           </PrivateExtension.Sequence>
                        </Collection>
                     </privateExtensionList.C0.BoxedType>
                     <pcs_Extensions.C1.Sequence>
                        
                     </pcs_Extensions.C1.Sequence>
                  </extensionContainer.C1.Sequence>
                  <accessMode.C2>0fe120</accessMode.C2>
                  <cmi.C3>d06c965d</cmi.C3>
               </userCSGInformation.C10.Sequence>
            </locationInformationGPRS.C4.Sequence>
            <timeAndTimeZone.C5.BoxedType><Bytes>0000000127454670
                  <field name="value" value="0000001072546407" type="Number_BCD" length="8"/>
               </Bytes></timeAndTimeZone.C5.BoxedType>
            <gGSNAddress.C6.BoxedType><Bytes>a137ab45be
                  <field name="Address type" value="2" type="EnumLong" lengthBit="2"/>
                  <field name="AddressLength" value="33" type="Integer" lengthBit="6"/>
                  <field name="IPV4 address" value="55.171.69.190" type="IPV4Address" length="4"/>
               </Bytes></gGSNAddress.C6.BoxedType>
         </pDPContextEstablishmentAcknowledgementSpecificInformation.C5.Sequence>
      </gPRSEventSpecificInformation.C2.Choice>
      <pDPId.C3.BoxedType><Bytes>6dbc</Bytes></pDPId.C3.BoxedType>
   </EventReportGPRSArg.Sequence>
</ASN>