<?xml version="1.0" encoding="ISO-8859-15"?>

<ASN layer="CAP">
   <Ext_SS_Info.Choice>
      <forwardingInfo.C0.Sequence>
         <ss_Code.BoxedType><Bytes>aa07</Bytes></ss_Code.BoxedType>
         <forwardingFeatureList.BoxedType>
            <Collection>
               <Ext_ForwFeature.Sequence>
                  <basicService.Choice>
                     <ext_BearerService.C2.BoxedType><Bytes>5977</Bytes></ext_BearerService.C2.BoxedType>
                     <ext_Teleservice.C3.BoxedType><Bytes>7fc86fdf9a
                           <field name="Code" value="127" type="EnumLong" length="1"/>
                           <field name="Extension data" value="c86fdf9a" type="Binary" length="4"/>
                        </Bytes></ext_Teleservice.C3.BoxedType>
                  </basicService.Choice>
                  <ss_Status.C4.BoxedType><Bytes>f989ba8e</Bytes></ss_Status.C4.BoxedType>
                  <forwardedToNumber.C5.BoxedType><AddressString.BoxedType><Bytes>747172763451
                           <field name="extension" value="extension:0" type="EnumLong" lengthBit="1"/>
                           <field name="nature of address" value="reserved for extension:7" type="EnumLong" lengthBit="3"/>
                           <field name="numbering plan" value="telex numbering plan (ITU-T Rec F.69):4" type="EnumLong" lengthBit="4"/>
                           <field name="digits" value="1727674315" type="Number_BCD" length="10"/>
                        </Bytes></AddressString.BoxedType></forwardedToNumber.C5.BoxedType>
                  <forwardedToSubaddress.C8.BoxedType><Bytes>e788a0228868</Bytes></forwardedToSubaddress.C8.BoxedType>
                  <forwardingOptions.C6.BoxedType><Bytes>49590da61e8c83bcfe</Bytes></forwardingOptions.C6.BoxedType>
                  <noReplyConditionTime.C7.BoxedType><Integer>1</Integer></noReplyConditionTime.C7.BoxedType>
                  <extensionContainer.C9.Sequence>
                     <privateExtensionList.C0.BoxedType>
                        <Collection>
                           <PrivateExtension.Sequence>
                              <extId><ObjectIdentifier>0.1.2105.113.21.126.42.58.40</ObjectIdentifier></extId>
                              <extType>fb60f18e3ca7</extType>
                           </PrivateExtension.Sequence>
                           <PrivateExtension.Sequence>
                              <extId><ObjectIdentifier>0.1.263.79</ObjectIdentifier></extId>
                              <extType>f7f1</extType>
                           </PrivateExtension.Sequence>
                           <PrivateExtension.Sequence>
                              <extId><ObjectIdentifier>0.1.2127.44.35.20.119</ObjectIdentifier></extId>
                              <extType>bd66</extType>
                           </PrivateExtension.Sequence>
                        </Collection>
                     </privateExtensionList.C0.BoxedType>
                     <pcs_Extensions.C1.Sequence>
                        
                     </pcs_Extensions.C1.Sequence>
                  </extensionContainer.C9.Sequence>
                  <longForwardedToNumber.C10.BoxedType><AddressString.BoxedType><Bytes>cd29247673f0
                           <field name="extension" value="no extension:1" type="EnumLong" lengthBit="1"/>
                           <field name="nature of address" value="subscriber number:4" type="EnumLong" lengthBit="3"/>
                           <field name="numbering plan" value="13" type="EnumLong" lengthBit="4"/>
                           <field name="digits" value="924267370" type="Number_BCD" length="9"/>
                        </Bytes></AddressString.BoxedType></longForwardedToNumber.C10.BoxedType>
               </Ext_ForwFeature.Sequence>
               <Ext_ForwFeature.Sequence>
                  <basicService.Choice>
                     <ext_BearerService.C2.BoxedType><Bytes>9ddffe85a61a</Bytes></ext_BearerService.C2.BoxedType>
                     <ext_Teleservice.C3.BoxedType><Bytes>801e60c940
                           <field name="Code" value="allTeleservices-ExeptSMS:128" type="EnumLong" length="1"/>
                           <field name="Extension data" value="1e60c940" type="Binary" length="4"/>
                        </Bytes></ext_Teleservice.C3.BoxedType>
                  </basicService.Choice>
                  <ss_Status.C4.BoxedType><Bytes>355cfa98061fe048f5</Bytes></ss_Status.C4.BoxedType>
                  <forwardedToNumber.C5.BoxedType><AddressString.BoxedType><Bytes>e492966505f4
                           <field name="extension" value="no extension:1" type="EnumLong" lengthBit="1"/>
                           <field name="nature of address" value="abbreviated number:6" type="EnumLong" lengthBit="3"/>
                           <field name="numbering plan" value="telex numbering plan (ITU-T Rec F.69):4" type="EnumLong" lengthBit="4"/>
                           <field name="digits" value="296956504" type="Number_BCD" length="9"/>
                        </Bytes></AddressString.BoxedType></forwardedToNumber.C5.BoxedType>
                  <forwardedToSubaddress.C8.BoxedType><Bytes>2c9db15898d25975</Bytes></forwardedToSubaddress.C8.BoxedType>
                  <forwardingOptions.C6.BoxedType><Bytes>28be</Bytes></forwardingOptions.C6.BoxedType>
                  <noReplyConditionTime.C7.BoxedType><Integer>1</Integer></noReplyConditionTime.C7.BoxedType>
                  <extensionContainer.C9.Sequence>
                     <privateExtensionList.C0.BoxedType>
                        <Collection>
                           <PrivateExtension.Sequence>
                              <extId><ObjectIdentifier>0.1.238.101.42.95.84.104.97.77.21.117</ObjectIdentifier></extId>
                              <extType>dc35226d5f6052fa5cc3</extType>
                           </PrivateExtension.Sequence>
                           <PrivateExtension.Sequence>
                              <extId><ObjectIdentifier>0.1.258.76.74.33.71.33.8.59</ObjectIdentifier></extId>
                              <extType>127bd3b5063d</extType>
                           </PrivateExtension.Sequence>
                           <PrivateExtension.Sequence>
                              <extId><ObjectIdentifier>0.1.264</ObjectIdentifier></extId>
                              <extType>53501e8493a402</extType>
                           </PrivateExtension.Sequence>
                        </Collection>
                     </privateExtensionList.C0.BoxedType>
                     <pcs_Extensions.C1.Sequence>
                        
                     </pcs_Extensions.C1.Sequence>
                  </extensionContainer.C9.Sequence>
                  <longForwardedToNumber.C10.BoxedType><AddressString.BoxedType><Bytes>e77160101577
                           <field name="extension" value="no extension:1" type="EnumLong" lengthBit="1"/>
                           <field name="nature of address" value="abbreviated number:6" type="EnumLong" lengthBit="3"/>
                           <field name="numbering plan" value="spare:7" type="EnumLong" lengthBit="4"/>
                           <field name="digits" value="1706015177" type="Number_BCD" length="10"/>
                        </Bytes></AddressString.BoxedType></longForwardedToNumber.C10.BoxedType>
               </Ext_ForwFeature.Sequence>
               <Ext_ForwFeature.Sequence>
                  <basicService.Choice>
                     <ext_BearerService.C2.BoxedType><Bytes>4a418be7d62da6</Bytes></ext_BearerService.C2.BoxedType>
                     <ext_Teleservice.C3.BoxedType><Bytes>cc8ad80297
                           <field name="Code" value="204" type="EnumLong" length="1"/>
                           <field name="Extension data" value="8ad80297" type="Binary" length="4"/>
                        </Bytes></ext_Teleservice.C3.BoxedType>
                  </basicService.Choice>
                  <ss_Status.C4.BoxedType><Bytes>6ce2b7eb88a9282341</Bytes></ss_Status.C4.BoxedType>
                  <forwardedToNumber.C5.BoxedType><AddressString.BoxedType><Bytes>570158693426
                           <field name="extension" value="extension:0" type="EnumLong" lengthBit="1"/>
                           <field name="nature of address" value="reserved:5" type="EnumLong" lengthBit="3"/>
                           <field name="numbering plan" value="spare:7" type="EnumLong" lengthBit="4"/>
                           <field name="digits" value="1085964362" type="Number_BCD" length="10"/>
                        </Bytes></AddressString.BoxedType></forwardedToNumber.C5.BoxedType>
                  <forwardedToSubaddress.C8.BoxedType><Bytes>4aab282c48a11ba60d</Bytes></forwardedToSubaddress.C8.BoxedType>
                  <forwardingOptions.C6.BoxedType><Bytes>a6938061</Bytes></forwardingOptions.C6.BoxedType>
                  <noReplyConditionTime.C7.BoxedType><Integer>2</Integer></noReplyConditionTime.C7.BoxedType>
                  <extensionContainer.C9.Sequence>
                     <privateExtensionList.C0.BoxedType>
                        <Collection>
                           <PrivateExtension.Sequence>
                              <extId><ObjectIdentifier>0.1.210.102.23.34.92.57</ObjectIdentifier></extId>
                              <extType>ff1d5c205c</extType>
                           </PrivateExtension.Sequence>
                           <PrivateExtension.Sequence>
                              <extId><ObjectIdentifier>0.1.220.23.22.117.80.75</ObjectIdentifier></extId>
                              <extType>55a92ca7</extType>
                           </PrivateExtension.Sequence>
                           <PrivateExtension.Sequence>
                              <extId><ObjectIdentifier>0.1.286.128</ObjectIdentifier></extId>
                              <extType>3eac5b5239a9cd</extType>
                           </PrivateExtension.Sequence>
                        </Collection>
                     </privateExtensionList.C0.BoxedType>
                     <pcs_Extensions.C1.Sequence>
                        
                     </pcs_Extensions.C1.Sequence>
                  </extensionContainer.C9.Sequence>
                  <longForwardedToNumber.C10.BoxedType><AddressString.BoxedType><Bytes>5323987921f4
                           <field name="extension" value="extension:0" type="EnumLong" lengthBit="1"/>
                           <field name="nature of address" value="reserved:5" type="EnumLong" lengthBit="3"/>
                           <field name="numbering plan" value="data numbering plan (ITU-T Rec X.121):3" type="EnumLong" lengthBit="4"/>
                           <field name="digits" value="328997124" type="Number_BCD" length="9"/>
                        </Bytes></AddressString.BoxedType></longForwardedToNumber.C10.BoxedType>
               </Ext_ForwFeature.Sequence>
            </Collection>
         </forwardingFeatureList.BoxedType>
         <extensionContainer.C0.Sequence>
            <privateExtensionList.C0.BoxedType>
               <Collection>
                  <PrivateExtension.Sequence>
                     <extId><ObjectIdentifier>0.1.216.14.79</ObjectIdentifier></extId>
                     <extType>416a105667b83edb</extType>
                  </PrivateExtension.Sequence>
                  <PrivateExtension.Sequence>
                     <extId><ObjectIdentifier>0.1.284.38.5.15.70.33.6.10.27</ObjectIdentifier></extId>
                     <extType>0ca6d43fc8</extType>
                  </PrivateExtension.Sequence>
                  <PrivateExtension.Sequence>
                     <extId><ObjectIdentifier>0.1.2115</ObjectIdentifier></extId>
                     <extType>0c2e0a79a4561a4a</extType>
                  </PrivateExtension.Sequence>
               </Collection>
            </privateExtensionList.C0.BoxedType>
            <pcs_Extensions.C1.Sequence>
               
            </pcs_Extensions.C1.Sequence>
         </extensionContainer.C0.Sequence>
      </forwardingInfo.C0.Sequence>
      <callBarringInfo.C1.Sequence>
         <ss_Code.BoxedType><Bytes>ac25</Bytes></ss_Code.BoxedType>
         <callBarringFeatureList.BoxedType>
            <Collection>
               <Ext_CallBarringFeature.Sequence>
                  <basicService.Choice>
                     <ext_BearerService.C2.BoxedType><Bytes>dc16b98143080d</Bytes></ext_BearerService.C2.BoxedType>
                     <ext_Teleservice.C3.BoxedType><Bytes>33000000ca
                           <field name="Code" value="facsimileGroup4:51" type="EnumLong" length="1"/>
                           <field name="Extension data" value="000000ca" type="Binary" length="4"/>
                        </Bytes></ext_Teleservice.C3.BoxedType>
                  </basicService.Choice>
                  <ss_Status.C4.BoxedType><Bytes>94</Bytes></ss_Status.C4.BoxedType>
                  <extensionContainer.Sequence>
                     <privateExtensionList.C0.BoxedType>
                        <Collection>
                           <PrivateExtension.Sequence>
                              <extId><ObjectIdentifier>0.1.2100.12.4</ObjectIdentifier></extId>
                              <extType>fc10809ad8e5</extType>
                           </PrivateExtension.Sequence>
                           <PrivateExtension.Sequence>
                              <extId><ObjectIdentifier>0.1.295.97.77.79.17.64.89.103.16</ObjectIdentifier></extId>
                              <extType>6ee3c24cc0b9</extType>
                           </PrivateExtension.Sequence>
                           <PrivateExtension.Sequence>
                              <extId><ObjectIdentifier>0.1.269.23.14.56.63.67.53.64.42</ObjectIdentifier></extId>
                              <extType>e03e7cc8569bd1f6</extType>
                           </PrivateExtension.Sequence>
                        </Collection>
                     </privateExtensionList.C0.BoxedType>
                     <pcs_Extensions.C1.Sequence>
                        
                     </pcs_Extensions.C1.Sequence>
                  </extensionContainer.Sequence>
               </Ext_CallBarringFeature.Sequence>
               <Ext_CallBarringFeature.Sequence>
                  <basicService.Choice>
                     <ext_BearerService.C2.BoxedType><Bytes>052efe4f65c2989f</Bytes></ext_BearerService.C2.BoxedType>
                     <ext_Teleservice.C3.BoxedType><Bytes>910048bc44
                           <field name="Code" value="voiceGroupCall:145" type="EnumLong" length="1"/>
                           <field name="Extension data" value="0048bc44" type="Binary" length="4"/>
                        </Bytes></ext_Teleservice.C3.BoxedType>
                  </basicService.Choice>
                  <ss_Status.C4.BoxedType><Bytes>ef76</Bytes></ss_Status.C4.BoxedType>
                  <extensionContainer.Sequence>
                     <privateExtensionList.C0.BoxedType>
                        <Collection>
                           <PrivateExtension.Sequence>
                              <extId><ObjectIdentifier>0.1.23.81.51.6.53.102.70.2.3</ObjectIdentifier></extId>
                              <extType>2aef9325d634c8ded47c</extType>
                           </PrivateExtension.Sequence>
                           <PrivateExtension.Sequence>
                              <extId><ObjectIdentifier>0.1.285.64</ObjectIdentifier></extId>
                              <extType>0ca1a9bbfb984ae831</extType>
                           </PrivateExtension.Sequence>
                           <PrivateExtension.Sequence>
                              <extId><ObjectIdentifier>0.1.244.100.103.81.116.116</ObjectIdentifier></extId>
                              <extType>1db1ba92</extType>
                           </PrivateExtension.Sequence>
                        </Collection>
                     </privateExtensionList.C0.BoxedType>
                     <pcs_Extensions.C1.Sequence>
                        
                     </pcs_Extensions.C1.Sequence>
                  </extensionContainer.Sequence>
               </Ext_CallBarringFeature.Sequence>
               <Ext_CallBarringFeature.Sequence>
                  <basicService.Choice>
                     <ext_BearerService.C2.BoxedType><Bytes>727fc8ee9d7188940936</Bytes></ext_BearerService.C2.BoxedType>
                     <ext_Teleservice.C3.BoxedType><Bytes>8d0ea941ae
                           <field name="Code" value="141" type="EnumLong" length="1"/>
                           <field name="Extension data" value="0ea941ae" type="Binary" length="4"/>
                        </Bytes></ext_Teleservice.C3.BoxedType>
                  </basicService.Choice>
                  <ss_Status.C4.BoxedType><Bytes>caa95b1fe0774d8e</Bytes></ss_Status.C4.BoxedType>
                  <extensionContainer.Sequence>
                     <privateExtensionList.C0.BoxedType>
                        <Collection>
                           <PrivateExtension.Sequence>
                              <extId><ObjectIdentifier>0.1.2119.66.93.127.56</ObjectIdentifier></extId>
                              <extType>9729c5779159b6</extType>
                           </PrivateExtension.Sequence>
                           <PrivateExtension.Sequence>
                              <extId><ObjectIdentifier>0.1.244.98.34.6.50</ObjectIdentifier></extId>
                              <extType>a1b39f6f1c</extType>
                           </PrivateExtension.Sequence>
                           <PrivateExtension.Sequence>
                              <extId><ObjectIdentifier>0.1.219</ObjectIdentifier></extId>
                              <extType>88db</extType>
                           </PrivateExtension.Sequence>
                        </Collection>
                     </privateExtensionList.C0.BoxedType>
                     <pcs_Extensions.C1.Sequence>
                        
                     </pcs_Extensions.C1.Sequence>
                  </extensionContainer.Sequence>
               </Ext_CallBarringFeature.Sequence>
            </Collection>
         </callBarringFeatureList.BoxedType>
         <extensionContainer.Sequence>
            <privateExtensionList.C0.BoxedType>
               <Collection>
                  <PrivateExtension.Sequence>
                     <extId><ObjectIdentifier>0.1.251.24.48.31</ObjectIdentifier></extId>
                     <extType>92f6532d1e0e69c238</extType>
                  </PrivateExtension.Sequence>
                  <PrivateExtension.Sequence>
                     <extId><ObjectIdentifier>0.1.257</ObjectIdentifier></extId>
                     <extType>c27da5</extType>
                  </PrivateExtension.Sequence>
                  <PrivateExtension.Sequence>
                     <extId><ObjectIdentifier>0.1.254.121.105.117.5.68.123.21</ObjectIdentifier></extId>
                     <extType>7bbe12294740</extType>
                  </PrivateExtension.Sequence>
               </Collection>
            </privateExtensionList.C0.BoxedType>
            <pcs_Extensions.C1.Sequence>
               
            </pcs_Extensions.C1.Sequence>
         </extensionContainer.Sequence>
      </callBarringInfo.C1.Sequence>
      <cug_Info.C2.Sequence>
         <cug_SubscriptionList.BoxedType>
            <Collection>
               <CUG_Subscription.Sequence>
                  <cug_Index.BoxedType><Integer>0</Integer></cug_Index.BoxedType>
                  <cug_Interlock.BoxedType><Bytes>6b22</Bytes></cug_Interlock.BoxedType>
                  <intraCUG_Options.Enum>
                     <EnumType>cugOG_CallBarred.2</EnumType>
                  </intraCUG_Options.Enum>
                  <basicServiceGroupList.BoxedType>
                     <Collection>
                        <Ext_BasicServiceCode.Choice>
                           <ext_BearerService.C2.BoxedType><Bytes>2b5e10144b3789c909ff</Bytes></ext_BearerService.C2.BoxedType>
                           <ext_Teleservice.C3.BoxedType><Bytes>4dac9c1c3f
                                 <field name="Code" value="77" type="EnumLong" length="1"/>
                                 <field name="Extension data" value="ac9c1c3f" type="Binary" length="4"/>
                              </Bytes></ext_Teleservice.C3.BoxedType>
                        </Ext_BasicServiceCode.Choice>
                        <Ext_BasicServiceCode.Choice>
                           <ext_BearerService.C2.BoxedType><Bytes>9a535edea0</Bytes></ext_BearerService.C2.BoxedType>
                           <ext_Teleservice.C3.BoxedType><Bytes>3bfc3cf9ee
                                 <field name="Code" value="59" type="EnumLong" length="1"/>
                                 <field name="Extension data" value="fc3cf9ee" type="Binary" length="4"/>
                              </Bytes></ext_Teleservice.C3.BoxedType>
                        </Ext_BasicServiceCode.Choice>
                        <Ext_BasicServiceCode.Choice>
                           <ext_BearerService.C2.BoxedType><Bytes>20409ced71</Bytes></ext_BearerService.C2.BoxedType>
                           <ext_Teleservice.C3.BoxedType><Bytes>9200000067
                                 <field name="Code" value="voiceBroadcastCall:146" type="EnumLong" length="1"/>
                                 <field name="Extension data" value="00000067" type="Binary" length="4"/>
                              </Bytes></ext_Teleservice.C3.BoxedType>
                        </Ext_BasicServiceCode.Choice>
                     </Collection>
                  </basicServiceGroupList.BoxedType>
                  <extensionContainer.C0.Sequence>
                     <privateExtensionList.C0.BoxedType>
                        <Collection>
                           <PrivateExtension.Sequence>
                              <extId><ObjectIdentifier>0.1.280.46.61.57.17.16.23.8</ObjectIdentifier></extId>
                              <extType>65ef2b6087152728</extType>
                           </PrivateExtension.Sequence>
                           <PrivateExtension.Sequence>
                              <extId><ObjectIdentifier>0.1.258.118.117.69.90.44.43.120</ObjectIdentifier></extId>
                              <extType>7de0</extType>
                           </PrivateExtension.Sequence>
                           <PrivateExtension.Sequence>
                              <extId><ObjectIdentifier>0.1.229.42.49.22</ObjectIdentifier></extId>
                              <extType>6793f6c1e8efc20a0f63</extType>
                           </PrivateExtension.Sequence>
                        </Collection>
                     </privateExtensionList.C0.BoxedType>
                     <pcs_Extensions.C1.Sequence>
                        
                     </pcs_Extensions.C1.Sequence>
                  </extensionContainer.C0.Sequence>
               </CUG_Subscription.Sequence>
               <CUG_Subscription.Sequence>
                  <cug_Index.BoxedType><Integer>2</Integer></cug_Index.BoxedType>
                  <cug_Interlock.BoxedType><Bytes>258d</Bytes></cug_Interlock.BoxedType>
                  <intraCUG_Options.Enum>
                     <EnumType>noCUG_Restrictions.0</EnumType>
                  </intraCUG_Options.Enum>
                  <basicServiceGroupList.BoxedType>
                     <Collection>
                        <Ext_BasicServiceCode.Choice>
                           <ext_BearerService.C2.BoxedType><Bytes>90ab32c862</Bytes></ext_BearerService.C2.BoxedType>
                           <ext_Teleservice.C3.BoxedType><Bytes>7e65da33cd
                                 <field name="Code" value="126" type="EnumLong" length="1"/>
                                 <field name="Extension data" value="65da33cd" type="Binary" length="4"/>
                              </Bytes></ext_Teleservice.C3.BoxedType>
                        </Ext_BasicServiceCode.Choice>
                        <Ext_BasicServiceCode.Choice>
                           <ext_BearerService.C2.BoxedType><Bytes>f4022099</Bytes></ext_BearerService.C2.BoxedType>
                           <ext_Teleservice.C3.BoxedType><Bytes>276269fc67
                                 <field name="Code" value="39" type="EnumLong" length="1"/>
                                 <field name="Extension data" value="6269fc67" type="Binary" length="4"/>
                              </Bytes></ext_Teleservice.C3.BoxedType>
                        </Ext_BasicServiceCode.Choice>
                        <Ext_BasicServiceCode.Choice>
                           <ext_BearerService.C2.BoxedType><Bytes>d960b067d9ef</Bytes></ext_BearerService.C2.BoxedType>
                           <ext_Teleservice.C3.BoxedType><Bytes>9200b1b7f2
                                 <field name="Code" value="voiceBroadcastCall:146" type="EnumLong" length="1"/>
                                 <field name="Extension data" value="00b1b7f2" type="Binary" length="4"/>
                              </Bytes></ext_Teleservice.C3.BoxedType>
                        </Ext_BasicServiceCode.Choice>
                     </Collection>
                  </basicServiceGroupList.BoxedType>
                  <extensionContainer.C0.Sequence>
                     <privateExtensionList.C0.BoxedType>
                        <Collection>
                           <PrivateExtension.Sequence>
                              <extId><ObjectIdentifier>0.1.282</ObjectIdentifier></extId>
                              <extType>867a2a598241fd</extType>
                           </PrivateExtension.Sequence>
                           <PrivateExtension.Sequence>
                              <extId><ObjectIdentifier>0.1.216.114.9.53.8.85.112.99.27</ObjectIdentifier></extId>
                              <extType>e6b4a862708eb5</extType>
                           </PrivateExtension.Sequence>
                           <PrivateExtension.Sequence>
                              <extId><ObjectIdentifier>0.1.297.63.10.94.128</ObjectIdentifier></extId>
                              <extType>d8a1bfb2d337033fdb</extType>
                           </PrivateExtension.Sequence>
                        </Collection>
                     </privateExtensionList.C0.BoxedType>
                     <pcs_Extensions.C1.Sequence>
                        
                     </pcs_Extensions.C1.Sequence>
                  </extensionContainer.C0.Sequence>
               </CUG_Subscription.Sequence>
               <CUG_Subscription.Sequence>
                  <cug_Index.BoxedType><Integer>1</Integer></cug_Index.BoxedType>
                  <cug_Interlock.BoxedType><Bytes>64a412cfefd2ec44</Bytes></cug_Interlock.BoxedType>
                  <intraCUG_Options.Enum>
                     <EnumType>cugIC_CallBarred.1</EnumType>
                  </intraCUG_Options.Enum>
                  <basicServiceGroupList.BoxedType>
                     <Collection>
                        <Ext_BasicServiceCode.Choice>
                           <ext_BearerService.C2.BoxedType><Bytes>8191dd2a64f9</Bytes></ext_BearerService.C2.BoxedType>
                           <ext_Teleservice.C3.BoxedType><Bytes>8b193bf05b
                                 <field name="Code" value="139" type="EnumLong" length="1"/>
                                 <field name="Extension data" value="193bf05b" type="Binary" length="4"/>
                              </Bytes></ext_Teleservice.C3.BoxedType>
                        </Ext_BasicServiceCode.Choice>
                        <Ext_BasicServiceCode.Choice>
                           <ext_BearerService.C2.BoxedType><Bytes>a07e</Bytes></ext_BearerService.C2.BoxedType>
                           <ext_Teleservice.C3.BoxedType><Bytes>d6c0d19d6e
                                 <field name="Code" value="plmn-specificTS-6:214" type="EnumLong" length="1"/>
                                 <field name="Extension data" value="c0d19d6e" type="Binary" length="4"/>
                              </Bytes></ext_Teleservice.C3.BoxedType>
                        </Ext_BasicServiceCode.Choice>
                        <Ext_BasicServiceCode.Choice>
                           <ext_BearerService.C2.BoxedType><Bytes>d7ff995816587c7aba</Bytes></ext_BearerService.C2.BoxedType>
                           <ext_Teleservice.C3.BoxedType><Bytes>800000a57b
                                 <field name="Code" value="allTeleservices-ExeptSMS:128" type="EnumLong" length="1"/>
                                 <field name="Extension data" value="0000a57b" type="Binary" length="4"/>
                              </Bytes></ext_Teleservice.C3.BoxedType>
                        </Ext_BasicServiceCode.Choice>
                     </Collection>
                  </basicServiceGroupList.BoxedType>
                  <extensionContainer.C0.Sequence>
                     <privateExtensionList.C0.BoxedType>
                        <Collection>
                           <PrivateExtension.Sequence>
                              <extId><ObjectIdentifier>0.1.239.120.86.45</ObjectIdentifier></extId>
                              <extType>ecf13fdc216e8cd6ec</extType>
                           </PrivateExtension.Sequence>
                           <PrivateExtension.Sequence>
                              <extId><ObjectIdentifier>0.1.210.62.26.122.59.121.22.37</ObjectIdentifier></extId>
                              <extType>cde0e1cc8718</extType>
                           </PrivateExtension.Sequence>
                           <PrivateExtension.Sequence>
                              <extId><ObjectIdentifier>0.1.296.52.92</ObjectIdentifier></extId>
                              <extType>de</extType>
                           </PrivateExtension.Sequence>
                        </Collection>
                     </privateExtensionList.C0.BoxedType>
                     <pcs_Extensions.C1.Sequence>
                        
                     </pcs_Extensions.C1.Sequence>
                  </extensionContainer.C0.Sequence>
               </CUG_Subscription.Sequence>
            </Collection>
         </cug_SubscriptionList.BoxedType>
         <cug_FeatureList.BoxedType>
            <Collection>
               <CUG_Feature.Sequence>
                  <basicService.Choice>
                     <ext_BearerService.C2.BoxedType><Bytes>ca20a9ed0a4d</Bytes></ext_BearerService.C2.BoxedType>
                     <ext_Teleservice.C3.BoxedType><Bytes>b0ba307f09
                           <field name="Code" value="176" type="EnumLong" length="1"/>
                           <field name="Extension data" value="ba307f09" type="Binary" length="4"/>
                        </Bytes></ext_Teleservice.C3.BoxedType>
                  </basicService.Choice>
                  <preferentialCUG_Indicator.BoxedType><Integer>2</Integer></preferentialCUG_Indicator.BoxedType>
                  <interCUG_Restrictions.BoxedType><Bytes>3284159520c9d1</Bytes></interCUG_Restrictions.BoxedType>
                  <extensionContainer.Sequence>
                     <privateExtensionList.C0.BoxedType>
                        <Collection>
                           <PrivateExtension.Sequence>
                              <extId><ObjectIdentifier>0.1.26.119.49.29.120.101</ObjectIdentifier></extId>
                              <extType>f54ff4ac</extType>
                           </PrivateExtension.Sequence>
                           <PrivateExtension.Sequence>
                              <extId><ObjectIdentifier>0.1.2119.61.68.98.57.123.42.111</ObjectIdentifier></extId>
                              <extType>dfe5</extType>
                           </PrivateExtension.Sequence>
                           <PrivateExtension.Sequence>
                              <extId><ObjectIdentifier>0.1.246.58.75</ObjectIdentifier></extId>
                              <extType>1ea66aa77f4bd7</extType>
                           </PrivateExtension.Sequence>
                        </Collection>
                     </privateExtensionList.C0.BoxedType>
                     <pcs_Extensions.C1.Sequence>
                        
                     </pcs_Extensions.C1.Sequence>
                  </extensionContainer.Sequence>
               </CUG_Feature.Sequence>
               <CUG_Feature.Sequence>
                  <basicService.Choice>
                     <ext_BearerService.C2.BoxedType><Bytes>dad352e60dee0bb9</Bytes></ext_BearerService.C2.BoxedType>
                     <ext_Teleservice.C3.BoxedType><Bytes>c2b47da921
                           <field name="Code" value="194" type="EnumLong" length="1"/>
                           <field name="Extension data" value="b47da921" type="Binary" length="4"/>
                        </Bytes></ext_Teleservice.C3.BoxedType>
                  </basicService.Choice>
                  <preferentialCUG_Indicator.BoxedType><Integer>0</Integer></preferentialCUG_Indicator.BoxedType>
                  <interCUG_Restrictions.BoxedType><Bytes>768c7e3c53</Bytes></interCUG_Restrictions.BoxedType>
                  <extensionContainer.Sequence>
                     <privateExtensionList.C0.BoxedType>
                        <Collection>
                           <PrivateExtension.Sequence>
                              <extId><ObjectIdentifier>0.1.283.31.21</ObjectIdentifier></extId>
                              <extType>6731f40ebdb98937</extType>
                           </PrivateExtension.Sequence>
                           <PrivateExtension.Sequence>
                              <extId><ObjectIdentifier>0.1.245.69.84.98.60</ObjectIdentifier></extId>
                              <extType>1ebcc921</extType>
                           </PrivateExtension.Sequence>
                           <PrivateExtension.Sequence>
                              <extId><ObjectIdentifier>0.1.237.79</ObjectIdentifier></extId>
                              <extType>249292ed4a27d28a</extType>
                           </PrivateExtension.Sequence>
                        </Collection>
                     </privateExtensionList.C0.BoxedType>
                     <pcs_Extensions.C1.Sequence>
                        
                     </pcs_Extensions.C1.Sequence>
                  </extensionContainer.Sequence>
               </CUG_Feature.Sequence>
               <CUG_Feature.Sequence>
                  <basicService.Choice>
                     <ext_BearerService.C2.BoxedType><Bytes>65c246375c1a7f</Bytes></ext_BearerService.C2.BoxedType>
                     <ext_Teleservice.C3.BoxedType><Bytes>b57136fe9c
                           <field name="Code" value="181" type="EnumLong" length="1"/>
                           <field name="Extension data" value="7136fe9c" type="Binary" length="4"/>
                        </Bytes></ext_Teleservice.C3.BoxedType>
                  </basicService.Choice>
                  <preferentialCUG_Indicator.BoxedType><Integer>2</Integer></preferentialCUG_Indicator.BoxedType>
                  <interCUG_Restrictions.BoxedType><Bytes>b7add603a24ef3</Bytes></interCUG_Restrictions.BoxedType>
                  <extensionContainer.Sequence>
                     <privateExtensionList.C0.BoxedType>
                        <Collection>
                           <PrivateExtension.Sequence>
                              <extId><ObjectIdentifier>0.1.247.6</ObjectIdentifier></extId>
                              <extType>3dd3a6df7c35f3adbc</extType>
                           </PrivateExtension.Sequence>
                           <PrivateExtension.Sequence>
                              <extId><ObjectIdentifier>0.1.232.115.28.59.60.107.28.25.10.73</ObjectIdentifier></extId>
                              <extType>c69043d3decf8509</extType>
                           </PrivateExtension.Sequence>
                           <PrivateExtension.Sequence>
                              <extId><ObjectIdentifier>0.1.2118.19.45.35.73.44</ObjectIdentifier></extId>
                              <extType>212168915fbfc5f8</extType>
                           </PrivateExtension.Sequence>
                        </Collection>
                     </privateExtensionList.C0.BoxedType>
                     <pcs_Extensions.C1.Sequence>
                        
                     </pcs_Extensions.C1.Sequence>
                  </extensionContainer.Sequence>
               </CUG_Feature.Sequence>
            </Collection>
         </cug_FeatureList.BoxedType>
         <extensionContainer.C0.Sequence>
            <privateExtensionList.C0.BoxedType>
               <Collection>
                  <PrivateExtension.Sequence>
                     <extId><ObjectIdentifier>0.1.2</ObjectIdentifier></extId>
                     <extType>43a2f16e608eaa63</extType>
                  </PrivateExtension.Sequence>
                  <PrivateExtension.Sequence>
                     <extId><ObjectIdentifier>0.1.2106.4.84.125.57.72.38</ObjectIdentifier></extId>
                     <extType>41e14920f955</extType>
                  </PrivateExtension.Sequence>
                  <PrivateExtension.Sequence>
                     <extId><ObjectIdentifier>0.1.283.27.80.24</ObjectIdentifier></extId>
                     <extType>ec665493fd59</extType>
                  </PrivateExtension.Sequence>
               </Collection>
            </privateExtensionList.C0.BoxedType>
            <pcs_Extensions.C1.Sequence>
               
            </pcs_Extensions.C1.Sequence>
         </extensionContainer.C0.Sequence>
      </cug_Info.C2.Sequence>
      <ss_Data.C3.Sequence>
         <ss_Code.BoxedType><Bytes>e943</Bytes></ss_Code.BoxedType>
         <ss_Status.C4.BoxedType><Bytes>e6</Bytes></ss_Status.C4.BoxedType>
         <ss_SubscriptionOption.Choice>
            <cliRestrictionOption.C2.Enum>
               <EnumType>temporaryDefaultRestricted.1</EnumType>
            </cliRestrictionOption.C2.Enum>
            <overrideCategory.C1.Enum>
               <EnumType>overrideDisabled.1</EnumType>
            </overrideCategory.C1.Enum>
         </ss_SubscriptionOption.Choice>
         <basicServiceGroupList.BoxedType>
            <Collection>
               <Ext_BasicServiceCode.Choice>
                  <ext_BearerService.C2.BoxedType><Bytes>bfb3616b6d</Bytes></ext_BearerService.C2.BoxedType>
                  <ext_Teleservice.C3.BoxedType><Bytes>dd0000e743
                        <field name="Code" value="plmn-specificTS-D:221" type="EnumLong" length="1"/>
                        <field name="Extension data" value="0000e743" type="Binary" length="4"/>
                     </Bytes></ext_Teleservice.C3.BoxedType>
               </Ext_BasicServiceCode.Choice>
               <Ext_BasicServiceCode.Choice>
                  <ext_BearerService.C2.BoxedType><Bytes>03b54a08516bff7a</Bytes></ext_BearerService.C2.BoxedType>
                  <ext_Teleservice.C3.BoxedType><Bytes>014812f7be
                        <field name="Code" value="1" type="EnumLong" length="1"/>
                        <field name="Extension data" value="4812f7be" type="Binary" length="4"/>
                     </Bytes></ext_Teleservice.C3.BoxedType>
               </Ext_BasicServiceCode.Choice>
               <Ext_BasicServiceCode.Choice>
                  <ext_BearerService.C2.BoxedType><Bytes>ede483d11cccc3fd</Bytes></ext_BearerService.C2.BoxedType>
                  <ext_Teleservice.C3.BoxedType><Bytes>8bcb95187f
                        <field name="Code" value="139" type="EnumLong" length="1"/>
                        <field name="Extension data" value="cb95187f" type="Binary" length="4"/>
                     </Bytes></ext_Teleservice.C3.BoxedType>
               </Ext_BasicServiceCode.Choice>
            </Collection>
         </basicServiceGroupList.BoxedType>
         <extensionContainer.C5.Sequence>
            <privateExtensionList.C0.BoxedType>
               <Collection>
                  <PrivateExtension.Sequence>
                     <extId><ObjectIdentifier>0.1.215.59.77</ObjectIdentifier></extId>
                     <extType>37f240617a9ae4</extType>
                  </PrivateExtension.Sequence>
                  <PrivateExtension.Sequence>
                     <extId><ObjectIdentifier>0.1.2</ObjectIdentifier></extId>
                     <extType>a1fe8422c66528</extType>
                  </PrivateExtension.Sequence>
                  <PrivateExtension.Sequence>
                     <extId><ObjectIdentifier>0.1.20</ObjectIdentifier></extId>
                     <extType>7822d668c68b</extType>
                  </PrivateExtension.Sequence>
               </Collection>
            </privateExtensionList.C0.BoxedType>
            <pcs_Extensions.C1.Sequence>
               
            </pcs_Extensions.C1.Sequence>
         </extensionContainer.C5.Sequence>
      </ss_Data.C3.Sequence>
      <emlpp_Info.C4.Sequence>
         <maximumentitledPriority.BoxedType><Integer>1</Integer></maximumentitledPriority.BoxedType>
         <defaultPriority.BoxedType><Integer>1</Integer></defaultPriority.BoxedType>
         <extensionContainer.Sequence>
            <privateExtensionList.C0.BoxedType>
               <Collection>
                  <PrivateExtension.Sequence>
                     <extId><ObjectIdentifier>0.1.282.1.98.47.1.7.21</ObjectIdentifier></extId>
                     <extType>1e7dc07381</extType>
                  </PrivateExtension.Sequence>
                  <PrivateExtension.Sequence>
                     <extId><ObjectIdentifier>0.1.2119.54</ObjectIdentifier></extId>
                     <extType>e134c0a3383ce16bac</extType>
                  </PrivateExtension.Sequence>
                  <PrivateExtension.Sequence>
                     <extId><ObjectIdentifier>0.1.237.33</ObjectIdentifier></extId>
                     <extType>662f91c8532db954</extType>
                  </PrivateExtension.Sequence>
               </Collection>
            </privateExtensionList.C0.BoxedType>
            <pcs_Extensions.C1.Sequence>
               
            </pcs_Extensions.C1.Sequence>
         </extensionContainer.Sequence>
      </emlpp_Info.C4.Sequence>
   </Ext_SS_Info.Choice>
</ASN>