<?xml version="1.0" encoding="ISO-8859-15"?>

<ASN layer="CAP">
   <Ext_ForwFeature.Sequence>
      <basicService.Choice>
         <ext_BearerService.C2.BoxedType><Bytes>9492f460e2aa04e0</Bytes></ext_BearerService.C2.BoxedType>
         <ext_Teleservice.C3.BoxedType><Bytes>5746d53a60
               <field name="Code" value="87" type="EnumLong" length="1"/>
               <field name="Extension data" value="46d53a60" type="Binary" length="4"/>
            </Bytes></ext_Teleservice.C3.BoxedType>
      </basicService.Choice>
      <ss_Status.C4.BoxedType><Bytes>69</Bytes></ss_Status.C4.BoxedType>
      <forwardedToNumber.C5.BoxedType><AddressString.BoxedType><Bytes>af2101028131
               <field name="extension" value="no extension:1" type="EnumLong" lengthBit="1"/>
               <field name="nature of address" value="national significant number:2" type="EnumLong" lengthBit="3"/>
               <field name="numbering plan" value="reserved for extension:15" type="EnumLong" lengthBit="4"/>
               <field name="digits" value="1210201813" type="Number_BCD" length="10"/>
            </Bytes></AddressString.BoxedType></forwardedToNumber.C5.BoxedType>
      <forwardedToSubaddress.C8.BoxedType><Bytes>596c2a8baaa135ee</Bytes></forwardedToSubaddress.C8.BoxedType>
      <forwardingOptions.C6.BoxedType><Bytes>706d5ef8f27c70</Bytes></forwardingOptions.C6.BoxedType>
      <noReplyConditionTime.C7.BoxedType><Integer>0</Integer></noReplyConditionTime.C7.BoxedType>
      <extensionContainer.C9.Sequence>
         <privateExtensionList.C0.BoxedType>
            <Collection>
               <PrivateExtension.Sequence>
                  <extId><ObjectIdentifier>0.1.253.70.90.126.6.103.113.20</ObjectIdentifier></extId>
                  <extType>7b5ad0598cca0a3dbd</extType>
               </PrivateExtension.Sequence>
               <PrivateExtension.Sequence>
                  <extId><ObjectIdentifier>0.1.260.95.42</ObjectIdentifier></extId>
                  <extType>8302d923</extType>
               </PrivateExtension.Sequence>
               <PrivateExtension.Sequence>
                  <extId><ObjectIdentifier>0.1.245.18.5.38.17</ObjectIdentifier></extId>
                  <extType>b064e8748f71f8c8d3</extType>
               </PrivateExtension.Sequence>
            </Collection>
         </privateExtensionList.C0.BoxedType>
         <pcs_Extensions.C1.Sequence>
            
         </pcs_Extensions.C1.Sequence>
      </extensionContainer.C9.Sequence>
      <longForwardedToNumber.C10.BoxedType><AddressString.BoxedType><Bytes>b00122513041
               <field name="extension" value="no extension:1" type="EnumLong" lengthBit="1"/>
               <field name="nature of address" value="network specific number:3" type="EnumLong" lengthBit="3"/>
               <field name="numbering plan" value="unknown:0" type="EnumLong" lengthBit="4"/>
               <field name="digits" value="1022150314" type="Number_BCD" length="10"/>
            </Bytes></AddressString.BoxedType></longForwardedToNumber.C10.BoxedType>
   </Ext_ForwFeature.Sequence>
</ASN>