<?xml version="1.0" encoding="ISO-8859-15"?>

<ASN layer="CAP">
   <Ext_CwFeature.Sequence>
      <basicService.C1.Choice>
         <ext_BearerService.C2.BoxedType><Bytes>3e61bd7ab9dff0f5</Bytes></ext_BearerService.C2.BoxedType>
         <ext_Teleservice.C3.BoxedType><Bytes>814fe0c5b2
               <field name="Code" value="129" type="EnumLong" length="1"/>
               <field name="Extension data" value="4fe0c5b2" type="Binary" length="4"/>
            </Bytes></ext_Teleservice.C3.BoxedType>
      </basicService.C1.Choice>
      <ss_Status.C2.BoxedType><Bytes>7b57914b</Bytes></ss_Status.C2.BoxedType>
   </Ext_CwFeature.Sequence>
</ASN>