<?xml version="1.0" encoding="ISO-8859-15"?>

<ASN layer="CAP">
   <ExternalClient.Sequence>
      <clientIdentity.Sequence>
         <externalAddress.C0.BoxedType><AddressString.BoxedType><Bytes>483110180400
                  <field name="extension" value="extension:0" type="EnumLong" lengthBit="1"/>
                  <field name="nature of address" value="subscriber number:4" type="EnumLong" lengthBit="3"/>
                  <field name="numbering plan" value="national numbering plan:8" type="EnumLong" lengthBit="4"/>
                  <field name="digits" value="1301814000" type="Number_BCD" length="10"/>
               </Bytes></AddressString.BoxedType></externalAddress.C0.BoxedType>
         <extensionContainer.C1.Sequence>
            <privateExtensionList.C0.BoxedType>
               <Collection>
                  <PrivateExtension.Sequence>
                     <extId><ObjectIdentifier>0.1.295</ObjectIdentifier></extId>
                     <extType>0bb01934</extType>
                  </PrivateExtension.Sequence>
                  <PrivateExtension.Sequence>
                     <extId><ObjectIdentifier>0.1.224</ObjectIdentifier></extId>
                     <extType>8ae8203686ba</extType>
                  </PrivateExtension.Sequence>
                  <PrivateExtension.Sequence>
                     <extId><ObjectIdentifier>0.1.245.67.22.26.22.67.29.1</ObjectIdentifier></extId>
                     <extType>8973b020a577cd21860c</extType>
                  </PrivateExtension.Sequence>
               </Collection>
            </privateExtensionList.C0.BoxedType>
            <pcs_Extensions.C1.Sequence>
               
            </pcs_Extensions.C1.Sequence>
         </extensionContainer.C1.Sequence>
      </clientIdentity.Sequence>
      <gmlc_Restriction.C0.Enum>
         <EnumType>gmlc_List.0</EnumType>
      </gmlc_Restriction.C0.Enum>
      <notificationToMSUser.C1.Enum>
         <EnumType>notifyAndVerify_LocationAllowedIfNoResponse.1</EnumType>
      </notificationToMSUser.C1.Enum>
      <extensionContainer.C2.Sequence>
         <privateExtensionList.C0.BoxedType>
            <Collection>
               <PrivateExtension.Sequence>
                  <extId><ObjectIdentifier>0.1.2118.98.73.112.127.85.112</ObjectIdentifier></extId>
                  <extType>ef0c5f9ea046</extType>
               </PrivateExtension.Sequence>
               <PrivateExtension.Sequence>
                  <extId><ObjectIdentifier>0.1.288.64.35.99.14.12</ObjectIdentifier></extId>
                  <extType>2cbb86e871</extType>
               </PrivateExtension.Sequence>
               <PrivateExtension.Sequence>
                  <extId><ObjectIdentifier>0.1.231.81.76.34.73.18</ObjectIdentifier></extId>
                  <extType>c7</extType>
               </PrivateExtension.Sequence>
            </Collection>
         </privateExtensionList.C0.BoxedType>
         <pcs_Extensions.C1.Sequence>
            
         </pcs_Extensions.C1.Sequence>
      </extensionContainer.C2.Sequence>
   </ExternalClient.Sequence>
</ASN>