<?xml version="1.0" encoding="ISO-8859-15"?>

<ASN layer="CAP">
   <FacilityNotSupParam.Sequence>
      <extensionContainer.Sequence>
         <privateExtensionList.C0.BoxedType>
            <Collection>
               <PrivateExtension.Sequence>
                  <extId><ObjectIdentifier>0.1.226.110</ObjectIdentifier></extId>
                  <extType>de0f30c6ef2b0a86</extType>
               </PrivateExtension.Sequence>
               <PrivateExtension.Sequence>
                  <extId><ObjectIdentifier>0.1.29.94.34</ObjectIdentifier></extId>
                  <extType>90673f6c3e9247</extType>
               </PrivateExtension.Sequence>
               <PrivateExtension.Sequence>
                  <extId><ObjectIdentifier>0.1.244.13</ObjectIdentifier></extId>
                  <extType>72718453</extType>
               </PrivateExtension.Sequence>
            </Collection>
         </privateExtensionList.C0.BoxedType>
         <pcs_Extensions.C1.Sequence>
            
         </pcs_Extensions.C1.Sequence>
      </extensionContainer.Sequence>
      <shapeOfLocationEstimateNotSupported.C0></shapeOfLocationEstimateNotSupported.C0>
      <neededLcsCapabilityNotSupportedInServingNode.C1></neededLcsCapabilityNotSupportedInServingNode.C1>
   </FacilityNotSupParam.Sequence>
</ASN>