<?xml version="1.0" encoding="ISO-8859-15"?>

<ASN layer="CAP">
   <FailureReportRes.Sequence>
      <ggsn_Address.C0.BoxedType><Bytes>f773e99d06
            <field name="Address type" value="3" type="EnumLong" lengthBit="2"/>
            <field name="AddressLength" value="55" type="Integer" lengthBit="6"/>
            <field name="IPV4 address" value="115.233.157.6" type="IPV4Address" length="4"/>
         </Bytes></ggsn_Address.C0.BoxedType>
      <extensionContainer.C1.Sequence>
         <privateExtensionList.C0.BoxedType>
            <Collection>
               <PrivateExtension.Sequence>
                  <extId><ObjectIdentifier>0.1.257.121.27.52</ObjectIdentifier></extId>
                  <extType>b478d46d3609</extType>
               </PrivateExtension.Sequence>
               <PrivateExtension.Sequence>
                  <extId><ObjectIdentifier>0.1.244.80.86.96.53.84.98.102</ObjectIdentifier></extId>
                  <extType>b6dd7f</extType>
               </PrivateExtension.Sequence>
               <PrivateExtension.Sequence>
                  <extId><ObjectIdentifier>0.1.229.13.84.92.83</ObjectIdentifier></extId>
                  <extType>f5636140812f201db6e3</extType>
               </PrivateExtension.Sequence>
            </Collection>
         </privateExtensionList.C0.BoxedType>
         <pcs_Extensions.C1.Sequence>
            
         </pcs_Extensions.C1.Sequence>
      </extensionContainer.C1.Sequence>
   </FailureReportRes.Sequence>
</ASN>