<?xml version="1.0" encoding="ISO-8859-15"?>

<ASN layer="CAP">
   <FailureReportArg.Sequence>
      <imsi.C0.BoxedType><TBCD_STRING.BoxedType><Bytes>43220718f3
               <field name="digits" value="342270813" type="Number_BCD" length="9"/>
            </Bytes></TBCD_STRING.BoxedType></imsi.C0.BoxedType>
      <ggsn_Number.C1.BoxedType><AddressString.BoxedType><Bytes>db4129064807
               <field name="extension" value="no extension:1" type="EnumLong" lengthBit="1"/>
               <field name="nature of address" value="reserved:5" type="EnumLong" lengthBit="3"/>
               <field name="numbering plan" value="11" type="EnumLong" lengthBit="4"/>
               <field name="digits" value="1492608470" type="Number_BCD" length="10"/>
            </Bytes></AddressString.BoxedType></ggsn_Number.C1.BoxedType>
      <ggsn_Address.C2.BoxedType><Bytes>0b58d79e27
            <field name="Address type" value="IPV4:0" type="EnumLong" lengthBit="2"/>
            <field name="AddressLength" value="11" type="Integer" lengthBit="6"/>
            <field name="IPV4 address" value="88.215.158.39" type="IPV4Address" length="4"/>
         </Bytes></ggsn_Address.C2.BoxedType>
      <extensionContainer.C3.Sequence>
         <privateExtensionList.C0.BoxedType>
            <Collection>
               <PrivateExtension.Sequence>
                  <extId><ObjectIdentifier>0.1.264.96.67.107.19.91</ObjectIdentifier></extId>
                  <extType>05e0</extType>
               </PrivateExtension.Sequence>
               <PrivateExtension.Sequence>
                  <extId><ObjectIdentifier>0.1.263</ObjectIdentifier></extId>
                  <extType>d2dc69</extType>
               </PrivateExtension.Sequence>
               <PrivateExtension.Sequence>
                  <extId><ObjectIdentifier>0.1.264.81.35</ObjectIdentifier></extId>
                  <extType>1bd5e4f0</extType>
               </PrivateExtension.Sequence>
            </Collection>
         </privateExtensionList.C0.BoxedType>
         <pcs_Extensions.C1.Sequence>
            
         </pcs_Extensions.C1.Sequence>
      </extensionContainer.C3.Sequence>
   </FailureReportArg.Sequence>
</ASN>