<?xml version="1.0" encoding="ISO-8859-15"?>

<ASN layer="CAP">
   <ForwardChargeAdviceArg.Sequence>
      <ss_Code.C0.BoxedType><Bytes>153d</Bytes></ss_Code.C0.BoxedType>
      <chargingInformation.C1.Sequence>
         <e1.C1.BoxedType><Integer>1</Integer></e1.C1.BoxedType>
         <e2.C2.BoxedType><Integer>1</Integer></e2.C2.BoxedType>
         <e3.C3.BoxedType><Integer>1</Integer></e3.C3.BoxedType>
         <e4.C4.BoxedType><Integer>2</Integer></e4.C4.BoxedType>
         <e5.C5.BoxedType><Integer>1</Integer></e5.C5.BoxedType>
         <e6.C6.BoxedType><Integer>1</Integer></e6.C6.BoxedType>
         <e7.C7.BoxedType><Integer>2</Integer></e7.C7.BoxedType>
      </chargingInformation.C1.Sequence>
   </ForwardChargeAdviceArg.Sequence>
</ASN>