<?xml version="1.0" encoding="ISO-8859-15"?>

<ASN layer="CAP">
   <ForwardingFeature.Sequence>
      <basicService.Choice>
         <bearerService.C2.BoxedType><Bytes>e15857</Bytes></bearerService.C2.BoxedType>
         <teleservice.C3.BoxedType><Bytes>de</Bytes></teleservice.C3.BoxedType>
      </basicService.Choice>
      <ss_Status.C4.BoxedType><Bytes>fe24d6b567</Bytes></ss_Status.C4.BoxedType>
      <forwardedToNumber.C5.BoxedType><AddressString.BoxedType><Bytes>613120292392
               <field name="extension" value="extension:0" type="EnumLong" lengthBit="1"/>
               <field name="nature of address" value="abbreviated number:6" type="EnumLong" lengthBit="3"/>
               <field name="numbering plan" value="ISDN/Telephony Numbering Plan (Rec ITU-T E.164):1" type="EnumLong" lengthBit="4"/>
               <field name="digits" value="1302923229" type="Number_BCD" length="10"/>
            </Bytes></AddressString.BoxedType></forwardedToNumber.C5.BoxedType>
      <forwardedToSubaddress.C8.BoxedType><Bytes>cc7103449d1771</Bytes></forwardedToSubaddress.C8.BoxedType>
      <forwardingOptions.C6.BoxedType><Bytes>e33d0b1ded435454f4</Bytes></forwardingOptions.C6.BoxedType>
      <noReplyConditionTime.C7.BoxedType><Integer>1</Integer></noReplyConditionTime.C7.BoxedType>
      <longForwardedToNumber.C9.BoxedType><AddressString.BoxedType><Bytes>a90174917860
               <field name="extension" value="no extension:1" type="EnumLong" lengthBit="1"/>
               <field name="nature of address" value="national significant number:2" type="EnumLong" lengthBit="3"/>
               <field name="numbering plan" value="private numbering plan:9" type="EnumLong" lengthBit="4"/>
               <field name="digits" value="1047198706" type="Number_BCD" length="10"/>
            </Bytes></AddressString.BoxedType></longForwardedToNumber.C9.BoxedType>
   </ForwardingFeature.Sequence>
</ASN>