<?xml version="1.0" encoding="ISO-8859-15"?>

<ASN layer="CAP">
   <ForwardingViolationParam.Sequence><extensionContainer.Sequence>
         <privateExtensionList.C0.BoxedType>
            <Collection>
               <PrivateExtension.Sequence>
                  <extId><ObjectIdentifier>0.1.2102.105.2.43.5.103.24.95.127.91</ObjectIdentifier></extId>
                  <extType>9d918546</extType>
               </PrivateExtension.Sequence>
               <PrivateExtension.Sequence>
                  <extId><ObjectIdentifier>0.1.282.34.25.85.111.22</ObjectIdentifier></extId>
                  <extType>ad25</extType>
               </PrivateExtension.Sequence>
               <PrivateExtension.Sequence>
                  <extId><ObjectIdentifier>0.1.2117</ObjectIdentifier></extId>
                  <extType>e564314e5d7b</extType>
               </PrivateExtension.Sequence>
            </Collection>
         </privateExtensionList.C0.BoxedType>
         <pcs_Extensions.C1.Sequence>
            
         </pcs_Extensions.C1.Sequence>
      </extensionContainer.Sequence></ForwardingViolationParam.Sequence>
</ASN>