<?xml version="1.0" encoding="ISO-8859-15"?>

<ASN layer="CAP">
   <ForwardGroupCallSignallingArg.Sequence>
      <imsi.BoxedType><TBCD_STRING.BoxedType><Bytes>27371506f9
               <field name="digits" value="727351609" type="Number_BCD" length="9"/>
            </Bytes></TBCD_STRING.BoxedType></imsi.BoxedType>
      <uplinkRequestAck.C0></uplinkRequestAck.C0>
      <uplinkReleaseIndication.C1></uplinkReleaseIndication.C1>
      <uplinkRejectCommand.C2></uplinkRejectCommand.C2>
      <uplinkSeizedCommand.C3></uplinkSeizedCommand.C3>
      <uplinkReleaseCommand.C4></uplinkReleaseCommand.C4>
      <extensionContainer.Sequence>
         <privateExtensionList.C0.BoxedType>
            <Collection>
               <PrivateExtension.Sequence>
                  <extId><ObjectIdentifier>0.1.235</ObjectIdentifier></extId>
                  <extType>3514a96a8c6b6148ff</extType>
               </PrivateExtension.Sequence>
               <PrivateExtension.Sequence>
                  <extId><ObjectIdentifier>0.1.2124.40.96.6</ObjectIdentifier></extId>
                  <extType>f8a390</extType>
               </PrivateExtension.Sequence>
               <PrivateExtension.Sequence>
                  <extId><ObjectIdentifier>0.1.234.128.81.89.114</ObjectIdentifier></extId>
                  <extType>df3568b4b5</extType>
               </PrivateExtension.Sequence>
            </Collection>
         </privateExtensionList.C0.BoxedType>
         <pcs_Extensions.C1.Sequence>
            
         </pcs_Extensions.C1.Sequence>
      </extensionContainer.Sequence>
      <stateAttributes.C5.Sequence>
         <downlinkAttached.C5></downlinkAttached.C5>
         <uplinkAttached.C6></uplinkAttached.C6>
         <dualCommunication.C7></dualCommunication.C7>
         <callOriginator.C8></callOriginator.C8>
      </stateAttributes.C5.Sequence>
      <talkerPriority.C6.Enum>
         <EnumType>emergency.2</EnumType>
      </talkerPriority.C6.Enum>
      <additionalInfo.C7.BoxedType><BitString><BitString value="9408ca6f" trailing="0"/></BitString></additionalInfo.C7.BoxedType>
      <emergencyModeResetCommandFlag.C8></emergencyModeResetCommandFlag.C8>
      <sm_RP_UI.C9.BoxedType><Bytes>3149</Bytes></sm_RP_UI.C9.BoxedType>
      <an_APDU.C10.Sequence>
         <accessNetworkProtocolId.Enum>
            <EnumType>ts3G_25413.2</EnumType>
         </accessNetworkProtocolId.Enum>
         <signalInfo.BoxedType><Bytes>e4eb4c9feb3b8d67</Bytes></signalInfo.BoxedType>
         <extensionContainer.Sequence>
            <privateExtensionList.C0.BoxedType>
               <Collection>
                  <PrivateExtension.Sequence>
                     <extId><ObjectIdentifier>0.1.257.120.42.108.9.120.33.74</ObjectIdentifier></extId>
                     <extType>8068</extType>
                  </PrivateExtension.Sequence>
                  <PrivateExtension.Sequence>
                     <extId><ObjectIdentifier>0.1.279.62</ObjectIdentifier></extId>
                     <extType>a0cea62183</extType>
                  </PrivateExtension.Sequence>
                  <PrivateExtension.Sequence>
                     <extId><ObjectIdentifier>0.1.249.68.56.51.10.17.101.106.59.98</ObjectIdentifier></extId>
                     <extType>0dde1d0569</extType>
                  </PrivateExtension.Sequence>
               </Collection>
            </privateExtensionList.C0.BoxedType>
            <pcs_Extensions.C1.Sequence>
               
            </pcs_Extensions.C1.Sequence>
         </extensionContainer.Sequence>
      </an_APDU.C10.Sequence>
   </ForwardGroupCallSignallingArg.Sequence>
</ASN>