<?xml version="1.0" encoding="ISO-8859-15"?>

<ASN layer="CAP">
   <ForwardAccessSignalling_Arg.BoxedType><ForwardAccessSignalling_ArgSequenceType.C3.Sequence>
         <an_APDU.Sequence>
            <accessNetworkProtocolId.Enum>
               <EnumType>ts3G_48006.1</EnumType>
            </accessNetworkProtocolId.Enum>
            <signalInfo.BoxedType><Bytes>416443b5</Bytes></signalInfo.BoxedType>
            <extensionContainer.Sequence>
               <privateExtensionList.C0.BoxedType>
                  <Collection>
                     <PrivateExtension.Sequence>
                        <extId><ObjectIdentifier>0.1.219.89.48.60.111.8.106</ObjectIdentifier></extId>
                        <extType>d2f94c3b00aec33b57</extType>
                     </PrivateExtension.Sequence>
                     <PrivateExtension.Sequence>
                        <extId><ObjectIdentifier>0.1.2</ObjectIdentifier></extId>
                        <extType>10ceb14e</extType>
                     </PrivateExtension.Sequence>
                     <PrivateExtension.Sequence>
                        <extId><ObjectIdentifier>0.1.256.60.51.114.57.98.21.74.104.113</ObjectIdentifier></extId>
                        <extType>dd893e41041eac6d39</extType>
                     </PrivateExtension.Sequence>
                  </Collection>
               </privateExtensionList.C0.BoxedType>
               <pcs_Extensions.C1.Sequence>
                  
               </pcs_Extensions.C1.Sequence>
            </extensionContainer.Sequence>
         </an_APDU.Sequence>
         <integrityProtectionInfo.C0.BoxedType><Bytes>c38e</Bytes></integrityProtectionInfo.C0.BoxedType>
         <encryptionInfo.C1.BoxedType><Bytes>a719e835a5e4ce98aa</Bytes></encryptionInfo.C1.BoxedType>
         <keyStatus.C2.Enum>
            <EnumType>new1.1</EnumType>
         </keyStatus.C2.Enum>
         <allowedGSM_Algorithms.C4.BoxedType><Bytes>fdd78e6b4b07ce</Bytes></allowedGSM_Algorithms.C4.BoxedType>
         <allowedUMTS_Algorithms.C5.Sequence>
            <integrityProtectionAlgorithms.C0.BoxedType><Bytes>8cd649c3dcb01f81</Bytes></integrityProtectionAlgorithms.C0.BoxedType>
            <encryptionAlgorithms.C1.BoxedType><Bytes>bf4209a8dc74</Bytes></encryptionAlgorithms.C1.BoxedType>
            <extensionContainer.C2.Sequence>
               <privateExtensionList.C0.BoxedType>
                  <Collection>
                     <PrivateExtension.Sequence>
                        <extId><ObjectIdentifier>0.1.253.49.92.33.92.93.98.34.52</ObjectIdentifier></extId>
                        <extType>15b3</extType>
                     </PrivateExtension.Sequence>
                     <PrivateExtension.Sequence>
                        <extId><ObjectIdentifier>0.1.292.78.34.44.73.71</ObjectIdentifier></extId>
                        <extType>6307fecad494ab0a</extType>
                     </PrivateExtension.Sequence>
                     <PrivateExtension.Sequence>
                        <extId><ObjectIdentifier>0.1.285.6.52.18.122.45</ObjectIdentifier></extId>
                        <extType>5e</extType>
                     </PrivateExtension.Sequence>
                  </Collection>
               </privateExtensionList.C0.BoxedType>
               <pcs_Extensions.C1.Sequence>
                  
               </pcs_Extensions.C1.Sequence>
            </extensionContainer.C2.Sequence>
         </allowedUMTS_Algorithms.C5.Sequence>
         <radioResourceInformation.C6.BoxedType><Bytes>35c475b603f166</Bytes></radioResourceInformation.C6.BoxedType>
         <extensionContainer.C3.Sequence>
            <privateExtensionList.C0.BoxedType>
               <Collection>
                  <PrivateExtension.Sequence>
                     <extId><ObjectIdentifier>0.1.289.25</ObjectIdentifier></extId>
                     <extType>4b9bbaee98</extType>
                  </PrivateExtension.Sequence>
                  <PrivateExtension.Sequence>
                     <extId><ObjectIdentifier>0.1.234.48</ObjectIdentifier></extId>
                     <extType>ddacbd</extType>
                  </PrivateExtension.Sequence>
                  <PrivateExtension.Sequence>
                     <extId><ObjectIdentifier>0.1.211.94.26.87</ObjectIdentifier></extId>
                     <extType>ace441df43</extType>
                  </PrivateExtension.Sequence>
               </Collection>
            </privateExtensionList.C0.BoxedType>
            <pcs_Extensions.C1.Sequence>
               
            </pcs_Extensions.C1.Sequence>
         </extensionContainer.C3.Sequence>
         <radioResourceList.C7.BoxedType>
            <Collection>
               <RadioResource.Sequence>
                  <radioResourceInformation.BoxedType><Bytes>f1</Bytes></radioResourceInformation.BoxedType>
                  <rab_Id.BoxedType><Integer>1</Integer></rab_Id.BoxedType>
               </RadioResource.Sequence>
               <RadioResource.Sequence>
                  <radioResourceInformation.BoxedType><Bytes>87be</Bytes></radioResourceInformation.BoxedType>
                  <rab_Id.BoxedType><Integer>2</Integer></rab_Id.BoxedType>
               </RadioResource.Sequence>
               <RadioResource.Sequence>
                  <radioResourceInformation.BoxedType><Bytes>4c48</Bytes></radioResourceInformation.BoxedType>
                  <rab_Id.BoxedType><Integer>0</Integer></rab_Id.BoxedType>
               </RadioResource.Sequence>
            </Collection>
         </radioResourceList.C7.BoxedType>
         <bssmap_ServiceHandover.C9.BoxedType><Bytes>440c47d82deb85c2aa</Bytes></bssmap_ServiceHandover.C9.BoxedType>
         <ranap_ServiceHandover.C8.BoxedType><Bytes>72ce52f6ed8038bea56d</Bytes></ranap_ServiceHandover.C8.BoxedType>
         <bssmap_ServiceHandoverList.C10.BoxedType>
            <Collection>
               <BSSMAP_ServiceHandoverInfo.Sequence>
                  <bssmap_ServiceHandover.BoxedType><Bytes>1a70f5e37da4e4b0f1</Bytes></bssmap_ServiceHandover.BoxedType>
                  <rab_Id.BoxedType><Integer>2</Integer></rab_Id.BoxedType>
               </BSSMAP_ServiceHandoverInfo.Sequence>
               <BSSMAP_ServiceHandoverInfo.Sequence>
                  <bssmap_ServiceHandover.BoxedType><Bytes>e37a5d</Bytes></bssmap_ServiceHandover.BoxedType>
                  <rab_Id.BoxedType><Integer>2</Integer></rab_Id.BoxedType>
               </BSSMAP_ServiceHandoverInfo.Sequence>
               <BSSMAP_ServiceHandoverInfo.Sequence>
                  <bssmap_ServiceHandover.BoxedType><Bytes>36</Bytes></bssmap_ServiceHandover.BoxedType>
                  <rab_Id.BoxedType><Integer>0</Integer></rab_Id.BoxedType>
               </BSSMAP_ServiceHandoverInfo.Sequence>
            </Collection>
         </bssmap_ServiceHandoverList.C10.BoxedType>
         <currentlyUsedCodec.C11.BoxedType><Bytes>d24e9f</Bytes></currentlyUsedCodec.C11.BoxedType>
         <iuSupportedCodecsList.C12.Sequence>
            <utranCodecList.C0.Sequence>
               <codec1.C1.BoxedType><Bytes>da2e5bd011</Bytes></codec1.C1.BoxedType>
               <codec2.C2.BoxedType><Bytes>4c</Bytes></codec2.C2.BoxedType>
               <codec3.C3.BoxedType><Bytes>305992</Bytes></codec3.C3.BoxedType>
               <codec4.C4.BoxedType><Bytes>8915</Bytes></codec4.C4.BoxedType>
               <codec5.C5.BoxedType><Bytes>9018ed93</Bytes></codec5.C5.BoxedType>
               <codec6.C6.BoxedType><Bytes>98c7a8e9</Bytes></codec6.C6.BoxedType>
               <codec7.C7.BoxedType><Bytes>cb4507cc0fe1e61a</Bytes></codec7.C7.BoxedType>
               <codec8.C8.BoxedType><Bytes>fc0accb6f2db213a27a9</Bytes></codec8.C8.BoxedType>
               <extensionContainer.C9.Sequence>
                  <privateExtensionList.C0.BoxedType>
                     <Collection>
                        <PrivateExtension.Sequence>
                           <extId><ObjectIdentifier>0.1.286.30.101.110.39.43.116.94.111.73</ObjectIdentifier></extId>
                           <extType>f5ced010</extType>
                        </PrivateExtension.Sequence>
                        <PrivateExtension.Sequence>
                           <extId><ObjectIdentifier>0.1.289</ObjectIdentifier></extId>
                           <extType>e5fd92</extType>
                        </PrivateExtension.Sequence>
                        <PrivateExtension.Sequence>
                           <extId><ObjectIdentifier>0.1.287.101.42.4.118.47.66</ObjectIdentifier></extId>
                           <extType>d6e5596cc7b6</extType>
                        </PrivateExtension.Sequence>
                     </Collection>
                  </privateExtensionList.C0.BoxedType>
                  <pcs_Extensions.C1.Sequence>
                     
                  </pcs_Extensions.C1.Sequence>
               </extensionContainer.C9.Sequence>
            </utranCodecList.C0.Sequence>
            <geranCodecList.C1.Sequence>
               <codec1.C1.BoxedType><Bytes>d4d94da04d</Bytes></codec1.C1.BoxedType>
               <codec2.C2.BoxedType><Bytes>1e7296b13461514a</Bytes></codec2.C2.BoxedType>
               <codec3.C3.BoxedType><Bytes>7a04ea71</Bytes></codec3.C3.BoxedType>
               <codec4.C4.BoxedType><Bytes>22a542de5691f17b7a</Bytes></codec4.C4.BoxedType>
               <codec5.C5.BoxedType><Bytes>f03e</Bytes></codec5.C5.BoxedType>
               <codec6.C6.BoxedType><Bytes>0aa44828701c</Bytes></codec6.C6.BoxedType>
               <codec7.C7.BoxedType><Bytes>7cff</Bytes></codec7.C7.BoxedType>
               <codec8.C8.BoxedType><Bytes>552dae684cde</Bytes></codec8.C8.BoxedType>
               <extensionContainer.C9.Sequence>
                  <privateExtensionList.C0.BoxedType>
                     <Collection>
                        <PrivateExtension.Sequence>
                           <extId><ObjectIdentifier>0.1.23.23.87.94.64.16.21.110</ObjectIdentifier></extId>
                           <extType>30f1</extType>
                        </PrivateExtension.Sequence>
                        <PrivateExtension.Sequence>
                           <extId><ObjectIdentifier>0.1.224.111.125.97.4.115.40.76.40</ObjectIdentifier></extId>
                           <extType>e0a1c9f4e8681f37</extType>
                        </PrivateExtension.Sequence>
                        <PrivateExtension.Sequence>
                           <extId><ObjectIdentifier>0.1.292.70.52.20.113.83.61.55</ObjectIdentifier></extId>
                           <extType>df04161aaba5ef</extType>
                        </PrivateExtension.Sequence>
                     </Collection>
                  </privateExtensionList.C0.BoxedType>
                  <pcs_Extensions.C1.Sequence>
                     
                  </pcs_Extensions.C1.Sequence>
               </extensionContainer.C9.Sequence>
            </geranCodecList.C1.Sequence>
            <extensionContainer.C2.Sequence>
               <privateExtensionList.C0.BoxedType>
                  <Collection>
                     <PrivateExtension.Sequence>
                        <extId><ObjectIdentifier>0.1.275.72.97.36.10.24.127.120</ObjectIdentifier></extId>
                        <extType>b62dfc</extType>
                     </PrivateExtension.Sequence>
                     <PrivateExtension.Sequence>
                        <extId><ObjectIdentifier>0.1.222.64.5.15.56.93.18.27</ObjectIdentifier></extId>
                        <extType>7032534d850f</extType>
                     </PrivateExtension.Sequence>
                     <PrivateExtension.Sequence>
                        <extId><ObjectIdentifier>0.1.2109.18.42.104.68.53</ObjectIdentifier></extId>
                        <extType>08d5ae83bd</extType>
                     </PrivateExtension.Sequence>
                  </Collection>
               </privateExtensionList.C0.BoxedType>
               <pcs_Extensions.C1.Sequence>
                  
               </pcs_Extensions.C1.Sequence>
            </extensionContainer.C2.Sequence>
         </iuSupportedCodecsList.C12.Sequence>
         <rab_ConfigurationIndicator.C13></rab_ConfigurationIndicator.C13>
         <iuSelectedCodec.C14.BoxedType><Bytes>51a476ee345f</Bytes></iuSelectedCodec.C14.BoxedType>
         <alternativeChannelType.C15.BoxedType><Bytes>3833e9</Bytes></alternativeChannelType.C15.BoxedType>
         <tracePropagationList.C17.Sequence>
            <traceReference.C0.BoxedType><Bytes>4236c62ce7</Bytes></traceReference.C0.BoxedType>
            <traceType.C1.BoxedType><Integer>1</Integer></traceType.C1.BoxedType>
            <traceReference2.C2.BoxedType><Bytes>b5e362</Bytes></traceReference2.C2.BoxedType>
            <traceRecordingSessionReference.C3.BoxedType><Bytes>9295</Bytes></traceRecordingSessionReference.C3.BoxedType>
            <rnc_TraceDepth.C4.Enum>
               <EnumType>minimum.0</EnumType>
            </rnc_TraceDepth.C4.Enum>
            <rnc_InterfaceList.C5.BoxedType><BitString><BitString value="b939c85317b801292c9467f5" trailing="0"/></BitString></rnc_InterfaceList.C5.BoxedType>
            <msc_s_TraceDepth.C6.Enum>
               <EnumType>medium.1</EnumType>
            </msc_s_TraceDepth.C6.Enum>
            <msc_s_InterfaceList.C7.BoxedType><BitString><BitString value="785e5f" trailing="0"/></BitString></msc_s_InterfaceList.C7.BoxedType>
            <msc_s_EventList.C8.BoxedType><BitString><BitString value="e3425f3c9f8f0553b45289b6f15af4d3d303" trailing="0"/></BitString></msc_s_EventList.C8.BoxedType>
            <mgw_TraceDepth.C9.Enum>
               <EnumType>minimum.0</EnumType>
            </mgw_TraceDepth.C9.Enum>
            <mgw_InterfaceList.C10.BoxedType><BitString><BitString value="c5" trailing="0"/></BitString></mgw_InterfaceList.C10.BoxedType>
            <mgw_EventList.C11.BoxedType><BitString><BitString value="42a6a87a8c30" trailing="0"/></BitString></mgw_EventList.C11.BoxedType>
            <rnc_TraceDepthExtension.C12.Enum>
               <EnumType>mediumWithoutVendorSpecificExtension.1</EnumType>
            </rnc_TraceDepthExtension.C12.Enum>
            <msc_s_TraceDepthExtension.C13.Enum>
               <EnumType>maximumWithoutVendorSpecificExtension.2</EnumType>
            </msc_s_TraceDepthExtension.C13.Enum>
            <mgw_TraceDepthExtension.C14.Enum>
               <EnumType>maximumWithoutVendorSpecificExtension.2</EnumType>
            </mgw_TraceDepthExtension.C14.Enum>
         </tracePropagationList.C17.Sequence>
         <aoipSupportedCodecsListAnchor.C18.Sequence>
            <codec1.C1.BoxedType><Bytes>a2199fa822c0</Bytes></codec1.C1.BoxedType>
            <codec2.C2.BoxedType><Bytes>27adb7091d773d07059e</Bytes></codec2.C2.BoxedType>
            <codec3.C3.BoxedType><Bytes>58f677718e5f</Bytes></codec3.C3.BoxedType>
            <codec4.C4.BoxedType><Bytes>88dda46ad9ca1e2f</Bytes></codec4.C4.BoxedType>
            <codec5.C5.BoxedType><Bytes>e60ed43e758b1e16</Bytes></codec5.C5.BoxedType>
            <codec6.C6.BoxedType><Bytes>6b2eee43e5b1424aeb5c</Bytes></codec6.C6.BoxedType>
            <codec7.C7.BoxedType><Bytes>02b2f5</Bytes></codec7.C7.BoxedType>
            <codec8.C8.BoxedType><Bytes>4c26cd</Bytes></codec8.C8.BoxedType>
            <extensionContainer.C9.Sequence>
               <privateExtensionList.C0.BoxedType>
                  <Collection>
                     <PrivateExtension.Sequence>
                        <extId><ObjectIdentifier>0.1.259.23.123.12.7</ObjectIdentifier></extId>
                        <extType>c8397cf9</extType>
                     </PrivateExtension.Sequence>
                     <PrivateExtension.Sequence>
                        <extId><ObjectIdentifier>0.1.257</ObjectIdentifier></extId>
                        <extType>16c471e12ad1</extType>
                     </PrivateExtension.Sequence>
                     <PrivateExtension.Sequence>
                        <extId><ObjectIdentifier>0.1.224.113.62.103.83.97.13</ObjectIdentifier></extId>
                        <extType>28b0136708de</extType>
                     </PrivateExtension.Sequence>
                  </Collection>
               </privateExtensionList.C0.BoxedType>
               <pcs_Extensions.C1.Sequence>
                  
               </pcs_Extensions.C1.Sequence>
            </extensionContainer.C9.Sequence>
         </aoipSupportedCodecsListAnchor.C18.Sequence>
         <aoipSelectedCodecTarget.C19.BoxedType><Bytes>12a3</Bytes></aoipSelectedCodecTarget.C19.BoxedType>
      </ForwardAccessSignalling_ArgSequenceType.C3.Sequence></ForwardAccessSignalling_Arg.BoxedType>
</ASN>