<?xml version="1.0" encoding="ISO-8859-15"?>

<ASN layer="CAP">
   <GPRS_CamelTDPData.Sequence>
      <gprs_TriggerDetectionPoint.C0.Enum>
         <EnumType>attach.1</EnumType>
      </gprs_TriggerDetectionPoint.C0.Enum>
      <serviceKey.C1.BoxedType><Integer>1</Integer></serviceKey.C1.BoxedType>
      <gsmSCF_Address.C2.BoxedType><AddressString.BoxedType><Bytes>d97103476166
               <field name="extension" value="no extension:1" type="EnumLong" lengthBit="1"/>
               <field name="nature of address" value="reserved:5" type="EnumLong" lengthBit="3"/>
               <field name="numbering plan" value="private numbering plan:9" type="EnumLong" lengthBit="4"/>
               <field name="digits" value="1730741666" type="Number_BCD" length="10"/>
            </Bytes></AddressString.BoxedType></gsmSCF_Address.C2.BoxedType>
      <defaultSessionHandling.C3.Enum>
         <EnumType>releaseTransaction.1</EnumType>
      </defaultSessionHandling.C3.Enum>
      <extensionContainer.C4.Sequence>
         <privateExtensionList.C0.BoxedType>
            <Collection>
               <PrivateExtension.Sequence>
                  <extId><ObjectIdentifier>0.1.2116.31.75.93.77.22.121.123.74</ObjectIdentifier></extId>
                  <extType>6f6c06eec63e42</extType>
               </PrivateExtension.Sequence>
               <PrivateExtension.Sequence>
                  <extId><ObjectIdentifier>0.1.268.89.49.78</ObjectIdentifier></extId>
                  <extType>594665d121dffd7c07</extType>
               </PrivateExtension.Sequence>
               <PrivateExtension.Sequence>
                  <extId><ObjectIdentifier>0.1.2</ObjectIdentifier></extId>
                  <extType>7efaec8454b1</extType>
               </PrivateExtension.Sequence>
            </Collection>
         </privateExtensionList.C0.BoxedType>
         <pcs_Extensions.C1.Sequence>
            
         </pcs_Extensions.C1.Sequence>
      </extensionContainer.C4.Sequence>
   </GPRS_CamelTDPData.Sequence>
</ASN>