<?xml version="1.0" encoding="ISO-8859-15"?>

<ASN layer="CAP">
   <IllegalSS_OperationParam.Sequence><extensionContainer.Sequence>
         <privateExtensionList.C0.BoxedType>
            <Collection>
               <PrivateExtension.Sequence>
                  <extId><ObjectIdentifier>0.1.243.12.122.84.101.60.100.61</ObjectIdentifier></extId>
                  <extType>0f1b4045</extType>
               </PrivateExtension.Sequence>
               <PrivateExtension.Sequence>
                  <extId><ObjectIdentifier>0.1.2119.33.86.72</ObjectIdentifier></extId>
                  <extType>a63d30c0da77ca</extType>
               </PrivateExtension.Sequence>
               <PrivateExtension.Sequence>
                  <extId><ObjectIdentifier>0.1.289.115</ObjectIdentifier></extId>
                  <extType>35d1</extType>
               </PrivateExtension.Sequence>
            </Collection>
         </privateExtensionList.C0.BoxedType>
         <pcs_Extensions.C1.Sequence>
            
         </pcs_Extensions.C1.Sequence>
      </extensionContainer.Sequence></IllegalSS_OperationParam.Sequence>
</ASN>