<?xml version="1.0" encoding="ISO-8859-15"?>

<ASN layer="CAP">
   <IllegalEquipmentParam.Sequence><extensionContainer.Sequence>
         <privateExtensionList.C0.BoxedType>
            <Collection>
               <PrivateExtension.Sequence>
                  <extId><ObjectIdentifier>0.1.2106.118.56.59.122.124.117.72</ObjectIdentifier></extId>
                  <extType>0d36310bd05053db</extType>
               </PrivateExtension.Sequence>
               <PrivateExtension.Sequence>
                  <extId><ObjectIdentifier>0.1.289.109.108.42</ObjectIdentifier></extId>
                  <extType>1d7c32dd876c662a</extType>
               </PrivateExtension.Sequence>
               <PrivateExtension.Sequence>
                  <extId><ObjectIdentifier>0.1.25.12.26.72.99.46.121.32.2.19</ObjectIdentifier></extId>
                  <extType>9a95c106440b</extType>
               </PrivateExtension.Sequence>
            </Collection>
         </privateExtensionList.C0.BoxedType>
         <pcs_Extensions.C1.Sequence>
            
         </pcs_Extensions.C1.Sequence>
      </extensionContainer.Sequence></IllegalEquipmentParam.Sequence>
</ASN>