<?xml version="1.0" encoding="ISO-8859-15"?>

<ASN layer="CAP">
   <IncompatibleTerminalParam.Sequence><extensionContainer.Sequence>
         <privateExtensionList.C0.BoxedType>
            <Collection>
               <PrivateExtension.Sequence>
                  <extId><ObjectIdentifier>0.1.290.126.91.19.118.124.92.83</ObjectIdentifier></extId>
                  <extType>29bd38544f399c771aa3</extType>
               </PrivateExtension.Sequence>
               <PrivateExtension.Sequence>
                  <extId><ObjectIdentifier>0.1.24.53.12.35.16</ObjectIdentifier></extId>
                  <extType>41e77a8930cd</extType>
               </PrivateExtension.Sequence>
               <PrivateExtension.Sequence>
                  <extId><ObjectIdentifier>0.1.2117.94.72</ObjectIdentifier></extId>
                  <extType>67ad</extType>
               </PrivateExtension.Sequence>
            </Collection>
         </privateExtensionList.C0.BoxedType>
         <pcs_Extensions.C1.Sequence>
            
         </pcs_Extensions.C1.Sequence>
      </extensionContainer.Sequence></IncompatibleTerminalParam.Sequence>
</ASN>