<?xml version="1.0" encoding="ISO-8859-15"?>

<ASN layer="CAP">
   <InformServiceCentreArg.Sequence>
      <storedMSISDN.BoxedType><AddressString.BoxedType><Bytes>df55255602
               <field name="extension" value="no extension:1" type="EnumLong" lengthBit="1"/>
               <field name="nature of address" value="reserved:5" type="EnumLong" lengthBit="3"/>
               <field name="numbering plan" value="reserved for extension:15" type="EnumLong" lengthBit="4"/>
               <field name="digits" value="55526520" type="Number_BCD" length="8"/>
            </Bytes></AddressString.BoxedType></storedMSISDN.BoxedType>
      <mw_Status.BoxedType><BitString><BitString value="a396371667b839" trailing="0"/></BitString></mw_Status.BoxedType>
      <extensionContainer.Sequence>
         <privateExtensionList.C0.BoxedType>
            <Collection>
               <PrivateExtension.Sequence>
                  <extId><ObjectIdentifier>0.1.2123.117.81.26.75.1.22</ObjectIdentifier></extId>
                  <extType>b7f994d5ac444c</extType>
               </PrivateExtension.Sequence>
               <PrivateExtension.Sequence>
                  <extId><ObjectIdentifier>0.1.281.111.13.72</ObjectIdentifier></extId>
                  <extType>dd24136bbe62134e09</extType>
               </PrivateExtension.Sequence>
               <PrivateExtension.Sequence>
                  <extId><ObjectIdentifier>0.1.2</ObjectIdentifier></extId>
                  <extType>51bcadaece05</extType>
               </PrivateExtension.Sequence>
            </Collection>
         </privateExtensionList.C0.BoxedType>
         <pcs_Extensions.C1.Sequence>
            
         </pcs_Extensions.C1.Sequence>
      </extensionContainer.Sequence>
      <absentSubscriberDiagnosticSM.BoxedType><Integer>roaming restriction:2</Integer></absentSubscriberDiagnosticSM.BoxedType>
      <additionalAbsentSubscriberDiagnosticSM.C0.BoxedType><Integer>IMSI detached:1</Integer></additionalAbsentSubscriberDiagnosticSM.C0.BoxedType>
   </InformServiceCentreArg.Sequence>
</ASN>