<?xml version="1.0" encoding="ISO-8859-15"?>

<ASN layer="CAP">
   <InitialDPGPRSArg.Sequence>
      <serviceKey.C0.BoxedType><Integer>1</Integer></serviceKey.C0.BoxedType>
      <gPRSEventType.C1.Enum>
         <EnumType>pdp_ContextEstablishmentAcknowledgement.12</EnumType>
      </gPRSEventType.C1.Enum>
      <mSISDN.C2.BoxedType><AddressString.BoxedType><Bytes>d806813541f4
               <field name="extension" value="no extension:1" type="EnumLong" lengthBit="1"/>
               <field name="nature of address" value="reserved:5" type="EnumLong" lengthBit="3"/>
               <field name="numbering plan" value="national numbering plan:8" type="EnumLong" lengthBit="4"/>
               <field name="digits" value="601853144" type="Number_BCD" length="9"/>
            </Bytes></AddressString.BoxedType></mSISDN.C2.BoxedType>
      <iMSI.C3.BoxedType><TBCD_STRING.BoxedType><Bytes>71758136
               <field name="digits" value="17571863" type="Number_BCD" length="8"/>
            </Bytes></TBCD_STRING.BoxedType></iMSI.C3.BoxedType>
      <timeAndTimeZone.C4.BoxedType><Bytes>0000000105616729
            <field name="value" value="0000001050167692" type="Number_BCD" length="8"/>
         </Bytes></timeAndTimeZone.C4.BoxedType>
      <gPRSMSClass.C5.Sequence>
         <mSNetworkCapability.C0.BoxedType><Bytes>139e44
               <field name="value" value="139e44" type="Binary" length="3"/>
            </Bytes></mSNetworkCapability.C0.BoxedType>
         <mSRadioAccessCapability.C1.BoxedType><Bytes>886f7f82972e55
               <field name="value" value="886f7f82972e55" type="Binary" length="7"/>
            </Bytes></mSRadioAccessCapability.C1.BoxedType>
      </gPRSMSClass.C5.Sequence>
      <endUserAddress.C6.Sequence>
         <pDPTypeOrganization.C0>2396d846035986b5cd</pDPTypeOrganization.C0>
         <pDPTypeNumber.C1>d8</pDPTypeNumber.C1>
         <pDPAddress.C2>f839d1bf2210</pDPAddress.C2>
      </endUserAddress.C6.Sequence>
      <qualityOfService.C7.Sequence>
         <requested_QoS.C0.Choice>
            <short_QoS_format.C0.BoxedType><Bytes>a07e87
                  <field name="spare1" value="2" type="Integer" lengthBit="2"/>
                  <field name="Delay class" value="Delay class 4 (best effort):4" type="EnumLong" lengthBit="3"/>
                  <field name="Reliability class" value="Subscribed reliability class / Reserved:0" type="EnumLong" lengthBit="3"/>
                  <field name="Peak throughput" value="Up to 64 000 octet/s:7" type="EnumLong" lengthBit="4"/>
                  <field name="spare2" value="1" type="Integer" lengthBit="1"/>
                  <field name="Precedence class" value="Normal priority:6" type="EnumLong" lengthBit="3"/>
                  <field name="spare3" value="4" type="Integer" lengthBit="3"/>
                  <field name="Mean throughput" value="10000 octet/h:7" type="EnumLong" lengthBit="5"/>
               </Bytes></short_QoS_format.C0.BoxedType>
            <long_QoS_format.C1.BoxedType><Bytes>b6cfa380b8dc3e3ef6
                  <field name="Allocation/Retention Priority" value="182" type="Integer" length="1"/>
                  <field name="Traffic class" value="Reserved:6" type="EnumLong" lengthBit="3"/>
                  <field name="Delivery class" value="With delivery order (&apos;yes&apos;):1" type="EnumLong" lengthBit="2"/>
                  <field name="Delivery erroneous SDUs" value="Reserved:7" type="EnumLong" lengthBit="3"/>
                  <field name="Maximum SDU size" value="163" type="Integer" length="1"/>
                  <field name="Maximum bitrate uplink" value="128" type="Integer" length="1"/>
                  <field name="Maximum bitrate downlink" value="184" type="Integer" length="1"/>
                  <field name="SDU error ratio" value="Reserved:13" type="EnumLong" lengthBit="4"/>
                  <field name="Residual BER" value="Reserved:12" type="EnumLong" lengthBit="4"/>
                  <field name="Transfer delay" value="15" type="Integer" lengthBit="6"/>
                  <field name="Traffic handling priority" value="Priority level 2:2" type="EnumLong" lengthBit="2"/>
                  <field name="Guaranteed bitrate uplink" value="62" type="Integer" length="1"/>
                  <field name="Guaranteed bitrate downlink" value="246" type="Integer" length="1"/>
               </Bytes></long_QoS_format.C1.BoxedType>
         </requested_QoS.C0.Choice>
         <subscribed_QoS.C1.Choice>
            <short_QoS_format.C0.BoxedType><Bytes>61bc8b
                  <field name="spare1" value="1" type="Integer" lengthBit="2"/>
                  <field name="Delay class" value="Delay class 4 (best effort):4" type="EnumLong" lengthBit="3"/>
                  <field name="Reliability class" value="Unused. If received, it shall be interpreted as &apos;010&apos;:1" type="EnumLong" lengthBit="3"/>
                  <field name="Peak throughput" value="Up to 1 000 octet/s:11" type="EnumLong" lengthBit="4"/>
                  <field name="spare2" value="1" type="Integer" lengthBit="1"/>
                  <field name="Precedence class" value="Normal priority:4" type="EnumLong" lengthBit="3"/>
                  <field name="spare3" value="4" type="Integer" lengthBit="3"/>
                  <field name="Mean throughput" value="200000 octet/h:11" type="EnumLong" lengthBit="5"/>
               </Bytes></short_QoS_format.C0.BoxedType>
            <long_QoS_format.C1.BoxedType><Bytes>c051b09857b5c6ecfd
                  <field name="Allocation/Retention Priority" value="192" type="Integer" length="1"/>
                  <field name="Traffic class" value="Streaming class:2" type="EnumLong" lengthBit="3"/>
                  <field name="Delivery class" value="Without delivery order (&apos;no&apos;):2" type="EnumLong" lengthBit="2"/>
                  <field name="Delivery erroneous SDUs" value="No detect (&apos;-&apos;):1" type="EnumLong" lengthBit="3"/>
                  <field name="Maximum SDU size" value="176" type="Integer" length="1"/>
                  <field name="Maximum bitrate uplink" value="152" type="Integer" length="1"/>
                  <field name="Maximum bitrate downlink" value="87" type="Integer" length="1"/>
                  <field name="SDU error ratio" value="Reserved:11" type="EnumLong" lengthBit="4"/>
                  <field name="Residual BER" value="1*10 power -3:5" type="EnumLong" lengthBit="4"/>
                  <field name="Transfer delay" value="49" type="Integer" lengthBit="6"/>
                  <field name="Traffic handling priority" value="Priority level 2:2" type="EnumLong" lengthBit="2"/>
                  <field name="Guaranteed bitrate uplink" value="236" type="Integer" length="1"/>
                  <field name="Guaranteed bitrate downlink" value="253" type="Integer" length="1"/>
               </Bytes></long_QoS_format.C1.BoxedType>
         </subscribed_QoS.C1.Choice>
         <negotiated_QoS.C2.Choice>
            <short_QoS_format.C0.BoxedType><Bytes>6c6f18
                  <field name="spare1" value="1" type="Integer" lengthBit="2"/>
                  <field name="Delay class" value="Delay class 4 (best effort):5" type="EnumLong" lengthBit="3"/>
                  <field name="Reliability class" value="Unacknowledged GTP, LLC, and RLC, Protected data:4" type="EnumLong" lengthBit="3"/>
                  <field name="Peak throughput" value="Up to 32 000 octet/s:6" type="EnumLong" lengthBit="4"/>
                  <field name="spare2" value="1" type="Integer" lengthBit="1"/>
                  <field name="Precedence class" value="Reserved:7" type="EnumLong" lengthBit="3"/>
                  <field name="spare3" value="0" type="Integer" lengthBit="3"/>
                  <field name="Mean throughput" value="Best effort:24" type="EnumLong" lengthBit="5"/>
               </Bytes></short_QoS_format.C0.BoxedType>
            <long_QoS_format.C1.BoxedType><Bytes>0cab40211acb339e4f
                  <field name="Allocation/Retention Priority" value="12" type="Integer" length="1"/>
                  <field name="Traffic class" value="Reserved:5" type="EnumLong" lengthBit="3"/>
                  <field name="Delivery class" value="With delivery order (&apos;yes&apos;):1" type="EnumLong" lengthBit="2"/>
                  <field name="Delivery erroneous SDUs" value="Erroneous SDUs are not delivered (&apos;no&apos;):3" type="EnumLong" lengthBit="3"/>
                  <field name="Maximum SDU size" value="64" type="Integer" length="1"/>
                  <field name="Maximum bitrate uplink" value="33" type="Integer" length="1"/>
                  <field name="Maximum bitrate downlink" value="26" type="Integer" length="1"/>
                  <field name="SDU error ratio" value="Reserved:12" type="EnumLong" lengthBit="4"/>
                  <field name="Residual BER" value="Reserved:11" type="EnumLong" lengthBit="4"/>
                  <field name="Transfer delay" value="12" type="Integer" lengthBit="6"/>
                  <field name="Traffic handling priority" value="Priority level 3:3" type="EnumLong" lengthBit="2"/>
                  <field name="Guaranteed bitrate uplink" value="158" type="Integer" length="1"/>
                  <field name="Guaranteed bitrate downlink" value="79" type="Integer" length="1"/>
               </Bytes></long_QoS_format.C1.BoxedType>
         </negotiated_QoS.C2.Choice>
         <requested_QoS_Extension.C3.Sequence>
            <supplement_to_long_QoS_format.C0.BoxedType><Bytes>cc7daf4d21
                  <field name="spare" value="6" type="Integer" lengthBit="3"/>
                  <field name="Signalling Indication" value="Not optimised for signalling traffic:0" type="EnumLong" lengthBit="1"/>
                  <field name="Source Statistics Descriptor" value="unknown:12" type="EnumLong" lengthBit="4"/>
                  <field name="Maximum bitrate downlink (extended)" value="125" type="Integer" length="1"/>
                  <field name="Guaranteed bitrate downlink (extended)" value="175" type="Integer" length="1"/>
                  <field name="Maximum bitrate uplink (extended)" value="77" type="Integer" length="1"/>
                  <field name="Guaranteed bitrate uplink (extended)" value="33" type="Integer" length="1"/>
               </Bytes></supplement_to_long_QoS_format.C0.BoxedType>
            <additionalSupplement.C1.BoxedType><Bytes>0d68
                  <field name="Maximum bitrate uplink (extended)" value="13" type="Integer" length="1"/>
                  <field name="Guaranteed bitrate uplink (extended)" value="104" type="Integer" length="1"/>
               </Bytes></additionalSupplement.C1.BoxedType>
         </requested_QoS_Extension.C3.Sequence>
         <subscribed_QoS_Extension.C4.Sequence>
            <supplement_to_long_QoS_format.C0.BoxedType><Bytes>8acd845b2f
                  <field name="spare" value="4" type="Integer" lengthBit="3"/>
                  <field name="Signalling Indication" value="Not optimised for signalling traffic:0" type="EnumLong" lengthBit="1"/>
                  <field name="Source Statistics Descriptor" value="unknown:10" type="EnumLong" lengthBit="4"/>
                  <field name="Maximum bitrate downlink (extended)" value="205" type="Integer" length="1"/>
                  <field name="Guaranteed bitrate downlink (extended)" value="132" type="Integer" length="1"/>
                  <field name="Maximum bitrate uplink (extended)" value="91" type="Integer" length="1"/>
                  <field name="Guaranteed bitrate uplink (extended)" value="47" type="Integer" length="1"/>
               </Bytes></supplement_to_long_QoS_format.C0.BoxedType>
            <additionalSupplement.C1.BoxedType><Bytes>5d2a
                  <field name="Maximum bitrate uplink (extended)" value="93" type="Integer" length="1"/>
                  <field name="Guaranteed bitrate uplink (extended)" value="42" type="Integer" length="1"/>
               </Bytes></additionalSupplement.C1.BoxedType>
         </subscribed_QoS_Extension.C4.Sequence>
         <negotiated_QoS_Extension.C5.Sequence>
            <supplement_to_long_QoS_format.C0.BoxedType><Bytes>0b078c843b
                  <field name="spare" value="0" type="Integer" lengthBit="3"/>
                  <field name="Signalling Indication" value="Not optimised for signalling traffic:0" type="EnumLong" lengthBit="1"/>
                  <field name="Source Statistics Descriptor" value="unknown:11" type="EnumLong" lengthBit="4"/>
                  <field name="Maximum bitrate downlink (extended)" value="7" type="Integer" length="1"/>
                  <field name="Guaranteed bitrate downlink (extended)" value="140" type="Integer" length="1"/>
                  <field name="Maximum bitrate uplink (extended)" value="132" type="Integer" length="1"/>
                  <field name="Guaranteed bitrate uplink (extended)" value="59" type="Integer" length="1"/>
               </Bytes></supplement_to_long_QoS_format.C0.BoxedType>
            <additionalSupplement.C1.BoxedType><Bytes>aecd
                  <field name="Maximum bitrate uplink (extended)" value="174" type="Integer" length="1"/>
                  <field name="Guaranteed bitrate uplink (extended)" value="205" type="Integer" length="1"/>
               </Bytes></additionalSupplement.C1.BoxedType>
         </negotiated_QoS_Extension.C5.Sequence>
      </qualityOfService.C7.Sequence>
      <accessPointName.C8.BoxedType><Bytes>9ef6b2198519b43c48</Bytes></accessPointName.C8.BoxedType>
      <routeingAreaIdentity.C9.BoxedType><Bytes>02f277314f92
            <field name="MMC" value="202,77" type="NumberMMC" length="3"/>
            <field name="LAC" value="12623" type="Integer" length="2"/>
            <field name="RAC" value="146" type="Integer" length="1"/>
         </Bytes></routeingAreaIdentity.C9.BoxedType>
      <chargingID.C10.BoxedType><Bytes>eb87bf43
            <field name="Charging ID" value="3951542083" type="Integer" length="4"/>
         </Bytes></chargingID.C10.BoxedType>
      <sGSNCapabilities.C11.BoxedType><Bytes>31da1c35d7</Bytes></sGSNCapabilities.C11.BoxedType>
      <locationInformationGPRS.C12.Sequence>
         <cellGlobalIdOrServiceAreaIdOrLAI.C0.Choice>
            <cellGlobalIdOrServiceAreaIdFixedLength.C0.BoxedType><Bytes>81424221165e9f
                  <field name="MMC" value="182,244" type="NumberMMC" length="3"/>
                  <field name="LAC" value="8470" type="Integer" length="2"/>
                  <field name="CI_SAC" value="24223" type="Integer" length="2"/>
               </Bytes></cellGlobalIdOrServiceAreaIdFixedLength.C0.BoxedType>
            <laiFixedLength.C1.BoxedType><Bytes>026411bf55
                  <field name="MMC" value="204,116" type="NumberMMC" length="3"/>
                  <field name="LAC" value="48981" type="Integer" length="2"/>
               </Bytes></laiFixedLength.C1.BoxedType>
         </cellGlobalIdOrServiceAreaIdOrLAI.C0.Choice>
         <routeingAreaIdentity.C1.BoxedType><Bytes>8133316c5c97
               <field name="MMC" value="183,133" type="NumberMMC" length="3"/>
               <field name="LAC" value="27740" type="Integer" length="2"/>
               <field name="RAC" value="151" type="Integer" length="1"/>
            </Bytes></routeingAreaIdentity.C1.BoxedType>
         <geographicalInformation.C2.BoxedType><Bytes>b34fc2bd81fab3ce
               <field name="TypeOfShape" value="Reserved for future use:11" type="EnumLong" lengthBit="4"/>
               <field name="spare" value="3" type="Integer" lengthBit="4"/>
               <field name="DegreesOfLatitude" value="5227197" type="Integer" length="3"/>
               <field name="DegreesOfLongitude" value="8518323" type="Integer" length="3"/>
               <field name="UncertaintyCode" value="206" type="Integer" length="1"/>
            </Bytes></geographicalInformation.C2.BoxedType>
         <sgsn_Number.C3.BoxedType><AddressString.BoxedType><Bytes>100291337360
                  <field name="extension" value="extension:0" type="EnumLong" lengthBit="1"/>
                  <field name="nature of address" value="international number:1" type="EnumLong" lengthBit="3"/>
                  <field name="numbering plan" value="unknown:0" type="EnumLong" lengthBit="4"/>
                  <field name="digits" value="2019333706" type="Number_BCD" length="10"/>
               </Bytes></AddressString.BoxedType></sgsn_Number.C3.BoxedType>
         <selectedLSAIdentity.C4.BoxedType><Bytes>5f933e
               <field name="LSA type" value="PLMN significant number:0" type="EnumLong" lengthBit="1"/>
               <field name="Identifier" value="6263614" type="Integer" lengthBit="23"/>
            </Bytes></selectedLSAIdentity.C4.BoxedType>
         <extensionContainer.C5.Sequence>
            <privateExtensionList.C0.BoxedType>
               <Collection>
                  <PrivateExtension.Sequence>
                     <extId><ObjectIdentifier>0.1.298.59.66.73.6.57</ObjectIdentifier></extId>
                     <extType>4a10221114c3ba569aef</extType>
                  </PrivateExtension.Sequence>
                  <PrivateExtension.Sequence>
                     <extId><ObjectIdentifier>0.1.29.126.93.125.101.108.28.55.52</ObjectIdentifier></extId>
                     <extType>9a3fb34dcc9fb9d42b</extType>
                  </PrivateExtension.Sequence>
                  <PrivateExtension.Sequence>
                     <extId><ObjectIdentifier>0.1.288.122.38.74.94.124.35</ObjectIdentifier></extId>
                     <extType>38971b28cd25f2b2</extType>
                  </PrivateExtension.Sequence>
               </Collection>
            </privateExtensionList.C0.BoxedType>
            <pcs_Extensions.C1.Sequence>
               
            </pcs_Extensions.C1.Sequence>
         </extensionContainer.C5.Sequence>
         <sai_Present.C6></sai_Present.C6>
         <geodeticInformation.C7.BoxedType><Bytes>c666d7e6e2e883acd12e
               <field name="spare" value="12" type="Integer" lengthBit="4"/>
               <field name="LPRI" value="presentation restricted:1" type="EnumLong" lengthBit="2"/>
               <field name="screnning" value="user provided, verified and failed:2" type="EnumLong" lengthBit="2"/>
               <field name="ext" value="0" type="Integer" lengthBit="1"/>
               <field name="TypeOfShape" value="reserved for national use:102" type="EnumLong" lengthBit="7"/>
               <field name="DegreesOfLatitude" value="14149346" type="Integer" length="3"/>
               <field name="DegreesOfLongitude" value="15238060" type="Integer" length="3"/>
               <field name="UncertaintyCode" value="209" type="Integer" length="1"/>
               <field name="Confidence" value="46" type="Integer" length="1"/>
            </Bytes></geodeticInformation.C7.BoxedType>
         <currentLocationRetrieved.C8></currentLocationRetrieved.C8>
         <ageOfLocationInformation.C9.BoxedType><Integer>0 minut = currently in contact:0</Integer></ageOfLocationInformation.C9.BoxedType>
         <userCSGInformation.C10.Sequence>
            <csg_Id.C0.BoxedType><BitString><BitString value="db71a3a4bc0744bf0beaf649521cec491a" trailing="0"/></BitString></csg_Id.C0.BoxedType>
            <extensionContainer.C1.Sequence>
               <privateExtensionList.C0.BoxedType>
                  <Collection>
                     <PrivateExtension.Sequence>
                        <extId><ObjectIdentifier>0.1.297.12.56.16.127</ObjectIdentifier></extId>
                        <extType>9fc380572fba61859292</extType>
                     </PrivateExtension.Sequence>
                     <PrivateExtension.Sequence>
                        <extId><ObjectIdentifier>0.1.234.83.118.80.57.65.15.120</ObjectIdentifier></extId>
                        <extType>ff</extType>
                     </PrivateExtension.Sequence>
                     <PrivateExtension.Sequence>
                        <extId><ObjectIdentifier>0.1.253.69.57.85</ObjectIdentifier></extId>
                        <extType>e825</extType>
                     </PrivateExtension.Sequence>
                  </Collection>
               </privateExtensionList.C0.BoxedType>
               <pcs_Extensions.C1.Sequence>
                  
               </pcs_Extensions.C1.Sequence>
            </extensionContainer.C1.Sequence>
            <accessMode.C2>e0120c12f5</accessMode.C2>
            <cmi.C3>25887dc8f345ef</cmi.C3>
         </userCSGInformation.C10.Sequence>
      </locationInformationGPRS.C12.Sequence>
      <pDPInitiationType.C13.Enum>
         <EnumType>networkInitiated.1</EnumType>
      </pDPInitiationType.C13.Enum>
      <extensions.C14.BoxedType>
         <Collection>
            <ExtensionField.Sequence>
               <type.Choice>
                  <local>2602154567</local>
                  <global><ObjectIdentifier>0.1.245.27.48.72.50.46.40.2.36</ObjectIdentifier></global>
               </type.Choice>
               <criticality.nulld.Enum>
                  <EnumType>abort.1</EnumType>
               </criticality.nulld.Enum>
               <NullObject.C1></NullObject.C1>
            </ExtensionField.Sequence>
            <ExtensionField.Sequence>
               <type.Choice>
                  <local>3185244702</local>
                  <global><ObjectIdentifier>0.1.289</ObjectIdentifier></global>
               </type.Choice>
               <criticality.nulld.Enum>
                  <EnumType>ignore.0</EnumType>
               </criticality.nulld.Enum>
               <NullObject.C1></NullObject.C1>
            </ExtensionField.Sequence>
            <ExtensionField.Sequence>
               <type.Choice>
                  <local>1770594617</local>
                  <global><ObjectIdentifier>0.1.288.113.46.118</ObjectIdentifier></global>
               </type.Choice>
               <criticality.nulld.Enum>
                  <EnumType>ignore.0</EnumType>
               </criticality.nulld.Enum>
               <NullObject.C1></NullObject.C1>
            </ExtensionField.Sequence>
         </Collection>
      </extensions.C14.BoxedType>
      <gGSNAddress.C15.BoxedType><Bytes>20e5a048ed
            <field name="Address type" value="IPV4:0" type="EnumLong" lengthBit="2"/>
            <field name="AddressLength" value="32" type="Integer" lengthBit="6"/>
            <field name="IPV4 address" value="229.160.72.237" type="IPV4Address" length="4"/>
         </Bytes></gGSNAddress.C15.BoxedType>
      <secondaryPDP_context.C16></secondaryPDP_context.C16>
      <iMEI.C17.BoxedType><TBCD_STRING.BoxedType><Bytes>37797734f6
               <field name="digits" value="739777436" type="Number_BCD" length="9"/>
            </Bytes></TBCD_STRING.BoxedType></iMEI.C17.BoxedType>
   </InitialDPGPRSArg.Sequence>
</ASN>