<?xml version="1.0" encoding="ISO-8859-15"?>

<ASN layer="CAP">
   <InitialDPArgExtensionV2.Sequence>
      <naCarrierInformation.C0.Sequence>
         <naCarrierId.C0.BoxedType><Bytes>72f449399d31fa6ebe</Bytes></naCarrierId.C0.BoxedType>
         <naCICSelectionType.C1.BoxedType><Bytes>3340</Bytes></naCICSelectionType.C1.BoxedType>
      </naCarrierInformation.C0.Sequence>
      <gmscAddress.C1.BoxedType><AddressString.BoxedType><Bytes>df8116667469
               <field name="extension" value="no extension:1" type="EnumLong" lengthBit="1"/>
               <field name="nature of address" value="reserved:5" type="EnumLong" lengthBit="3"/>
               <field name="numbering plan" value="reserved for extension:15" type="EnumLong" lengthBit="4"/>
               <field name="digits" value="1861664796" type="Number_BCD" length="10"/>
            </Bytes></AddressString.BoxedType></gmscAddress.C1.BoxedType>
   </InitialDPArgExtensionV2.Sequence>
</ASN>