<?xml version="1.0" encoding="ISO-8859-15"?>

<ASN layer="CAP">
   <InitialDPArg.Sequence>
      <serviceKey.C0.BoxedType><Integer>1</Integer></serviceKey.C0.BoxedType>
      <calledPartyNumber.C2.BoxedType><Bytes>a74698117931f7
            <field name="Odd/even (O/E)" value="odd number of address signals:1" type="EnumLong" lengthBit="1"/>
            <field name="Nature of address" value="spare:39" type="EnumLong" lengthBit="7"/>
            <field name="Internal Network Number (INN)" value="routing to internal number allowed:0" type="EnumLong" lengthBit="1"/>
            <field name="Numbering plan" value="Telex numbering plan (ITU-T Recommendation F.69):4" type="EnumLong" lengthBit="3"/>
            <field name="spare" value="6" type="Integer" lengthBit="4"/>
            <field name="digits" value="891197137" type="Number_BCD" length="9"/>
         </Bytes></calledPartyNumber.C2.BoxedType>
      <callingPartyNumber.C3.BoxedType><Bytes>72d68104323954
            <field name="Odd/even (O/E)" value="even number of address signals:0" type="EnumLong" lengthBit="1"/>
            <field name="Nature of address" value="reserved for national use:114" type="EnumLong" lengthBit="7"/>
            <field name="Number Incomplete (NI)" value="incomplete:1" type="EnumLong" lengthBit="1"/>
            <field name="Numbering plan" value="private numbering plan:5" type="EnumLong" lengthBit="3"/>
            <field name="Address presentation restricted" value="presentation restricted:1" type="EnumLong" lengthBit="2"/>
            <field name="Screening" value="reserved:2" type="EnumLong" lengthBit="2"/>
            <field name="digits" value="1840239345" type="Number_BCD" length="10"/>
         </Bytes></callingPartyNumber.C3.BoxedType>
      <callingPartysCategory.C5.BoxedType><Bytes>ef
            <field name="category" value="reserved for national use:239" type="EnumLong" length="1"/>
         </Bytes></callingPartysCategory.C5.BoxedType>
      <cGEncountered.C7.Enum>
         <EnumType>scpOverload.2</EnumType>
      </cGEncountered.C7.Enum>
      <iPSSPCapabilities.C8.BoxedType><Bytes>8a4298</Bytes></iPSSPCapabilities.C8.BoxedType>
      <locationNumber.C10.BoxedType><Bytes>7cb947152291f2
            <field name="Odd/even (O/E)" value="even number of address signals:0" type="EnumLong" lengthBit="1"/>
            <field name="Nature of address" value="reserved for national use:124" type="EnumLong" lengthBit="7"/>
            <field name="Internal Network Number (INN)" value="routing to internal number not allowed:1" type="EnumLong" lengthBit="1"/>
            <field name="Numbering plan" value="Data numbering plan (ITU-T Recommendation X.121):3" type="EnumLong" lengthBit="3"/>
            <field name="Address presentation restricted" value="address not available (national use):2" type="EnumLong" lengthBit="2"/>
            <field name="Screening" value="user provided, verified and passed:1" type="EnumLong" lengthBit="2"/>
            <field name="digits" value="745122192" type="Number_BCD" length="9"/>
         </Bytes></locationNumber.C10.BoxedType>
      <originalCalledPartyID.C12.BoxedType><Bytes>89111143921128
            <field name="Odd/even (O/E)" value="odd number of address signals:1" type="EnumLong" lengthBit="1"/>
            <field name="Nature of address" value="spare:9" type="EnumLong" lengthBit="7"/>
            <field name="spare1" value="0" type="Integer" lengthBit="1"/>
            <field name="Numbering plan" value="ISDN/Telephony Numbering Plan (Rec ITU-T E.164):1" type="EnumLong" lengthBit="3"/>
            <field name="Address presentation restricted" value="presentation allowed:0" type="EnumLong" lengthBit="2"/>
            <field name="spare2" value="1" type="Integer" lengthBit="2"/>
            <field name="digits" value="1134291182" type="Number_BCD" length="10"/>
         </Bytes></originalCalledPartyID.C12.BoxedType>
      <extensions.C15.BoxedType>
         <Collection>
            <ExtensionField.Sequence>
               <type.Choice>
                  <local>2615601055</local>
                  <global><ObjectIdentifier>0.1.2101.117</ObjectIdentifier></global>
               </type.Choice>
               <criticality.nulld.Enum>
                  <EnumType>ignore.0</EnumType>
               </criticality.nulld.Enum>
               <NullObject.C1></NullObject.C1>
            </ExtensionField.Sequence>
            <ExtensionField.Sequence>
               <type.Choice>
                  <local>3348875580</local>
                  <global><ObjectIdentifier>0.1.257.85.72</ObjectIdentifier></global>
               </type.Choice>
               <criticality.nulld.Enum>
                  <EnumType>abort.1</EnumType>
               </criticality.nulld.Enum>
               <NullObject.C1></NullObject.C1>
            </ExtensionField.Sequence>
            <ExtensionField.Sequence>
               <type.Choice>
                  <local>1908428514</local>
                  <global><ObjectIdentifier>0.1.226.12</ObjectIdentifier></global>
               </type.Choice>
               <criticality.nulld.Enum>
                  <EnumType>abort.1</EnumType>
               </criticality.nulld.Enum>
               <NullObject.C1></NullObject.C1>
            </ExtensionField.Sequence>
         </Collection>
      </extensions.C15.BoxedType>
      <highLayerCompatibility.C23.BoxedType><Bytes>3ca28287910b56f79dd9</Bytes></highLayerCompatibility.C23.BoxedType>
      <additionalCallingPartyNumber.C25.BoxedType><Digits.BoxedType><Bytes>51e1b2</Bytes></Digits.BoxedType></additionalCallingPartyNumber.C25.BoxedType>
      <bearerCapability.C27.Choice><bearerCap.C0>8e7dd7
            <field name="ext1" value="last octet:1" type="EnumLong" lengthBit="1"/>
            <field name="Coding standard" value="ITU-T standardized coding as described below:0" type="EnumLong" lengthBit="2"/>
            <field name="Information transfer capability" value="reserved:14" type="EnumLong" lengthBit="5"/>
            <field name="ext2" value="continue:0" type="EnumLong" lengthBit="1"/>
            <field name="Transfer mode" value="reserved:3" type="EnumLong" lengthBit="2"/>
            <field name="Information transfer rate" value="reserved:29" type="EnumLong" lengthBit="5"/>
            <field name="ext3" value="last octet:1" type="EnumLong" lengthBit="1"/>
            <field name="Layer identifier" value="layer 2 ident:2" type="EnumLong" lengthBit="2"/>
            <field name="User information layer 1 protocol" value="reserved:23" type="EnumLong" lengthBit="5"/>
         </bearerCap.C0></bearerCapability.C27.Choice>
      <eventTypeBCSM.C28.Enum>
         <EnumType>termAttemptAuthorized.12</EnumType>
      </eventTypeBCSM.C28.Enum>
      <redirectingPartyID.C29.BoxedType><Bytes>fe3203951878f8
            <field name="Odd/even (O/E)" value="odd number of address signals:1" type="EnumLong" lengthBit="1"/>
            <field name="Nature of address" value="reserved for national use:126" type="EnumLong" lengthBit="7"/>
            <field name="spare1" value="0" type="Integer" lengthBit="1"/>
            <field name="Numbering plan" value="Data numbering plan (ITU-T Recommendation X.121):3" type="EnumLong" lengthBit="3"/>
            <field name="Address presentation restricted" value="presentation allowed:0" type="EnumLong" lengthBit="2"/>
            <field name="spare2" value="2" type="Integer" lengthBit="2"/>
            <field name="digits" value="305981878" type="Number_BCD" length="9"/>
         </Bytes></redirectingPartyID.C29.BoxedType>
      <redirectionInformation.C30.BoxedType><Bytes>82b2
            <field name="Redirecting reason" value="spare:8" type="EnumLong" lengthBit="4"/>
            <field name="spare1" value="0" type="Integer" lengthBit="1"/>
            <field name="Redirecting indicator" value="call rerouted, all redirection information presentation restricted (national use):2" type="EnumLong" lengthBit="3"/>
            <field name="Original redirection reason" value="spare:11" type="EnumLong" lengthBit="4"/>
            <field name="spare2" value="0" type="Integer" lengthBit="1"/>
            <field name="Redirection counter" value="2" type="Integer" lengthBit="3"/>
         </Bytes></redirectionInformation.C30.BoxedType>
      <cause.C17.BoxedType><Bytes>5cdc80
            <field name="ext1" value="continue:0" type="EnumLong" lengthBit="1"/>
            <field name="Coding standard" value="National standard (see Note):2" type="EnumLong" lengthBit="2"/>
            <field name="Spare" value="1" type="Integer" lengthBit="1"/>
            <field name="Location" value="reserved for national use:12" type="EnumLong" lengthBit="4"/>
            <field name="ext3" value="last octet:1" type="EnumLong" lengthBit="1"/>
            <field name="Cause value" value="92" type="EnumLong" lengthBit="7"/>
            <field name="Diagnostics" value="80" type="Binary" length="1"/>
         </Bytes></cause.C17.BoxedType>
      <serviceInteractionIndicatorsTwo.C32.Sequence>
         <forwardServiceInteractionInd.C0.Sequence>
            <conferenceTreatmentIndicator.C1>e1374e</conferenceTreatmentIndicator.C1>
            <callDiversionTreatmentIndicator.C2>40f6366cc2a3162c</callDiversionTreatmentIndicator.C2>
            <callingPartyRestrictionIndicator.C4>c900db0c4da2</callingPartyRestrictionIndicator.C4>
         </forwardServiceInteractionInd.C0.Sequence>
         <backwardServiceInteractionInd.C1.Sequence>
            <conferenceTreatmentIndicator.C1>4d8d4f53</conferenceTreatmentIndicator.C1>
            <callCompletionTreatmentIndicator.C2>4c5a98dbeb8f</callCompletionTreatmentIndicator.C2>
         </backwardServiceInteractionInd.C1.Sequence>
         <bothwayThroughConnectionInd.C2.Enum>
            <EnumType>bothwayPathRequired.0</EnumType>
         </bothwayThroughConnectionInd.C2.Enum>
         <connectedNumberTreatmentInd.C4.Enum>
            <EnumType>presentationRestricted.1</EnumType>
         </connectedNumberTreatmentInd.C4.Enum>
         <nonCUGCall.C13></nonCUGCall.C13>
         <holdTreatmentIndicator.C50>143ca3084b</holdTreatmentIndicator.C50>
         <cwTreatmentIndicator.C51>8f08ba</cwTreatmentIndicator.C51>
         <ectTreatmentIndicator.C52>c9c3ec4cea80e54bac</ectTreatmentIndicator.C52>
      </serviceInteractionIndicatorsTwo.C32.Sequence>
      <carrier.C37.BoxedType><Bytes>3de0</Bytes></carrier.C37.BoxedType>
      <cug_Index.C45.BoxedType><Integer>0</Integer></cug_Index.C45.BoxedType>
      <cug_Interlock.C46.BoxedType><Bytes>d80552ac68fb4e1d11</Bytes></cug_Interlock.C46.BoxedType>
      <cug_OutgoingAccess.C47></cug_OutgoingAccess.C47>
      <iMSI.C50.BoxedType><TBCD_STRING.BoxedType><Bytes>0157670064
               <field name="digits" value="1075760046" type="Number_BCD" length="10"/>
            </Bytes></TBCD_STRING.BoxedType></iMSI.C50.BoxedType>
      <subscriberState.C51.Choice>
         <assumedIdle.C0></assumedIdle.C0>
         <camelBusy.C1></camelBusy.C1>
         <netDetNotReachable.Enum>
            <EnumType>restrictedArea.2</EnumType>
         </netDetNotReachable.Enum>
         <notProvidedFromVLR.C2></notProvidedFromVLR.C2>
      </subscriberState.C51.Choice>
      <locationInformation.C52.Sequence>
         <ageOfLocationInformation.BoxedType><Integer>[1-32766] minuts:1</Integer></ageOfLocationInformation.BoxedType>
         <geographicalInformation.C0.BoxedType><Bytes>7bf79a34e3215bc4
               <field name="TypeOfShape" value="Reserved for future use:7" type="EnumLong" lengthBit="4"/>
               <field name="spare" value="11" type="Integer" lengthBit="4"/>
               <field name="DegreesOfLatitude" value="16226868" type="Integer" length="3"/>
               <field name="DegreesOfLongitude" value="14885211" type="Integer" length="3"/>
               <field name="UncertaintyCode" value="196" type="Integer" length="1"/>
            </Bytes></geographicalInformation.C0.BoxedType>
         <vlr_number.C1.BoxedType><AddressString.BoxedType><Bytes>580117734929
                  <field name="extension" value="extension:0" type="EnumLong" lengthBit="1"/>
                  <field name="nature of address" value="reserved:5" type="EnumLong" lengthBit="3"/>
                  <field name="numbering plan" value="national numbering plan:8" type="EnumLong" lengthBit="4"/>
                  <field name="digits" value="1071379492" type="Number_BCD" length="10"/>
               </Bytes></AddressString.BoxedType></vlr_number.C1.BoxedType>
         <locationNumber.C2.BoxedType><Bytes>736a24631594f6
               <field name="Odd/even (O/E)" value="even number of address signals:0" type="EnumLong" lengthBit="1"/>
               <field name="Nature of address" value="reserved for national use:115" type="EnumLong" lengthBit="7"/>
               <field name="Internal Network Number (INN)" value="routing to internal number allowed:0" type="EnumLong" lengthBit="1"/>
               <field name="Numbering plan" value="reserved for national use:6" type="EnumLong" lengthBit="3"/>
               <field name="Address presentation restricted" value="address not available (national use):2" type="EnumLong" lengthBit="2"/>
               <field name="Screening" value="reserved:2" type="EnumLong" lengthBit="2"/>
               <field name="digits" value="423651496" type="Number_BCD" length="9"/>
            </Bytes></locationNumber.C2.BoxedType>
         <cellGlobalIdOrServiceAreaIdOrLAI.C3.Choice>
            <cellGlobalIdOrServiceAreaIdFixedLength.C0.BoxedType><Bytes>12f332e040113e
                  <field name="MMC" value="213,23" type="NumberMMC" length="3"/>
                  <field name="LAC" value="57408" type="Integer" length="2"/>
                  <field name="CI_SAC" value="4414" type="Integer" length="2"/>
               </Bytes></cellGlobalIdOrServiceAreaIdFixedLength.C0.BoxedType>
            <laiFixedLength.C1.BoxedType><Bytes>3133427356
                  <field name="MMC" value="133,243" type="NumberMMC" length="3"/>
                  <field name="LAC" value="29526" type="Integer" length="2"/>
               </Bytes></laiFixedLength.C1.BoxedType>
         </cellGlobalIdOrServiceAreaIdOrLAI.C3.Choice>
         <extensionContainer.C4.Sequence>
            <privateExtensionList.C0.BoxedType>
               <Collection>
                  <PrivateExtension.Sequence>
                     <extId><ObjectIdentifier>0.1.227.57.8.67.86.5</ObjectIdentifier></extId>
                     <extType>2fcb</extType>
                  </PrivateExtension.Sequence>
                  <PrivateExtension.Sequence>
                     <extId><ObjectIdentifier>0.1.246.79.20.47.112.122</ObjectIdentifier></extId>
                     <extType>77d68a9678e8e5</extType>
                  </PrivateExtension.Sequence>
                  <PrivateExtension.Sequence>
                     <extId><ObjectIdentifier>0.1.274.121.104.100.12</ObjectIdentifier></extId>
                     <extType>4b19c5f86753</extType>
                  </PrivateExtension.Sequence>
               </Collection>
            </privateExtensionList.C0.BoxedType>
            <pcs_Extensions.C1.Sequence>
               
            </pcs_Extensions.C1.Sequence>
         </extensionContainer.C4.Sequence>
         <selectedLSA_Id.C5.BoxedType><Bytes>c0a0a0
               <field name="LSA type" value="Universal LSA number:1" type="EnumLong" lengthBit="1"/>
               <field name="Identifier" value="4235424" type="Integer" lengthBit="23"/>
            </Bytes></selectedLSA_Id.C5.BoxedType>
         <msc_Number.C6.BoxedType><AddressString.BoxedType><Bytes>180133539270
                  <field name="extension" value="extension:0" type="EnumLong" lengthBit="1"/>
                  <field name="nature of address" value="international number:1" type="EnumLong" lengthBit="3"/>
                  <field name="numbering plan" value="national numbering plan:8" type="EnumLong" lengthBit="4"/>
                  <field name="digits" value="1033352907" type="Number_BCD" length="10"/>
               </Bytes></AddressString.BoxedType></msc_Number.C6.BoxedType>
         <geodeticInformation.C7.BoxedType><Bytes>848503988a0b4a423569
               <field name="spare" value="8" type="Integer" lengthBit="4"/>
               <field name="LPRI" value="presentation restricted:1" type="EnumLong" lengthBit="2"/>
               <field name="screnning" value="user provided, not verified:0" type="EnumLong" lengthBit="2"/>
               <field name="ext" value="1" type="Integer" lengthBit="1"/>
               <field name="TypeOfShape" value="polygon:5" type="EnumLong" lengthBit="7"/>
               <field name="DegreesOfLatitude" value="235658" type="Integer" length="3"/>
               <field name="DegreesOfLongitude" value="739906" type="Integer" length="3"/>
               <field name="UncertaintyCode" value="53" type="Integer" length="1"/>
               <field name="Confidence" value="105" type="Integer" length="1"/>
            </Bytes></geodeticInformation.C7.BoxedType>
         <currentLocationRetrieved.C8></currentLocationRetrieved.C8>
         <sai_Present.C9></sai_Present.C9>
         <locationInformationEPS.C10.Sequence>
            <e_utranCellGlobalIdentity.C0.BoxedType><Bytes>e3cd</Bytes></e_utranCellGlobalIdentity.C0.BoxedType>
            <trackingAreaIdentity.C1.BoxedType><Bytes>fc550571</Bytes></trackingAreaIdentity.C1.BoxedType>
            <extensionContainer.C2.Sequence>
               <privateExtensionList.C0.BoxedType>
                  <Collection>
                     <PrivateExtension.Sequence>
                        <extId><ObjectIdentifier>0.1.259.22.40.54.35.92.17.77</ObjectIdentifier></extId>
                        <extType>fe51124462ca9b</extType>
                     </PrivateExtension.Sequence>
                     <PrivateExtension.Sequence>
                        <extId><ObjectIdentifier>0.1.277.72.42.62.3.12.26.44</ObjectIdentifier></extId>
                        <extType>4619b7a92717c2e9fe</extType>
                     </PrivateExtension.Sequence>
                     <PrivateExtension.Sequence>
                        <extId><ObjectIdentifier>0.1.245.83.68.7.27.2.117.36.92.49</ObjectIdentifier></extId>
                        <extType>d56fe43d5c91</extType>
                     </PrivateExtension.Sequence>
                  </Collection>
               </privateExtensionList.C0.BoxedType>
               <pcs_Extensions.C1.Sequence>
                  
               </pcs_Extensions.C1.Sequence>
            </extensionContainer.C2.Sequence>
            <geographicalInformation.C3.BoxedType><Bytes>fd6ffb820016d81f
                  <field name="TypeOfShape" value="Reserved for future use:15" type="EnumLong" lengthBit="4"/>
                  <field name="spare" value="13" type="Integer" lengthBit="4"/>
                  <field name="DegreesOfLatitude" value="7338882" type="Integer" length="3"/>
                  <field name="DegreesOfLongitude" value="5848" type="Integer" length="3"/>
                  <field name="UncertaintyCode" value="31" type="Integer" length="1"/>
               </Bytes></geographicalInformation.C3.BoxedType>
            <geodeticInformation.C4.BoxedType><Bytes>789c63c0ce00fa15af46
                  <field name="spare" value="7" type="Integer" lengthBit="4"/>
                  <field name="LPRI" value="location not available (Note):2" type="EnumLong" lengthBit="2"/>
                  <field name="screnning" value="user provided, not verified:0" type="EnumLong" lengthBit="2"/>
                  <field name="ext" value="1" type="Integer" lengthBit="1"/>
                  <field name="TypeOfShape" value="spare:28" type="EnumLong" lengthBit="7"/>
                  <field name="DegreesOfLatitude" value="6537422" type="Integer" length="3"/>
                  <field name="DegreesOfLongitude" value="64021" type="Integer" length="3"/>
                  <field name="UncertaintyCode" value="175" type="Integer" length="1"/>
                  <field name="Confidence" value="70" type="Integer" length="1"/>
               </Bytes></geodeticInformation.C4.BoxedType>
            <currentLocationRetrieved.C5></currentLocationRetrieved.C5>
            <ageOfLocationInformation.C6.BoxedType><Integer>2 minuts:2</Integer></ageOfLocationInformation.C6.BoxedType>
            <mme_Name.C7.BoxedType><Bytes>c68267</Bytes></mme_Name.C7.BoxedType>
         </locationInformationEPS.C10.Sequence>
         <userCSGInformation.C11.Sequence>
            <csg_Id.C0.BoxedType><BitString><BitString value="96c83356d5be6084d8818c58445fee6815f5" trailing="0"/></BitString></csg_Id.C0.BoxedType>
            <extensionContainer.C1.Sequence>
               <privateExtensionList.C0.BoxedType>
                  <Collection>
                     <PrivateExtension.Sequence>
                        <extId><ObjectIdentifier>0.1.255.60.18.43.107.116.34</ObjectIdentifier></extId>
                        <extType>b725</extType>
                     </PrivateExtension.Sequence>
                     <PrivateExtension.Sequence>
                        <extId><ObjectIdentifier>0.1.26.71.119.81.1.47</ObjectIdentifier></extId>
                        <extType>d7fd84ead25785024b1d</extType>
                     </PrivateExtension.Sequence>
                     <PrivateExtension.Sequence>
                        <extId><ObjectIdentifier>0.1.224.85.62.36.13.106.51.91.1.36</ObjectIdentifier></extId>
                        <extType>3350ea8b2bf1de5a1a</extType>
                     </PrivateExtension.Sequence>
                  </Collection>
               </privateExtensionList.C0.BoxedType>
               <pcs_Extensions.C1.Sequence>
                  
               </pcs_Extensions.C1.Sequence>
            </extensionContainer.C1.Sequence>
            <accessMode.C2>1c3ea4</accessMode.C2>
            <cmi.C3>63d5f2501f72a15b8c</cmi.C3>
         </userCSGInformation.C11.Sequence>
      </locationInformation.C52.Sequence>
      <ext_basicServiceCode.C53.Choice>
         <ext_BearerService.C2.BoxedType><Bytes>41a3efc1c0e34b61f01c</Bytes></ext_BearerService.C2.BoxedType>
         <ext_Teleservice.C3.BoxedType><Bytes>7ae2007762
               <field name="Code" value="122" type="EnumLong" length="1"/>
               <field name="Extension data" value="e2007762" type="Binary" length="4"/>
            </Bytes></ext_Teleservice.C3.BoxedType>
      </ext_basicServiceCode.C53.Choice>
      <callReferenceNumber.C54.BoxedType><Bytes>ce711430</Bytes></callReferenceNumber.C54.BoxedType>
      <mscAddress.C55.BoxedType><AddressString.BoxedType><Bytes>076185573730
               <field name="extension" value="extension:0" type="EnumLong" lengthBit="1"/>
               <field name="nature of address" value="unknown:0" type="EnumLong" lengthBit="3"/>
               <field name="numbering plan" value="spare:7" type="EnumLong" lengthBit="4"/>
               <field name="digits" value="1658757303" type="Number_BCD" length="10"/>
            </Bytes></AddressString.BoxedType></mscAddress.C55.BoxedType>
      <calledPartyBCDNumber.C56.BoxedType><Bytes>4956771cd4cbd9ba331b</Bytes></calledPartyBCDNumber.C56.BoxedType>
      <timeAndTimezone.C57.BoxedType><Bytes>0000003161626837
            <field name="value" value="0000001316268673" type="Number_BCD" length="8"/>
         </Bytes></timeAndTimezone.C57.BoxedType>
      <callForwardingSS_Pending.C58></callForwardingSS_Pending.C58>
      <initialDPArgExtension.C59.Sequence>
         <gmscAddress.C0.BoxedType><AddressString.BoxedType><Bytes>9173461335f4
                  <field name="extension" value="no extension:1" type="EnumLong" lengthBit="1"/>
                  <field name="nature of address" value="international number:1" type="EnumLong" lengthBit="3"/>
                  <field name="numbering plan" value="ISDN/Telephony Numbering Plan (Rec ITU-T E.164):1" type="EnumLong" lengthBit="4"/>
                  <field name="digits" value="376431534" type="Number_BCD" length="9"/>
               </Bytes></AddressString.BoxedType></gmscAddress.C0.BoxedType>
         <forwardingDestinationNumber.C1.BoxedType><Bytes>69d304069314f2
               <field name="Odd/even (O/E)" value="even number of address signals:0" type="EnumLong" lengthBit="1"/>
               <field name="Nature of address" value="spare:105" type="EnumLong" lengthBit="7"/>
               <field name="Internal Network Number (INN)" value="routing to internal number not allowed:1" type="EnumLong" lengthBit="1"/>
               <field name="Numbering plan" value="private numbering plan:5" type="EnumLong" lengthBit="3"/>
               <field name="spare" value="3" type="Integer" lengthBit="4"/>
               <field name="digits" value="406039412" type="Number_BCD" length="9"/>
            </Bytes></forwardingDestinationNumber.C1.BoxedType>
         <ms_Classmark2.C2.BoxedType><Bytes>afaee2
               <field name="spare1" value="1" type="Integer" lengthBit="1"/>
               <field name="Revision level" value="Used by GSM phase 2 mobile stations:1" type="EnumLong" lengthBit="2"/>
               <field name="ES IND" value="ES IND option is not implemented in the MS:0" type="EnumLong" lengthBit="1"/>
               <field name="A5/1 algorithm supported " value="not available (if A/Gb mode supported):1" type="EnumLong" lengthBit="1"/>
               <field name="RF Power Capability" value="irrelevant (UMTS or E-TRAN):7" type="EnumLong" lengthBit="3"/>
               <field name="spare2" value="1" type="Integer" lengthBit="1"/>
               <field name="PS capability" value="not present:0" type="EnumLong" lengthBit="1"/>
               <field name="SS Screening Indicator" value="for future use :2" type="EnumLong" lengthBit="2"/>
               <field name="SM capability" value="supports:1" type="EnumLong" lengthBit="1"/>
               <field name="VBS notification reception" value="notification wanted (if A/Gb mode supported):1" type="EnumLong" lengthBit="1"/>
               <field name="VGCS notification reception" value="notification wanted (if A/Gb mode supported):1" type="EnumLong" lengthBit="1"/>
               <field name="FC Frequency Capability" value="does not support the E-GSM or R-GSM band:0" type="EnumLong" lengthBit="1"/>
               <field name="CM3" value="supports:1" type="EnumLong" lengthBit="1"/>
               <field name="spare3" value="1" type="Integer" lengthBit="1"/>
               <field name="LCS VA capability" value="request notification supported:1" type="EnumLong" lengthBit="1"/>
               <field name="UCS2 treatment" value="a preference for the default alphabet:0" type="EnumLong" lengthBit="1"/>
               <field name="SoLSA" value="does not support:0" type="EnumLong" lengthBit="1"/>
               <field name="CM Service Prompt (CMSP)" value="not supported:0" type="EnumLong" lengthBit="1"/>
               <field name="A5/3 algorithm supported" value="available (if A/Gb mode supported):1" type="EnumLong" lengthBit="1"/>
               <field name="A5/2 algorithm supported" value="not available:0" type="EnumLong" lengthBit="1"/>
            </Bytes></ms_Classmark2.C2.BoxedType>
         <iMEI.C3.BoxedType><TBCD_STRING.BoxedType><Bytes>8175497570
                  <field name="digits" value="1857945707" type="Number_BCD" length="10"/>
               </Bytes></TBCD_STRING.BoxedType></iMEI.C3.BoxedType>
         <supportedCamelPhases.C4.BoxedType><BitString><BitString value="3161cd1cb5134d31ee9d52626fa3fa94513117" trailing="0"/></BitString></supportedCamelPhases.C4.BoxedType>
         <offeredCamel4Functionalities.C5.BoxedType><BitString><BitString value="2085b04213e6d34aa6" trailing="0"/></BitString></offeredCamel4Functionalities.C5.BoxedType>
         <bearerCapability2.C6.Choice><bearerCap.C0>afe787
               <field name="ext1" value="last octet:1" type="EnumLong" lengthBit="1"/>
               <field name="Coding standard" value="ISO/IEC Standard (Note 1):1" type="EnumLong" lengthBit="2"/>
               <field name="Information transfer capability" value="reserved:15" type="EnumLong" lengthBit="5"/>
               <field name="ext2" value="last octet:1" type="EnumLong" lengthBit="1"/>
               <field name="Transfer mode" value="reserved:3" type="EnumLong" lengthBit="2"/>
               <field name="Information transfer rate" value="reserved:7" type="EnumLong" lengthBit="5"/>
               <field name="ext3" value="last octet:1" type="EnumLong" lengthBit="1"/>
               <field name="Layer identifier" value="not applicable:0" type="EnumLong" lengthBit="2"/>
               <field name="User information layer 1 protocol" value="Non-ITU-T standardized rate adaption:7" type="EnumLong" lengthBit="5"/>
            </bearerCap.C0></bearerCapability2.C6.Choice>
         <ext_basicServiceCode2.C7.Choice>
            <ext_BearerService.C2.BoxedType><Bytes>281686</Bytes></ext_BearerService.C2.BoxedType>
            <ext_Teleservice.C3.BoxedType><Bytes>f3a4acbcc1
                  <field name="Code" value="243" type="EnumLong" length="1"/>
                  <field name="Extension data" value="a4acbcc1" type="Binary" length="4"/>
               </Bytes></ext_Teleservice.C3.BoxedType>
         </ext_basicServiceCode2.C7.Choice>
         <highLayerCompatibility2.C8.BoxedType><Bytes>f5748965ed4afb7657</Bytes></highLayerCompatibility2.C8.BoxedType>
         <lowLayerCompatibility.C9.BoxedType><Bytes>89</Bytes></lowLayerCompatibility.C9.BoxedType>
         <lowLayerCompatibility2.C10.BoxedType><Bytes>9bab661bc6b3</Bytes></lowLayerCompatibility2.C10.BoxedType>
         <enhancedDialledServicesAllowed.C11></enhancedDialledServicesAllowed.C11>
         <uu_Data.C12.Sequence>
            <uuIndicator.C0.BoxedType><Bytes>46b1</Bytes></uuIndicator.C0.BoxedType>
            <uui.C1.BoxedType><Bytes>82367e</Bytes></uui.C1.BoxedType>
            <uusCFInteraction.C2></uusCFInteraction.C2>
            <extensionContainer.C3.Sequence>
               <privateExtensionList.C0.BoxedType>
                  <Collection>
                     <PrivateExtension.Sequence>
                        <extId><ObjectIdentifier>0.1.218.44.12.69.60.113.44.128.51</ObjectIdentifier></extId>
                        <extType>79bdb884e85494e210</extType>
                     </PrivateExtension.Sequence>
                     <PrivateExtension.Sequence>
                        <extId><ObjectIdentifier>0.1.223.82.91.78.32.120.86</ObjectIdentifier></extId>
                        <extType>4d41579ce63150</extType>
                     </PrivateExtension.Sequence>
                     <PrivateExtension.Sequence>
                        <extId><ObjectIdentifier>0.1.2123.125.94</ObjectIdentifier></extId>
                        <extType>078b0be1c269</extType>
                     </PrivateExtension.Sequence>
                  </Collection>
               </privateExtensionList.C0.BoxedType>
               <pcs_Extensions.C1.Sequence>
                  
               </pcs_Extensions.C1.Sequence>
            </extensionContainer.C3.Sequence>
         </uu_Data.C12.Sequence>
         <collectInformationAllowed.C13></collectInformationAllowed.C13>
         <releaseCallArgExtensionAllowed.C14></releaseCallArgExtensionAllowed.C14>
      </initialDPArgExtension.C59.Sequence>
   </InitialDPArg.Sequence>
</ASN>