<?xml version="1.0" encoding="ISO-8859-15"?>

<ASN layer="CAP">
   <InitialDPSMSArg.Sequence>
      <serviceKey.C0.BoxedType><Integer>1</Integer></serviceKey.C0.BoxedType>
      <destinationSubscriberNumber.C1.BoxedType><Bytes>3b</Bytes></destinationSubscriberNumber.C1.BoxedType>
      <callingPartyNumber.C2.BoxedType><AddressString.BoxedType><Bytes>b01264050172
               <field name="extension" value="no extension:1" type="EnumLong" lengthBit="1"/>
               <field name="nature of address" value="network specific number:3" type="EnumLong" lengthBit="3"/>
               <field name="numbering plan" value="unknown:0" type="EnumLong" lengthBit="4"/>
               <field name="digits" value="2146501027" type="Number_BCD" length="10"/>
            </Bytes></AddressString.BoxedType></callingPartyNumber.C2.BoxedType>
      <eventTypeSMS.C3.Enum>
         <EnumType>sms_CollectedInfo.1</EnumType>
      </eventTypeSMS.C3.Enum>
      <iMSI.C4.BoxedType><TBCD_STRING.BoxedType><Bytes>03897825f2
               <field name="digits" value="309887522" type="Number_BCD" length="9"/>
            </Bytes></TBCD_STRING.BoxedType></iMSI.C4.BoxedType>
      <locationInformationMSC.C5.Sequence>
         <ageOfLocationInformation.BoxedType><Integer>[1-32766] minuts:1</Integer></ageOfLocationInformation.BoxedType>
         <geographicalInformation.C0.BoxedType><Bytes>cc33f4730c69e632
               <field name="TypeOfShape" value="Reserved for future use:12" type="EnumLong" lengthBit="4"/>
               <field name="spare" value="12" type="Integer" lengthBit="4"/>
               <field name="DegreesOfLatitude" value="3404915" type="Integer" length="3"/>
               <field name="DegreesOfLongitude" value="813542" type="Integer" length="3"/>
               <field name="UncertaintyCode" value="50" type="Integer" length="1"/>
            </Bytes></geographicalInformation.C0.BoxedType>
         <vlr_number.C1.BoxedType><AddressString.BoxedType><Bytes>1882761753f5
                  <field name="extension" value="extension:0" type="EnumLong" lengthBit="1"/>
                  <field name="nature of address" value="international number:1" type="EnumLong" lengthBit="3"/>
                  <field name="numbering plan" value="national numbering plan:8" type="EnumLong" lengthBit="4"/>
                  <field name="digits" value="286771355" type="Number_BCD" length="9"/>
               </Bytes></AddressString.BoxedType></vlr_number.C1.BoxedType>
         <locationNumber.C2.BoxedType><Bytes>b43c95787126f8
               <field name="Odd/even (O/E)" value="odd number of address signals:1" type="EnumLong" lengthBit="1"/>
               <field name="Nature of address" value="spare:52" type="EnumLong" lengthBit="7"/>
               <field name="Internal Network Number (INN)" value="routing to internal number allowed:0" type="EnumLong" lengthBit="1"/>
               <field name="Numbering plan" value="Data numbering plan (ITU-T Recommendation X.121):3" type="EnumLong" lengthBit="3"/>
               <field name="Address presentation restricted" value="spare:3" type="EnumLong" lengthBit="2"/>
               <field name="Screening" value="reserved:0" type="EnumLong" lengthBit="2"/>
               <field name="digits" value="598717628" type="Number_BCD" length="9"/>
            </Bytes></locationNumber.C2.BoxedType>
         <cellGlobalIdOrServiceAreaIdOrLAI.C3.Choice>
            <cellGlobalIdOrServiceAreaIdFixedLength.C0.BoxedType><Bytes>02f3213263efa5
                  <field name="MMC" value="203,12" type="NumberMMC" length="3"/>
                  <field name="LAC" value="12899" type="Integer" length="2"/>
                  <field name="CI_SAC" value="61349" type="Integer" length="2"/>
               </Bytes></cellGlobalIdOrServiceAreaIdFixedLength.C0.BoxedType>
            <laiFixedLength.C1.BoxedType><Bytes>818251a19f
                  <field name="MMC" value="182,158" type="NumberMMC" length="3"/>
                  <field name="LAC" value="41375" type="Integer" length="2"/>
               </Bytes></laiFixedLength.C1.BoxedType>
         </cellGlobalIdOrServiceAreaIdOrLAI.C3.Choice>
         <extensionContainer.C4.Sequence>
            <privateExtensionList.C0.BoxedType>
               <Collection>
                  <PrivateExtension.Sequence>
                     <extId><ObjectIdentifier>0.1.237.65.115.83.29.45.92</ObjectIdentifier></extId>
                     <extType>085c</extType>
                  </PrivateExtension.Sequence>
                  <PrivateExtension.Sequence>
                     <extId><ObjectIdentifier>0.1.279.84.69.54.115.114.51.12</ObjectIdentifier></extId>
                     <extType>830166ac1d4ba0d6</extType>
                  </PrivateExtension.Sequence>
                  <PrivateExtension.Sequence>
                     <extId><ObjectIdentifier>0.1.214.127.120.82.21.42.72.88.117</ObjectIdentifier></extId>
                     <extType>6114efa2c6ee928892</extType>
                  </PrivateExtension.Sequence>
               </Collection>
            </privateExtensionList.C0.BoxedType>
            <pcs_Extensions.C1.Sequence>
               
            </pcs_Extensions.C1.Sequence>
         </extensionContainer.C4.Sequence>
         <selectedLSA_Id.C5.BoxedType><Bytes>12cd0b
               <field name="LSA type" value="PLMN significant number:0" type="EnumLong" lengthBit="1"/>
               <field name="Identifier" value="1232139" type="Integer" lengthBit="23"/>
            </Bytes></selectedLSA_Id.C5.BoxedType>
         <msc_Number.C6.BoxedType><AddressString.BoxedType><Bytes>af0124107846
                  <field name="extension" value="no extension:1" type="EnumLong" lengthBit="1"/>
                  <field name="nature of address" value="national significant number:2" type="EnumLong" lengthBit="3"/>
                  <field name="numbering plan" value="reserved for extension:15" type="EnumLong" lengthBit="4"/>
                  <field name="digits" value="1042018764" type="Number_BCD" length="10"/>
               </Bytes></AddressString.BoxedType></msc_Number.C6.BoxedType>
         <geodeticInformation.C7.BoxedType><Bytes>ee2314e5b8cee81d5abe
               <field name="spare" value="14" type="Integer" lengthBit="4"/>
               <field name="LPRI" value="spare:3" type="EnumLong" lengthBit="2"/>
               <field name="screnning" value="user provided, verified and failed:2" type="EnumLong" lengthBit="2"/>
               <field name="ext" value="0" type="Integer" lengthBit="1"/>
               <field name="TypeOfShape" value="spare:35" type="EnumLong" lengthBit="7"/>
               <field name="DegreesOfLatitude" value="1369528" type="Integer" length="3"/>
               <field name="DegreesOfLongitude" value="13559837" type="Integer" length="3"/>
               <field name="UncertaintyCode" value="90" type="Integer" length="1"/>
               <field name="Confidence" value="190" type="Integer" length="1"/>
            </Bytes></geodeticInformation.C7.BoxedType>
         <currentLocationRetrieved.C8></currentLocationRetrieved.C8>
         <sai_Present.C9></sai_Present.C9>
         <locationInformationEPS.C10.Sequence>
            <e_utranCellGlobalIdentity.C0.BoxedType><Bytes>cd5b</Bytes></e_utranCellGlobalIdentity.C0.BoxedType>
            <trackingAreaIdentity.C1.BoxedType><Bytes>fddb5f32c2</Bytes></trackingAreaIdentity.C1.BoxedType>
            <extensionContainer.C2.Sequence>
               <privateExtensionList.C0.BoxedType>
                  <Collection>
                     <PrivateExtension.Sequence>
                        <extId><ObjectIdentifier>0.1.265.23.100.78.71.28.106.21</ObjectIdentifier></extId>
                        <extType>c20127</extType>
                     </PrivateExtension.Sequence>
                     <PrivateExtension.Sequence>
                        <extId><ObjectIdentifier>0.1.264.10.45.114.6.24.122</ObjectIdentifier></extId>
                        <extType>b153cf</extType>
                     </PrivateExtension.Sequence>
                     <PrivateExtension.Sequence>
                        <extId><ObjectIdentifier>0.1.2</ObjectIdentifier></extId>
                        <extType>7991</extType>
                     </PrivateExtension.Sequence>
                  </Collection>
               </privateExtensionList.C0.BoxedType>
               <pcs_Extensions.C1.Sequence>
                  
               </pcs_Extensions.C1.Sequence>
            </extensionContainer.C2.Sequence>
            <geographicalInformation.C3.BoxedType><Bytes>f99f96d051bc6d1e
                  <field name="TypeOfShape" value="Reserved for future use:15" type="EnumLong" lengthBit="4"/>
                  <field name="spare" value="9" type="Integer" lengthBit="4"/>
                  <field name="DegreesOfLatitude" value="10458832" type="Integer" length="3"/>
                  <field name="DegreesOfLongitude" value="5356653" type="Integer" length="3"/>
                  <field name="UncertaintyCode" value="30" type="Integer" length="1"/>
               </Bytes></geographicalInformation.C3.BoxedType>
            <geodeticInformation.C4.BoxedType><Bytes>ba759137a18f6bb63f0f
                  <field name="spare" value="11" type="Integer" lengthBit="4"/>
                  <field name="LPRI" value="location not available (Note):2" type="EnumLong" lengthBit="2"/>
                  <field name="screnning" value="user provided, verified and failed:2" type="EnumLong" lengthBit="2"/>
                  <field name="ext" value="0" type="Integer" lengthBit="1"/>
                  <field name="TypeOfShape" value="reserved for national use:117" type="EnumLong" lengthBit="7"/>
                  <field name="DegreesOfLatitude" value="9516961" type="Integer" length="3"/>
                  <field name="DegreesOfLongitude" value="9399222" type="Integer" length="3"/>
                  <field name="UncertaintyCode" value="63" type="Integer" length="1"/>
                  <field name="Confidence" value="15" type="Integer" length="1"/>
               </Bytes></geodeticInformation.C4.BoxedType>
            <currentLocationRetrieved.C5></currentLocationRetrieved.C5>
            <ageOfLocationInformation.C6.BoxedType><Integer>[1-32766] minuts:1</Integer></ageOfLocationInformation.C6.BoxedType>
            <mme_Name.C7.BoxedType><Bytes>7a191402</Bytes></mme_Name.C7.BoxedType>
         </locationInformationEPS.C10.Sequence>
         <userCSGInformation.C11.Sequence>
            <csg_Id.C0.BoxedType><BitString><BitString value="8dd814493ccf50ab750e00d28a17b9b60150550f" trailing="0"/></BitString></csg_Id.C0.BoxedType>
            <extensionContainer.C1.Sequence>
               <privateExtensionList.C0.BoxedType>
                  <Collection>
                     <PrivateExtension.Sequence>
                        <extId><ObjectIdentifier>0.1.278.124.10.46.15.7.100.46.9</ObjectIdentifier></extId>
                        <extType>6e2583900b608801</extType>
                     </PrivateExtension.Sequence>
                     <PrivateExtension.Sequence>
                        <extId><ObjectIdentifier>0.1.268.73.88.94.51.25.5.102.86</ObjectIdentifier></extId>
                        <extType>39d79d2ecc</extType>
                     </PrivateExtension.Sequence>
                     <PrivateExtension.Sequence>
                        <extId><ObjectIdentifier>0.1.2106.128.68</ObjectIdentifier></extId>
                        <extType>737633153587bcf0</extType>
                     </PrivateExtension.Sequence>
                  </Collection>
               </privateExtensionList.C0.BoxedType>
               <pcs_Extensions.C1.Sequence>
                  
               </pcs_Extensions.C1.Sequence>
            </extensionContainer.C1.Sequence>
            <accessMode.C2>5178eafca1</accessMode.C2>
            <cmi.C3>58a823b878</cmi.C3>
         </userCSGInformation.C11.Sequence>
      </locationInformationMSC.C5.Sequence>
      <locationInformationGPRS.C6.Sequence>
         <cellGlobalIdOrServiceAreaIdOrLAI.C0.Choice>
            <cellGlobalIdOrServiceAreaIdFixedLength.C0.BoxedType><Bytes>125622fde71e52
                  <field name="MMC" value="216,225" type="NumberMMC" length="3"/>
                  <field name="LAC" value="64999" type="Integer" length="2"/>
                  <field name="CI_SAC" value="7762" type="Integer" length="2"/>
               </Bytes></cellGlobalIdOrServiceAreaIdFixedLength.C0.BoxedType>
            <laiFixedLength.C1.BoxedType><Bytes>8138918bc4
                  <field name="MMC" value="188,193" type="NumberMMC" length="3"/>
                  <field name="LAC" value="35780" type="Integer" length="2"/>
               </Bytes></laiFixedLength.C1.BoxedType>
         </cellGlobalIdOrServiceAreaIdOrLAI.C0.Choice>
         <routeingAreaIdentity.C1.BoxedType><Bytes>21f6242742f3
               <field name="MMC" value="126,42" type="NumberMMC" length="3"/>
               <field name="LAC" value="10050" type="Integer" length="2"/>
               <field name="RAC" value="243" type="Integer" length="1"/>
            </Bytes></routeingAreaIdentity.C1.BoxedType>
         <geographicalInformation.C2.BoxedType><Bytes>d010faf1160d7162
               <field name="TypeOfShape" value="Reserved for future use:13" type="EnumLong" lengthBit="4"/>
               <field name="spare" value="0" type="Integer" lengthBit="4"/>
               <field name="DegreesOfLatitude" value="1112817" type="Integer" length="3"/>
               <field name="DegreesOfLongitude" value="1445233" type="Integer" length="3"/>
               <field name="UncertaintyCode" value="98" type="Integer" length="1"/>
            </Bytes></geographicalInformation.C2.BoxedType>
         <sgsn_Number.C3.BoxedType><AddressString.BoxedType><Bytes>344181943423
                  <field name="extension" value="extension:0" type="EnumLong" lengthBit="1"/>
                  <field name="nature of address" value="network specific number:3" type="EnumLong" lengthBit="3"/>
                  <field name="numbering plan" value="telex numbering plan (ITU-T Rec F.69):4" type="EnumLong" lengthBit="4"/>
                  <field name="digits" value="1418494332" type="Number_BCD" length="10"/>
               </Bytes></AddressString.BoxedType></sgsn_Number.C3.BoxedType>
         <selectedLSAIdentity.C4.BoxedType><Bytes>6c0395
               <field name="LSA type" value="PLMN significant number:0" type="EnumLong" lengthBit="1"/>
               <field name="Identifier" value="7078805" type="Integer" lengthBit="23"/>
            </Bytes></selectedLSAIdentity.C4.BoxedType>
         <extensionContainer.C5.Sequence>
            <privateExtensionList.C0.BoxedType>
               <Collection>
                  <PrivateExtension.Sequence>
                     <extId><ObjectIdentifier>0.1.2110.110.23.24.128.108</ObjectIdentifier></extId>
                     <extType>bb48ed8c5687</extType>
                  </PrivateExtension.Sequence>
                  <PrivateExtension.Sequence>
                     <extId><ObjectIdentifier>0.1.299.41.125.55</ObjectIdentifier></extId>
                     <extType>4c7134e89d45e8</extType>
                  </PrivateExtension.Sequence>
                  <PrivateExtension.Sequence>
                     <extId><ObjectIdentifier>0.1.294.33.16.111.17.14.5</ObjectIdentifier></extId>
                     <extType>d1dae85cfe</extType>
                  </PrivateExtension.Sequence>
               </Collection>
            </privateExtensionList.C0.BoxedType>
            <pcs_Extensions.C1.Sequence>
               
            </pcs_Extensions.C1.Sequence>
         </extensionContainer.C5.Sequence>
         <sai_Present.C6></sai_Present.C6>
         <geodeticInformation.C7.BoxedType><Bytes>d3333f4f3d5d9475db8e
               <field name="spare" value="13" type="Integer" lengthBit="4"/>
               <field name="LPRI" value="presentation allowed:0" type="EnumLong" lengthBit="2"/>
               <field name="screnning" value="network provided:3" type="EnumLong" lengthBit="2"/>
               <field name="ext" value="0" type="Integer" lengthBit="1"/>
               <field name="TypeOfShape" value="spare:51" type="EnumLong" lengthBit="7"/>
               <field name="DegreesOfLatitude" value="4149053" type="Integer" length="3"/>
               <field name="DegreesOfLongitude" value="6132853" type="Integer" length="3"/>
               <field name="UncertaintyCode" value="219" type="Integer" length="1"/>
               <field name="Confidence" value="142" type="Integer" length="1"/>
            </Bytes></geodeticInformation.C7.BoxedType>
         <currentLocationRetrieved.C8></currentLocationRetrieved.C8>
         <ageOfLocationInformation.C9.BoxedType><Integer>[1-32766] minuts:1</Integer></ageOfLocationInformation.C9.BoxedType>
         <userCSGInformation.C10.Sequence>
            <csg_Id.C0.BoxedType><BitString><BitString value="fc28f4bb3677925e0f889a5f6cebd09f57ce" trailing="0"/></BitString></csg_Id.C0.BoxedType>
            <extensionContainer.C1.Sequence>
               <privateExtensionList.C0.BoxedType>
                  <Collection>
                     <PrivateExtension.Sequence>
                        <extId><ObjectIdentifier>0.1.2</ObjectIdentifier></extId>
                        <extType>960db4c6209d1e14e3</extType>
                     </PrivateExtension.Sequence>
                     <PrivateExtension.Sequence>
                        <extId><ObjectIdentifier>0.1.266.26.115</ObjectIdentifier></extId>
                        <extType>d6a31f25d6a4ae0461ca</extType>
                     </PrivateExtension.Sequence>
                     <PrivateExtension.Sequence>
                        <extId><ObjectIdentifier>0.1.2109</ObjectIdentifier></extId>
                        <extType>7e24ed729abbe899</extType>
                     </PrivateExtension.Sequence>
                  </Collection>
               </privateExtensionList.C0.BoxedType>
               <pcs_Extensions.C1.Sequence>
                  
               </pcs_Extensions.C1.Sequence>
            </extensionContainer.C1.Sequence>
            <accessMode.C2>5eb3661ee43601</accessMode.C2>
            <cmi.C3>e7f8c84caa06</cmi.C3>
         </userCSGInformation.C10.Sequence>
      </locationInformationGPRS.C6.Sequence>
      <sMSCAddress.C7.BoxedType><AddressString.BoxedType><Bytes>6f16466819f6
               <field name="extension" value="extension:0" type="EnumLong" lengthBit="1"/>
               <field name="nature of address" value="abbreviated number:6" type="EnumLong" lengthBit="3"/>
               <field name="numbering plan" value="reserved for extension:15" type="EnumLong" lengthBit="4"/>
               <field name="digits" value="616486916" type="Number_BCD" length="9"/>
            </Bytes></AddressString.BoxedType></sMSCAddress.C7.BoxedType>
      <timeAndTimezone.C8.BoxedType><Bytes>0000001184833124
            <field name="value" value="0000001148381342" type="Number_BCD" length="8"/>
         </Bytes></timeAndTimezone.C8.BoxedType>
      <tPShortMessageSpecificInfo.C9.BoxedType><Bytes>ec245065</Bytes></tPShortMessageSpecificInfo.C9.BoxedType>
      <tPProtocolIdentifier.C10.BoxedType><Bytes>01feaaee80</Bytes></tPProtocolIdentifier.C10.BoxedType>
      <tPDataCodingScheme.C11.BoxedType><Bytes>ac5b</Bytes></tPDataCodingScheme.C11.BoxedType>
      <tPValidityPeriod.C12.BoxedType><Bytes>8cacb9ce69c3</Bytes></tPValidityPeriod.C12.BoxedType>
      <extensions.C13.BoxedType>
         <Collection>
            <ExtensionField.Sequence>
               <type.Choice>
                  <local>1676553553</local>
                  <global><ObjectIdentifier>0.1.267.72.32.17.42.40</ObjectIdentifier></global>
               </type.Choice>
               <criticality.nulld.Enum>
                  <EnumType>abort.1</EnumType>
               </criticality.nulld.Enum>
               <NullObject.C1></NullObject.C1>
            </ExtensionField.Sequence>
            <ExtensionField.Sequence>
               <type.Choice>
                  <local>1446090140</local>
                  <global><ObjectIdentifier>0.1.2</ObjectIdentifier></global>
               </type.Choice>
               <criticality.nulld.Enum>
                  <EnumType>ignore.0</EnumType>
               </criticality.nulld.Enum>
               <NullObject.C1></NullObject.C1>
            </ExtensionField.Sequence>
            <ExtensionField.Sequence>
               <type.Choice>
                  <local>3328703263</local>
                  <global><ObjectIdentifier>0.1.269.68.89.29</ObjectIdentifier></global>
               </type.Choice>
               <criticality.nulld.Enum>
                  <EnumType>abort.1</EnumType>
               </criticality.nulld.Enum>
               <NullObject.C1></NullObject.C1>
            </ExtensionField.Sequence>
         </Collection>
      </extensions.C13.BoxedType>
      <smsReferenceNumber.C14.BoxedType><Bytes>8c37d82e0a2f2bfa</Bytes></smsReferenceNumber.C14.BoxedType>
      <mscAddress.C15.BoxedType><AddressString.BoxedType><Bytes>6119411981f9
               <field name="extension" value="extension:0" type="EnumLong" lengthBit="1"/>
               <field name="nature of address" value="abbreviated number:6" type="EnumLong" lengthBit="3"/>
               <field name="numbering plan" value="ISDN/Telephony Numbering Plan (Rec ITU-T E.164):1" type="EnumLong" lengthBit="4"/>
               <field name="digits" value="911491189" type="Number_BCD" length="9"/>
            </Bytes></AddressString.BoxedType></mscAddress.C15.BoxedType>
      <sgsn_Number.C16.BoxedType><AddressString.BoxedType><Bytes>202143677899
               <field name="extension" value="extension:0" type="EnumLong" lengthBit="1"/>
               <field name="nature of address" value="national significant number:2" type="EnumLong" lengthBit="3"/>
               <field name="numbering plan" value="unknown:0" type="EnumLong" lengthBit="4"/>
               <field name="digits" value="1234768799" type="Number_BCD" length="10"/>
            </Bytes></AddressString.BoxedType></sgsn_Number.C16.BoxedType>
      <ms_Classmark2.C17.BoxedType><Bytes>836732
            <field name="spare1" value="1" type="Integer" lengthBit="1"/>
            <field name="Revision level" value="Reserved for GSM phase 1:0" type="EnumLong" lengthBit="2"/>
            <field name="ES IND" value="ES IND option is not implemented in the MS:0" type="EnumLong" lengthBit="1"/>
            <field name="A5/1 algorithm supported " value="available:0" type="EnumLong" lengthBit="1"/>
            <field name="RF Power Capability" value="class 3 (GSM):3" type="EnumLong" lengthBit="3"/>
            <field name="spare2" value="0" type="Integer" lengthBit="1"/>
            <field name="PS capability" value="present (if A/Gb mode supported):1" type="EnumLong" lengthBit="1"/>
            <field name="SS Screening Indicator" value="for future use :2" type="EnumLong" lengthBit="2"/>
            <field name="SM capability" value="does not support:0" type="EnumLong" lengthBit="1"/>
            <field name="VBS notification reception" value="notification wanted (if A/Gb mode supported):1" type="EnumLong" lengthBit="1"/>
            <field name="VGCS notification reception" value="notification wanted (if A/Gb mode supported):1" type="EnumLong" lengthBit="1"/>
            <field name="FC Frequency Capability" value="support the E-GSM or R-GSM band (GSM900 only):1" type="EnumLong" lengthBit="1"/>
            <field name="CM3" value="does not support:0" type="EnumLong" lengthBit="1"/>
            <field name="spare3" value="0" type="Integer" lengthBit="1"/>
            <field name="LCS VA capability" value="request notification supported:1" type="EnumLong" lengthBit="1"/>
            <field name="UCS2 treatment" value="no preference for the default alphabet :1" type="EnumLong" lengthBit="1"/>
            <field name="SoLSA" value="does not support:0" type="EnumLong" lengthBit="1"/>
            <field name="CM Service Prompt (CMSP)" value="not supported:0" type="EnumLong" lengthBit="1"/>
            <field name="A5/3 algorithm supported" value="available (if A/Gb mode supported):1" type="EnumLong" lengthBit="1"/>
            <field name="A5/2 algorithm supported" value="not available:0" type="EnumLong" lengthBit="1"/>
         </Bytes></ms_Classmark2.C17.BoxedType>
      <gPRSMSClass.C18.Sequence>
         <mSNetworkCapability.C0.BoxedType><Bytes>2d67e8e0e629a255
               <field name="value" value="2d67e8e0e629a255" type="Binary" length="8"/>
            </Bytes></mSNetworkCapability.C0.BoxedType>
         <mSRadioAccessCapability.C1.BoxedType><Bytes>02431f82
               <field name="value" value="02431f82" type="Binary" length="4"/>
            </Bytes></mSRadioAccessCapability.C1.BoxedType>
      </gPRSMSClass.C18.Sequence>
      <iMEI.C19.BoxedType><TBCD_STRING.BoxedType><Bytes>4194378626
               <field name="digits" value="1449736862" type="Number_BCD" length="10"/>
            </Bytes></TBCD_STRING.BoxedType></iMEI.C19.BoxedType>
      <calledPartyNumber.C20.BoxedType><AddressString.BoxedType><Bytes>f309685376f3
               <field name="extension" value="no extension:1" type="EnumLong" lengthBit="1"/>
               <field name="nature of address" value="reserved for extension:7" type="EnumLong" lengthBit="3"/>
               <field name="numbering plan" value="data numbering plan (ITU-T Rec X.121):3" type="EnumLong" lengthBit="4"/>
               <field name="digits" value="908635673" type="Number_BCD" length="9"/>
            </Bytes></AddressString.BoxedType></calledPartyNumber.C20.BoxedType>
   </InitialDPSMSArg.Sequence>
</ASN>