<?xml version="1.0" encoding="ISO-8859-15"?>

<ASN layer="CAP">
   <InitiateCallAttemptArg.Sequence>
      <destinationRoutingAddress.C0.BoxedType>
         <Collection>
            <CalledPartyNumber.BoxedType><Bytes>c8916171397015
                  <field name="Odd/even (O/E)" value="odd number of address signals:1" type="EnumLong" lengthBit="1"/>
                  <field name="Nature of address" value="spare:72" type="EnumLong" lengthBit="7"/>
                  <field name="Internal Network Number (INN)" value="routing to internal number not allowed:1" type="EnumLong" lengthBit="1"/>
                  <field name="Numbering plan" value="ISDN/Telephony Numbering Plan (Rec ITU-T E.164):1" type="EnumLong" lengthBit="3"/>
                  <field name="spare" value="1" type="Integer" lengthBit="4"/>
                  <field name="digits" value="1617930751" type="Number_BCD" length="10"/>
               </Bytes></CalledPartyNumber.BoxedType>
            <CalledPartyNumber.BoxedType><Bytes>fd978116254235
                  <field name="Odd/even (O/E)" value="odd number of address signals:1" type="EnumLong" lengthBit="1"/>
                  <field name="Nature of address" value="reserved for national use:125" type="EnumLong" lengthBit="7"/>
                  <field name="Internal Network Number (INN)" value="routing to internal number not allowed:1" type="EnumLong" lengthBit="1"/>
                  <field name="Numbering plan" value="ISDN/Telephony Numbering Plan (Rec ITU-T E.164):1" type="EnumLong" lengthBit="3"/>
                  <field name="spare" value="7" type="Integer" lengthBit="4"/>
                  <field name="digits" value="1861522453" type="Number_BCD" length="10"/>
               </Bytes></CalledPartyNumber.BoxedType>
            <CalledPartyNumber.BoxedType><Bytes>b91446250953f4
                  <field name="Odd/even (O/E)" value="odd number of address signals:1" type="EnumLong" lengthBit="1"/>
                  <field name="Nature of address" value="spare:57" type="EnumLong" lengthBit="7"/>
                  <field name="Internal Network Number (INN)" value="routing to internal number allowed:0" type="EnumLong" lengthBit="1"/>
                  <field name="Numbering plan" value="ISDN/Telephony Numbering Plan (Rec ITU-T E.164):1" type="EnumLong" lengthBit="3"/>
                  <field name="spare" value="4" type="Integer" lengthBit="4"/>
                  <field name="digits" value="645290354" type="Number_BCD" length="9"/>
               </Bytes></CalledPartyNumber.BoxedType>
         </Collection>
      </destinationRoutingAddress.C0.BoxedType>
      <extensions.C4.BoxedType>
         <Collection>
            <ExtensionField.Sequence>
               <type.Choice>
                  <local>2217397574</local>
                  <global><ObjectIdentifier>0.1.279.95.99</ObjectIdentifier></global>
               </type.Choice>
               <criticality.nulld.Enum>
                  <EnumType>ignore.0</EnumType>
               </criticality.nulld.Enum>
               <NullObject.C1></NullObject.C1>
            </ExtensionField.Sequence>
            <ExtensionField.Sequence>
               <type.Choice>
                  <local>3217171972</local>
                  <global><ObjectIdentifier>0.1.216.127.101</ObjectIdentifier></global>
               </type.Choice>
               <criticality.nulld.Enum>
                  <EnumType>abort.1</EnumType>
               </criticality.nulld.Enum>
               <NullObject.C1></NullObject.C1>
            </ExtensionField.Sequence>
            <ExtensionField.Sequence>
               <type.Choice>
                  <local>3888673150</local>
                  <global><ObjectIdentifier>0.1.296.50.17.11.54.2.98.82.6.91</ObjectIdentifier></global>
               </type.Choice>
               <criticality.nulld.Enum>
                  <EnumType>abort.1</EnumType>
               </criticality.nulld.Enum>
               <NullObject.C1></NullObject.C1>
            </ExtensionField.Sequence>
         </Collection>
      </extensions.C4.BoxedType>
      <legToBeCreated.C5.Choice>
         <sendingSideID.C0.BoxedType><Bytes>02
               <field name="LegType" value="leg2 LegType:2" type="EnumLong" length="1"/>
            </Bytes></sendingSideID.C0.BoxedType>
         <receivingSideID.C1.BoxedType><Bytes>2b
               <field name="LegType" value="43" type="EnumLong" length="1"/>
            </Bytes></receivingSideID.C1.BoxedType>
      </legToBeCreated.C5.Choice>
      <newCallSegment.C6.BoxedType><Integer>0</Integer></newCallSegment.C6.BoxedType>
      <callingPartyNumber.C30.BoxedType><Bytes>beda07035832f1
            <field name="Odd/even (O/E)" value="odd number of address signals:1" type="EnumLong" lengthBit="1"/>
            <field name="Nature of address" value="spare:62" type="EnumLong" lengthBit="7"/>
            <field name="Number Incomplete (NI)" value="incomplete:1" type="EnumLong" lengthBit="1"/>
            <field name="Numbering plan" value="private numbering plan:5" type="EnumLong" lengthBit="3"/>
            <field name="Address presentation restricted" value="address not available (national use):2" type="EnumLong" lengthBit="2"/>
            <field name="Screening" value="reserved:2" type="EnumLong" lengthBit="2"/>
            <field name="digits" value="703085231" type="Number_BCD" length="9"/>
         </Bytes></callingPartyNumber.C30.BoxedType>
      <callReferenceNumber.C51.BoxedType><Bytes>e8b27514</Bytes></callReferenceNumber.C51.BoxedType>
      <gsmSCFAddress.C52.BoxedType><AddressString.BoxedType><Bytes>d969192356f0
               <field name="extension" value="no extension:1" type="EnumLong" lengthBit="1"/>
               <field name="nature of address" value="reserved:5" type="EnumLong" lengthBit="3"/>
               <field name="numbering plan" value="private numbering plan:9" type="EnumLong" lengthBit="4"/>
               <field name="digits" value="969132650" type="Number_BCD" length="9"/>
            </Bytes></AddressString.BoxedType></gsmSCFAddress.C52.BoxedType>
      <suppress_T_CSI.C53></suppress_T_CSI.C53>
   </InitiateCallAttemptArg.Sequence>
</ASN>