<?xml version="1.0" encoding="ISO-8859-15"?>

<ASN layer="CAP">
   <InitiateCallAttemptRes.Sequence>
      <supportedCamelPhases.C0.BoxedType><BitString><BitString value="4331d47c709882c88dbcf0cad4f327e8042b" trailing="0"/></BitString></supportedCamelPhases.C0.BoxedType>
      <offeredCamel4Functionalities.C1.BoxedType><BitString><BitString value="23211e454061aa08c9" trailing="0"/></BitString></offeredCamel4Functionalities.C1.BoxedType>
      <extensions.C2.BoxedType>
         <Collection>
            <ExtensionField.Sequence>
               <type.Choice>
                  <local>473867390</local>
                  <global><ObjectIdentifier>0.1.2112.76</ObjectIdentifier></global>
               </type.Choice>
               <criticality.nulld.Enum>
                  <EnumType>ignore.0</EnumType>
               </criticality.nulld.Enum>
               <NullObject.C1></NullObject.C1>
            </ExtensionField.Sequence>
            <ExtensionField.Sequence>
               <type.Choice>
                  <local>1663029236</local>
                  <global><ObjectIdentifier>0.1.257.118.53.99.70.34.4</ObjectIdentifier></global>
               </type.Choice>
               <criticality.nulld.Enum>
                  <EnumType>ignore.0</EnumType>
               </criticality.nulld.Enum>
               <NullObject.C1></NullObject.C1>
            </ExtensionField.Sequence>
            <ExtensionField.Sequence>
               <type.Choice>
                  <local>2999783377</local>
                  <global><ObjectIdentifier>0.1.222.27.23</ObjectIdentifier></global>
               </type.Choice>
               <criticality.nulld.Enum>
                  <EnumType>ignore.0</EnumType>
               </criticality.nulld.Enum>
               <NullObject.C1></NullObject.C1>
            </ExtensionField.Sequence>
         </Collection>
      </extensions.C2.BoxedType>
      <releaseCallArgExtensionAllowed.C3></releaseCallArgExtensionAllowed.C3>
   </InitiateCallAttemptRes.Sequence>
</ASN>