<?xml version="1.0" encoding="ISO-8859-15"?>

<ASN layer="CAP">
   <InterrogateSS_Res.Choice>
      <ss_Status.C0.BoxedType><Bytes>a4d1524c16357a53</Bytes></ss_Status.C0.BoxedType>
      <basicServiceGroupList.C2.BoxedType>
         <Collection>
            <BasicServiceCode.Choice>
               <bearerService.C2.BoxedType><Bytes>e1707edc</Bytes></bearerService.C2.BoxedType>
               <teleservice.C3.BoxedType><Bytes>3196e0</Bytes></teleservice.C3.BoxedType>
            </BasicServiceCode.Choice>
            <BasicServiceCode.Choice>
               <bearerService.C2.BoxedType><Bytes>7f9fd6567fd2</Bytes></bearerService.C2.BoxedType>
               <teleservice.C3.BoxedType><Bytes>62d3cc1606f7</Bytes></teleservice.C3.BoxedType>
            </BasicServiceCode.Choice>
            <BasicServiceCode.Choice>
               <bearerService.C2.BoxedType><Bytes>fda37c5167</Bytes></bearerService.C2.BoxedType>
               <teleservice.C3.BoxedType><Bytes>ae45023bd5f9d14d</Bytes></teleservice.C3.BoxedType>
            </BasicServiceCode.Choice>
         </Collection>
      </basicServiceGroupList.C2.BoxedType>
      <forwardingFeatureList.C3.BoxedType>
         <Collection>
            <ForwardingFeature.Sequence>
               <basicService.Choice>
                  <bearerService.C2.BoxedType><Bytes>8b762e92</Bytes></bearerService.C2.BoxedType>
                  <teleservice.C3.BoxedType><Bytes>245b2a</Bytes></teleservice.C3.BoxedType>
               </basicService.Choice>
               <ss_Status.C4.BoxedType><Bytes>1f40</Bytes></ss_Status.C4.BoxedType>
               <forwardedToNumber.C5.BoxedType><AddressString.BoxedType><Bytes>b00286521331
                        <field name="extension" value="no extension:1" type="EnumLong" lengthBit="1"/>
                        <field name="nature of address" value="network specific number:3" type="EnumLong" lengthBit="3"/>
                        <field name="numbering plan" value="unknown:0" type="EnumLong" lengthBit="4"/>
                        <field name="digits" value="2068253113" type="Number_BCD" length="10"/>
                     </Bytes></AddressString.BoxedType></forwardedToNumber.C5.BoxedType>
               <forwardedToSubaddress.C8.BoxedType><Bytes>45133a</Bytes></forwardedToSubaddress.C8.BoxedType>
               <forwardingOptions.C6.BoxedType><Bytes>c1</Bytes></forwardingOptions.C6.BoxedType>
               <noReplyConditionTime.C7.BoxedType><Integer>0</Integer></noReplyConditionTime.C7.BoxedType>
               <longForwardedToNumber.C9.BoxedType><AddressString.BoxedType><Bytes>000180995361
                        <field name="extension" value="extension:0" type="EnumLong" lengthBit="1"/>
                        <field name="nature of address" value="unknown:0" type="EnumLong" lengthBit="3"/>
                        <field name="numbering plan" value="unknown:0" type="EnumLong" lengthBit="4"/>
                        <field name="digits" value="1008993516" type="Number_BCD" length="10"/>
                     </Bytes></AddressString.BoxedType></longForwardedToNumber.C9.BoxedType>
            </ForwardingFeature.Sequence>
            <ForwardingFeature.Sequence>
               <basicService.Choice>
                  <bearerService.C2.BoxedType><Bytes>bc</Bytes></bearerService.C2.BoxedType>
                  <teleservice.C3.BoxedType><Bytes>27c45335df</Bytes></teleservice.C3.BoxedType>
               </basicService.Choice>
               <ss_Status.C4.BoxedType><Bytes>3801</Bytes></ss_Status.C4.BoxedType>
               <forwardedToNumber.C5.BoxedType><AddressString.BoxedType><Bytes>c364940398f7
                        <field name="extension" value="no extension:1" type="EnumLong" lengthBit="1"/>
                        <field name="nature of address" value="subscriber number:4" type="EnumLong" lengthBit="3"/>
                        <field name="numbering plan" value="data numbering plan (ITU-T Rec X.121):3" type="EnumLong" lengthBit="4"/>
                        <field name="digits" value="464930897" type="Number_BCD" length="9"/>
                     </Bytes></AddressString.BoxedType></forwardedToNumber.C5.BoxedType>
               <forwardedToSubaddress.C8.BoxedType><Bytes>6230b8d394</Bytes></forwardedToSubaddress.C8.BoxedType>
               <forwardingOptions.C6.BoxedType><Bytes>cc29d09c62606058</Bytes></forwardingOptions.C6.BoxedType>
               <noReplyConditionTime.C7.BoxedType><Integer>2</Integer></noReplyConditionTime.C7.BoxedType>
               <longForwardedToNumber.C9.BoxedType><AddressString.BoxedType><Bytes>fc6124718884
                        <field name="extension" value="no extension:1" type="EnumLong" lengthBit="1"/>
                        <field name="nature of address" value="reserved for extension:7" type="EnumLong" lengthBit="3"/>
                        <field name="numbering plan" value="12" type="EnumLong" lengthBit="4"/>
                        <field name="digits" value="1642178848" type="Number_BCD" length="10"/>
                     </Bytes></AddressString.BoxedType></longForwardedToNumber.C9.BoxedType>
            </ForwardingFeature.Sequence>
            <ForwardingFeature.Sequence>
               <basicService.Choice>
                  <bearerService.C2.BoxedType><Bytes>363817eaa984</Bytes></bearerService.C2.BoxedType>
                  <teleservice.C3.BoxedType><Bytes>93af1a89</Bytes></teleservice.C3.BoxedType>
               </basicService.Choice>
               <ss_Status.C4.BoxedType><Bytes>8769</Bytes></ss_Status.C4.BoxedType>
               <forwardedToNumber.C5.BoxedType><AddressString.BoxedType><Bytes>7c31233702f5
                        <field name="extension" value="extension:0" type="EnumLong" lengthBit="1"/>
                        <field name="nature of address" value="reserved for extension:7" type="EnumLong" lengthBit="3"/>
                        <field name="numbering plan" value="12" type="EnumLong" lengthBit="4"/>
                        <field name="digits" value="133273205" type="Number_BCD" length="9"/>
                     </Bytes></AddressString.BoxedType></forwardedToNumber.C5.BoxedType>
               <forwardedToSubaddress.C8.BoxedType><Bytes>15eda1291f0ff7</Bytes></forwardedToSubaddress.C8.BoxedType>
               <forwardingOptions.C6.BoxedType><Bytes>6eef85404f2c1d</Bytes></forwardingOptions.C6.BoxedType>
               <noReplyConditionTime.C7.BoxedType><Integer>2</Integer></noReplyConditionTime.C7.BoxedType>
               <longForwardedToNumber.C9.BoxedType><AddressString.BoxedType><Bytes>7121431119f4
                        <field name="extension" value="extension:0" type="EnumLong" lengthBit="1"/>
                        <field name="nature of address" value="reserved for extension:7" type="EnumLong" lengthBit="3"/>
                        <field name="numbering plan" value="ISDN/Telephony Numbering Plan (Rec ITU-T E.164):1" type="EnumLong" lengthBit="4"/>
                        <field name="digits" value="123411914" type="Number_BCD" length="9"/>
                     </Bytes></AddressString.BoxedType></longForwardedToNumber.C9.BoxedType>
            </ForwardingFeature.Sequence>
         </Collection>
      </forwardingFeatureList.C3.BoxedType>
      <genericServiceInfo.C4.Sequence>
         <ss_Status.BoxedType><Bytes>2eeac1</Bytes></ss_Status.BoxedType>
         <cliRestrictionOption.Enum>
            <EnumType>permanent.0</EnumType>
         </cliRestrictionOption.Enum>
         <maximumEntitledPriority.C0.BoxedType><Integer>1</Integer></maximumEntitledPriority.C0.BoxedType>
         <defaultPriority.C1.BoxedType><Integer>2</Integer></defaultPriority.C1.BoxedType>
         <ccbs_FeatureList.C2.BoxedType>
            <Collection>
               <CCBS_Feature.Sequence>
                  <ccbs_Index.C0.BoxedType><Integer>1</Integer></ccbs_Index.C0.BoxedType>
                  <b_subscriberNumber.C1.BoxedType><AddressString.BoxedType><Bytes>109126445233
                           <field name="extension" value="extension:0" type="EnumLong" lengthBit="1"/>
                           <field name="nature of address" value="international number:1" type="EnumLong" lengthBit="3"/>
                           <field name="numbering plan" value="unknown:0" type="EnumLong" lengthBit="4"/>
                           <field name="digits" value="1962442533" type="Number_BCD" length="10"/>
                        </Bytes></AddressString.BoxedType></b_subscriberNumber.C1.BoxedType>
                  <b_subscriberSubaddress.C2.BoxedType><Bytes>5b6b21ef38538ac5</Bytes></b_subscriberSubaddress.C2.BoxedType>
                  <basicServiceGroup.C3.Choice>
                     <bearerService.C2.BoxedType><Bytes>121e</Bytes></bearerService.C2.BoxedType>
                     <teleservice.C3.BoxedType><Bytes>6e146a2608fc</Bytes></teleservice.C3.BoxedType>
                  </basicServiceGroup.C3.Choice>
               </CCBS_Feature.Sequence>
               <CCBS_Feature.Sequence>
                  <ccbs_Index.C0.BoxedType><Integer>2</Integer></ccbs_Index.C0.BoxedType>
                  <b_subscriberNumber.C1.BoxedType><AddressString.BoxedType><Bytes>fd68024437f6
                           <field name="extension" value="no extension:1" type="EnumLong" lengthBit="1"/>
                           <field name="nature of address" value="reserved for extension:7" type="EnumLong" lengthBit="3"/>
                           <field name="numbering plan" value="13" type="EnumLong" lengthBit="4"/>
                           <field name="digits" value="862044736" type="Number_BCD" length="9"/>
                        </Bytes></AddressString.BoxedType></b_subscriberNumber.C1.BoxedType>
                  <b_subscriberSubaddress.C2.BoxedType><Bytes>91a2c7b92b22a288</Bytes></b_subscriberSubaddress.C2.BoxedType>
                  <basicServiceGroup.C3.Choice>
                     <bearerService.C2.BoxedType><Bytes>4621da35f4fd2d03f5</Bytes></bearerService.C2.BoxedType>
                     <teleservice.C3.BoxedType><Bytes>03733919d6</Bytes></teleservice.C3.BoxedType>
                  </basicServiceGroup.C3.Choice>
               </CCBS_Feature.Sequence>
               <CCBS_Feature.Sequence>
                  <ccbs_Index.C0.BoxedType><Integer>0</Integer></ccbs_Index.C0.BoxedType>
                  <b_subscriberNumber.C1.BoxedType><AddressString.BoxedType><Bytes>528159388609
                           <field name="extension" value="extension:0" type="EnumLong" lengthBit="1"/>
                           <field name="nature of address" value="reserved:5" type="EnumLong" lengthBit="3"/>
                           <field name="numbering plan" value="spare:2" type="EnumLong" lengthBit="4"/>
                           <field name="digits" value="1895836890" type="Number_BCD" length="10"/>
                        </Bytes></AddressString.BoxedType></b_subscriberNumber.C1.BoxedType>
                  <b_subscriberSubaddress.C2.BoxedType><Bytes>e7551c0987</Bytes></b_subscriberSubaddress.C2.BoxedType>
                  <basicServiceGroup.C3.Choice>
                     <bearerService.C2.BoxedType><Bytes>a5ec93d01df5c0</Bytes></bearerService.C2.BoxedType>
                     <teleservice.C3.BoxedType><Bytes>01dba5171ce3</Bytes></teleservice.C3.BoxedType>
                  </basicServiceGroup.C3.Choice>
               </CCBS_Feature.Sequence>
            </Collection>
         </ccbs_FeatureList.C2.BoxedType>
         <nbrSB.C3.BoxedType><Integer>2</Integer></nbrSB.C3.BoxedType>
         <nbrUser.C4.BoxedType><Integer>1</Integer></nbrUser.C4.BoxedType>
         <nbrSN.C5.BoxedType><Integer>1</Integer></nbrSN.C5.BoxedType>
      </genericServiceInfo.C4.Sequence>
   </InterrogateSS_Res.Choice>
</ASN>