<?xml version="1.0" encoding="ISO-8859-15"?>

<ASN layer="CAP">
   <IST_CommandArg.Sequence>
      <imsi.C0.BoxedType><TBCD_STRING.BoxedType><Bytes>4178150168
               <field name="digits" value="1487511086" type="Number_BCD" length="10"/>
            </Bytes></TBCD_STRING.BoxedType></imsi.C0.BoxedType>
      <extensionContainer.C1.Sequence>
         <privateExtensionList.C0.BoxedType>
            <Collection>
               <PrivateExtension.Sequence>
                  <extId><ObjectIdentifier>0.1.2126.20.0</ObjectIdentifier></extId>
                  <extType>ae428962682926de</extType>
               </PrivateExtension.Sequence>
               <PrivateExtension.Sequence>
                  <extId><ObjectIdentifier>0.1.2120.119.57</ObjectIdentifier></extId>
                  <extType>31c98a</extType>
               </PrivateExtension.Sequence>
               <PrivateExtension.Sequence>
                  <extId><ObjectIdentifier>0.1.245.20.78.67.97.14.44</ObjectIdentifier></extId>
                  <extType>cd73c5528e01</extType>
               </PrivateExtension.Sequence>
            </Collection>
         </privateExtensionList.C0.BoxedType>
         <pcs_Extensions.C1.Sequence>
            
         </pcs_Extensions.C1.Sequence>
      </extensionContainer.C1.Sequence>
   </IST_CommandArg.Sequence>
</ASN>