<?xml version="1.0" encoding="ISO-8859-15"?>

<ASN layer="CAP">
   <IST_AlertArg.Sequence>
      <imsi.C0.BoxedType><TBCD_STRING.BoxedType><Bytes>65122413f8
               <field name="digits" value="562142318" type="Number_BCD" length="9"/>
            </Bytes></TBCD_STRING.BoxedType></imsi.C0.BoxedType>
      <extensionContainer.C1.Sequence>
         <privateExtensionList.C0.BoxedType>
            <Collection>
               <PrivateExtension.Sequence>
                  <extId><ObjectIdentifier>0.1.2107.45.126</ObjectIdentifier></extId>
                  <extType>35805da977</extType>
               </PrivateExtension.Sequence>
               <PrivateExtension.Sequence>
                  <extId><ObjectIdentifier>0.1.2109.100.46.22.85.105.76.31.8.45</ObjectIdentifier></extId>
                  <extType>63f0019ef75a</extType>
               </PrivateExtension.Sequence>
               <PrivateExtension.Sequence>
                  <extId><ObjectIdentifier>0.1.2128.17.62.40.70.52.50</ObjectIdentifier></extId>
                  <extType>273bbf764429f467d5</extType>
               </PrivateExtension.Sequence>
            </Collection>
         </privateExtensionList.C0.BoxedType>
         <pcs_Extensions.C1.Sequence>
            
         </pcs_Extensions.C1.Sequence>
      </extensionContainer.C1.Sequence>
   </IST_AlertArg.Sequence>
</ASN>