<?xml version="1.0" encoding="ISO-8859-15"?>

<ASN layer="CAP">
   <IST_AlertRes.Sequence>
      <istAlertTimer.C0.BoxedType><Integer>1</Integer></istAlertTimer.C0.BoxedType>
      <istInformationWithdraw.C1></istInformationWithdraw.C1>
      <callTerminationIndicator.C2.Enum>
         <EnumType>terminateAllCallActivities.1</EnumType>
      </callTerminationIndicator.C2.Enum>
      <extensionContainer.C3.Sequence>
         <privateExtensionList.C0.BoxedType>
            <Collection>
               <PrivateExtension.Sequence>
                  <extId><ObjectIdentifier>0.1.2107.123.45</ObjectIdentifier></extId>
                  <extType>8e62b51db772</extType>
               </PrivateExtension.Sequence>
               <PrivateExtension.Sequence>
                  <extId><ObjectIdentifier>0.1.2118.70.105.106.18</ObjectIdentifier></extId>
                  <extType>dea9980f59</extType>
               </PrivateExtension.Sequence>
               <PrivateExtension.Sequence>
                  <extId><ObjectIdentifier>0.1.2106.7</ObjectIdentifier></extId>
                  <extType>79</extType>
               </PrivateExtension.Sequence>
            </Collection>
         </privateExtensionList.C0.BoxedType>
         <pcs_Extensions.C1.Sequence>
            
         </pcs_Extensions.C1.Sequence>
      </extensionContainer.C3.Sequence>
   </IST_AlertRes.Sequence>
</ASN>