<?xml version="1.0" encoding="ISO-8859-15"?>

<ASN layer="CAP">
   <IST_CommandRes.Sequence><extensionContainer.Sequence>
         <privateExtensionList.C0.BoxedType>
            <Collection>
               <PrivateExtension.Sequence>
                  <extId><ObjectIdentifier>0.1.214.6.76.68.86.23.98.105.18</ObjectIdentifier></extId>
                  <extType>02a6</extType>
               </PrivateExtension.Sequence>
               <PrivateExtension.Sequence>
                  <extId><ObjectIdentifier>0.1.22.10</ObjectIdentifier></extId>
                  <extType>ce117288</extType>
               </PrivateExtension.Sequence>
               <PrivateExtension.Sequence>
                  <extId><ObjectIdentifier>0.1.297.120.37.60.95.78</ObjectIdentifier></extId>
                  <extType>d32cbcfe54f34b</extType>
               </PrivateExtension.Sequence>
            </Collection>
         </privateExtensionList.C0.BoxedType>
         <pcs_Extensions.C1.Sequence>
            
         </pcs_Extensions.C1.Sequence>
      </extensionContainer.Sequence></IST_CommandRes.Sequence>
</ASN>