<?xml version="1.0" encoding="ISO-8859-15"?>

<ASN layer="CAP">
   <LCS_MOLRRes.Sequence>
      <locationEstimate.C0.BoxedType><Bytes>647ff36ba5f222a1622ecf832427
            <field name="TypeOfShape" value="Reserved for future use:6" type="EnumLong" lengthBit="4"/>
            <field name="spare" value="4" type="Integer" lengthBit="4"/>
            <field name="DegreesOfLatitude" value="8385387" type="Integer" length="3"/>
            <field name="DegreesOfLongitude" value="10875426" type="Integer" length="3"/>
            <field name="Altitude" value="41314" type="Integer" length="2"/>
            <field name="UncertaintySemi-MajorAxis" value="46" type="Integer" length="1"/>
            <field name="UncertaintySemi-MinorAxis" value="207" type="Integer" length="1"/>
            <field name="AngleOfMajorAxis" value="131" type="Integer" length="1"/>
            <field name="UncertaintyAltitude" value="36" type="Integer" length="1"/>
            <field name="Confidence" value="39" type="Integer" length="1"/>
         </Bytes></locationEstimate.C0.BoxedType>
      <decipheringKeys.C1.BoxedType><Bytes>abdfae0edfc4aa88fa</Bytes></decipheringKeys.C1.BoxedType>
      <add_LocationEstimate.C2.BoxedType><Bytes>6ed2098ce3bc43144e13d714b6
            <field name="TypeOfShape" value="Reserved for future use:6" type="EnumLong" lengthBit="4"/>
            <field name="spare" value="14" type="Integer" lengthBit="4"/>
            <field name="DegreesOfLatitude" value="13765004" type="Integer" length="3"/>
            <field name="DegreesOfLongitude" value="14924867" type="Integer" length="3"/>
            <field name="InnerRadius" value="20" type="Integer" length="1"/>
            <field name="UncertaintyRadius" value="19987" type="Integer" length="2"/>
            <field name="OffsetAngle" value="215" type="Integer" length="1"/>
            <field name="IncludedAngle" value="20" type="Integer" length="1"/>
            <field name="Confidence" value="182" type="Integer" length="1"/>
         </Bytes></add_LocationEstimate.C2.BoxedType>
      <velocityEstimate.C3.BoxedType><Bytes>d16330</Bytes></velocityEstimate.C3.BoxedType>
      <referenceNumber.C4.BoxedType><Bytes>fd
            <field name="LCS_ReferenceNumber" value="253" type="Integer" length="1"/>
         </Bytes></referenceNumber.C4.BoxedType>
      <h_gmlc_address.C5.BoxedType><Bytes>b95e740b02
            <field name="Address type" value="2" type="EnumLong" lengthBit="2"/>
            <field name="AddressLength" value="57" type="Integer" lengthBit="6"/>
            <field name="IPV4 address" value="94.116.11.2" type="IPV4Address" length="4"/>
         </Bytes></h_gmlc_address.C5.BoxedType>
      <mo_lrShortCircuit.C6></mo_lrShortCircuit.C6>
      <reportingPLMNList.C7.Sequence>
         <plmn_ListPrioritized.C0></plmn_ListPrioritized.C0>
         <plmn_List.C1.BoxedType>
            <Collection>
               <ReportingPLMN.Sequence>
                  <plmn_Id.C0.BoxedType><Bytes>e49df9a6943334</Bytes></plmn_Id.C0.BoxedType>
                  <ran_Technology.C1.Enum>
                     <EnumType>gsm.0</EnumType>
                  </ran_Technology.C1.Enum>
                  <ran_PeriodicLocationSupport.C2></ran_PeriodicLocationSupport.C2>
               </ReportingPLMN.Sequence>
               <ReportingPLMN.Sequence>
                  <plmn_Id.C0.BoxedType><Bytes>dbf7055f12b6</Bytes></plmn_Id.C0.BoxedType>
                  <ran_Technology.C1.Enum>
                     <EnumType>gsm.0</EnumType>
                  </ran_Technology.C1.Enum>
                  <ran_PeriodicLocationSupport.C2></ran_PeriodicLocationSupport.C2>
               </ReportingPLMN.Sequence>
               <ReportingPLMN.Sequence>
                  <plmn_Id.C0.BoxedType><Bytes>75e9e68f86ba02e5d878</Bytes></plmn_Id.C0.BoxedType>
                  <ran_Technology.C1.Enum>
                     <EnumType>umts.1</EnumType>
                  </ran_Technology.C1.Enum>
                  <ran_PeriodicLocationSupport.C2></ran_PeriodicLocationSupport.C2>
               </ReportingPLMN.Sequence>
            </Collection>
         </plmn_List.C1.BoxedType>
      </reportingPLMNList.C7.Sequence>
   </LCS_MOLRRes.Sequence>
</ASN>