<?xml version="1.0" encoding="ISO-8859-15"?>

<ASN layer="CAP">
   <LCS_LocationUpdateArg.Sequence>
      <referenceNumber.C0.BoxedType><Bytes>fb
            <field name="LCS_ReferenceNumber" value="251" type="Integer" length="1"/>
         </Bytes></referenceNumber.C0.BoxedType>
      <add_LocationEstimate.C1.BoxedType><Bytes>05172a5ae7e80d76bd8272bee1
            <field name="TypeOfShape" value="Ellipsoid Point:0" type="EnumLong" lengthBit="4"/>
            <field name="spare" value="5" type="Integer" lengthBit="4"/>
            <field name="DegreesOfLatitude" value="1518170" type="Integer" length="3"/>
            <field name="DegreesOfLongitude" value="15198221" type="Integer" length="3"/>
            <field name="InnerRadius" value="118" type="Integer" length="1"/>
            <field name="UncertaintyRadius" value="48514" type="Integer" length="2"/>
            <field name="OffsetAngle" value="114" type="Integer" length="1"/>
            <field name="IncludedAngle" value="190" type="Integer" length="1"/>
            <field name="Confidence" value="225" type="Integer" length="1"/>
         </Bytes></add_LocationEstimate.C1.BoxedType>
      <velocityEstimate.C2.BoxedType><Bytes>14ab9426</Bytes></velocityEstimate.C2.BoxedType>
      <sequenceNumber.C3.BoxedType><Integer>1</Integer></sequenceNumber.C3.BoxedType>
   </LCS_LocationUpdateArg.Sequence>
</ASN>