<?xml version="1.0" encoding="ISO-8859-15"?>

<ASN layer="CAP">
   <LCS_PrivacyClass.Sequence>
      <ss_Code.BoxedType><Bytes>b68dbb81</Bytes></ss_Code.BoxedType>
      <ss_Status.BoxedType><Bytes>1bff</Bytes></ss_Status.BoxedType>
      <notificationToMSUser.C0.Enum>
         <EnumType>locationNotAllowed.3</EnumType>
      </notificationToMSUser.C0.Enum>
      <externalClientList.C1.BoxedType>
         <Collection>
            <ExternalClient.Sequence>
               <clientIdentity.Sequence>
                  <externalAddress.C0.BoxedType><AddressString.BoxedType><Bytes>e776948998f3
                           <field name="extension" value="no extension:1" type="EnumLong" lengthBit="1"/>
                           <field name="nature of address" value="abbreviated number:6" type="EnumLong" lengthBit="3"/>
                           <field name="numbering plan" value="spare:7" type="EnumLong" lengthBit="4"/>
                           <field name="digits" value="674998893" type="Number_BCD" length="9"/>
                        </Bytes></AddressString.BoxedType></externalAddress.C0.BoxedType>
                  <extensionContainer.C1.Sequence>
                     <privateExtensionList.C0.BoxedType>
                        <Collection>
                           <PrivateExtension.Sequence>
                              <extId><ObjectIdentifier>0.1.24.44.55.58.115</ObjectIdentifier></extId>
                              <extType>4df4</extType>
                           </PrivateExtension.Sequence>
                           <PrivateExtension.Sequence>
                              <extId><ObjectIdentifier>0.1.280.3</ObjectIdentifier></extId>
                              <extType>98a193987aa77803fb41</extType>
                           </PrivateExtension.Sequence>
                           <PrivateExtension.Sequence>
                              <extId><ObjectIdentifier>0.1.259.9.76.43.6.121.116</ObjectIdentifier></extId>
                              <extType>f9718985</extType>
                           </PrivateExtension.Sequence>
                        </Collection>
                     </privateExtensionList.C0.BoxedType>
                     <pcs_Extensions.C1.Sequence>
                        
                     </pcs_Extensions.C1.Sequence>
                  </extensionContainer.C1.Sequence>
               </clientIdentity.Sequence>
               <gmlc_Restriction.C0.Enum>
                  <EnumType>home_Country.1</EnumType>
               </gmlc_Restriction.C0.Enum>
               <notificationToMSUser.C1.Enum>
                  <EnumType>notifyAndVerify_LocationNotAllowedIfNoResponse.2</EnumType>
               </notificationToMSUser.C1.Enum>
               <extensionContainer.C2.Sequence>
                  <privateExtensionList.C0.BoxedType>
                     <Collection>
                        <PrivateExtension.Sequence>
                           <extId><ObjectIdentifier>0.1.2121.70.112.109.69.84.14</ObjectIdentifier></extId>
                           <extType>f761dcdb73fd</extType>
                        </PrivateExtension.Sequence>
                        <PrivateExtension.Sequence>
                           <extId><ObjectIdentifier>0.1.2126.11</ObjectIdentifier></extId>
                           <extType>de31106c03</extType>
                        </PrivateExtension.Sequence>
                        <PrivateExtension.Sequence>
                           <extId><ObjectIdentifier>0.1.243.36</ObjectIdentifier></extId>
                           <extType>a9</extType>
                        </PrivateExtension.Sequence>
                     </Collection>
                  </privateExtensionList.C0.BoxedType>
                  <pcs_Extensions.C1.Sequence>
                     
                  </pcs_Extensions.C1.Sequence>
               </extensionContainer.C2.Sequence>
            </ExternalClient.Sequence>
            <ExternalClient.Sequence>
               <clientIdentity.Sequence>
                  <externalAddress.C0.BoxedType><AddressString.BoxedType><Bytes>1042140460f0
                           <field name="extension" value="extension:0" type="EnumLong" lengthBit="1"/>
                           <field name="nature of address" value="international number:1" type="EnumLong" lengthBit="3"/>
                           <field name="numbering plan" value="unknown:0" type="EnumLong" lengthBit="4"/>
                           <field name="digits" value="244140060" type="Number_BCD" length="9"/>
                        </Bytes></AddressString.BoxedType></externalAddress.C0.BoxedType>
                  <extensionContainer.C1.Sequence>
                     <privateExtensionList.C0.BoxedType>
                        <Collection>
                           <PrivateExtension.Sequence>
                              <extId><ObjectIdentifier>0.1.291.10.110.48.114.116.17.75</ObjectIdentifier></extId>
                              <extType>857cfb7c1442</extType>
                           </PrivateExtension.Sequence>
                           <PrivateExtension.Sequence>
                              <extId><ObjectIdentifier>0.1.2100</ObjectIdentifier></extId>
                              <extType>1391c40dde4fd4c8</extType>
                           </PrivateExtension.Sequence>
                           <PrivateExtension.Sequence>
                              <extId><ObjectIdentifier>0.1.2128.9.76</ObjectIdentifier></extId>
                              <extType>bc3f56ee397242</extType>
                           </PrivateExtension.Sequence>
                        </Collection>
                     </privateExtensionList.C0.BoxedType>
                     <pcs_Extensions.C1.Sequence>
                        
                     </pcs_Extensions.C1.Sequence>
                  </extensionContainer.C1.Sequence>
               </clientIdentity.Sequence>
               <gmlc_Restriction.C0.Enum>
                  <EnumType>home_Country.1</EnumType>
               </gmlc_Restriction.C0.Enum>
               <notificationToMSUser.C1.Enum>
                  <EnumType>notifyAndVerify_LocationNotAllowedIfNoResponse.2</EnumType>
               </notificationToMSUser.C1.Enum>
               <extensionContainer.C2.Sequence>
                  <privateExtensionList.C0.BoxedType>
                     <Collection>
                        <PrivateExtension.Sequence>
                           <extId><ObjectIdentifier>0.1.29.17</ObjectIdentifier></extId>
                           <extType>f77fdf84d423d5</extType>
                        </PrivateExtension.Sequence>
                        <PrivateExtension.Sequence>
                           <extId><ObjectIdentifier>0.1.213.86.116.52.0.8.100.42</ObjectIdentifier></extId>
                           <extType>adb9c25c4737d760</extType>
                        </PrivateExtension.Sequence>
                        <PrivateExtension.Sequence>
                           <extId><ObjectIdentifier>0.1.239.23.65</ObjectIdentifier></extId>
                           <extType>c430a2d5f8aa9f5d91d3</extType>
                        </PrivateExtension.Sequence>
                     </Collection>
                  </privateExtensionList.C0.BoxedType>
                  <pcs_Extensions.C1.Sequence>
                     
                  </pcs_Extensions.C1.Sequence>
               </extensionContainer.C2.Sequence>
            </ExternalClient.Sequence>
            <ExternalClient.Sequence>
               <clientIdentity.Sequence>
                  <externalAddress.C0.BoxedType><AddressString.BoxedType><Bytes>691168941087
                           <field name="extension" value="extension:0" type="EnumLong" lengthBit="1"/>
                           <field name="nature of address" value="abbreviated number:6" type="EnumLong" lengthBit="3"/>
                           <field name="numbering plan" value="private numbering plan:9" type="EnumLong" lengthBit="4"/>
                           <field name="digits" value="1186490178" type="Number_BCD" length="10"/>
                        </Bytes></AddressString.BoxedType></externalAddress.C0.BoxedType>
                  <extensionContainer.C1.Sequence>
                     <privateExtensionList.C0.BoxedType>
                        <Collection>
                           <PrivateExtension.Sequence>
                              <extId><ObjectIdentifier>0.1.257.27.14.76.17.120.9.72</ObjectIdentifier></extId>
                              <extType>5d89</extType>
                           </PrivateExtension.Sequence>
                           <PrivateExtension.Sequence>
                              <extId><ObjectIdentifier>0.1.2123.25</ObjectIdentifier></extId>
                              <extType>9ebeb9</extType>
                           </PrivateExtension.Sequence>
                           <PrivateExtension.Sequence>
                              <extId><ObjectIdentifier>0.1.284.66.39.12.125.14</ObjectIdentifier></extId>
                              <extType>ac03ffd13ba78ed2</extType>
                           </PrivateExtension.Sequence>
                        </Collection>
                     </privateExtensionList.C0.BoxedType>
                     <pcs_Extensions.C1.Sequence>
                        
                     </pcs_Extensions.C1.Sequence>
                  </extensionContainer.C1.Sequence>
               </clientIdentity.Sequence>
               <gmlc_Restriction.C0.Enum>
                  <EnumType>gmlc_List.0</EnumType>
               </gmlc_Restriction.C0.Enum>
               <notificationToMSUser.C1.Enum>
                  <EnumType>notifyLocationAllowed.0</EnumType>
               </notificationToMSUser.C1.Enum>
               <extensionContainer.C2.Sequence>
                  <privateExtensionList.C0.BoxedType>
                     <Collection>
                        <PrivateExtension.Sequence>
                           <extId><ObjectIdentifier>0.1.2112</ObjectIdentifier></extId>
                           <extType>cdcf6c0cb35c</extType>
                        </PrivateExtension.Sequence>
                        <PrivateExtension.Sequence>
                           <extId><ObjectIdentifier>0.1.220.57</ObjectIdentifier></extId>
                           <extType>59d928a0</extType>
                        </PrivateExtension.Sequence>
                        <PrivateExtension.Sequence>
                           <extId><ObjectIdentifier>0.1.224.7.25.31.24.118.104</ObjectIdentifier></extId>
                           <extType>9c2e</extType>
                        </PrivateExtension.Sequence>
                     </Collection>
                  </privateExtensionList.C0.BoxedType>
                  <pcs_Extensions.C1.Sequence>
                     
                  </pcs_Extensions.C1.Sequence>
               </extensionContainer.C2.Sequence>
            </ExternalClient.Sequence>
         </Collection>
      </externalClientList.C1.BoxedType>
      <plmnClientList.C2.BoxedType>
         <Collection>
            <LCSClientInternalID.Enum>
               <EnumType>o_andM_HPLMN.1</EnumType>
            </LCSClientInternalID.Enum>
            <LCSClientInternalID.Enum>
               <EnumType>o_andM_VPLMN.2</EnumType>
            </LCSClientInternalID.Enum>
            <LCSClientInternalID.Enum>
               <EnumType>anonymousLocation.3</EnumType>
            </LCSClientInternalID.Enum>
         </Collection>
      </plmnClientList.C2.BoxedType>
      <extensionContainer.C3.Sequence>
         <privateExtensionList.C0.BoxedType>
            <Collection>
               <PrivateExtension.Sequence>
                  <extId><ObjectIdentifier>0.1.240.121.119</ObjectIdentifier></extId>
                  <extType>87d849a7eaad234c</extType>
               </PrivateExtension.Sequence>
               <PrivateExtension.Sequence>
                  <extId><ObjectIdentifier>0.1.276.27</ObjectIdentifier></extId>
                  <extType>b8b8</extType>
               </PrivateExtension.Sequence>
               <PrivateExtension.Sequence>
                  <extId><ObjectIdentifier>0.1.22.14.100.51.107.87.79.112</ObjectIdentifier></extId>
                  <extType>1edc678b</extType>
               </PrivateExtension.Sequence>
            </Collection>
         </privateExtensionList.C0.BoxedType>
         <pcs_Extensions.C1.Sequence>
            
         </pcs_Extensions.C1.Sequence>
      </extensionContainer.C3.Sequence>
      <ext_externalClientList.C4.BoxedType>
         <Collection>
            <ExternalClient.Sequence>
               <clientIdentity.Sequence>
                  <externalAddress.C0.BoxedType><AddressString.BoxedType><Bytes>487129322206
                           <field name="extension" value="extension:0" type="EnumLong" lengthBit="1"/>
                           <field name="nature of address" value="subscriber number:4" type="EnumLong" lengthBit="3"/>
                           <field name="numbering plan" value="national numbering plan:8" type="EnumLong" lengthBit="4"/>
                           <field name="digits" value="1792232260" type="Number_BCD" length="10"/>
                        </Bytes></AddressString.BoxedType></externalAddress.C0.BoxedType>
                  <extensionContainer.C1.Sequence>
                     <privateExtensionList.C0.BoxedType>
                        <Collection>
                           <PrivateExtension.Sequence>
                              <extId><ObjectIdentifier>0.1.294.20.20.31.61.90</ObjectIdentifier></extId>
                              <extType>452d</extType>
                           </PrivateExtension.Sequence>
                           <PrivateExtension.Sequence>
                              <extId><ObjectIdentifier>0.1.296.45.45.47.88.84.88.71.1</ObjectIdentifier></extId>
                              <extType>3ac15ab36e1f</extType>
                           </PrivateExtension.Sequence>
                           <PrivateExtension.Sequence>
                              <extId><ObjectIdentifier>0.1.221.66</ObjectIdentifier></extId>
                              <extType>7b7093</extType>
                           </PrivateExtension.Sequence>
                        </Collection>
                     </privateExtensionList.C0.BoxedType>
                     <pcs_Extensions.C1.Sequence>
                        
                     </pcs_Extensions.C1.Sequence>
                  </extensionContainer.C1.Sequence>
               </clientIdentity.Sequence>
               <gmlc_Restriction.C0.Enum>
                  <EnumType>gmlc_List.0</EnumType>
               </gmlc_Restriction.C0.Enum>
               <notificationToMSUser.C1.Enum>
                  <EnumType>notifyAndVerify_LocationNotAllowedIfNoResponse.2</EnumType>
               </notificationToMSUser.C1.Enum>
               <extensionContainer.C2.Sequence>
                  <privateExtensionList.C0.BoxedType>
                     <Collection>
                        <PrivateExtension.Sequence>
                           <extId><ObjectIdentifier>0.1.285</ObjectIdentifier></extId>
                           <extType>940fa997</extType>
                        </PrivateExtension.Sequence>
                        <PrivateExtension.Sequence>
                           <extId><ObjectIdentifier>0.1.282</ObjectIdentifier></extId>
                           <extType>1aabbc3beb2e7be317</extType>
                        </PrivateExtension.Sequence>
                        <PrivateExtension.Sequence>
                           <extId><ObjectIdentifier>0.1.282.77.67.126.10.62</ObjectIdentifier></extId>
                           <extType>2bf81c2b8f9f8ec8</extType>
                        </PrivateExtension.Sequence>
                     </Collection>
                  </privateExtensionList.C0.BoxedType>
                  <pcs_Extensions.C1.Sequence>
                     
                  </pcs_Extensions.C1.Sequence>
               </extensionContainer.C2.Sequence>
            </ExternalClient.Sequence>
            <ExternalClient.Sequence>
               <clientIdentity.Sequence>
                  <externalAddress.C0.BoxedType><AddressString.BoxedType><Bytes>5384612883
                           <field name="extension" value="extension:0" type="EnumLong" lengthBit="1"/>
                           <field name="nature of address" value="reserved:5" type="EnumLong" lengthBit="3"/>
                           <field name="numbering plan" value="data numbering plan (ITU-T Rec X.121):3" type="EnumLong" lengthBit="4"/>
                           <field name="digits" value="48168238" type="Number_BCD" length="8"/>
                        </Bytes></AddressString.BoxedType></externalAddress.C0.BoxedType>
                  <extensionContainer.C1.Sequence>
                     <privateExtensionList.C0.BoxedType>
                        <Collection>
                           <PrivateExtension.Sequence>
                              <extId><ObjectIdentifier>0.1.242.58.7</ObjectIdentifier></extId>
                              <extType>cfbe</extType>
                           </PrivateExtension.Sequence>
                           <PrivateExtension.Sequence>
                              <extId><ObjectIdentifier>0.1.221</ObjectIdentifier></extId>
                              <extType>8c43f3a49894c4d8</extType>
                           </PrivateExtension.Sequence>
                           <PrivateExtension.Sequence>
                              <extId><ObjectIdentifier>0.1.271.21.109.77.110.69.61</ObjectIdentifier></extId>
                              <extType>b1</extType>
                           </PrivateExtension.Sequence>
                        </Collection>
                     </privateExtensionList.C0.BoxedType>
                     <pcs_Extensions.C1.Sequence>
                        
                     </pcs_Extensions.C1.Sequence>
                  </extensionContainer.C1.Sequence>
               </clientIdentity.Sequence>
               <gmlc_Restriction.C0.Enum>
                  <EnumType>gmlc_List.0</EnumType>
               </gmlc_Restriction.C0.Enum>
               <notificationToMSUser.C1.Enum>
                  <EnumType>notifyAndVerify_LocationAllowedIfNoResponse.1</EnumType>
               </notificationToMSUser.C1.Enum>
               <extensionContainer.C2.Sequence>
                  <privateExtensionList.C0.BoxedType>
                     <Collection>
                        <PrivateExtension.Sequence>
                           <extId><ObjectIdentifier>0.1.247</ObjectIdentifier></extId>
                           <extType>2adccb652c5673</extType>
                        </PrivateExtension.Sequence>
                        <PrivateExtension.Sequence>
                           <extId><ObjectIdentifier>0.1.289</ObjectIdentifier></extId>
                           <extType>a79c301e</extType>
                        </PrivateExtension.Sequence>
                        <PrivateExtension.Sequence>
                           <extId><ObjectIdentifier>0.1.2111.45.127.3.36</ObjectIdentifier></extId>
                           <extType>5bf2</extType>
                        </PrivateExtension.Sequence>
                     </Collection>
                  </privateExtensionList.C0.BoxedType>
                  <pcs_Extensions.C1.Sequence>
                     
                  </pcs_Extensions.C1.Sequence>
               </extensionContainer.C2.Sequence>
            </ExternalClient.Sequence>
            <ExternalClient.Sequence>
               <clientIdentity.Sequence>
                  <externalAddress.C0.BoxedType><AddressString.BoxedType><Bytes>cb3157529414
                           <field name="extension" value="no extension:1" type="EnumLong" lengthBit="1"/>
                           <field name="nature of address" value="subscriber number:4" type="EnumLong" lengthBit="3"/>
                           <field name="numbering plan" value="11" type="EnumLong" lengthBit="4"/>
                           <field name="digits" value="1375254941" type="Number_BCD" length="10"/>
                        </Bytes></AddressString.BoxedType></externalAddress.C0.BoxedType>
                  <extensionContainer.C1.Sequence>
                     <privateExtensionList.C0.BoxedType>
                        <Collection>
                           <PrivateExtension.Sequence>
                              <extId><ObjectIdentifier>0.1.272.108.74.43</ObjectIdentifier></extId>
                              <extType>61c6</extType>
                           </PrivateExtension.Sequence>
                           <PrivateExtension.Sequence>
                              <extId><ObjectIdentifier>0.1.2118.84.88.104.72.118.42.25</ObjectIdentifier></extId>
                              <extType>dda0ea8f4f6a50</extType>
                           </PrivateExtension.Sequence>
                           <PrivateExtension.Sequence>
                              <extId><ObjectIdentifier>0.1.2122.126.73.62.78.33.122.35.75.47</ObjectIdentifier></extId>
                              <extType>b505904b6db1d25460</extType>
                           </PrivateExtension.Sequence>
                        </Collection>
                     </privateExtensionList.C0.BoxedType>
                     <pcs_Extensions.C1.Sequence>
                        
                     </pcs_Extensions.C1.Sequence>
                  </extensionContainer.C1.Sequence>
               </clientIdentity.Sequence>
               <gmlc_Restriction.C0.Enum>
                  <EnumType>home_Country.1</EnumType>
               </gmlc_Restriction.C0.Enum>
               <notificationToMSUser.C1.Enum>
                  <EnumType>notifyLocationAllowed.0</EnumType>
               </notificationToMSUser.C1.Enum>
               <extensionContainer.C2.Sequence>
                  <privateExtensionList.C0.BoxedType>
                     <Collection>
                        <PrivateExtension.Sequence>
                           <extId><ObjectIdentifier>0.1.266.60.38</ObjectIdentifier></extId>
                           <extType>14b06355b0</extType>
                        </PrivateExtension.Sequence>
                        <PrivateExtension.Sequence>
                           <extId><ObjectIdentifier>0.1.228.66.103.80.117.72</ObjectIdentifier></extId>
                           <extType>3753fd66d8ce6af21dc1</extType>
                        </PrivateExtension.Sequence>
                        <PrivateExtension.Sequence>
                           <extId><ObjectIdentifier>0.1.287.121.117.29.23.81</ObjectIdentifier></extId>
                           <extType>43</extType>
                        </PrivateExtension.Sequence>
                     </Collection>
                  </privateExtensionList.C0.BoxedType>
                  <pcs_Extensions.C1.Sequence>
                     
                  </pcs_Extensions.C1.Sequence>
               </extensionContainer.C2.Sequence>
            </ExternalClient.Sequence>
         </Collection>
      </ext_externalClientList.C4.BoxedType>
      <serviceTypeList.C5.BoxedType>
         <Collection>
            <ServiceType.Sequence>
               <serviceTypeIdentity.BoxedType><Integer>0</Integer></serviceTypeIdentity.BoxedType>
               <gmlc_Restriction.C0.Enum>
                  <EnumType>gmlc_List.0</EnumType>
               </gmlc_Restriction.C0.Enum>
               <notificationToMSUser.C1.Enum>
                  <EnumType>notifyAndVerify_LocationNotAllowedIfNoResponse.2</EnumType>
               </notificationToMSUser.C1.Enum>
               <extensionContainer.C2.Sequence>
                  <privateExtensionList.C0.BoxedType>
                     <Collection>
                        <PrivateExtension.Sequence>
                           <extId><ObjectIdentifier>0.1.2102.92.21.48</ObjectIdentifier></extId>
                           <extType>436422</extType>
                        </PrivateExtension.Sequence>
                        <PrivateExtension.Sequence>
                           <extId><ObjectIdentifier>0.1.281</ObjectIdentifier></extId>
                           <extType>c7d33e</extType>
                        </PrivateExtension.Sequence>
                        <PrivateExtension.Sequence>
                           <extId><ObjectIdentifier>0.1.236.30.4.15.98.89.5.51.76.24</ObjectIdentifier></extId>
                           <extType>23435f</extType>
                        </PrivateExtension.Sequence>
                     </Collection>
                  </privateExtensionList.C0.BoxedType>
                  <pcs_Extensions.C1.Sequence>
                     
                  </pcs_Extensions.C1.Sequence>
               </extensionContainer.C2.Sequence>
            </ServiceType.Sequence>
            <ServiceType.Sequence>
               <serviceTypeIdentity.BoxedType><Integer>1</Integer></serviceTypeIdentity.BoxedType>
               <gmlc_Restriction.C0.Enum>
                  <EnumType>gmlc_List.0</EnumType>
               </gmlc_Restriction.C0.Enum>
               <notificationToMSUser.C1.Enum>
                  <EnumType>notifyAndVerify_LocationAllowedIfNoResponse.1</EnumType>
               </notificationToMSUser.C1.Enum>
               <extensionContainer.C2.Sequence>
                  <privateExtensionList.C0.BoxedType>
                     <Collection>
                        <PrivateExtension.Sequence>
                           <extId><ObjectIdentifier>0.1.248.44.91.85.48.36.62.118</ObjectIdentifier></extId>
                           <extType>9911702e</extType>
                        </PrivateExtension.Sequence>
                        <PrivateExtension.Sequence>
                           <extId><ObjectIdentifier>0.1.2110.37.85.14.7.58</ObjectIdentifier></extId>
                           <extType>ace3c0b952e8</extType>
                        </PrivateExtension.Sequence>
                        <PrivateExtension.Sequence>
                           <extId><ObjectIdentifier>0.1.25.32.65.16</ObjectIdentifier></extId>
                           <extType>ba26142002b79a</extType>
                        </PrivateExtension.Sequence>
                     </Collection>
                  </privateExtensionList.C0.BoxedType>
                  <pcs_Extensions.C1.Sequence>
                     
                  </pcs_Extensions.C1.Sequence>
               </extensionContainer.C2.Sequence>
            </ServiceType.Sequence>
            <ServiceType.Sequence>
               <serviceTypeIdentity.BoxedType><Integer>0</Integer></serviceTypeIdentity.BoxedType>
               <gmlc_Restriction.C0.Enum>
                  <EnumType>gmlc_List.0</EnumType>
               </gmlc_Restriction.C0.Enum>
               <notificationToMSUser.C1.Enum>
                  <EnumType>notifyAndVerify_LocationAllowedIfNoResponse.1</EnumType>
               </notificationToMSUser.C1.Enum>
               <extensionContainer.C2.Sequence>
                  <privateExtensionList.C0.BoxedType>
                     <Collection>
                        <PrivateExtension.Sequence>
                           <extId><ObjectIdentifier>0.1.27.114</ObjectIdentifier></extId>
                           <extType>6307fc</extType>
                        </PrivateExtension.Sequence>
                        <PrivateExtension.Sequence>
                           <extId><ObjectIdentifier>0.1.2111.0.99.103.120.66.34.60</ObjectIdentifier></extId>
                           <extType>b792986cc9a78f</extType>
                        </PrivateExtension.Sequence>
                        <PrivateExtension.Sequence>
                           <extId><ObjectIdentifier>0.1.2127.125.59.103.77.40.40.69</ObjectIdentifier></extId>
                           <extType>b58a83dfe6087f3c5513</extType>
                        </PrivateExtension.Sequence>
                     </Collection>
                  </privateExtensionList.C0.BoxedType>
                  <pcs_Extensions.C1.Sequence>
                     
                  </pcs_Extensions.C1.Sequence>
               </extensionContainer.C2.Sequence>
            </ServiceType.Sequence>
         </Collection>
      </serviceTypeList.C5.BoxedType>
   </LCS_PrivacyClass.Sequence>
</ASN>