<?xml version="1.0" encoding="ISO-8859-15"?>

<ASN layer="CAP">
   <LCS_PeriodicLocationRequestArg.Sequence>
      <referenceNumber.C0.BoxedType><Bytes>15
            <field name="LCS_ReferenceNumber" value="21" type="Integer" length="1"/>
         </Bytes></referenceNumber.C0.BoxedType>
      <periodicLDRInfo.C1.Sequence>
         <reportingAmount.BoxedType><Integer>1</Integer></reportingAmount.BoxedType>
         <reportingInterval.BoxedType><Integer>1</Integer></reportingInterval.BoxedType>
      </periodicLDRInfo.C1.Sequence>
      <lcsClientExternalID.C2.Sequence>
         <externalAddress.C0.BoxedType><AddressString.BoxedType><Bytes>2328832370f6
                  <field name="extension" value="extension:0" type="EnumLong" lengthBit="1"/>
                  <field name="nature of address" value="national significant number:2" type="EnumLong" lengthBit="3"/>
                  <field name="numbering plan" value="data numbering plan (ITU-T Rec X.121):3" type="EnumLong" lengthBit="4"/>
                  <field name="digits" value="823832076" type="Number_BCD" length="9"/>
               </Bytes></AddressString.BoxedType></externalAddress.C0.BoxedType>
         <extensionContainer.C1.Sequence>
            <privateExtensionList.C0.BoxedType>
               <Collection>
                  <PrivateExtension.Sequence>
                     <extId><ObjectIdentifier>0.1.288.113.86.32.57.117</ObjectIdentifier></extId>
                     <extType>c3227483</extType>
                  </PrivateExtension.Sequence>
                  <PrivateExtension.Sequence>
                     <extId><ObjectIdentifier>0.1.2</ObjectIdentifier></extId>
                     <extType>d3fc7d34</extType>
                  </PrivateExtension.Sequence>
                  <PrivateExtension.Sequence>
                     <extId><ObjectIdentifier>0.1.2118.27</ObjectIdentifier></extId>
                     <extType>cbc6f81043</extType>
                  </PrivateExtension.Sequence>
               </Collection>
            </privateExtensionList.C0.BoxedType>
            <pcs_Extensions.C1.Sequence>
               
            </pcs_Extensions.C1.Sequence>
         </extensionContainer.C1.Sequence>
      </lcsClientExternalID.C2.Sequence>
      <qoS.C3.Sequence>
         <horizontal_accuracy.C0.BoxedType><Bytes>3c
               <field name="Accuracy" value="3 km:60" type="EnumLong" length="1"/>
            </Bytes></horizontal_accuracy.C0.BoxedType>
         <verticalCoordinateRequest.C1></verticalCoordinateRequest.C1>
         <vertical_accuracy.C2.BoxedType><Bytes>47
               <field name="Accuracy" value="NA4:71" type="EnumLong" length="1"/>
            </Bytes></vertical_accuracy.C2.BoxedType>
         <responseTime.C3.Sequence><responseTimeCategory.Enum>
               <EnumType>delaytolerant.1</EnumType>
            </responseTimeCategory.Enum></responseTime.C3.Sequence>
         <extensionContainer.C4.Sequence>
            <privateExtensionList.C0.BoxedType>
               <Collection>
                  <PrivateExtension.Sequence>
                     <extId><ObjectIdentifier>0.1.293.7.67.68.14.105.125.108</ObjectIdentifier></extId>
                     <extType>7c3bb0bffd2271</extType>
                  </PrivateExtension.Sequence>
                  <PrivateExtension.Sequence>
                     <extId><ObjectIdentifier>0.1.2106.45.69.115.117</ObjectIdentifier></extId>
                     <extType>6ad73f98</extType>
                  </PrivateExtension.Sequence>
                  <PrivateExtension.Sequence>
                     <extId><ObjectIdentifier>0.1.2</ObjectIdentifier></extId>
                     <extType>f0d495b238</extType>
                  </PrivateExtension.Sequence>
               </Collection>
            </privateExtensionList.C0.BoxedType>
            <pcs_Extensions.C1.Sequence>
               
            </pcs_Extensions.C1.Sequence>
         </extensionContainer.C4.Sequence>
         <velocityRequest.C5></velocityRequest.C5>
      </qoS.C3.Sequence>
      <h_gmlc_address.C4.BoxedType><Bytes>7fafe4bb31
            <field name="Address type" value="IPV6:1" type="EnumLong" lengthBit="2"/>
            <field name="AddressLength" value="63" type="Integer" lengthBit="6"/>
            <field name="IPV4 address" value="175.228.187.49" type="IPV4Address" length="4"/>
         </Bytes></h_gmlc_address.C4.BoxedType>
      <mo_lrShortCircuit.C5></mo_lrShortCircuit.C5>
      <reportingPLMNList.C6.Sequence>
         <plmn_ListPrioritized.C0></plmn_ListPrioritized.C0>
         <plmn_List.C1.BoxedType>
            <Collection>
               <ReportingPLMN.Sequence>
                  <plmn_Id.C0.BoxedType><Bytes>a28a671a82832b066ce6</Bytes></plmn_Id.C0.BoxedType>
                  <ran_Technology.C1.Enum>
                     <EnumType>umts.1</EnumType>
                  </ran_Technology.C1.Enum>
                  <ran_PeriodicLocationSupport.C2></ran_PeriodicLocationSupport.C2>
               </ReportingPLMN.Sequence>
               <ReportingPLMN.Sequence>
                  <plmn_Id.C0.BoxedType><Bytes>5ad18e47b3</Bytes></plmn_Id.C0.BoxedType>
                  <ran_Technology.C1.Enum>
                     <EnumType>gsm.0</EnumType>
                  </ran_Technology.C1.Enum>
                  <ran_PeriodicLocationSupport.C2></ran_PeriodicLocationSupport.C2>
               </ReportingPLMN.Sequence>
               <ReportingPLMN.Sequence>
                  <plmn_Id.C0.BoxedType><Bytes>4269faf92dca3cfbe7</Bytes></plmn_Id.C0.BoxedType>
                  <ran_Technology.C1.Enum>
                     <EnumType>umts.1</EnumType>
                  </ran_Technology.C1.Enum>
                  <ran_PeriodicLocationSupport.C2></ran_PeriodicLocationSupport.C2>
               </ReportingPLMN.Sequence>
            </Collection>
         </plmn_List.C1.BoxedType>
      </reportingPLMNList.C6.Sequence>
   </LCS_PeriodicLocationRequestArg.Sequence>
</ASN>