<?xml version="1.0" encoding="ISO-8859-15"?>

<ASN layer="CAP">
   <LCS_AreaEventCancellationArg.Sequence>
      <referenceNumber.C0.BoxedType><Bytes>11
            <field name="LCS_ReferenceNumber" value="17" type="Integer" length="1"/>
         </Bytes></referenceNumber.C0.BoxedType>
      <h_gmlc_address.C1.BoxedType><Bytes>7e1cb6ac5f
            <field name="Address type" value="IPV6:1" type="EnumLong" lengthBit="2"/>
            <field name="AddressLength" value="62" type="Integer" lengthBit="6"/>
            <field name="IPV4 address" value="28.182.172.95" type="IPV4Address" length="4"/>
         </Bytes></h_gmlc_address.C1.BoxedType>
   </LCS_AreaEventCancellationArg.Sequence>
</ASN>