<?xml version="1.0" encoding="ISO-8859-15"?>

<ASN layer="CAP">
   <LCS_PeriodicLocationCancellationArg.Sequence>
      <referenceNumber.C0.BoxedType><Bytes>be
            <field name="LCS_ReferenceNumber" value="190" type="Integer" length="1"/>
         </Bytes></referenceNumber.C0.BoxedType>
      <h_gmlc_address.C1.BoxedType><Bytes>2577b17ccc
            <field name="Address type" value="IPV4:0" type="EnumLong" lengthBit="2"/>
            <field name="AddressLength" value="37" type="Integer" lengthBit="6"/>
            <field name="IPV4 address" value="119.177.124.204" type="IPV4Address" length="4"/>
         </Bytes></h_gmlc_address.C1.BoxedType>
   </LCS_PeriodicLocationCancellationArg.Sequence>
</ASN>