<?xml version="1.0" encoding="ISO-8859-15"?>

<ASN layer="CAP">
   <LCS_AreaEventRequestArg.Sequence>
      <referenceNumber.C0.BoxedType><Bytes>1e
            <field name="LCS_ReferenceNumber" value="30" type="Integer" length="1"/>
         </Bytes></referenceNumber.C0.BoxedType>
      <h_gmlc_address.C1.BoxedType><Bytes>3355e60013
            <field name="Address type" value="IPV4:0" type="EnumLong" lengthBit="2"/>
            <field name="AddressLength" value="51" type="Integer" lengthBit="6"/>
            <field name="IPV4 address" value="85.230.0.19" type="IPV4Address" length="4"/>
         </Bytes></h_gmlc_address.C1.BoxedType>
      <deferredLocationEventType.C3.BoxedType><BitString><BitString value="dfeb" trailing="0"/></BitString></deferredLocationEventType.C3.BoxedType>
      <areaEventInfo.C4.Sequence>
         <areaDefinition.C0.Sequence><areaList.C0.BoxedType>
               <Collection>
                  <Area.Sequence>
                     <areaType.C0.Enum>
                        <EnumType>plmnId.1</EnumType>
                     </areaType.C0.Enum>
                     <areaIdentification.C1.BoxedType><Bytes>52f467849ce9d9e2
                           <field name="MMC" value="254,76" type="NumberMMC" length="3"/>
                           <field name="LAC" value="33948" type="Integer" length="2"/>
                           <field name="RAC" value="233" type="Integer" length="1"/>
                           <field name="CI" value="55778" type="Integer" length="2"/>
                        </Bytes></areaIdentification.C1.BoxedType>
                  </Area.Sequence>
                  <Area.Sequence>
                     <areaType.C0.Enum>
                        <EnumType>locationAreaId.2</EnumType>
                     </areaType.C0.Enum>
                     <areaIdentification.C1.BoxedType><Bytes>41738139dcf14c7a
                           <field name="MMC" value="143,187" type="NumberMMC" length="3"/>
                           <field name="LAC" value="14812" type="Integer" length="2"/>
                           <field name="RAC" value="241" type="Integer" length="1"/>
                           <field name="CI" value="19578" type="Integer" length="2"/>
                        </Bytes></areaIdentification.C1.BoxedType>
                  </Area.Sequence>
                  <Area.Sequence>
                     <areaType.C0.Enum>
                        <EnumType>locationAreaId.2</EnumType>
                     </areaType.C0.Enum>
                     <areaIdentification.C1.BoxedType><Bytes>2281616236eaa490
                           <field name="MMC" value="221,168" type="NumberMMC" length="3"/>
                           <field name="LAC" value="25142" type="Integer" length="2"/>
                           <field name="RAC" value="234" type="Integer" length="1"/>
                           <field name="CI" value="42128" type="Integer" length="2"/>
                        </Bytes></areaIdentification.C1.BoxedType>
                  </Area.Sequence>
               </Collection>
            </areaList.C0.BoxedType></areaDefinition.C0.Sequence>
         <occurrenceInfo.C1.Enum>
            <EnumType>multipleTimeEvent.1</EnumType>
         </occurrenceInfo.C1.Enum>
         <intervalTime.C2.BoxedType><Integer>1</Integer></intervalTime.C2.BoxedType>
      </areaEventInfo.C4.Sequence>
   </LCS_AreaEventRequestArg.Sequence>
</ASN>