<?xml version="1.0" encoding="ISO-8859-15"?>

<ASN layer="CAP">
   <LCS_MOLRArg.Sequence>
      <molr_Type.C0.Enum>
         <EnumType>deferredMo_lrSelfLocationInitiation.4</EnumType>
      </molr_Type.C0.Enum>
      <locationMethod.C1.Enum>
         <EnumType>msAssistedEOTD.1</EnumType>
      </locationMethod.C1.Enum>
      <lcs_QoS.C2.Sequence>
         <horizontal_accuracy.C0.BoxedType><Bytes>b1
               <field name="Accuracy" value="Reserved:177" type="EnumLong" length="1"/>
            </Bytes></horizontal_accuracy.C0.BoxedType>
         <verticalCoordinateRequest.C1></verticalCoordinateRequest.C1>
         <vertical_accuracy.C2.BoxedType><Bytes>59
               <field name="Accuracy" value="NA5:89" type="EnumLong" length="1"/>
            </Bytes></vertical_accuracy.C2.BoxedType>
         <responseTime.C3.Sequence><responseTimeCategory.Enum>
               <EnumType>delaytolerant.1</EnumType>
            </responseTimeCategory.Enum></responseTime.C3.Sequence>
         <extensionContainer.C4.Sequence>
            <privateExtensionList.C0.BoxedType>
               <Collection>
                  <PrivateExtension.Sequence>
                     <extId><ObjectIdentifier>0.1.295.91.53.14.118</ObjectIdentifier></extId>
                     <extType>a1b3</extType>
                  </PrivateExtension.Sequence>
                  <PrivateExtension.Sequence>
                     <extId><ObjectIdentifier>0.1.256.4.35.5.94.65.39.96.101.11</ObjectIdentifier></extId>
                     <extType>8ea0</extType>
                  </PrivateExtension.Sequence>
                  <PrivateExtension.Sequence>
                     <extId><ObjectIdentifier>0.1.2118.117.24.1.126.63.13.20.84</ObjectIdentifier></extId>
                     <extType>3b936c953e</extType>
                  </PrivateExtension.Sequence>
               </Collection>
            </privateExtensionList.C0.BoxedType>
            <pcs_Extensions.C1.Sequence>
               
            </pcs_Extensions.C1.Sequence>
         </extensionContainer.C4.Sequence>
         <velocityRequest.C5></velocityRequest.C5>
      </lcs_QoS.C2.Sequence>
      <lcsClientExternalID.C3.Sequence>
         <externalAddress.C0.BoxedType><AddressString.BoxedType><Bytes>e368481747f8
                  <field name="extension" value="no extension:1" type="EnumLong" lengthBit="1"/>
                  <field name="nature of address" value="abbreviated number:6" type="EnumLong" lengthBit="3"/>
                  <field name="numbering plan" value="data numbering plan (ITU-T Rec X.121):3" type="EnumLong" lengthBit="4"/>
                  <field name="digits" value="868471748" type="Number_BCD" length="9"/>
               </Bytes></AddressString.BoxedType></externalAddress.C0.BoxedType>
         <extensionContainer.C1.Sequence>
            <privateExtensionList.C0.BoxedType>
               <Collection>
                  <PrivateExtension.Sequence>
                     <extId><ObjectIdentifier>0.1.210.18.37.20.53.36</ObjectIdentifier></extId>
                     <extType>0282f9bc71</extType>
                  </PrivateExtension.Sequence>
                  <PrivateExtension.Sequence>
                     <extId><ObjectIdentifier>0.1.2117.100.61.113.128.125.7</ObjectIdentifier></extId>
                     <extType>a3</extType>
                  </PrivateExtension.Sequence>
                  <PrivateExtension.Sequence>
                     <extId><ObjectIdentifier>0.1.2</ObjectIdentifier></extId>
                     <extType>26c22a</extType>
                  </PrivateExtension.Sequence>
               </Collection>
            </privateExtensionList.C0.BoxedType>
            <pcs_Extensions.C1.Sequence>
               
            </pcs_Extensions.C1.Sequence>
         </extensionContainer.C1.Sequence>
      </lcsClientExternalID.C3.Sequence>
      <mlc_Number.C4.BoxedType><AddressString.BoxedType><Bytes>3052911686f7
               <field name="extension" value="extension:0" type="EnumLong" lengthBit="1"/>
               <field name="nature of address" value="network specific number:3" type="EnumLong" lengthBit="3"/>
               <field name="numbering plan" value="unknown:0" type="EnumLong" lengthBit="4"/>
               <field name="digits" value="251961687" type="Number_BCD" length="9"/>
            </Bytes></AddressString.BoxedType></mlc_Number.C4.BoxedType>
      <gpsAssistanceData.C5.BoxedType><Bytes>bd6b863de1b9cf5026</Bytes></gpsAssistanceData.C5.BoxedType>
      <supportedGADShapes.C6.BoxedType><BitString><BitString value="9db65eb5ab90e45a74" trailing="0"/></BitString></supportedGADShapes.C6.BoxedType>
      <lcsServiceTypeID.C7.BoxedType><Integer>1</Integer></lcsServiceTypeID.C7.BoxedType>
      <ageOfLocationInfo.C8.BoxedType><Integer>0 minut = currently in contact:0</Integer></ageOfLocationInfo.C8.BoxedType>
      <locationType.C9.Sequence>
         <locationEstimateType.C0.Enum>
            <EnumType>currentOrLastKnownLocation.1</EnumType>
         </locationEstimateType.C0.Enum>
         <deferredLocationEventType.C1.BoxedType><BitString><BitString value="d110b32e9ca48127" trailing="0"/></BitString></deferredLocationEventType.C1.BoxedType>
      </locationType.C9.Sequence>
      <pseudonymIndicator.C10></pseudonymIndicator.C10>
      <h_gmlc_address.C11.BoxedType><Bytes>5b723b485e
            <field name="Address type" value="IPV6:1" type="EnumLong" lengthBit="2"/>
            <field name="AddressLength" value="27" type="Integer" lengthBit="6"/>
            <field name="IPV4 address" value="114.59.72.94" type="IPV4Address" length="4"/>
         </Bytes></h_gmlc_address.C11.BoxedType>
      <locationEstimate.C12.BoxedType><Bytes>c146752fd9d5051d438743423476
            <field name="TypeOfShape" value="Reserved for future use:12" type="EnumLong" lengthBit="4"/>
            <field name="spare" value="1" type="Integer" lengthBit="4"/>
            <field name="DegreesOfLatitude" value="4617519" type="Integer" length="3"/>
            <field name="DegreesOfLongitude" value="14275845" type="Integer" length="3"/>
            <field name="Altitude" value="7491" type="Integer" length="2"/>
            <field name="UncertaintySemi-MajorAxis" value="135" type="Integer" length="1"/>
            <field name="UncertaintySemi-MinorAxis" value="67" type="Integer" length="1"/>
            <field name="AngleOfMajorAxis" value="66" type="Integer" length="1"/>
            <field name="UncertaintyAltitude" value="52" type="Integer" length="1"/>
            <field name="Confidence" value="118" type="Integer" length="1"/>
         </Bytes></locationEstimate.C12.BoxedType>
      <velocityEstimate.C13.BoxedType><Bytes>75bb92ba4a40c0</Bytes></velocityEstimate.C13.BoxedType>
      <referenceNumber.C14.BoxedType><Bytes>6e
            <field name="LCS_ReferenceNumber" value="110" type="Integer" length="1"/>
         </Bytes></referenceNumber.C14.BoxedType>
      <periodicLDRInfo.C15.Sequence>
         <reportingAmount.BoxedType><Integer>0</Integer></reportingAmount.BoxedType>
         <reportingInterval.BoxedType><Integer>2</Integer></reportingInterval.BoxedType>
      </periodicLDRInfo.C15.Sequence>
      <locationUpdateRequest.C16></locationUpdateRequest.C16>
      <sequenceNumber.C17.BoxedType><Integer>1</Integer></sequenceNumber.C17.BoxedType>
      <terminationCause.C18.Enum>
         <EnumType>subscriberTermination.0</EnumType>
      </terminationCause.C18.Enum>
      <mo_lrShortCircuit.C19></mo_lrShortCircuit.C19>
      <ganssAssistanceData.C20.BoxedType><Bytes>57a86ff4</Bytes></ganssAssistanceData.C20.BoxedType>
      <multiplePositioningProtocolPDUs.C21.BoxedType>
         <Collection>
            <PositioningProtocolPDU.BoxedType><Bytes>22c74fe7</Bytes></PositioningProtocolPDU.BoxedType>
            <PositioningProtocolPDU.BoxedType><Bytes>05d32aae6540843e</Bytes></PositioningProtocolPDU.BoxedType>
            <PositioningProtocolPDU.BoxedType><Bytes>c5386ccfd70296</Bytes></PositioningProtocolPDU.BoxedType>
         </Collection>
      </multiplePositioningProtocolPDUs.C21.BoxedType>
   </LCS_MOLRArg.Sequence>
</ASN>