<?xml version="1.0" encoding="ISO-8859-15"?>

<ASN layer="CAP">
   <LocationNotificationArg.Sequence>
      <notificationType.C0.Enum>
         <EnumType>notifyAndVerify_LocationNotAllowedIfNoResponse.2</EnumType>
      </notificationType.C0.Enum>
      <locationType.C1.Sequence>
         <locationEstimateType.C0.Enum>
            <EnumType>cancelDeferredLocation.4</EnumType>
         </locationEstimateType.C0.Enum>
         <deferredLocationEventType.C1.BoxedType><BitString><BitString value="3f4b7399ce1599e2da681a5d95" trailing="0"/></BitString></deferredLocationEventType.C1.BoxedType>
      </locationType.C1.Sequence>
      <lcsClientExternalID.C2.Sequence>
         <externalAddress.C0.BoxedType><AddressString.BoxedType><Bytes>895103663320
                  <field name="extension" value="no extension:1" type="EnumLong" lengthBit="1"/>
                  <field name="nature of address" value="unknown:0" type="EnumLong" lengthBit="3"/>
                  <field name="numbering plan" value="private numbering plan:9" type="EnumLong" lengthBit="4"/>
                  <field name="digits" value="1530663302" type="Number_BCD" length="10"/>
               </Bytes></AddressString.BoxedType></externalAddress.C0.BoxedType>
         <extensionContainer.C1.Sequence>
            <privateExtensionList.C0.BoxedType>
               <Collection>
                  <PrivateExtension.Sequence>
                     <extId><ObjectIdentifier>0.1.293.55.2</ObjectIdentifier></extId>
                     <extType>7cc6cb1249</extType>
                  </PrivateExtension.Sequence>
                  <PrivateExtension.Sequence>
                     <extId><ObjectIdentifier>0.1.2</ObjectIdentifier></extId>
                     <extType>6f3f17a44b81735d</extType>
                  </PrivateExtension.Sequence>
                  <PrivateExtension.Sequence>
                     <extId><ObjectIdentifier>0.1.257.123</ObjectIdentifier></extId>
                     <extType>44</extType>
                  </PrivateExtension.Sequence>
               </Collection>
            </privateExtensionList.C0.BoxedType>
            <pcs_Extensions.C1.Sequence>
               
            </pcs_Extensions.C1.Sequence>
         </extensionContainer.C1.Sequence>
      </lcsClientExternalID.C2.Sequence>
      <lcsClientName.C3.Sequence>
         <dataCodingScheme.C0.BoxedType><Bytes>c7
               <field name="Coding Group Bits" value="Reserved coding groups:12" type="EnumLong" lengthBit="4"/>
               <field name="Alphabet" value="8 bit data {UTF-8}:1" type="EnumLong" lengthBit="2"/>
               <field name="Message Class" value="Class 3 Default meaning TE specific:3" type="EnumLong" lengthBit="2"/>
            </Bytes></dataCodingScheme.C0.BoxedType>
         <nameString.C2.BoxedType><USSD_String.BoxedType><Bytes>71629ed92fac5f
                  <field name="binary" value="71629ed92fac5f" type="Binary" length="7"/>
               </Bytes></USSD_String.BoxedType></nameString.C2.BoxedType>
         <lcs_FormatIndicator.C3.Enum>
            <EnumType>logicalName.0</EnumType>
         </lcs_FormatIndicator.C3.Enum>
      </lcsClientName.C3.Sequence>
      <lcsRequestorID.C4.Sequence>
         <dataCodingScheme.C0.BoxedType><Bytes>5d
               <field name="Coding Group Bits" value="General Data Coding indication:5" type="EnumLong" lengthBit="4"/>
               <field name="Alphabet" value="Reserved:3" type="EnumLong" lengthBit="2"/>
               <field name="Message Class" value="Class 1 Default meaning ME-specific:1" type="EnumLong" lengthBit="2"/>
            </Bytes></dataCodingScheme.C0.BoxedType>
         <requestorIDString.C1.BoxedType><USSD_String.BoxedType><Bytes>71ecddc27ac2
                  <field name="binary" value="71ecddc27ac2" type="Binary" length="6"/>
               </Bytes></USSD_String.BoxedType></requestorIDString.C1.BoxedType>
         <lcs_FormatIndicator.C2.Enum>
            <EnumType>url.3</EnumType>
         </lcs_FormatIndicator.C2.Enum>
      </lcsRequestorID.C4.Sequence>
      <lcsCodeword.C5.Sequence>
         <dataCodingScheme.C0.BoxedType><Bytes>b3
               <field name="Coding Group Bits" value="Reserved coding groups:11" type="EnumLong" lengthBit="4"/>
               <field name="Alphabet" value="Default alphabet {SCGSM}:0" type="EnumLong" lengthBit="2"/>
               <field name="Message Class" value="Class 3 Default meaning TE specific:3" type="EnumLong" lengthBit="2"/>
            </Bytes></dataCodingScheme.C0.BoxedType>
         <lcsCodewordString.C1.BoxedType><USSD_String.BoxedType><Bytes>9dfe2ac89dba61
                  <field name="binary" value="9dfe2ac89dba61" type="Binary" length="7"/>
               </Bytes></USSD_String.BoxedType></lcsCodewordString.C1.BoxedType>
      </lcsCodeword.C5.Sequence>
      <lcsServiceTypeID.C6.BoxedType><Integer>1</Integer></lcsServiceTypeID.C6.BoxedType>
   </LocationNotificationArg.Sequence>
</ASN>