<?xml version="1.0" encoding="ISO-8859-15"?>

<ASN layer="CAP">
   <LSAData.Sequence>
      <lsaIdentity.C0.BoxedType><Bytes>66023a
            <field name="LSA type" value="PLMN significant number:0" type="EnumLong" lengthBit="1"/>
            <field name="Identifier" value="6685242" type="Integer" lengthBit="23"/>
         </Bytes></lsaIdentity.C0.BoxedType>
      <lsaAttributes.C1.BoxedType><Bytes>eab952cf97a86667</Bytes></lsaAttributes.C1.BoxedType>
      <lsaActiveModeIndicator.C2></lsaActiveModeIndicator.C2>
      <extensionContainer.C3.Sequence>
         <privateExtensionList.C0.BoxedType>
            <Collection>
               <PrivateExtension.Sequence>
                  <extId><ObjectIdentifier>0.1.2</ObjectIdentifier></extId>
                  <extType>577c6753</extType>
               </PrivateExtension.Sequence>
               <PrivateExtension.Sequence>
                  <extId><ObjectIdentifier>0.1.227.104.103.107.28.114.81.21.98</ObjectIdentifier></extId>
                  <extType>2872</extType>
               </PrivateExtension.Sequence>
               <PrivateExtension.Sequence>
                  <extId><ObjectIdentifier>0.1.259.4.88.114</ObjectIdentifier></extId>
                  <extType>010bf01413</extType>
               </PrivateExtension.Sequence>
            </Collection>
         </privateExtensionList.C0.BoxedType>
         <pcs_Extensions.C1.Sequence>
            
         </pcs_Extensions.C1.Sequence>
      </extensionContainer.C3.Sequence>
   </LSAData.Sequence>
</ASN>