<?xml version="1.0" encoding="ISO-8859-15"?>

<ASN layer="CAP">
   <MessageWaitListFullParam.Sequence><extensionContainer.Sequence>
         <privateExtensionList.C0.BoxedType>
            <Collection>
               <PrivateExtension.Sequence>
                  <extId><ObjectIdentifier>0.1.278.3.8.84.61.11.81</ObjectIdentifier></extId>
                  <extType>51c3bfd19e22cb3700</extType>
               </PrivateExtension.Sequence>
               <PrivateExtension.Sequence>
                  <extId><ObjectIdentifier>0.1.246.13</ObjectIdentifier></extId>
                  <extType>cce7d268dba0b00feac7</extType>
               </PrivateExtension.Sequence>
               <PrivateExtension.Sequence>
                  <extId><ObjectIdentifier>0.1.286.112.122.93.50.80.99.121</ObjectIdentifier></extId>
                  <extType>63b48fb6af9e8b6c6f5b</extType>
               </PrivateExtension.Sequence>
            </Collection>
         </privateExtensionList.C0.BoxedType>
         <pcs_Extensions.C1.Sequence>
            
         </pcs_Extensions.C1.Sequence>
      </extensionContainer.Sequence></MessageWaitListFullParam.Sequence>
</ASN>