<?xml version="1.0" encoding="ISO-8859-15"?>

<ASN layer="CAP">
   <MetDPCriterion.Choice>
      <enteringCellGlobalId.C0.BoxedType><Bytes>32f102427e3de9
            <field name="MMC" value="231,20" type="NumberMMC" length="3"/>
            <field name="LAC" value="17022" type="Integer" length="2"/>
            <field name="CI_SAC" value="15849" type="Integer" length="2"/>
         </Bytes></enteringCellGlobalId.C0.BoxedType>
      <leavingCellGlobalId.C1.BoxedType><Bytes>52f0726759cf58
            <field name="MMC" value="250,27" type="NumberMMC" length="3"/>
            <field name="LAC" value="26457" type="Integer" length="2"/>
            <field name="CI_SAC" value="53080" type="Integer" length="2"/>
         </Bytes></leavingCellGlobalId.C1.BoxedType>
      <enteringServiceAreaId.C2.BoxedType><Bytes>5281510fb6fe1d
            <field name="MMC" value="251,158" type="NumberMMC" length="3"/>
            <field name="LAC" value="4022" type="Integer" length="2"/>
            <field name="CI_SAC" value="65053" type="Integer" length="2"/>
         </Bytes></enteringServiceAreaId.C2.BoxedType>
      <leavingServiceAreaId.C3.BoxedType><Bytes>22f769527d53e2
            <field name="MMC" value="227,96" type="NumberMMC" length="3"/>
            <field name="LAC" value="21117" type="Integer" length="2"/>
            <field name="CI_SAC" value="21474" type="Integer" length="2"/>
         </Bytes></leavingServiceAreaId.C3.BoxedType>
      <enteringLocationAreaId.C4.BoxedType><Bytes>41f113ca11
            <field name="MMC" value="141,31" type="NumberMMC" length="3"/>
            <field name="LAC" value="51729" type="Integer" length="2"/>
         </Bytes></enteringLocationAreaId.C4.BoxedType>
      <leavingLocationAreaId.C5.BoxedType><Bytes>4284317da4
            <field name="MMC" value="244,138" type="NumberMMC" length="3"/>
            <field name="LAC" value="32164" type="Integer" length="2"/>
         </Bytes></leavingLocationAreaId.C5.BoxedType>
      <inter_SystemHandOverToUMTS.C6></inter_SystemHandOverToUMTS.C6>
      <inter_SystemHandOverToGSM.C7></inter_SystemHandOverToGSM.C7>
      <inter_PLMNHandOver.C8></inter_PLMNHandOver.C8>
      <inter_MSCHandOver.C9></inter_MSCHandOver.C9>
      <metDPCriterionAlt.C10.Sequence>
         
      </metDPCriterionAlt.C10.Sequence>
   </MetDPCriterion.Choice>
</ASN>