<?xml version="1.0" encoding="ISO-8859-15"?>

<ASN layer="CAP">
   <MM_EventNotSupported_Param.Sequence><extensionContainer.Sequence>
         <privateExtensionList.C0.BoxedType>
            <Collection>
               <PrivateExtension.Sequence>
                  <extId><ObjectIdentifier>0.1.2118.4.106.51.48.36.11.124</ObjectIdentifier></extId>
                  <extType>c98de29d83</extType>
               </PrivateExtension.Sequence>
               <PrivateExtension.Sequence>
                  <extId><ObjectIdentifier>0.1.250.29.5.94.72.37.71</ObjectIdentifier></extId>
                  <extType>e7df</extType>
               </PrivateExtension.Sequence>
               <PrivateExtension.Sequence>
                  <extId><ObjectIdentifier>0.1.2110.36.88.119.119.50.31.19</ObjectIdentifier></extId>
                  <extType>a47ecb404be61b</extType>
               </PrivateExtension.Sequence>
            </Collection>
         </privateExtensionList.C0.BoxedType>
         <pcs_Extensions.C1.Sequence>
            
         </pcs_Extensions.C1.Sequence>
      </extensionContainer.Sequence></MM_EventNotSupported_Param.Sequence>
</ASN>