<?xml version="1.0" encoding="ISO-8859-15"?>

<ASN layer="CAP">
   <MO_ForwardSM_Res.Sequence>
      <sm_RP_UI.BoxedType><Bytes>9972bd9a246f10</Bytes></sm_RP_UI.BoxedType>
      <extensionContainer.Sequence>
         <privateExtensionList.C0.BoxedType>
            <Collection>
               <PrivateExtension.Sequence>
                  <extId><ObjectIdentifier>0.1.2108.41.100.80.118.127.113.105</ObjectIdentifier></extId>
                  <extType>e5f5b92b38f5e841</extType>
               </PrivateExtension.Sequence>
               <PrivateExtension.Sequence>
                  <extId><ObjectIdentifier>0.1.254.89.46.98</ObjectIdentifier></extId>
                  <extType>7e25ec115b8d7206d2</extType>
               </PrivateExtension.Sequence>
               <PrivateExtension.Sequence>
                  <extId><ObjectIdentifier>0.1.263.67.38.86.66.54.22.97.101.54</ObjectIdentifier></extId>
                  <extType>08</extType>
               </PrivateExtension.Sequence>
            </Collection>
         </privateExtensionList.C0.BoxedType>
         <pcs_Extensions.C1.Sequence>
            
         </pcs_Extensions.C1.Sequence>
      </extensionContainer.Sequence>
   </MO_ForwardSM_Res.Sequence>
</ASN>