<?xml version="1.0" encoding="ISO-8859-15"?>

<ASN layer="CAP">
   <MO_ForwardSM_Arg.Sequence>
      <sm_RP_DA.Choice>
         <imsi.C0.BoxedType><TBCD_STRING.BoxedType><Bytes>4102049780
                  <field name="digits" value="1420407908" type="Number_BCD" length="10"/>
               </Bytes></TBCD_STRING.BoxedType></imsi.C0.BoxedType>
         <lmsi.C1.BoxedType><Bytes>b9360df8a3
               <field name="digits" value="b9360df8a3" type="Binary" length="5"/>
            </Bytes></lmsi.C1.BoxedType>
         <serviceCentreAddressDA.C4.BoxedType><Bytes>349131362229
               <field name="extension" value="extension:0" type="EnumLong" lengthBit="1"/>
               <field name="nature of address" value="network specific number:3" type="EnumLong" lengthBit="3"/>
               <field name="numbering plan" value="telex numbering plan (ITU-T Rec F.69):4" type="EnumLong" lengthBit="4"/>
               <field name="digits" value="1913632292" type="Number_BCD" length="10"/>
            </Bytes></serviceCentreAddressDA.C4.BoxedType>
         <noSM_RP_DA.C5></noSM_RP_DA.C5>
      </sm_RP_DA.Choice>
      <sm_RP_OA.Choice>
         <msisdn.C2.BoxedType><AddressString.BoxedType><Bytes>b90292896001
                  <field name="extension" value="no extension:1" type="EnumLong" lengthBit="1"/>
                  <field name="nature of address" value="network specific number:3" type="EnumLong" lengthBit="3"/>
                  <field name="numbering plan" value="private numbering plan:9" type="EnumLong" lengthBit="4"/>
                  <field name="digits" value="2029980610" type="Number_BCD" length="10"/>
               </Bytes></AddressString.BoxedType></msisdn.C2.BoxedType>
         <serviceCentreAddressOA.C4.BoxedType><Bytes>1e0150387138
               <field name="extension" value="extension:0" type="EnumLong" lengthBit="1"/>
               <field name="nature of address" value="international number:1" type="EnumLong" lengthBit="3"/>
               <field name="numbering plan" value="14" type="EnumLong" lengthBit="4"/>
               <field name="digits" value="1005831783" type="Number_BCD" length="10"/>
            </Bytes></serviceCentreAddressOA.C4.BoxedType>
         <noSM_RP_OA.C5></noSM_RP_OA.C5>
      </sm_RP_OA.Choice>
      <sm_RP_UI.BoxedType><Bytes>918f0e757a5ceca5e677</Bytes></sm_RP_UI.BoxedType>
      <extensionContainer.Sequence>
         <privateExtensionList.C0.BoxedType>
            <Collection>
               <PrivateExtension.Sequence>
                  <extId><ObjectIdentifier>0.1.2105.53</ObjectIdentifier></extId>
                  <extType>47</extType>
               </PrivateExtension.Sequence>
               <PrivateExtension.Sequence>
                  <extId><ObjectIdentifier>0.1.266.125.16.45.73</ObjectIdentifier></extId>
                  <extType>981478</extType>
               </PrivateExtension.Sequence>
               <PrivateExtension.Sequence>
                  <extId><ObjectIdentifier>0.1.2119.65.51.121.90.122.66.122.118.7</ObjectIdentifier></extId>
                  <extType>c1368a</extType>
               </PrivateExtension.Sequence>
            </Collection>
         </privateExtensionList.C0.BoxedType>
         <pcs_Extensions.C1.Sequence>
            
         </pcs_Extensions.C1.Sequence>
      </extensionContainer.Sequence>
      <imsi.BoxedType><TBCD_STRING.BoxedType><Bytes>66134592f9
               <field name="digits" value="663154299" type="Number_BCD" length="9"/>
            </Bytes></TBCD_STRING.BoxedType></imsi.BoxedType>
      <correlationID.C0.BoxedType><Digits.BoxedType><Bytes>d07898e7</Bytes></Digits.BoxedType></correlationID.C0.BoxedType>
      <sm_DeliveryOutcome.C1.Enum>
         <EnumType>successfulTransfer.2</EnumType>
      </sm_DeliveryOutcome.C1.Enum>
   </MO_ForwardSM_Arg.Sequence>
</ASN>