<?xml version="1.0" encoding="ISO-8859-15"?>

<ASN layer="CAP">
   <MOLR_Class.Sequence>
      <ss_Code.BoxedType><Bytes>c332</Bytes></ss_Code.BoxedType>
      <ss_Status.BoxedType><Bytes>b31cd3a728956eff</Bytes></ss_Status.BoxedType>
      <extensionContainer.C0.Sequence>
         <privateExtensionList.C0.BoxedType>
            <Collection>
               <PrivateExtension.Sequence>
                  <extId><ObjectIdentifier>0.1.239.26.33.44.112.117</ObjectIdentifier></extId>
                  <extType>422a6d</extType>
               </PrivateExtension.Sequence>
               <PrivateExtension.Sequence>
                  <extId><ObjectIdentifier>0.1.26.100.2.65.56.16</ObjectIdentifier></extId>
                  <extType>9d1ea8802e16</extType>
               </PrivateExtension.Sequence>
               <PrivateExtension.Sequence>
                  <extId><ObjectIdentifier>0.1.217.65.121.51.100.8.10.96.86</ObjectIdentifier></extId>
                  <extType>2af14ae9be8e</extType>
               </PrivateExtension.Sequence>
            </Collection>
         </privateExtensionList.C0.BoxedType>
         <pcs_Extensions.C1.Sequence>
            
         </pcs_Extensions.C1.Sequence>
      </extensionContainer.C0.Sequence>
   </MOLR_Class.Sequence>
</ASN>