<?xml version="1.0" encoding="ISO-8859-15"?>

<ASN layer="CAP">
   <MoveLegArg.Sequence>
      <legIDToMove.C0.Choice>
         <sendingSideID.C0.BoxedType><Bytes>02
               <field name="LegType" value="leg2 LegType:2" type="EnumLong" length="1"/>
            </Bytes></sendingSideID.C0.BoxedType>
         <receivingSideID.C1.BoxedType><Bytes>02
               <field name="LegType" value="leg2 LegType:2" type="EnumLong" length="1"/>
            </Bytes></receivingSideID.C1.BoxedType>
      </legIDToMove.C0.Choice>
      <extensions.C2.BoxedType>
         <Collection>
            <ExtensionField.Sequence>
               <type.Choice>
                  <local>2929687078</local>
                  <global><ObjectIdentifier>0.1.231.10.104.127.109.2.123</ObjectIdentifier></global>
               </type.Choice>
               <criticality.nulld.Enum>
                  <EnumType>ignore.0</EnumType>
               </criticality.nulld.Enum>
               <NullObject.C1></NullObject.C1>
            </ExtensionField.Sequence>
            <ExtensionField.Sequence>
               <type.Choice>
                  <local>599683534</local>
                  <global><ObjectIdentifier>0.1.238.98.27.67.58.36.46.18</ObjectIdentifier></global>
               </type.Choice>
               <criticality.nulld.Enum>
                  <EnumType>abort.1</EnumType>
               </criticality.nulld.Enum>
               <NullObject.C1></NullObject.C1>
            </ExtensionField.Sequence>
            <ExtensionField.Sequence>
               <type.Choice>
                  <local>1320016916</local>
                  <global><ObjectIdentifier>0.1.251.11.128.44.109.34.74</ObjectIdentifier></global>
               </type.Choice>
               <criticality.nulld.Enum>
                  <EnumType>abort.1</EnumType>
               </criticality.nulld.Enum>
               <NullObject.C1></NullObject.C1>
            </ExtensionField.Sequence>
         </Collection>
      </extensions.C2.BoxedType>
   </MoveLegArg.Sequence>
</ASN>