<?xml version="1.0" encoding="ISO-8859-15"?>

<ASN layer="CAP">
   <MSISDN_BS.Sequence>
      <msisdn.BoxedType><AddressString.BoxedType><Bytes>d956083761
               <field name="extension" value="no extension:1" type="EnumLong" lengthBit="1"/>
               <field name="nature of address" value="reserved:5" type="EnumLong" lengthBit="3"/>
               <field name="numbering plan" value="private numbering plan:9" type="EnumLong" lengthBit="4"/>
               <field name="digits" value="65807316" type="Number_BCD" length="8"/>
            </Bytes></AddressString.BoxedType></msisdn.BoxedType>
      <basicServiceList.C0.BoxedType>
         <Collection>
            <Ext_BasicServiceCode.Choice>
               <ext_BearerService.C2.BoxedType><Bytes>a150</Bytes></ext_BearerService.C2.BoxedType>
               <ext_Teleservice.C3.BoxedType><Bytes>f2d085344e
                     <field name="Code" value="242" type="EnumLong" length="1"/>
                     <field name="Extension data" value="d085344e" type="Binary" length="4"/>
                  </Bytes></ext_Teleservice.C3.BoxedType>
            </Ext_BasicServiceCode.Choice>
            <Ext_BasicServiceCode.Choice>
               <ext_BearerService.C2.BoxedType><Bytes>836530f2857e5863a7</Bytes></ext_BearerService.C2.BoxedType>
               <ext_Teleservice.C3.BoxedType><Bytes>e2382393da
                     <field name="Code" value="226" type="EnumLong" length="1"/>
                     <field name="Extension data" value="382393da" type="Binary" length="4"/>
                  </Bytes></ext_Teleservice.C3.BoxedType>
            </Ext_BasicServiceCode.Choice>
            <Ext_BasicServiceCode.Choice>
               <ext_BearerService.C2.BoxedType><Bytes>cfe7d7bc</Bytes></ext_BearerService.C2.BoxedType>
               <ext_Teleservice.C3.BoxedType><Bytes>7c87370da0
                     <field name="Code" value="124" type="EnumLong" length="1"/>
                     <field name="Extension data" value="87370da0" type="Binary" length="4"/>
                  </Bytes></ext_Teleservice.C3.BoxedType>
            </Ext_BasicServiceCode.Choice>
         </Collection>
      </basicServiceList.C0.BoxedType>
      <extensionContainer.C1.Sequence>
         <privateExtensionList.C0.BoxedType>
            <Collection>
               <PrivateExtension.Sequence>
                  <extId><ObjectIdentifier>0.1.2107</ObjectIdentifier></extId>
                  <extType>59db3a7ad6b743</extType>
               </PrivateExtension.Sequence>
               <PrivateExtension.Sequence>
                  <extId><ObjectIdentifier>0.1.270.37.51.8</ObjectIdentifier></extId>
                  <extType>8d41135b3b21</extType>
               </PrivateExtension.Sequence>
               <PrivateExtension.Sequence>
                  <extId><ObjectIdentifier>0.1.28.3</ObjectIdentifier></extId>
                  <extType>57b5462ec3870b09dd</extType>
               </PrivateExtension.Sequence>
            </Collection>
         </privateExtensionList.C0.BoxedType>
         <pcs_Extensions.C1.Sequence>
            
         </pcs_Extensions.C1.Sequence>
      </extensionContainer.C1.Sequence>
   </MSISDN_BS.Sequence>
</ASN>