<?xml version="1.0" encoding="ISO-8859-15"?>

<ASN layer="CAP">
   <MT_ForwardSM_VGCS_Res.Sequence>
      <sm_RP_UI.C0.BoxedType><Bytes>fb</Bytes></sm_RP_UI.C0.BoxedType>
      <dispatcherList.C1.BoxedType>
         <Collection>
            <ISDN_AddressString.BoxedType><AddressString.BoxedType><Bytes>c785210056f5
                     <field name="extension" value="no extension:1" type="EnumLong" lengthBit="1"/>
                     <field name="nature of address" value="subscriber number:4" type="EnumLong" lengthBit="3"/>
                     <field name="numbering plan" value="spare:7" type="EnumLong" lengthBit="4"/>
                     <field name="digits" value="581200655" type="Number_BCD" length="9"/>
                  </Bytes></AddressString.BoxedType></ISDN_AddressString.BoxedType>
            <ISDN_AddressString.BoxedType><AddressString.BoxedType><Bytes>5865505413f4
                     <field name="extension" value="extension:0" type="EnumLong" lengthBit="1"/>
                     <field name="nature of address" value="reserved:5" type="EnumLong" lengthBit="3"/>
                     <field name="numbering plan" value="national numbering plan:8" type="EnumLong" lengthBit="4"/>
                     <field name="digits" value="560545314" type="Number_BCD" length="9"/>
                  </Bytes></AddressString.BoxedType></ISDN_AddressString.BoxedType>
            <ISDN_AddressString.BoxedType><AddressString.BoxedType><Bytes>b374784950f0
                     <field name="extension" value="no extension:1" type="EnumLong" lengthBit="1"/>
                     <field name="nature of address" value="network specific number:3" type="EnumLong" lengthBit="3"/>
                     <field name="numbering plan" value="data numbering plan (ITU-T Rec X.121):3" type="EnumLong" lengthBit="4"/>
                     <field name="digits" value="478794050" type="Number_BCD" length="9"/>
                  </Bytes></AddressString.BoxedType></ISDN_AddressString.BoxedType>
         </Collection>
      </dispatcherList.C1.BoxedType>
      <ongoingCall></ongoingCall>
      <extensionContainer.C2.Sequence>
         <privateExtensionList.C0.BoxedType>
            <Collection>
               <PrivateExtension.Sequence>
                  <extId><ObjectIdentifier>0.1.282.30.127.24</ObjectIdentifier></extId>
                  <extType>c8692727b1</extType>
               </PrivateExtension.Sequence>
               <PrivateExtension.Sequence>
                  <extId><ObjectIdentifier>0.1.270.40</ObjectIdentifier></extId>
                  <extType>153b557c61badab0</extType>
               </PrivateExtension.Sequence>
               <PrivateExtension.Sequence>
                  <extId><ObjectIdentifier>0.1.218.63.0.120.13.63.11</ObjectIdentifier></extId>
                  <extType>4860b17c8e</extType>
               </PrivateExtension.Sequence>
            </Collection>
         </privateExtensionList.C0.BoxedType>
         <pcs_Extensions.C1.Sequence>
            
         </pcs_Extensions.C1.Sequence>
      </extensionContainer.C2.Sequence>
      <additionalDispatcherList.C3.BoxedType>
         <Collection>
            <ISDN_AddressString.BoxedType><AddressString.BoxedType><Bytes>ab0267690455
                     <field name="extension" value="no extension:1" type="EnumLong" lengthBit="1"/>
                     <field name="nature of address" value="national significant number:2" type="EnumLong" lengthBit="3"/>
                     <field name="numbering plan" value="11" type="EnumLong" lengthBit="4"/>
                     <field name="digits" value="2076964055" type="Number_BCD" length="10"/>
                  </Bytes></AddressString.BoxedType></ISDN_AddressString.BoxedType>
            <ISDN_AddressString.BoxedType><AddressString.BoxedType><Bytes>d237455864f4
                     <field name="extension" value="no extension:1" type="EnumLong" lengthBit="1"/>
                     <field name="nature of address" value="reserved:5" type="EnumLong" lengthBit="3"/>
                     <field name="numbering plan" value="spare:2" type="EnumLong" lengthBit="4"/>
                     <field name="digits" value="735485464" type="Number_BCD" length="9"/>
                  </Bytes></AddressString.BoxedType></ISDN_AddressString.BoxedType>
            <ISDN_AddressString.BoxedType><AddressString.BoxedType><Bytes>716196087310
                     <field name="extension" value="extension:0" type="EnumLong" lengthBit="1"/>
                     <field name="nature of address" value="reserved for extension:7" type="EnumLong" lengthBit="3"/>
                     <field name="numbering plan" value="ISDN/Telephony Numbering Plan (Rec ITU-T E.164):1" type="EnumLong" lengthBit="4"/>
                     <field name="digits" value="1669803701" type="Number_BCD" length="10"/>
                  </Bytes></AddressString.BoxedType></ISDN_AddressString.BoxedType>
         </Collection>
      </additionalDispatcherList.C3.BoxedType>
   </MT_ForwardSM_VGCS_Res.Sequence>
</ASN>