<?xml version="1.0" encoding="ISO-8859-15"?>

<ASN layer="CAP">
   <MT_ForwardSM_Arg.Sequence>
      <sm_RP_DA.Choice>
         <imsi.C0.BoxedType><TBCD_STRING.BoxedType><Bytes>81374773f4
                  <field name="digits" value="187374374" type="Number_BCD" length="9"/>
               </Bytes></TBCD_STRING.BoxedType></imsi.C0.BoxedType>
         <lmsi.C1.BoxedType><Bytes>973b
               <field name="digits" value="973b" type="Binary" length="2"/>
            </Bytes></lmsi.C1.BoxedType>
         <serviceCentreAddressDA.C4.BoxedType><Bytes>cb01569963f6
               <field name="extension" value="no extension:1" type="EnumLong" lengthBit="1"/>
               <field name="nature of address" value="subscriber number:4" type="EnumLong" lengthBit="3"/>
               <field name="numbering plan" value="11" type="EnumLong" lengthBit="4"/>
               <field name="digits" value="106599366" type="Number_BCD" length="9"/>
            </Bytes></serviceCentreAddressDA.C4.BoxedType>
         <noSM_RP_DA.C5></noSM_RP_DA.C5>
      </sm_RP_DA.Choice>
      <sm_RP_OA.Choice>
         <msisdn.C2.BoxedType><AddressString.BoxedType><Bytes>b64132871702
                  <field name="extension" value="no extension:1" type="EnumLong" lengthBit="1"/>
                  <field name="nature of address" value="network specific number:3" type="EnumLong" lengthBit="3"/>
                  <field name="numbering plan" value="land mobile numbering plan (ITU-T Rec E.212):6" type="EnumLong" lengthBit="4"/>
                  <field name="digits" value="1423787120" type="Number_BCD" length="10"/>
               </Bytes></AddressString.BoxedType></msisdn.C2.BoxedType>
         <serviceCentreAddressOA.C4.BoxedType><Bytes>e05165630632
               <field name="extension" value="no extension:1" type="EnumLong" lengthBit="1"/>
               <field name="nature of address" value="abbreviated number:6" type="EnumLong" lengthBit="3"/>
               <field name="numbering plan" value="unknown:0" type="EnumLong" lengthBit="4"/>
               <field name="digits" value="1556366023" type="Number_BCD" length="10"/>
            </Bytes></serviceCentreAddressOA.C4.BoxedType>
         <noSM_RP_OA.C5></noSM_RP_OA.C5>
      </sm_RP_OA.Choice>
      <sm_RP_UI.BoxedType><Bytes>9d8e</Bytes></sm_RP_UI.BoxedType>
      <moreMessagesToSend></moreMessagesToSend>
      <extensionContainer.Sequence>
         <privateExtensionList.C0.BoxedType>
            <Collection>
               <PrivateExtension.Sequence>
                  <extId><ObjectIdentifier>0.1.290.119.79.123.79.98.114.81.117.119</ObjectIdentifier></extId>
                  <extType>4be7897426</extType>
               </PrivateExtension.Sequence>
               <PrivateExtension.Sequence>
                  <extId><ObjectIdentifier>0.1.258.116.58.91</ObjectIdentifier></extId>
                  <extType>7e1f1f9f</extType>
               </PrivateExtension.Sequence>
               <PrivateExtension.Sequence>
                  <extId><ObjectIdentifier>0.1.272.20.110</ObjectIdentifier></extId>
                  <extType>1e8d80426e</extType>
               </PrivateExtension.Sequence>
            </Collection>
         </privateExtensionList.C0.BoxedType>
         <pcs_Extensions.C1.Sequence>
            
         </pcs_Extensions.C1.Sequence>
      </extensionContainer.Sequence>
      <smDeliveryTimer.BoxedType><Integer>1</Integer></smDeliveryTimer.BoxedType>
      <smDeliveryStartTime.BoxedType><Bytes>3ada171fe8f0111099</Bytes></smDeliveryStartTime.BoxedType>
      <smsOverIP_OnlyIndicator.C0></smsOverIP_OnlyIndicator.C0>
      <correlationID.C1.BoxedType><Digits.BoxedType><Bytes>4fcf</Bytes></Digits.BoxedType></correlationID.C1.BoxedType>
   </MT_ForwardSM_Arg.Sequence>
</ASN>