<?xml version="1.0" encoding="ISO-8859-15"?>

<ASN layer="CAP">
   <NoGroupCallNbParam.Sequence><extensionContainer.Sequence>
         <privateExtensionList.C0.BoxedType>
            <Collection>
               <PrivateExtension.Sequence>
                  <extId><ObjectIdentifier>0.1.246.63.104.75.82.110.49.123</ObjectIdentifier></extId>
                  <extType>2288de1d74</extType>
               </PrivateExtension.Sequence>
               <PrivateExtension.Sequence>
                  <extId><ObjectIdentifier>0.1.261.124.95.71.6.40.78.61</ObjectIdentifier></extId>
                  <extType>2327</extType>
               </PrivateExtension.Sequence>
               <PrivateExtension.Sequence>
                  <extId><ObjectIdentifier>0.1.224.96.115.60.71.109</ObjectIdentifier></extId>
                  <extType>8aa041</extType>
               </PrivateExtension.Sequence>
            </Collection>
         </privateExtensionList.C0.BoxedType>
         <pcs_Extensions.C1.Sequence>
            
         </pcs_Extensions.C1.Sequence>
      </extensionContainer.Sequence></NoGroupCallNbParam.Sequence>
</ASN>