<?xml version="1.0" encoding="ISO-8859-15"?>

<ASN layer="CAP">
   <NoRoamingNbParam.Sequence><extensionContainer.Sequence>
         <privateExtensionList.C0.BoxedType>
            <Collection>
               <PrivateExtension.Sequence>
                  <extId><ObjectIdentifier>0.1.296</ObjectIdentifier></extId>
                  <extType>a4303f4577c3</extType>
               </PrivateExtension.Sequence>
               <PrivateExtension.Sequence>
                  <extId><ObjectIdentifier>0.1.290.44.78</ObjectIdentifier></extId>
                  <extType>27b8092d</extType>
               </PrivateExtension.Sequence>
               <PrivateExtension.Sequence>
                  <extId><ObjectIdentifier>0.1.292.21.69.25.116.57</ObjectIdentifier></extId>
                  <extType>250d896349b226df8d62</extType>
               </PrivateExtension.Sequence>
            </Collection>
         </privateExtensionList.C0.BoxedType>
         <pcs_Extensions.C1.Sequence>
            
         </pcs_Extensions.C1.Sequence>
      </extensionContainer.Sequence></NoRoamingNbParam.Sequence>
</ASN>