<?xml version="1.0" encoding="ISO-8859-15"?>

<ASN layer="CAP">
   <NoteMsPresentForGprsArg.Sequence>
      <imsi.C0.BoxedType><TBCD_STRING.BoxedType><Bytes>88742532f3
               <field name="digits" value="884752233" type="Number_BCD" length="9"/>
            </Bytes></TBCD_STRING.BoxedType></imsi.C0.BoxedType>
      <sgsn_Address.C1.BoxedType><Bytes>4b2554d9fc
            <field name="Address type" value="IPV6:1" type="EnumLong" lengthBit="2"/>
            <field name="AddressLength" value="11" type="Integer" lengthBit="6"/>
            <field name="IPV4 address" value="37.84.217.252" type="IPV4Address" length="4"/>
         </Bytes></sgsn_Address.C1.BoxedType>
      <ggsn_Address.C2.BoxedType><Bytes>a32d31758a
            <field name="Address type" value="2" type="EnumLong" lengthBit="2"/>
            <field name="AddressLength" value="35" type="Integer" lengthBit="6"/>
            <field name="IPV4 address" value="45.49.117.138" type="IPV4Address" length="4"/>
         </Bytes></ggsn_Address.C2.BoxedType>
      <extensionContainer.C3.Sequence>
         <privateExtensionList.C0.BoxedType>
            <Collection>
               <PrivateExtension.Sequence>
                  <extId><ObjectIdentifier>0.1.234.36.19.27.39.31.109.126.87</ObjectIdentifier></extId>
                  <extType>0c9e2f79daa61a17d8d6</extType>
               </PrivateExtension.Sequence>
               <PrivateExtension.Sequence>
                  <extId><ObjectIdentifier>0.1.2126.76.98</ObjectIdentifier></extId>
                  <extType>765c4f7d</extType>
               </PrivateExtension.Sequence>
               <PrivateExtension.Sequence>
                  <extId><ObjectIdentifier>0.1.267.101.100.57.66.54.75.82.17</ObjectIdentifier></extId>
                  <extType>844fb3fc753aeb5011</extType>
               </PrivateExtension.Sequence>
            </Collection>
         </privateExtensionList.C0.BoxedType>
         <pcs_Extensions.C1.Sequence>
            
         </pcs_Extensions.C1.Sequence>
      </extensionContainer.C3.Sequence>
   </NoteMsPresentForGprsArg.Sequence>
</ASN>