<?xml version="1.0" encoding="ISO-8859-15"?>

<ASN layer="CAP">
   <NoteMM_EventArg.Sequence>
      <serviceKey.BoxedType><Integer>2</Integer></serviceKey.BoxedType>
      <eventMet.C0.BoxedType><Bytes>d032aa23a82cab</Bytes></eventMet.C0.BoxedType>
      <imsi.C1.BoxedType><TBCD_STRING.BoxedType><Bytes>7177060966
               <field name="digits" value="1777609066" type="Number_BCD" length="10"/>
            </Bytes></TBCD_STRING.BoxedType></imsi.C1.BoxedType>
      <msisdn.C2.BoxedType><AddressString.BoxedType><Bytes>537133941596
               <field name="extension" value="extension:0" type="EnumLong" lengthBit="1"/>
               <field name="nature of address" value="reserved:5" type="EnumLong" lengthBit="3"/>
               <field name="numbering plan" value="data numbering plan (ITU-T Rec X.121):3" type="EnumLong" lengthBit="4"/>
               <field name="digits" value="1733495169" type="Number_BCD" length="10"/>
            </Bytes></AddressString.BoxedType></msisdn.C2.BoxedType>
      <locationInformation.C3.Sequence>
         <ageOfLocationInformation.BoxedType><Integer>2 minuts:2</Integer></ageOfLocationInformation.BoxedType>
         <geographicalInformation.C0.BoxedType><Bytes>c26f029c21a7a012
               <field name="TypeOfShape" value="Reserved for future use:12" type="EnumLong" lengthBit="4"/>
               <field name="spare" value="2" type="Integer" lengthBit="4"/>
               <field name="DegreesOfLatitude" value="7275164" type="Integer" length="3"/>
               <field name="DegreesOfLongitude" value="2205600" type="Integer" length="3"/>
               <field name="UncertaintyCode" value="18" type="Integer" length="1"/>
            </Bytes></geographicalInformation.C0.BoxedType>
         <vlr_number.C1.BoxedType><AddressString.BoxedType><Bytes>5095132710f7
                  <field name="extension" value="extension:0" type="EnumLong" lengthBit="1"/>
                  <field name="nature of address" value="reserved:5" type="EnumLong" lengthBit="3"/>
                  <field name="numbering plan" value="unknown:0" type="EnumLong" lengthBit="4"/>
                  <field name="digits" value="593172017" type="Number_BCD" length="9"/>
               </Bytes></AddressString.BoxedType></vlr_number.C1.BoxedType>
         <locationNumber.C2.BoxedType><Bytes>54c70247502575
               <field name="Odd/even (O/E)" value="even number of address signals:0" type="EnumLong" lengthBit="1"/>
               <field name="Nature of address" value="spare:84" type="EnumLong" lengthBit="7"/>
               <field name="Internal Network Number (INN)" value="routing to internal number not allowed:1" type="EnumLong" lengthBit="1"/>
               <field name="Numbering plan" value="Telex numbering plan (ITU-T Recommendation F.69):4" type="EnumLong" lengthBit="3"/>
               <field name="Address presentation restricted" value="presentation restricted:1" type="EnumLong" lengthBit="2"/>
               <field name="Screening" value="network provided:3" type="EnumLong" lengthBit="2"/>
               <field name="digits" value="2074055257" type="Number_BCD" length="10"/>
            </Bytes></locationNumber.C2.BoxedType>
         <cellGlobalIdOrServiceAreaIdOrLAI.C3.Choice>
            <cellGlobalIdOrServiceAreaIdFixedLength.C0.BoxedType><Bytes>5156819254e65b
                  <field name="MMC" value="156,185" type="NumberMMC" length="3"/>
                  <field name="LAC" value="37460" type="Integer" length="2"/>
                  <field name="CI_SAC" value="58971" type="Integer" length="2"/>
               </Bytes></cellGlobalIdOrServiceAreaIdFixedLength.C0.BoxedType>
            <laiFixedLength.C1.BoxedType><Bytes>915311f55e
                  <field name="MMC" value="193,115" type="NumberMMC" length="3"/>
                  <field name="LAC" value="62814" type="Integer" length="2"/>
               </Bytes></laiFixedLength.C1.BoxedType>
         </cellGlobalIdOrServiceAreaIdOrLAI.C3.Choice>
         <extensionContainer.C4.Sequence>
            <privateExtensionList.C0.BoxedType>
               <Collection>
                  <PrivateExtension.Sequence>
                     <extId><ObjectIdentifier>0.1.2111.11.110.90.30.60.11.94.104.93</ObjectIdentifier></extId>
                     <extType>25460095ac74d00d</extType>
                  </PrivateExtension.Sequence>
                  <PrivateExtension.Sequence>
                     <extId><ObjectIdentifier>0.1.227.120.40.38.29.10.103</ObjectIdentifier></extId>
                     <extType>ddc5deb6a8d5cbdc</extType>
                  </PrivateExtension.Sequence>
                  <PrivateExtension.Sequence>
                     <extId><ObjectIdentifier>0.1.2109.83.102</ObjectIdentifier></extId>
                     <extType>09663da48c8b</extType>
                  </PrivateExtension.Sequence>
               </Collection>
            </privateExtensionList.C0.BoxedType>
            <pcs_Extensions.C1.Sequence>
               
            </pcs_Extensions.C1.Sequence>
         </extensionContainer.C4.Sequence>
         <selectedLSA_Id.C5.BoxedType><Bytes>084eb9
               <field name="LSA type" value="PLMN significant number:0" type="EnumLong" lengthBit="1"/>
               <field name="Identifier" value="544441" type="Integer" lengthBit="23"/>
            </Bytes></selectedLSA_Id.C5.BoxedType>
         <msc_Number.C6.BoxedType><AddressString.BoxedType><Bytes>3a6152068152
                  <field name="extension" value="extension:0" type="EnumLong" lengthBit="1"/>
                  <field name="nature of address" value="network specific number:3" type="EnumLong" lengthBit="3"/>
                  <field name="numbering plan" value="10" type="EnumLong" lengthBit="4"/>
                  <field name="digits" value="1625601825" type="Number_BCD" length="10"/>
               </Bytes></AddressString.BoxedType></msc_Number.C6.BoxedType>
         <geodeticInformation.C7.BoxedType><Bytes>bb9961e8ad1f8b21c142
               <field name="spare" value="11" type="Integer" lengthBit="4"/>
               <field name="LPRI" value="location not available (Note):2" type="EnumLong" lengthBit="2"/>
               <field name="screnning" value="network provided:3" type="EnumLong" lengthBit="2"/>
               <field name="ext" value="1" type="Integer" lengthBit="1"/>
               <field name="TypeOfShape" value="spare:25" type="EnumLong" lengthBit="7"/>
               <field name="DegreesOfLatitude" value="6416557" type="Integer" length="3"/>
               <field name="DegreesOfLongitude" value="2067233" type="Integer" length="3"/>
               <field name="UncertaintyCode" value="193" type="Integer" length="1"/>
               <field name="Confidence" value="66" type="Integer" length="1"/>
            </Bytes></geodeticInformation.C7.BoxedType>
         <currentLocationRetrieved.C8></currentLocationRetrieved.C8>
         <sai_Present.C9></sai_Present.C9>
         <locationInformationEPS.C10.Sequence>
            <e_utranCellGlobalIdentity.C0.BoxedType><Bytes>b7f1fb6204</Bytes></e_utranCellGlobalIdentity.C0.BoxedType>
            <trackingAreaIdentity.C1.BoxedType><Bytes>b0945b</Bytes></trackingAreaIdentity.C1.BoxedType>
            <extensionContainer.C2.Sequence>
               <privateExtensionList.C0.BoxedType>
                  <Collection>
                     <PrivateExtension.Sequence>
                        <extId><ObjectIdentifier>0.1.279.119</ObjectIdentifier></extId>
                        <extType>61927377</extType>
                     </PrivateExtension.Sequence>
                     <PrivateExtension.Sequence>
                        <extId><ObjectIdentifier>0.1.232.82.107.123</ObjectIdentifier></extId>
                        <extType>c0adb01c0cc8</extType>
                     </PrivateExtension.Sequence>
                     <PrivateExtension.Sequence>
                        <extId><ObjectIdentifier>0.1.21.61.22.12.15.6.70.55</ObjectIdentifier></extId>
                        <extType>47</extType>
                     </PrivateExtension.Sequence>
                  </Collection>
               </privateExtensionList.C0.BoxedType>
               <pcs_Extensions.C1.Sequence>
                  
               </pcs_Extensions.C1.Sequence>
            </extensionContainer.C2.Sequence>
            <geographicalInformation.C3.BoxedType><Bytes>e845efd8a8821a4c
                  <field name="TypeOfShape" value="Reserved for future use:14" type="EnumLong" lengthBit="4"/>
                  <field name="spare" value="8" type="Integer" lengthBit="4"/>
                  <field name="DegreesOfLatitude" value="4583384" type="Integer" length="3"/>
                  <field name="DegreesOfLongitude" value="11043354" type="Integer" length="3"/>
                  <field name="UncertaintyCode" value="76" type="Integer" length="1"/>
               </Bytes></geographicalInformation.C3.BoxedType>
            <geodeticInformation.C4.BoxedType><Bytes>986a75a61c070132c8d0
                  <field name="spare" value="9" type="Integer" lengthBit="4"/>
                  <field name="LPRI" value="location not available (Note):2" type="EnumLong" lengthBit="2"/>
                  <field name="screnning" value="user provided, not verified:0" type="EnumLong" lengthBit="2"/>
                  <field name="ext" value="0" type="Integer" lengthBit="1"/>
                  <field name="TypeOfShape" value="reserved for national use:106" type="EnumLong" lengthBit="7"/>
                  <field name="DegreesOfLatitude" value="7710236" type="Integer" length="3"/>
                  <field name="DegreesOfLongitude" value="459058" type="Integer" length="3"/>
                  <field name="UncertaintyCode" value="200" type="Integer" length="1"/>
                  <field name="Confidence" value="208" type="Integer" length="1"/>
               </Bytes></geodeticInformation.C4.BoxedType>
            <currentLocationRetrieved.C5></currentLocationRetrieved.C5>
            <ageOfLocationInformation.C6.BoxedType><Integer>2 minuts:2</Integer></ageOfLocationInformation.C6.BoxedType>
            <mme_Name.C7.BoxedType><Bytes>102a29d942b0</Bytes></mme_Name.C7.BoxedType>
         </locationInformationEPS.C10.Sequence>
         <userCSGInformation.C11.Sequence>
            <csg_Id.C0.BoxedType><BitString><BitString value="da" trailing="0"/></BitString></csg_Id.C0.BoxedType>
            <extensionContainer.C1.Sequence>
               <privateExtensionList.C0.BoxedType>
                  <Collection>
                     <PrivateExtension.Sequence>
                        <extId><ObjectIdentifier>0.1.296.26.74.14.86.127.108.30</ObjectIdentifier></extId>
                        <extType>e5a094e9bede</extType>
                     </PrivateExtension.Sequence>
                     <PrivateExtension.Sequence>
                        <extId><ObjectIdentifier>0.1.227.126</ObjectIdentifier></extId>
                        <extType>6c1a2b3ff7</extType>
                     </PrivateExtension.Sequence>
                     <PrivateExtension.Sequence>
                        <extId><ObjectIdentifier>0.1.2</ObjectIdentifier></extId>
                        <extType>d99d0ebc5759f1f9</extType>
                     </PrivateExtension.Sequence>
                  </Collection>
               </privateExtensionList.C0.BoxedType>
               <pcs_Extensions.C1.Sequence>
                  
               </pcs_Extensions.C1.Sequence>
            </extensionContainer.C1.Sequence>
            <accessMode.C2>483b28638296</accessMode.C2>
            <cmi.C3>633e</cmi.C3>
         </userCSGInformation.C11.Sequence>
      </locationInformation.C3.Sequence>
      <supportedCAMELPhases.C5.BoxedType><BitString><BitString value="0d936fbc3f37b1" trailing="0"/></BitString></supportedCAMELPhases.C5.BoxedType>
      <extensionContainer.C6.Sequence>
         <privateExtensionList.C0.BoxedType>
            <Collection>
               <PrivateExtension.Sequence>
                  <extId><ObjectIdentifier>0.1.28.91.22.107.19.69.23</ObjectIdentifier></extId>
                  <extType>a9544233</extType>
               </PrivateExtension.Sequence>
               <PrivateExtension.Sequence>
                  <extId><ObjectIdentifier>0.1.287.52.11</ObjectIdentifier></extId>
                  <extType>71727aedb1</extType>
               </PrivateExtension.Sequence>
               <PrivateExtension.Sequence>
                  <extId><ObjectIdentifier>0.1.2117.67.26.108.43.3.17.127</ObjectIdentifier></extId>
                  <extType>b16161ee05e0</extType>
               </PrivateExtension.Sequence>
            </Collection>
         </privateExtensionList.C0.BoxedType>
         <pcs_Extensions.C1.Sequence>
            
         </pcs_Extensions.C1.Sequence>
      </extensionContainer.C6.Sequence>
      <locationInformationGPRS.C7.Sequence>
         <cellGlobalIdOrServiceAreaIdOrLAI.C0.Choice>
            <cellGlobalIdOrServiceAreaIdFixedLength.C0.BoxedType><Bytes>51560155bde738
                  <field name="MMC" value="156,105" type="NumberMMC" length="3"/>
                  <field name="LAC" value="21949" type="Integer" length="2"/>
                  <field name="CI_SAC" value="59192" type="Integer" length="2"/>
               </Bytes></cellGlobalIdOrServiceAreaIdFixedLength.C0.BoxedType>
            <laiFixedLength.C1.BoxedType><Bytes>120622f5f8
                  <field name="MMC" value="216,220" type="NumberMMC" length="3"/>
                  <field name="LAC" value="62968" type="Integer" length="2"/>
               </Bytes></laiFixedLength.C1.BoxedType>
         </cellGlobalIdOrServiceAreaIdOrLAI.C0.Choice>
         <routeingAreaIdentity.C1.BoxedType><Bytes>31f5148578a4
               <field name="MMC" value="135,41" type="NumberMMC" length="3"/>
               <field name="LAC" value="34168" type="Integer" length="2"/>
               <field name="RAC" value="164" type="Integer" length="1"/>
            </Bytes></routeingAreaIdentity.C1.BoxedType>
         <geographicalInformation.C2.BoxedType><Bytes>c6aedeac482eae88
               <field name="TypeOfShape" value="Reserved for future use:12" type="EnumLong" lengthBit="4"/>
               <field name="spare" value="6" type="Integer" lengthBit="4"/>
               <field name="DegreesOfLatitude" value="11460268" type="Integer" length="3"/>
               <field name="DegreesOfLongitude" value="4730542" type="Integer" length="3"/>
               <field name="UncertaintyCode" value="136" type="Integer" length="1"/>
            </Bytes></geographicalInformation.C2.BoxedType>
         <sgsn_Number.C3.BoxedType><AddressString.BoxedType><Bytes>314142334286
                  <field name="extension" value="extension:0" type="EnumLong" lengthBit="1"/>
                  <field name="nature of address" value="network specific number:3" type="EnumLong" lengthBit="3"/>
                  <field name="numbering plan" value="ISDN/Telephony Numbering Plan (Rec ITU-T E.164):1" type="EnumLong" lengthBit="4"/>
                  <field name="digits" value="1424332468" type="Number_BCD" length="10"/>
               </Bytes></AddressString.BoxedType></sgsn_Number.C3.BoxedType>
         <selectedLSAIdentity.C4.BoxedType><Bytes>e44f49
               <field name="LSA type" value="Universal LSA number:1" type="EnumLong" lengthBit="1"/>
               <field name="Identifier" value="6573897" type="Integer" lengthBit="23"/>
            </Bytes></selectedLSAIdentity.C4.BoxedType>
         <extensionContainer.C5.Sequence>
            <privateExtensionList.C0.BoxedType>
               <Collection>
                  <PrivateExtension.Sequence>
                     <extId><ObjectIdentifier>0.1.257.17.37.60.122</ObjectIdentifier></extId>
                     <extType>c0</extType>
                  </PrivateExtension.Sequence>
                  <PrivateExtension.Sequence>
                     <extId><ObjectIdentifier>0.1.273.4.34.70.102.121.2.121.109.86</ObjectIdentifier></extId>
                     <extType>749d44108f0718b0</extType>
                  </PrivateExtension.Sequence>
                  <PrivateExtension.Sequence>
                     <extId><ObjectIdentifier>0.1.233.13</ObjectIdentifier></extId>
                     <extType>0ad5e70918c2df5f6c</extType>
                  </PrivateExtension.Sequence>
               </Collection>
            </privateExtensionList.C0.BoxedType>
            <pcs_Extensions.C1.Sequence>
               
            </pcs_Extensions.C1.Sequence>
         </extensionContainer.C5.Sequence>
         <sai_Present.C6></sai_Present.C6>
         <geodeticInformation.C7.BoxedType><Bytes>389533525cd89accb038
               <field name="spare" value="3" type="Integer" lengthBit="4"/>
               <field name="LPRI" value="location not available (Note):2" type="EnumLong" lengthBit="2"/>
               <field name="screnning" value="user provided, not verified:0" type="EnumLong" lengthBit="2"/>
               <field name="ext" value="1" type="Integer" lengthBit="1"/>
               <field name="TypeOfShape" value="spare:21" type="EnumLong" lengthBit="7"/>
               <field name="DegreesOfLatitude" value="3363420" type="Integer" length="3"/>
               <field name="DegreesOfLongitude" value="14195404" type="Integer" length="3"/>
               <field name="UncertaintyCode" value="176" type="Integer" length="1"/>
               <field name="Confidence" value="56" type="Integer" length="1"/>
            </Bytes></geodeticInformation.C7.BoxedType>
         <currentLocationRetrieved.C8></currentLocationRetrieved.C8>
         <ageOfLocationInformation.C9.BoxedType><Integer>2 minuts:2</Integer></ageOfLocationInformation.C9.BoxedType>
         <userCSGInformation.C10.Sequence>
            <csg_Id.C0.BoxedType><BitString><BitString value="ad0499f9b7e7cf45dd996db9" trailing="0"/></BitString></csg_Id.C0.BoxedType>
            <extensionContainer.C1.Sequence>
               <privateExtensionList.C0.BoxedType>
                  <Collection>
                     <PrivateExtension.Sequence>
                        <extId><ObjectIdentifier>0.1.266.19.82.51</ObjectIdentifier></extId>
                        <extType>ec3258c0ec</extType>
                     </PrivateExtension.Sequence>
                     <PrivateExtension.Sequence>
                        <extId><ObjectIdentifier>0.1.22.78.36.55.12.5.39.15.48.56</ObjectIdentifier></extId>
                        <extType>ec1d6e9f</extType>
                     </PrivateExtension.Sequence>
                     <PrivateExtension.Sequence>
                        <extId><ObjectIdentifier>0.1.260.124.124.127.30.74</ObjectIdentifier></extId>
                        <extType>f60680d49b8d82</extType>
                     </PrivateExtension.Sequence>
                  </Collection>
               </privateExtensionList.C0.BoxedType>
               <pcs_Extensions.C1.Sequence>
                  
               </pcs_Extensions.C1.Sequence>
            </extensionContainer.C1.Sequence>
            <accessMode.C2>84220579cbd8</accessMode.C2>
            <cmi.C3>fbe78300bc3a</cmi.C3>
         </userCSGInformation.C10.Sequence>
      </locationInformationGPRS.C7.Sequence>
      <offeredCamel4Functionalities.C8.BoxedType><BitString><BitString value="861ced0d663bf5d52107aa255d59" trailing="0"/></BitString></offeredCamel4Functionalities.C8.BoxedType>
   </NoteMM_EventArg.Sequence>
</ASN>