<?xml version="1.0" encoding="ISO-8859-15"?>

<ASN layer="CAP">
   <NoteMsPresentForGprsRes.Sequence><extensionContainer.C0.Sequence>
         <privateExtensionList.C0.BoxedType>
            <Collection>
               <PrivateExtension.Sequence>
                  <extId><ObjectIdentifier>0.1.255.65.127.84.72.6.34</ObjectIdentifier></extId>
                  <extType>f46cf9c1d3005a</extType>
               </PrivateExtension.Sequence>
               <PrivateExtension.Sequence>
                  <extId><ObjectIdentifier>0.1.286.100.67</ObjectIdentifier></extId>
                  <extType>d8e2116c3f</extType>
               </PrivateExtension.Sequence>
               <PrivateExtension.Sequence>
                  <extId><ObjectIdentifier>0.1.2</ObjectIdentifier></extId>
                  <extType>d3d00eb950</extType>
               </PrivateExtension.Sequence>
            </Collection>
         </privateExtensionList.C0.BoxedType>
         <pcs_Extensions.C1.Sequence>
            
         </pcs_Extensions.C1.Sequence>
      </extensionContainer.C0.Sequence></NoteMsPresentForGprsRes.Sequence>
</ASN>