<?xml version="1.0" encoding="ISO-8859-15"?>

<ASN layer="CAP">
   <NoteMM_EventRes.Sequence><extensionContainer.Sequence>
         <privateExtensionList.C0.BoxedType>
            <Collection>
               <PrivateExtension.Sequence>
                  <extId><ObjectIdentifier>0.1.265.42.17.12</ObjectIdentifier></extId>
                  <extType>6896fadc18001c7c</extType>
               </PrivateExtension.Sequence>
               <PrivateExtension.Sequence>
                  <extId><ObjectIdentifier>0.1.272</ObjectIdentifier></extId>
                  <extType>75afff6d366c</extType>
               </PrivateExtension.Sequence>
               <PrivateExtension.Sequence>
                  <extId><ObjectIdentifier>0.1.2</ObjectIdentifier></extId>
                  <extType>e8967733902d7cae</extType>
               </PrivateExtension.Sequence>
            </Collection>
         </privateExtensionList.C0.BoxedType>
         <pcs_Extensions.C1.Sequence>
            
         </pcs_Extensions.C1.Sequence>
      </extensionContainer.Sequence></NoteMM_EventRes.Sequence>
</ASN>