<?xml version="1.0" encoding="ISO-8859-15"?>

<ASN layer="CAP">
   <NotifySS_Arg.Sequence>
      <ss_Code.C1.BoxedType><Bytes>331441bc8b019c8e57</Bytes></ss_Code.C1.BoxedType>
      <ss_Status.C4.BoxedType><Bytes>e57d0e48c5</Bytes></ss_Status.C4.BoxedType>
      <ss_Notification.C5.BoxedType><Bytes>dbabdd57fb</Bytes></ss_Notification.C5.BoxedType>
      <callIsWaiting_Indicator.C14></callIsWaiting_Indicator.C14>
      <callOnHold_Indicator.C15.Enum>
         <EnumType>callOnHold.1</EnumType>
      </callOnHold_Indicator.C15.Enum>
      <mpty_Indicator.C16></mpty_Indicator.C16>
      <cug_Index.C17.BoxedType><Integer>1</Integer></cug_Index.C17.BoxedType>
      <clirSuppressionRejected.C18></clirSuppressionRejected.C18>
      <ect_Indicator.C19.Sequence>
         <ect_CallState.C0.Enum>
            <EnumType>active.1</EnumType>
         </ect_CallState.C0.Enum>
         <rdn.C1.Choice>
            <presentationAllowedAddress.C0.Sequence>
               <partyNumber.C0.BoxedType><AddressString.BoxedType><Bytes>b518113886f3
                        <field name="extension" value="no extension:1" type="EnumLong" lengthBit="1"/>
                        <field name="nature of address" value="network specific number:3" type="EnumLong" lengthBit="3"/>
                        <field name="numbering plan" value="spare:5" type="EnumLong" lengthBit="4"/>
                        <field name="digits" value="811183683" type="Number_BCD" length="9"/>
                     </Bytes></AddressString.BoxedType></partyNumber.C0.BoxedType>
               <partyNumberSubaddress.C1.BoxedType><Bytes>d7a7db</Bytes></partyNumberSubaddress.C1.BoxedType>
            </presentationAllowedAddress.C0.Sequence>
            <presentationRestricted.C1></presentationRestricted.C1>
            <numberNotAvailableDueToInterworking.C2></numberNotAvailableDueToInterworking.C2>
            <presentationRestrictedAddress.C3.Sequence>
               <partyNumber.C0.BoxedType><AddressString.BoxedType><Bytes>e97196704919
                        <field name="extension" value="no extension:1" type="EnumLong" lengthBit="1"/>
                        <field name="nature of address" value="abbreviated number:6" type="EnumLong" lengthBit="3"/>
                        <field name="numbering plan" value="private numbering plan:9" type="EnumLong" lengthBit="4"/>
                        <field name="digits" value="1769079491" type="Number_BCD" length="10"/>
                     </Bytes></AddressString.BoxedType></partyNumber.C0.BoxedType>
               <partyNumberSubaddress.C1.BoxedType><Bytes>f5133a</Bytes></partyNumberSubaddress.C1.BoxedType>
            </presentationRestrictedAddress.C3.Sequence>
         </rdn.C1.Choice>
      </ect_Indicator.C19.Sequence>
      <nameIndicator.C20.Sequence><callingName.C0.Choice>
            <namePresentationAllowed.C0.Sequence>
               <dataCodingScheme.C0.BoxedType><Bytes>5a
                     <field name="Coding Group Bits" value="General Data Coding indication:5" type="EnumLong" lengthBit="4"/>
                     <field name="Alphabet" value="UCS2 (16bit) {UTF-16BE}:2" type="EnumLong" lengthBit="2"/>
                     <field name="Message Class" value="Class 2 (U)SIM specific message:2" type="EnumLong" lengthBit="2"/>
                  </Bytes></dataCodingScheme.C0.BoxedType>
               <lengthInCharacters.C1>4178092070</lengthInCharacters.C1>
               <nameString.C2.BoxedType><Bytes>3b31519c
                     <field name="binary" value="3b31519c" type="Binary" length="4"/>
                  </Bytes></nameString.C2.BoxedType>
            </namePresentationAllowed.C0.Sequence>
            <presentationRestricted.C1></presentationRestricted.C1>
            <nameUnavailable.C2></nameUnavailable.C2>
            <namePresentationRestricted.C3.Sequence>
               <dataCodingScheme.C0.BoxedType><Bytes>e1
                     <field name="Coding Group Bits" value="Defined by the WAP Forum:14" type="EnumLong" lengthBit="4"/>
                     <field name="Alphabet" value="Default alphabet {SCGSM}:0" type="EnumLong" lengthBit="2"/>
                     <field name="Message Class" value="Class 1 Default meaning ME-specific:1" type="EnumLong" lengthBit="2"/>
                  </Bytes></dataCodingScheme.C0.BoxedType>
               <lengthInCharacters.C1>47211553</lengthInCharacters.C1>
               <nameString.C2.BoxedType><Bytes>b230
                     <field name="binary" value="b230" type="Binary" length="2"/>
                  </Bytes></nameString.C2.BoxedType>
            </namePresentationRestricted.C3.Sequence>
         </callingName.C0.Choice></nameIndicator.C20.Sequence>
      <ccbs_Feature.C21.Sequence>
         <ccbs_Index.C0.BoxedType><Integer>1</Integer></ccbs_Index.C0.BoxedType>
         <b_subscriberNumber.C1.BoxedType><AddressString.BoxedType><Bytes>7a27395479f1
                  <field name="extension" value="extension:0" type="EnumLong" lengthBit="1"/>
                  <field name="nature of address" value="reserved for extension:7" type="EnumLong" lengthBit="3"/>
                  <field name="numbering plan" value="10" type="EnumLong" lengthBit="4"/>
                  <field name="digits" value="729345971" type="Number_BCD" length="9"/>
               </Bytes></AddressString.BoxedType></b_subscriberNumber.C1.BoxedType>
         <b_subscriberSubaddress.C2.BoxedType><Bytes>c5609ff6277fbcc0</Bytes></b_subscriberSubaddress.C2.BoxedType>
         <basicServiceGroup.C3.Choice>
            <bearerService.C2.BoxedType><Bytes>6d</Bytes></bearerService.C2.BoxedType>
            <teleservice.C3.BoxedType><Bytes>3cb0c3b6735bd9b089</Bytes></teleservice.C3.BoxedType>
         </basicServiceGroup.C3.Choice>
      </ccbs_Feature.C21.Sequence>
      <alertingPattern.C22.BoxedType><Bytes>38e7584eb1f88b</Bytes></alertingPattern.C22.BoxedType>
      <multicall_Indicator.C23.Enum>
         <EnumType>nbr_SNexceeded.0</EnumType>
      </multicall_Indicator.C23.Enum>
   </NotifySS_Arg.Sequence>
</ASN>