<?xml version="1.0" encoding="ISO-8859-15"?>

<ASN layer="CAP">
   <NumberChangedParam.Sequence><extensionContainer.Sequence>
         <privateExtensionList.C0.BoxedType>
            <Collection>
               <PrivateExtension.Sequence>
                  <extId><ObjectIdentifier>0.1.2116.70.94.15.4</ObjectIdentifier></extId>
                  <extType>2f574e</extType>
               </PrivateExtension.Sequence>
               <PrivateExtension.Sequence>
                  <extId><ObjectIdentifier>0.1.281.120.24.109.73.77.127.65.62</ObjectIdentifier></extId>
                  <extType>68</extType>
               </PrivateExtension.Sequence>
               <PrivateExtension.Sequence>
                  <extId><ObjectIdentifier>0.1.253.95.86.42.67.92.25.63.85</ObjectIdentifier></extId>
                  <extType>5c2a23a0f3684f7aec</extType>
               </PrivateExtension.Sequence>
            </Collection>
         </privateExtensionList.C0.BoxedType>
         <pcs_Extensions.C1.Sequence>
            
         </pcs_Extensions.C1.Sequence>
      </extensionContainer.Sequence></NumberChangedParam.Sequence>
</ASN>