<?xml version="1.0" encoding="ISO-8859-15"?>

<ASN layer="CAP">
   <O_BcsmCamelTDPData.Sequence>
      <o_BcsmTriggerDetectionPoint.Enum>
         <EnumType>collectedInfo.2</EnumType>
      </o_BcsmTriggerDetectionPoint.Enum>
      <serviceKey.BoxedType><Integer>1</Integer></serviceKey.BoxedType>
      <gsmSCF_Address.C0.BoxedType><AddressString.BoxedType><Bytes>dd0120054472
               <field name="extension" value="no extension:1" type="EnumLong" lengthBit="1"/>
               <field name="nature of address" value="reserved:5" type="EnumLong" lengthBit="3"/>
               <field name="numbering plan" value="13" type="EnumLong" lengthBit="4"/>
               <field name="digits" value="1002504427" type="Number_BCD" length="10"/>
            </Bytes></AddressString.BoxedType></gsmSCF_Address.C0.BoxedType>
      <defaultCallHandling.C1.Enum>
         <EnumType>continueCall.0</EnumType>
      </defaultCallHandling.C1.Enum>
      <extensionContainer.C2.Sequence>
         <privateExtensionList.C0.BoxedType>
            <Collection>
               <PrivateExtension.Sequence>
                  <extId><ObjectIdentifier>0.1.293.12.3.17.74.120.114</ObjectIdentifier></extId>
                  <extType>5d7c46</extType>
               </PrivateExtension.Sequence>
               <PrivateExtension.Sequence>
                  <extId><ObjectIdentifier>0.1.256.72.73.117.115</ObjectIdentifier></extId>
                  <extType>690d00</extType>
               </PrivateExtension.Sequence>
               <PrivateExtension.Sequence>
                  <extId><ObjectIdentifier>0.1.2</ObjectIdentifier></extId>
                  <extType>d3de73cdfa8699c7ad</extType>
               </PrivateExtension.Sequence>
            </Collection>
         </privateExtensionList.C0.BoxedType>
         <pcs_Extensions.C1.Sequence>
            
         </pcs_Extensions.C1.Sequence>
      </extensionContainer.C2.Sequence>
   </O_BcsmCamelTDPData.Sequence>
</ASN>