<?xml version="1.0" encoding="ISO-8859-15"?>

<ASN layer="CAP">
   <O_BcsmCamelTDP_Criteria.Sequence>
      <o_BcsmTriggerDetectionPoint.Enum>
         <EnumType>collectedInfo.2</EnumType>
      </o_BcsmTriggerDetectionPoint.Enum>
      <destinationNumberCriteria.C0.Sequence>
         <matchType.C0.Enum>
            <EnumType>inhibiting.0</EnumType>
         </matchType.C0.Enum>
         <destinationNumberList.C1.BoxedType>
            <Collection>
               <ISDN_AddressString.BoxedType><AddressString.BoxedType><Bytes>5676038527f6
                        <field name="extension" value="extension:0" type="EnumLong" lengthBit="1"/>
                        <field name="nature of address" value="reserved:5" type="EnumLong" lengthBit="3"/>
                        <field name="numbering plan" value="land mobile numbering plan (ITU-T Rec E.212):6" type="EnumLong" lengthBit="4"/>
                        <field name="digits" value="673058726" type="Number_BCD" length="9"/>
                     </Bytes></AddressString.BoxedType></ISDN_AddressString.BoxedType>
               <ISDN_AddressString.BoxedType><AddressString.BoxedType><Bytes>5876379511
                        <field name="extension" value="extension:0" type="EnumLong" lengthBit="1"/>
                        <field name="nature of address" value="reserved:5" type="EnumLong" lengthBit="3"/>
                        <field name="numbering plan" value="national numbering plan:8" type="EnumLong" lengthBit="4"/>
                        <field name="digits" value="67735911" type="Number_BCD" length="8"/>
                     </Bytes></AddressString.BoxedType></ISDN_AddressString.BoxedType>
               <ISDN_AddressString.BoxedType><AddressString.BoxedType><Bytes>413150869399
                        <field name="extension" value="extension:0" type="EnumLong" lengthBit="1"/>
                        <field name="nature of address" value="subscriber number:4" type="EnumLong" lengthBit="3"/>
                        <field name="numbering plan" value="ISDN/Telephony Numbering Plan (Rec ITU-T E.164):1" type="EnumLong" lengthBit="4"/>
                        <field name="digits" value="1305683999" type="Number_BCD" length="10"/>
                     </Bytes></AddressString.BoxedType></ISDN_AddressString.BoxedType>
            </Collection>
         </destinationNumberList.C1.BoxedType>
         <destinationNumberLengthList.C2.BoxedType>
            <Collection>
               <Integer>1</Integer>
               <Integer>1</Integer>
               <Integer>2</Integer>
            </Collection>
         </destinationNumberLengthList.C2.BoxedType>
      </destinationNumberCriteria.C0.Sequence>
      <basicServiceCriteria.C1.BoxedType>
         <Collection>
            <Ext_BasicServiceCode.Choice>
               <ext_BearerService.C2.BoxedType><Bytes>c98b78e6bb32142491</Bytes></ext_BearerService.C2.BoxedType>
               <ext_Teleservice.C3.BoxedType><Bytes>cc884fdd96
                     <field name="Code" value="204" type="EnumLong" length="1"/>
                     <field name="Extension data" value="884fdd96" type="Binary" length="4"/>
                  </Bytes></ext_Teleservice.C3.BoxedType>
            </Ext_BasicServiceCode.Choice>
            <Ext_BasicServiceCode.Choice>
               <ext_BearerService.C2.BoxedType><Bytes>39251d83ea50a5</Bytes></ext_BearerService.C2.BoxedType>
               <ext_Teleservice.C3.BoxedType><Bytes>d300006614
                     <field name="Code" value="plmn-specificTS-3:211" type="EnumLong" length="1"/>
                     <field name="Extension data" value="00006614" type="Binary" length="4"/>
                  </Bytes></ext_Teleservice.C3.BoxedType>
            </Ext_BasicServiceCode.Choice>
            <Ext_BasicServiceCode.Choice>
               <ext_BearerService.C2.BoxedType><Bytes>04</Bytes></ext_BearerService.C2.BoxedType>
               <ext_Teleservice.C3.BoxedType><Bytes>d7006a0ee5
                     <field name="Code" value="plmn-specificTS-7:215" type="EnumLong" length="1"/>
                     <field name="Extension data" value="006a0ee5" type="Binary" length="4"/>
                  </Bytes></ext_Teleservice.C3.BoxedType>
            </Ext_BasicServiceCode.Choice>
         </Collection>
      </basicServiceCriteria.C1.BoxedType>
      <callTypeCriteria.C2.Enum>
         <EnumType>forwarded.0</EnumType>
      </callTypeCriteria.C2.Enum>
      <o_CauseValueCriteria.C3.BoxedType>
         <Collection>
            <CauseValue.BoxedType><Bytes>2e7f9e82972a48fa29</Bytes></CauseValue.BoxedType>
            <CauseValue.BoxedType><Bytes>f59bffd7274a26f30360</Bytes></CauseValue.BoxedType>
            <CauseValue.BoxedType><Bytes>eefbe3814f1a56</Bytes></CauseValue.BoxedType>
         </Collection>
      </o_CauseValueCriteria.C3.BoxedType>
      <extensionContainer.C4.Sequence>
         <privateExtensionList.C0.BoxedType>
            <Collection>
               <PrivateExtension.Sequence>
                  <extId><ObjectIdentifier>0.1.233.101</ObjectIdentifier></extId>
                  <extType>e8e5344f74a9f04923</extType>
               </PrivateExtension.Sequence>
               <PrivateExtension.Sequence>
                  <extId><ObjectIdentifier>0.1.2</ObjectIdentifier></extId>
                  <extType>c314864e65</extType>
               </PrivateExtension.Sequence>
               <PrivateExtension.Sequence>
                  <extId><ObjectIdentifier>0.1.29.24.91.7.117.36.120.42</ObjectIdentifier></extId>
                  <extType>b7b2de</extType>
               </PrivateExtension.Sequence>
            </Collection>
         </privateExtensionList.C0.BoxedType>
         <pcs_Extensions.C1.Sequence>
            
         </pcs_Extensions.C1.Sequence>
      </extensionContainer.C4.Sequence>
   </O_BcsmCamelTDP_Criteria.Sequence>
</ASN>