<?xml version="1.0" encoding="ISO-8859-15"?>

<ASN layer="CAP">
   <OngoingGroupCallParam.Sequence><extensionContainer.Sequence>
         <privateExtensionList.C0.BoxedType>
            <Collection>
               <PrivateExtension.Sequence>
                  <extId><ObjectIdentifier>0.1.294.76.13.34.38.51.29</ObjectIdentifier></extId>
                  <extType>198522da45</extType>
               </PrivateExtension.Sequence>
               <PrivateExtension.Sequence>
                  <extId><ObjectIdentifier>0.1.274.67.124.126.88.25.78.16</ObjectIdentifier></extId>
                  <extType>f196e4</extType>
               </PrivateExtension.Sequence>
               <PrivateExtension.Sequence>
                  <extId><ObjectIdentifier>0.1.262.104</ObjectIdentifier></extId>
                  <extType>d303ab03d6303f3f98</extType>
               </PrivateExtension.Sequence>
            </Collection>
         </privateExtensionList.C0.BoxedType>
         <pcs_Extensions.C1.Sequence>
            
         </pcs_Extensions.C1.Sequence>
      </extensionContainer.Sequence></OngoingGroupCallParam.Sequence>
</ASN>