<?xml version="1.0" encoding="ISO-8859-15"?>

<ASN layer="CAP">
   <OR_NotAllowedParam.Sequence><extensionContainer.Sequence>
         <privateExtensionList.C0.BoxedType>
            <Collection>
               <PrivateExtension.Sequence>
                  <extId><ObjectIdentifier>0.1.215.19</ObjectIdentifier></extId>
                  <extType>dd929bc87d3151</extType>
               </PrivateExtension.Sequence>
               <PrivateExtension.Sequence>
                  <extId><ObjectIdentifier>0.1.2101.82.7.32.41.15.88.28.122.21</ObjectIdentifier></extId>
                  <extType>5763beecf55b</extType>
               </PrivateExtension.Sequence>
               <PrivateExtension.Sequence>
                  <extId><ObjectIdentifier>0.1.272.36.116.125.29</ObjectIdentifier></extId>
                  <extType>16df37c2</extType>
               </PrivateExtension.Sequence>
            </Collection>
         </privateExtensionList.C0.BoxedType>
         <pcs_Extensions.C1.Sequence>
            
         </pcs_Extensions.C1.Sequence>
      </extensionContainer.Sequence></OR_NotAllowedParam.Sequence>
</ASN>