<?xml version="1.0" encoding="ISO-8859-15"?>

<ASN layer="CAP">
   <PDP_ContextInfo.Sequence>
      <pdp_ContextIdentifier.C0.BoxedType><Integer>1</Integer></pdp_ContextIdentifier.C0.BoxedType>
      <pdp_ContextActive.C1></pdp_ContextActive.C1>
      <pdp_Type.C2.BoxedType><Bytes>dc8d
            <field name="spare" value="13" type="Integer" lengthBit="4"/>
            <field name="PDP type organisation" value="reserved:12" type="EnumLong" lengthBit="4"/>
            <field name="PDP type number" value="IPV4V6:141" type="EnumLong" length="1"/>
         </Bytes></pdp_Type.C2.BoxedType>
      <pdp_Address.C3.BoxedType><Bytes>2c7215cd
            <field name="IPV4  address" value="44.114.21.205" type="IPV4Address" length="4"/>
         </Bytes></pdp_Address.C3.BoxedType>
      <apn_Subscribed.C4.BoxedType><Bytes>7266495a33
            <field name="DNS string" value="rfIZ3" type="String" length="5"/>
         </Bytes></apn_Subscribed.C4.BoxedType>
      <apn_InUse.C5.BoxedType><Bytes>6a6d
            <field name="DNS string" value="jm" type="String" length="2"/>
         </Bytes></apn_InUse.C5.BoxedType>
      <nsapi.C6.BoxedType><Integer>1</Integer></nsapi.C6.BoxedType>
      <transactionId.C7.BoxedType><Bytes>84cc
            <field name="TI flag" value="The message is sent to the side that originates the TI:1" type="EnumLong" lengthBit="1"/>
            <field name="TIO" value="0" type="Integer" lengthBit="3"/>
            <field name="NA" value="4" type="Integer" lengthBit="4"/>
            <field name="Ext" value="1" type="Integer" lengthBit="1"/>
            <field name="TIE" value="76" type="Integer" lengthBit="7"/>
         </Bytes></transactionId.C7.BoxedType>
      <teid_ForGnAndGp.C8.BoxedType><Bytes>e49162b8
            <field name="TEID" value="3834733240" type="Integer" length="4"/>
         </Bytes></teid_ForGnAndGp.C8.BoxedType>
      <teid_ForIu.C9.BoxedType><Bytes>fe4725a2
            <field name="TEID" value="4266075554" type="Integer" length="4"/>
         </Bytes></teid_ForIu.C9.BoxedType>
      <ggsn_Address.C10.BoxedType><Bytes>7864b5118b
            <field name="Address type" value="IPV6:1" type="EnumLong" lengthBit="2"/>
            <field name="AddressLength" value="56" type="Integer" lengthBit="6"/>
            <field name="IPV4 address" value="100.181.17.139" type="IPV4Address" length="4"/>
         </Bytes></ggsn_Address.C10.BoxedType>
      <qos_Subscribed.C11.BoxedType><Bytes>76abe7d7e2ddb17613
            <field name="Allocation/Retention Priority" value="118" type="Integer" length="1"/>
            <field name="Traffic class" value="Reserved:5" type="EnumLong" lengthBit="3"/>
            <field name="Delivery class" value="With delivery order (&apos;yes&apos;):1" type="EnumLong" lengthBit="2"/>
            <field name="Delivery erroneous SDUs" value="Erroneous SDUs are not delivered (&apos;no&apos;):3" type="EnumLong" lengthBit="3"/>
            <field name="Maximum SDU size" value="231" type="Integer" length="1"/>
            <field name="Maximum bitrate uplink" value="215" type="Integer" length="1"/>
            <field name="Maximum bitrate downlink" value="226" type="Integer" length="1"/>
            <field name="SDU error ratio" value="Reserved:13" type="EnumLong" lengthBit="4"/>
            <field name="Residual BER" value="Reserved:13" type="EnumLong" lengthBit="4"/>
            <field name="Transfer delay" value="44" type="Integer" lengthBit="6"/>
            <field name="Traffic handling priority" value="Priority level 1:1" type="EnumLong" lengthBit="2"/>
            <field name="Guaranteed bitrate uplink" value="118" type="Integer" length="1"/>
            <field name="Guaranteed bitrate downlink" value="19" type="Integer" length="1"/>
         </Bytes></qos_Subscribed.C11.BoxedType>
      <qos_Requested.C12.BoxedType><Bytes>12b788fc34594be42c
            <field name="Allocation/Retention Priority" value="18" type="Integer" length="1"/>
            <field name="Traffic class" value="Reserved:5" type="EnumLong" lengthBit="3"/>
            <field name="Delivery class" value="Without delivery order (&apos;no&apos;):2" type="EnumLong" lengthBit="2"/>
            <field name="Delivery erroneous SDUs" value="Reserved:7" type="EnumLong" lengthBit="3"/>
            <field name="Maximum SDU size" value="136" type="Integer" length="1"/>
            <field name="Maximum bitrate uplink" value="252" type="Integer" length="1"/>
            <field name="Maximum bitrate downlink" value="52" type="Integer" length="1"/>
            <field name="SDU error ratio" value="1*10 power -5:5" type="EnumLong" lengthBit="4"/>
            <field name="Residual BER" value="6*10 power -8:9" type="EnumLong" lengthBit="4"/>
            <field name="Transfer delay" value="18" type="Integer" lengthBit="6"/>
            <field name="Traffic handling priority" value="Priority level 3:3" type="EnumLong" lengthBit="2"/>
            <field name="Guaranteed bitrate uplink" value="228" type="Integer" length="1"/>
            <field name="Guaranteed bitrate downlink" value="44" type="Integer" length="1"/>
         </Bytes></qos_Requested.C12.BoxedType>
      <qos_Negotiated.C13.BoxedType><Bytes>779e7557ae97521545
            <field name="Allocation/Retention Priority" value="119" type="Integer" length="1"/>
            <field name="Traffic class" value="Background class:4" type="EnumLong" lengthBit="3"/>
            <field name="Delivery class" value="Reserved:3" type="EnumLong" lengthBit="2"/>
            <field name="Delivery erroneous SDUs" value="Reserved:6" type="EnumLong" lengthBit="3"/>
            <field name="Maximum SDU size" value="117" type="Integer" length="1"/>
            <field name="Maximum bitrate uplink" value="87" type="Integer" length="1"/>
            <field name="Maximum bitrate downlink" value="174" type="Integer" length="1"/>
            <field name="SDU error ratio" value="Reserved:9" type="EnumLong" lengthBit="4"/>
            <field name="Residual BER" value="1*10 power -5:7" type="EnumLong" lengthBit="4"/>
            <field name="Transfer delay" value="20" type="Integer" lengthBit="6"/>
            <field name="Traffic handling priority" value="Priority level 2:2" type="EnumLong" lengthBit="2"/>
            <field name="Guaranteed bitrate uplink" value="21" type="Integer" length="1"/>
            <field name="Guaranteed bitrate downlink" value="69" type="Integer" length="1"/>
         </Bytes></qos_Negotiated.C13.BoxedType>
      <chargingId.C14.BoxedType><Bytes>27ff7066
            <field name="Charging ID" value="671051878" type="Integer" length="4"/>
         </Bytes></chargingId.C14.BoxedType>
      <chargingCharacteristics.C15.BoxedType><Bytes>9ac5
            <field name="Reserved" value="9" type="Integer" lengthBit="4"/>
            <field name="N flag" value="1" type="Integer" lengthBit="1"/>
            <field name="P flag" value="0" type="Integer" lengthBit="1"/>
            <field name="F flag" value="1" type="Integer" lengthBit="1"/>
            <field name="H flag" value="0" type="Integer" lengthBit="1"/>
            <field name="Charging Value" value="197" type="Integer" length="1"/>
         </Bytes></chargingCharacteristics.C15.BoxedType>
      <rnc_Address.C16.BoxedType><Bytes>1947f74d87
            <field name="Address type" value="IPV4:0" type="EnumLong" lengthBit="2"/>
            <field name="AddressLength" value="25" type="Integer" lengthBit="6"/>
            <field name="IPV4 address" value="71.247.77.135" type="IPV4Address" length="4"/>
         </Bytes></rnc_Address.C16.BoxedType>
      <extensionContainer.C17.Sequence>
         <privateExtensionList.C0.BoxedType>
            <Collection>
               <PrivateExtension.Sequence>
                  <extId><ObjectIdentifier>0.1.20.75.61.8.29</ObjectIdentifier></extId>
                  <extType>5e11e248a306</extType>
               </PrivateExtension.Sequence>
               <PrivateExtension.Sequence>
                  <extId><ObjectIdentifier>0.1.290.51.77.107.88</ObjectIdentifier></extId>
                  <extType>da89b2</extType>
               </PrivateExtension.Sequence>
               <PrivateExtension.Sequence>
                  <extId><ObjectIdentifier>0.1.255.81.58.89.97.12.100.115</ObjectIdentifier></extId>
                  <extType>19e2653136c10f7c</extType>
               </PrivateExtension.Sequence>
            </Collection>
         </privateExtensionList.C0.BoxedType>
         <pcs_Extensions.C1.Sequence>
            
         </pcs_Extensions.C1.Sequence>
      </extensionContainer.C17.Sequence>
      <qos2_Subscribed.C18.BoxedType><Bytes>11e380067f
            <field name="spare" value="0" type="Integer" lengthBit="3"/>
            <field name="Signalling Indication" value="Optimised for signalling traffic:1" type="EnumLong" lengthBit="1"/>
            <field name="Source Statistics Descriptor" value="speech:1" type="EnumLong" lengthBit="4"/>
            <field name="Maximum bitrate downlink (extended)" value="227" type="Integer" length="1"/>
            <field name="Guaranteed bitrate downlink (extended)" value="128" type="Integer" length="1"/>
            <field name="Maximum bitrate uplink (extended)" value="6" type="Integer" length="1"/>
            <field name="Guaranteed bitrate uplink (extended)" value="127" type="Integer" length="1"/>
         </Bytes></qos2_Subscribed.C18.BoxedType>
      <qos2_Requested.C19.BoxedType><Bytes>a5bf25f953
            <field name="spare" value="5" type="Integer" lengthBit="3"/>
            <field name="Signalling Indication" value="Not optimised for signalling traffic:0" type="EnumLong" lengthBit="1"/>
            <field name="Source Statistics Descriptor" value="unknown:5" type="EnumLong" lengthBit="4"/>
            <field name="Maximum bitrate downlink (extended)" value="191" type="Integer" length="1"/>
            <field name="Guaranteed bitrate downlink (extended)" value="37" type="Integer" length="1"/>
            <field name="Maximum bitrate uplink (extended)" value="249" type="Integer" length="1"/>
            <field name="Guaranteed bitrate uplink (extended)" value="83" type="Integer" length="1"/>
         </Bytes></qos2_Requested.C19.BoxedType>
      <qos2_Negotiated.C20.BoxedType><Bytes>4e2cdc2ac9
            <field name="spare" value="2" type="Integer" lengthBit="3"/>
            <field name="Signalling Indication" value="Not optimised for signalling traffic:0" type="EnumLong" lengthBit="1"/>
            <field name="Source Statistics Descriptor" value="unknown:14" type="EnumLong" lengthBit="4"/>
            <field name="Maximum bitrate downlink (extended)" value="44" type="Integer" length="1"/>
            <field name="Guaranteed bitrate downlink (extended)" value="220" type="Integer" length="1"/>
            <field name="Maximum bitrate uplink (extended)" value="42" type="Integer" length="1"/>
            <field name="Guaranteed bitrate uplink (extended)" value="201" type="Integer" length="1"/>
         </Bytes></qos2_Negotiated.C20.BoxedType>
      <qos3_Subscribed.C21.BoxedType><Bytes>d710
            <field name="Maximum bitrate uplink (extended)" value="215" type="Integer" length="1"/>
            <field name="Guaranteed bitrate uplink (extended)" value="16" type="Integer" length="1"/>
         </Bytes></qos3_Subscribed.C21.BoxedType>
      <qos3_Requested.C22.BoxedType><Bytes>c538
            <field name="Maximum bitrate uplink (extended)" value="197" type="Integer" length="1"/>
            <field name="Guaranteed bitrate uplink (extended)" value="56" type="Integer" length="1"/>
         </Bytes></qos3_Requested.C22.BoxedType>
      <qos3_Negotiated.C23.BoxedType><Bytes>1a2c
            <field name="Maximum bitrate uplink (extended)" value="26" type="Integer" length="1"/>
            <field name="Guaranteed bitrate uplink (extended)" value="44" type="Integer" length="1"/>
         </Bytes></qos3_Negotiated.C23.BoxedType>
      <qos4_Subscribed.C25.BoxedType><Bytes>0e2c</Bytes></qos4_Subscribed.C25.BoxedType>
      <qos4_Requested.C26.BoxedType><Bytes>ba74fe0e955ecb3733</Bytes></qos4_Requested.C26.BoxedType>
      <qos4_Negotiated.C27.BoxedType><Bytes>c02a3edc05768cc034</Bytes></qos4_Negotiated.C27.BoxedType>
      <ext_pdp_Type.C28.BoxedType><Bytes>f411eab0fe</Bytes></ext_pdp_Type.C28.BoxedType>
      <ext_pdp_Address.C29.BoxedType><Bytes>8bffcb12
            <field name="IPV4  address" value="139.255.203.18" type="IPV4Address" length="4"/>
         </Bytes></ext_pdp_Address.C29.BoxedType>
   </PDP_ContextInfo.Sequence>
</ASN>