<?xml version="1.0" encoding="ISO-8859-15"?>

<ASN layer="CAP">
   <PDP_Context.Sequence>
      <pdp_ContextId.BoxedType><Integer>2</Integer></pdp_ContextId.BoxedType>
      <pdp_Type.C16.BoxedType><Bytes>5d8d
            <field name="spare" value="5" type="Integer" lengthBit="4"/>
            <field name="PDP type organisation" value="reserved:13" type="EnumLong" lengthBit="4"/>
            <field name="PDP type number" value="IPV4V6:141" type="EnumLong" length="1"/>
         </Bytes></pdp_Type.C16.BoxedType>
      <pdp_Address.C17.BoxedType><Bytes>a5fe4ae7
            <field name="IPV4  address" value="165.254.74.231" type="IPV4Address" length="4"/>
         </Bytes></pdp_Address.C17.BoxedType>
      <qos_Subscribed.C18.BoxedType><Bytes>59463a
            <field name="spare1" value="1" type="Integer" lengthBit="2"/>
            <field name="Delay class" value="Delay class 3:3" type="EnumLong" lengthBit="3"/>
            <field name="Reliability class" value="Unused. If received, it shall be interpreted as &apos;010&apos;:1" type="EnumLong" lengthBit="3"/>
            <field name="Peak throughput" value="Up to 8 000 octet/s:4" type="EnumLong" lengthBit="4"/>
            <field name="spare2" value="0" type="Integer" lengthBit="1"/>
            <field name="Precedence class" value="Normal priority:6" type="EnumLong" lengthBit="3"/>
            <field name="spare3" value="1" type="Integer" lengthBit="3"/>
            <field name="Mean throughput" value="Best effort:26" type="EnumLong" lengthBit="5"/>
         </Bytes></qos_Subscribed.C18.BoxedType>
      <vplmnAddressAllowed.C19></vplmnAddressAllowed.C19>
      <apn.C20.BoxedType><Bytes>773546774c64
            <field name="DNS string" value="w5FwLd" type="String" length="6"/>
         </Bytes></apn.C20.BoxedType>
      <extensionContainer.C21.Sequence>
         <privateExtensionList.C0.BoxedType>
            <Collection>
               <PrivateExtension.Sequence>
                  <extId><ObjectIdentifier>0.1.272.100.8.56</ObjectIdentifier></extId>
                  <extType>97d8ba81</extType>
               </PrivateExtension.Sequence>
               <PrivateExtension.Sequence>
                  <extId><ObjectIdentifier>0.1.2</ObjectIdentifier></extId>
                  <extType>18dadc1806</extType>
               </PrivateExtension.Sequence>
               <PrivateExtension.Sequence>
                  <extId><ObjectIdentifier>0.1.271.52.59.79.30</ObjectIdentifier></extId>
                  <extType>e6b8</extType>
               </PrivateExtension.Sequence>
            </Collection>
         </privateExtensionList.C0.BoxedType>
         <pcs_Extensions.C1.Sequence>
            
         </pcs_Extensions.C1.Sequence>
      </extensionContainer.C21.Sequence>
      <ext_QoS_Subscribed.C0.BoxedType><Bytes>8c4d9044b5cea2f281
            <field name="Allocation/Retention Priority" value="140" type="Integer" length="1"/>
            <field name="Traffic class" value="Streaming class:2" type="EnumLong" lengthBit="3"/>
            <field name="Delivery class" value="With delivery order (&apos;yes&apos;):1" type="EnumLong" lengthBit="2"/>
            <field name="Delivery erroneous SDUs" value="Reserved:5" type="EnumLong" lengthBit="3"/>
            <field name="Maximum SDU size" value="144" type="Integer" length="1"/>
            <field name="Maximum bitrate uplink" value="68" type="Integer" length="1"/>
            <field name="Maximum bitrate downlink" value="181" type="Integer" length="1"/>
            <field name="SDU error ratio" value="Reserved:12" type="EnumLong" lengthBit="4"/>
            <field name="Residual BER" value="Reserved:14" type="EnumLong" lengthBit="4"/>
            <field name="Transfer delay" value="40" type="Integer" lengthBit="6"/>
            <field name="Traffic handling priority" value="Priority level 2:2" type="EnumLong" lengthBit="2"/>
            <field name="Guaranteed bitrate uplink" value="242" type="Integer" length="1"/>
            <field name="Guaranteed bitrate downlink" value="129" type="Integer" length="1"/>
         </Bytes></ext_QoS_Subscribed.C0.BoxedType>
      <pdp_ChargingCharacteristics.C1.BoxedType><Bytes>1aec
            <field name="Reserved" value="1" type="Integer" lengthBit="4"/>
            <field name="N flag" value="1" type="Integer" lengthBit="1"/>
            <field name="P flag" value="0" type="Integer" lengthBit="1"/>
            <field name="F flag" value="1" type="Integer" lengthBit="1"/>
            <field name="H flag" value="0" type="Integer" lengthBit="1"/>
            <field name="Charging Value" value="236" type="Integer" length="1"/>
         </Bytes></pdp_ChargingCharacteristics.C1.BoxedType>
      <ext2_QoS_Subscribed.C2.BoxedType><Bytes>9ccb50ea4e
            <field name="spare" value="4" type="Integer" lengthBit="3"/>
            <field name="Signalling Indication" value="Optimised for signalling traffic:1" type="EnumLong" lengthBit="1"/>
            <field name="Source Statistics Descriptor" value="unknown:12" type="EnumLong" lengthBit="4"/>
            <field name="Maximum bitrate downlink (extended)" value="203" type="Integer" length="1"/>
            <field name="Guaranteed bitrate downlink (extended)" value="80" type="Integer" length="1"/>
            <field name="Maximum bitrate uplink (extended)" value="234" type="Integer" length="1"/>
            <field name="Guaranteed bitrate uplink (extended)" value="78" type="Integer" length="1"/>
         </Bytes></ext2_QoS_Subscribed.C2.BoxedType>
      <ext3_QoS_Subscribed.C3.BoxedType><Bytes>ed9c
            <field name="Maximum bitrate uplink (extended)" value="237" type="Integer" length="1"/>
            <field name="Guaranteed bitrate uplink (extended)" value="156" type="Integer" length="1"/>
         </Bytes></ext3_QoS_Subscribed.C3.BoxedType>
      <ext4_QoS_Subscribed.C4.BoxedType><Bytes>d95aa0166d</Bytes></ext4_QoS_Subscribed.C4.BoxedType>
      <apn_oi_Replacement.C5.BoxedType><Bytes>fd15d625</Bytes></apn_oi_Replacement.C5.BoxedType>
      <ext_pdp_Type.C6.BoxedType><Bytes>3ffb80a555</Bytes></ext_pdp_Type.C6.BoxedType>
      <ext_pdp_Address.C7.BoxedType><Bytes>c61c366e
            <field name="IPV4  address" value="198.28.54.110" type="IPV4Address" length="4"/>
         </Bytes></ext_pdp_Address.C7.BoxedType>
      <ambr.C10.Sequence>
         <max_RequestedBandwidth_UL.C0.BoxedType><Long>2966049862</Long></max_RequestedBandwidth_UL.C0.BoxedType>
         <max_RequestedBandwidth_DL.C1.BoxedType><Long>3248318014</Long></max_RequestedBandwidth_DL.C1.BoxedType>
         <extensionContainer.C2.Sequence>
            <privateExtensionList.C0.BoxedType>
               <Collection>
                  <PrivateExtension.Sequence>
                     <extId><ObjectIdentifier>0.1.230.90.23.10.70.36.121</ObjectIdentifier></extId>
                     <extType>b311a5</extType>
                  </PrivateExtension.Sequence>
                  <PrivateExtension.Sequence>
                     <extId><ObjectIdentifier>0.1.276.36.109.15.105.92.62.70.101</ObjectIdentifier></extId>
                     <extType>468507f13e1d9b97e6</extType>
                  </PrivateExtension.Sequence>
                  <PrivateExtension.Sequence>
                     <extId><ObjectIdentifier>0.1.230.123.32.30.1.16.91.4.103</ObjectIdentifier></extId>
                     <extType>f5bec1</extType>
                  </PrivateExtension.Sequence>
               </Collection>
            </privateExtensionList.C0.BoxedType>
            <pcs_Extensions.C1.Sequence>
               
            </pcs_Extensions.C1.Sequence>
         </extensionContainer.C2.Sequence>
      </ambr.C10.Sequence>
      <sipto_Permission.C8.Enum>
         <EnumType>siptoAboveRanNotAllowed.1</EnumType>
      </sipto_Permission.C8.Enum>
      <lipa_Permission.C9.Enum>
         <EnumType>lipaProhibited.0</EnumType>
      </lipa_Permission.C9.Enum>
      <restoration_Priority.C11.BoxedType><Bytes>1ced62</Bytes></restoration_Priority.C11.BoxedType>
      <sipto_local_network_Permission.C12.Enum>
         <EnumType>siptoAtLocalNetworkNotAllowed.1</EnumType>
      </sipto_local_network_Permission.C12.Enum>
   </PDP_Context.Sequence>
</ASN>