<?xml version="1.0" encoding="ISO-8859-15"?>

<ASN layer="CAP">
   <PlayToneArg.Sequence>
      <legOrCallSegment.C0.Choice>
         <callSegmentID.C0.BoxedType><Integer>1</Integer></callSegmentID.C0.BoxedType>
         <legID.C1.Choice>
            <sendingSideID.C0.BoxedType><Bytes>02
                  <field name="LegType" value="leg2 LegType:2" type="EnumLong" length="1"/>
               </Bytes></sendingSideID.C0.BoxedType>
            <receivingSideID.C1.BoxedType><Bytes>01
                  <field name="LegType" value="leg1 LegType:1" type="EnumLong" length="1"/>
               </Bytes></receivingSideID.C1.BoxedType>
         </legID.C1.Choice>
      </legOrCallSegment.C0.Choice>
      <bursts.C1.Sequence>
         <numberOfBursts.C0d>1</numberOfBursts.C0d>
         <burstInterval.C1d>1</burstInterval.C1d>
         <numberOfTonesInBurst.C2d>1</numberOfTonesInBurst.C2d>
         <toneDuration.C3d>1</toneDuration.C3d>
         <toneInterval.C4d>1</toneInterval.C4d>
      </bursts.C1.Sequence>
      <extensions.C2.BoxedType>
         <Collection>
            <ExtensionField.Sequence>
               <type.Choice>
                  <local>2009340610</local>
                  <global><ObjectIdentifier>0.1.212.117.81.34.80.9.17</ObjectIdentifier></global>
               </type.Choice>
               <criticality.nulld.Enum>
                  <EnumType>abort.1</EnumType>
               </criticality.nulld.Enum>
               <NullObject.C1></NullObject.C1>
            </ExtensionField.Sequence>
            <ExtensionField.Sequence>
               <type.Choice>
                  <local>4204554016</local>
                  <global><ObjectIdentifier>0.1.262.26.30.37.80.11.68.5.30.28</ObjectIdentifier></global>
               </type.Choice>
               <criticality.nulld.Enum>
                  <EnumType>abort.1</EnumType>
               </criticality.nulld.Enum>
               <NullObject.C1></NullObject.C1>
            </ExtensionField.Sequence>
            <ExtensionField.Sequence>
               <type.Choice>
                  <local>2107585835</local>
                  <global><ObjectIdentifier>0.1.278.22.101.118.119.61.10.62.63</ObjectIdentifier></global>
               </type.Choice>
               <criticality.nulld.Enum>
                  <EnumType>abort.1</EnumType>
               </criticality.nulld.Enum>
               <NullObject.C1></NullObject.C1>
            </ExtensionField.Sequence>
         </Collection>
      </extensions.C2.BoxedType>
   </PlayToneArg.Sequence>
</ASN>