<?xml version="1.0" encoding="ISO-8859-15"?>

<ASN layer="CAP">
   <PlayAnnouncementArg.Sequence>
      <informationToSend.C0.Choice>
         <inbandInfo.C0.Sequence>
            <messageID.C0.Choice>
               <elementaryMessageID.C0.BoxedType><Integer>0</Integer></elementaryMessageID.C0.BoxedType>
               <text.C1.Sequence>
                  <messageContent.C0>42AcaJStp</messageContent.C0>
                  <attributes.C1>bbb7a492</attributes.C1>
               </text.C1.Sequence>
               <Collection>
                  <elementaryMessageIDs.C29.BoxedType><Integer>0</Integer></elementaryMessageIDs.C29.BoxedType>
                  <elementaryMessageIDs.C29.BoxedType><Integer>0</Integer></elementaryMessageIDs.C29.BoxedType>
                  <elementaryMessageIDs.C29.BoxedType><Integer>0</Integer></elementaryMessageIDs.C29.BoxedType>
               </Collection>
            
               <variableMessage.C30.Sequence>
                  <elementaryMessageID.C0.BoxedType><Integer>1</Integer></elementaryMessageID.C0.BoxedType>
                  <Collection>
                     <variableParts.C1.Choice>
                        <integer.C0.BoxedType><Integer>2</Integer></integer.C0.BoxedType>
                        <number.C1.BoxedType><Bytes>f5944ef6ca79</Bytes></number.C1.BoxedType>
                        <time.C2>b8ec</time.C2>
                        <date.C3>0f617b</date.C3>
                        <price.C4>638c5cf837</price.C4>
                     </variableParts.C1.Choice>
                     <variableParts.C1.Choice>
                        <integer.C0.BoxedType><Integer>2</Integer></integer.C0.BoxedType>
                        <number.C1.BoxedType><Bytes>473c294cf8ab914b</Bytes></number.C1.BoxedType>
                        <time.C2>a67ad460d4130c</time.C2>
                        <date.C3>235aefc3</date.C3>
                        <price.C4>a63d2ecbb7</price.C4>
                     </variableParts.C1.Choice>
                     <variableParts.C1.Choice>
                        <integer.C0.BoxedType><Integer>1</Integer></integer.C0.BoxedType>
                        <number.C1.BoxedType><Bytes>9fa3</Bytes></number.C1.BoxedType>
                        <time.C2>8df6822638241bd8ed</time.C2>
                        <date.C3>25ac19d6a39c</date.C3>
                        <price.C4>63604754db4ca1</price.C4>
                     </variableParts.C1.Choice>
                  </Collection>
               
               </variableMessage.C30.Sequence>
            </messageID.C0.Choice>
            <numberOfRepetitions.C1>1</numberOfRepetitions.C1>
            <duration.C2>0</duration.C2>
            <interval.C3>1</interval.C3>
         </inbandInfo.C0.Sequence>
         <tone.C1.Sequence>
            <toneID.C0.BoxedType><Integer>0</Integer></toneID.C0.BoxedType>
            <duration.C1.BoxedType><Integer>0</Integer></duration.C1.BoxedType>
         </tone.C1.Sequence>
      </informationToSend.C0.Choice>
      <disconnectFromIPForbidden.C1d>false:0</disconnectFromIPForbidden.C1d>
      <requestAnnouncementCompleteNotification.C2d>true:1</requestAnnouncementCompleteNotification.C2d>
      <extensions.C3.BoxedType>
         <Collection>
            <ExtensionField.Sequence>
               <type.Choice>
                  <local>812408044</local>
                  <global><ObjectIdentifier>0.1.260.64.46.44.57.43</ObjectIdentifier></global>
               </type.Choice>
               <criticality.nulld.Enum>
                  <EnumType>abort.1</EnumType>
               </criticality.nulld.Enum>
               <NullObject.C1></NullObject.C1>
            </ExtensionField.Sequence>
            <ExtensionField.Sequence>
               <type.Choice>
                  <local>1372575148</local>
                  <global><ObjectIdentifier>0.1.294.13.118.12.49.91.75.31.45</ObjectIdentifier></global>
               </type.Choice>
               <criticality.nulld.Enum>
                  <EnumType>abort.1</EnumType>
               </criticality.nulld.Enum>
               <NullObject.C1></NullObject.C1>
            </ExtensionField.Sequence>
            <ExtensionField.Sequence>
               <type.Choice>
                  <local>659824796</local>
                  <global><ObjectIdentifier>0.1.253.3</ObjectIdentifier></global>
               </type.Choice>
               <criticality.nulld.Enum>
                  <EnumType>ignore.0</EnumType>
               </criticality.nulld.Enum>
               <NullObject.C1></NullObject.C1>
            </ExtensionField.Sequence>
         </Collection>
      </extensions.C3.BoxedType>
      <callSegmentID.C5.BoxedType><Integer>1</Integer></callSegmentID.C5.BoxedType>
      <requestAnnouncementStartedNotification.C51d>false:0</requestAnnouncementStartedNotification.C51d>
   </PlayAnnouncementArg.Sequence>
</ASN>