<?xml version="1.0" encoding="ISO-8859-15"?>

<ASN layer="CAP">
   <PrepareHO_Arg.BoxedType><PrepareHO_ArgSequenceType.C3.Sequence>
         <targetCellId.C0.BoxedType><Bytes>8f1be668805f80</Bytes></targetCellId.C0.BoxedType>
         <ho_NumberNotRequired></ho_NumberNotRequired>
         <targetRNCId.C1.BoxedType><Bytes>053e4ecfbc6b943ea0</Bytes></targetRNCId.C1.BoxedType>
         <an_APDU.C2.Sequence>
            <accessNetworkProtocolId.Enum>
               <EnumType>ts3G_25413.2</EnumType>
            </accessNetworkProtocolId.Enum>
            <signalInfo.BoxedType><Bytes>b6dc805baf6e4d68bc9e</Bytes></signalInfo.BoxedType>
            <extensionContainer.Sequence>
               <privateExtensionList.C0.BoxedType>
                  <Collection>
                     <PrivateExtension.Sequence>
                        <extId><ObjectIdentifier>0.1.279.108.28.26.83.117.114</ObjectIdentifier></extId>
                        <extType>db951120f376b132</extType>
                     </PrivateExtension.Sequence>
                     <PrivateExtension.Sequence>
                        <extId><ObjectIdentifier>0.1.2122</ObjectIdentifier></extId>
                        <extType>d59d791ce9e0ee47</extType>
                     </PrivateExtension.Sequence>
                     <PrivateExtension.Sequence>
                        <extId><ObjectIdentifier>0.1.2107</ObjectIdentifier></extId>
                        <extType>38</extType>
                     </PrivateExtension.Sequence>
                  </Collection>
               </privateExtensionList.C0.BoxedType>
               <pcs_Extensions.C1.Sequence>
                  
               </pcs_Extensions.C1.Sequence>
            </extensionContainer.Sequence>
         </an_APDU.C2.Sequence>
         <multipleBearerRequested.C3></multipleBearerRequested.C3>
         <imsi.C4.BoxedType><TBCD_STRING.BoxedType><Bytes>0161394892
                  <field name="digits" value="1016938429" type="Number_BCD" length="10"/>
               </Bytes></TBCD_STRING.BoxedType></imsi.C4.BoxedType>
         <integrityProtectionInfo.C5.BoxedType><Bytes>b202bbb2559be3</Bytes></integrityProtectionInfo.C5.BoxedType>
         <encryptionInfo.C6.BoxedType><Bytes>6e1d5578ab9715</Bytes></encryptionInfo.C6.BoxedType>
         <radioResourceInformation.C7.BoxedType><Bytes>d8b5</Bytes></radioResourceInformation.C7.BoxedType>
         <allowedGSM_Algorithms.C9.BoxedType><Bytes>37786787</Bytes></allowedGSM_Algorithms.C9.BoxedType>
         <allowedUMTS_Algorithms.C10.Sequence>
            <integrityProtectionAlgorithms.C0.BoxedType><Bytes>eebc2a46</Bytes></integrityProtectionAlgorithms.C0.BoxedType>
            <encryptionAlgorithms.C1.BoxedType><Bytes>1857b4cd</Bytes></encryptionAlgorithms.C1.BoxedType>
            <extensionContainer.C2.Sequence>
               <privateExtensionList.C0.BoxedType>
                  <Collection>
                     <PrivateExtension.Sequence>
                        <extId><ObjectIdentifier>0.1.229</ObjectIdentifier></extId>
                        <extType>cdf8</extType>
                     </PrivateExtension.Sequence>
                     <PrivateExtension.Sequence>
                        <extId><ObjectIdentifier>0.1.239.14.28.12.48</ObjectIdentifier></extId>
                        <extType>9b362bcfd051b444a15d</extType>
                     </PrivateExtension.Sequence>
                     <PrivateExtension.Sequence>
                        <extId><ObjectIdentifier>0.1.275.33.11.39.57.38</ObjectIdentifier></extId>
                        <extType>1281b8cf9169</extType>
                     </PrivateExtension.Sequence>
                  </Collection>
               </privateExtensionList.C0.BoxedType>
               <pcs_Extensions.C1.Sequence>
                  
               </pcs_Extensions.C1.Sequence>
            </extensionContainer.C2.Sequence>
         </allowedUMTS_Algorithms.C10.Sequence>
         <radioResourceList.C11.BoxedType>
            <Collection>
               <RadioResource.Sequence>
                  <radioResourceInformation.BoxedType><Bytes>5b</Bytes></radioResourceInformation.BoxedType>
                  <rab_Id.BoxedType><Integer>1</Integer></rab_Id.BoxedType>
               </RadioResource.Sequence>
               <RadioResource.Sequence>
                  <radioResourceInformation.BoxedType><Bytes>72bc117e0a37</Bytes></radioResourceInformation.BoxedType>
                  <rab_Id.BoxedType><Integer>1</Integer></rab_Id.BoxedType>
               </RadioResource.Sequence>
               <RadioResource.Sequence>
                  <radioResourceInformation.BoxedType><Bytes>6425</Bytes></radioResourceInformation.BoxedType>
                  <rab_Id.BoxedType><Integer>0</Integer></rab_Id.BoxedType>
               </RadioResource.Sequence>
            </Collection>
         </radioResourceList.C11.BoxedType>
         <extensionContainer.C8.Sequence>
            <privateExtensionList.C0.BoxedType>
               <Collection>
                  <PrivateExtension.Sequence>
                     <extId><ObjectIdentifier>0.1.271.50.81.87.52</ObjectIdentifier></extId>
                     <extType>854e57dc45</extType>
                  </PrivateExtension.Sequence>
                  <PrivateExtension.Sequence>
                     <extId><ObjectIdentifier>0.1.2105.59.53.73.48.18.105</ObjectIdentifier></extId>
                     <extType>f5d34621cd1684bb16fd</extType>
                  </PrivateExtension.Sequence>
                  <PrivateExtension.Sequence>
                     <extId><ObjectIdentifier>0.1.2112.75.8.51</ObjectIdentifier></extId>
                     <extType>ac</extType>
                  </PrivateExtension.Sequence>
               </Collection>
            </privateExtensionList.C0.BoxedType>
            <pcs_Extensions.C1.Sequence>
               
            </pcs_Extensions.C1.Sequence>
         </extensionContainer.C8.Sequence>
         <rab_Id.C12.BoxedType><Integer>2</Integer></rab_Id.C12.BoxedType>
         <bssmap_ServiceHandover.C13.BoxedType><Bytes>585607</Bytes></bssmap_ServiceHandover.C13.BoxedType>
         <ranap_ServiceHandover.C14.BoxedType><Bytes>6a3e23a469e4a720</Bytes></ranap_ServiceHandover.C14.BoxedType>
         <bssmap_ServiceHandoverList.C15.BoxedType>
            <Collection>
               <BSSMAP_ServiceHandoverInfo.Sequence>
                  <bssmap_ServiceHandover.BoxedType><Bytes>e8abe0</Bytes></bssmap_ServiceHandover.BoxedType>
                  <rab_Id.BoxedType><Integer>1</Integer></rab_Id.BoxedType>
               </BSSMAP_ServiceHandoverInfo.Sequence>
               <BSSMAP_ServiceHandoverInfo.Sequence>
                  <bssmap_ServiceHandover.BoxedType><Bytes>16f886</Bytes></bssmap_ServiceHandover.BoxedType>
                  <rab_Id.BoxedType><Integer>0</Integer></rab_Id.BoxedType>
               </BSSMAP_ServiceHandoverInfo.Sequence>
               <BSSMAP_ServiceHandoverInfo.Sequence>
                  <bssmap_ServiceHandover.BoxedType><Bytes>ae3e</Bytes></bssmap_ServiceHandover.BoxedType>
                  <rab_Id.BoxedType><Integer>2</Integer></rab_Id.BoxedType>
               </BSSMAP_ServiceHandoverInfo.Sequence>
            </Collection>
         </bssmap_ServiceHandoverList.C15.BoxedType>
         <asciCallReference.C20.BoxedType><TBCD_STRING.BoxedType><Bytes>61295166
                  <field name="digits" value="16921566" type="Number_BCD" length="8"/>
               </Bytes></TBCD_STRING.BoxedType></asciCallReference.C20.BoxedType>
         <geran_classmark.C16.BoxedType><Bytes>06fa96aabc2f8fd5</Bytes></geran_classmark.C16.BoxedType>
         <iuCurrentlyUsedCodec.C17.BoxedType><Bytes>b5839b01158a43</Bytes></iuCurrentlyUsedCodec.C17.BoxedType>
         <iuSupportedCodecsList.C18.Sequence>
            <utranCodecList.C0.Sequence>
               <codec1.C1.BoxedType><Bytes>2dfaee</Bytes></codec1.C1.BoxedType>
               <codec2.C2.BoxedType><Bytes>e5a1</Bytes></codec2.C2.BoxedType>
               <codec3.C3.BoxedType><Bytes>ac329d84b81c766c50</Bytes></codec3.C3.BoxedType>
               <codec4.C4.BoxedType><Bytes>7dfc3ac592f43b36ee</Bytes></codec4.C4.BoxedType>
               <codec5.C5.BoxedType><Bytes>d3919c6e0829ee</Bytes></codec5.C5.BoxedType>
               <codec6.C6.BoxedType><Bytes>123761</Bytes></codec6.C6.BoxedType>
               <codec7.C7.BoxedType><Bytes>913d1d16781905</Bytes></codec7.C7.BoxedType>
               <codec8.C8.BoxedType><Bytes>2ce128009babfd</Bytes></codec8.C8.BoxedType>
               <extensionContainer.C9.Sequence>
                  <privateExtensionList.C0.BoxedType>
                     <Collection>
                        <PrivateExtension.Sequence>
                           <extId><ObjectIdentifier>0.1.2112.49.62.28.125.17.11</ObjectIdentifier></extId>
                           <extType>b26a6b</extType>
                        </PrivateExtension.Sequence>
                        <PrivateExtension.Sequence>
                           <extId><ObjectIdentifier>0.1.249.24.10</ObjectIdentifier></extId>
                           <extType>d66f6ed7dd</extType>
                        </PrivateExtension.Sequence>
                        <PrivateExtension.Sequence>
                           <extId><ObjectIdentifier>0.1.2110.43.55.121.18</ObjectIdentifier></extId>
                           <extType>b5d498d18e2509cd77</extType>
                        </PrivateExtension.Sequence>
                     </Collection>
                  </privateExtensionList.C0.BoxedType>
                  <pcs_Extensions.C1.Sequence>
                     
                  </pcs_Extensions.C1.Sequence>
               </extensionContainer.C9.Sequence>
            </utranCodecList.C0.Sequence>
            <geranCodecList.C1.Sequence>
               <codec1.C1.BoxedType><Bytes>24436bf9037c0170</Bytes></codec1.C1.BoxedType>
               <codec2.C2.BoxedType><Bytes>fb7d1d5ef22535</Bytes></codec2.C2.BoxedType>
               <codec3.C3.BoxedType><Bytes>9d96</Bytes></codec3.C3.BoxedType>
               <codec4.C4.BoxedType><Bytes>169467fb3cf38f45d0</Bytes></codec4.C4.BoxedType>
               <codec5.C5.BoxedType><Bytes>688a9ff2e67a64d570c6</Bytes></codec5.C5.BoxedType>
               <codec6.C6.BoxedType><Bytes>10e870</Bytes></codec6.C6.BoxedType>
               <codec7.C7.BoxedType><Bytes>52b246188b</Bytes></codec7.C7.BoxedType>
               <codec8.C8.BoxedType><Bytes>26</Bytes></codec8.C8.BoxedType>
               <extensionContainer.C9.Sequence>
                  <privateExtensionList.C0.BoxedType>
                     <Collection>
                        <PrivateExtension.Sequence>
                           <extId><ObjectIdentifier>0.1.258.11.95.78.109.15.30.45</ObjectIdentifier></extId>
                           <extType>e5eb104f88d9b6be71</extType>
                        </PrivateExtension.Sequence>
                        <PrivateExtension.Sequence>
                           <extId><ObjectIdentifier>0.1.257.120.49.112</ObjectIdentifier></extId>
                           <extType>c5aba878</extType>
                        </PrivateExtension.Sequence>
                        <PrivateExtension.Sequence>
                           <extId><ObjectIdentifier>0.1.2109.118.119.59.47.74.100</ObjectIdentifier></extId>
                           <extType>1e87d2776a</extType>
                        </PrivateExtension.Sequence>
                     </Collection>
                  </privateExtensionList.C0.BoxedType>
                  <pcs_Extensions.C1.Sequence>
                     
                  </pcs_Extensions.C1.Sequence>
               </extensionContainer.C9.Sequence>
            </geranCodecList.C1.Sequence>
            <extensionContainer.C2.Sequence>
               <privateExtensionList.C0.BoxedType>
                  <Collection>
                     <PrivateExtension.Sequence>
                        <extId><ObjectIdentifier>0.1.2127.64.72.59.2.74.23.78.118</ObjectIdentifier></extId>
                        <extType>3a8d03fec5</extType>
                     </PrivateExtension.Sequence>
                     <PrivateExtension.Sequence>
                        <extId><ObjectIdentifier>0.1.29.100.105.118.94.107.73.6.69</ObjectIdentifier></extId>
                        <extType>63f98ed976492a</extType>
                     </PrivateExtension.Sequence>
                     <PrivateExtension.Sequence>
                        <extId><ObjectIdentifier>0.1.22.66.84.54.82.82</ObjectIdentifier></extId>
                        <extType>8590ff</extType>
                     </PrivateExtension.Sequence>
                  </Collection>
               </privateExtensionList.C0.BoxedType>
               <pcs_Extensions.C1.Sequence>
                  
               </pcs_Extensions.C1.Sequence>
            </extensionContainer.C2.Sequence>
         </iuSupportedCodecsList.C18.Sequence>
         <rab_ConfigurationIndicator.C19></rab_ConfigurationIndicator.C19>
         <uesbi_Iu.C21.Sequence>
            <uesbi_IuA.C0.BoxedType><BitString><BitString value="04f4025293" trailing="0"/></BitString></uesbi_IuA.C0.BoxedType>
            <uesbi_IuB.C1.BoxedType><BitString><BitString value="636bf6fbbd02343964" trailing="0"/></BitString></uesbi_IuB.C1.BoxedType>
         </uesbi_Iu.C21.Sequence>
         <imeisv.C22.BoxedType><TBCD_STRING.BoxedType><Bytes>8160359996
                  <field name="digits" value="1806539969" type="Number_BCD" length="10"/>
               </Bytes></TBCD_STRING.BoxedType></imeisv.C22.BoxedType>
         <alternativeChannelType.C23.BoxedType><Bytes>68b361ed</Bytes></alternativeChannelType.C23.BoxedType>
         <tracePropagationList.C25.Sequence>
            <traceReference.C0.BoxedType><Bytes>65004b42a399d8becf</Bytes></traceReference.C0.BoxedType>
            <traceType.C1.BoxedType><Integer>2</Integer></traceType.C1.BoxedType>
            <traceReference2.C2.BoxedType><Bytes>4823b3aa52</Bytes></traceReference2.C2.BoxedType>
            <traceRecordingSessionReference.C3.BoxedType><Bytes>0e31b7afc2ef</Bytes></traceRecordingSessionReference.C3.BoxedType>
            <rnc_TraceDepth.C4.Enum>
               <EnumType>maximum.2</EnumType>
            </rnc_TraceDepth.C4.Enum>
            <rnc_InterfaceList.C5.BoxedType><BitString><BitString value="54ae" trailing="0"/></BitString></rnc_InterfaceList.C5.BoxedType>
            <msc_s_TraceDepth.C6.Enum>
               <EnumType>medium.1</EnumType>
            </msc_s_TraceDepth.C6.Enum>
            <msc_s_InterfaceList.C7.BoxedType><BitString><BitString value="dea2b9297141d3846166fa79e44f7d6b041957" trailing="0"/></BitString></msc_s_InterfaceList.C7.BoxedType>
            <msc_s_EventList.C8.BoxedType><BitString><BitString value="7ec8f9e54945" trailing="0"/></BitString></msc_s_EventList.C8.BoxedType>
            <mgw_TraceDepth.C9.Enum>
               <EnumType>maximum.2</EnumType>
            </mgw_TraceDepth.C9.Enum>
            <mgw_InterfaceList.C10.BoxedType><BitString><BitString value="8ee87a09eac203ee561ea75d75a00236767d" trailing="0"/></BitString></mgw_InterfaceList.C10.BoxedType>
            <mgw_EventList.C11.BoxedType><BitString><BitString value="cc63069052e727b5" trailing="0"/></BitString></mgw_EventList.C11.BoxedType>
            <rnc_TraceDepthExtension.C12.Enum>
               <EnumType>mediumWithoutVendorSpecificExtension.1</EnumType>
            </rnc_TraceDepthExtension.C12.Enum>
            <msc_s_TraceDepthExtension.C13.Enum>
               <EnumType>minimumWithoutVendorSpecificExtension.0</EnumType>
            </msc_s_TraceDepthExtension.C13.Enum>
            <mgw_TraceDepthExtension.C14.Enum>
               <EnumType>mediumWithoutVendorSpecificExtension.1</EnumType>
            </mgw_TraceDepthExtension.C14.Enum>
         </tracePropagationList.C25.Sequence>
         <aoipSupportedCodecsListAnchor.C26.Sequence>
            <codec1.C1.BoxedType><Bytes>70</Bytes></codec1.C1.BoxedType>
            <codec2.C2.BoxedType><Bytes>a246</Bytes></codec2.C2.BoxedType>
            <codec3.C3.BoxedType><Bytes>2f34085aa81873</Bytes></codec3.C3.BoxedType>
            <codec4.C4.BoxedType><Bytes>a4e1</Bytes></codec4.C4.BoxedType>
            <codec5.C5.BoxedType><Bytes>9c4f2c3085</Bytes></codec5.C5.BoxedType>
            <codec6.C6.BoxedType><Bytes>075cbaeb</Bytes></codec6.C6.BoxedType>
            <codec7.C7.BoxedType><Bytes>db8560353895bcbe</Bytes></codec7.C7.BoxedType>
            <codec8.C8.BoxedType><Bytes>e3fd842f426d</Bytes></codec8.C8.BoxedType>
            <extensionContainer.C9.Sequence>
               <privateExtensionList.C0.BoxedType>
                  <Collection>
                     <PrivateExtension.Sequence>
                        <extId><ObjectIdentifier>0.1.232.21.67.41.33.82.99.124</ObjectIdentifier></extId>
                        <extType>94b92504bb9f1b59f2</extType>
                     </PrivateExtension.Sequence>
                     <PrivateExtension.Sequence>
                        <extId><ObjectIdentifier>0.1.264.98.117.108</ObjectIdentifier></extId>
                        <extType>3e5ffb1ffd130b</extType>
                     </PrivateExtension.Sequence>
                     <PrivateExtension.Sequence>
                        <extId><ObjectIdentifier>0.1.235</ObjectIdentifier></extId>
                        <extType>cb571f7aa6</extType>
                     </PrivateExtension.Sequence>
                  </Collection>
               </privateExtensionList.C0.BoxedType>
               <pcs_Extensions.C1.Sequence>
                  
               </pcs_Extensions.C1.Sequence>
            </extensionContainer.C9.Sequence>
         </aoipSupportedCodecsListAnchor.C26.Sequence>
         <regionalSubscriptionData.C27.BoxedType>
            <Collection>
               <ZoneCode.BoxedType><Bytes>69f510ba4ffb8c89c132</Bytes></ZoneCode.BoxedType>
               <ZoneCode.BoxedType><Bytes>f9b6c2875cbcd869dd</Bytes></ZoneCode.BoxedType>
               <ZoneCode.BoxedType><Bytes>00b577</Bytes></ZoneCode.BoxedType>
            </Collection>
         </regionalSubscriptionData.C27.BoxedType>
         <lclsGlobalCallReference.C28.BoxedType><Bytes>52</Bytes></lclsGlobalCallReference.C28.BoxedType>
         <lcls_Negotiation.C29.BoxedType><BitString><BitString value="64e69a762188d78504" trailing="0"/></BitString></lcls_Negotiation.C29.BoxedType>
         <lcls_Configuration_Preference.C30.BoxedType><BitString><BitString value="0a76f67b8197cef3cc3ee0488d7217e631" trailing="0"/></BitString></lcls_Configuration_Preference.C30.BoxedType>
         <csg_SubscriptionDataList.C31.BoxedType>
            <Collection>
               <CSG_SubscriptionData.Sequence>
                  <csg_Id.BoxedType><BitString><BitString value="2b71db" trailing="0"/></BitString></csg_Id.BoxedType>
                  <expirationDate.BoxedType><Bytes>9cc2</Bytes></expirationDate.BoxedType>
                  <extensionContainer.Sequence>
                     <privateExtensionList.C0.BoxedType>
                        <Collection>
                           <PrivateExtension.Sequence>
                              <extId><ObjectIdentifier>0.1.2</ObjectIdentifier></extId>
                              <extType>b6b3f7</extType>
                           </PrivateExtension.Sequence>
                           <PrivateExtension.Sequence>
                              <extId><ObjectIdentifier>0.1.275.28.57.103</ObjectIdentifier></extId>
                              <extType>74</extType>
                           </PrivateExtension.Sequence>
                           <PrivateExtension.Sequence>
                              <extId><ObjectIdentifier>0.1.2</ObjectIdentifier></extId>
                              <extType>93e806</extType>
                           </PrivateExtension.Sequence>
                        </Collection>
                     </privateExtensionList.C0.BoxedType>
                     <pcs_Extensions.C1.Sequence>
                        
                     </pcs_Extensions.C1.Sequence>
                  </extensionContainer.Sequence>
                  <lipa_AllowedAPNList.C0.BoxedType>
                     <Collection>
                        <APN.BoxedType><Bytes>337549766e53617a49
                              <field name="DNS string" value="3uIvnSazI" type="String" length="9"/>
                           </Bytes></APN.BoxedType>
                        <APN.BoxedType><Bytes>48373654
                              <field name="DNS string" value="H76T" type="String" length="4"/>
                           </Bytes></APN.BoxedType>
                        <APN.BoxedType><Bytes>456e676778726776
                              <field name="DNS string" value="Enggxrgv" type="String" length="8"/>
                           </Bytes></APN.BoxedType>
                     </Collection>
                  </lipa_AllowedAPNList.C0.BoxedType>
                  <plmn_Id.C1.BoxedType><Bytes>69061a8433531a52</Bytes></plmn_Id.C1.BoxedType>
               </CSG_SubscriptionData.Sequence>
               <CSG_SubscriptionData.Sequence>
                  <csg_Id.BoxedType><BitString><BitString value="af64" trailing="0"/></BitString></csg_Id.BoxedType>
                  <expirationDate.BoxedType><Bytes>703c5ad7d319ac</Bytes></expirationDate.BoxedType>
                  <extensionContainer.Sequence>
                     <privateExtensionList.C0.BoxedType>
                        <Collection>
                           <PrivateExtension.Sequence>
                              <extId><ObjectIdentifier>0.1.229.39.53</ObjectIdentifier></extId>
                              <extType>36c31f6b31c064b0</extType>
                           </PrivateExtension.Sequence>
                           <PrivateExtension.Sequence>
                              <extId><ObjectIdentifier>0.1.2123.67.92.103.65.97.79.68.28</ObjectIdentifier></extId>
                              <extType>82c6bb950cedfb2925</extType>
                           </PrivateExtension.Sequence>
                           <PrivateExtension.Sequence>
                              <extId><ObjectIdentifier>0.1.281.48.8.93.83</ObjectIdentifier></extId>
                              <extType>4aedf2be44bd9d</extType>
                           </PrivateExtension.Sequence>
                        </Collection>
                     </privateExtensionList.C0.BoxedType>
                     <pcs_Extensions.C1.Sequence>
                        
                     </pcs_Extensions.C1.Sequence>
                  </extensionContainer.Sequence>
                  <lipa_AllowedAPNList.C0.BoxedType>
                     <Collection>
                        <APN.BoxedType><Bytes>695532
                              <field name="DNS string" value="iU2" type="String" length="3"/>
                           </Bytes></APN.BoxedType>
                        <APN.BoxedType><Bytes>4139
                              <field name="DNS string" value="A9" type="String" length="2"/>
                           </Bytes></APN.BoxedType>
                        <APN.BoxedType><Bytes>304e72796a59706c73
                              <field name="DNS string" value="0NryjYpls" type="String" length="9"/>
                           </Bytes></APN.BoxedType>
                     </Collection>
                  </lipa_AllowedAPNList.C0.BoxedType>
                  <plmn_Id.C1.BoxedType><Bytes>4fc44e9c43</Bytes></plmn_Id.C1.BoxedType>
               </CSG_SubscriptionData.Sequence>
               <CSG_SubscriptionData.Sequence>
                  <csg_Id.BoxedType><BitString><BitString value="46ac646440fc7a" trailing="0"/></BitString></csg_Id.BoxedType>
                  <expirationDate.BoxedType><Bytes>f0e55dad7d5000</Bytes></expirationDate.BoxedType>
                  <extensionContainer.Sequence>
                     <privateExtensionList.C0.BoxedType>
                        <Collection>
                           <PrivateExtension.Sequence>
                              <extId><ObjectIdentifier>0.1.2106.26.10.104.74.52.106.43.100</ObjectIdentifier></extId>
                              <extType>42538140d0</extType>
                           </PrivateExtension.Sequence>
                           <PrivateExtension.Sequence>
                              <extId><ObjectIdentifier>0.1.2114.81.57.67.4.78.17.5</ObjectIdentifier></extId>
                              <extType>9bab6ba137a38793</extType>
                           </PrivateExtension.Sequence>
                           <PrivateExtension.Sequence>
                              <extId><ObjectIdentifier>0.1.250.78</ObjectIdentifier></extId>
                              <extType>8601aa57</extType>
                           </PrivateExtension.Sequence>
                        </Collection>
                     </privateExtensionList.C0.BoxedType>
                     <pcs_Extensions.C1.Sequence>
                        
                     </pcs_Extensions.C1.Sequence>
                  </extensionContainer.Sequence>
                  <lipa_AllowedAPNList.C0.BoxedType>
                     <Collection>
                        <APN.BoxedType><Bytes>577644
                              <field name="DNS string" value="WvD" type="String" length="3"/>
                           </Bytes></APN.BoxedType>
                        <APN.BoxedType><Bytes>4f4d766658
                              <field name="DNS string" value="OMvfX" type="String" length="5"/>
                           </Bytes></APN.BoxedType>
                        <APN.BoxedType><Bytes>547a466b64333345
                              <field name="DNS string" value="TzFkd33E" type="String" length="8"/>
                           </Bytes></APN.BoxedType>
                     </Collection>
                  </lipa_AllowedAPNList.C0.BoxedType>
                  <plmn_Id.C1.BoxedType><Bytes>26b548ae0568b4</Bytes></plmn_Id.C1.BoxedType>
               </CSG_SubscriptionData.Sequence>
            </Collection>
         </csg_SubscriptionDataList.C31.BoxedType>
      </PrepareHO_ArgSequenceType.C3.Sequence></PrepareHO_Arg.BoxedType>
</ASN>