<?xml version="1.0" encoding="ISO-8859-15"?>

<ASN layer="CAP">
   <PrepareHO_Res.BoxedType><PrepareHO_ResSequenceType.C3.Sequence>
         <handoverNumber.C0.BoxedType><AddressString.BoxedType><Bytes>334178757650
                  <field name="extension" value="extension:0" type="EnumLong" lengthBit="1"/>
                  <field name="nature of address" value="network specific number:3" type="EnumLong" lengthBit="3"/>
                  <field name="numbering plan" value="data numbering plan (ITU-T Rec X.121):3" type="EnumLong" lengthBit="4"/>
                  <field name="digits" value="1487576705" type="Number_BCD" length="10"/>
               </Bytes></AddressString.BoxedType></handoverNumber.C0.BoxedType>
         <relocationNumberList.C1.BoxedType>
            <Collection>
               <RelocationNumber.Sequence>
                  <handoverNumber.BoxedType><AddressString.BoxedType><Bytes>c428748596f1
                           <field name="extension" value="no extension:1" type="EnumLong" lengthBit="1"/>
                           <field name="nature of address" value="subscriber number:4" type="EnumLong" lengthBit="3"/>
                           <field name="numbering plan" value="telex numbering plan (ITU-T Rec F.69):4" type="EnumLong" lengthBit="4"/>
                           <field name="digits" value="824758691" type="Number_BCD" length="9"/>
                        </Bytes></AddressString.BoxedType></handoverNumber.BoxedType>
                  <rab_Id.BoxedType><Integer>0</Integer></rab_Id.BoxedType>
               </RelocationNumber.Sequence>
               <RelocationNumber.Sequence>
                  <handoverNumber.BoxedType><AddressString.BoxedType><Bytes>a126757034f5
                           <field name="extension" value="no extension:1" type="EnumLong" lengthBit="1"/>
                           <field name="nature of address" value="national significant number:2" type="EnumLong" lengthBit="3"/>
                           <field name="numbering plan" value="ISDN/Telephony Numbering Plan (Rec ITU-T E.164):1" type="EnumLong" lengthBit="4"/>
                           <field name="digits" value="625707435" type="Number_BCD" length="9"/>
                        </Bytes></AddressString.BoxedType></handoverNumber.BoxedType>
                  <rab_Id.BoxedType><Integer>1</Integer></rab_Id.BoxedType>
               </RelocationNumber.Sequence>
               <RelocationNumber.Sequence>
                  <handoverNumber.BoxedType><AddressString.BoxedType><Bytes>e054858595f3
                           <field name="extension" value="no extension:1" type="EnumLong" lengthBit="1"/>
                           <field name="nature of address" value="abbreviated number:6" type="EnumLong" lengthBit="3"/>
                           <field name="numbering plan" value="unknown:0" type="EnumLong" lengthBit="4"/>
                           <field name="digits" value="455858593" type="Number_BCD" length="9"/>
                        </Bytes></AddressString.BoxedType></handoverNumber.BoxedType>
                  <rab_Id.BoxedType><Integer>2</Integer></rab_Id.BoxedType>
               </RelocationNumber.Sequence>
            </Collection>
         </relocationNumberList.C1.BoxedType>
         <an_APDU.C2.Sequence>
            <accessNetworkProtocolId.Enum>
               <EnumType>ts3G_25413.2</EnumType>
            </accessNetworkProtocolId.Enum>
            <signalInfo.BoxedType><Bytes>6963320888ce9f4e1f</Bytes></signalInfo.BoxedType>
            <extensionContainer.Sequence>
               <privateExtensionList.C0.BoxedType>
                  <Collection>
                     <PrivateExtension.Sequence>
                        <extId><ObjectIdentifier>0.1.2112.63.17.35.31.86.75.24</ObjectIdentifier></extId>
                        <extType>f53744</extType>
                     </PrivateExtension.Sequence>
                     <PrivateExtension.Sequence>
                        <extId><ObjectIdentifier>0.1.258.121</ObjectIdentifier></extId>
                        <extType>382e53f42d493a45ab</extType>
                     </PrivateExtension.Sequence>
                     <PrivateExtension.Sequence>
                        <extId><ObjectIdentifier>0.1.2111.113.68.6.62</ObjectIdentifier></extId>
                        <extType>2a6a72514bc0603ae0d6</extType>
                     </PrivateExtension.Sequence>
                  </Collection>
               </privateExtensionList.C0.BoxedType>
               <pcs_Extensions.C1.Sequence>
                  
               </pcs_Extensions.C1.Sequence>
            </extensionContainer.Sequence>
         </an_APDU.C2.Sequence>
         <multicallBearerInfo.C3.BoxedType><Integer>1</Integer></multicallBearerInfo.C3.BoxedType>
         <multipleBearerNotSupported></multipleBearerNotSupported>
         <selectedUMTS_Algorithms.C5.Sequence>
            <integrityProtectionAlgorithm.C0.BoxedType><Bytes>350ec4ef6757fbca35</Bytes></integrityProtectionAlgorithm.C0.BoxedType>
            <encryptionAlgorithm.C1.BoxedType><Bytes>593f2b</Bytes></encryptionAlgorithm.C1.BoxedType>
            <extensionContainer.C2.Sequence>
               <privateExtensionList.C0.BoxedType>
                  <Collection>
                     <PrivateExtension.Sequence>
                        <extId><ObjectIdentifier>0.1.223</ObjectIdentifier></extId>
                        <extType>2609cede82</extType>
                     </PrivateExtension.Sequence>
                     <PrivateExtension.Sequence>
                        <extId><ObjectIdentifier>0.1.255.91.117.68.45.108</ObjectIdentifier></extId>
                        <extType>9ed51f</extType>
                     </PrivateExtension.Sequence>
                     <PrivateExtension.Sequence>
                        <extId><ObjectIdentifier>0.1.254.118.56.96.121.53.76.70.13</ObjectIdentifier></extId>
                        <extType>c120bc6a</extType>
                     </PrivateExtension.Sequence>
                  </Collection>
               </privateExtensionList.C0.BoxedType>
               <pcs_Extensions.C1.Sequence>
                  
               </pcs_Extensions.C1.Sequence>
            </extensionContainer.C2.Sequence>
         </selectedUMTS_Algorithms.C5.Sequence>
         <chosenRadioResourceInformation.C6.Sequence>
            <chosenChannelInfo.C0.BoxedType><Bytes>6e47135116</Bytes></chosenChannelInfo.C0.BoxedType>
            <chosenSpeechVersion.C1.BoxedType><Bytes>79784e90337e</Bytes></chosenSpeechVersion.C1.BoxedType>
         </chosenRadioResourceInformation.C6.Sequence>
         <extensionContainer.C4.Sequence>
            <privateExtensionList.C0.BoxedType>
               <Collection>
                  <PrivateExtension.Sequence>
                     <extId><ObjectIdentifier>0.1.266.5.35.27.48.23.93.117.53</ObjectIdentifier></extId>
                     <extType>787a433e3c</extType>
                  </PrivateExtension.Sequence>
                  <PrivateExtension.Sequence>
                     <extId><ObjectIdentifier>0.1.2119.71.64.115.52.89.83.74</ObjectIdentifier></extId>
                     <extType>6cc73e</extType>
                  </PrivateExtension.Sequence>
                  <PrivateExtension.Sequence>
                     <extId><ObjectIdentifier>0.1.292.103.45.50.42.1</ObjectIdentifier></extId>
                     <extType>d7f293</extType>
                  </PrivateExtension.Sequence>
               </Collection>
            </privateExtensionList.C0.BoxedType>
            <pcs_Extensions.C1.Sequence>
               
            </pcs_Extensions.C1.Sequence>
         </extensionContainer.C4.Sequence>
         <iuSelectedCodec.C7.BoxedType><Bytes>dbc3</Bytes></iuSelectedCodec.C7.BoxedType>
         <iuAvailableCodecsList.C8.Sequence>
            <codec1.C1.BoxedType><Bytes>3729b65f4559</Bytes></codec1.C1.BoxedType>
            <codec2.C2.BoxedType><Bytes>fffe6f6379208e</Bytes></codec2.C2.BoxedType>
            <codec3.C3.BoxedType><Bytes>a5b9b765a5</Bytes></codec3.C3.BoxedType>
            <codec4.C4.BoxedType><Bytes>c02be48e</Bytes></codec4.C4.BoxedType>
            <codec5.C5.BoxedType><Bytes>e9</Bytes></codec5.C5.BoxedType>
            <codec6.C6.BoxedType><Bytes>5f8c09</Bytes></codec6.C6.BoxedType>
            <codec7.C7.BoxedType><Bytes>b73941bc28</Bytes></codec7.C7.BoxedType>
            <codec8.C8.BoxedType><Bytes>b996143c39dd7e62</Bytes></codec8.C8.BoxedType>
            <extensionContainer.C9.Sequence>
               <privateExtensionList.C0.BoxedType>
                  <Collection>
                     <PrivateExtension.Sequence>
                        <extId><ObjectIdentifier>0.1.217.58.1</ObjectIdentifier></extId>
                        <extType>1f9be10d78bedf</extType>
                     </PrivateExtension.Sequence>
                     <PrivateExtension.Sequence>
                        <extId><ObjectIdentifier>0.1.297.13.40.98.124.117.57</ObjectIdentifier></extId>
                        <extType>7f05d27719fe17c2cc67</extType>
                     </PrivateExtension.Sequence>
                     <PrivateExtension.Sequence>
                        <extId><ObjectIdentifier>0.1.237.126.123</ObjectIdentifier></extId>
                        <extType>847fccf2</extType>
                     </PrivateExtension.Sequence>
                  </Collection>
               </privateExtensionList.C0.BoxedType>
               <pcs_Extensions.C1.Sequence>
                  
               </pcs_Extensions.C1.Sequence>
            </extensionContainer.C9.Sequence>
         </iuAvailableCodecsList.C8.Sequence>
         <aoipSelectedCodecTarget.C9.BoxedType><Bytes>cb65a71f69f5</Bytes></aoipSelectedCodecTarget.C9.BoxedType>
         <aoipAvailableCodecsListMap.C10.Sequence>
            <codec1.C1.BoxedType><Bytes>b2b9cf89a6746a</Bytes></codec1.C1.BoxedType>
            <codec2.C2.BoxedType><Bytes>f8791c</Bytes></codec2.C2.BoxedType>
            <codec3.C3.BoxedType><Bytes>5e7cda2e48cce2</Bytes></codec3.C3.BoxedType>
            <codec4.C4.BoxedType><Bytes>3ece</Bytes></codec4.C4.BoxedType>
            <codec5.C5.BoxedType><Bytes>5ebcb7e1bc10541f</Bytes></codec5.C5.BoxedType>
            <codec6.C6.BoxedType><Bytes>7dc22e</Bytes></codec6.C6.BoxedType>
            <codec7.C7.BoxedType><Bytes>f177</Bytes></codec7.C7.BoxedType>
            <codec8.C8.BoxedType><Bytes>b99cd83a6246</Bytes></codec8.C8.BoxedType>
            <extensionContainer.C9.Sequence>
               <privateExtensionList.C0.BoxedType>
                  <Collection>
                     <PrivateExtension.Sequence>
                        <extId><ObjectIdentifier>0.1.218.79.48.98.121.61.17.86.29</ObjectIdentifier></extId>
                        <extType>46e19e0cc402</extType>
                     </PrivateExtension.Sequence>
                     <PrivateExtension.Sequence>
                        <extId><ObjectIdentifier>0.1.283</ObjectIdentifier></extId>
                        <extType>46ff2f</extType>
                     </PrivateExtension.Sequence>
                     <PrivateExtension.Sequence>
                        <extId><ObjectIdentifier>0.1.2124.87.2.56.98.122</ObjectIdentifier></extId>
                        <extType>8a0e1e457617</extType>
                     </PrivateExtension.Sequence>
                  </Collection>
               </privateExtensionList.C0.BoxedType>
               <pcs_Extensions.C1.Sequence>
                  
               </pcs_Extensions.C1.Sequence>
            </extensionContainer.C9.Sequence>
         </aoipAvailableCodecsListMap.C10.Sequence>
      </PrepareHO_ResSequenceType.C3.Sequence></PrepareHO_Res.BoxedType>
</ASN>