<?xml version="1.0" encoding="ISO-8859-15"?>

<ASN layer="CAP">
   <PrepareGroupCallRes.Sequence>
      <groupCallNumber.BoxedType><AddressString.BoxedType><Bytes>9641701644f4
               <field name="extension" value="no extension:1" type="EnumLong" lengthBit="1"/>
               <field name="nature of address" value="international number:1" type="EnumLong" lengthBit="3"/>
               <field name="numbering plan" value="land mobile numbering plan (ITU-T Rec E.212):6" type="EnumLong" lengthBit="4"/>
               <field name="digits" value="140761444" type="Number_BCD" length="9"/>
            </Bytes></AddressString.BoxedType></groupCallNumber.BoxedType>
      <extensionContainer.Sequence>
         <privateExtensionList.C0.BoxedType>
            <Collection>
               <PrivateExtension.Sequence>
                  <extId><ObjectIdentifier>0.1.240.40.114.115.6.97</ObjectIdentifier></extId>
                  <extType>195ba823</extType>
               </PrivateExtension.Sequence>
               <PrivateExtension.Sequence>
                  <extId><ObjectIdentifier>0.1.228.68.23.75.125.29.4.109</ObjectIdentifier></extId>
                  <extType>0d31698ef8</extType>
               </PrivateExtension.Sequence>
               <PrivateExtension.Sequence>
                  <extId><ObjectIdentifier>0.1.29</ObjectIdentifier></extId>
                  <extType>ba438aad7218c77044</extType>
               </PrivateExtension.Sequence>
            </Collection>
         </privateExtensionList.C0.BoxedType>
         <pcs_Extensions.C1.Sequence>
            
         </pcs_Extensions.C1.Sequence>
      </extensionContainer.Sequence>
   </PrepareGroupCallRes.Sequence>
</ASN>