<?xml version="1.0" encoding="ISO-8859-15"?>

<ASN layer="CAP">
   <PrepareSubsequentHO_Arg.BoxedType><PrepareSubsequentHO_ArgSequenceType.C3.Sequence>
         <targetCellId.C0.BoxedType><Bytes>b3ae9451a3ca38</Bytes></targetCellId.C0.BoxedType>
         <targetMSC_Number.C1.BoxedType><AddressString.BoxedType><Bytes>5a1150298245
                  <field name="extension" value="extension:0" type="EnumLong" lengthBit="1"/>
                  <field name="nature of address" value="reserved:5" type="EnumLong" lengthBit="3"/>
                  <field name="numbering plan" value="10" type="EnumLong" lengthBit="4"/>
                  <field name="digits" value="1105922854" type="Number_BCD" length="10"/>
               </Bytes></AddressString.BoxedType></targetMSC_Number.C1.BoxedType>
         <targetRNCId.C2.BoxedType><Bytes>7b1f5789</Bytes></targetRNCId.C2.BoxedType>
         <an_APDU.C3.Sequence>
            <accessNetworkProtocolId.Enum>
               <EnumType>ts3G_25413.2</EnumType>
            </accessNetworkProtocolId.Enum>
            <signalInfo.BoxedType><Bytes>9952</Bytes></signalInfo.BoxedType>
            <extensionContainer.Sequence>
               <privateExtensionList.C0.BoxedType>
                  <Collection>
                     <PrivateExtension.Sequence>
                        <extId><ObjectIdentifier>0.1.225.23.59.74.51.0.36.39.118.115</ObjectIdentifier></extId>
                        <extType>6a</extType>
                     </PrivateExtension.Sequence>
                     <PrivateExtension.Sequence>
                        <extId><ObjectIdentifier>0.1.2109.46.28</ObjectIdentifier></extId>
                        <extType>40eb</extType>
                     </PrivateExtension.Sequence>
                     <PrivateExtension.Sequence>
                        <extId><ObjectIdentifier>0.1.277</ObjectIdentifier></extId>
                        <extType>8d8c</extType>
                     </PrivateExtension.Sequence>
                  </Collection>
               </privateExtensionList.C0.BoxedType>
               <pcs_Extensions.C1.Sequence>
                  
               </pcs_Extensions.C1.Sequence>
            </extensionContainer.Sequence>
         </an_APDU.C3.Sequence>
         <selectedRab_Id.C4.BoxedType><Integer>0</Integer></selectedRab_Id.C4.BoxedType>
         <extensionContainer.C5.Sequence>
            <privateExtensionList.C0.BoxedType>
               <Collection>
                  <PrivateExtension.Sequence>
                     <extId><ObjectIdentifier>0.1.2102.35.7.51.88.16.68</ObjectIdentifier></extId>
                     <extType>51de</extType>
                  </PrivateExtension.Sequence>
                  <PrivateExtension.Sequence>
                     <extId><ObjectIdentifier>0.1.283.92.90.65</ObjectIdentifier></extId>
                     <extType>3dd257c5a3a5de72</extType>
                  </PrivateExtension.Sequence>
                  <PrivateExtension.Sequence>
                     <extId><ObjectIdentifier>0.1.243</ObjectIdentifier></extId>
                     <extType>c9</extType>
                  </PrivateExtension.Sequence>
               </Collection>
            </privateExtensionList.C0.BoxedType>
            <pcs_Extensions.C1.Sequence>
               
            </pcs_Extensions.C1.Sequence>
         </extensionContainer.C5.Sequence>
         <geran_classmark.C6.BoxedType><Bytes>197b6ad3</Bytes></geran_classmark.C6.BoxedType>
         <rab_ConfigurationIndicator.C7></rab_ConfigurationIndicator.C7>
      </PrepareSubsequentHO_ArgSequenceType.C3.Sequence></PrepareSubsequentHO_Arg.BoxedType>
</ASN>