<?xml version="1.0" encoding="ISO-8859-15"?>

<ASN layer="CAP">
   <PrepareGroupCallArg.Sequence>
      <teleservice.BoxedType><Bytes>be13ea03ff
            <field name="Code" value="190" type="EnumLong" length="1"/>
            <field name="Extension data" value="13ea03ff" type="Binary" length="4"/>
         </Bytes></teleservice.BoxedType>
      <asciCallReference.BoxedType><TBCD_STRING.BoxedType><Bytes>04271050f6
               <field name="digits" value="407201056" type="Number_BCD" length="9"/>
            </Bytes></TBCD_STRING.BoxedType></asciCallReference.BoxedType>
      <codec_Info.BoxedType><Bytes>e6d1ff1f44</Bytes></codec_Info.BoxedType>
      <cipheringAlgorithm.BoxedType><Bytes>8055721fb8</Bytes></cipheringAlgorithm.BoxedType>
      <groupKeyNumber_Vk_Id.C0.BoxedType><Integer>1</Integer></groupKeyNumber_Vk_Id.C0.BoxedType>
      <groupKey.C1.BoxedType><Bytes>757616</Bytes></groupKey.C1.BoxedType>
      <priority.C2.BoxedType><Integer>1</Integer></priority.C2.BoxedType>
      <uplinkFree.C3></uplinkFree.C3>
      <extensionContainer.C4.Sequence>
         <privateExtensionList.C0.BoxedType>
            <Collection>
               <PrivateExtension.Sequence>
                  <extId><ObjectIdentifier>0.1.2112.121</ObjectIdentifier></extId>
                  <extType>734d3f</extType>
               </PrivateExtension.Sequence>
               <PrivateExtension.Sequence>
                  <extId><ObjectIdentifier>0.1.293.82.22.80.65.34.5.121.53.104</ObjectIdentifier></extId>
                  <extType>67be835a79</extType>
               </PrivateExtension.Sequence>
               <PrivateExtension.Sequence>
                  <extId><ObjectIdentifier>0.1.221.128.111.68.21.9.95.64.12</ObjectIdentifier></extId>
                  <extType>7a4d5b730a5122</extType>
               </PrivateExtension.Sequence>
            </Collection>
         </privateExtensionList.C0.BoxedType>
         <pcs_Extensions.C1.Sequence>
            
         </pcs_Extensions.C1.Sequence>
      </extensionContainer.C4.Sequence>
      <vstk.C5.BoxedType><Bytes>b127467c7f</Bytes></vstk.C5.BoxedType>
      <vstk_rand.C6.BoxedType><Bytes>1c25a2f4d014cf2e</Bytes></vstk_rand.C6.BoxedType>
      <talkerChannelParameter.C7></talkerChannelParameter.C7>
      <uplinkReplyIndicator.C8></uplinkReplyIndicator.C8>
   </PrepareGroupCallArg.Sequence>
</ASN>