<?xml version="1.0" encoding="ISO-8859-15"?>

<ASN layer="CAP">
   <ProcessAccessSignalling_Arg.BoxedType><ProcessAccessSignalling_ArgSequenceType.C3.Sequence>
         <an_APDU.Sequence>
            <accessNetworkProtocolId.Enum>
               <EnumType>ts3G_25413.2</EnumType>
            </accessNetworkProtocolId.Enum>
            <signalInfo.BoxedType><Bytes>0f73bd3060</Bytes></signalInfo.BoxedType>
            <extensionContainer.Sequence>
               <privateExtensionList.C0.BoxedType>
                  <Collection>
                     <PrivateExtension.Sequence>
                        <extId><ObjectIdentifier>0.1.275.40.7.91.60.114</ObjectIdentifier></extId>
                        <extType>0b42</extType>
                     </PrivateExtension.Sequence>
                     <PrivateExtension.Sequence>
                        <extId><ObjectIdentifier>0.1.223.86.13.111</ObjectIdentifier></extId>
                        <extType>586ebb391c03</extType>
                     </PrivateExtension.Sequence>
                     <PrivateExtension.Sequence>
                        <extId><ObjectIdentifier>0.1.261.16.5.101.120.69.61</ObjectIdentifier></extId>
                        <extType>ffa3a433677c89ef67</extType>
                     </PrivateExtension.Sequence>
                  </Collection>
               </privateExtensionList.C0.BoxedType>
               <pcs_Extensions.C1.Sequence>
                  
               </pcs_Extensions.C1.Sequence>
            </extensionContainer.Sequence>
         </an_APDU.Sequence>
         <selectedUMTS_Algorithms.C1.Sequence>
            <integrityProtectionAlgorithm.C0.BoxedType><Bytes>174ef3394ed4</Bytes></integrityProtectionAlgorithm.C0.BoxedType>
            <encryptionAlgorithm.C1.BoxedType><Bytes>2d64</Bytes></encryptionAlgorithm.C1.BoxedType>
            <extensionContainer.C2.Sequence>
               <privateExtensionList.C0.BoxedType>
                  <Collection>
                     <PrivateExtension.Sequence>
                        <extId><ObjectIdentifier>0.1.292.74.51.33.80.68</ObjectIdentifier></extId>
                        <extType>f6</extType>
                     </PrivateExtension.Sequence>
                     <PrivateExtension.Sequence>
                        <extId><ObjectIdentifier>0.1.297.91.56.82.125.7.110.4.123</ObjectIdentifier></extId>
                        <extType>909f922c906639e28bd3</extType>
                     </PrivateExtension.Sequence>
                     <PrivateExtension.Sequence>
                        <extId><ObjectIdentifier>0.1.23</ObjectIdentifier></extId>
                        <extType>22f703</extType>
                     </PrivateExtension.Sequence>
                  </Collection>
               </privateExtensionList.C0.BoxedType>
               <pcs_Extensions.C1.Sequence>
                  
               </pcs_Extensions.C1.Sequence>
            </extensionContainer.C2.Sequence>
         </selectedUMTS_Algorithms.C1.Sequence>
         <selectedGSM_Algorithm.C2.BoxedType><Bytes>233e5c6dbb6af11fa0</Bytes></selectedGSM_Algorithm.C2.BoxedType>
         <chosenRadioResourceInformation.C3.Sequence>
            <chosenChannelInfo.C0.BoxedType><Bytes>6245</Bytes></chosenChannelInfo.C0.BoxedType>
            <chosenSpeechVersion.C1.BoxedType><Bytes>ec2ab657bb</Bytes></chosenSpeechVersion.C1.BoxedType>
         </chosenRadioResourceInformation.C3.Sequence>
         <selectedRab_Id.C4.BoxedType><Integer>0</Integer></selectedRab_Id.C4.BoxedType>
         <extensionContainer.C0.Sequence>
            <privateExtensionList.C0.BoxedType>
               <Collection>
                  <PrivateExtension.Sequence>
                     <extId><ObjectIdentifier>0.1.260</ObjectIdentifier></extId>
                     <extType>68118d2f69d3</extType>
                  </PrivateExtension.Sequence>
                  <PrivateExtension.Sequence>
                     <extId><ObjectIdentifier>0.1.286.83.31.119</ObjectIdentifier></extId>
                     <extType>5cd8f176d5dfda7bec</extType>
                  </PrivateExtension.Sequence>
                  <PrivateExtension.Sequence>
                     <extId><ObjectIdentifier>0.1.235.97.67.104.8.63.80.8.67</ObjectIdentifier></extId>
                     <extType>0a95783138ca7519</extType>
                  </PrivateExtension.Sequence>
               </Collection>
            </privateExtensionList.C0.BoxedType>
            <pcs_Extensions.C1.Sequence>
               
            </pcs_Extensions.C1.Sequence>
         </extensionContainer.C0.Sequence>
         <iUSelectedCodec.C5.BoxedType><Bytes>cebc2e8ed2c5</Bytes></iUSelectedCodec.C5.BoxedType>
         <iuAvailableCodecsList.C6.Sequence>
            <codec1.C1.BoxedType><Bytes>b843e5afe385</Bytes></codec1.C1.BoxedType>
            <codec2.C2.BoxedType><Bytes>41c2d05a9aeb22e9</Bytes></codec2.C2.BoxedType>
            <codec3.C3.BoxedType><Bytes>da9ac031b83317f28a93</Bytes></codec3.C3.BoxedType>
            <codec4.C4.BoxedType><Bytes>d0b7</Bytes></codec4.C4.BoxedType>
            <codec5.C5.BoxedType><Bytes>52e152507111c1</Bytes></codec5.C5.BoxedType>
            <codec6.C6.BoxedType><Bytes>09f69eb9eb88</Bytes></codec6.C6.BoxedType>
            <codec7.C7.BoxedType><Bytes>9770840c</Bytes></codec7.C7.BoxedType>
            <codec8.C8.BoxedType><Bytes>ce77</Bytes></codec8.C8.BoxedType>
            <extensionContainer.C9.Sequence>
               <privateExtensionList.C0.BoxedType>
                  <Collection>
                     <PrivateExtension.Sequence>
                        <extId><ObjectIdentifier>0.1.22.114.77</ObjectIdentifier></extId>
                        <extType>4721a009200469</extType>
                     </PrivateExtension.Sequence>
                     <PrivateExtension.Sequence>
                        <extId><ObjectIdentifier>0.1.2112.28.75.59.69</ObjectIdentifier></extId>
                        <extType>03</extType>
                     </PrivateExtension.Sequence>
                     <PrivateExtension.Sequence>
                        <extId><ObjectIdentifier>0.1.272.124.20.59.77.115</ObjectIdentifier></extId>
                        <extType>e08874cdd5e36b050eff</extType>
                     </PrivateExtension.Sequence>
                  </Collection>
               </privateExtensionList.C0.BoxedType>
               <pcs_Extensions.C1.Sequence>
                  
               </pcs_Extensions.C1.Sequence>
            </extensionContainer.C9.Sequence>
         </iuAvailableCodecsList.C6.Sequence>
         <aoipSelectedCodecTarget.C7.BoxedType><Bytes>fa5fe1303ef2ad97c6</Bytes></aoipSelectedCodecTarget.C7.BoxedType>
         <aoipAvailableCodecsListMap.C8.Sequence>
            <codec1.C1.BoxedType><Bytes>a9eceed70d</Bytes></codec1.C1.BoxedType>
            <codec2.C2.BoxedType><Bytes>279869</Bytes></codec2.C2.BoxedType>
            <codec3.C3.BoxedType><Bytes>2e11</Bytes></codec3.C3.BoxedType>
            <codec4.C4.BoxedType><Bytes>572f75</Bytes></codec4.C4.BoxedType>
            <codec5.C5.BoxedType><Bytes>56c0</Bytes></codec5.C5.BoxedType>
            <codec6.C6.BoxedType><Bytes>4a08</Bytes></codec6.C6.BoxedType>
            <codec7.C7.BoxedType><Bytes>7231df06c3a5a35177</Bytes></codec7.C7.BoxedType>
            <codec8.C8.BoxedType><Bytes>721c</Bytes></codec8.C8.BoxedType>
            <extensionContainer.C9.Sequence>
               <privateExtensionList.C0.BoxedType>
                  <Collection>
                     <PrivateExtension.Sequence>
                        <extId><ObjectIdentifier>0.1.2</ObjectIdentifier></extId>
                        <extType>640f34e60686d656</extType>
                     </PrivateExtension.Sequence>
                     <PrivateExtension.Sequence>
                        <extId><ObjectIdentifier>0.1.2114.8.111.21.120.36.82.64</ObjectIdentifier></extId>
                        <extType>34feffddee720f12</extType>
                     </PrivateExtension.Sequence>
                     <PrivateExtension.Sequence>
                        <extId><ObjectIdentifier>0.1.2124.24.21.118.34.95.109.66</ObjectIdentifier></extId>
                        <extType>ace32e</extType>
                     </PrivateExtension.Sequence>
                  </Collection>
               </privateExtensionList.C0.BoxedType>
               <pcs_Extensions.C1.Sequence>
                  
               </pcs_Extensions.C1.Sequence>
            </extensionContainer.C9.Sequence>
         </aoipAvailableCodecsListMap.C8.Sequence>
      </ProcessAccessSignalling_ArgSequenceType.C3.Sequence></ProcessAccessSignalling_Arg.BoxedType>
</ASN>