<?xml version="1.0" encoding="ISO-8859-15"?>

<ASN layer="CAP">
   <ProcessGroupCallSignallingArg.Sequence>
      <uplinkRequest.C0></uplinkRequest.C0>
      <uplinkReleaseIndication.C1></uplinkReleaseIndication.C1>
      <releaseGroupCall.C2></releaseGroupCall.C2>
      <extensionContainer.Sequence>
         <privateExtensionList.C0.BoxedType>
            <Collection>
               <PrivateExtension.Sequence>
                  <extId><ObjectIdentifier>0.1.240.5.5.67.21.9.58.68.3</ObjectIdentifier></extId>
                  <extType>1e8c007d8ad3</extType>
               </PrivateExtension.Sequence>
               <PrivateExtension.Sequence>
                  <extId><ObjectIdentifier>0.1.242.67.29.47.5</ObjectIdentifier></extId>
                  <extType>90</extType>
               </PrivateExtension.Sequence>
               <PrivateExtension.Sequence>
                  <extId><ObjectIdentifier>0.1.275.82.78.82.114.119</ObjectIdentifier></extId>
                  <extType>f597bce7fab286</extType>
               </PrivateExtension.Sequence>
            </Collection>
         </privateExtensionList.C0.BoxedType>
         <pcs_Extensions.C1.Sequence>
            
         </pcs_Extensions.C1.Sequence>
      </extensionContainer.Sequence>
      <talkerPriority.C3.Enum>
         <EnumType>privileged.1</EnumType>
      </talkerPriority.C3.Enum>
      <additionalInfo.C4.BoxedType><BitString><BitString value="8810bfc8acf93aec5dc23c3f7b44054849d13c56" trailing="0"/></BitString></additionalInfo.C4.BoxedType>
      <emergencyModeResetCommandFlag.C5></emergencyModeResetCommandFlag.C5>
      <an_APDU.C6.Sequence>
         <accessNetworkProtocolId.Enum>
            <EnumType>ts3G_48006.1</EnumType>
         </accessNetworkProtocolId.Enum>
         <signalInfo.BoxedType><Bytes>40</Bytes></signalInfo.BoxedType>
         <extensionContainer.Sequence>
            <privateExtensionList.C0.BoxedType>
               <Collection>
                  <PrivateExtension.Sequence>
                     <extId><ObjectIdentifier>0.1.212.97.87.121.71.33</ObjectIdentifier></extId>
                     <extType>04</extType>
                  </PrivateExtension.Sequence>
                  <PrivateExtension.Sequence>
                     <extId><ObjectIdentifier>0.1.236.15</ObjectIdentifier></extId>
                     <extType>31</extType>
                  </PrivateExtension.Sequence>
                  <PrivateExtension.Sequence>
                     <extId><ObjectIdentifier>0.1.268.87</ObjectIdentifier></extId>
                     <extType>c6f9f0</extType>
                  </PrivateExtension.Sequence>
               </Collection>
            </privateExtensionList.C0.BoxedType>
            <pcs_Extensions.C1.Sequence>
               
            </pcs_Extensions.C1.Sequence>
         </extensionContainer.Sequence>
      </an_APDU.C6.Sequence>
   </ProcessGroupCallSignallingArg.Sequence>
</ASN>