<?xml version="1.0" encoding="ISO-8859-15"?>

<ASN layer="CAP">
   <PromptAndCollectUserInformationArg.Sequence>
      <collectedInfo.C0.Choice><collectedDigits.C0.Sequence>
            <minimumNbOfDigits.C0d>0</minimumNbOfDigits.C0d>
            <maximumNbOfDigits.C1>1</maximumNbOfDigits.C1>
            <endOfReplyDigit.C2>086a61ddc25f</endOfReplyDigit.C2>
            <cancelDigit.C3>f7f97244359dae96632e</cancelDigit.C3>
            <startDigit.C4>0a</startDigit.C4>
            <firstDigitTimeOut.C5>1</firstDigitTimeOut.C5>
            <interDigitTimeOut.C6>1</interDigitTimeOut.C6>
            <errorTreatment.C7d.Enum>
               <EnumType>help.1</EnumType>
            </errorTreatment.C7d.Enum>
            <interruptableAnnInd.C8d>false:0</interruptableAnnInd.C8d>
            <voiceInformation.C9d>false:0</voiceInformation.C9d>
            <voiceBack.C10d>true:1</voiceBack.C10d>
         </collectedDigits.C0.Sequence></collectedInfo.C0.Choice>
      <disconnectFromIPForbidden.C1d>true:1</disconnectFromIPForbidden.C1d>
      <informationToSend.C2.Choice>
         <inbandInfo.C0.Sequence>
            <messageID.C0.Choice>
               <elementaryMessageID.C0.BoxedType><Integer>1</Integer></elementaryMessageID.C0.BoxedType>
               <text.C1.Sequence>
                  <messageContent.C0>rkUr1nQyWe1xE4kz</messageContent.C0>
                  <attributes.C1>717e567a31f77d</attributes.C1>
               </text.C1.Sequence>
               <Collection>
                  <elementaryMessageIDs.C29.BoxedType><Integer>1</Integer></elementaryMessageIDs.C29.BoxedType>
                  <elementaryMessageIDs.C29.BoxedType><Integer>0</Integer></elementaryMessageIDs.C29.BoxedType>
                  <elementaryMessageIDs.C29.BoxedType><Integer>0</Integer></elementaryMessageIDs.C29.BoxedType>
               </Collection>
            
               <variableMessage.C30.Sequence>
                  <elementaryMessageID.C0.BoxedType><Integer>1</Integer></elementaryMessageID.C0.BoxedType>
                  <Collection>
                     <variableParts.C1.Choice>
                        <integer.C0.BoxedType><Integer>1</Integer></integer.C0.BoxedType>
                        <number.C1.BoxedType><Bytes>bfa061394e36e3220ad1</Bytes></number.C1.BoxedType>
                        <time.C2>9de53765d4</time.C2>
                        <date.C3>8beff83b610ca43f</date.C3>
                        <price.C4>c2a7e68c1e96</price.C4>
                     </variableParts.C1.Choice>
                     <variableParts.C1.Choice>
                        <integer.C0.BoxedType><Integer>2</Integer></integer.C0.BoxedType>
                        <number.C1.BoxedType><Bytes>b8</Bytes></number.C1.BoxedType>
                        <time.C2>bf7cc08c2832</time.C2>
                        <date.C3>f82d0820</date.C3>
                        <price.C4>2e3f0f15</price.C4>
                     </variableParts.C1.Choice>
                     <variableParts.C1.Choice>
                        <integer.C0.BoxedType><Integer>0</Integer></integer.C0.BoxedType>
                        <number.C1.BoxedType><Bytes>1e939376c99342</Bytes></number.C1.BoxedType>
                        <time.C2>656c8262be5c82b9</time.C2>
                        <date.C3>c78a</date.C3>
                        <price.C4>94d5</price.C4>
                     </variableParts.C1.Choice>
                  </Collection>
               
               </variableMessage.C30.Sequence>
            </messageID.C0.Choice>
            <numberOfRepetitions.C1>0</numberOfRepetitions.C1>
            <duration.C2>0</duration.C2>
            <interval.C3>1</interval.C3>
         </inbandInfo.C0.Sequence>
         <tone.C1.Sequence>
            <toneID.C0.BoxedType><Integer>1</Integer></toneID.C0.BoxedType>
            <duration.C1.BoxedType><Integer>1</Integer></duration.C1.BoxedType>
         </tone.C1.Sequence>
      </informationToSend.C2.Choice>
      <extensions.C3.BoxedType>
         <Collection>
            <ExtensionField.Sequence>
               <type.Choice>
                  <local>2141268871</local>
                  <global><ObjectIdentifier>0.1.25.111.84.67.73.53.1.37</ObjectIdentifier></global>
               </type.Choice>
               <criticality.nulld.Enum>
                  <EnumType>ignore.0</EnumType>
               </criticality.nulld.Enum>
               <NullObject.C1></NullObject.C1>
            </ExtensionField.Sequence>
            <ExtensionField.Sequence>
               <type.Choice>
                  <local>2179695967</local>
                  <global><ObjectIdentifier>0.1.2101.83</ObjectIdentifier></global>
               </type.Choice>
               <criticality.nulld.Enum>
                  <EnumType>ignore.0</EnumType>
               </criticality.nulld.Enum>
               <NullObject.C1></NullObject.C1>
            </ExtensionField.Sequence>
            <ExtensionField.Sequence>
               <type.Choice>
                  <local>2980702099</local>
                  <global><ObjectIdentifier>0.1.285.65.50.75</ObjectIdentifier></global>
               </type.Choice>
               <criticality.nulld.Enum>
                  <EnumType>abort.1</EnumType>
               </criticality.nulld.Enum>
               <NullObject.C1></NullObject.C1>
            </ExtensionField.Sequence>
         </Collection>
      </extensions.C3.BoxedType>
      <callSegmentID.C4.BoxedType><Integer>1</Integer></callSegmentID.C4.BoxedType>
      <requestAnnouncementStartedNotification.C51d>true:1</requestAnnouncementStartedNotification.C51d>
   </PromptAndCollectUserInformationArg.Sequence>
</ASN>