<?xml version="1.0" encoding="ISO-8859-15"?>

<ASN layer="CAP">
   <ProvideRoamingNumberArg.Sequence>
      <imsi.C0.BoxedType><TBCD_STRING.BoxedType><Bytes>25264408f5
               <field name="digits" value="526244805" type="Number_BCD" length="9"/>
            </Bytes></TBCD_STRING.BoxedType></imsi.C0.BoxedType>
      <msc_Number.C1.BoxedType><AddressString.BoxedType><Bytes>637151456956
               <field name="extension" value="extension:0" type="EnumLong" lengthBit="1"/>
               <field name="nature of address" value="abbreviated number:6" type="EnumLong" lengthBit="3"/>
               <field name="numbering plan" value="data numbering plan (ITU-T Rec X.121):3" type="EnumLong" lengthBit="4"/>
               <field name="digits" value="1715549665" type="Number_BCD" length="10"/>
            </Bytes></AddressString.BoxedType></msc_Number.C1.BoxedType>
      <msisdn.C2.BoxedType><AddressString.BoxedType><Bytes>1323650991f0
               <field name="extension" value="extension:0" type="EnumLong" lengthBit="1"/>
               <field name="nature of address" value="international number:1" type="EnumLong" lengthBit="3"/>
               <field name="numbering plan" value="data numbering plan (ITU-T Rec X.121):3" type="EnumLong" lengthBit="4"/>
               <field name="digits" value="325690190" type="Number_BCD" length="9"/>
            </Bytes></AddressString.BoxedType></msisdn.C2.BoxedType>
      <lmsi.C4.BoxedType><Bytes>d1846583b1
            <field name="digits" value="d1846583b1" type="Binary" length="5"/>
         </Bytes></lmsi.C4.BoxedType>
      <gsm_BearerCapability.C5.Sequence>
         <protocolId.Enum>
            <EnumType>gsm_BSSMAP.3</EnumType>
         </protocolId.Enum>
         <signalInfo.BoxedType><Bytes>42d4ca9e92cc4d4f</Bytes></signalInfo.BoxedType>
         <extensionContainer.Sequence>
            <privateExtensionList.C0.BoxedType>
               <Collection>
                  <PrivateExtension.Sequence>
                     <extId><ObjectIdentifier>0.1.226.23.91.125.121.69</ObjectIdentifier></extId>
                     <extType>2e270264bbdfec94</extType>
                  </PrivateExtension.Sequence>
                  <PrivateExtension.Sequence>
                     <extId><ObjectIdentifier>0.1.241.57.96.121.106</ObjectIdentifier></extId>
                     <extType>04054c47b9227b3d4e</extType>
                  </PrivateExtension.Sequence>
                  <PrivateExtension.Sequence>
                     <extId><ObjectIdentifier>0.1.274.10.26.127.42</ObjectIdentifier></extId>
                     <extType>dd6ed733b76e</extType>
                  </PrivateExtension.Sequence>
               </Collection>
            </privateExtensionList.C0.BoxedType>
            <pcs_Extensions.C1.Sequence>
               
            </pcs_Extensions.C1.Sequence>
         </extensionContainer.Sequence>
      </gsm_BearerCapability.C5.Sequence>
      <networkSignalInfo.C6.Sequence>
         <protocolId.Enum>
            <EnumType>ets_300102_1.4</EnumType>
         </protocolId.Enum>
         <signalInfo.BoxedType><Bytes>a5</Bytes></signalInfo.BoxedType>
         <extensionContainer.Sequence>
            <privateExtensionList.C0.BoxedType>
               <Collection>
                  <PrivateExtension.Sequence>
                     <extId><ObjectIdentifier>0.1.269.65</ObjectIdentifier></extId>
                     <extType>64c6d376390b49</extType>
                  </PrivateExtension.Sequence>
                  <PrivateExtension.Sequence>
                     <extId><ObjectIdentifier>0.1.2127.5.57.117.89.81</ObjectIdentifier></extId>
                     <extType>318b6dfe74d1</extType>
                  </PrivateExtension.Sequence>
                  <PrivateExtension.Sequence>
                     <extId><ObjectIdentifier>0.1.28.27.2.41</ObjectIdentifier></extId>
                     <extType>da6b6578</extType>
                  </PrivateExtension.Sequence>
               </Collection>
            </privateExtensionList.C0.BoxedType>
            <pcs_Extensions.C1.Sequence>
               
            </pcs_Extensions.C1.Sequence>
         </extensionContainer.Sequence>
      </networkSignalInfo.C6.Sequence>
      <suppressionOfAnnouncement.C7.Null>
         
      </suppressionOfAnnouncement.C7.Null>
      <gmsc_Address.C8.BoxedType><AddressString.BoxedType><Bytes>6a4125300597
               <field name="extension" value="extension:0" type="EnumLong" lengthBit="1"/>
               <field name="nature of address" value="abbreviated number:6" type="EnumLong" lengthBit="3"/>
               <field name="numbering plan" value="10" type="EnumLong" lengthBit="4"/>
               <field name="digits" value="1452035079" type="Number_BCD" length="10"/>
            </Bytes></AddressString.BoxedType></gmsc_Address.C8.BoxedType>
      <callReferenceNumber.C9.BoxedType><Bytes>24f281</Bytes></callReferenceNumber.C9.BoxedType>
      <or_Interrogation.C10></or_Interrogation.C10>
      <extensionContainer.C11.Sequence>
         <privateExtensionList.C0.BoxedType>
            <Collection>
               <PrivateExtension.Sequence>
                  <extId><ObjectIdentifier>0.1.217.5.18.127.77.112.32</ObjectIdentifier></extId>
                  <extType>54d040724b925d</extType>
               </PrivateExtension.Sequence>
               <PrivateExtension.Sequence>
                  <extId><ObjectIdentifier>0.1.298.87</ObjectIdentifier></extId>
                  <extType>7f1d01d17f5b</extType>
               </PrivateExtension.Sequence>
               <PrivateExtension.Sequence>
                  <extId><ObjectIdentifier>0.1.29.94.100</ObjectIdentifier></extId>
                  <extType>7bf0c8a9</extType>
               </PrivateExtension.Sequence>
            </Collection>
         </privateExtensionList.C0.BoxedType>
         <pcs_Extensions.C1.Sequence>
            
         </pcs_Extensions.C1.Sequence>
      </extensionContainer.C11.Sequence>
      <alertingPattern.C12.BoxedType><Bytes>c8a8</Bytes></alertingPattern.C12.BoxedType>
      <ccbs_Call.C13></ccbs_Call.C13>
      <supportedCamelPhasesInInterrogatingNode.C15.BoxedType><BitString><BitString value="898f1f" trailing="0"/></BitString></supportedCamelPhasesInInterrogatingNode.C15.BoxedType>
      <additionalSignalInfo.C14.Sequence>
         <ext_ProtocolId.Enum>
            <EnumType>ets_300356.1</EnumType>
         </ext_ProtocolId.Enum>
         <signalInfo.BoxedType><Bytes>643bbf609726cdaa</Bytes></signalInfo.BoxedType>
         <extensionContainer.Sequence>
            <privateExtensionList.C0.BoxedType>
               <Collection>
                  <PrivateExtension.Sequence>
                     <extId><ObjectIdentifier>0.1.225.64.46.123.50.43.5.83</ObjectIdentifier></extId>
                     <extType>e60a</extType>
                  </PrivateExtension.Sequence>
                  <PrivateExtension.Sequence>
                     <extId><ObjectIdentifier>0.1.27.70.64.14.108.9.59.116</ObjectIdentifier></extId>
                     <extType>b9</extType>
                  </PrivateExtension.Sequence>
                  <PrivateExtension.Sequence>
                     <extId><ObjectIdentifier>0.1.289.96.123.19.79.6</ObjectIdentifier></extId>
                     <extType>7ef0af23b50d8e38</extType>
                  </PrivateExtension.Sequence>
               </Collection>
            </privateExtensionList.C0.BoxedType>
            <pcs_Extensions.C1.Sequence>
               
            </pcs_Extensions.C1.Sequence>
         </extensionContainer.Sequence>
      </additionalSignalInfo.C14.Sequence>
      <orNotSupportedInGMSC.C16></orNotSupportedInGMSC.C16>
      <pre_pagingSupported.C17></pre_pagingSupported.C17>
      <longFTN_Supported.C18></longFTN_Supported.C18>
      <suppress_VT_CSI.C19></suppress_VT_CSI.C19>
      <offeredCamel4CSIsInInterrogatingNode.C20.BoxedType><BitString><BitString value="993db51694a0aa22b92a0a425da3c45bf38a887f" trailing="0"/></BitString></offeredCamel4CSIsInInterrogatingNode.C20.BoxedType>
      <mtRoamingRetrySupported.C21></mtRoamingRetrySupported.C21>
      <pagingArea.C22.BoxedType>
         <Collection>
            <LocationArea.Choice>
               <laiFixedLength.C0.BoxedType><Bytes>2179311499
                     <field name="MMC" value="129,137" type="NumberMMC" length="3"/>
                     <field name="LAC" value="5273" type="Integer" length="2"/>
                  </Bytes></laiFixedLength.C0.BoxedType>
               <lac.C1.BoxedType><Bytes>5f</Bytes></lac.C1.BoxedType>
            </LocationArea.Choice>
            <LocationArea.Choice>
               <laiFixedLength.C0.BoxedType><Bytes>4119516301
                     <field name="MMC" value="149,151" type="NumberMMC" length="3"/>
                     <field name="LAC" value="25345" type="Integer" length="2"/>
                  </Bytes></laiFixedLength.C0.BoxedType>
               <lac.C1.BoxedType><Bytes>21dd9fa6a89d9d48</Bytes></lac.C1.BoxedType>
            </LocationArea.Choice>
            <LocationArea.Choice>
               <laiFixedLength.C0.BoxedType><Bytes>31f5682278
                     <field name="MMC" value="135,86" type="NumberMMC" length="3"/>
                     <field name="LAC" value="8824" type="Integer" length="2"/>
                  </Bytes></laiFixedLength.C0.BoxedType>
               <lac.C1.BoxedType><Bytes>238e</Bytes></lac.C1.BoxedType>
            </LocationArea.Choice>
         </Collection>
      </pagingArea.C22.BoxedType>
      <callPriority.C23.BoxedType><Integer>1</Integer></callPriority.C23.BoxedType>
      <mtrf_Indicator.C24></mtrf_Indicator.C24>
      <oldMSC_Number.C25.BoxedType><AddressString.BoxedType><Bytes>c187586661f8
               <field name="extension" value="no extension:1" type="EnumLong" lengthBit="1"/>
               <field name="nature of address" value="subscriber number:4" type="EnumLong" lengthBit="3"/>
               <field name="numbering plan" value="ISDN/Telephony Numbering Plan (Rec ITU-T E.164):1" type="EnumLong" lengthBit="4"/>
               <field name="digits" value="788566168" type="Number_BCD" length="9"/>
            </Bytes></AddressString.BoxedType></oldMSC_Number.C25.BoxedType>
      <lastUsedLtePLMN_Id.C26.BoxedType><Bytes>c4</Bytes></lastUsedLtePLMN_Id.C26.BoxedType>
   </ProvideRoamingNumberArg.Sequence>
</ASN>