<?xml version="1.0" encoding="ISO-8859-15"?>

<ASN layer="CAP">
   <ProvideRoamingNumberRes.Sequence>
      <roamingNumber.BoxedType><AddressString.BoxedType><Bytes>218189314688
               <field name="extension" value="extension:0" type="EnumLong" lengthBit="1"/>
               <field name="nature of address" value="national significant number:2" type="EnumLong" lengthBit="3"/>
               <field name="numbering plan" value="ISDN/Telephony Numbering Plan (Rec ITU-T E.164):1" type="EnumLong" lengthBit="4"/>
               <field name="digits" value="1898136488" type="Number_BCD" length="10"/>
            </Bytes></AddressString.BoxedType></roamingNumber.BoxedType>
      <extensionContainer.Sequence>
         <privateExtensionList.C0.BoxedType>
            <Collection>
               <PrivateExtension.Sequence>
                  <extId><ObjectIdentifier>0.1.223.58.52.23</ObjectIdentifier></extId>
                  <extType>0386d9a2</extType>
               </PrivateExtension.Sequence>
               <PrivateExtension.Sequence>
                  <extId><ObjectIdentifier>0.1.24.114.104.71.127.111.99.34</ObjectIdentifier></extId>
                  <extType>6a</extType>
               </PrivateExtension.Sequence>
               <PrivateExtension.Sequence>
                  <extId><ObjectIdentifier>0.1.281.125</ObjectIdentifier></extId>
                  <extType>c7e33efbbf178a</extType>
               </PrivateExtension.Sequence>
            </Collection>
         </privateExtensionList.C0.BoxedType>
         <pcs_Extensions.C1.Sequence>
            
         </pcs_Extensions.C1.Sequence>
      </extensionContainer.Sequence>
      <releaseResourcesSupported></releaseResourcesSupported>
      <vmsc_Address.BoxedType><AddressString.BoxedType><Bytes>2e18584303f4
               <field name="extension" value="extension:0" type="EnumLong" lengthBit="1"/>
               <field name="nature of address" value="national significant number:2" type="EnumLong" lengthBit="3"/>
               <field name="numbering plan" value="14" type="EnumLong" lengthBit="4"/>
               <field name="digits" value="818534304" type="Number_BCD" length="9"/>
            </Bytes></AddressString.BoxedType></vmsc_Address.BoxedType>
   </ProvideRoamingNumberRes.Sequence>
</ASN>