<?xml version="1.0" encoding="ISO-8859-15"?>

<ASN layer="CAP">
   <PurgeMS_Res.Sequence>
      <freezeTMSI.C0></freezeTMSI.C0>
      <freezeP_TMSI.C1></freezeP_TMSI.C1>
      <extensionContainer.Sequence>
         <privateExtensionList.C0.BoxedType>
            <Collection>
               <PrivateExtension.Sequence>
                  <extId><ObjectIdentifier>0.1.23.127.123.64</ObjectIdentifier></extId>
                  <extType>c51e40c7</extType>
               </PrivateExtension.Sequence>
               <PrivateExtension.Sequence>
                  <extId><ObjectIdentifier>0.1.223.67</ObjectIdentifier></extId>
                  <extType>2b0136109af8673b</extType>
               </PrivateExtension.Sequence>
               <PrivateExtension.Sequence>
                  <extId><ObjectIdentifier>0.1.264.69.125.27.90.123.83.82.90.80</ObjectIdentifier></extId>
                  <extType>f53fef762085</extType>
               </PrivateExtension.Sequence>
            </Collection>
         </privateExtensionList.C0.BoxedType>
         <pcs_Extensions.C1.Sequence>
            
         </pcs_Extensions.C1.Sequence>
      </extensionContainer.Sequence>
      <freezeM_TMSI.C2></freezeM_TMSI.C2>
   </PurgeMS_Res.Sequence>
</ASN>