<?xml version="1.0" encoding="ISO-8859-15"?>

<ASN layer="CAP">
   <PurgeMS_Arg.BoxedType><PurgeMS_ArgSequenceType.C3.Sequence>
         <imsi.BoxedType><TBCD_STRING.BoxedType><Bytes>98935387f8
                  <field name="digits" value="893935788" type="Number_BCD" length="9"/>
               </Bytes></TBCD_STRING.BoxedType></imsi.BoxedType>
         <vlr_Number.C0.BoxedType><AddressString.BoxedType><Bytes>f7799940f3
                  <field name="extension" value="no extension:1" type="EnumLong" lengthBit="1"/>
                  <field name="nature of address" value="reserved for extension:7" type="EnumLong" lengthBit="3"/>
                  <field name="numbering plan" value="spare:7" type="EnumLong" lengthBit="4"/>
                  <field name="digits" value="9799043" type="Number_BCD" length="7"/>
               </Bytes></AddressString.BoxedType></vlr_Number.C0.BoxedType>
         <sgsn_Number.C1.BoxedType><AddressString.BoxedType><Bytes>b46172280634
                  <field name="extension" value="no extension:1" type="EnumLong" lengthBit="1"/>
                  <field name="nature of address" value="network specific number:3" type="EnumLong" lengthBit="3"/>
                  <field name="numbering plan" value="telex numbering plan (ITU-T Rec F.69):4" type="EnumLong" lengthBit="4"/>
                  <field name="digits" value="1627826043" type="Number_BCD" length="10"/>
               </Bytes></AddressString.BoxedType></sgsn_Number.C1.BoxedType>
         <extensionContainer.Sequence>
            <privateExtensionList.C0.BoxedType>
               <Collection>
                  <PrivateExtension.Sequence>
                     <extId><ObjectIdentifier>0.1.274</ObjectIdentifier></extId>
                     <extType>d087a88ab7d30096d8</extType>
                  </PrivateExtension.Sequence>
                  <PrivateExtension.Sequence>
                     <extId><ObjectIdentifier>0.1.270.33.62.77.79</ObjectIdentifier></extId>
                     <extType>364b40</extType>
                  </PrivateExtension.Sequence>
                  <PrivateExtension.Sequence>
                     <extId><ObjectIdentifier>0.1.2116.64.97.88.72.27</ObjectIdentifier></extId>
                     <extType>dfb3c035fc</extType>
                  </PrivateExtension.Sequence>
               </Collection>
            </privateExtensionList.C0.BoxedType>
            <pcs_Extensions.C1.Sequence>
               
            </pcs_Extensions.C1.Sequence>
         </extensionContainer.Sequence>
         <locationInformation.C2.Sequence>
            <ageOfLocationInformation.BoxedType><Integer>[1-32766] minuts:1</Integer></ageOfLocationInformation.BoxedType>
            <geographicalInformation.C0.BoxedType><Bytes>4c8e84f5cd220078
                  <field name="TypeOfShape" value="Reserved for future use:4" type="EnumLong" lengthBit="4"/>
                  <field name="spare" value="12" type="Integer" lengthBit="4"/>
                  <field name="DegreesOfLatitude" value="9340149" type="Integer" length="3"/>
                  <field name="DegreesOfLongitude" value="13443584" type="Integer" length="3"/>
                  <field name="UncertaintyCode" value="120" type="Integer" length="1"/>
               </Bytes></geographicalInformation.C0.BoxedType>
            <vlr_number.C1.BoxedType><AddressString.BoxedType><Bytes>7b41959388f2
                     <field name="extension" value="extension:0" type="EnumLong" lengthBit="1"/>
                     <field name="nature of address" value="reserved for extension:7" type="EnumLong" lengthBit="3"/>
                     <field name="numbering plan" value="11" type="EnumLong" lengthBit="4"/>
                     <field name="digits" value="145939882" type="Number_BCD" length="9"/>
                  </Bytes></AddressString.BoxedType></vlr_number.C1.BoxedType>
            <locationNumber.C2.BoxedType><Bytes>82bd1270498463
                  <field name="Odd/even (O/E)" value="odd number of address signals:1" type="EnumLong" lengthBit="1"/>
                  <field name="Nature of address" value="unknown (national use):2" type="EnumLong" lengthBit="7"/>
                  <field name="Internal Network Number (INN)" value="routing to internal number not allowed:1" type="EnumLong" lengthBit="1"/>
                  <field name="Numbering plan" value="Data numbering plan (ITU-T Recommendation X.121):3" type="EnumLong" lengthBit="3"/>
                  <field name="Address presentation restricted" value="spare:3" type="EnumLong" lengthBit="2"/>
                  <field name="Screening" value="user provided, verified and passed:1" type="EnumLong" lengthBit="2"/>
                  <field name="digits" value="2107944836" type="Number_BCD" length="10"/>
               </Bytes></locationNumber.C2.BoxedType>
            <cellGlobalIdOrServiceAreaIdOrLAI.C3.Choice>
               <cellGlobalIdOrServiceAreaIdFixedLength.C0.BoxedType><Bytes>91f7875d13ac20
                     <field name="MMC" value="197,78" type="NumberMMC" length="3"/>
                     <field name="LAC" value="23827" type="Integer" length="2"/>
                     <field name="CI_SAC" value="44064" type="Integer" length="2"/>
                  </Bytes></cellGlobalIdOrServiceAreaIdFixedLength.C0.BoxedType>
               <laiFixedLength.C1.BoxedType><Bytes>4121122740
                     <field name="MMC" value="141,212" type="NumberMMC" length="3"/>
                     <field name="LAC" value="10048" type="Integer" length="2"/>
                  </Bytes></laiFixedLength.C1.BoxedType>
            </cellGlobalIdOrServiceAreaIdOrLAI.C3.Choice>
            <extensionContainer.C4.Sequence>
               <privateExtensionList.C0.BoxedType>
                  <Collection>
                     <PrivateExtension.Sequence>
                        <extId><ObjectIdentifier>0.1.222.39.40.7.29.105</ObjectIdentifier></extId>
                        <extType>c3</extType>
                     </PrivateExtension.Sequence>
                     <PrivateExtension.Sequence>
                        <extId><ObjectIdentifier>0.1.299.85.110.104.35.23.1.20</ObjectIdentifier></extId>
                        <extType>d74159fe42a894</extType>
                     </PrivateExtension.Sequence>
                     <PrivateExtension.Sequence>
                        <extId><ObjectIdentifier>0.1.298.45</ObjectIdentifier></extId>
                        <extType>66633c8e14d1ccd0e8</extType>
                     </PrivateExtension.Sequence>
                  </Collection>
               </privateExtensionList.C0.BoxedType>
               <pcs_Extensions.C1.Sequence>
                  
               </pcs_Extensions.C1.Sequence>
            </extensionContainer.C4.Sequence>
            <selectedLSA_Id.C5.BoxedType><Bytes>03c0c0
                  <field name="LSA type" value="PLMN significant number:0" type="EnumLong" lengthBit="1"/>
                  <field name="Identifier" value="245952" type="Integer" lengthBit="23"/>
               </Bytes></selectedLSA_Id.C5.BoxedType>
            <msc_Number.C6.BoxedType><AddressString.BoxedType><Bytes>9356355761f1
                     <field name="extension" value="no extension:1" type="EnumLong" lengthBit="1"/>
                     <field name="nature of address" value="international number:1" type="EnumLong" lengthBit="3"/>
                     <field name="numbering plan" value="data numbering plan (ITU-T Rec X.121):3" type="EnumLong" lengthBit="4"/>
                     <field name="digits" value="655375161" type="Number_BCD" length="9"/>
                  </Bytes></AddressString.BoxedType></msc_Number.C6.BoxedType>
            <geodeticInformation.C7.BoxedType><Bytes>d766743d7ad859087b21
                  <field name="spare" value="13" type="Integer" lengthBit="4"/>
                  <field name="LPRI" value="presentation restricted:1" type="EnumLong" lengthBit="2"/>
                  <field name="screnning" value="network provided:3" type="EnumLong" lengthBit="2"/>
                  <field name="ext" value="0" type="Integer" lengthBit="1"/>
                  <field name="TypeOfShape" value="reserved for national use:102" type="EnumLong" lengthBit="7"/>
                  <field name="DegreesOfLatitude" value="7617914" type="Integer" length="3"/>
                  <field name="DegreesOfLongitude" value="14178568" type="Integer" length="3"/>
                  <field name="UncertaintyCode" value="123" type="Integer" length="1"/>
                  <field name="Confidence" value="33" type="Integer" length="1"/>
               </Bytes></geodeticInformation.C7.BoxedType>
            <currentLocationRetrieved.C8></currentLocationRetrieved.C8>
            <sai_Present.C9></sai_Present.C9>
            <locationInformationEPS.C10.Sequence>
               <e_utranCellGlobalIdentity.C0.BoxedType><Bytes>21643e51860b</Bytes></e_utranCellGlobalIdentity.C0.BoxedType>
               <trackingAreaIdentity.C1.BoxedType><Bytes>335e</Bytes></trackingAreaIdentity.C1.BoxedType>
               <extensionContainer.C2.Sequence>
                  <privateExtensionList.C0.BoxedType>
                     <Collection>
                        <PrivateExtension.Sequence>
                           <extId><ObjectIdentifier>0.1.24.36.112.127.14</ObjectIdentifier></extId>
                           <extType>5d90c0e81f4c853870</extType>
                        </PrivateExtension.Sequence>
                        <PrivateExtension.Sequence>
                           <extId><ObjectIdentifier>0.1.227.16.8.36.84</ObjectIdentifier></extId>
                           <extType>f928259cad6e77a0</extType>
                        </PrivateExtension.Sequence>
                        <PrivateExtension.Sequence>
                           <extId><ObjectIdentifier>0.1.251.98.19.103.51.102.10.20</ObjectIdentifier></extId>
                           <extType>b87d8af7bb8b20</extType>
                        </PrivateExtension.Sequence>
                     </Collection>
                  </privateExtensionList.C0.BoxedType>
                  <pcs_Extensions.C1.Sequence>
                     
                  </pcs_Extensions.C1.Sequence>
               </extensionContainer.C2.Sequence>
               <geographicalInformation.C3.BoxedType><Bytes>c9eec4094ebc4e8d
                     <field name="TypeOfShape" value="Reserved for future use:12" type="EnumLong" lengthBit="4"/>
                     <field name="spare" value="9" type="Integer" lengthBit="4"/>
                     <field name="DegreesOfLatitude" value="15647753" type="Integer" length="3"/>
                     <field name="DegreesOfLongitude" value="5160014" type="Integer" length="3"/>
                     <field name="UncertaintyCode" value="141" type="Integer" length="1"/>
                  </Bytes></geographicalInformation.C3.BoxedType>
               <geodeticInformation.C4.BoxedType><Bytes>790402cd532fbffc34dd
                     <field name="spare" value="7" type="Integer" lengthBit="4"/>
                     <field name="LPRI" value="location not available (Note):2" type="EnumLong" lengthBit="2"/>
                     <field name="screnning" value="user provided, verified and passed:1" type="EnumLong" lengthBit="2"/>
                     <field name="ext" value="0" type="Integer" lengthBit="1"/>
                     <field name="TypeOfShape" value="ellipsoid circle sector:4" type="EnumLong" lengthBit="7"/>
                     <field name="DegreesOfLatitude" value="183635" type="Integer" length="3"/>
                     <field name="DegreesOfLongitude" value="3129340" type="Integer" length="3"/>
                     <field name="UncertaintyCode" value="52" type="Integer" length="1"/>
                     <field name="Confidence" value="221" type="Integer" length="1"/>
                  </Bytes></geodeticInformation.C4.BoxedType>
               <currentLocationRetrieved.C5></currentLocationRetrieved.C5>
               <ageOfLocationInformation.C6.BoxedType><Integer>[1-32766] minuts:1</Integer></ageOfLocationInformation.C6.BoxedType>
               <mme_Name.C7.BoxedType><Bytes>dac093d1</Bytes></mme_Name.C7.BoxedType>
            </locationInformationEPS.C10.Sequence>
            <userCSGInformation.C11.Sequence>
               <csg_Id.C0.BoxedType><BitString><BitString value="3b4ec928ff5a6121403dce01" trailing="0"/></BitString></csg_Id.C0.BoxedType>
               <extensionContainer.C1.Sequence>
                  <privateExtensionList.C0.BoxedType>
                     <Collection>
                        <PrivateExtension.Sequence>
                           <extId><ObjectIdentifier>0.1.22.81.95.115.120.125.121</ObjectIdentifier></extId>
                           <extType>a3</extType>
                        </PrivateExtension.Sequence>
                        <PrivateExtension.Sequence>
                           <extId><ObjectIdentifier>0.1.298.88.41.11.12.66.7</ObjectIdentifier></extId>
                           <extType>f9c3</extType>
                        </PrivateExtension.Sequence>
                        <PrivateExtension.Sequence>
                           <extId><ObjectIdentifier>0.1.243.70.8.121.11.28.34.99</ObjectIdentifier></extId>
                           <extType>11f0d442</extType>
                        </PrivateExtension.Sequence>
                     </Collection>
                  </privateExtensionList.C0.BoxedType>
                  <pcs_Extensions.C1.Sequence>
                     
                  </pcs_Extensions.C1.Sequence>
               </extensionContainer.C1.Sequence>
               <accessMode.C2>f442a792a57a</accessMode.C2>
               <cmi.C3>8c40</cmi.C3>
            </userCSGInformation.C11.Sequence>
         </locationInformation.C2.Sequence>
         <locationInformationGPRS.C3.Sequence>
            <cellGlobalIdOrServiceAreaIdOrLAI.C0.Choice>
               <cellGlobalIdOrServiceAreaIdFixedLength.C0.BoxedType><Bytes>51f583d0a5fe3f
                     <field name="MMC" value="155,38" type="NumberMMC" length="3"/>
                     <field name="LAC" value="53413" type="Integer" length="2"/>
                     <field name="CI_SAC" value="65087" type="Integer" length="2"/>
                  </Bytes></cellGlobalIdOrServiceAreaIdFixedLength.C0.BoxedType>
               <laiFixedLength.C1.BoxedType><Bytes>01f468ba03
                     <field name="MMC" value="104,86" type="NumberMMC" length="3"/>
                     <field name="LAC" value="47619" type="Integer" length="2"/>
                  </Bytes></laiFixedLength.C1.BoxedType>
            </cellGlobalIdOrServiceAreaIdOrLAI.C0.Choice>
            <routeingAreaIdentity.C1.BoxedType><Bytes>616712a36ecb
                  <field name="MMC" value="167,216" type="NumberMMC" length="3"/>
                  <field name="LAC" value="41838" type="Integer" length="2"/>
                  <field name="RAC" value="203" type="Integer" length="1"/>
               </Bytes></routeingAreaIdentity.C1.BoxedType>
            <geographicalInformation.C2.BoxedType><Bytes>660405e6d825b166
                  <field name="TypeOfShape" value="Reserved for future use:6" type="EnumLong" lengthBit="4"/>
                  <field name="spare" value="6" type="Integer" lengthBit="4"/>
                  <field name="DegreesOfLatitude" value="263654" type="Integer" length="3"/>
                  <field name="DegreesOfLongitude" value="14165425" type="Integer" length="3"/>
                  <field name="UncertaintyCode" value="102" type="Integer" length="1"/>
               </Bytes></geographicalInformation.C2.BoxedType>
            <sgsn_Number.C3.BoxedType><AddressString.BoxedType><Bytes>a052208202f7
                     <field name="extension" value="no extension:1" type="EnumLong" lengthBit="1"/>
                     <field name="nature of address" value="national significant number:2" type="EnumLong" lengthBit="3"/>
                     <field name="numbering plan" value="unknown:0" type="EnumLong" lengthBit="4"/>
                     <field name="digits" value="250228207" type="Number_BCD" length="9"/>
                  </Bytes></AddressString.BoxedType></sgsn_Number.C3.BoxedType>
            <selectedLSAIdentity.C4.BoxedType><Bytes>3a9a04
                  <field name="LSA type" value="PLMN significant number:0" type="EnumLong" lengthBit="1"/>
                  <field name="Identifier" value="3840516" type="Integer" lengthBit="23"/>
               </Bytes></selectedLSAIdentity.C4.BoxedType>
            <extensionContainer.C5.Sequence>
               <privateExtensionList.C0.BoxedType>
                  <Collection>
                     <PrivateExtension.Sequence>
                        <extId><ObjectIdentifier>0.1.233</ObjectIdentifier></extId>
                        <extType>8da9cd</extType>
                     </PrivateExtension.Sequence>
                     <PrivateExtension.Sequence>
                        <extId><ObjectIdentifier>0.1.293.48.66.58.64</ObjectIdentifier></extId>
                        <extType>b7eb01</extType>
                     </PrivateExtension.Sequence>
                     <PrivateExtension.Sequence>
                        <extId><ObjectIdentifier>0.1.220.104.106.122.17.121</ObjectIdentifier></extId>
                        <extType>9d04e5</extType>
                     </PrivateExtension.Sequence>
                  </Collection>
               </privateExtensionList.C0.BoxedType>
               <pcs_Extensions.C1.Sequence>
                  
               </pcs_Extensions.C1.Sequence>
            </extensionContainer.C5.Sequence>
            <sai_Present.C6></sai_Present.C6>
            <geodeticInformation.C7.BoxedType><Bytes>ebc1d43e2ea73c7a9ab9
                  <field name="spare" value="14" type="Integer" lengthBit="4"/>
                  <field name="LPRI" value="location not available (Note):2" type="EnumLong" lengthBit="2"/>
                  <field name="screnning" value="network provided:3" type="EnumLong" lengthBit="2"/>
                  <field name="ext" value="1" type="Integer" lengthBit="1"/>
                  <field name="TypeOfShape" value="reserved for national use:65" type="EnumLong" lengthBit="7"/>
                  <field name="DegreesOfLatitude" value="13909550" type="Integer" length="3"/>
                  <field name="DegreesOfLongitude" value="10959994" type="Integer" length="3"/>
                  <field name="UncertaintyCode" value="154" type="Integer" length="1"/>
                  <field name="Confidence" value="185" type="Integer" length="1"/>
               </Bytes></geodeticInformation.C7.BoxedType>
            <currentLocationRetrieved.C8></currentLocationRetrieved.C8>
            <ageOfLocationInformation.C9.BoxedType><Integer>[1-32766] minuts:1</Integer></ageOfLocationInformation.C9.BoxedType>
            <userCSGInformation.C10.Sequence>
               <csg_Id.C0.BoxedType><BitString><BitString value="99c770f1180106bb4876bbba" trailing="0"/></BitString></csg_Id.C0.BoxedType>
               <extensionContainer.C1.Sequence>
                  <privateExtensionList.C0.BoxedType>
                     <Collection>
                        <PrivateExtension.Sequence>
                           <extId><ObjectIdentifier>0.1.235.3.25.106.42.20.36.68.82</ObjectIdentifier></extId>
                           <extType>da1045</extType>
                        </PrivateExtension.Sequence>
                        <PrivateExtension.Sequence>
                           <extId><ObjectIdentifier>0.1.278.1.66.121.109.48.89</ObjectIdentifier></extId>
                           <extType>165fcdbe79</extType>
                        </PrivateExtension.Sequence>
                        <PrivateExtension.Sequence>
                           <extId><ObjectIdentifier>0.1.297.56.39.43.95.27.99</ObjectIdentifier></extId>
                           <extType>dcc594ee05</extType>
                        </PrivateExtension.Sequence>
                     </Collection>
                  </privateExtensionList.C0.BoxedType>
                  <pcs_Extensions.C1.Sequence>
                     
                  </pcs_Extensions.C1.Sequence>
               </extensionContainer.C1.Sequence>
               <accessMode.C2>2b4c255403c20c</accessMode.C2>
               <cmi.C3>b0b53a3cbe3f223b</cmi.C3>
            </userCSGInformation.C10.Sequence>
         </locationInformationGPRS.C3.Sequence>
         <locationInformationEPS.C4.Sequence>
            <e_utranCellGlobalIdentity.C0.BoxedType><Bytes>0e21df</Bytes></e_utranCellGlobalIdentity.C0.BoxedType>
            <trackingAreaIdentity.C1.BoxedType><Bytes>cd53488f3798fcc069</Bytes></trackingAreaIdentity.C1.BoxedType>
            <extensionContainer.C2.Sequence>
               <privateExtensionList.C0.BoxedType>
                  <Collection>
                     <PrivateExtension.Sequence>
                        <extId><ObjectIdentifier>0.1.245.28.89.82.39.13.21.79.75</ObjectIdentifier></extId>
                        <extType>ba38a6a60d2443c682</extType>
                     </PrivateExtension.Sequence>
                     <PrivateExtension.Sequence>
                        <extId><ObjectIdentifier>0.1.224.60.94.119</ObjectIdentifier></extId>
                        <extType>24ca42df019b</extType>
                     </PrivateExtension.Sequence>
                     <PrivateExtension.Sequence>
                        <extId><ObjectIdentifier>0.1.272.69.62.106.40.101.126</ObjectIdentifier></extId>
                        <extType>e854</extType>
                     </PrivateExtension.Sequence>
                  </Collection>
               </privateExtensionList.C0.BoxedType>
               <pcs_Extensions.C1.Sequence>
                  
               </pcs_Extensions.C1.Sequence>
            </extensionContainer.C2.Sequence>
            <geographicalInformation.C3.BoxedType><Bytes>672586dda5cffb27
                  <field name="TypeOfShape" value="Reserved for future use:6" type="EnumLong" lengthBit="4"/>
                  <field name="spare" value="7" type="Integer" lengthBit="4"/>
                  <field name="DegreesOfLatitude" value="2459357" type="Integer" length="3"/>
                  <field name="DegreesOfLongitude" value="10866683" type="Integer" length="3"/>
                  <field name="UncertaintyCode" value="39" type="Integer" length="1"/>
               </Bytes></geographicalInformation.C3.BoxedType>
            <geodeticInformation.C4.BoxedType><Bytes>acfad1c961b544eb771d
                  <field name="spare" value="10" type="Integer" lengthBit="4"/>
                  <field name="LPRI" value="spare:3" type="EnumLong" lengthBit="2"/>
                  <field name="screnning" value="user provided, not verified:0" type="EnumLong" lengthBit="2"/>
                  <field name="ext" value="1" type="Integer" lengthBit="1"/>
                  <field name="TypeOfShape" value="reserved for national use:122" type="EnumLong" lengthBit="7"/>
                  <field name="DegreesOfLatitude" value="13748577" type="Integer" length="3"/>
                  <field name="DegreesOfLongitude" value="11879659" type="Integer" length="3"/>
                  <field name="UncertaintyCode" value="119" type="Integer" length="1"/>
                  <field name="Confidence" value="29" type="Integer" length="1"/>
               </Bytes></geodeticInformation.C4.BoxedType>
            <currentLocationRetrieved.C5></currentLocationRetrieved.C5>
            <ageOfLocationInformation.C6.BoxedType><Integer>0 minut = currently in contact:0</Integer></ageOfLocationInformation.C6.BoxedType>
            <mme_Name.C7.BoxedType><Bytes>76c1e397</Bytes></mme_Name.C7.BoxedType>
         </locationInformationEPS.C4.Sequence>
      </PurgeMS_ArgSequenceType.C3.Sequence></PurgeMS_Arg.BoxedType>
</ASN>