<?xml version="1.0" encoding="ISO-8859-15"?>

<ASN layer="CAP">
   <ReadyForSM_Arg.Sequence>
      <imsi.C0.BoxedType><TBCD_STRING.BoxedType><Bytes>32641836f9
               <field name="digits" value="234681639" type="Number_BCD" length="9"/>
            </Bytes></TBCD_STRING.BoxedType></imsi.C0.BoxedType>
      <alertReason.Enum>
         <EnumType>memoryAvailable.1</EnumType>
      </alertReason.Enum>
      <alertReasonIndicator></alertReasonIndicator>
      <extensionContainer.Sequence>
         <privateExtensionList.C0.BoxedType>
            <Collection>
               <PrivateExtension.Sequence>
                  <extId><ObjectIdentifier>0.1.218.71.63.25.7.102</ObjectIdentifier></extId>
                  <extType>0ec4ff4631164e</extType>
               </PrivateExtension.Sequence>
               <PrivateExtension.Sequence>
                  <extId><ObjectIdentifier>0.1.270.34.79</ObjectIdentifier></extId>
                  <extType>c2a3b770</extType>
               </PrivateExtension.Sequence>
               <PrivateExtension.Sequence>
                  <extId><ObjectIdentifier>0.1.2106</ObjectIdentifier></extId>
                  <extType>16c4</extType>
               </PrivateExtension.Sequence>
            </Collection>
         </privateExtensionList.C0.BoxedType>
         <pcs_Extensions.C1.Sequence>
            
         </pcs_Extensions.C1.Sequence>
      </extensionContainer.Sequence>
      <additionalAlertReasonIndicator.C1></additionalAlertReasonIndicator.C1>
   </ReadyForSM_Arg.Sequence>
</ASN>