<?xml version="1.0" encoding="ISO-8859-15"?>

<ASN layer="CAP">
   <ReadyForSM_Res.Sequence><extensionContainer.Sequence>
         <privateExtensionList.C0.BoxedType>
            <Collection>
               <PrivateExtension.Sequence>
                  <extId><ObjectIdentifier>0.1.274.69.117.5.61.91.106</ObjectIdentifier></extId>
                  <extType>a9e4c5</extType>
               </PrivateExtension.Sequence>
               <PrivateExtension.Sequence>
                  <extId><ObjectIdentifier>0.1.242.46.85.18.1</ObjectIdentifier></extId>
                  <extType>ccfe87a195444ac4d5</extType>
               </PrivateExtension.Sequence>
               <PrivateExtension.Sequence>
                  <extId><ObjectIdentifier>0.1.236</ObjectIdentifier></extId>
                  <extType>f8a8b70c7f093e61</extType>
               </PrivateExtension.Sequence>
            </Collection>
         </privateExtensionList.C0.BoxedType>
         <pcs_Extensions.C1.Sequence>
            
         </pcs_Extensions.C1.Sequence>
      </extensionContainer.Sequence></ReadyForSM_Res.Sequence>
</ASN>