<?xml version="1.0" encoding="ISO-8859-15"?>

<ASN layer="CAP">
   <RegisterSS_Arg.Sequence>
      <ss_Code.BoxedType><Bytes>165748</Bytes></ss_Code.BoxedType>
      <basicService.Choice>
         <bearerService.C2.BoxedType><Bytes>3c</Bytes></bearerService.C2.BoxedType>
         <teleservice.C3.BoxedType><Bytes>05d53ef5</Bytes></teleservice.C3.BoxedType>
      </basicService.Choice>
      <forwardedToNumber.C4.BoxedType><Bytes>c643830987f0
            <field name="extension" value="no extension:1" type="EnumLong" lengthBit="1"/>
            <field name="nature of address" value="subscriber number:4" type="EnumLong" lengthBit="3"/>
            <field name="numbering plan" value="land mobile numbering plan (ITU-T Rec E.212):6" type="EnumLong" lengthBit="4"/>
            <field name="digits" value="343890780" type="Number_BCD" length="9"/>
         </Bytes></forwardedToNumber.C4.BoxedType>
      <forwardedToSubaddress.C6.BoxedType><Bytes>9b2667d84c21</Bytes></forwardedToSubaddress.C6.BoxedType>
      <noReplyConditionTime.C5.BoxedType><Integer>0</Integer></noReplyConditionTime.C5.BoxedType>
      <defaultPriority.C7.BoxedType><Integer>2</Integer></defaultPriority.C7.BoxedType>
      <nbrUser.C8.BoxedType><Integer>1</Integer></nbrUser.C8.BoxedType>
      <longFTN_Supported.C9></longFTN_Supported.C9>
   </RegisterSS_Arg.Sequence>
</ASN>