<?xml version="1.0" encoding="ISO-8859-15"?>

<ASN layer="CAP">
   <RegisterCC_EntryArg.Sequence>
      <ss_Code.C0.BoxedType><Bytes>4e0641</Bytes></ss_Code.C0.BoxedType>
      <ccbs_Data.C1.Sequence>
         <ccbs_Feature.C0.Sequence>
            <ccbs_Index.C0.BoxedType><Integer>1</Integer></ccbs_Index.C0.BoxedType>
            <b_subscriberNumber.C1.BoxedType><AddressString.BoxedType><Bytes>4e8107444893
                     <field name="extension" value="extension:0" type="EnumLong" lengthBit="1"/>
                     <field name="nature of address" value="subscriber number:4" type="EnumLong" lengthBit="3"/>
                     <field name="numbering plan" value="14" type="EnumLong" lengthBit="4"/>
                     <field name="digits" value="1870448439" type="Number_BCD" length="10"/>
                  </Bytes></AddressString.BoxedType></b_subscriberNumber.C1.BoxedType>
            <b_subscriberSubaddress.C2.BoxedType><Bytes>651844e12fc77c</Bytes></b_subscriberSubaddress.C2.BoxedType>
            <basicServiceGroup.C3.Choice>
               <bearerService.C2.BoxedType><Bytes>2f525d</Bytes></bearerService.C2.BoxedType>
               <teleservice.C3.BoxedType><Bytes>9a</Bytes></teleservice.C3.BoxedType>
            </basicServiceGroup.C3.Choice>
         </ccbs_Feature.C0.Sequence>
         <translatedB_Number.C1.BoxedType><AddressString.BoxedType><Bytes>4f7123148588
                  <field name="extension" value="extension:0" type="EnumLong" lengthBit="1"/>
                  <field name="nature of address" value="subscriber number:4" type="EnumLong" lengthBit="3"/>
                  <field name="numbering plan" value="reserved for extension:15" type="EnumLong" lengthBit="4"/>
                  <field name="digits" value="1732415888" type="Number_BCD" length="10"/>
               </Bytes></AddressString.BoxedType></translatedB_Number.C1.BoxedType>
         <serviceIndicator.C2.BoxedType><BitString><BitString value="dbb86858a8b95fc251ad8d8ea6a7" trailing="0"/></BitString></serviceIndicator.C2.BoxedType>
         <callInfo.C3.Sequence>
            <protocolId.Enum>
               <EnumType>ets_300102_1.4</EnumType>
            </protocolId.Enum>
            <signalInfo.BoxedType><Bytes>bd6c25f7d0da</Bytes></signalInfo.BoxedType>
            <extensionContainer.Sequence>
               <privateExtensionList.C0.BoxedType>
                  <Collection>
                     <PrivateExtension.Sequence>
                        <extId><ObjectIdentifier>0.1.297.64.118.77</ObjectIdentifier></extId>
                        <extType>2dc6212d6e</extType>
                     </PrivateExtension.Sequence>
                     <PrivateExtension.Sequence>
                        <extId><ObjectIdentifier>0.1.284.108.107.109.78.73.38.62.28</ObjectIdentifier></extId>
                        <extType>33f70552a0769a</extType>
                     </PrivateExtension.Sequence>
                     <PrivateExtension.Sequence>
                        <extId><ObjectIdentifier>0.1.285.33</ObjectIdentifier></extId>
                        <extType>47533953e1</extType>
                     </PrivateExtension.Sequence>
                  </Collection>
               </privateExtensionList.C0.BoxedType>
               <pcs_Extensions.C1.Sequence>
                  
               </pcs_Extensions.C1.Sequence>
            </extensionContainer.Sequence>
         </callInfo.C3.Sequence>
         <networkSignalInfo.C4.Sequence>
            <protocolId.Enum>
               <EnumType>gsm_0806.2</EnumType>
            </protocolId.Enum>
            <signalInfo.BoxedType><Bytes>619cf632a71ba21c6b</Bytes></signalInfo.BoxedType>
            <extensionContainer.Sequence>
               <privateExtensionList.C0.BoxedType>
                  <Collection>
                     <PrivateExtension.Sequence>
                        <extId><ObjectIdentifier>0.1.224.87.80</ObjectIdentifier></extId>
                        <extType>ae307a</extType>
                     </PrivateExtension.Sequence>
                     <PrivateExtension.Sequence>
                        <extId><ObjectIdentifier>0.1.294.49.103.60.99.68</ObjectIdentifier></extId>
                        <extType>f99ffd93b94aa1</extType>
                     </PrivateExtension.Sequence>
                     <PrivateExtension.Sequence>
                        <extId><ObjectIdentifier>0.1.2111.109</ObjectIdentifier></extId>
                        <extType>028d037878</extType>
                     </PrivateExtension.Sequence>
                  </Collection>
               </privateExtensionList.C0.BoxedType>
               <pcs_Extensions.C1.Sequence>
                  
               </pcs_Extensions.C1.Sequence>
            </extensionContainer.Sequence>
         </networkSignalInfo.C4.Sequence>
      </ccbs_Data.C1.Sequence>
   </RegisterCC_EntryArg.Sequence>
</ASN>