<?xml version="1.0" encoding="ISO-8859-15"?>

<ASN layer="CAP">
   <RegisterCC_EntryRes.Sequence><ccbs_Feature.C0.Sequence>
         <ccbs_Index.C0.BoxedType><Integer>0</Integer></ccbs_Index.C0.BoxedType>
         <b_subscriberNumber.C1.BoxedType><AddressString.BoxedType><Bytes>7e0223328348
                  <field name="extension" value="extension:0" type="EnumLong" lengthBit="1"/>
                  <field name="nature of address" value="reserved for extension:7" type="EnumLong" lengthBit="3"/>
                  <field name="numbering plan" value="14" type="EnumLong" lengthBit="4"/>
                  <field name="digits" value="2032233884" type="Number_BCD" length="10"/>
               </Bytes></AddressString.BoxedType></b_subscriberNumber.C1.BoxedType>
         <b_subscriberSubaddress.C2.BoxedType><Bytes>b7eeb375f8ba3fea8f</Bytes></b_subscriberSubaddress.C2.BoxedType>
         <basicServiceGroup.C3.Choice>
            <bearerService.C2.BoxedType><Bytes>3b03f7db8e</Bytes></bearerService.C2.BoxedType>
            <teleservice.C3.BoxedType><Bytes>5d13956604b41a</Bytes></teleservice.C3.BoxedType>
         </basicServiceGroup.C3.Choice>
      </ccbs_Feature.C0.Sequence></RegisterCC_EntryRes.Sequence>
</ASN>