<?xml version="1.0" encoding="ISO-8859-15"?>

<ASN layer="CAP">
   <ReleaseResourcesRes.Sequence><extensionContainer.Sequence>
         <privateExtensionList.C0.BoxedType>
            <Collection>
               <PrivateExtension.Sequence>
                  <extId><ObjectIdentifier>0.1.2123.73</ObjectIdentifier></extId>
                  <extType>fd8606b0e5</extType>
               </PrivateExtension.Sequence>
               <PrivateExtension.Sequence>
                  <extId><ObjectIdentifier>0.1.2123.77.84.52.30.59.79.42.4</ObjectIdentifier></extId>
                  <extType>0ddc9a10d78e</extType>
               </PrivateExtension.Sequence>
               <PrivateExtension.Sequence>
                  <extId><ObjectIdentifier>0.1.264.34.21.85.74.119.55</ObjectIdentifier></extId>
                  <extType>2224df</extType>
               </PrivateExtension.Sequence>
            </Collection>
         </privateExtensionList.C0.BoxedType>
         <pcs_Extensions.C1.Sequence>
            
         </pcs_Extensions.C1.Sequence>
      </extensionContainer.Sequence></ReleaseResourcesRes.Sequence>
</ASN>