<?xml version="1.0" encoding="ISO-8859-15"?>

<ASN layer="CAP">
   <ReleaseCallArg.Choice>
      <allCallSegments.BoxedType><Cause.BoxedType><Bytes>f24bbc
               <field name="ext1" value="last octet:1" type="EnumLong" lengthBit="1"/>
               <field name="Coding standard" value="Standard specific to identified location (see Note):3" type="EnumLong" lengthBit="2"/>
               <field name="Spare" value="1" type="Integer" lengthBit="1"/>
               <field name="Location" value="public network serving the local user (LN):2" type="EnumLong" lengthBit="4"/>
               <field name="ext3" value="continue:0" type="EnumLong" lengthBit="1"/>
               <field name="Cause value" value="75" type="EnumLong" lengthBit="7"/>
               <field name="Diagnostics" value="bc" type="Binary" length="1"/>
            </Bytes></Cause.BoxedType></allCallSegments.BoxedType>
      <allCallSegmentsWithExtension.C2.Sequence>
         <allCallSegments.C0.BoxedType><Cause.BoxedType><Bytes>23c662
                  <field name="ext1" value="continue:0" type="EnumLong" lengthBit="1"/>
                  <field name="Coding standard" value="ISO/IEC Standard (see Note):1" type="EnumLong" lengthBit="2"/>
                  <field name="Spare" value="0" type="Integer" lengthBit="1"/>
                  <field name="Location" value="transit network (TN):3" type="EnumLong" lengthBit="4"/>
                  <field name="ext3" value="last octet:1" type="EnumLong" lengthBit="1"/>
                  <field name="Cause value" value="Class 100 service or option not implemented : Only restricted digital information bearer capability is available:70" type="EnumLong" lengthBit="7"/>
                  <field name="Diagnostics" value="62" type="Binary" length="1"/>
               </Bytes></Cause.BoxedType></allCallSegments.C0.BoxedType>
         <extensions.C1.BoxedType>
            <Collection>
               <ExtensionField.Sequence>
                  <type.Choice>
                     <local>3646566708</local>
                     <global><ObjectIdentifier>0.1.299.29.92</ObjectIdentifier></global>
                  </type.Choice>
                  <criticality.nulld.Enum>
                     <EnumType>abort.1</EnumType>
                  </criticality.nulld.Enum>
                  <NullObject.C1></NullObject.C1>
               </ExtensionField.Sequence>
               <ExtensionField.Sequence>
                  <type.Choice>
                     <local>2054988103</local>
                     <global><ObjectIdentifier>0.1.274</ObjectIdentifier></global>
                  </type.Choice>
                  <criticality.nulld.Enum>
                     <EnumType>ignore.0</EnumType>
                  </criticality.nulld.Enum>
                  <NullObject.C1></NullObject.C1>
               </ExtensionField.Sequence>
               <ExtensionField.Sequence>
                  <type.Choice>
                     <local>2344035650</local>
                     <global><ObjectIdentifier>0.1.2125.2.62.103</ObjectIdentifier></global>
                  </type.Choice>
                  <criticality.nulld.Enum>
                     <EnumType>ignore.0</EnumType>
                  </criticality.nulld.Enum>
                  <NullObject.C1></NullObject.C1>
               </ExtensionField.Sequence>
            </Collection>
         </extensions.C1.BoxedType>
      </allCallSegmentsWithExtension.C2.Sequence>
   </ReleaseCallArg.Choice>
</ASN>