<?xml version="1.0" encoding="ISO-8859-15"?>

<ASN layer="CAP">
   <ReleaseResourcesArg.Sequence>
      <msrn.BoxedType><AddressString.BoxedType><Bytes>3c2127545641
               <field name="extension" value="extension:0" type="EnumLong" lengthBit="1"/>
               <field name="nature of address" value="network specific number:3" type="EnumLong" lengthBit="3"/>
               <field name="numbering plan" value="12" type="EnumLong" lengthBit="4"/>
               <field name="digits" value="1272456514" type="Number_BCD" length="10"/>
            </Bytes></AddressString.BoxedType></msrn.BoxedType>
      <extensionContainer.Sequence>
         <privateExtensionList.C0.BoxedType>
            <Collection>
               <PrivateExtension.Sequence>
                  <extId><ObjectIdentifier>0.1.227.99.9</ObjectIdentifier></extId>
                  <extType>2522bd78753d2a26</extType>
               </PrivateExtension.Sequence>
               <PrivateExtension.Sequence>
                  <extId><ObjectIdentifier>0.1.227.62.27.71.15.114.1.54.21.23</ObjectIdentifier></extId>
                  <extType>fe6f</extType>
               </PrivateExtension.Sequence>
               <PrivateExtension.Sequence>
                  <extId><ObjectIdentifier>0.1.236.3.118.68.72.64.115.64.122</ObjectIdentifier></extId>
                  <extType>8cbd59649193f74184</extType>
               </PrivateExtension.Sequence>
            </Collection>
         </privateExtensionList.C0.BoxedType>
         <pcs_Extensions.C1.Sequence>
            
         </pcs_Extensions.C1.Sequence>
      </extensionContainer.Sequence>
   </ReleaseResourcesArg.Sequence>
</ASN>