<?xml version="1.0" encoding="ISO-8859-15"?>

<ASN layer="CAP">
   <RelocationNumber.Sequence>
      <handoverNumber.BoxedType><AddressString.BoxedType><Bytes>9349330392f4
               <field name="extension" value="no extension:1" type="EnumLong" lengthBit="1"/>
               <field name="nature of address" value="international number:1" type="EnumLong" lengthBit="3"/>
               <field name="numbering plan" value="data numbering plan (ITU-T Rec X.121):3" type="EnumLong" lengthBit="4"/>
               <field name="digits" value="943330294" type="Number_BCD" length="9"/>
            </Bytes></AddressString.BoxedType></handoverNumber.BoxedType>
      <rab_Id.BoxedType><Integer>0</Integer></rab_Id.BoxedType>
   </RelocationNumber.Sequence>
</ASN>