<?xml version="1.0" encoding="ISO-8859-15"?>

<ASN layer="CAP">
   <RemoteUserFreeArg.Sequence>
      <imsi.C0.BoxedType><TBCD_STRING.BoxedType><Bytes>1230906440
               <field name="digits" value="2103094604" type="Number_BCD" length="10"/>
            </Bytes></TBCD_STRING.BoxedType></imsi.C0.BoxedType>
      <callInfo.C1.Sequence>
         <protocolId.Enum>
            <EnumType>ets_300102_1.4</EnumType>
         </protocolId.Enum>
         <signalInfo.BoxedType><Bytes>8f08041b25</Bytes></signalInfo.BoxedType>
         <extensionContainer.Sequence>
            <privateExtensionList.C0.BoxedType>
               <Collection>
                  <PrivateExtension.Sequence>
                     <extId><ObjectIdentifier>0.1.2117</ObjectIdentifier></extId>
                     <extType>28ec</extType>
                  </PrivateExtension.Sequence>
                  <PrivateExtension.Sequence>
                     <extId><ObjectIdentifier>0.1.21.104.9.36.1</ObjectIdentifier></extId>
                     <extType>114dcae43ef7</extType>
                  </PrivateExtension.Sequence>
                  <PrivateExtension.Sequence>
                     <extId><ObjectIdentifier>0.1.226.78.27.40.75.57.15.60</ObjectIdentifier></extId>
                     <extType>aa4d3853606c6e5e90</extType>
                  </PrivateExtension.Sequence>
               </Collection>
            </privateExtensionList.C0.BoxedType>
            <pcs_Extensions.C1.Sequence>
               
            </pcs_Extensions.C1.Sequence>
         </extensionContainer.Sequence>
      </callInfo.C1.Sequence>
      <ccbs_Feature.C2.Sequence>
         <ccbs_Index.C0.BoxedType><Integer>1</Integer></ccbs_Index.C0.BoxedType>
         <b_subscriberNumber.C1.BoxedType><AddressString.BoxedType><Bytes>be6172222829
                  <field name="extension" value="no extension:1" type="EnumLong" lengthBit="1"/>
                  <field name="nature of address" value="network specific number:3" type="EnumLong" lengthBit="3"/>
                  <field name="numbering plan" value="14" type="EnumLong" lengthBit="4"/>
                  <field name="digits" value="1627228292" type="Number_BCD" length="10"/>
               </Bytes></AddressString.BoxedType></b_subscriberNumber.C1.BoxedType>
         <b_subscriberSubaddress.C2.BoxedType><Bytes>96037114a76611</Bytes></b_subscriberSubaddress.C2.BoxedType>
         <basicServiceGroup.C3.Choice>
            <bearerService.C2.BoxedType><Bytes>ab1a1746067195</Bytes></bearerService.C2.BoxedType>
            <teleservice.C3.BoxedType><Bytes>6e2d04c4</Bytes></teleservice.C3.BoxedType>
         </basicServiceGroup.C3.Choice>
      </ccbs_Feature.C2.Sequence>
      <translatedB_Number.C3.BoxedType><AddressString.BoxedType><Bytes>601196355911
               <field name="extension" value="extension:0" type="EnumLong" lengthBit="1"/>
               <field name="nature of address" value="abbreviated number:6" type="EnumLong" lengthBit="3"/>
               <field name="numbering plan" value="unknown:0" type="EnumLong" lengthBit="4"/>
               <field name="digits" value="1169539511" type="Number_BCD" length="10"/>
            </Bytes></AddressString.BoxedType></translatedB_Number.C3.BoxedType>
      <replaceB_Number.C4></replaceB_Number.C4>
      <alertingPattern.C5.BoxedType><Bytes>c0</Bytes></alertingPattern.C5.BoxedType>
      <extensionContainer.C6.Sequence>
         <privateExtensionList.C0.BoxedType>
            <Collection>
               <PrivateExtension.Sequence>
                  <extId><ObjectIdentifier>0.1.240.13.12.104.122</ObjectIdentifier></extId>
                  <extType>ac0b</extType>
               </PrivateExtension.Sequence>
               <PrivateExtension.Sequence>
                  <extId><ObjectIdentifier>0.1.240.31.6.77.17.56.31.36.87</ObjectIdentifier></extId>
                  <extType>fff8d0746b3bbfe6</extType>
               </PrivateExtension.Sequence>
               <PrivateExtension.Sequence>
                  <extId><ObjectIdentifier>0.1.2</ObjectIdentifier></extId>
                  <extType>ee44e5d0ba9f417b36f7</extType>
               </PrivateExtension.Sequence>
            </Collection>
         </privateExtensionList.C0.BoxedType>
         <pcs_Extensions.C1.Sequence>
            
         </pcs_Extensions.C1.Sequence>
      </extensionContainer.C6.Sequence>
   </RemoteUserFreeArg.Sequence>
</ASN>