<?xml version="1.0" encoding="ISO-8859-15"?>

<ASN layer="CAP">
   <RemoteUserFreeRes.Sequence>
      <ruf_Outcome.C0.Enum>
         <EnumType>noResponseFromFreeMS.2</EnumType>
      </ruf_Outcome.C0.Enum>
      <extensionContainer.C1.Sequence>
         <privateExtensionList.C0.BoxedType>
            <Collection>
               <PrivateExtension.Sequence>
                  <extId><ObjectIdentifier>0.1.29.107</ObjectIdentifier></extId>
                  <extType>e700</extType>
               </PrivateExtension.Sequence>
               <PrivateExtension.Sequence>
                  <extId><ObjectIdentifier>0.1.2105.58.105.104.10.123.100.19</ObjectIdentifier></extId>
                  <extType>3799c99da5</extType>
               </PrivateExtension.Sequence>
               <PrivateExtension.Sequence>
                  <extId><ObjectIdentifier>0.1.295.114.74.5.97</ObjectIdentifier></extId>
                  <extType>01</extType>
               </PrivateExtension.Sequence>
            </Collection>
         </privateExtensionList.C0.BoxedType>
         <pcs_Extensions.C1.Sequence>
            
         </pcs_Extensions.C1.Sequence>
      </extensionContainer.C1.Sequence>
   </RemoteUserFreeRes.Sequence>
</ASN>