<?xml version="1.0" encoding="ISO-8859-15"?>

<ASN layer="CAP">
   <ReportSM_DeliveryStatusArg.Sequence>
      <msisdn.BoxedType><AddressString.BoxedType><Bytes>592143291852
               <field name="extension" value="extension:0" type="EnumLong" lengthBit="1"/>
               <field name="nature of address" value="reserved:5" type="EnumLong" lengthBit="3"/>
               <field name="numbering plan" value="private numbering plan:9" type="EnumLong" lengthBit="4"/>
               <field name="digits" value="1234928125" type="Number_BCD" length="10"/>
            </Bytes></AddressString.BoxedType></msisdn.BoxedType>
      <serviceCentreAddress.BoxedType><Bytes>f87171595081
            <field name="extension" value="no extension:1" type="EnumLong" lengthBit="1"/>
            <field name="nature of address" value="reserved for extension:7" type="EnumLong" lengthBit="3"/>
            <field name="numbering plan" value="national numbering plan:8" type="EnumLong" lengthBit="4"/>
            <field name="digits" value="1717950518" type="Number_BCD" length="10"/>
         </Bytes></serviceCentreAddress.BoxedType>
      <sm_DeliveryOutcome.Enum>
         <EnumType>memoryCapacityExceeded.0</EnumType>
      </sm_DeliveryOutcome.Enum>
      <absentSubscriberDiagnosticSM.C0.BoxedType><Integer>no paging response via the MSC:0</Integer></absentSubscriberDiagnosticSM.C0.BoxedType>
      <extensionContainer.C1.Sequence>
         <privateExtensionList.C0.BoxedType>
            <Collection>
               <PrivateExtension.Sequence>
                  <extId><ObjectIdentifier>0.1.261.96.96.114.8.20.124.22</ObjectIdentifier></extId>
                  <extType>8af307276b0f5bb2</extType>
               </PrivateExtension.Sequence>
               <PrivateExtension.Sequence>
                  <extId><ObjectIdentifier>0.1.27.56.13</ObjectIdentifier></extId>
                  <extType>1dd358387e2546fb02</extType>
               </PrivateExtension.Sequence>
               <PrivateExtension.Sequence>
                  <extId><ObjectIdentifier>0.1.2120.48.74.53.96</ObjectIdentifier></extId>
                  <extType>e7</extType>
               </PrivateExtension.Sequence>
            </Collection>
         </privateExtensionList.C0.BoxedType>
         <pcs_Extensions.C1.Sequence>
            
         </pcs_Extensions.C1.Sequence>
      </extensionContainer.C1.Sequence>
      <gprsSupportIndicator.C2></gprsSupportIndicator.C2>
      <deliveryOutcomeIndicator.C3></deliveryOutcomeIndicator.C3>
      <additionalSM_DeliveryOutcome.C4.Enum>
         <EnumType>absentSubscriber.1</EnumType>
      </additionalSM_DeliveryOutcome.C4.Enum>
      <additionalAbsentSubscriberDiagnosticSM.C5.BoxedType><Integer>roaming restriction:2</Integer></additionalAbsentSubscriberDiagnosticSM.C5.BoxedType>
      <ip_sm_gw_Indicator.C6></ip_sm_gw_Indicator.C6>
      <ip_sm_gw_sm_deliveryOutcome.C7.Enum>
         <EnumType>memoryCapacityExceeded.0</EnumType>
      </ip_sm_gw_sm_deliveryOutcome.C7.Enum>
      <ip_sm_gw_absentSubscriberDiagnosticSM.C8.BoxedType><Integer>no paging response via the MSC:0</Integer></ip_sm_gw_absentSubscriberDiagnosticSM.C8.BoxedType>
      <imsi.C9.BoxedType><TBCD_STRING.BoxedType><Bytes>7197577852
               <field name="digits" value="1779758725" type="Number_BCD" length="10"/>
            </Bytes></TBCD_STRING.BoxedType></imsi.C9.BoxedType>
      <singleAttemptDelivery.C10></singleAttemptDelivery.C10>
      <correlationID.C11.BoxedType><Digits.BoxedType><Bytes>8a9c31</Bytes></Digits.BoxedType></correlationID.C11.BoxedType>
   </ReportSM_DeliveryStatusArg.Sequence>
</ASN>