<?xml version="1.0" encoding="ISO-8859-15"?>

<ASN layer="CAP">
   <ReportSM_DeliveryStatusRes.Sequence>
      <storedMSISDN.BoxedType><AddressString.BoxedType><Bytes>785187277244
               <field name="extension" value="extension:0" type="EnumLong" lengthBit="1"/>
               <field name="nature of address" value="reserved for extension:7" type="EnumLong" lengthBit="3"/>
               <field name="numbering plan" value="national numbering plan:8" type="EnumLong" lengthBit="4"/>
               <field name="digits" value="1578722744" type="Number_BCD" length="10"/>
            </Bytes></AddressString.BoxedType></storedMSISDN.BoxedType>
      <extensionContainer.Sequence>
         <privateExtensionList.C0.BoxedType>
            <Collection>
               <PrivateExtension.Sequence>
                  <extId><ObjectIdentifier>0.1.2102.98.98</ObjectIdentifier></extId>
                  <extType>be94</extType>
               </PrivateExtension.Sequence>
               <PrivateExtension.Sequence>
                  <extId><ObjectIdentifier>0.1.2120.67</ObjectIdentifier></extId>
                  <extType>33b827595866</extType>
               </PrivateExtension.Sequence>
               <PrivateExtension.Sequence>
                  <extId><ObjectIdentifier>0.1.2</ObjectIdentifier></extId>
                  <extType>f32a855601f5</extType>
               </PrivateExtension.Sequence>
            </Collection>
         </privateExtensionList.C0.BoxedType>
         <pcs_Extensions.C1.Sequence>
            
         </pcs_Extensions.C1.Sequence>
      </extensionContainer.Sequence>
   </ReportSM_DeliveryStatusRes.Sequence>
</ASN>