<?xml version="1.0" encoding="ISO-8859-15"?>

<ASN layer="CAP">
   <RequestReportSMSEventArg.Sequence>
      
      <Collection>
         <sMSEvents.C0.Sequence>
            <eventTypeSMS.C0.Enum>
               <EnumType>sms_DeliveryRequested.11</EnumType>
            </eventTypeSMS.C0.Enum>
            <monitorMode.C1.Enum>
               <EnumType>interrupted.0</EnumType>
            </monitorMode.C1.Enum>
         </sMSEvents.C0.Sequence>
         <sMSEvents.C0.Sequence>
            <eventTypeSMS.C0.Enum>
               <EnumType>t_smsDelivery.13</EnumType>
            </eventTypeSMS.C0.Enum>
            <monitorMode.C1.Enum>
               <EnumType>notifyAndContinue.1</EnumType>
            </monitorMode.C1.Enum>
         </sMSEvents.C0.Sequence>
         <sMSEvents.C0.Sequence>
            <eventTypeSMS.C0.Enum>
               <EnumType>o_smsFailure.2</EnumType>
            </eventTypeSMS.C0.Enum>
            <monitorMode.C1.Enum>
               <EnumType>notifyAndContinue.1</EnumType>
            </monitorMode.C1.Enum>
         </sMSEvents.C0.Sequence>
      </Collection>
   
      <extensions.C10.BoxedType>
         <Collection>
            <ExtensionField.Sequence>
               <type.Choice>
                  <local>2520365199</local>
                  <global><ObjectIdentifier>0.1.256.24.3.69.65.112</ObjectIdentifier></global>
               </type.Choice>
               <criticality.nulld.Enum>
                  <EnumType>ignore.0</EnumType>
               </criticality.nulld.Enum>
               <NullObject.C1></NullObject.C1>
            </ExtensionField.Sequence>
            <ExtensionField.Sequence>
               <type.Choice>
                  <local>3331520691</local>
                  <global><ObjectIdentifier>0.1.291.38.32</ObjectIdentifier></global>
               </type.Choice>
               <criticality.nulld.Enum>
                  <EnumType>ignore.0</EnumType>
               </criticality.nulld.Enum>
               <NullObject.C1></NullObject.C1>
            </ExtensionField.Sequence>
            <ExtensionField.Sequence>
               <type.Choice>
                  <local>18983327</local>
                  <global><ObjectIdentifier>0.1.2113.13.76.42.73.75</ObjectIdentifier></global>
               </type.Choice>
               <criticality.nulld.Enum>
                  <EnumType>abort.1</EnumType>
               </criticality.nulld.Enum>
               <NullObject.C1></NullObject.C1>
            </ExtensionField.Sequence>
         </Collection>
      </extensions.C10.BoxedType>
   </RequestReportSMSEventArg.Sequence>
</ASN>