<?xml version="1.0" encoding="ISO-8859-15"?>

<ASN layer="CAP">
   <RequestReportBCSMEventArg.Sequence>
      
      <Collection>
         <bcsmEvents.C0.Sequence>
            <eventTypeBCSM.C0.Enum>
               <EnumType>tMidCall.16</EnumType>
            </eventTypeBCSM.C0.Enum>
            <monitorMode.C1.Enum>
               <EnumType>interrupted.0</EnumType>
            </monitorMode.C1.Enum>
            <legID.C2.Choice>
               <sendingSideID.C0.BoxedType><Bytes>01
                     <field name="LegType" value="leg1 LegType:1" type="EnumLong" length="1"/>
                  </Bytes></sendingSideID.C0.BoxedType>
               <receivingSideID.C1.BoxedType><Bytes>12
                     <field name="LegType" value="18" type="EnumLong" length="1"/>
                  </Bytes></receivingSideID.C1.BoxedType>
            </legID.C2.Choice>
            <dpSpecificCriteria.C30.Choice>
               <applicationTimer.C1.BoxedType><Integer>2</Integer></applicationTimer.C1.BoxedType>
               <midCallControlInfo.C2.Sequence>
                  <minimumNumberOfDigits.C0d>1</minimumNumberOfDigits.C0d>
                  <maximumNumberOfDigits.C1d>0</maximumNumberOfDigits.C1d>
                  <endOfReplyDigit.C2>ee8c</endOfReplyDigit.C2>
                  <cancelDigit.C3>32d7eb4f7851b37c19</cancelDigit.C3>
                  <startDigit.C4>a55085</startDigit.C4>
                  <interDigitTimeout.C6d>1</interDigitTimeout.C6d>
               </midCallControlInfo.C2.Sequence>
               <dpSpecificCriteriaAlt.C3.Sequence>
                  <changeOfPositionControlInfo.C0.BoxedType>
                     <Collection>
                        <ChangeOfLocation.Choice>
                           <cellGlobalId.C0.BoxedType><Bytes>2295916e853ade
                                 <field name="MMC" value="225,199" type="NumberMMC" length="3"/>
                                 <field name="LAC" value="28293" type="Integer" length="2"/>
                                 <field name="CI_SAC" value="15070" type="Integer" length="2"/>
                              </Bytes></cellGlobalId.C0.BoxedType>
                           <serviceAreaId.C1.BoxedType><Bytes>714531e4d0c6c1
                                 <field name="MMC" value="175,134" type="NumberMMC" length="3"/>
                                 <field name="LAC" value="58576" type="Integer" length="2"/>
                                 <field name="CI_SAC" value="50881" type="Integer" length="2"/>
                              </Bytes></serviceAreaId.C1.BoxedType>
                           <locationAreaId.C2.BoxedType><Bytes>325112cfd2
                                 <field name="MMC" value="231,215" type="NumberMMC" length="3"/>
                                 <field name="LAC" value="53202" type="Integer" length="2"/>
                              </Bytes></locationAreaId.C2.BoxedType>
                           <inter_SystemHandOver.C3></inter_SystemHandOver.C3>
                           <inter_PLMNHandOver.C4></inter_PLMNHandOver.C4>
                           <inter_MSCHandOver.C5></inter_MSCHandOver.C5>
                           <changeOfLocationAlt.C6.Sequence>
                              
                           </changeOfLocationAlt.C6.Sequence>
                        </ChangeOfLocation.Choice>
                        <ChangeOfLocation.Choice>
                           <cellGlobalId.C0.BoxedType><Bytes>1279018a101fa7
                                 <field name="MMC" value="219,107" type="NumberMMC" length="3"/>
                                 <field name="LAC" value="35344" type="Integer" length="2"/>
                                 <field name="CI_SAC" value="8103" type="Integer" length="2"/>
                              </Bytes></cellGlobalId.C0.BoxedType>
                           <serviceAreaId.C1.BoxedType><Bytes>02f7578ab36b14
                                 <field name="MMC" value="207,75" type="NumberMMC" length="3"/>
                                 <field name="LAC" value="35507" type="Integer" length="2"/>
                                 <field name="CI_SAC" value="27412" type="Integer" length="2"/>
                              </Bytes></serviceAreaId.C1.BoxedType>
                           <locationAreaId.C2.BoxedType><Bytes>2229413872
                                 <field name="MMC" value="229,142" type="NumberMMC" length="3"/>
                                 <field name="LAC" value="14450" type="Integer" length="2"/>
                              </Bytes></locationAreaId.C2.BoxedType>
                           <inter_SystemHandOver.C3></inter_SystemHandOver.C3>
                           <inter_PLMNHandOver.C4></inter_PLMNHandOver.C4>
                           <inter_MSCHandOver.C5></inter_MSCHandOver.C5>
                           <changeOfLocationAlt.C6.Sequence>
                              
                           </changeOfLocationAlt.C6.Sequence>
                        </ChangeOfLocation.Choice>
                        <ChangeOfLocation.Choice>
                           <cellGlobalId.C0.BoxedType><Bytes>2105517a9e54c0
                                 <field name="MMC" value="125,150" type="NumberMMC" length="3"/>
                                 <field name="LAC" value="31390" type="Integer" length="2"/>
                                 <field name="CI_SAC" value="21696" type="Integer" length="2"/>
                              </Bytes></cellGlobalId.C0.BoxedType>
                           <serviceAreaId.C1.BoxedType><Bytes>615341f84abbc2
                                 <field name="MMC" value="163,145" type="NumberMMC" length="3"/>
                                 <field name="LAC" value="63562" type="Integer" length="2"/>
                                 <field name="CI_SAC" value="48066" type="Integer" length="2"/>
                              </Bytes></serviceAreaId.C1.BoxedType>
                           <locationAreaId.C2.BoxedType><Bytes>011242ad63
                                 <field name="MMC" value="102,241" type="NumberMMC" length="3"/>
                                 <field name="LAC" value="44387" type="Integer" length="2"/>
                              </Bytes></locationAreaId.C2.BoxedType>
                           <inter_SystemHandOver.C3></inter_SystemHandOver.C3>
                           <inter_PLMNHandOver.C4></inter_PLMNHandOver.C4>
                           <inter_MSCHandOver.C5></inter_MSCHandOver.C5>
                           <changeOfLocationAlt.C6.Sequence>
                              
                           </changeOfLocationAlt.C6.Sequence>
                        </ChangeOfLocation.Choice>
                     </Collection>
                  </changeOfPositionControlInfo.C0.BoxedType>
                  <numberOfDigits.C1.BoxedType><Integer>1</Integer></numberOfDigits.C1.BoxedType>
                  <interDigitTimeout.C2>1</interDigitTimeout.C2>
               </dpSpecificCriteriaAlt.C3.Sequence>
            </dpSpecificCriteria.C30.Choice>
            <automaticRearm.C50></automaticRearm.C50>
         </bcsmEvents.C0.Sequence>
         <bcsmEvents.C0.Sequence>
            <eventTypeBCSM.C0.Enum>
               <EnumType>tAbandon.18</EnumType>
            </eventTypeBCSM.C0.Enum>
            <monitorMode.C1.Enum>
               <EnumType>notifyAndContinue.1</EnumType>
            </monitorMode.C1.Enum>
            <legID.C2.Choice>
               <sendingSideID.C0.BoxedType><Bytes>56
                     <field name="LegType" value="86" type="EnumLong" length="1"/>
                  </Bytes></sendingSideID.C0.BoxedType>
               <receivingSideID.C1.BoxedType><Bytes>01
                     <field name="LegType" value="leg1 LegType:1" type="EnumLong" length="1"/>
                  </Bytes></receivingSideID.C1.BoxedType>
            </legID.C2.Choice>
            <dpSpecificCriteria.C30.Choice>
               <applicationTimer.C1.BoxedType><Integer>0</Integer></applicationTimer.C1.BoxedType>
               <midCallControlInfo.C2.Sequence>
                  <minimumNumberOfDigits.C0d>2</minimumNumberOfDigits.C0d>
                  <maximumNumberOfDigits.C1d>1</maximumNumberOfDigits.C1d>
                  <endOfReplyDigit.C2>5a921ec9913e54</endOfReplyDigit.C2>
                  <cancelDigit.C3>438290a7f7bb</cancelDigit.C3>
                  <startDigit.C4>2e</startDigit.C4>
                  <interDigitTimeout.C6d>0</interDigitTimeout.C6d>
               </midCallControlInfo.C2.Sequence>
               <dpSpecificCriteriaAlt.C3.Sequence>
                  <changeOfPositionControlInfo.C0.BoxedType>
                     <Collection>
                        <ChangeOfLocation.Choice>
                           <cellGlobalId.C0.BoxedType><Bytes>42f424021c3391
                                 <field name="MMC" value="244,42" type="NumberMMC" length="3"/>
                                 <field name="LAC" value="540" type="Integer" length="2"/>
                                 <field name="CI_SAC" value="13201" type="Integer" length="2"/>
                              </Bytes></cellGlobalId.C0.BoxedType>
                           <serviceAreaId.C1.BoxedType><Bytes>9102529b9eec46
                                 <field name="MMC" value="192,250" type="NumberMMC" length="3"/>
                                 <field name="LAC" value="39838" type="Integer" length="2"/>
                                 <field name="CI_SAC" value="60486" type="Integer" length="2"/>
                              </Bytes></serviceAreaId.C1.BoxedType>
                           <locationAreaId.C2.BoxedType><Bytes>51f296caf2
                                 <field name="MMC" value="152,69" type="NumberMMC" length="3"/>
                                 <field name="LAC" value="51954" type="Integer" length="2"/>
                              </Bytes></locationAreaId.C2.BoxedType>
                           <inter_SystemHandOver.C3></inter_SystemHandOver.C3>
                           <inter_PLMNHandOver.C4></inter_PLMNHandOver.C4>
                           <inter_MSCHandOver.C5></inter_MSCHandOver.C5>
                           <changeOfLocationAlt.C6.Sequence>
                              
                           </changeOfLocationAlt.C6.Sequence>
                        </ChangeOfLocation.Choice>
                        <ChangeOfLocation.Choice>
                           <cellGlobalId.C0.BoxedType><Bytes>01f3625e51e5b5
                                 <field name="MMC" value="103,26" type="NumberMMC" length="3"/>
                                 <field name="LAC" value="24145" type="Integer" length="2"/>
                                 <field name="CI_SAC" value="58805" type="Integer" length="2"/>
                              </Bytes></cellGlobalId.C0.BoxedType>
                           <serviceAreaId.C1.BoxedType><Bytes>51254265151d61
                                 <field name="MMC" value="155,242" type="NumberMMC" length="3"/>
                                 <field name="LAC" value="25877" type="Integer" length="2"/>
                                 <field name="CI_SAC" value="7521" type="Integer" length="2"/>
                              </Bytes></serviceAreaId.C1.BoxedType>
                           <locationAreaId.C2.BoxedType><Bytes>412711ab53
                                 <field name="MMC" value="147,112" type="NumberMMC" length="3"/>
                                 <field name="LAC" value="43859" type="Integer" length="2"/>
                              </Bytes></locationAreaId.C2.BoxedType>
                           <inter_SystemHandOver.C3></inter_SystemHandOver.C3>
                           <inter_PLMNHandOver.C4></inter_PLMNHandOver.C4>
                           <inter_MSCHandOver.C5></inter_MSCHandOver.C5>
                           <changeOfLocationAlt.C6.Sequence>
                              
                           </changeOfLocationAlt.C6.Sequence>
                        </ChangeOfLocation.Choice>
                        <ChangeOfLocation.Choice>
                           <cellGlobalId.C0.BoxedType><Bytes>915281fda3490c
                                 <field name="MMC" value="192,185" type="NumberMMC" length="3"/>
                                 <field name="LAC" value="64931" type="Integer" length="2"/>
                                 <field name="CI_SAC" value="18700" type="Integer" length="2"/>
                              </Bytes></cellGlobalId.C0.BoxedType>
                           <serviceAreaId.C1.BoxedType><Bytes>02f09327a34085
                                 <field name="MMC" value="200,39" type="NumberMMC" length="3"/>
                                 <field name="LAC" value="10147" type="Integer" length="2"/>
                                 <field name="CI_SAC" value="16517" type="Integer" length="2"/>
                              </Bytes></serviceAreaId.C1.BoxedType>
                           <locationAreaId.C2.BoxedType><Bytes>32f018e8d5
                                 <field name="MMC" value="230,81" type="NumberMMC" length="3"/>
                                 <field name="LAC" value="59605" type="Integer" length="2"/>
                              </Bytes></locationAreaId.C2.BoxedType>
                           <inter_SystemHandOver.C3></inter_SystemHandOver.C3>
                           <inter_PLMNHandOver.C4></inter_PLMNHandOver.C4>
                           <inter_MSCHandOver.C5></inter_MSCHandOver.C5>
                           <changeOfLocationAlt.C6.Sequence>
                              
                           </changeOfLocationAlt.C6.Sequence>
                        </ChangeOfLocation.Choice>
                     </Collection>
                  </changeOfPositionControlInfo.C0.BoxedType>
                  <numberOfDigits.C1.BoxedType><Integer>0</Integer></numberOfDigits.C1.BoxedType>
                  <interDigitTimeout.C2>1</interDigitTimeout.C2>
               </dpSpecificCriteriaAlt.C3.Sequence>
            </dpSpecificCriteria.C30.Choice>
            <automaticRearm.C50></automaticRearm.C50>
         </bcsmEvents.C0.Sequence>
         <bcsmEvents.C0.Sequence>
            <eventTypeBCSM.C0.Enum>
               <EnumType>tAnswer.15</EnumType>
            </eventTypeBCSM.C0.Enum>
            <monitorMode.C1.Enum>
               <EnumType>notifyAndContinue.1</EnumType>
            </monitorMode.C1.Enum>
            <legID.C2.Choice>
               <sendingSideID.C0.BoxedType><Bytes>01
                     <field name="LegType" value="leg1 LegType:1" type="EnumLong" length="1"/>
                  </Bytes></sendingSideID.C0.BoxedType>
               <receivingSideID.C1.BoxedType><Bytes>02
                     <field name="LegType" value="leg2 LegType:2" type="EnumLong" length="1"/>
                  </Bytes></receivingSideID.C1.BoxedType>
            </legID.C2.Choice>
            <dpSpecificCriteria.C30.Choice>
               <applicationTimer.C1.BoxedType><Integer>1</Integer></applicationTimer.C1.BoxedType>
               <midCallControlInfo.C2.Sequence>
                  <minimumNumberOfDigits.C0d>1</minimumNumberOfDigits.C0d>
                  <maximumNumberOfDigits.C1d>2</maximumNumberOfDigits.C1d>
                  <endOfReplyDigit.C2>fa25f4</endOfReplyDigit.C2>
                  <cancelDigit.C3>c792d289</cancelDigit.C3>
                  <startDigit.C4>0b8c07ddd4cae6</startDigit.C4>
                  <interDigitTimeout.C6d>0</interDigitTimeout.C6d>
               </midCallControlInfo.C2.Sequence>
               <dpSpecificCriteriaAlt.C3.Sequence>
                  <changeOfPositionControlInfo.C0.BoxedType>
                     <Collection>
                        <ChangeOfLocation.Choice>
                           <cellGlobalId.C0.BoxedType><Bytes>120421a4b98e3e
                                 <field name="MMC" value="214,120" type="NumberMMC" length="3"/>
                                 <field name="LAC" value="42169" type="Integer" length="2"/>
                                 <field name="CI_SAC" value="36414" type="Integer" length="2"/>
                              </Bytes></cellGlobalId.C0.BoxedType>
                           <serviceAreaId.C1.BoxedType><Bytes>318402fdedca88
                                 <field name="MMC" value="134,208" type="NumberMMC" length="3"/>
                                 <field name="LAC" value="65005" type="Integer" length="2"/>
                                 <field name="CI_SAC" value="51848" type="Integer" length="2"/>
                              </Bytes></serviceAreaId.C1.BoxedType>
                           <locationAreaId.C2.BoxedType><Bytes>01f543087c
                                 <field name="MMC" value="105,34" type="NumberMMC" length="3"/>
                                 <field name="LAC" value="2172" type="Integer" length="2"/>
                              </Bytes></locationAreaId.C2.BoxedType>
                           <inter_SystemHandOver.C3></inter_SystemHandOver.C3>
                           <inter_PLMNHandOver.C4></inter_PLMNHandOver.C4>
                           <inter_MSCHandOver.C5></inter_MSCHandOver.C5>
                           <changeOfLocationAlt.C6.Sequence>
                              
                           </changeOfLocationAlt.C6.Sequence>
                        </ChangeOfLocation.Choice>
                        <ChangeOfLocation.Choice>
                           <cellGlobalId.C0.BoxedType><Bytes>42f50281849bc5
                                 <field name="MMC" value="245,20" type="NumberMMC" length="3"/>
                                 <field name="LAC" value="33156" type="Integer" length="2"/>
                                 <field name="CI_SAC" value="39877" type="Integer" length="2"/>
                              </Bytes></cellGlobalId.C0.BoxedType>
                           <serviceAreaId.C1.BoxedType><Bytes>417821ff63a678
                                 <field name="MMC" value="148,127" type="NumberMMC" length="3"/>
                                 <field name="LAC" value="65379" type="Integer" length="2"/>
                                 <field name="CI_SAC" value="42616" type="Integer" length="2"/>
                              </Bytes></serviceAreaId.C1.BoxedType>
                           <locationAreaId.C2.BoxedType><Bytes>122312547a
                                 <field name="MMC" value="213,212" type="NumberMMC" length="3"/>
                                 <field name="LAC" value="21626" type="Integer" length="2"/>
                              </Bytes></locationAreaId.C2.BoxedType>
                           <inter_SystemHandOver.C3></inter_SystemHandOver.C3>
                           <inter_PLMNHandOver.C4></inter_PLMNHandOver.C4>
                           <inter_MSCHandOver.C5></inter_MSCHandOver.C5>
                           <changeOfLocationAlt.C6.Sequence>
                              
                           </changeOfLocationAlt.C6.Sequence>
                        </ChangeOfLocation.Choice>
                        <ChangeOfLocation.Choice>
                           <cellGlobalId.C0.BoxedType><Bytes>2106612fe1a921
                                 <field name="MMC" value="126,160" type="NumberMMC" length="3"/>
                                 <field name="LAC" value="12257" type="Integer" length="2"/>
                                 <field name="CI_SAC" value="43297" type="Integer" length="2"/>
                              </Bytes></cellGlobalId.C0.BoxedType>
                           <serviceAreaId.C1.BoxedType><Bytes>51f9920e2d509d
                                 <field name="MMC" value="159,29" type="NumberMMC" length="3"/>
                                 <field name="LAC" value="3629" type="Integer" length="2"/>
                                 <field name="CI_SAC" value="20637" type="Integer" length="2"/>
                              </Bytes></serviceAreaId.C1.BoxedType>
                           <locationAreaId.C2.BoxedType><Bytes>424181ac9d
                                 <field name="MMC" value="241,184" type="NumberMMC" length="3"/>
                                 <field name="LAC" value="44189" type="Integer" length="2"/>
                              </Bytes></locationAreaId.C2.BoxedType>
                           <inter_SystemHandOver.C3></inter_SystemHandOver.C3>
                           <inter_PLMNHandOver.C4></inter_PLMNHandOver.C4>
                           <inter_MSCHandOver.C5></inter_MSCHandOver.C5>
                           <changeOfLocationAlt.C6.Sequence>
                              
                           </changeOfLocationAlt.C6.Sequence>
                        </ChangeOfLocation.Choice>
                     </Collection>
                  </changeOfPositionControlInfo.C0.BoxedType>
                  <numberOfDigits.C1.BoxedType><Integer>2</Integer></numberOfDigits.C1.BoxedType>
                  <interDigitTimeout.C2>1</interDigitTimeout.C2>
               </dpSpecificCriteriaAlt.C3.Sequence>
            </dpSpecificCriteria.C30.Choice>
            <automaticRearm.C50></automaticRearm.C50>
         </bcsmEvents.C0.Sequence>
      </Collection>
   
      <extensions.C2.BoxedType>
         <Collection>
            <ExtensionField.Sequence>
               <type.Choice>
                  <local>2491804658</local>
                  <global><ObjectIdentifier>0.1.228.96.65.12.88.17.23.29.80</ObjectIdentifier></global>
               </type.Choice>
               <criticality.nulld.Enum>
                  <EnumType>ignore.0</EnumType>
               </criticality.nulld.Enum>
               <NullObject.C1></NullObject.C1>
            </ExtensionField.Sequence>
            <ExtensionField.Sequence>
               <type.Choice>
                  <local>217507873</local>
                  <global><ObjectIdentifier>0.1.22</ObjectIdentifier></global>
               </type.Choice>
               <criticality.nulld.Enum>
                  <EnumType>abort.1</EnumType>
               </criticality.nulld.Enum>
               <NullObject.C1></NullObject.C1>
            </ExtensionField.Sequence>
            <ExtensionField.Sequence>
               <type.Choice>
                  <local>1338585167</local>
                  <global><ObjectIdentifier>0.1.2122.101.41.64.85.105.22</ObjectIdentifier></global>
               </type.Choice>
               <criticality.nulld.Enum>
                  <EnumType>abort.1</EnumType>
               </criticality.nulld.Enum>
               <NullObject.C1></NullObject.C1>
            </ExtensionField.Sequence>
         </Collection>
      </extensions.C2.BoxedType>
   </RequestReportBCSMEventArg.Sequence>
</ASN>