<?xml version="1.0" encoding="ISO-8859-15"?>

<ASN layer="CAP">
   <RequestedInformation.Sequence>
      <requestedInformationType.C0.Enum>
         <EnumType>callConnectedElapsedTime.2</EnumType>
      </requestedInformationType.C0.Enum>
      <requestedInformationValue.C1.Choice>
         <callAttemptElapsedTimeValue.C0>1</callAttemptElapsedTimeValue.C0>
         <callStopTimeValue.C1.BoxedType><Bytes>1a2afdc8a2e9a49a</Bytes></callStopTimeValue.C1.BoxedType>
         <callConnectedElapsedTimeValue.C2.BoxedType><Integer>1</Integer></callConnectedElapsedTimeValue.C2.BoxedType>
         <releaseCauseValue.C30.BoxedType><Bytes>993592
               <field name="ext1" value="last octet:1" type="EnumLong" lengthBit="1"/>
               <field name="Coding standard" value="ITU-T standardized coding, as described below:0" type="EnumLong" lengthBit="2"/>
               <field name="Spare" value="1" type="Integer" lengthBit="1"/>
               <field name="Location" value="spare:9" type="EnumLong" lengthBit="4"/>
               <field name="ext3" value="continue:0" type="EnumLong" lengthBit="1"/>
               <field name="Cause value" value="Class 011 service or option not available : Outgoing calls barred within CUG:53" type="EnumLong" lengthBit="7"/>
               <field name="Diagnostics" value="92" type="Binary" length="1"/>
            </Bytes></releaseCauseValue.C30.BoxedType>
      </requestedInformationValue.C1.Choice>
   </RequestedInformation.Sequence>
</ASN>