<?xml version="1.0" encoding="ISO-8859-15"?>

<ASN layer="CAP">
   <ResetArg.Sequence>
      <sendingNodenumber.Choice>
         <hlr_Number.BoxedType><AddressString.BoxedType><Bytes>9373035512f8
                  <field name="extension" value="no extension:1" type="EnumLong" lengthBit="1"/>
                  <field name="nature of address" value="international number:1" type="EnumLong" lengthBit="3"/>
                  <field name="numbering plan" value="data numbering plan (ITU-T Rec X.121):3" type="EnumLong" lengthBit="4"/>
                  <field name="digits" value="373055218" type="Number_BCD" length="9"/>
               </Bytes></AddressString.BoxedType></hlr_Number.BoxedType>
         <css_Number.C1.BoxedType><AddressString.BoxedType><Bytes>b67192301331
                  <field name="extension" value="no extension:1" type="EnumLong" lengthBit="1"/>
                  <field name="nature of address" value="network specific number:3" type="EnumLong" lengthBit="3"/>
                  <field name="numbering plan" value="land mobile numbering plan (ITU-T Rec E.212):6" type="EnumLong" lengthBit="4"/>
                  <field name="digits" value="1729033113" type="Number_BCD" length="10"/>
               </Bytes></AddressString.BoxedType></css_Number.C1.BoxedType>
      </sendingNodenumber.Choice>
      <hlr_List.BoxedType>
         <Collection>
            <HLR_Id.BoxedType><IMSI.BoxedType><TBCD_STRING.BoxedType><Bytes>0284230746
                        <field name="digits" value="2048327064" type="Number_BCD" length="10"/>
                     </Bytes></TBCD_STRING.BoxedType></IMSI.BoxedType></HLR_Id.BoxedType>
            <HLR_Id.BoxedType><IMSI.BoxedType><TBCD_STRING.BoxedType><Bytes>52919077f9
                        <field name="digits" value="251909779" type="Number_BCD" length="9"/>
                     </Bytes></TBCD_STRING.BoxedType></IMSI.BoxedType></HLR_Id.BoxedType>
            <HLR_Id.BoxedType><IMSI.BoxedType><TBCD_STRING.BoxedType><Bytes>7184030626
                        <field name="digits" value="1748306062" type="Number_BCD" length="10"/>
                     </Bytes></TBCD_STRING.BoxedType></IMSI.BoxedType></HLR_Id.BoxedType>
         </Collection>
      </hlr_List.BoxedType>
      <extensionContainer.C0.Sequence>
         <privateExtensionList.C0.BoxedType>
            <Collection>
               <PrivateExtension.Sequence>
                  <extId><ObjectIdentifier>0.1.216.67.59.16.71.115.9</ObjectIdentifier></extId>
                  <extType>a400ab1de40d88</extType>
               </PrivateExtension.Sequence>
               <PrivateExtension.Sequence>
                  <extId><ObjectIdentifier>0.1.2121.91.48.74.66.26.100.35.54.19</ObjectIdentifier></extId>
                  <extType>9431</extType>
               </PrivateExtension.Sequence>
               <PrivateExtension.Sequence>
                  <extId><ObjectIdentifier>0.1.211</ObjectIdentifier></extId>
                  <extType>dac00f5464bf</extType>
               </PrivateExtension.Sequence>
            </Collection>
         </privateExtensionList.C0.BoxedType>
         <pcs_Extensions.C1.Sequence>
            
         </pcs_Extensions.C1.Sequence>
      </extensionContainer.C0.Sequence>
   </ResetArg.Sequence>
</ASN>