<?xml version="1.0" encoding="ISO-8859-15"?>

<ASN layer="CAP">
   <ResetTimerSMSArg.Sequence>
      <timerID.C0d.Enum>
         <EnumType>tssf.0</EnumType>
      </timerID.C0d.Enum>
      <timervalue.C1.BoxedType><Integer4.BoxedType><Integer>1</Integer></Integer4.BoxedType></timervalue.C1.BoxedType>
      <extensions.C2.BoxedType>
         <Collection>
            <ExtensionField.Sequence>
               <type.Choice>
                  <local>3369393946</local>
                  <global><ObjectIdentifier>0.1.215.101.1.94.3.47.102</ObjectIdentifier></global>
               </type.Choice>
               <criticality.nulld.Enum>
                  <EnumType>abort.1</EnumType>
               </criticality.nulld.Enum>
               <NullObject.C1></NullObject.C1>
            </ExtensionField.Sequence>
            <ExtensionField.Sequence>
               <type.Choice>
                  <local>4036485250</local>
                  <global><ObjectIdentifier>0.1.245.22.77.83.115.8.87.19.33</ObjectIdentifier></global>
               </type.Choice>
               <criticality.nulld.Enum>
                  <EnumType>abort.1</EnumType>
               </criticality.nulld.Enum>
               <NullObject.C1></NullObject.C1>
            </ExtensionField.Sequence>
            <ExtensionField.Sequence>
               <type.Choice>
                  <local>2643418632</local>
                  <global><ObjectIdentifier>0.1.2</ObjectIdentifier></global>
               </type.Choice>
               <criticality.nulld.Enum>
                  <EnumType>ignore.0</EnumType>
               </criticality.nulld.Enum>
               <NullObject.C1></NullObject.C1>
            </ExtensionField.Sequence>
         </Collection>
      </extensions.C2.BoxedType>
   </ResetTimerSMSArg.Sequence>
</ASN>