<?xml version="1.0" encoding="ISO-8859-15"?>

<ASN layer="CAP">
   <ResetTimerArg.Sequence>
      <timerID.C0d.Enum>
         <EnumType>tssf.0</EnumType>
      </timerID.C0d.Enum>
      <timervalue.C1.BoxedType><Integer4.BoxedType><Integer>2</Integer></Integer4.BoxedType></timervalue.C1.BoxedType>
      <extensions.C2.BoxedType>
         <Collection>
            <ExtensionField.Sequence>
               <type.Choice>
                  <local>2484430598</local>
                  <global><ObjectIdentifier>0.1.2</ObjectIdentifier></global>
               </type.Choice>
               <criticality.nulld.Enum>
                  <EnumType>ignore.0</EnumType>
               </criticality.nulld.Enum>
               <NullObject.C1></NullObject.C1>
            </ExtensionField.Sequence>
            <ExtensionField.Sequence>
               <type.Choice>
                  <local>1249706648</local>
                  <global><ObjectIdentifier>0.1.218.30.71.12.49.118.70.101.19.104</ObjectIdentifier></global>
               </type.Choice>
               <criticality.nulld.Enum>
                  <EnumType>abort.1</EnumType>
               </criticality.nulld.Enum>
               <NullObject.C1></NullObject.C1>
            </ExtensionField.Sequence>
            <ExtensionField.Sequence>
               <type.Choice>
                  <local>1552007145</local>
                  <global><ObjectIdentifier>0.1.260.58.82.13.56.85.10.9.105</ObjectIdentifier></global>
               </type.Choice>
               <criticality.nulld.Enum>
                  <EnumType>abort.1</EnumType>
               </criticality.nulld.Enum>
               <NullObject.C1></NullObject.C1>
            </ExtensionField.Sequence>
         </Collection>
      </extensions.C2.BoxedType>
      <callSegmentID.C3.BoxedType><Integer>2</Integer></callSegmentID.C3.BoxedType>
   </ResetTimerArg.Sequence>
</ASN>