<?xml version="1.0" encoding="ISO-8859-15"?>

<ASN layer="CAP">
   <ResourceLimitationParam.Sequence><extensionContainer.Sequence>
         <privateExtensionList.C0.BoxedType>
            <Collection>
               <PrivateExtension.Sequence>
                  <extId><ObjectIdentifier>0.1.2</ObjectIdentifier></extId>
                  <extType>7a013a62664994</extType>
               </PrivateExtension.Sequence>
               <PrivateExtension.Sequence>
                  <extId><ObjectIdentifier>0.1.272.123.19.107.11</ObjectIdentifier></extId>
                  <extType>cc0cc833</extType>
               </PrivateExtension.Sequence>
               <PrivateExtension.Sequence>
                  <extId><ObjectIdentifier>0.1.2124.52.79.123</ObjectIdentifier></extId>
                  <extType>8df059451eed</extType>
               </PrivateExtension.Sequence>
            </Collection>
         </privateExtensionList.C0.BoxedType>
         <pcs_Extensions.C1.Sequence>
            
         </pcs_Extensions.C1.Sequence>
      </extensionContainer.Sequence></ResourceLimitationParam.Sequence>
</ASN>