<?xml version="1.0" encoding="ISO-8859-15"?>

<ASN layer="CAP">
   <RestoreDataArg.Sequence>
      <imsi.BoxedType><TBCD_STRING.BoxedType><Bytes>4158448201
               <field name="digits" value="1485442810" type="Number_BCD" length="10"/>
            </Bytes></TBCD_STRING.BoxedType></imsi.BoxedType>
      <lmsi.BoxedType><Bytes>f4695035adae
            <field name="digits" value="f4695035adae" type="Binary" length="6"/>
         </Bytes></lmsi.BoxedType>
      <extensionContainer.Sequence>
         <privateExtensionList.C0.BoxedType>
            <Collection>
               <PrivateExtension.Sequence>
                  <extId><ObjectIdentifier>0.1.2</ObjectIdentifier></extId>
                  <extType>0616f98fe78eba62</extType>
               </PrivateExtension.Sequence>
               <PrivateExtension.Sequence>
                  <extId><ObjectIdentifier>0.1.2100.101</ObjectIdentifier></extId>
                  <extType>642b42895364</extType>
               </PrivateExtension.Sequence>
               <PrivateExtension.Sequence>
                  <extId><ObjectIdentifier>0.1.277</ObjectIdentifier></extId>
                  <extType>b285091e5020fd</extType>
               </PrivateExtension.Sequence>
            </Collection>
         </privateExtensionList.C0.BoxedType>
         <pcs_Extensions.C1.Sequence>
            
         </pcs_Extensions.C1.Sequence>
      </extensionContainer.Sequence>
      <vlr_Capability.C6.Sequence>
         <supportedCamelPhases.C0.BoxedType><BitString><BitString value="86a03ab4b2e10a1e022cdeda4a8bc5f3e2" trailing="0"/></BitString></supportedCamelPhases.C0.BoxedType>
         <extensionContainer.Sequence>
            <privateExtensionList.C0.BoxedType>
               <Collection>
                  <PrivateExtension.Sequence>
                     <extId><ObjectIdentifier>0.1.245.107.71.35.31</ObjectIdentifier></extId>
                     <extType>db</extType>
                  </PrivateExtension.Sequence>
                  <PrivateExtension.Sequence>
                     <extId><ObjectIdentifier>0.1.25.106.61</ObjectIdentifier></extId>
                     <extType>2bca46e7a813ed34f8</extType>
                  </PrivateExtension.Sequence>
                  <PrivateExtension.Sequence>
                     <extId><ObjectIdentifier>0.1.2117.89.73.0.12.57.36</ObjectIdentifier></extId>
                     <extType>29aca062b4ba4da3</extType>
                  </PrivateExtension.Sequence>
               </Collection>
            </privateExtensionList.C0.BoxedType>
            <pcs_Extensions.C1.Sequence>
               
            </pcs_Extensions.C1.Sequence>
         </extensionContainer.Sequence>
         <solsaSupportIndicator.C2></solsaSupportIndicator.C2>
         <istSupportIndicator.C1.Enum>
            <EnumType>basicISTSupported.0</EnumType>
         </istSupportIndicator.C1.Enum>
         <superChargerSupportedInServingNetworkEntity.C3.Choice>
            <sendSubscriberData.C0></sendSubscriberData.C0>
            <subscriberDataStored.C1.BoxedType><Bytes>f837</Bytes></subscriberDataStored.C1.BoxedType>
         </superChargerSupportedInServingNetworkEntity.C3.Choice>
         <longFTN_Supported.C4></longFTN_Supported.C4>
         <supportedLCS_CapabilitySets.C5.BoxedType><BitString><BitString value="1c98" trailing="0"/></BitString></supportedLCS_CapabilitySets.C5.BoxedType>
         <offeredCamel4CSIs.C6.BoxedType><BitString><BitString value="62f18d65" trailing="0"/></BitString></offeredCamel4CSIs.C6.BoxedType>
         <supportedRAT_TypesIndicator.C7.BoxedType><BitString><BitString value="82ebb526e4a93a0e27e077224d30f00a87ad1a" trailing="0"/></BitString></supportedRAT_TypesIndicator.C7.BoxedType>
         <longGroupID_Supported.C8></longGroupID_Supported.C8>
         <mtRoamingForwardingSupported.C9></mtRoamingForwardingSupported.C9>
         <msisdn_lessOperation_Supported.C10></msisdn_lessOperation_Supported.C10>
      </vlr_Capability.C6.Sequence>
      <restorationIndicator.C7></restorationIndicator.C7>
   </RestoreDataArg.Sequence>
</ASN>