<?xml version="1.0" encoding="ISO-8859-15"?>

<ASN layer="CAP">
   <RestoreDataRes.Sequence>
      <hlr_Number.BoxedType><AddressString.BoxedType><Bytes>a13146102658
               <field name="extension" value="no extension:1" type="EnumLong" lengthBit="1"/>
               <field name="nature of address" value="national significant number:2" type="EnumLong" lengthBit="3"/>
               <field name="numbering plan" value="ISDN/Telephony Numbering Plan (Rec ITU-T E.164):1" type="EnumLong" lengthBit="4"/>
               <field name="digits" value="1364016285" type="Number_BCD" length="10"/>
            </Bytes></AddressString.BoxedType></hlr_Number.BoxedType>
      <msNotReachable></msNotReachable>
      <extensionContainer.Sequence>
         <privateExtensionList.C0.BoxedType>
            <Collection>
               <PrivateExtension.Sequence>
                  <extId><ObjectIdentifier>0.1.231.60.48.112.41.127.4.26.51</ObjectIdentifier></extId>
                  <extType>92252f</extType>
               </PrivateExtension.Sequence>
               <PrivateExtension.Sequence>
                  <extId><ObjectIdentifier>0.1.233.20.20.56</ObjectIdentifier></extId>
                  <extType>df7c</extType>
               </PrivateExtension.Sequence>
               <PrivateExtension.Sequence>
                  <extId><ObjectIdentifier>0.1.25.3.111.9.114.87</ObjectIdentifier></extId>
                  <extType>f8bd7884f989235c</extType>
               </PrivateExtension.Sequence>
            </Collection>
         </privateExtensionList.C0.BoxedType>
         <pcs_Extensions.C1.Sequence>
            
         </pcs_Extensions.C1.Sequence>
      </extensionContainer.Sequence>
   </RestoreDataRes.Sequence>
</ASN>