<?xml version="1.0" encoding="ISO-8859-15"?>

<ASN layer="CAP">
   <ResumeCallHandlingArg.Sequence>
      <callReferenceNumber.C0.BoxedType><Bytes>f0774f2b</Bytes></callReferenceNumber.C0.BoxedType>
      <basicServiceGroup.C1.Choice>
         <ext_BearerService.C2.BoxedType><Bytes>662e5ae1c9a7556f</Bytes></ext_BearerService.C2.BoxedType>
         <ext_Teleservice.C3.BoxedType><Bytes>7f7837e6fb
               <field name="Code" value="127" type="EnumLong" length="1"/>
               <field name="Extension data" value="7837e6fb" type="Binary" length="4"/>
            </Bytes></ext_Teleservice.C3.BoxedType>
      </basicServiceGroup.C1.Choice>
      <forwardingData.C2.Sequence>
         <forwardedToNumber.C5.BoxedType><AddressString.BoxedType><Bytes>d669467142f4
                  <field name="extension" value="no extension:1" type="EnumLong" lengthBit="1"/>
                  <field name="nature of address" value="reserved:5" type="EnumLong" lengthBit="3"/>
                  <field name="numbering plan" value="land mobile numbering plan (ITU-T Rec E.212):6" type="EnumLong" lengthBit="4"/>
                  <field name="digits" value="966417244" type="Number_BCD" length="9"/>
               </Bytes></AddressString.BoxedType></forwardedToNumber.C5.BoxedType>
         <forwardedToSubaddress.C4.BoxedType><Bytes>bdc2aafdb1f6</Bytes></forwardedToSubaddress.C4.BoxedType>
         <forwardingOptions.C6.BoxedType><Bytes>a8358b82</Bytes></forwardingOptions.C6.BoxedType>
         <extensionContainer.C7.Sequence>
            <privateExtensionList.C0.BoxedType>
               <Collection>
                  <PrivateExtension.Sequence>
                     <extId><ObjectIdentifier>0.1.2111.115.83.49.58.4.103.96</ObjectIdentifier></extId>
                     <extType>5252f86f5f658a</extType>
                  </PrivateExtension.Sequence>
                  <PrivateExtension.Sequence>
                     <extId><ObjectIdentifier>0.1.274.66</ObjectIdentifier></extId>
                     <extType>7c1d06</extType>
                  </PrivateExtension.Sequence>
                  <PrivateExtension.Sequence>
                     <extId><ObjectIdentifier>0.1.259.98.80.116.97.71.107.48</ObjectIdentifier></extId>
                     <extType>f44ed0</extType>
                  </PrivateExtension.Sequence>
               </Collection>
            </privateExtensionList.C0.BoxedType>
            <pcs_Extensions.C1.Sequence>
               
            </pcs_Extensions.C1.Sequence>
         </extensionContainer.C7.Sequence>
         <longForwardedToNumber.C8.BoxedType><AddressString.BoxedType><Bytes>ee28857189f8
                  <field name="extension" value="no extension:1" type="EnumLong" lengthBit="1"/>
                  <field name="nature of address" value="abbreviated number:6" type="EnumLong" lengthBit="3"/>
                  <field name="numbering plan" value="14" type="EnumLong" lengthBit="4"/>
                  <field name="digits" value="825817988" type="Number_BCD" length="9"/>
               </Bytes></AddressString.BoxedType></longForwardedToNumber.C8.BoxedType>
      </forwardingData.C2.Sequence>
      <imsi.C3.BoxedType><TBCD_STRING.BoxedType><Bytes>5197663838
               <field name="digits" value="1579668383" type="Number_BCD" length="10"/>
            </Bytes></TBCD_STRING.BoxedType></imsi.C3.BoxedType>
      <cug_CheckInfo.C4.Sequence>
         <cug_Interlock.BoxedType><Bytes>d47b5a67</Bytes></cug_Interlock.BoxedType>
         <cug_OutgoingAccess></cug_OutgoingAccess>
         <extensionContainer.Sequence>
            <privateExtensionList.C0.BoxedType>
               <Collection>
                  <PrivateExtension.Sequence>
                     <extId><ObjectIdentifier>0.1.270.106.33.91.121.16</ObjectIdentifier></extId>
                     <extType>c8139e84</extType>
                  </PrivateExtension.Sequence>
                  <PrivateExtension.Sequence>
                     <extId><ObjectIdentifier>0.1.267.102.88.92.30.4.86.33</ObjectIdentifier></extId>
                     <extType>990a05a2a0e3453af2</extType>
                  </PrivateExtension.Sequence>
                  <PrivateExtension.Sequence>
                     <extId><ObjectIdentifier>0.1.260</ObjectIdentifier></extId>
                     <extType>14f3</extType>
                  </PrivateExtension.Sequence>
               </Collection>
            </privateExtensionList.C0.BoxedType>
            <pcs_Extensions.C1.Sequence>
               
            </pcs_Extensions.C1.Sequence>
         </extensionContainer.Sequence>
      </cug_CheckInfo.C4.Sequence>
      <o_CSI.C5.Sequence>
         <o_BcsmCamelTDPDataList.BoxedType>
            <Collection>
               <O_BcsmCamelTDPData.Sequence>
                  <o_BcsmTriggerDetectionPoint.Enum>
                     <EnumType>routeSelectFailure.4</EnumType>
                  </o_BcsmTriggerDetectionPoint.Enum>
                  <serviceKey.BoxedType><Integer>2</Integer></serviceKey.BoxedType>
                  <gsmSCF_Address.C0.BoxedType><AddressString.BoxedType><Bytes>d464702870
                           <field name="extension" value="no extension:1" type="EnumLong" lengthBit="1"/>
                           <field name="nature of address" value="reserved:5" type="EnumLong" lengthBit="3"/>
                           <field name="numbering plan" value="telex numbering plan (ITU-T Rec F.69):4" type="EnumLong" lengthBit="4"/>
                           <field name="digits" value="46078207" type="Number_BCD" length="8"/>
                        </Bytes></AddressString.BoxedType></gsmSCF_Address.C0.BoxedType>
                  <defaultCallHandling.C1.Enum>
                     <EnumType>releaseCall.1</EnumType>
                  </defaultCallHandling.C1.Enum>
                  <extensionContainer.C2.Sequence>
                     <privateExtensionList.C0.BoxedType>
                        <Collection>
                           <PrivateExtension.Sequence>
                              <extId><ObjectIdentifier>0.1.295</ObjectIdentifier></extId>
                              <extType>35fc4f</extType>
                           </PrivateExtension.Sequence>
                           <PrivateExtension.Sequence>
                              <extId><ObjectIdentifier>0.1.287.80.89.51.29.88.61</ObjectIdentifier></extId>
                              <extType>6e69e5ac21</extType>
                           </PrivateExtension.Sequence>
                           <PrivateExtension.Sequence>
                              <extId><ObjectIdentifier>0.1.26.56.4.58.48.47.43.55</ObjectIdentifier></extId>
                              <extType>7b274e08</extType>
                           </PrivateExtension.Sequence>
                        </Collection>
                     </privateExtensionList.C0.BoxedType>
                     <pcs_Extensions.C1.Sequence>
                        
                     </pcs_Extensions.C1.Sequence>
                  </extensionContainer.C2.Sequence>
               </O_BcsmCamelTDPData.Sequence>
               <O_BcsmCamelTDPData.Sequence>
                  <o_BcsmTriggerDetectionPoint.Enum>
                     <EnumType>collectedInfo.2</EnumType>
                  </o_BcsmTriggerDetectionPoint.Enum>
                  <serviceKey.BoxedType><Integer>1</Integer></serviceKey.BoxedType>
                  <gsmSCF_Address.C0.BoxedType><AddressString.BoxedType><Bytes>272163008344
                           <field name="extension" value="extension:0" type="EnumLong" lengthBit="1"/>
                           <field name="nature of address" value="national significant number:2" type="EnumLong" lengthBit="3"/>
                           <field name="numbering plan" value="spare:7" type="EnumLong" lengthBit="4"/>
                           <field name="digits" value="1236003844" type="Number_BCD" length="10"/>
                        </Bytes></AddressString.BoxedType></gsmSCF_Address.C0.BoxedType>
                  <defaultCallHandling.C1.Enum>
                     <EnumType>continueCall.0</EnumType>
                  </defaultCallHandling.C1.Enum>
                  <extensionContainer.C2.Sequence>
                     <privateExtensionList.C0.BoxedType>
                        <Collection>
                           <PrivateExtension.Sequence>
                              <extId><ObjectIdentifier>0.1.221.82.75.17.41.51.75.119</ObjectIdentifier></extId>
                              <extType>d1bf1585e997083f1ed0</extType>
                           </PrivateExtension.Sequence>
                           <PrivateExtension.Sequence>
                              <extId><ObjectIdentifier>0.1.276.33.19.108</ObjectIdentifier></extId>
                              <extType>e1eabff701c3dfd9</extType>
                           </PrivateExtension.Sequence>
                           <PrivateExtension.Sequence>
                              <extId><ObjectIdentifier>0.1.2113.120.105.100.22.119.106</ObjectIdentifier></extId>
                              <extType>4a</extType>
                           </PrivateExtension.Sequence>
                        </Collection>
                     </privateExtensionList.C0.BoxedType>
                     <pcs_Extensions.C1.Sequence>
                        
                     </pcs_Extensions.C1.Sequence>
                  </extensionContainer.C2.Sequence>
               </O_BcsmCamelTDPData.Sequence>
               <O_BcsmCamelTDPData.Sequence>
                  <o_BcsmTriggerDetectionPoint.Enum>
                     <EnumType>collectedInfo.2</EnumType>
                  </o_BcsmTriggerDetectionPoint.Enum>
                  <serviceKey.BoxedType><Integer>2</Integer></serviceKey.BoxedType>
                  <gsmSCF_Address.C0.BoxedType><AddressString.BoxedType><Bytes>1f9136538469
                           <field name="extension" value="extension:0" type="EnumLong" lengthBit="1"/>
                           <field name="nature of address" value="international number:1" type="EnumLong" lengthBit="3"/>
                           <field name="numbering plan" value="reserved for extension:15" type="EnumLong" lengthBit="4"/>
                           <field name="digits" value="1963354896" type="Number_BCD" length="10"/>
                        </Bytes></AddressString.BoxedType></gsmSCF_Address.C0.BoxedType>
                  <defaultCallHandling.C1.Enum>
                     <EnumType>releaseCall.1</EnumType>
                  </defaultCallHandling.C1.Enum>
                  <extensionContainer.C2.Sequence>
                     <privateExtensionList.C0.BoxedType>
                        <Collection>
                           <PrivateExtension.Sequence>
                              <extId><ObjectIdentifier>0.1.252.82</ObjectIdentifier></extId>
                              <extType>71b21905ba764efc</extType>
                           </PrivateExtension.Sequence>
                           <PrivateExtension.Sequence>
                              <extId><ObjectIdentifier>0.1.2</ObjectIdentifier></extId>
                              <extType>8389297c</extType>
                           </PrivateExtension.Sequence>
                           <PrivateExtension.Sequence>
                              <extId><ObjectIdentifier>0.1.2102.45.76.119.4.68.116.116</ObjectIdentifier></extId>
                              <extType>7f</extType>
                           </PrivateExtension.Sequence>
                        </Collection>
                     </privateExtensionList.C0.BoxedType>
                     <pcs_Extensions.C1.Sequence>
                        
                     </pcs_Extensions.C1.Sequence>
                  </extensionContainer.C2.Sequence>
               </O_BcsmCamelTDPData.Sequence>
            </Collection>
         </o_BcsmCamelTDPDataList.BoxedType>
         <extensionContainer.Sequence>
            <privateExtensionList.C0.BoxedType>
               <Collection>
                  <PrivateExtension.Sequence>
                     <extId><ObjectIdentifier>0.1.2114.119.85.111.81.103.48.28.76</ObjectIdentifier></extId>
                     <extType>78127cbd3e23bf5862</extType>
                  </PrivateExtension.Sequence>
                  <PrivateExtension.Sequence>
                     <extId><ObjectIdentifier>0.1.294.26</ObjectIdentifier></extId>
                     <extType>1514</extType>
                  </PrivateExtension.Sequence>
                  <PrivateExtension.Sequence>
                     <extId><ObjectIdentifier>0.1.225.113.104.70.98</ObjectIdentifier></extId>
                     <extType>7c404bde2320b6035155</extType>
                  </PrivateExtension.Sequence>
               </Collection>
            </privateExtensionList.C0.BoxedType>
            <pcs_Extensions.C1.Sequence>
               
            </pcs_Extensions.C1.Sequence>
         </extensionContainer.Sequence>
         <camelCapabilityHandling.C0.BoxedType><Integer>1</Integer></camelCapabilityHandling.C0.BoxedType>
         <notificationToCSE.C1></notificationToCSE.C1>
         <csiActive.C2></csiActive.C2>
      </o_CSI.C5.Sequence>
      <extensionContainer.C7.Sequence>
         <privateExtensionList.C0.BoxedType>
            <Collection>
               <PrivateExtension.Sequence>
                  <extId><ObjectIdentifier>0.1.23.33.90.85.28.56.42.117.5</ObjectIdentifier></extId>
                  <extType>46cf0d941a</extType>
               </PrivateExtension.Sequence>
               <PrivateExtension.Sequence>
                  <extId><ObjectIdentifier>0.1.2120.66.97.66.125.127.9</ObjectIdentifier></extId>
                  <extType>a351f46756cb6539ef</extType>
               </PrivateExtension.Sequence>
               <PrivateExtension.Sequence>
                  <extId><ObjectIdentifier>0.1.280.49.85</ObjectIdentifier></extId>
                  <extType>6d91d0a86557</extType>
               </PrivateExtension.Sequence>
            </Collection>
         </privateExtensionList.C0.BoxedType>
         <pcs_Extensions.C1.Sequence>
            
         </pcs_Extensions.C1.Sequence>
      </extensionContainer.C7.Sequence>
      <ccbs_Possible.C8></ccbs_Possible.C8>
      <msisdn.C9.BoxedType><AddressString.BoxedType><Bytes>9d51323161f0
               <field name="extension" value="no extension:1" type="EnumLong" lengthBit="1"/>
               <field name="nature of address" value="international number:1" type="EnumLong" lengthBit="3"/>
               <field name="numbering plan" value="13" type="EnumLong" lengthBit="4"/>
               <field name="digits" value="152313160" type="Number_BCD" length="9"/>
            </Bytes></AddressString.BoxedType></msisdn.C9.BoxedType>
      <uu_Data.C10.Sequence>
         <uuIndicator.C0.BoxedType><Bytes>773c7cdf51</Bytes></uuIndicator.C0.BoxedType>
         <uui.C1.BoxedType><Bytes>c780d36e0f40d4</Bytes></uui.C1.BoxedType>
         <uusCFInteraction.C2></uusCFInteraction.C2>
         <extensionContainer.C3.Sequence>
            <privateExtensionList.C0.BoxedType>
               <Collection>
                  <PrivateExtension.Sequence>
                     <extId><ObjectIdentifier>0.1.263.116.94.68.123</ObjectIdentifier></extId>
                     <extType>a3774460</extType>
                  </PrivateExtension.Sequence>
                  <PrivateExtension.Sequence>
                     <extId><ObjectIdentifier>0.1.2106.66.55.122.116.92.12.89</ObjectIdentifier></extId>
                     <extType>9a</extType>
                  </PrivateExtension.Sequence>
                  <PrivateExtension.Sequence>
                     <extId><ObjectIdentifier>0.1.242.110.58.98.86.119.22</ObjectIdentifier></extId>
                     <extType>f3ae3f83</extType>
                  </PrivateExtension.Sequence>
               </Collection>
            </privateExtensionList.C0.BoxedType>
            <pcs_Extensions.C1.Sequence>
               
            </pcs_Extensions.C1.Sequence>
         </extensionContainer.C3.Sequence>
      </uu_Data.C10.Sequence>
      <allInformationSent.C11></allInformationSent.C11>
      <d_csi.C12.Sequence>
         <dp_AnalysedInfoCriteriaList.C0.BoxedType>
            <Collection>
               <DP_AnalysedInfoCriterium.Sequence>
                  <dialledNumber.BoxedType><AddressString.BoxedType><Bytes>9f71696710f8
                           <field name="extension" value="no extension:1" type="EnumLong" lengthBit="1"/>
                           <field name="nature of address" value="international number:1" type="EnumLong" lengthBit="3"/>
                           <field name="numbering plan" value="reserved for extension:15" type="EnumLong" lengthBit="4"/>
                           <field name="digits" value="179676018" type="Number_BCD" length="9"/>
                        </Bytes></AddressString.BoxedType></dialledNumber.BoxedType>
                  <serviceKey.BoxedType><Integer>1</Integer></serviceKey.BoxedType>
                  <gsmSCF_Address.BoxedType><AddressString.BoxedType><Bytes>ee6146635308
                           <field name="extension" value="no extension:1" type="EnumLong" lengthBit="1"/>
                           <field name="nature of address" value="abbreviated number:6" type="EnumLong" lengthBit="3"/>
                           <field name="numbering plan" value="14" type="EnumLong" lengthBit="4"/>
                           <field name="digits" value="1664363580" type="Number_BCD" length="10"/>
                        </Bytes></AddressString.BoxedType></gsmSCF_Address.BoxedType>
                  <defaultCallHandling.Enum>
                     <EnumType>continueCall.0</EnumType>
                  </defaultCallHandling.Enum>
                  <extensionContainer.Sequence>
                     <privateExtensionList.C0.BoxedType>
                        <Collection>
                           <PrivateExtension.Sequence>
                              <extId><ObjectIdentifier>0.1.2</ObjectIdentifier></extId>
                              <extType>7fd9</extType>
                           </PrivateExtension.Sequence>
                           <PrivateExtension.Sequence>
                              <extId><ObjectIdentifier>0.1.274.2.80.79.12.27</ObjectIdentifier></extId>
                              <extType>e5559669405742</extType>
                           </PrivateExtension.Sequence>
                           <PrivateExtension.Sequence>
                              <extId><ObjectIdentifier>0.1.2120.75</ObjectIdentifier></extId>
                              <extType>2dce</extType>
                           </PrivateExtension.Sequence>
                        </Collection>
                     </privateExtensionList.C0.BoxedType>
                     <pcs_Extensions.C1.Sequence>
                        
                     </pcs_Extensions.C1.Sequence>
                  </extensionContainer.Sequence>
               </DP_AnalysedInfoCriterium.Sequence>
               <DP_AnalysedInfoCriterium.Sequence>
                  <dialledNumber.BoxedType><AddressString.BoxedType><Bytes>6e8137545509
                           <field name="extension" value="extension:0" type="EnumLong" lengthBit="1"/>
                           <field name="nature of address" value="abbreviated number:6" type="EnumLong" lengthBit="3"/>
                           <field name="numbering plan" value="14" type="EnumLong" lengthBit="4"/>
                           <field name="digits" value="1873455590" type="Number_BCD" length="10"/>
                        </Bytes></AddressString.BoxedType></dialledNumber.BoxedType>
                  <serviceKey.BoxedType><Integer>1</Integer></serviceKey.BoxedType>
                  <gsmSCF_Address.BoxedType><AddressString.BoxedType><Bytes>9e8120634104
                           <field name="extension" value="no extension:1" type="EnumLong" lengthBit="1"/>
                           <field name="nature of address" value="international number:1" type="EnumLong" lengthBit="3"/>
                           <field name="numbering plan" value="14" type="EnumLong" lengthBit="4"/>
                           <field name="digits" value="1802361440" type="Number_BCD" length="10"/>
                        </Bytes></AddressString.BoxedType></gsmSCF_Address.BoxedType>
                  <defaultCallHandling.Enum>
                     <EnumType>continueCall.0</EnumType>
                  </defaultCallHandling.Enum>
                  <extensionContainer.Sequence>
                     <privateExtensionList.C0.BoxedType>
                        <Collection>
                           <PrivateExtension.Sequence>
                              <extId><ObjectIdentifier>0.1.275.118.61</ObjectIdentifier></extId>
                              <extType>77bfc85b8fbfba2f6332</extType>
                           </PrivateExtension.Sequence>
                           <PrivateExtension.Sequence>
                              <extId><ObjectIdentifier>0.1.2104.125.71</ObjectIdentifier></extId>
                              <extType>34ebd521a6cb</extType>
                           </PrivateExtension.Sequence>
                           <PrivateExtension.Sequence>
                              <extId><ObjectIdentifier>0.1.227.101.18.65.27.122.121</ObjectIdentifier></extId>
                              <extType>a88863</extType>
                           </PrivateExtension.Sequence>
                        </Collection>
                     </privateExtensionList.C0.BoxedType>
                     <pcs_Extensions.C1.Sequence>
                        
                     </pcs_Extensions.C1.Sequence>
                  </extensionContainer.Sequence>
               </DP_AnalysedInfoCriterium.Sequence>
               <DP_AnalysedInfoCriterium.Sequence>
                  <dialledNumber.BoxedType><AddressString.BoxedType><Bytes>2f2155127513
                           <field name="extension" value="extension:0" type="EnumLong" lengthBit="1"/>
                           <field name="nature of address" value="national significant number:2" type="EnumLong" lengthBit="3"/>
                           <field name="numbering plan" value="reserved for extension:15" type="EnumLong" lengthBit="4"/>
                           <field name="digits" value="1255215731" type="Number_BCD" length="10"/>
                        </Bytes></AddressString.BoxedType></dialledNumber.BoxedType>
                  <serviceKey.BoxedType><Integer>1</Integer></serviceKey.BoxedType>
                  <gsmSCF_Address.BoxedType><AddressString.BoxedType><Bytes>d095932802f0
                           <field name="extension" value="no extension:1" type="EnumLong" lengthBit="1"/>
                           <field name="nature of address" value="reserved:5" type="EnumLong" lengthBit="3"/>
                           <field name="numbering plan" value="unknown:0" type="EnumLong" lengthBit="4"/>
                           <field name="digits" value="593982200" type="Number_BCD" length="9"/>
                        </Bytes></AddressString.BoxedType></gsmSCF_Address.BoxedType>
                  <defaultCallHandling.Enum>
                     <EnumType>releaseCall.1</EnumType>
                  </defaultCallHandling.Enum>
                  <extensionContainer.Sequence>
                     <privateExtensionList.C0.BoxedType>
                        <Collection>
                           <PrivateExtension.Sequence>
                              <extId><ObjectIdentifier>0.1.261.42.88.86.80.99.121.6.81</ObjectIdentifier></extId>
                              <extType>60e637d7eb8d65e2ee</extType>
                           </PrivateExtension.Sequence>
                           <PrivateExtension.Sequence>
                              <extId><ObjectIdentifier>0.1.298</ObjectIdentifier></extId>
                              <extType>815e</extType>
                           </PrivateExtension.Sequence>
                           <PrivateExtension.Sequence>
                              <extId><ObjectIdentifier>0.1.278.40.14</ObjectIdentifier></extId>
                              <extType>fabd84ec85</extType>
                           </PrivateExtension.Sequence>
                        </Collection>
                     </privateExtensionList.C0.BoxedType>
                     <pcs_Extensions.C1.Sequence>
                        
                     </pcs_Extensions.C1.Sequence>
                  </extensionContainer.Sequence>
               </DP_AnalysedInfoCriterium.Sequence>
            </Collection>
         </dp_AnalysedInfoCriteriaList.C0.BoxedType>
         <camelCapabilityHandling.C1.BoxedType><Integer>0</Integer></camelCapabilityHandling.C1.BoxedType>
         <extensionContainer.C2.Sequence>
            <privateExtensionList.C0.BoxedType>
               <Collection>
                  <PrivateExtension.Sequence>
                     <extId><ObjectIdentifier>0.1.296.56.58.37.105.52.112.21</ObjectIdentifier></extId>
                     <extType>37d122393896</extType>
                  </PrivateExtension.Sequence>
                  <PrivateExtension.Sequence>
                     <extId><ObjectIdentifier>0.1.259.43.0.97.8.106</ObjectIdentifier></extId>
                     <extType>140b3f99916690</extType>
                  </PrivateExtension.Sequence>
                  <PrivateExtension.Sequence>
                     <extId><ObjectIdentifier>0.1.216.96.48.125.54</ObjectIdentifier></extId>
                     <extType>4de127ba48597f</extType>
                  </PrivateExtension.Sequence>
               </Collection>
            </privateExtensionList.C0.BoxedType>
            <pcs_Extensions.C1.Sequence>
               
            </pcs_Extensions.C1.Sequence>
         </extensionContainer.C2.Sequence>
         <notificationToCSE.C3></notificationToCSE.C3>
         <csi_Active.C4></csi_Active.C4>
      </d_csi.C12.Sequence>
      <o_BcsmCamelTDPCriteriaList.C13.BoxedType>
         <Collection>
            <O_BcsmCamelTDP_Criteria.Sequence>
               <o_BcsmTriggerDetectionPoint.Enum>
                  <EnumType>routeSelectFailure.4</EnumType>
               </o_BcsmTriggerDetectionPoint.Enum>
               <destinationNumberCriteria.C0.Sequence>
                  <matchType.C0.Enum>
                     <EnumType>enabling.1</EnumType>
                  </matchType.C0.Enum>
                  <destinationNumberList.C1.BoxedType>
                     <Collection>
                        <ISDN_AddressString.BoxedType><AddressString.BoxedType><Bytes>8713682300f3
                                 <field name="extension" value="no extension:1" type="EnumLong" lengthBit="1"/>
                                 <field name="nature of address" value="unknown:0" type="EnumLong" lengthBit="3"/>
                                 <field name="numbering plan" value="spare:7" type="EnumLong" lengthBit="4"/>
                                 <field name="digits" value="318632003" type="Number_BCD" length="9"/>
                              </Bytes></AddressString.BoxedType></ISDN_AddressString.BoxedType>
                        <ISDN_AddressString.BoxedType><AddressString.BoxedType><Bytes>698198265381
                                 <field name="extension" value="extension:0" type="EnumLong" lengthBit="1"/>
                                 <field name="nature of address" value="abbreviated number:6" type="EnumLong" lengthBit="3"/>
                                 <field name="numbering plan" value="private numbering plan:9" type="EnumLong" lengthBit="4"/>
                                 <field name="digits" value="1889623518" type="Number_BCD" length="10"/>
                              </Bytes></AddressString.BoxedType></ISDN_AddressString.BoxedType>
                        <ISDN_AddressString.BoxedType><AddressString.BoxedType><Bytes>7e0240516939
                                 <field name="extension" value="extension:0" type="EnumLong" lengthBit="1"/>
                                 <field name="nature of address" value="reserved for extension:7" type="EnumLong" lengthBit="3"/>
                                 <field name="numbering plan" value="14" type="EnumLong" lengthBit="4"/>
                                 <field name="digits" value="2004159693" type="Number_BCD" length="10"/>
                              </Bytes></AddressString.BoxedType></ISDN_AddressString.BoxedType>
                     </Collection>
                  </destinationNumberList.C1.BoxedType>
                  <destinationNumberLengthList.C2.BoxedType>
                     <Collection>
                        <Integer>0</Integer>
                        <Integer>1</Integer>
                        <Integer>0</Integer>
                     </Collection>
                  </destinationNumberLengthList.C2.BoxedType>
               </destinationNumberCriteria.C0.Sequence>
               <basicServiceCriteria.C1.BoxedType>
                  <Collection>
                     <Ext_BasicServiceCode.Choice>
                        <ext_BearerService.C2.BoxedType><Bytes>cfce38</Bytes></ext_BearerService.C2.BoxedType>
                        <ext_Teleservice.C3.BoxedType><Bytes>eda7578586
                              <field name="Code" value="237" type="EnumLong" length="1"/>
                              <field name="Extension data" value="a7578586" type="Binary" length="4"/>
                           </Bytes></ext_Teleservice.C3.BoxedType>
                     </Ext_BasicServiceCode.Choice>
                     <Ext_BasicServiceCode.Choice>
                        <ext_BearerService.C2.BoxedType><Bytes>29831ce0533000</Bytes></ext_BearerService.C2.BoxedType>
                        <ext_Teleservice.C3.BoxedType><Bytes>800030b7a2
                              <field name="Code" value="allTeleservices-ExeptSMS:128" type="EnumLong" length="1"/>
                              <field name="Extension data" value="0030b7a2" type="Binary" length="4"/>
                           </Bytes></ext_Teleservice.C3.BoxedType>
                     </Ext_BasicServiceCode.Choice>
                     <Ext_BasicServiceCode.Choice>
                        <ext_BearerService.C2.BoxedType><Bytes>9334de1a78</Bytes></ext_BearerService.C2.BoxedType>
                        <ext_Teleservice.C3.BoxedType><Bytes>76d7fcefa3
                              <field name="Code" value="118" type="EnumLong" length="1"/>
                              <field name="Extension data" value="d7fcefa3" type="Binary" length="4"/>
                           </Bytes></ext_Teleservice.C3.BoxedType>
                     </Ext_BasicServiceCode.Choice>
                  </Collection>
               </basicServiceCriteria.C1.BoxedType>
               <callTypeCriteria.C2.Enum>
                  <EnumType>forwarded.0</EnumType>
               </callTypeCriteria.C2.Enum>
               <o_CauseValueCriteria.C3.BoxedType>
                  <Collection>
                     <CauseValue.BoxedType><Bytes>8ea9ce713861</Bytes></CauseValue.BoxedType>
                     <CauseValue.BoxedType><Bytes>203b4d4e423b9a</Bytes></CauseValue.BoxedType>
                     <CauseValue.BoxedType><Bytes>4a8254f882daa610</Bytes></CauseValue.BoxedType>
                  </Collection>
               </o_CauseValueCriteria.C3.BoxedType>
               <extensionContainer.C4.Sequence>
                  <privateExtensionList.C0.BoxedType>
                     <Collection>
                        <PrivateExtension.Sequence>
                           <extId><ObjectIdentifier>0.1.288.60.86.81.4.97.33.19.9</ObjectIdentifier></extId>
                           <extType>7849630cbbeb5c57e44f</extType>
                        </PrivateExtension.Sequence>
                        <PrivateExtension.Sequence>
                           <extId><ObjectIdentifier>0.1.2115.32.11</ObjectIdentifier></extId>
                           <extType>b8970a537b1a4a9f</extType>
                        </PrivateExtension.Sequence>
                        <PrivateExtension.Sequence>
                           <extId><ObjectIdentifier>0.1.212.123.30</ObjectIdentifier></extId>
                           <extType>a538bcad</extType>
                        </PrivateExtension.Sequence>
                     </Collection>
                  </privateExtensionList.C0.BoxedType>
                  <pcs_Extensions.C1.Sequence>
                     
                  </pcs_Extensions.C1.Sequence>
               </extensionContainer.C4.Sequence>
            </O_BcsmCamelTDP_Criteria.Sequence>
            <O_BcsmCamelTDP_Criteria.Sequence>
               <o_BcsmTriggerDetectionPoint.Enum>
                  <EnumType>routeSelectFailure.4</EnumType>
               </o_BcsmTriggerDetectionPoint.Enum>
               <destinationNumberCriteria.C0.Sequence>
                  <matchType.C0.Enum>
                     <EnumType>enabling.1</EnumType>
                  </matchType.C0.Enum>
                  <destinationNumberList.C1.BoxedType>
                     <Collection>
                        <ISDN_AddressString.BoxedType><AddressString.BoxedType><Bytes>f74156775954
                                 <field name="extension" value="no extension:1" type="EnumLong" lengthBit="1"/>
                                 <field name="nature of address" value="reserved for extension:7" type="EnumLong" lengthBit="3"/>
                                 <field name="numbering plan" value="spare:7" type="EnumLong" lengthBit="4"/>
                                 <field name="digits" value="1465779545" type="Number_BCD" length="10"/>
                              </Bytes></AddressString.BoxedType></ISDN_AddressString.BoxedType>
                        <ISDN_AddressString.BoxedType><AddressString.BoxedType><Bytes>f677385154f0
                                 <field name="extension" value="no extension:1" type="EnumLong" lengthBit="1"/>
                                 <field name="nature of address" value="reserved for extension:7" type="EnumLong" lengthBit="3"/>
                                 <field name="numbering plan" value="land mobile numbering plan (ITU-T Rec E.212):6" type="EnumLong" lengthBit="4"/>
                                 <field name="digits" value="778315450" type="Number_BCD" length="9"/>
                              </Bytes></AddressString.BoxedType></ISDN_AddressString.BoxedType>
                        <ISDN_AddressString.BoxedType><AddressString.BoxedType><Bytes>941177929716
                                 <field name="extension" value="no extension:1" type="EnumLong" lengthBit="1"/>
                                 <field name="nature of address" value="international number:1" type="EnumLong" lengthBit="3"/>
                                 <field name="numbering plan" value="telex numbering plan (ITU-T Rec F.69):4" type="EnumLong" lengthBit="4"/>
                                 <field name="digits" value="1177297961" type="Number_BCD" length="10"/>
                              </Bytes></AddressString.BoxedType></ISDN_AddressString.BoxedType>
                     </Collection>
                  </destinationNumberList.C1.BoxedType>
                  <destinationNumberLengthList.C2.BoxedType>
                     <Collection>
                        <Integer>1</Integer>
                        <Integer>1</Integer>
                        <Integer>2</Integer>
                     </Collection>
                  </destinationNumberLengthList.C2.BoxedType>
               </destinationNumberCriteria.C0.Sequence>
               <basicServiceCriteria.C1.BoxedType>
                  <Collection>
                     <Ext_BasicServiceCode.Choice>
                        <ext_BearerService.C2.BoxedType><Bytes>7cdb990b0720acb1506c</Bytes></ext_BearerService.C2.BoxedType>
                        <ext_Teleservice.C3.BoxedType><Bytes>1206065df7
                              <field name="Code" value="emergencyCalls:18" type="EnumLong" length="1"/>
                              <field name="Extension data" value="06065df7" type="Binary" length="4"/>
                           </Bytes></ext_Teleservice.C3.BoxedType>
                     </Ext_BasicServiceCode.Choice>
                     <Ext_BasicServiceCode.Choice>
                        <ext_BearerService.C2.BoxedType><Bytes>27dcf9</Bytes></ext_BearerService.C2.BoxedType>
                        <ext_Teleservice.C3.BoxedType><Bytes>500d331af2
                              <field name="Code" value="80" type="EnumLong" length="1"/>
                              <field name="Extension data" value="0d331af2" type="Binary" length="4"/>
                           </Bytes></ext_Teleservice.C3.BoxedType>
                     </Ext_BasicServiceCode.Choice>
                     <Ext_BasicServiceCode.Choice>
                        <ext_BearerService.C2.BoxedType><Bytes>51196ddc3c27</Bytes></ext_BearerService.C2.BoxedType>
                        <ext_Teleservice.C3.BoxedType><Bytes>b9d7fab2c1
                              <field name="Code" value="185" type="EnumLong" length="1"/>
                              <field name="Extension data" value="d7fab2c1" type="Binary" length="4"/>
                           </Bytes></ext_Teleservice.C3.BoxedType>
                     </Ext_BasicServiceCode.Choice>
                  </Collection>
               </basicServiceCriteria.C1.BoxedType>
               <callTypeCriteria.C2.Enum>
                  <EnumType>notForwarded.1</EnumType>
               </callTypeCriteria.C2.Enum>
               <o_CauseValueCriteria.C3.BoxedType>
                  <Collection>
                     <CauseValue.BoxedType><Bytes>1e</Bytes></CauseValue.BoxedType>
                     <CauseValue.BoxedType><Bytes>b8eb9f68e3</Bytes></CauseValue.BoxedType>
                     <CauseValue.BoxedType><Bytes>21dff56f</Bytes></CauseValue.BoxedType>
                  </Collection>
               </o_CauseValueCriteria.C3.BoxedType>
               <extensionContainer.C4.Sequence>
                  <privateExtensionList.C0.BoxedType>
                     <Collection>
                        <PrivateExtension.Sequence>
                           <extId><ObjectIdentifier>0.1.245.108.86.1.13.101.9.67</ObjectIdentifier></extId>
                           <extType>49c64632c78797</extType>
                        </PrivateExtension.Sequence>
                        <PrivateExtension.Sequence>
                           <extId><ObjectIdentifier>0.1.299.36.59.45.87.43.101</ObjectIdentifier></extId>
                           <extType>0f84</extType>
                        </PrivateExtension.Sequence>
                        <PrivateExtension.Sequence>
                           <extId><ObjectIdentifier>0.1.213.5.46.71</ObjectIdentifier></extId>
                           <extType>2fadead321d0abb4</extType>
                        </PrivateExtension.Sequence>
                     </Collection>
                  </privateExtensionList.C0.BoxedType>
                  <pcs_Extensions.C1.Sequence>
                     
                  </pcs_Extensions.C1.Sequence>
               </extensionContainer.C4.Sequence>
            </O_BcsmCamelTDP_Criteria.Sequence>
            <O_BcsmCamelTDP_Criteria.Sequence>
               <o_BcsmTriggerDetectionPoint.Enum>
                  <EnumType>routeSelectFailure.4</EnumType>
               </o_BcsmTriggerDetectionPoint.Enum>
               <destinationNumberCriteria.C0.Sequence>
                  <matchType.C0.Enum>
                     <EnumType>enabling.1</EnumType>
                  </matchType.C0.Enum>
                  <destinationNumberList.C1.BoxedType>
                     <Collection>
                        <ISDN_AddressString.BoxedType><AddressString.BoxedType><Bytes>d31137643417
                                 <field name="extension" value="no extension:1" type="EnumLong" lengthBit="1"/>
                                 <field name="nature of address" value="reserved:5" type="EnumLong" lengthBit="3"/>
                                 <field name="numbering plan" value="data numbering plan (ITU-T Rec X.121):3" type="EnumLong" lengthBit="4"/>
                                 <field name="digits" value="1173464371" type="Number_BCD" length="10"/>
                              </Bytes></AddressString.BoxedType></ISDN_AddressString.BoxedType>
                        <ISDN_AddressString.BoxedType><AddressString.BoxedType><Bytes>c164912191f9
                                 <field name="extension" value="no extension:1" type="EnumLong" lengthBit="1"/>
                                 <field name="nature of address" value="subscriber number:4" type="EnumLong" lengthBit="3"/>
                                 <field name="numbering plan" value="ISDN/Telephony Numbering Plan (Rec ITU-T E.164):1" type="EnumLong" lengthBit="4"/>
                                 <field name="digits" value="461912199" type="Number_BCD" length="9"/>
                              </Bytes></AddressString.BoxedType></ISDN_AddressString.BoxedType>
                        <ISDN_AddressString.BoxedType><AddressString.BoxedType><Bytes>8f7191217820
                                 <field name="extension" value="no extension:1" type="EnumLong" lengthBit="1"/>
                                 <field name="nature of address" value="unknown:0" type="EnumLong" lengthBit="3"/>
                                 <field name="numbering plan" value="reserved for extension:15" type="EnumLong" lengthBit="4"/>
                                 <field name="digits" value="1719128702" type="Number_BCD" length="10"/>
                              </Bytes></AddressString.BoxedType></ISDN_AddressString.BoxedType>
                     </Collection>
                  </destinationNumberList.C1.BoxedType>
                  <destinationNumberLengthList.C2.BoxedType>
                     <Collection>
                        <Integer>2</Integer>
                        <Integer>1</Integer>
                        <Integer>0</Integer>
                     </Collection>
                  </destinationNumberLengthList.C2.BoxedType>
               </destinationNumberCriteria.C0.Sequence>
               <basicServiceCriteria.C1.BoxedType>
                  <Collection>
                     <Ext_BasicServiceCode.Choice>
                        <ext_BearerService.C2.BoxedType><Bytes>ab4f9218016e</Bytes></ext_BearerService.C2.BoxedType>
                        <ext_Teleservice.C3.BoxedType><Bytes>d609456be4
                              <field name="Code" value="plmn-specificTS-6:214" type="EnumLong" length="1"/>
                              <field name="Extension data" value="09456be4" type="Binary" length="4"/>
                           </Bytes></ext_Teleservice.C3.BoxedType>
                     </Ext_BasicServiceCode.Choice>
                     <Ext_BasicServiceCode.Choice>
                        <ext_BearerService.C2.BoxedType><Bytes>1f3880</Bytes></ext_BearerService.C2.BoxedType>
                        <ext_Teleservice.C3.BoxedType><Bytes>85d75f88c8
                              <field name="Code" value="133" type="EnumLong" length="1"/>
                              <field name="Extension data" value="d75f88c8" type="Binary" length="4"/>
                           </Bytes></ext_Teleservice.C3.BoxedType>
                     </Ext_BasicServiceCode.Choice>
                     <Ext_BasicServiceCode.Choice>
                        <ext_BearerService.C2.BoxedType><Bytes>6ceae6ce930b81f3</Bytes></ext_BearerService.C2.BoxedType>
                        <ext_Teleservice.C3.BoxedType><Bytes>718cbe235a
                              <field name="Code" value="113" type="EnumLong" length="1"/>
                              <field name="Extension data" value="8cbe235a" type="Binary" length="4"/>
                           </Bytes></ext_Teleservice.C3.BoxedType>
                     </Ext_BasicServiceCode.Choice>
                  </Collection>
               </basicServiceCriteria.C1.BoxedType>
               <callTypeCriteria.C2.Enum>
                  <EnumType>notForwarded.1</EnumType>
               </callTypeCriteria.C2.Enum>
               <o_CauseValueCriteria.C3.BoxedType>
                  <Collection>
                     <CauseValue.BoxedType><Bytes>fc2fb86339bd</Bytes></CauseValue.BoxedType>
                     <CauseValue.BoxedType><Bytes>b1</Bytes></CauseValue.BoxedType>
                     <CauseValue.BoxedType><Bytes>1f92c9b7</Bytes></CauseValue.BoxedType>
                  </Collection>
               </o_CauseValueCriteria.C3.BoxedType>
               <extensionContainer.C4.Sequence>
                  <privateExtensionList.C0.BoxedType>
                     <Collection>
                        <PrivateExtension.Sequence>
                           <extId><ObjectIdentifier>0.1.288.77.72.39.79.30.67.55</ObjectIdentifier></extId>
                           <extType>ae2a52d6ed498925d8ce</extType>
                        </PrivateExtension.Sequence>
                        <PrivateExtension.Sequence>
                           <extId><ObjectIdentifier>0.1.2128.58.104.15.123.116.124.80</ObjectIdentifier></extId>
                           <extType>c73bffdade</extType>
                        </PrivateExtension.Sequence>
                        <PrivateExtension.Sequence>
                           <extId><ObjectIdentifier>0.1.296.77.126.13.66.94.26.101</ObjectIdentifier></extId>
                           <extType>6f62e95d152806e6cf</extType>
                        </PrivateExtension.Sequence>
                     </Collection>
                  </privateExtensionList.C0.BoxedType>
                  <pcs_Extensions.C1.Sequence>
                     
                  </pcs_Extensions.C1.Sequence>
               </extensionContainer.C4.Sequence>
            </O_BcsmCamelTDP_Criteria.Sequence>
         </Collection>
      </o_BcsmCamelTDPCriteriaList.C13.BoxedType>
      <basicServiceGroup2.C14.Choice>
         <ext_BearerService.C2.BoxedType><Bytes>6fdcb39782d93e</Bytes></ext_BearerService.C2.BoxedType>
         <ext_Teleservice.C3.BoxedType><Bytes>da89b2e263
               <field name="Code" value="plmn-specificTS-A:218" type="EnumLong" length="1"/>
               <field name="Extension data" value="89b2e263" type="Binary" length="4"/>
            </Bytes></ext_Teleservice.C3.BoxedType>
      </basicServiceGroup2.C14.Choice>
      <mtRoamingRetry.C15></mtRoamingRetry.C15>
   </ResumeCallHandlingArg.Sequence>
</ASN>