<?xml version="1.0" encoding="ISO-8859-15"?>

<ASN layer="CAP">
   <ResumeCallHandlingRes.Sequence><extensionContainer.Sequence>
         <privateExtensionList.C0.BoxedType>
            <Collection>
               <PrivateExtension.Sequence>
                  <extId><ObjectIdentifier>0.1.2103</ObjectIdentifier></extId>
                  <extType>c7817d1817ebc8c8</extType>
               </PrivateExtension.Sequence>
               <PrivateExtension.Sequence>
                  <extId><ObjectIdentifier>0.1.2121.104.19.80.44</ObjectIdentifier></extId>
                  <extType>3d00</extType>
               </PrivateExtension.Sequence>
               <PrivateExtension.Sequence>
                  <extId><ObjectIdentifier>0.1.2120.100.65.122</ObjectIdentifier></extId>
                  <extType>fdbe6126b8bc</extType>
               </PrivateExtension.Sequence>
            </Collection>
         </privateExtensionList.C0.BoxedType>
         <pcs_Extensions.C1.Sequence>
            
         </pcs_Extensions.C1.Sequence>
      </extensionContainer.Sequence></ResumeCallHandlingRes.Sequence>
</ASN>