<?xml version="1.0" encoding="ISO-8859-15"?>

<ASN layer="CAP">
   <RoamingNotAllowedParam.Sequence>
      <roamingNotAllowedCause.Enum>
         <EnumType>operatorDeterminedBarring.3</EnumType>
      </roamingNotAllowedCause.Enum>
      <extensionContainer.Sequence>
         <privateExtensionList.C0.BoxedType>
            <Collection>
               <PrivateExtension.Sequence>
                  <extId><ObjectIdentifier>0.1.2127.18</ObjectIdentifier></extId>
                  <extType>c141eb57bb68</extType>
               </PrivateExtension.Sequence>
               <PrivateExtension.Sequence>
                  <extId><ObjectIdentifier>0.1.234.80.82.27.20</ObjectIdentifier></extId>
                  <extType>142c</extType>
               </PrivateExtension.Sequence>
               <PrivateExtension.Sequence>
                  <extId><ObjectIdentifier>0.1.237.62.127.84.75</ObjectIdentifier></extId>
                  <extType>afdc5e9f</extType>
               </PrivateExtension.Sequence>
            </Collection>
         </privateExtensionList.C0.BoxedType>
         <pcs_Extensions.C1.Sequence>
            
         </pcs_Extensions.C1.Sequence>
      </extensionContainer.Sequence>
      <additionalRoamingNotAllowedCause.C0.Enum>
         <EnumType>supportedRAT_TypesNotAllowed.0</EnumType>
      </additionalRoamingNotAllowedCause.C0.Enum>
   </RoamingNotAllowedParam.Sequence>
</ASN>