<?xml version="1.0" encoding="ISO-8859-15"?>

<ASN layer="CAP">
   <RoutingInfoForLCS_Arg.Sequence>
      <mlcNumber.C0.BoxedType><AddressString.BoxedType><Bytes>4974400742f4
               <field name="extension" value="extension:0" type="EnumLong" lengthBit="1"/>
               <field name="nature of address" value="subscriber number:4" type="EnumLong" lengthBit="3"/>
               <field name="numbering plan" value="private numbering plan:9" type="EnumLong" lengthBit="4"/>
               <field name="digits" value="470470244" type="Number_BCD" length="9"/>
            </Bytes></AddressString.BoxedType></mlcNumber.C0.BoxedType>
      <targetMS.C1.Choice>
         <imsi.C0.BoxedType><TBCD_STRING.BoxedType><Bytes>0164942336
                  <field name="digits" value="1046493263" type="Number_BCD" length="10"/>
               </Bytes></TBCD_STRING.BoxedType></imsi.C0.BoxedType>
         <msisdn.C1.BoxedType><AddressString.BoxedType><Bytes>db82740480f9
                  <field name="extension" value="no extension:1" type="EnumLong" lengthBit="1"/>
                  <field name="nature of address" value="reserved:5" type="EnumLong" lengthBit="3"/>
                  <field name="numbering plan" value="11" type="EnumLong" lengthBit="4"/>
                  <field name="digits" value="284740089" type="Number_BCD" length="9"/>
               </Bytes></AddressString.BoxedType></msisdn.C1.BoxedType>
      </targetMS.C1.Choice>
      <extensionContainer.C2.Sequence>
         <privateExtensionList.C0.BoxedType>
            <Collection>
               <PrivateExtension.Sequence>
                  <extId><ObjectIdentifier>0.1.245</ObjectIdentifier></extId>
                  <extType>8db68c</extType>
               </PrivateExtension.Sequence>
               <PrivateExtension.Sequence>
                  <extId><ObjectIdentifier>0.1.278</ObjectIdentifier></extId>
                  <extType>392e0a3d429d16be</extType>
               </PrivateExtension.Sequence>
               <PrivateExtension.Sequence>
                  <extId><ObjectIdentifier>0.1.220</ObjectIdentifier></extId>
                  <extType>49a6dbce3e21a95e71</extType>
               </PrivateExtension.Sequence>
            </Collection>
         </privateExtensionList.C0.BoxedType>
         <pcs_Extensions.C1.Sequence>
            
         </pcs_Extensions.C1.Sequence>
      </extensionContainer.C2.Sequence>
   </RoutingInfoForLCS_Arg.Sequence>
</ASN>