<?xml version="1.0" encoding="ISO-8859-15"?>

<ASN layer="CAP">
   <RoutingInfoForLCS_Res.Sequence>
      <targetMS.C0.Choice>
         <imsi.C0.BoxedType><TBCD_STRING.BoxedType><Bytes>14558242f0
                  <field name="digits" value="415528240" type="Number_BCD" length="9"/>
               </Bytes></TBCD_STRING.BoxedType></imsi.C0.BoxedType>
         <msisdn.C1.BoxedType><AddressString.BoxedType><Bytes>6f74022761f7
                  <field name="extension" value="extension:0" type="EnumLong" lengthBit="1"/>
                  <field name="nature of address" value="abbreviated number:6" type="EnumLong" lengthBit="3"/>
                  <field name="numbering plan" value="reserved for extension:15" type="EnumLong" lengthBit="4"/>
                  <field name="digits" value="472072167" type="Number_BCD" length="9"/>
               </Bytes></AddressString.BoxedType></msisdn.C1.BoxedType>
      </targetMS.C0.Choice>
      <lcsLocationInfo.C1.Sequence>
         <networkNode_Number.BoxedType><AddressString.BoxedType><Bytes>0005293324f2
                  <field name="extension" value="extension:0" type="EnumLong" lengthBit="1"/>
                  <field name="nature of address" value="unknown:0" type="EnumLong" lengthBit="3"/>
                  <field name="numbering plan" value="unknown:0" type="EnumLong" lengthBit="4"/>
                  <field name="digits" value="509233422" type="Number_BCD" length="9"/>
               </Bytes></AddressString.BoxedType></networkNode_Number.BoxedType>
         <lmsi.C0.BoxedType><Bytes>bc9f
               <field name="digits" value="bc9f" type="Binary" length="2"/>
            </Bytes></lmsi.C0.BoxedType>
         <extensionContainer.C1.Sequence>
            <privateExtensionList.C0.BoxedType>
               <Collection>
                  <PrivateExtension.Sequence>
                     <extId><ObjectIdentifier>0.1.214.98.81.57.26.98</ObjectIdentifier></extId>
                     <extType>6b981775d429</extType>
                  </PrivateExtension.Sequence>
                  <PrivateExtension.Sequence>
                     <extId><ObjectIdentifier>0.1.2</ObjectIdentifier></extId>
                     <extType>d634475d51</extType>
                  </PrivateExtension.Sequence>
                  <PrivateExtension.Sequence>
                     <extId><ObjectIdentifier>0.1.274.61.100.104</ObjectIdentifier></extId>
                     <extType>c47c85eb6a4518c31254</extType>
                  </PrivateExtension.Sequence>
               </Collection>
            </privateExtensionList.C0.BoxedType>
            <pcs_Extensions.C1.Sequence>
               
            </pcs_Extensions.C1.Sequence>
         </extensionContainer.C1.Sequence>
         <gprsNodeIndicator.C2></gprsNodeIndicator.C2>
         <additional_Number.C3.Choice>
            <msc_Number.C0.BoxedType><AddressString.BoxedType><Bytes>8761473820f7
                     <field name="extension" value="no extension:1" type="EnumLong" lengthBit="1"/>
                     <field name="nature of address" value="unknown:0" type="EnumLong" lengthBit="3"/>
                     <field name="numbering plan" value="spare:7" type="EnumLong" lengthBit="4"/>
                     <field name="digits" value="167483027" type="Number_BCD" length="9"/>
                  </Bytes></AddressString.BoxedType></msc_Number.C0.BoxedType>
            <sgsn_Number.C1.BoxedType><AddressString.BoxedType><Bytes>cc2167129094
                     <field name="extension" value="no extension:1" type="EnumLong" lengthBit="1"/>
                     <field name="nature of address" value="subscriber number:4" type="EnumLong" lengthBit="3"/>
                     <field name="numbering plan" value="12" type="EnumLong" lengthBit="4"/>
                     <field name="digits" value="1276210949" type="Number_BCD" length="10"/>
                  </Bytes></AddressString.BoxedType></sgsn_Number.C1.BoxedType>
         </additional_Number.C3.Choice>
         <supportedLCS_CapabilitySets.C4.BoxedType><BitString><BitString value="7ee873bfac2c" trailing="0"/></BitString></supportedLCS_CapabilitySets.C4.BoxedType>
         <additional_LCS_CapabilitySets.C5.BoxedType><BitString><BitString value="88abc7721bb4" trailing="0"/></BitString></additional_LCS_CapabilitySets.C5.BoxedType>
         <mme_Name.C6.BoxedType><Bytes>0646cedf</Bytes></mme_Name.C6.BoxedType>
         <aaa_Server_Name.C8.BoxedType><Bytes>1dcc8f</Bytes></aaa_Server_Name.C8.BoxedType>
         <sgsn_Name.C9.BoxedType><Bytes>4424d983e3e3</Bytes></sgsn_Name.C9.BoxedType>
         <sgsn_Realm.C10.BoxedType><Bytes>2dfd3522162f</Bytes></sgsn_Realm.C10.BoxedType>
      </lcsLocationInfo.C1.Sequence>
      <extensionContainer.C2.Sequence>
         <privateExtensionList.C0.BoxedType>
            <Collection>
               <PrivateExtension.Sequence>
                  <extId><ObjectIdentifier>0.1.232.26.60.9.95</ObjectIdentifier></extId>
                  <extType>f3a359dee13595af</extType>
               </PrivateExtension.Sequence>
               <PrivateExtension.Sequence>
                  <extId><ObjectIdentifier>0.1.217</ObjectIdentifier></extId>
                  <extType>d2fa108ef6d5</extType>
               </PrivateExtension.Sequence>
               <PrivateExtension.Sequence>
                  <extId><ObjectIdentifier>0.1.2114.121.80.79.3</ObjectIdentifier></extId>
                  <extType>b64afb49e240e6</extType>
               </PrivateExtension.Sequence>
            </Collection>
         </privateExtensionList.C0.BoxedType>
         <pcs_Extensions.C1.Sequence>
            
         </pcs_Extensions.C1.Sequence>
      </extensionContainer.C2.Sequence>
      <v_gmlc_Address.C3.BoxedType><Bytes>38dfc93ac7
            <field name="Address type" value="IPV4:0" type="EnumLong" lengthBit="2"/>
            <field name="AddressLength" value="56" type="Integer" lengthBit="6"/>
            <field name="IPV4 address" value="223.201.58.199" type="IPV4Address" length="4"/>
         </Bytes></v_gmlc_Address.C3.BoxedType>
      <h_gmlc_Address.C4.BoxedType><Bytes>75592f4722
            <field name="Address type" value="IPV6:1" type="EnumLong" lengthBit="2"/>
            <field name="AddressLength" value="53" type="Integer" lengthBit="6"/>
            <field name="IPV4 address" value="89.47.71.34" type="IPV4Address" length="4"/>
         </Bytes></h_gmlc_Address.C4.BoxedType>
      <ppr_Address.C5.BoxedType><Bytes>48ec027e86
            <field name="Address type" value="IPV6:1" type="EnumLong" lengthBit="2"/>
            <field name="AddressLength" value="8" type="Integer" lengthBit="6"/>
            <field name="IPV4 address" value="236.2.126.134" type="IPV4Address" length="4"/>
         </Bytes></ppr_Address.C5.BoxedType>
      <additional_v_gmlc_Address.C6.BoxedType><Bytes>6ca93c7de3
            <field name="Address type" value="IPV6:1" type="EnumLong" lengthBit="2"/>
            <field name="AddressLength" value="44" type="Integer" lengthBit="6"/>
            <field name="IPV4 address" value="169.60.125.227" type="IPV4Address" length="4"/>
         </Bytes></additional_v_gmlc_Address.C6.BoxedType>
   </RoutingInfoForLCS_Res.Sequence>
</ASN>