<?xml version="1.0" encoding="ISO-8859-15"?>

<ASN layer="CAP">
   <RoutingInfoForSM_Res.Sequence>
      <imsi.BoxedType><TBCD_STRING.BoxedType><Bytes>0265007605
               <field name="digits" value="2056006750" type="Number_BCD" length="10"/>
            </Bytes></TBCD_STRING.BoxedType></imsi.BoxedType>
      <locationInfoWithLMSI.C0.Sequence>
         <networkNode_Number.C1.BoxedType><AddressString.BoxedType><Bytes>741154774361
                  <field name="extension" value="extension:0" type="EnumLong" lengthBit="1"/>
                  <field name="nature of address" value="reserved for extension:7" type="EnumLong" lengthBit="3"/>
                  <field name="numbering plan" value="telex numbering plan (ITU-T Rec F.69):4" type="EnumLong" lengthBit="4"/>
                  <field name="digits" value="1145773416" type="Number_BCD" length="10"/>
               </Bytes></AddressString.BoxedType></networkNode_Number.C1.BoxedType>
         <lmsi.BoxedType><Bytes>7b0c80872dbb3158b9
               <field name="digits" value="7b0c80872dbb3158b9" type="Binary" length="9"/>
            </Bytes></lmsi.BoxedType>
         <extensionContainer.Sequence>
            <privateExtensionList.C0.BoxedType>
               <Collection>
                  <PrivateExtension.Sequence>
                     <extId><ObjectIdentifier>0.1.23.99.50</ObjectIdentifier></extId>
                     <extType>2c857deb</extType>
                  </PrivateExtension.Sequence>
                  <PrivateExtension.Sequence>
                     <extId><ObjectIdentifier>0.1.20.42.33.102.31.24.33.125.122.65</ObjectIdentifier></extId>
                     <extType>2672</extType>
                  </PrivateExtension.Sequence>
                  <PrivateExtension.Sequence>
                     <extId><ObjectIdentifier>0.1.2125.76.116</ObjectIdentifier></extId>
                     <extType>7410</extType>
                  </PrivateExtension.Sequence>
               </Collection>
            </privateExtensionList.C0.BoxedType>
            <pcs_Extensions.C1.Sequence>
               
            </pcs_Extensions.C1.Sequence>
         </extensionContainer.Sequence>
         <gprsNodeIndicator.C5></gprsNodeIndicator.C5>
         <additional_Number.C6.Choice>
            <msc_Number.C0.BoxedType><AddressString.BoxedType><Bytes>769199567680
                     <field name="extension" value="extension:0" type="EnumLong" lengthBit="1"/>
                     <field name="nature of address" value="reserved for extension:7" type="EnumLong" lengthBit="3"/>
                     <field name="numbering plan" value="land mobile numbering plan (ITU-T Rec E.212):6" type="EnumLong" lengthBit="4"/>
                     <field name="digits" value="1999656708" type="Number_BCD" length="10"/>
                  </Bytes></AddressString.BoxedType></msc_Number.C0.BoxedType>
            <sgsn_Number.C1.BoxedType><AddressString.BoxedType><Bytes>a57176663897
                     <field name="extension" value="no extension:1" type="EnumLong" lengthBit="1"/>
                     <field name="nature of address" value="national significant number:2" type="EnumLong" lengthBit="3"/>
                     <field name="numbering plan" value="spare:5" type="EnumLong" lengthBit="4"/>
                     <field name="digits" value="1767668379" type="Number_BCD" length="10"/>
                  </Bytes></AddressString.BoxedType></sgsn_Number.C1.BoxedType>
         </additional_Number.C6.Choice>
         <networkNodeDiameterAddress.C7.Sequence>
            <diameter_Name.C0.BoxedType><Bytes>00cb2c851cca53</Bytes></diameter_Name.C0.BoxedType>
            <diameter_Realm.C1.BoxedType><Bytes>3fd338d89655</Bytes></diameter_Realm.C1.BoxedType>
         </networkNodeDiameterAddress.C7.Sequence>
         <additionalNetworkNodeDiameterAddress.C8.Sequence>
            <diameter_Name.C0.BoxedType><Bytes>b2bb35300e00c55873</Bytes></diameter_Name.C0.BoxedType>
            <diameter_Realm.C1.BoxedType><Bytes>03d1166f7d28</Bytes></diameter_Realm.C1.BoxedType>
         </additionalNetworkNodeDiameterAddress.C8.Sequence>
         <thirdNumber.C9.Choice>
            <msc_Number.C0.BoxedType><AddressString.BoxedType><Bytes>6f21915024f6
                     <field name="extension" value="extension:0" type="EnumLong" lengthBit="1"/>
                     <field name="nature of address" value="abbreviated number:6" type="EnumLong" lengthBit="3"/>
                     <field name="numbering plan" value="reserved for extension:15" type="EnumLong" lengthBit="4"/>
                     <field name="digits" value="121905426" type="Number_BCD" length="9"/>
                  </Bytes></AddressString.BoxedType></msc_Number.C0.BoxedType>
            <sgsn_Number.C1.BoxedType><AddressString.BoxedType><Bytes>c49199332731
                     <field name="extension" value="no extension:1" type="EnumLong" lengthBit="1"/>
                     <field name="nature of address" value="subscriber number:4" type="EnumLong" lengthBit="3"/>
                     <field name="numbering plan" value="telex numbering plan (ITU-T Rec F.69):4" type="EnumLong" lengthBit="4"/>
                     <field name="digits" value="1999337213" type="Number_BCD" length="10"/>
                  </Bytes></AddressString.BoxedType></sgsn_Number.C1.BoxedType>
         </thirdNumber.C9.Choice>
         <thirdNetworkNodeDiameterAddress.C10.Sequence>
            <diameter_Name.C0.BoxedType><Bytes>1c1734cde3d4c2ed7d</Bytes></diameter_Name.C0.BoxedType>
            <diameter_Realm.C1.BoxedType><Bytes>f3e1</Bytes></diameter_Realm.C1.BoxedType>
         </thirdNetworkNodeDiameterAddress.C10.Sequence>
         <imsNodeIndicator.C11></imsNodeIndicator.C11>
      </locationInfoWithLMSI.C0.Sequence>
      <extensionContainer.C4.Sequence>
         <privateExtensionList.C0.BoxedType>
            <Collection>
               <PrivateExtension.Sequence>
                  <extId><ObjectIdentifier>0.1.2124.13.10.37.89.46.10</ObjectIdentifier></extId>
                  <extType>5ea656</extType>
               </PrivateExtension.Sequence>
               <PrivateExtension.Sequence>
                  <extId><ObjectIdentifier>0.1.2118.118.118.66.82</ObjectIdentifier></extId>
                  <extType>3350262b538bf6e1</extType>
               </PrivateExtension.Sequence>
               <PrivateExtension.Sequence>
                  <extId><ObjectIdentifier>0.1.2124.30.121.90.108.88.54.31.32.12</ObjectIdentifier></extId>
                  <extType>dd8b17fa946fef59</extType>
               </PrivateExtension.Sequence>
            </Collection>
         </privateExtensionList.C0.BoxedType>
         <pcs_Extensions.C1.Sequence>
            
         </pcs_Extensions.C1.Sequence>
      </extensionContainer.C4.Sequence>
      <ip_sm_gwGuidance.C5.Sequence>
         <minimumDeliveryTimeValue.BoxedType><Integer>2</Integer></minimumDeliveryTimeValue.BoxedType>
         <recommendedDeliveryTimeValue.BoxedType><Integer>0</Integer></recommendedDeliveryTimeValue.BoxedType>
         <extensionContainer.Sequence>
            <privateExtensionList.C0.BoxedType>
               <Collection>
                  <PrivateExtension.Sequence>
                     <extId><ObjectIdentifier>0.1.2100.110.28.68.45</ObjectIdentifier></extId>
                     <extType>077734</extType>
                  </PrivateExtension.Sequence>
                  <PrivateExtension.Sequence>
                     <extId><ObjectIdentifier>0.1.237.35.54.11.10.78.121.105.76</ObjectIdentifier></extId>
                     <extType>7820197f3867dc66a834</extType>
                  </PrivateExtension.Sequence>
                  <PrivateExtension.Sequence>
                     <extId><ObjectIdentifier>0.1.224.111</ObjectIdentifier></extId>
                     <extType>e67366d3</extType>
                  </PrivateExtension.Sequence>
               </Collection>
            </privateExtensionList.C0.BoxedType>
            <pcs_Extensions.C1.Sequence>
               
            </pcs_Extensions.C1.Sequence>
         </extensionContainer.Sequence>
      </ip_sm_gwGuidance.C5.Sequence>
   </RoutingInfoForSM_Res.Sequence>
</ASN>