<?xml version="1.0" encoding="ISO-8859-15"?>

<ASN layer="CAP">
   <RoutingInfoForSM_Arg.Sequence>
      <msisdn.C0.BoxedType><AddressString.BoxedType><Bytes>de04941879f3
               <field name="extension" value="no extension:1" type="EnumLong" lengthBit="1"/>
               <field name="nature of address" value="reserved:5" type="EnumLong" lengthBit="3"/>
               <field name="numbering plan" value="14" type="EnumLong" lengthBit="4"/>
               <field name="digits" value="404981973" type="Number_BCD" length="9"/>
            </Bytes></AddressString.BoxedType></msisdn.C0.BoxedType>
      <sm_RP_PRI.C1>true:1</sm_RP_PRI.C1>
      <serviceCentreAddress.C2.BoxedType><Bytes>711171429836
            <field name="extension" value="extension:0" type="EnumLong" lengthBit="1"/>
            <field name="nature of address" value="reserved for extension:7" type="EnumLong" lengthBit="3"/>
            <field name="numbering plan" value="ISDN/Telephony Numbering Plan (Rec ITU-T E.164):1" type="EnumLong" lengthBit="4"/>
            <field name="digits" value="1117248963" type="Number_BCD" length="10"/>
         </Bytes></serviceCentreAddress.C2.BoxedType>
      <extensionContainer.C6.Sequence>
         <privateExtensionList.C0.BoxedType>
            <Collection>
               <PrivateExtension.Sequence>
                  <extId><ObjectIdentifier>0.1.2117.99.58.109</ObjectIdentifier></extId>
                  <extType>a838b87b94a95dfcfc6b</extType>
               </PrivateExtension.Sequence>
               <PrivateExtension.Sequence>
                  <extId><ObjectIdentifier>0.1.271.54.66.78.93.119.22.67</ObjectIdentifier></extId>
                  <extType>c95e2d</extType>
               </PrivateExtension.Sequence>
               <PrivateExtension.Sequence>
                  <extId><ObjectIdentifier>0.1.213</ObjectIdentifier></extId>
                  <extType>bd70ae</extType>
               </PrivateExtension.Sequence>
            </Collection>
         </privateExtensionList.C0.BoxedType>
         <pcs_Extensions.C1.Sequence>
            
         </pcs_Extensions.C1.Sequence>
      </extensionContainer.C6.Sequence>
      <gprsSupportIndicator.C7></gprsSupportIndicator.C7>
      <sm_RP_MTI.C8.BoxedType><Integer>SMS Status Report:1</Integer></sm_RP_MTI.C8.BoxedType>
      <sm_RP_SMEA.C9.BoxedType><Bytes>092712992212f9
            <element label="Address" coding="DV" binary="2712992212f9">
               <field name="extension" value="extension:0" type="EnumLong" lengthBit="1"/>
               <field name="nature of address" value="national significant number:2" type="EnumLong" lengthBit="3"/>
               <field name="numbering plan" value="spare:7" type="EnumLong" lengthBit="4"/>
               <field name="digits" value="219922219" type="Number_BCD" length="9"/>
            </element>
         </Bytes></sm_RP_SMEA.C9.BoxedType>
      <sm_deliveryNotIntended.C10.Enum>
         <EnumType>onlyMCC_MNC_requested.1</EnumType>
      </sm_deliveryNotIntended.C10.Enum>
      <ip_sm_gwGuidanceIndicator.C11></ip_sm_gwGuidanceIndicator.C11>
      <imsi.C12.BoxedType><TBCD_STRING.BoxedType><Bytes>89114229f1
               <field name="digits" value="981124921" type="Number_BCD" length="9"/>
            </Bytes></TBCD_STRING.BoxedType></imsi.C12.BoxedType>
      <t4_Trigger_Indicator.C14></t4_Trigger_Indicator.C14>
      <singleAttemptDelivery.C13></singleAttemptDelivery.C13>
      <correlationID.C15.BoxedType><Digits.BoxedType><Bytes>ee849badca24c0</Bytes></Digits.BoxedType></correlationID.C15.BoxedType>
   </RoutingInfoForSM_Arg.Sequence>
</ASN>