<?xml version="1.0" encoding="ISO-8859-15"?>

<ASN layer="CAP">
   <SendGroupCallInfoArg.Sequence>
      <requestedInfo.Sequence>
         <locationInformation.C0></locationInformation.C0>
         <subscriberState.C1></subscriberState.C1>
         <extensionContainer.C2.Sequence>
            <privateExtensionList.C0.BoxedType>
               <Collection>
                  <PrivateExtension.Sequence>
                     <extId><ObjectIdentifier>0.1.2102.35.85.8.80.17.69.26.5</ObjectIdentifier></extId>
                     <extType>c23e</extType>
                  </PrivateExtension.Sequence>
                  <PrivateExtension.Sequence>
                     <extId><ObjectIdentifier>0.1.2</ObjectIdentifier></extId>
                     <extType>47dc84</extType>
                  </PrivateExtension.Sequence>
                  <PrivateExtension.Sequence>
                     <extId><ObjectIdentifier>0.1.259.38.61</ObjectIdentifier></extId>
                     <extType>a108fd82</extType>
                  </PrivateExtension.Sequence>
               </Collection>
            </privateExtensionList.C0.BoxedType>
            <pcs_Extensions.C1.Sequence>
               
            </pcs_Extensions.C1.Sequence>
         </extensionContainer.C2.Sequence>
         <currentLocation.C3></currentLocation.C3>
         <requestedDomain.C4.Enum>
            <EnumType>cs_Domain.0</EnumType>
         </requestedDomain.C4.Enum>
         <imei.C6></imei.C6>
         <ms_classmark.C5></ms_classmark.C5>
         <mnpRequestedInfo.C7></mnpRequestedInfo.C7>
         <locationInformationEPS_Supported.C11></locationInformationEPS_Supported.C11>
         <t_adsData.C8></t_adsData.C8>
         <requestedNodes.C9.BoxedType><BitString><BitString value="c9999a4bfc9e32f009cfbee28d45fad8" trailing="0"/></BitString></requestedNodes.C9.BoxedType>
         <servingNodeIndication.C10></servingNodeIndication.C10>
         <localTimeZoneRequest.C12></localTimeZoneRequest.C12>
      </requestedInfo.Sequence>
      <groupId.BoxedType><TBCD_STRING.BoxedType><Bytes>14399518f3
               <field name="digits" value="419359813" type="Number_BCD" length="9"/>
            </Bytes></TBCD_STRING.BoxedType></groupId.BoxedType>
      <teleservice.BoxedType><Bytes>128613564e
            <field name="Code" value="emergencyCalls:18" type="EnumLong" length="1"/>
            <field name="Extension data" value="8613564e" type="Binary" length="4"/>
         </Bytes></teleservice.BoxedType>
      <cellId.C0.BoxedType><Bytes>ddb890e4cce7e466e0</Bytes></cellId.C0.BoxedType>
      <imsi.C1.BoxedType><TBCD_STRING.BoxedType><Bytes>49060634f7
               <field name="digits" value="946060437" type="Number_BCD" length="9"/>
            </Bytes></TBCD_STRING.BoxedType></imsi.C1.BoxedType>
      <tmsi.C2.BoxedType><Bytes>f06c466f
            <field name="digits" value="f06c466f" type="Binary" length="4"/>
         </Bytes></tmsi.C2.BoxedType>
      <additionalInfo.C3.BoxedType><BitString><BitString value="1cb3" trailing="0"/></BitString></additionalInfo.C3.BoxedType>
      <talkerPriority.C4.Enum>
         <EnumType>normal.0</EnumType>
      </talkerPriority.C4.Enum>
      <cksn.C5.BoxedType><Bytes>b434</Bytes></cksn.C5.BoxedType>
      <extensionContainer.C6.Sequence>
         <privateExtensionList.C0.BoxedType>
            <Collection>
               <PrivateExtension.Sequence>
                  <extId><ObjectIdentifier>0.1.220.103.77.104.126</ObjectIdentifier></extId>
                  <extType>574040b4f6732925</extType>
               </PrivateExtension.Sequence>
               <PrivateExtension.Sequence>
                  <extId><ObjectIdentifier>0.1.2110.11.2.110.124.67.25.29</ObjectIdentifier></extId>
                  <extType>c5f0a0d96ce15f</extType>
               </PrivateExtension.Sequence>
               <PrivateExtension.Sequence>
                  <extId><ObjectIdentifier>0.1.25.45.1</ObjectIdentifier></extId>
                  <extType>6fa4c15310ce25ebfa</extType>
               </PrivateExtension.Sequence>
            </Collection>
         </privateExtensionList.C0.BoxedType>
         <pcs_Extensions.C1.Sequence>
            
         </pcs_Extensions.C1.Sequence>
      </extensionContainer.C6.Sequence>
   </SendGroupCallInfoArg.Sequence>
</ASN>