<?xml version="1.0" encoding="ISO-8859-15"?>

<ASN layer="CAP">
   <SendGroupCallEndSignalRes.Sequence><extensionContainer.Sequence>
         <privateExtensionList.C0.BoxedType>
            <Collection>
               <PrivateExtension.Sequence>
                  <extId><ObjectIdentifier>0.1.250.14.33.56.72.72.39.35.78</ObjectIdentifier></extId>
                  <extType>17c40df8d1532c861e</extType>
               </PrivateExtension.Sequence>
               <PrivateExtension.Sequence>
                  <extId><ObjectIdentifier>0.1.264</ObjectIdentifier></extId>
                  <extType>35a45582c5ed5a50f618</extType>
               </PrivateExtension.Sequence>
               <PrivateExtension.Sequence>
                  <extId><ObjectIdentifier>0.1.258.50.2.11.65.102.69.66.80.13</ObjectIdentifier></extId>
                  <extType>93e940</extType>
               </PrivateExtension.Sequence>
            </Collection>
         </privateExtensionList.C0.BoxedType>
         <pcs_Extensions.C1.Sequence>
            
         </pcs_Extensions.C1.Sequence>
      </extensionContainer.Sequence></SendGroupCallEndSignalRes.Sequence>
</ASN>