<?xml version="1.0" encoding="ISO-8859-15"?>

<ASN layer="CAP">
   <SendRoutingInfoForGprsRes.Sequence>
      <sgsn_Address.C0.BoxedType><Bytes>00b070462f
            <field name="Address type" value="IPV4:0" type="EnumLong" lengthBit="2"/>
            <field name="AddressLength" value="0" type="Integer" lengthBit="6"/>
            <field name="IPV4 address" value="176.112.70.47" type="IPV4Address" length="4"/>
         </Bytes></sgsn_Address.C0.BoxedType>
      <ggsn_Address.C1.BoxedType><Bytes>69d8442d5a
            <field name="Address type" value="IPV6:1" type="EnumLong" lengthBit="2"/>
            <field name="AddressLength" value="41" type="Integer" lengthBit="6"/>
            <field name="IPV4 address" value="216.68.45.90" type="IPV4Address" length="4"/>
         </Bytes></ggsn_Address.C1.BoxedType>
      <mobileNotReachableReason.C2.BoxedType><Integer>no paging response via the MSC:0</Integer></mobileNotReachableReason.C2.BoxedType>
      <extensionContainer.C3.Sequence>
         <privateExtensionList.C0.BoxedType>
            <Collection>
               <PrivateExtension.Sequence>
                  <extId><ObjectIdentifier>0.1.2117</ObjectIdentifier></extId>
                  <extType>6e66acd5fb14e1b46c</extType>
               </PrivateExtension.Sequence>
               <PrivateExtension.Sequence>
                  <extId><ObjectIdentifier>0.1.2</ObjectIdentifier></extId>
                  <extType>39b781</extType>
               </PrivateExtension.Sequence>
               <PrivateExtension.Sequence>
                  <extId><ObjectIdentifier>0.1.258.86.25</ObjectIdentifier></extId>
                  <extType>ca435164828dea</extType>
               </PrivateExtension.Sequence>
            </Collection>
         </privateExtensionList.C0.BoxedType>
         <pcs_Extensions.C1.Sequence>
            
         </pcs_Extensions.C1.Sequence>
      </extensionContainer.C3.Sequence>
   </SendRoutingInfoForGprsRes.Sequence>
</ASN>