<?xml version="1.0" encoding="ISO-8859-15"?>

<ASN layer="CAP">
   <SendAuthenticationInfoArg.Sequence>
      <imsi.C0.BoxedType><TBCD_STRING.BoxedType><Bytes>7147579439
               <field name="digits" value="1774754993" type="Number_BCD" length="10"/>
            </Bytes></TBCD_STRING.BoxedType></imsi.C0.BoxedType>
      <numberOfRequestedVectors.BoxedType><Integer>2</Integer></numberOfRequestedVectors.BoxedType>
      <segmentationProhibited></segmentationProhibited>
      <immediateResponsePreferred.C1></immediateResponsePreferred.C1>
      <re_synchronisationInfo.Sequence>
         <rand.BoxedType><Bytes>370a688c0a52</Bytes></rand.BoxedType>
         <auts.BoxedType><Bytes>046364ea3f9ee5fd</Bytes></auts.BoxedType>
      </re_synchronisationInfo.Sequence>
      <extensionContainer.C2.Sequence>
         <privateExtensionList.C0.BoxedType>
            <Collection>
               <PrivateExtension.Sequence>
                  <extId><ObjectIdentifier>0.1.2124.87.52.84.124</ObjectIdentifier></extId>
                  <extType>1b7e6af5</extType>
               </PrivateExtension.Sequence>
               <PrivateExtension.Sequence>
                  <extId><ObjectIdentifier>0.1.287.14</ObjectIdentifier></extId>
                  <extType>9748fdfa331e86</extType>
               </PrivateExtension.Sequence>
               <PrivateExtension.Sequence>
                  <extId><ObjectIdentifier>0.1.236.18.121.21.9</ObjectIdentifier></extId>
                  <extType>561073fa958bf75c</extType>
               </PrivateExtension.Sequence>
            </Collection>
         </privateExtensionList.C0.BoxedType>
         <pcs_Extensions.C1.Sequence>
            
         </pcs_Extensions.C1.Sequence>
      </extensionContainer.C2.Sequence>
      <requestingNodeType.C3.Enum>
         <EnumType>gan_aaa_server.4</EnumType>
      </requestingNodeType.C3.Enum>
      <requestingPLMN_Id.C4.BoxedType><Bytes>eade90</Bytes></requestingPLMN_Id.C4.BoxedType>
      <numberOfRequestedAdditional_Vectors.C5.BoxedType><Integer>2</Integer></numberOfRequestedAdditional_Vectors.C5.BoxedType>
      <additionalVectorsAreForEPS.C6></additionalVectorsAreForEPS.C6>
   </SendAuthenticationInfoArg.Sequence>
</ASN>