<?xml version="1.0" encoding="ISO-8859-15"?>

<ASN layer="CAP">
   <SendEndSignal_Res.Sequence><extensionContainer.C0.Sequence>
         <privateExtensionList.C0.BoxedType>
            <Collection>
               <PrivateExtension.Sequence>
                  <extId><ObjectIdentifier>0.1.2106</ObjectIdentifier></extId>
                  <extType>7e8d2a</extType>
               </PrivateExtension.Sequence>
               <PrivateExtension.Sequence>
                  <extId><ObjectIdentifier>0.1.214.67.30.99.118.96</ObjectIdentifier></extId>
                  <extType>33</extType>
               </PrivateExtension.Sequence>
               <PrivateExtension.Sequence>
                  <extId><ObjectIdentifier>0.1.252.73.53.6.96</ObjectIdentifier></extId>
                  <extType>5a2e5c41e0a406820f79</extType>
               </PrivateExtension.Sequence>
            </Collection>
         </privateExtensionList.C0.BoxedType>
         <pcs_Extensions.C1.Sequence>
            
         </pcs_Extensions.C1.Sequence>
      </extensionContainer.C0.Sequence></SendEndSignal_Res.Sequence>
</ASN>