<?xml version="1.0" encoding="ISO-8859-15"?>

<ASN layer="CAP">
   <SendIdentificationArg.Sequence>
      <tmsi.BoxedType><Bytes>081c7fe9
            <field name="digits" value="081c7fe9" type="Binary" length="4"/>
         </Bytes></tmsi.BoxedType>
      <numberOfRequestedVectors.BoxedType><Integer>2</Integer></numberOfRequestedVectors.BoxedType>
      <segmentationProhibited></segmentationProhibited>
      <extensionContainer.Sequence>
         <privateExtensionList.C0.BoxedType>
            <Collection>
               <PrivateExtension.Sequence>
                  <extId><ObjectIdentifier>0.1.227.28.54.59.28.22.53</ObjectIdentifier></extId>
                  <extType>df4d11</extType>
               </PrivateExtension.Sequence>
               <PrivateExtension.Sequence>
                  <extId><ObjectIdentifier>0.1.278.21.97.16.47.2.85</ObjectIdentifier></extId>
                  <extType>4cd782f37b0168c40f</extType>
               </PrivateExtension.Sequence>
               <PrivateExtension.Sequence>
                  <extId><ObjectIdentifier>0.1.278.72.20.8.27.105</ObjectIdentifier></extId>
                  <extType>f3</extType>
               </PrivateExtension.Sequence>
            </Collection>
         </privateExtensionList.C0.BoxedType>
         <pcs_Extensions.C1.Sequence>
            
         </pcs_Extensions.C1.Sequence>
      </extensionContainer.Sequence>
      <msc_Number.BoxedType><AddressString.BoxedType><Bytes>df0119584521
               <field name="extension" value="no extension:1" type="EnumLong" lengthBit="1"/>
               <field name="nature of address" value="reserved:5" type="EnumLong" lengthBit="3"/>
               <field name="numbering plan" value="reserved for extension:15" type="EnumLong" lengthBit="4"/>
               <field name="digits" value="1091855412" type="Number_BCD" length="10"/>
            </Bytes></AddressString.BoxedType></msc_Number.BoxedType>
      <previous_LAI.C0.BoxedType><Bytes>917571f5fa
            <field name="MMC" value="195,177" type="NumberMMC" length="3"/>
            <field name="LAC" value="62970" type="Integer" length="2"/>
         </Bytes></previous_LAI.C0.BoxedType>
      <hopCounter.C1.BoxedType><Integer>2</Integer></hopCounter.C1.BoxedType>
      <mtRoamingForwardingSupported.C2></mtRoamingForwardingSupported.C2>
      <newVLR_Number.C3.BoxedType><AddressString.BoxedType><Bytes>495138913710
               <field name="extension" value="extension:0" type="EnumLong" lengthBit="1"/>
               <field name="nature of address" value="subscriber number:4" type="EnumLong" lengthBit="3"/>
               <field name="numbering plan" value="private numbering plan:9" type="EnumLong" lengthBit="4"/>
               <field name="digits" value="1583197301" type="Number_BCD" length="10"/>
            </Bytes></AddressString.BoxedType></newVLR_Number.C3.BoxedType>
      <new_lmsi.C4.BoxedType><Bytes>a7a4
            <field name="digits" value="a7a4" type="Binary" length="2"/>
         </Bytes></new_lmsi.C4.BoxedType>
   </SendIdentificationArg.Sequence>
</ASN>