<?xml version="1.0" encoding="ISO-8859-15"?>

<ASN layer="CAP">
   <SendGroupCallEndSignalArg.Sequence>
      <imsi.BoxedType><TBCD_STRING.BoxedType><Bytes>2116548264
               <field name="digits" value="1261452846" type="Number_BCD" length="10"/>
            </Bytes></TBCD_STRING.BoxedType></imsi.BoxedType>
      <extensionContainer.Sequence>
         <privateExtensionList.C0.BoxedType>
            <Collection>
               <PrivateExtension.Sequence>
                  <extId><ObjectIdentifier>0.1.280.85.114.59</ObjectIdentifier></extId>
                  <extType>5bae25aa</extType>
               </PrivateExtension.Sequence>
               <PrivateExtension.Sequence>
                  <extId><ObjectIdentifier>0.1.2109.78.31</ObjectIdentifier></extId>
                  <extType>e96e1192ce449be28ffe</extType>
               </PrivateExtension.Sequence>
               <PrivateExtension.Sequence>
                  <extId><ObjectIdentifier>0.1.2113.62.15.85</ObjectIdentifier></extId>
                  <extType>0ecb215687c3d0</extType>
               </PrivateExtension.Sequence>
            </Collection>
         </privateExtensionList.C0.BoxedType>
         <pcs_Extensions.C1.Sequence>
            
         </pcs_Extensions.C1.Sequence>
      </extensionContainer.Sequence>
      <talkerPriority.C0.Enum>
         <EnumType>emergency.2</EnumType>
      </talkerPriority.C0.Enum>
      <additionalInfo.C1.BoxedType><BitString><BitString value="58432809a343b1e39120" trailing="0"/></BitString></additionalInfo.C1.BoxedType>
   </SendGroupCallEndSignalArg.Sequence>
</ASN>