<?xml version="1.0" encoding="ISO-8859-15"?>

<ASN layer="CAP">
   <SendRoutingInfoRes.BoxedType><SendRoutingInfoResSequenceType.C3.Sequence>
         <imsi.C9.BoxedType><TBCD_STRING.BoxedType><Bytes>23030402f9
                  <field name="digits" value="323040209" type="Number_BCD" length="9"/>
               </Bytes></TBCD_STRING.BoxedType></imsi.C9.BoxedType>
         <extendedRoutingInfo.Choice>
            <routingInfo.Choice>
               
            </routingInfo.Choice>
         </extendedRoutingInfo.Choice>
         <vmsc_Address.C2.BoxedType><AddressString.BoxedType><Bytes>c1305585062f
                  <field name="extension" value="no extension:1" type="EnumLong" lengthBit="1"/>
                  <field name="nature of address" value="subscriber number:4" type="EnumLong" lengthBit="3"/>
                  <field name="numbering plan" value="ISDN/Telephony Numbering Plan (Rec ITU-T E.164):1" type="EnumLong" lengthBit="4"/>
                  <field name="digits" value="03555860f2" type="Number_BCD" length="10"/>
               </Bytes></AddressString.BoxedType></vmsc_Address.C2.BoxedType>
      </SendRoutingInfoResSequenceType.C3.Sequence></SendRoutingInfoRes.BoxedType>
</ASN>