<?xml version="1.0" encoding="ISO-8859-15"?>

<ASN layer="CAP">
   <SendRoutingInfoForGprsArg.Sequence>
      <imsi.C0.BoxedType><TBCD_STRING.BoxedType><Bytes>0178927894
               <field name="digits" value="1087298749" type="Number_BCD" length="10"/>
            </Bytes></TBCD_STRING.BoxedType></imsi.C0.BoxedType>
      <ggsn_Address.C1.BoxedType><Bytes>bd4a339ca2
            <field name="Address type" value="2" type="EnumLong" lengthBit="2"/>
            <field name="AddressLength" value="61" type="Integer" lengthBit="6"/>
            <field name="IPV4 address" value="74.51.156.162" type="IPV4Address" length="4"/>
         </Bytes></ggsn_Address.C1.BoxedType>
      <ggsn_Number.C2.BoxedType><AddressString.BoxedType><Bytes>436162025028
               <field name="extension" value="extension:0" type="EnumLong" lengthBit="1"/>
               <field name="nature of address" value="subscriber number:4" type="EnumLong" lengthBit="3"/>
               <field name="numbering plan" value="data numbering plan (ITU-T Rec X.121):3" type="EnumLong" lengthBit="4"/>
               <field name="digits" value="1626200582" type="Number_BCD" length="10"/>
            </Bytes></AddressString.BoxedType></ggsn_Number.C2.BoxedType>
      <extensionContainer.C3.Sequence>
         <privateExtensionList.C0.BoxedType>
            <Collection>
               <PrivateExtension.Sequence>
                  <extId><ObjectIdentifier>0.1.218.116.41.100.28.66.93.66.4</ObjectIdentifier></extId>
                  <extType>21e471ab673f</extType>
               </PrivateExtension.Sequence>
               <PrivateExtension.Sequence>
                  <extId><ObjectIdentifier>0.1.238.113.76.1.14.78.32.39.20</ObjectIdentifier></extId>
                  <extType>f141</extType>
               </PrivateExtension.Sequence>
               <PrivateExtension.Sequence>
                  <extId><ObjectIdentifier>0.1.220.22.15.25</ObjectIdentifier></extId>
                  <extType>30d34184</extType>
               </PrivateExtension.Sequence>
            </Collection>
         </privateExtensionList.C0.BoxedType>
         <pcs_Extensions.C1.Sequence>
            
         </pcs_Extensions.C1.Sequence>
      </extensionContainer.C3.Sequence>
   </SendRoutingInfoForGprsArg.Sequence>
</ASN>