<?xml version="1.0" encoding="ISO-8859-15"?>

<ASN layer="CAP">
   <SendChargingInformationArg.Sequence>
      <sCIBillingChargingCharacteristics.C0.BoxedType><Bytes>96f3</Bytes></sCIBillingChargingCharacteristics.C0.BoxedType>
      <partyToCharge.C1.Choice><sendingSideID.C0.BoxedType><Bytes>01
               <field name="LegType" value="leg1 LegType:1" type="EnumLong" length="1"/>
            </Bytes></sendingSideID.C0.BoxedType></partyToCharge.C1.Choice>
      <extensions.C2.BoxedType>
         <Collection>
            <ExtensionField.Sequence>
               <type.Choice>
                  <local>3022493605</local>
                  <global><ObjectIdentifier>0.1.2102</ObjectIdentifier></global>
               </type.Choice>
               <criticality.nulld.Enum>
                  <EnumType>ignore.0</EnumType>
               </criticality.nulld.Enum>
               <NullObject.C1></NullObject.C1>
            </ExtensionField.Sequence>
            <ExtensionField.Sequence>
               <type.Choice>
                  <local>3669998443</local>
                  <global><ObjectIdentifier>0.1.2100.97.49.69.75</ObjectIdentifier></global>
               </type.Choice>
               <criticality.nulld.Enum>
                  <EnumType>abort.1</EnumType>
               </criticality.nulld.Enum>
               <NullObject.C1></NullObject.C1>
            </ExtensionField.Sequence>
            <ExtensionField.Sequence>
               <type.Choice>
                  <local>1926120487</local>
                  <global><ObjectIdentifier>0.1.284.65.33</ObjectIdentifier></global>
               </type.Choice>
               <criticality.nulld.Enum>
                  <EnumType>abort.1</EnumType>
               </criticality.nulld.Enum>
               <NullObject.C1></NullObject.C1>
            </ExtensionField.Sequence>
         </Collection>
      </extensions.C2.BoxedType>
   </SendChargingInformationArg.Sequence>
</ASN>