<?xml version="1.0" encoding="ISO-8859-15"?>

<ASN layer="CAP">
   <SendAuthenticationInfoRes.BoxedType><SendAuthenticationInfoResSequenceType.C3.Sequence>
         <authenticationSetList.Choice>
            <tripletList.C0.BoxedType>
               <Collection>
                  <AuthenticationTriplet.Sequence>
                     <rand.BoxedType><Bytes>752d76</Bytes></rand.BoxedType>
                     <sres.BoxedType><Bytes>f002</Bytes></sres.BoxedType>
                     <kc.BoxedType><Bytes>76c0da4174</Bytes></kc.BoxedType>
                  </AuthenticationTriplet.Sequence>
                  <AuthenticationTriplet.Sequence>
                     <rand.BoxedType><Bytes>1f7ac2789ae4f6192b04</Bytes></rand.BoxedType>
                     <sres.BoxedType><Bytes>a2a6139af8474324</Bytes></sres.BoxedType>
                     <kc.BoxedType><Bytes>c31a3846340d32</Bytes></kc.BoxedType>
                  </AuthenticationTriplet.Sequence>
                  <AuthenticationTriplet.Sequence>
                     <rand.BoxedType><Bytes>66ee</Bytes></rand.BoxedType>
                     <sres.BoxedType><Bytes>03e02f4685883e</Bytes></sres.BoxedType>
                     <kc.BoxedType><Bytes>c3d1091f028a459d3c</Bytes></kc.BoxedType>
                  </AuthenticationTriplet.Sequence>
               </Collection>
            </tripletList.C0.BoxedType>
            <quintupletList.C1.BoxedType>
               <Collection>
                  <AuthenticationQuintuplet.Sequence>
                     <rand.BoxedType><Bytes>904aceb14e393c13</Bytes></rand.BoxedType>
                     <xres.BoxedType><Bytes>f905bf4f22c32a0c24</Bytes></xres.BoxedType>
                     <ck.BoxedType><Bytes>0a954e39a8cd</Bytes></ck.BoxedType>
                     <ik.BoxedType><Bytes>fc</Bytes></ik.BoxedType>
                     <autn.BoxedType><Bytes>13162d93e3</Bytes></autn.BoxedType>
                  </AuthenticationQuintuplet.Sequence>
                  <AuthenticationQuintuplet.Sequence>
                     <rand.BoxedType><Bytes>fedf8709e0b73b70</Bytes></rand.BoxedType>
                     <xres.BoxedType><Bytes>537c1dccd22778bd6084</Bytes></xres.BoxedType>
                     <ck.BoxedType><Bytes>cdbf6f3eb8b534e4</Bytes></ck.BoxedType>
                     <ik.BoxedType><Bytes>5fba1c</Bytes></ik.BoxedType>
                     <autn.BoxedType><Bytes>0f9f4be935235a02ac7a</Bytes></autn.BoxedType>
                  </AuthenticationQuintuplet.Sequence>
                  <AuthenticationQuintuplet.Sequence>
                     <rand.BoxedType><Bytes>17bdbe79bbac495aa1</Bytes></rand.BoxedType>
                     <xres.BoxedType><Bytes>35ade8</Bytes></xres.BoxedType>
                     <ck.BoxedType><Bytes>2a329e35e38bf82439</Bytes></ck.BoxedType>
                     <ik.BoxedType><Bytes>e3a2769b9dccd9</Bytes></ik.BoxedType>
                     <autn.BoxedType><Bytes>2b38da</Bytes></autn.BoxedType>
                  </AuthenticationQuintuplet.Sequence>
               </Collection>
            </quintupletList.C1.BoxedType>
         </authenticationSetList.Choice>
         <extensionContainer.Sequence>
            <privateExtensionList.C0.BoxedType>
               <Collection>
                  <PrivateExtension.Sequence>
                     <extId><ObjectIdentifier>0.1.231.60.108.45</ObjectIdentifier></extId>
                     <extType>63edbe</extType>
                  </PrivateExtension.Sequence>
                  <PrivateExtension.Sequence>
                     <extId><ObjectIdentifier>0.1.278</ObjectIdentifier></extId>
                     <extType>9f3e2aac</extType>
                  </PrivateExtension.Sequence>
                  <PrivateExtension.Sequence>
                     <extId><ObjectIdentifier>0.1.286.50</ObjectIdentifier></extId>
                     <extType>1c8d</extType>
                  </PrivateExtension.Sequence>
               </Collection>
            </privateExtensionList.C0.BoxedType>
            <pcs_Extensions.C1.Sequence>
               
            </pcs_Extensions.C1.Sequence>
         </extensionContainer.Sequence>
         <eps_AuthenticationSetList.C2.BoxedType>
            <Collection>
               <EPC_AV.Sequence>
                  <rand.BoxedType><Bytes>d48b7f785e3782</Bytes></rand.BoxedType>
                  <xres.BoxedType><Bytes>c3d14bb99826a872</Bytes></xres.BoxedType>
                  <autn.BoxedType><Bytes>565d</Bytes></autn.BoxedType>
                  <kasme.BoxedType><Bytes>28b6d866ebbfcc</Bytes></kasme.BoxedType>
                  <extensionContainer.Sequence>
                     <privateExtensionList.C0.BoxedType>
                        <Collection>
                           <PrivateExtension.Sequence>
                              <extId><ObjectIdentifier>0.1.237.3.126.23.94.38.12.116.5.109</ObjectIdentifier></extId>
                              <extType>a514</extType>
                           </PrivateExtension.Sequence>
                           <PrivateExtension.Sequence>
                              <extId><ObjectIdentifier>0.1.2</ObjectIdentifier></extId>
                              <extType>08e7e8bb118f55</extType>
                           </PrivateExtension.Sequence>
                           <PrivateExtension.Sequence>
                              <extId><ObjectIdentifier>0.1.241.18.44.15.91.91.124.92</ObjectIdentifier></extId>
                              <extType>cb90ca31</extType>
                           </PrivateExtension.Sequence>
                        </Collection>
                     </privateExtensionList.C0.BoxedType>
                     <pcs_Extensions.C1.Sequence>
                        
                     </pcs_Extensions.C1.Sequence>
                  </extensionContainer.Sequence>
               </EPC_AV.Sequence>
               <EPC_AV.Sequence>
                  <rand.BoxedType><Bytes>4c974238</Bytes></rand.BoxedType>
                  <xres.BoxedType><Bytes>e1e0f50b74</Bytes></xres.BoxedType>
                  <autn.BoxedType><Bytes>39936cad21104f</Bytes></autn.BoxedType>
                  <kasme.BoxedType><Bytes>f257977f0e82</Bytes></kasme.BoxedType>
                  <extensionContainer.Sequence>
                     <privateExtensionList.C0.BoxedType>
                        <Collection>
                           <PrivateExtension.Sequence>
                              <extId><ObjectIdentifier>0.1.2120.12.123.45</ObjectIdentifier></extId>
                              <extType>f54010c81931e21b</extType>
                           </PrivateExtension.Sequence>
                           <PrivateExtension.Sequence>
                              <extId><ObjectIdentifier>0.1.2121.101.58.46.11.80.120</ObjectIdentifier></extId>
                              <extType>88bd9e3e</extType>
                           </PrivateExtension.Sequence>
                           <PrivateExtension.Sequence>
                              <extId><ObjectIdentifier>0.1.2126.0.73</ObjectIdentifier></extId>
                              <extType>6fc5663c11b4</extType>
                           </PrivateExtension.Sequence>
                        </Collection>
                     </privateExtensionList.C0.BoxedType>
                     <pcs_Extensions.C1.Sequence>
                        
                     </pcs_Extensions.C1.Sequence>
                  </extensionContainer.Sequence>
               </EPC_AV.Sequence>
               <EPC_AV.Sequence>
                  <rand.BoxedType><Bytes>94c6e9</Bytes></rand.BoxedType>
                  <xres.BoxedType><Bytes>7f88231b3f72fb28</Bytes></xres.BoxedType>
                  <autn.BoxedType><Bytes>265715</Bytes></autn.BoxedType>
                  <kasme.BoxedType><Bytes>fc2a</Bytes></kasme.BoxedType>
                  <extensionContainer.Sequence>
                     <privateExtensionList.C0.BoxedType>
                        <Collection>
                           <PrivateExtension.Sequence>
                              <extId><ObjectIdentifier>0.1.260.56.96.39.95.21.9.66</ObjectIdentifier></extId>
                              <extType>2509089776</extType>
                           </PrivateExtension.Sequence>
                           <PrivateExtension.Sequence>
                              <extId><ObjectIdentifier>0.1.21</ObjectIdentifier></extId>
                              <extType>8e9eb8c4</extType>
                           </PrivateExtension.Sequence>
                           <PrivateExtension.Sequence>
                              <extId><ObjectIdentifier>0.1.27.38.64.23</ObjectIdentifier></extId>
                              <extType>f7200d</extType>
                           </PrivateExtension.Sequence>
                        </Collection>
                     </privateExtensionList.C0.BoxedType>
                     <pcs_Extensions.C1.Sequence>
                        
                     </pcs_Extensions.C1.Sequence>
                  </extensionContainer.Sequence>
               </EPC_AV.Sequence>
            </Collection>
         </eps_AuthenticationSetList.C2.BoxedType>
      </SendAuthenticationInfoResSequenceType.C3.Sequence></SendAuthenticationInfoRes.BoxedType>
</ASN>