<?xml version="1.0" encoding="ISO-8859-15"?>

<ASN layer="CAP">
   <SendRoutingInfoArg.Sequence>
      <msisdn.C0.BoxedType><AddressString.BoxedType><Bytes>700160211833
               <field name="extension" value="extension:0" type="EnumLong" lengthBit="1"/>
               <field name="nature of address" value="reserved for extension:7" type="EnumLong" lengthBit="3"/>
               <field name="numbering plan" value="unknown:0" type="EnumLong" lengthBit="4"/>
               <field name="digits" value="1006128133" type="Number_BCD" length="10"/>
            </Bytes></AddressString.BoxedType></msisdn.C0.BoxedType>
      <cug_CheckInfo.C1.Sequence>
         <cug_Interlock.BoxedType><Bytes>1c</Bytes></cug_Interlock.BoxedType>
         <cug_OutgoingAccess></cug_OutgoingAccess>
         <extensionContainer.Sequence>
            <privateExtensionList.C0.BoxedType>
               <Collection>
                  <PrivateExtension.Sequence>
                     <extId><ObjectIdentifier>0.1.2101</ObjectIdentifier></extId>
                     <extType>687377cafefec5</extType>
                  </PrivateExtension.Sequence>
                  <PrivateExtension.Sequence>
                     <extId><ObjectIdentifier>0.1.2102.104.2</ObjectIdentifier></extId>
                     <extType>079ce861eb0f</extType>
                  </PrivateExtension.Sequence>
                  <PrivateExtension.Sequence>
                     <extId><ObjectIdentifier>0.1.288.35.124.83.95.121.29.121.18.111</ObjectIdentifier></extId>
                     <extType>f94300ab91e6e660fe59</extType>
                  </PrivateExtension.Sequence>
               </Collection>
            </privateExtensionList.C0.BoxedType>
            <pcs_Extensions.C1.Sequence>
               
            </pcs_Extensions.C1.Sequence>
         </extensionContainer.Sequence>
      </cug_CheckInfo.C1.Sequence>
      <numberOfForwarding.C2.BoxedType><Integer>1</Integer></numberOfForwarding.C2.BoxedType>
      <interrogationType.C3.Enum>
         <EnumType>forwarding.1</EnumType>
      </interrogationType.C3.Enum>
      <or_Interrogation.C4></or_Interrogation.C4>
      <or_Capability.C5.BoxedType><Integer>0</Integer></or_Capability.C5.BoxedType>
      <gmsc_OrGsmSCF_Address.C6.BoxedType><AddressString.BoxedType><Bytes>cc4197339394
               <field name="extension" value="no extension:1" type="EnumLong" lengthBit="1"/>
               <field name="nature of address" value="subscriber number:4" type="EnumLong" lengthBit="3"/>
               <field name="numbering plan" value="12" type="EnumLong" lengthBit="4"/>
               <field name="digits" value="1479333949" type="Number_BCD" length="10"/>
            </Bytes></AddressString.BoxedType></gmsc_OrGsmSCF_Address.C6.BoxedType>
      <callReferenceNumber.C7.BoxedType><Bytes>909f1ba5</Bytes></callReferenceNumber.C7.BoxedType>
      <forwardingReason.C8.Enum>
         <EnumType>noReply.2</EnumType>
      </forwardingReason.C8.Enum>
      <basicServiceGroup.C9.Choice>
         <ext_BearerService.C2.BoxedType><Bytes>887012bd13a9cd</Bytes></ext_BearerService.C2.BoxedType>
         <ext_Teleservice.C3.BoxedType><Bytes>8e0c4859f4
               <field name="Code" value="142" type="EnumLong" length="1"/>
               <field name="Extension data" value="0c4859f4" type="Binary" length="4"/>
            </Bytes></ext_Teleservice.C3.BoxedType>
      </basicServiceGroup.C9.Choice>
      <networkSignalInfo.C10.Sequence>
         <protocolId.Enum>
            <EnumType>gsm_BSSMAP.3</EnumType>
         </protocolId.Enum>
         <signalInfo.BoxedType><Bytes>66b8874add</Bytes></signalInfo.BoxedType>
         <extensionContainer.Sequence>
            <privateExtensionList.C0.BoxedType>
               <Collection>
                  <PrivateExtension.Sequence>
                     <extId><ObjectIdentifier>0.1.274.38.121.115.35.48.83.26.94</ObjectIdentifier></extId>
                     <extType>8ed2bc57ecc9ebf2d5</extType>
                  </PrivateExtension.Sequence>
                  <PrivateExtension.Sequence>
                     <extId><ObjectIdentifier>0.1.260.25.10.100.2.84</ObjectIdentifier></extId>
                     <extType>884524c4dc</extType>
                  </PrivateExtension.Sequence>
                  <PrivateExtension.Sequence>
                     <extId><ObjectIdentifier>0.1.2125.117</ObjectIdentifier></extId>
                     <extType>79e2</extType>
                  </PrivateExtension.Sequence>
               </Collection>
            </privateExtensionList.C0.BoxedType>
            <pcs_Extensions.C1.Sequence>
               
            </pcs_Extensions.C1.Sequence>
         </extensionContainer.Sequence>
      </networkSignalInfo.C10.Sequence>
      <camelInfo.C11.Sequence>
         <supportedCamelPhases.BoxedType><BitString><BitString value="" trailing="0"/></BitString></supportedCamelPhases.BoxedType>
         <suppress_T_CSI></suppress_T_CSI>
         <extensionContainer.Sequence>
            <privateExtensionList.C0.BoxedType>
               <Collection>
                  <PrivateExtension.Sequence>
                     <extId><ObjectIdentifier>0.1.2125.119.46.88.126</ObjectIdentifier></extId>
                     <extType>2a2cc7dc818faa</extType>
                  </PrivateExtension.Sequence>
                  <PrivateExtension.Sequence>
                     <extId><ObjectIdentifier>0.1.2102.89.72.82</ObjectIdentifier></extId>
                     <extType>40419b91127756</extType>
                  </PrivateExtension.Sequence>
                  <PrivateExtension.Sequence>
                     <extId><ObjectIdentifier>0.1.2121.126.12.53.108.105.63.94.52</ObjectIdentifier></extId>
                     <extType>f0be34cdabe9dc</extType>
                  </PrivateExtension.Sequence>
               </Collection>
            </privateExtensionList.C0.BoxedType>
            <pcs_Extensions.C1.Sequence>
               
            </pcs_Extensions.C1.Sequence>
         </extensionContainer.Sequence>
         <offeredCamel4CSIs.C0.BoxedType><BitString><BitString value="91fe59" trailing="0"/></BitString></offeredCamel4CSIs.C0.BoxedType>
      </camelInfo.C11.Sequence>
      <suppressionOfAnnouncement.C12.Null>
         
      </suppressionOfAnnouncement.C12.Null>
      <extensionContainer.C13.Sequence>
         <privateExtensionList.C0.BoxedType>
            <Collection>
               <PrivateExtension.Sequence>
                  <extId><ObjectIdentifier>0.1.225</ObjectIdentifier></extId>
                  <extType>059b</extType>
               </PrivateExtension.Sequence>
               <PrivateExtension.Sequence>
                  <extId><ObjectIdentifier>0.1.2125.106.96.60.23.112.65</ObjectIdentifier></extId>
                  <extType>cb32a0</extType>
               </PrivateExtension.Sequence>
               <PrivateExtension.Sequence>
                  <extId><ObjectIdentifier>0.1.257.12.36</ObjectIdentifier></extId>
                  <extType>dc10cd2224572ff5</extType>
               </PrivateExtension.Sequence>
            </Collection>
         </privateExtensionList.C0.BoxedType>
         <pcs_Extensions.C1.Sequence>
            
         </pcs_Extensions.C1.Sequence>
      </extensionContainer.C13.Sequence>
      <alertingPattern.C14.BoxedType><Bytes>fbf2feb4d00d38</Bytes></alertingPattern.C14.BoxedType>
      <ccbs_Call.C15></ccbs_Call.C15>
      <supportedCCBS_Phase.C16.BoxedType><Integer>2</Integer></supportedCCBS_Phase.C16.BoxedType>
      <additionalSignalInfo.C17.Sequence>
         <ext_ProtocolId.Enum>
            <EnumType>ets_300356.1</EnumType>
         </ext_ProtocolId.Enum>
         <signalInfo.BoxedType><Bytes>13e100365819584a</Bytes></signalInfo.BoxedType>
         <extensionContainer.Sequence>
            <privateExtensionList.C0.BoxedType>
               <Collection>
                  <PrivateExtension.Sequence>
                     <extId><ObjectIdentifier>0.1.268.113.19.114.84</ObjectIdentifier></extId>
                     <extType>6aa9d3146b06</extType>
                  </PrivateExtension.Sequence>
                  <PrivateExtension.Sequence>
                     <extId><ObjectIdentifier>0.1.275.91.52.63.87.127</ObjectIdentifier></extId>
                     <extType>a716c1e94e</extType>
                  </PrivateExtension.Sequence>
                  <PrivateExtension.Sequence>
                     <extId><ObjectIdentifier>0.1.278.89.20.84.42</ObjectIdentifier></extId>
                     <extType>6c2e8dede8e380a6</extType>
                  </PrivateExtension.Sequence>
               </Collection>
            </privateExtensionList.C0.BoxedType>
            <pcs_Extensions.C1.Sequence>
               
            </pcs_Extensions.C1.Sequence>
         </extensionContainer.Sequence>
      </additionalSignalInfo.C17.Sequence>
      <istSupportIndicator.C18.Enum>
         <EnumType>istCommandSupported.1</EnumType>
      </istSupportIndicator.C18.Enum>
      <pre_pagingSupported.C19></pre_pagingSupported.C19>
      <callDiversionTreatmentIndicator.C20.BoxedType><Bytes>54843b3f2ee8a74b1d</Bytes></callDiversionTreatmentIndicator.C20.BoxedType>
      <longFTN_Supported.C21></longFTN_Supported.C21>
      <suppress_VT_CSI.C22></suppress_VT_CSI.C22>
      <suppressIncomingCallBarring.C23></suppressIncomingCallBarring.C23>
      <gsmSCF_InitiatedCall.C24></gsmSCF_InitiatedCall.C24>
      <basicServiceGroup2.C25.Choice>
         <ext_BearerService.C2.BoxedType><Bytes>20fe8dac</Bytes></ext_BearerService.C2.BoxedType>
         <ext_Teleservice.C3.BoxedType><Bytes>da24eceb51
               <field name="Code" value="plmn-specificTS-A:218" type="EnumLong" length="1"/>
               <field name="Extension data" value="24eceb51" type="Binary" length="4"/>
            </Bytes></ext_Teleservice.C3.BoxedType>
      </basicServiceGroup2.C25.Choice>
      <networkSignalInfo2.C26.Sequence>
         <protocolId.Enum>
            <EnumType>gsm_0408.1</EnumType>
         </protocolId.Enum>
         <signalInfo.BoxedType><Bytes>a2708f1cc8876ff2ae7e</Bytes></signalInfo.BoxedType>
         <extensionContainer.Sequence>
            <privateExtensionList.C0.BoxedType>
               <Collection>
                  <PrivateExtension.Sequence>
                     <extId><ObjectIdentifier>0.1.2124.28.52</ObjectIdentifier></extId>
                     <extType>4d74dc6a2bc9376e</extType>
                  </PrivateExtension.Sequence>
                  <PrivateExtension.Sequence>
                     <extId><ObjectIdentifier>0.1.242.60.100.68.115.120.87.54.54</ObjectIdentifier></extId>
                     <extType>86229ca3fa4f95</extType>
                  </PrivateExtension.Sequence>
                  <PrivateExtension.Sequence>
                     <extId><ObjectIdentifier>0.1.2109.7.14.10.59.76.3</ObjectIdentifier></extId>
                     <extType>70833779a523</extType>
                  </PrivateExtension.Sequence>
               </Collection>
            </privateExtensionList.C0.BoxedType>
            <pcs_Extensions.C1.Sequence>
               
            </pcs_Extensions.C1.Sequence>
         </extensionContainer.Sequence>
      </networkSignalInfo2.C26.Sequence>
      <suppressMTSS.C27.BoxedType><BitString><BitString value="76ba87412f1e59867544f3e37d" trailing="0"/></BitString></suppressMTSS.C27.BoxedType>
      <mtRoamingRetrySupported.C28></mtRoamingRetrySupported.C28>
      <callPriority.C29.BoxedType><Integer>1</Integer></callPriority.C29.BoxedType>
   </SendRoutingInfoArg.Sequence>
</ASN>