<?xml version="1.0" encoding="ISO-8859-15"?>

<ASN layer="CAP">
   <SendIdentificationRes.BoxedType><SendIdentificationResSequenceType.C3.Sequence>
         <imsi.BoxedType><TBCD_STRING.BoxedType><Bytes>82924122
                  <field name="digits" value="28291422" type="Number_BCD" length="8"/>
               </Bytes></TBCD_STRING.BoxedType></imsi.BoxedType>
         <authenticationSetList.Choice>
            <tripletList.C0.BoxedType>
               <Collection>
                  <AuthenticationTriplet.Sequence>
                     <rand.BoxedType><Bytes>256f5086</Bytes></rand.BoxedType>
                     <sres.BoxedType><Bytes>d72d</Bytes></sres.BoxedType>
                     <kc.BoxedType><Bytes>268c423eb7ee2d4a</Bytes></kc.BoxedType>
                  </AuthenticationTriplet.Sequence>
                  <AuthenticationTriplet.Sequence>
                     <rand.BoxedType><Bytes>fff064554612</Bytes></rand.BoxedType>
                     <sres.BoxedType><Bytes>919f1ee1</Bytes></sres.BoxedType>
                     <kc.BoxedType><Bytes>978db412</Bytes></kc.BoxedType>
                  </AuthenticationTriplet.Sequence>
                  <AuthenticationTriplet.Sequence>
                     <rand.BoxedType><Bytes>1e66e835</Bytes></rand.BoxedType>
                     <sres.BoxedType><Bytes>bd99fb14d6</Bytes></sres.BoxedType>
                     <kc.BoxedType><Bytes>0d846466c4139ff8bb1b</Bytes></kc.BoxedType>
                  </AuthenticationTriplet.Sequence>
               </Collection>
            </tripletList.C0.BoxedType>
            <quintupletList.C1.BoxedType>
               <Collection>
                  <AuthenticationQuintuplet.Sequence>
                     <rand.BoxedType><Bytes>d5ddcaf54c28b0ed27</Bytes></rand.BoxedType>
                     <xres.BoxedType><Bytes>f3</Bytes></xres.BoxedType>
                     <ck.BoxedType><Bytes>524c</Bytes></ck.BoxedType>
                     <ik.BoxedType><Bytes>320dc3</Bytes></ik.BoxedType>
                     <autn.BoxedType><Bytes>970bb1</Bytes></autn.BoxedType>
                  </AuthenticationQuintuplet.Sequence>
                  <AuthenticationQuintuplet.Sequence>
                     <rand.BoxedType><Bytes>df0d</Bytes></rand.BoxedType>
                     <xres.BoxedType><Bytes>6a7a6b540dbd36eada</Bytes></xres.BoxedType>
                     <ck.BoxedType><Bytes>6b8f</Bytes></ck.BoxedType>
                     <ik.BoxedType><Bytes>f9770c22faf8dec3f4</Bytes></ik.BoxedType>
                     <autn.BoxedType><Bytes>f0f85428</Bytes></autn.BoxedType>
                  </AuthenticationQuintuplet.Sequence>
                  <AuthenticationQuintuplet.Sequence>
                     <rand.BoxedType><Bytes>5e7da80b2f</Bytes></rand.BoxedType>
                     <xres.BoxedType><Bytes>dc71</Bytes></xres.BoxedType>
                     <ck.BoxedType><Bytes>139da388655d5707fb</Bytes></ck.BoxedType>
                     <ik.BoxedType><Bytes>c79494dee600f3</Bytes></ik.BoxedType>
                     <autn.BoxedType><Bytes>d38054c1</Bytes></autn.BoxedType>
                  </AuthenticationQuintuplet.Sequence>
               </Collection>
            </quintupletList.C1.BoxedType>
         </authenticationSetList.Choice>
         <currentSecurityContext.C2.Choice>
            <gsm_SecurityContextData.C0.Sequence>
               <kc.BoxedType><Bytes>dfab203b3c7b8b</Bytes></kc.BoxedType>
               <cksn.BoxedType><Bytes>46303ab01f</Bytes></cksn.BoxedType>
            </gsm_SecurityContextData.C0.Sequence>
            <umts_SecurityContextData.C1.Sequence>
               <ck.BoxedType><Bytes>6736eee7808c6fe0</Bytes></ck.BoxedType>
               <ik.BoxedType><Bytes>0dc4</Bytes></ik.BoxedType>
               <ksi.BoxedType><Bytes>2b84e6</Bytes></ksi.BoxedType>
            </umts_SecurityContextData.C1.Sequence>
         </currentSecurityContext.C2.Choice>
         <extensionContainer.C3.Sequence>
            <privateExtensionList.C0.BoxedType>
               <Collection>
                  <PrivateExtension.Sequence>
                     <extId><ObjectIdentifier>0.1.256.69.0.63.7.20.10.97</ObjectIdentifier></extId>
                     <extType>5511c50251bbef</extType>
                  </PrivateExtension.Sequence>
                  <PrivateExtension.Sequence>
                     <extId><ObjectIdentifier>0.1.299.76.119.50.102</ObjectIdentifier></extId>
                     <extType>3d5cbf81450abe</extType>
                  </PrivateExtension.Sequence>
                  <PrivateExtension.Sequence>
                     <extId><ObjectIdentifier>0.1.2114.80.52.28.72.112</ObjectIdentifier></extId>
                     <extType>47996098b822</extType>
                  </PrivateExtension.Sequence>
               </Collection>
            </privateExtensionList.C0.BoxedType>
            <pcs_Extensions.C1.Sequence>
               
            </pcs_Extensions.C1.Sequence>
         </extensionContainer.C3.Sequence>
         <lastUsedLtePLMN_Id.C4.BoxedType><Bytes>0eb11b</Bytes></lastUsedLtePLMN_Id.C4.BoxedType>
         <mtCallPendingFlag.C5></mtCallPendingFlag.C5>
      </SendIdentificationResSequenceType.C3.Sequence></SendIdentificationRes.BoxedType>
</ASN>