<?xml version="1.0" encoding="ISO-8859-15"?>

<ASN layer="CAP">
   <SendGroupCallInfoRes.Sequence>
      <anchorMSC_Address.C0.BoxedType><AddressString.BoxedType><Bytes>f24139955443
               <field name="extension" value="no extension:1" type="EnumLong" lengthBit="1"/>
               <field name="nature of address" value="reserved for extension:7" type="EnumLong" lengthBit="3"/>
               <field name="numbering plan" value="spare:2" type="EnumLong" lengthBit="4"/>
               <field name="digits" value="1493594534" type="Number_BCD" length="10"/>
            </Bytes></AddressString.BoxedType></anchorMSC_Address.C0.BoxedType>
      <asciCallReference.C1.BoxedType><TBCD_STRING.BoxedType><Bytes>0279215416
               <field name="digits" value="2097124561" type="Number_BCD" length="10"/>
            </Bytes></TBCD_STRING.BoxedType></asciCallReference.C1.BoxedType>
      <imsi.C2.BoxedType><TBCD_STRING.BoxedType><Bytes>9197121618
               <field name="digits" value="1979216181" type="Number_BCD" length="10"/>
            </Bytes></TBCD_STRING.BoxedType></imsi.C2.BoxedType>
      <additionalInfo.C3.BoxedType><BitString><BitString value="15ea90dcb55b553a9e" trailing="0"/></BitString></additionalInfo.C3.BoxedType>
      <additionalSubscriptions.C4.BoxedType><BitString><BitString value="27f9bf4c82463f593c3d95ae" trailing="0"/></BitString></additionalSubscriptions.C4.BoxedType>
      <kc.C5.BoxedType><Bytes>884b364cd27c48a9</Bytes></kc.C5.BoxedType>
      <extensionContainer.C6.Sequence>
         <privateExtensionList.C0.BoxedType>
            <Collection>
               <PrivateExtension.Sequence>
                  <extId><ObjectIdentifier>0.1.272.36.56.42.46.11.51.9.20.23</ObjectIdentifier></extId>
                  <extType>8b03</extType>
               </PrivateExtension.Sequence>
               <PrivateExtension.Sequence>
                  <extId><ObjectIdentifier>0.1.289.43.32.5.48.62.32</ObjectIdentifier></extId>
                  <extType>b8b97ffb1c</extType>
               </PrivateExtension.Sequence>
               <PrivateExtension.Sequence>
                  <extId><ObjectIdentifier>0.1.296.45.72</ObjectIdentifier></extId>
                  <extType>f3a382a52f</extType>
               </PrivateExtension.Sequence>
            </Collection>
         </privateExtensionList.C0.BoxedType>
         <pcs_Extensions.C1.Sequence>
            
         </pcs_Extensions.C1.Sequence>
      </extensionContainer.C6.Sequence>
   </SendGroupCallInfoRes.Sequence>
</ASN>