<?xml version="1.0" encoding="ISO-8859-15"?>

<ASN layer="CAP">
   <ServiceType.Sequence>
      <serviceTypeIdentity.BoxedType><Integer>0</Integer></serviceTypeIdentity.BoxedType>
      <gmlc_Restriction.C0.Enum>
         <EnumType>home_Country.1</EnumType>
      </gmlc_Restriction.C0.Enum>
      <notificationToMSUser.C1.Enum>
         <EnumType>notifyAndVerify_LocationAllowedIfNoResponse.1</EnumType>
      </notificationToMSUser.C1.Enum>
      <extensionContainer.C2.Sequence>
         <privateExtensionList.C0.BoxedType>
            <Collection>
               <PrivateExtension.Sequence>
                  <extId><ObjectIdentifier>0.1.212.74.89</ObjectIdentifier></extId>
                  <extType>552db39ff05cf5</extType>
               </PrivateExtension.Sequence>
               <PrivateExtension.Sequence>
                  <extId><ObjectIdentifier>0.1.232.124.1.117.90</ObjectIdentifier></extId>
                  <extType>c427c61f80</extType>
               </PrivateExtension.Sequence>
               <PrivateExtension.Sequence>
                  <extId><ObjectIdentifier>0.1.25.35.92.119.95.75</ObjectIdentifier></extId>
                  <extType>4fd92e5a7a8c26369d</extType>
               </PrivateExtension.Sequence>
            </Collection>
         </privateExtensionList.C0.BoxedType>
         <pcs_Extensions.C1.Sequence>
            
         </pcs_Extensions.C1.Sequence>
      </extensionContainer.C2.Sequence>
   </ServiceType.Sequence>
</ASN>