<?xml version="1.0" encoding="ISO-8859-15"?>

<ASN layer="CAP">
   <SetReportingStateArg.Sequence>
      <imsi.C0.BoxedType><TBCD_STRING.BoxedType><Bytes>4131355434
               <field name="digits" value="1413534543" type="Number_BCD" length="10"/>
            </Bytes></TBCD_STRING.BoxedType></imsi.C0.BoxedType>
      <lmsi.C1.BoxedType><Bytes>3e0246d656ba3ae3
            <field name="digits" value="3e0246d656ba3ae3" type="Binary" length="8"/>
         </Bytes></lmsi.C1.BoxedType>
      <ccbs_Monitoring.C2.Enum>
         <EnumType>stopMonitoring.0</EnumType>
      </ccbs_Monitoring.C2.Enum>
      <extensionContainer.C3.Sequence>
         <privateExtensionList.C0.BoxedType>
            <Collection>
               <PrivateExtension.Sequence>
                  <extId><ObjectIdentifier>0.1.294.96.18</ObjectIdentifier></extId>
                  <extType>f8d2d001f6d714</extType>
               </PrivateExtension.Sequence>
               <PrivateExtension.Sequence>
                  <extId><ObjectIdentifier>0.1.2124.41.14.15.97</ObjectIdentifier></extId>
                  <extType>03eb97e3</extType>
               </PrivateExtension.Sequence>
               <PrivateExtension.Sequence>
                  <extId><ObjectIdentifier>0.1.279</ObjectIdentifier></extId>
                  <extType>f36ade5dc7fa</extType>
               </PrivateExtension.Sequence>
            </Collection>
         </privateExtensionList.C0.BoxedType>
         <pcs_Extensions.C1.Sequence>
            
         </pcs_Extensions.C1.Sequence>
      </extensionContainer.C3.Sequence>
   </SetReportingStateArg.Sequence>
</ASN>