<?xml version="1.0" encoding="ISO-8859-15"?>

<ASN layer="CAP">
   <SetReportingStateRes.Sequence>
      <ccbs_SubscriberStatus.C0.Enum>
         <EnumType>ccbsIdle.1</EnumType>
      </ccbs_SubscriberStatus.C0.Enum>
      <extensionContainer.C1.Sequence>
         <privateExtensionList.C0.BoxedType>
            <Collection>
               <PrivateExtension.Sequence>
                  <extId><ObjectIdentifier>0.1.284</ObjectIdentifier></extId>
                  <extType>cdaaae033ca8df4cd9</extType>
               </PrivateExtension.Sequence>
               <PrivateExtension.Sequence>
                  <extId><ObjectIdentifier>0.1.229.31.111.60.48.103.67.10.126.76</ObjectIdentifier></extId>
                  <extType>aae771</extType>
               </PrivateExtension.Sequence>
               <PrivateExtension.Sequence>
                  <extId><ObjectIdentifier>0.1.273.4</ObjectIdentifier></extId>
                  <extType>cb27dc8c0205</extType>
               </PrivateExtension.Sequence>
            </Collection>
         </privateExtensionList.C0.BoxedType>
         <pcs_Extensions.C1.Sequence>
            
         </pcs_Extensions.C1.Sequence>
      </extensionContainer.C1.Sequence>
   </SetReportingStateRes.Sequence>
</ASN>