<?xml version="1.0" encoding="ISO-8859-15"?>

<ASN layer="CAP">
   <SM_DeliveryFailureCause.Sequence>
      <sm_EnumeratedDeliveryFailureCause.Enum>
         <EnumType>equipmentNotSM_Equipped.2</EnumType>
      </sm_EnumeratedDeliveryFailureCause.Enum>
      <diagnosticInfo.BoxedType><Bytes>9399</Bytes></diagnosticInfo.BoxedType>
      <extensionContainer.Sequence>
         <privateExtensionList.C0.BoxedType>
            <Collection>
               <PrivateExtension.Sequence>
                  <extId><ObjectIdentifier>0.1.259.17.118.61.118.94.117.31.22</ObjectIdentifier></extId>
                  <extType>916d41c2e00d</extType>
               </PrivateExtension.Sequence>
               <PrivateExtension.Sequence>
                  <extId><ObjectIdentifier>0.1.2122</ObjectIdentifier></extId>
                  <extType>7463ac2cd7e13479</extType>
               </PrivateExtension.Sequence>
               <PrivateExtension.Sequence>
                  <extId><ObjectIdentifier>0.1.264.72.86.58.13.125.68</ObjectIdentifier></extId>
                  <extType>2fee57bfacf2</extType>
               </PrivateExtension.Sequence>
            </Collection>
         </privateExtensionList.C0.BoxedType>
         <pcs_Extensions.C1.Sequence>
            
         </pcs_Extensions.C1.Sequence>
      </extensionContainer.Sequence>
   </SM_DeliveryFailureCause.Sequence>
</ASN>