<?xml version="1.0" encoding="ISO-8859-15"?>

<ASN layer="CAP">
   <SMS_CAMEL_TDP_Data.Sequence>
      <sms_TriggerDetectionPoint.C0.Enum>
         <EnumType>sms_CollectedInfo.1</EnumType>
      </sms_TriggerDetectionPoint.C0.Enum>
      <serviceKey.C1.BoxedType><Integer>1</Integer></serviceKey.C1.BoxedType>
      <gsmSCF_Address.C2.BoxedType><AddressString.BoxedType><Bytes>8147493068f0
               <field name="extension" value="no extension:1" type="EnumLong" lengthBit="1"/>
               <field name="nature of address" value="unknown:0" type="EnumLong" lengthBit="3"/>
               <field name="numbering plan" value="ISDN/Telephony Numbering Plan (Rec ITU-T E.164):1" type="EnumLong" lengthBit="4"/>
               <field name="digits" value="749403860" type="Number_BCD" length="9"/>
            </Bytes></AddressString.BoxedType></gsmSCF_Address.C2.BoxedType>
      <defaultSMS_Handling.C3.Enum>
         <EnumType>continueTransaction.0</EnumType>
      </defaultSMS_Handling.C3.Enum>
      <extensionContainer.C4.Sequence>
         <privateExtensionList.C0.BoxedType>
            <Collection>
               <PrivateExtension.Sequence>
                  <extId><ObjectIdentifier>0.1.288.42</ObjectIdentifier></extId>
                  <extType>1d48dc</extType>
               </PrivateExtension.Sequence>
               <PrivateExtension.Sequence>
                  <extId><ObjectIdentifier>0.1.245.104.82.108.99</ObjectIdentifier></extId>
                  <extType>263472dbbf73</extType>
               </PrivateExtension.Sequence>
               <PrivateExtension.Sequence>
                  <extId><ObjectIdentifier>0.1.2108.87.50.88.3.50</ObjectIdentifier></extId>
                  <extType>1861ce2fceb1e8ad47</extType>
               </PrivateExtension.Sequence>
            </Collection>
         </privateExtensionList.C0.BoxedType>
         <pcs_Extensions.C1.Sequence>
            
         </pcs_Extensions.C1.Sequence>
      </extensionContainer.C4.Sequence>
   </SMS_CAMEL_TDP_Data.Sequence>
</ASN>