<?xml version="1.0" encoding="ISO-8859-15"?>

<ASN layer="CAP">
   <SpecificAPNInfo.Sequence>
      <apn.C0.BoxedType><Bytes>6a7771415246523279
            <field name="DNS string" value="jwqARFR2y" type="String" length="9"/>
         </Bytes></apn.C0.BoxedType>
      <pdn_gw_Identity.C1.Sequence>
         <pdn_gw_ipv4_Address.C0.BoxedType><Bytes>74be2a6c
               <field name="IPV4  address" value="116.190.42.108" type="IPV4Address" length="4"/>
            </Bytes></pdn_gw_ipv4_Address.C0.BoxedType>
         <pdn_gw_ipv6_Address.C1.BoxedType><Bytes>e58c9d1b
               <field name="IPV4  address" value="229.140.157.27" type="IPV4Address" length="4"/>
            </Bytes></pdn_gw_ipv6_Address.C1.BoxedType>
         <pdn_gw_name.C2.BoxedType><Bytes>9fa117bc672840a665</Bytes></pdn_gw_name.C2.BoxedType>
         <extensionContainer.C3.Sequence>
            <privateExtensionList.C0.BoxedType>
               <Collection>
                  <PrivateExtension.Sequence>
                     <extId><ObjectIdentifier>0.1.231.124.112.101.82.68.13</ObjectIdentifier></extId>
                     <extType>2d0d6469eb</extType>
                  </PrivateExtension.Sequence>
                  <PrivateExtension.Sequence>
                     <extId><ObjectIdentifier>0.1.268.97.111.106</ObjectIdentifier></extId>
                     <extType>925088</extType>
                  </PrivateExtension.Sequence>
                  <PrivateExtension.Sequence>
                     <extId><ObjectIdentifier>0.1.2115.110.25.88.119.79.4.21</ObjectIdentifier></extId>
                     <extType>4637b1b381</extType>
                  </PrivateExtension.Sequence>
               </Collection>
            </privateExtensionList.C0.BoxedType>
            <pcs_Extensions.C1.Sequence>
               
            </pcs_Extensions.C1.Sequence>
         </extensionContainer.C3.Sequence>
      </pdn_gw_Identity.C1.Sequence>
      <extensionContainer.C2.Sequence>
         <privateExtensionList.C0.BoxedType>
            <Collection>
               <PrivateExtension.Sequence>
                  <extId><ObjectIdentifier>0.1.258.77.111.2.2.83.73.25.111</ObjectIdentifier></extId>
                  <extType>cadbd0e5686b83203cb5</extType>
               </PrivateExtension.Sequence>
               <PrivateExtension.Sequence>
                  <extId><ObjectIdentifier>0.1.22.99.51.36.30.124</ObjectIdentifier></extId>
                  <extType>469760a39a</extType>
               </PrivateExtension.Sequence>
               <PrivateExtension.Sequence>
                  <extId><ObjectIdentifier>0.1.219.86.98.53</ObjectIdentifier></extId>
                  <extType>3936cb</extType>
               </PrivateExtension.Sequence>
            </Collection>
         </privateExtensionList.C0.BoxedType>
         <pcs_Extensions.C1.Sequence>
            
         </pcs_Extensions.C1.Sequence>
      </extensionContainer.C2.Sequence>
   </SpecificAPNInfo.Sequence>
</ASN>