<?xml version="1.0" encoding="ISO-8859-15"?>

<ASN layer="CAP">
   <SplitLegArg.Sequence>
      <legToBeSplit.C0.Choice>
         <sendingSideID.C0.BoxedType><Bytes>02
               <field name="LegType" value="leg2 LegType:2" type="EnumLong" length="1"/>
            </Bytes></sendingSideID.C0.BoxedType>
         <receivingSideID.C1.BoxedType><Bytes>7f
               <field name="LegType" value="127" type="EnumLong" length="1"/>
            </Bytes></receivingSideID.C1.BoxedType>
      </legToBeSplit.C0.Choice>
      <newCallSegment.C1.BoxedType><Integer>1</Integer></newCallSegment.C1.BoxedType>
      <extensions.C2.BoxedType>
         <Collection>
            <ExtensionField.Sequence>
               <type.Choice>
                  <local>2337438857</local>
                  <global><ObjectIdentifier>0.1.234.15.28.123.102</ObjectIdentifier></global>
               </type.Choice>
               <criticality.nulld.Enum>
                  <EnumType>ignore.0</EnumType>
               </criticality.nulld.Enum>
               <NullObject.C1></NullObject.C1>
            </ExtensionField.Sequence>
            <ExtensionField.Sequence>
               <type.Choice>
                  <local>2322168591</local>
                  <global><ObjectIdentifier>0.1.231</ObjectIdentifier></global>
               </type.Choice>
               <criticality.nulld.Enum>
                  <EnumType>ignore.0</EnumType>
               </criticality.nulld.Enum>
               <NullObject.C1></NullObject.C1>
            </ExtensionField.Sequence>
            <ExtensionField.Sequence>
               <type.Choice>
                  <local>357069057</local>
                  <global><ObjectIdentifier>0.1.279.22.71.83.22.60.30</ObjectIdentifier></global>
               </type.Choice>
               <criticality.nulld.Enum>
                  <EnumType>abort.1</EnumType>
               </criticality.nulld.Enum>
               <NullObject.C1></NullObject.C1>
            </ExtensionField.Sequence>
         </Collection>
      </extensions.C2.BoxedType>
   </SplitLegArg.Sequence>
</ASN>