<?xml version="1.0" encoding="ISO-8859-15"?>

<ASN layer="CAP">
   <SS_InvocationNotificationRes.Sequence><extensionContainer.Sequence>
         <privateExtensionList.C0.BoxedType>
            <Collection>
               <PrivateExtension.Sequence>
                  <extId><ObjectIdentifier>0.1.243.81.2.13.97.38</ObjectIdentifier></extId>
                  <extType>c7125188096e80</extType>
               </PrivateExtension.Sequence>
               <PrivateExtension.Sequence>
                  <extId><ObjectIdentifier>0.1.26.98.53.120.30.113.89.101.11.110</ObjectIdentifier></extId>
                  <extType>7485390f</extType>
               </PrivateExtension.Sequence>
               <PrivateExtension.Sequence>
                  <extId><ObjectIdentifier>0.1.216.40.40.6.88.64.48.76.100</ObjectIdentifier></extId>
                  <extType>053b</extType>
               </PrivateExtension.Sequence>
            </Collection>
         </privateExtensionList.C0.BoxedType>
         <pcs_Extensions.C1.Sequence>
            
         </pcs_Extensions.C1.Sequence>
      </extensionContainer.Sequence></SS_InvocationNotificationRes.Sequence>
</ASN>