<?xml version="1.0" encoding="ISO-8859-15"?>

<ASN layer="CAP">
   <SS_InfoList.BoxedType>
      <Collection>
         <SS_Info.Choice>
            <forwardingInfo.C0.Sequence>
               <ss_Code.BoxedType><Bytes>7f35c9dd6f</Bytes></ss_Code.BoxedType>
               <forwardingFeatureList.BoxedType>
                  <Collection>
                     <ForwardingFeature.Sequence>
                        <basicService.Choice>
                           <bearerService.C2.BoxedType><Bytes>88baf2e932f7a64e</Bytes></bearerService.C2.BoxedType>
                           <teleservice.C3.BoxedType><Bytes>ab532d</Bytes></teleservice.C3.BoxedType>
                        </basicService.Choice>
                        <ss_Status.C4.BoxedType><Bytes>371839f573</Bytes></ss_Status.C4.BoxedType>
                        <forwardedToNumber.C5.BoxedType><AddressString.BoxedType><Bytes>8d92194119f1
                                 <field name="extension" value="no extension:1" type="EnumLong" lengthBit="1"/>
                                 <field name="nature of address" value="unknown:0" type="EnumLong" lengthBit="3"/>
                                 <field name="numbering plan" value="13" type="EnumLong" lengthBit="4"/>
                                 <field name="digits" value="299114911" type="Number_BCD" length="9"/>
                              </Bytes></AddressString.BoxedType></forwardedToNumber.C5.BoxedType>
                        <forwardedToSubaddress.C8.BoxedType><Bytes>63e0</Bytes></forwardedToSubaddress.C8.BoxedType>
                        <forwardingOptions.C6.BoxedType><Bytes>c8e1</Bytes></forwardingOptions.C6.BoxedType>
                        <noReplyConditionTime.C7.BoxedType><Integer>1</Integer></noReplyConditionTime.C7.BoxedType>
                        <longForwardedToNumber.C9.BoxedType><AddressString.BoxedType><Bytes>4a78676725f1
                                 <field name="extension" value="extension:0" type="EnumLong" lengthBit="1"/>
                                 <field name="nature of address" value="subscriber number:4" type="EnumLong" lengthBit="3"/>
                                 <field name="numbering plan" value="10" type="EnumLong" lengthBit="4"/>
                                 <field name="digits" value="877676521" type="Number_BCD" length="9"/>
                              </Bytes></AddressString.BoxedType></longForwardedToNumber.C9.BoxedType>
                     </ForwardingFeature.Sequence>
                     <ForwardingFeature.Sequence>
                        <basicService.Choice>
                           <bearerService.C2.BoxedType><Bytes>bc</Bytes></bearerService.C2.BoxedType>
                           <teleservice.C3.BoxedType><Bytes>93a3f287</Bytes></teleservice.C3.BoxedType>
                        </basicService.Choice>
                        <ss_Status.C4.BoxedType><Bytes>584b</Bytes></ss_Status.C4.BoxedType>
                        <forwardedToNumber.C5.BoxedType><AddressString.BoxedType><Bytes>282137673961
                                 <field name="extension" value="extension:0" type="EnumLong" lengthBit="1"/>
                                 <field name="nature of address" value="national significant number:2" type="EnumLong" lengthBit="3"/>
                                 <field name="numbering plan" value="national numbering plan:8" type="EnumLong" lengthBit="4"/>
                                 <field name="digits" value="1273769316" type="Number_BCD" length="10"/>
                              </Bytes></AddressString.BoxedType></forwardedToNumber.C5.BoxedType>
                        <forwardedToSubaddress.C8.BoxedType><Bytes>5a</Bytes></forwardedToSubaddress.C8.BoxedType>
                        <forwardingOptions.C6.BoxedType><Bytes>8c4ed3</Bytes></forwardingOptions.C6.BoxedType>
                        <noReplyConditionTime.C7.BoxedType><Integer>1</Integer></noReplyConditionTime.C7.BoxedType>
                        <longForwardedToNumber.C9.BoxedType><AddressString.BoxedType><Bytes>397177071458
                                 <field name="extension" value="extension:0" type="EnumLong" lengthBit="1"/>
                                 <field name="nature of address" value="network specific number:3" type="EnumLong" lengthBit="3"/>
                                 <field name="numbering plan" value="private numbering plan:9" type="EnumLong" lengthBit="4"/>
                                 <field name="digits" value="1777704185" type="Number_BCD" length="10"/>
                              </Bytes></AddressString.BoxedType></longForwardedToNumber.C9.BoxedType>
                     </ForwardingFeature.Sequence>
                     <ForwardingFeature.Sequence>
                        <basicService.Choice>
                           <bearerService.C2.BoxedType><Bytes>87c49178de8dea3be445</Bytes></bearerService.C2.BoxedType>
                           <teleservice.C3.BoxedType><Bytes>11f84f13fc45</Bytes></teleservice.C3.BoxedType>
                        </basicService.Choice>
                        <ss_Status.C4.BoxedType><Bytes>f4ce9cd4</Bytes></ss_Status.C4.BoxedType>
                        <forwardedToNumber.C5.BoxedType><AddressString.BoxedType><Bytes>729171714775
                                 <field name="extension" value="extension:0" type="EnumLong" lengthBit="1"/>
                                 <field name="nature of address" value="reserved for extension:7" type="EnumLong" lengthBit="3"/>
                                 <field name="numbering plan" value="spare:2" type="EnumLong" lengthBit="4"/>
                                 <field name="digits" value="1917177457" type="Number_BCD" length="10"/>
                              </Bytes></AddressString.BoxedType></forwardedToNumber.C5.BoxedType>
                        <forwardedToSubaddress.C8.BoxedType><Bytes>a3b1b8e8a0</Bytes></forwardedToSubaddress.C8.BoxedType>
                        <forwardingOptions.C6.BoxedType><Bytes>2de3bbc872ab3b9f2b50</Bytes></forwardingOptions.C6.BoxedType>
                        <noReplyConditionTime.C7.BoxedType><Integer>1</Integer></noReplyConditionTime.C7.BoxedType>
                        <longForwardedToNumber.C9.BoxedType><AddressString.BoxedType><Bytes>4864453324f6
                                 <field name="extension" value="extension:0" type="EnumLong" lengthBit="1"/>
                                 <field name="nature of address" value="subscriber number:4" type="EnumLong" lengthBit="3"/>
                                 <field name="numbering plan" value="national numbering plan:8" type="EnumLong" lengthBit="4"/>
                                 <field name="digits" value="465433426" type="Number_BCD" length="9"/>
                              </Bytes></AddressString.BoxedType></longForwardedToNumber.C9.BoxedType>
                     </ForwardingFeature.Sequence>
                  </Collection>
               </forwardingFeatureList.BoxedType>
            </forwardingInfo.C0.Sequence>
            <callBarringInfo.C1.Sequence>
               <ss_Code.BoxedType><Bytes>b14944fd</Bytes></ss_Code.BoxedType>
               <callBarringFeatureList.BoxedType>
                  <Collection>
                     <CallBarringFeature.Sequence>
                        <basicService.Choice>
                           <bearerService.C2.BoxedType><Bytes>b4</Bytes></bearerService.C2.BoxedType>
                           <teleservice.C3.BoxedType><Bytes>b1030aa52cf5a51eb0</Bytes></teleservice.C3.BoxedType>
                        </basicService.Choice>
                        <ss_Status.C4.BoxedType><Bytes>d853e664d4be3c</Bytes></ss_Status.C4.BoxedType>
                     </CallBarringFeature.Sequence>
                     <CallBarringFeature.Sequence>
                        <basicService.Choice>
                           <bearerService.C2.BoxedType><Bytes>c0f5b1b9</Bytes></bearerService.C2.BoxedType>
                           <teleservice.C3.BoxedType><Bytes>237112d8d90317b0b05d</Bytes></teleservice.C3.BoxedType>
                        </basicService.Choice>
                        <ss_Status.C4.BoxedType><Bytes>5ce221</Bytes></ss_Status.C4.BoxedType>
                     </CallBarringFeature.Sequence>
                     <CallBarringFeature.Sequence>
                        <basicService.Choice>
                           <bearerService.C2.BoxedType><Bytes>4f6962f0</Bytes></bearerService.C2.BoxedType>
                           <teleservice.C3.BoxedType><Bytes>0a8b1d8212746a</Bytes></teleservice.C3.BoxedType>
                        </basicService.Choice>
                        <ss_Status.C4.BoxedType><Bytes>c8</Bytes></ss_Status.C4.BoxedType>
                     </CallBarringFeature.Sequence>
                  </Collection>
               </callBarringFeatureList.BoxedType>
            </callBarringInfo.C1.Sequence>
            <ss_Data.C3.Sequence>
               <ss_Code.BoxedType><Bytes>8fd2822383a28c</Bytes></ss_Code.BoxedType>
               <ss_Status.C4.BoxedType><Bytes>f524</Bytes></ss_Status.C4.BoxedType>
               <ss_SubscriptionOption.Choice>
                  <cliRestrictionOption.C2.Enum>
                     <EnumType>temporaryDefaultRestricted.1</EnumType>
                  </cliRestrictionOption.C2.Enum>
                  <overrideCategory.C1.Enum>
                     <EnumType>overrideDisabled.1</EnumType>
                  </overrideCategory.C1.Enum>
               </ss_SubscriptionOption.Choice>
               <basicServiceGroupList.BoxedType>
                  <Collection>
                     <BasicServiceCode.Choice>
                        <bearerService.C2.BoxedType><Bytes>9cfb972e</Bytes></bearerService.C2.BoxedType>
                        <teleservice.C3.BoxedType><Bytes>3b0e08f9ff0fe5b0</Bytes></teleservice.C3.BoxedType>
                     </BasicServiceCode.Choice>
                     <BasicServiceCode.Choice>
                        <bearerService.C2.BoxedType><Bytes>755da044</Bytes></bearerService.C2.BoxedType>
                        <teleservice.C3.BoxedType><Bytes>665d65913f</Bytes></teleservice.C3.BoxedType>
                     </BasicServiceCode.Choice>
                     <BasicServiceCode.Choice>
                        <bearerService.C2.BoxedType><Bytes>bc615d55ad6b47</Bytes></bearerService.C2.BoxedType>
                        <teleservice.C3.BoxedType><Bytes>d0bc68890b</Bytes></teleservice.C3.BoxedType>
                     </BasicServiceCode.Choice>
                  </Collection>
               </basicServiceGroupList.BoxedType>
               <defaultPriority.BoxedType><Integer>1</Integer></defaultPriority.BoxedType>
               <nbrUser.C5.BoxedType><Integer>1</Integer></nbrUser.C5.BoxedType>
            </ss_Data.C3.Sequence>
         </SS_Info.Choice>
         <SS_Info.Choice>
            <forwardingInfo.C0.Sequence>
               <ss_Code.BoxedType><Bytes>b30932850e3ad8359a</Bytes></ss_Code.BoxedType>
               <forwardingFeatureList.BoxedType>
                  <Collection>
                     <ForwardingFeature.Sequence>
                        <basicService.Choice>
                           <bearerService.C2.BoxedType><Bytes>a77b0915ddf721</Bytes></bearerService.C2.BoxedType>
                           <teleservice.C3.BoxedType><Bytes>f427a3</Bytes></teleservice.C3.BoxedType>
                        </basicService.Choice>
                        <ss_Status.C4.BoxedType><Bytes>913c3dda9e</Bytes></ss_Status.C4.BoxedType>
                        <forwardedToNumber.C5.BoxedType><AddressString.BoxedType><Bytes>5068816408f0
                                 <field name="extension" value="extension:0" type="EnumLong" lengthBit="1"/>
                                 <field name="nature of address" value="reserved:5" type="EnumLong" lengthBit="3"/>
                                 <field name="numbering plan" value="unknown:0" type="EnumLong" lengthBit="4"/>
                                 <field name="digits" value="861846800" type="Number_BCD" length="9"/>
                              </Bytes></AddressString.BoxedType></forwardedToNumber.C5.BoxedType>
                        <forwardedToSubaddress.C8.BoxedType><Bytes>129376490c7c</Bytes></forwardedToSubaddress.C8.BoxedType>
                        <forwardingOptions.C6.BoxedType><Bytes>7915c20d5005</Bytes></forwardingOptions.C6.BoxedType>
                        <noReplyConditionTime.C7.BoxedType><Integer>1</Integer></noReplyConditionTime.C7.BoxedType>
                        <longForwardedToNumber.C9.BoxedType><AddressString.BoxedType><Bytes>bb0258484299
                                 <field name="extension" value="no extension:1" type="EnumLong" lengthBit="1"/>
                                 <field name="nature of address" value="network specific number:3" type="EnumLong" lengthBit="3"/>
                                 <field name="numbering plan" value="11" type="EnumLong" lengthBit="4"/>
                                 <field name="digits" value="2085842499" type="Number_BCD" length="10"/>
                              </Bytes></AddressString.BoxedType></longForwardedToNumber.C9.BoxedType>
                     </ForwardingFeature.Sequence>
                     <ForwardingFeature.Sequence>
                        <basicService.Choice>
                           <bearerService.C2.BoxedType><Bytes>de48</Bytes></bearerService.C2.BoxedType>
                           <teleservice.C3.BoxedType><Bytes>0f20e0cc520a</Bytes></teleservice.C3.BoxedType>
                        </basicService.Choice>
                        <ss_Status.C4.BoxedType><Bytes>a4a3</Bytes></ss_Status.C4.BoxedType>
                        <forwardedToNumber.C5.BoxedType><AddressString.BoxedType><Bytes>e31102884261
                                 <field name="extension" value="no extension:1" type="EnumLong" lengthBit="1"/>
                                 <field name="nature of address" value="abbreviated number:6" type="EnumLong" lengthBit="3"/>
                                 <field name="numbering plan" value="data numbering plan (ITU-T Rec X.121):3" type="EnumLong" lengthBit="4"/>
                                 <field name="digits" value="1120882416" type="Number_BCD" length="10"/>
                              </Bytes></AddressString.BoxedType></forwardedToNumber.C5.BoxedType>
                        <forwardedToSubaddress.C8.BoxedType><Bytes>fa</Bytes></forwardedToSubaddress.C8.BoxedType>
                        <forwardingOptions.C6.BoxedType><Bytes>c4da12bf</Bytes></forwardingOptions.C6.BoxedType>
                        <noReplyConditionTime.C7.BoxedType><Integer>1</Integer></noReplyConditionTime.C7.BoxedType>
                        <longForwardedToNumber.C9.BoxedType><AddressString.BoxedType><Bytes>1f71403085f6
                                 <field name="extension" value="extension:0" type="EnumLong" lengthBit="1"/>
                                 <field name="nature of address" value="international number:1" type="EnumLong" lengthBit="3"/>
                                 <field name="numbering plan" value="reserved for extension:15" type="EnumLong" lengthBit="4"/>
                                 <field name="digits" value="170403586" type="Number_BCD" length="9"/>
                              </Bytes></AddressString.BoxedType></longForwardedToNumber.C9.BoxedType>
                     </ForwardingFeature.Sequence>
                     <ForwardingFeature.Sequence>
                        <basicService.Choice>
                           <bearerService.C2.BoxedType><Bytes>a165b1ce1797</Bytes></bearerService.C2.BoxedType>
                           <teleservice.C3.BoxedType><Bytes>fe4e1edb39</Bytes></teleservice.C3.BoxedType>
                        </basicService.Choice>
                        <ss_Status.C4.BoxedType><Bytes>fc68a98cae6847da10ec</Bytes></ss_Status.C4.BoxedType>
                        <forwardedToNumber.C5.BoxedType><AddressString.BoxedType><Bytes>c363214817f0
                                 <field name="extension" value="no extension:1" type="EnumLong" lengthBit="1"/>
                                 <field name="nature of address" value="subscriber number:4" type="EnumLong" lengthBit="3"/>
                                 <field name="numbering plan" value="data numbering plan (ITU-T Rec X.121):3" type="EnumLong" lengthBit="4"/>
                                 <field name="digits" value="361284710" type="Number_BCD" length="9"/>
                              </Bytes></AddressString.BoxedType></forwardedToNumber.C5.BoxedType>
                        <forwardedToSubaddress.C8.BoxedType><Bytes>b3bc782b285d</Bytes></forwardedToSubaddress.C8.BoxedType>
                        <forwardingOptions.C6.BoxedType><Bytes>6d5c5c4db0d3bb1aa9</Bytes></forwardingOptions.C6.BoxedType>
                        <noReplyConditionTime.C7.BoxedType><Integer>2</Integer></noReplyConditionTime.C7.BoxedType>
                        <longForwardedToNumber.C9.BoxedType><AddressString.BoxedType><Bytes>441150505052
                                 <field name="extension" value="extension:0" type="EnumLong" lengthBit="1"/>
                                 <field name="nature of address" value="subscriber number:4" type="EnumLong" lengthBit="3"/>
                                 <field name="numbering plan" value="telex numbering plan (ITU-T Rec F.69):4" type="EnumLong" lengthBit="4"/>
                                 <field name="digits" value="1105050525" type="Number_BCD" length="10"/>
                              </Bytes></AddressString.BoxedType></longForwardedToNumber.C9.BoxedType>
                     </ForwardingFeature.Sequence>
                  </Collection>
               </forwardingFeatureList.BoxedType>
            </forwardingInfo.C0.Sequence>
            <callBarringInfo.C1.Sequence>
               <ss_Code.BoxedType><Bytes>3b0391f18c8c147d1eed</Bytes></ss_Code.BoxedType>
               <callBarringFeatureList.BoxedType>
                  <Collection>
                     <CallBarringFeature.Sequence>
                        <basicService.Choice>
                           <bearerService.C2.BoxedType><Bytes>8d6401ea9950</Bytes></bearerService.C2.BoxedType>
                           <teleservice.C3.BoxedType><Bytes>1ed791</Bytes></teleservice.C3.BoxedType>
                        </basicService.Choice>
                        <ss_Status.C4.BoxedType><Bytes>c9b59afb2b899ca6ec6d</Bytes></ss_Status.C4.BoxedType>
                     </CallBarringFeature.Sequence>
                     <CallBarringFeature.Sequence>
                        <basicService.Choice>
                           <bearerService.C2.BoxedType><Bytes>95fe</Bytes></bearerService.C2.BoxedType>
                           <teleservice.C3.BoxedType><Bytes>ff</Bytes></teleservice.C3.BoxedType>
                        </basicService.Choice>
                        <ss_Status.C4.BoxedType><Bytes>958974c754778bd4</Bytes></ss_Status.C4.BoxedType>
                     </CallBarringFeature.Sequence>
                     <CallBarringFeature.Sequence>
                        <basicService.Choice>
                           <bearerService.C2.BoxedType><Bytes>62d1033fdddea0</Bytes></bearerService.C2.BoxedType>
                           <teleservice.C3.BoxedType><Bytes>44de</Bytes></teleservice.C3.BoxedType>
                        </basicService.Choice>
                        <ss_Status.C4.BoxedType><Bytes>278b5332de</Bytes></ss_Status.C4.BoxedType>
                     </CallBarringFeature.Sequence>
                  </Collection>
               </callBarringFeatureList.BoxedType>
            </callBarringInfo.C1.Sequence>
            <ss_Data.C3.Sequence>
               <ss_Code.BoxedType><Bytes>12403c9f88</Bytes></ss_Code.BoxedType>
               <ss_Status.C4.BoxedType><Bytes>c9e65ee2ef</Bytes></ss_Status.C4.BoxedType>
               <ss_SubscriptionOption.Choice>
                  <cliRestrictionOption.C2.Enum>
                     <EnumType>temporaryDefaultRestricted.1</EnumType>
                  </cliRestrictionOption.C2.Enum>
                  <overrideCategory.C1.Enum>
                     <EnumType>overrideDisabled.1</EnumType>
                  </overrideCategory.C1.Enum>
               </ss_SubscriptionOption.Choice>
               <basicServiceGroupList.BoxedType>
                  <Collection>
                     <BasicServiceCode.Choice>
                        <bearerService.C2.BoxedType><Bytes>e45b02d892</Bytes></bearerService.C2.BoxedType>
                        <teleservice.C3.BoxedType><Bytes>65dd</Bytes></teleservice.C3.BoxedType>
                     </BasicServiceCode.Choice>
                     <BasicServiceCode.Choice>
                        <bearerService.C2.BoxedType><Bytes>1904f878c72d9815b4</Bytes></bearerService.C2.BoxedType>
                        <teleservice.C3.BoxedType><Bytes>939887cd866e</Bytes></teleservice.C3.BoxedType>
                     </BasicServiceCode.Choice>
                     <BasicServiceCode.Choice>
                        <bearerService.C2.BoxedType><Bytes>d6447f7745</Bytes></bearerService.C2.BoxedType>
                        <teleservice.C3.BoxedType><Bytes>047a02f53d</Bytes></teleservice.C3.BoxedType>
                     </BasicServiceCode.Choice>
                  </Collection>
               </basicServiceGroupList.BoxedType>
               <defaultPriority.BoxedType><Integer>1</Integer></defaultPriority.BoxedType>
               <nbrUser.C5.BoxedType><Integer>1</Integer></nbrUser.C5.BoxedType>
            </ss_Data.C3.Sequence>
         </SS_Info.Choice>
         <SS_Info.Choice>
            <forwardingInfo.C0.Sequence>
               <ss_Code.BoxedType><Bytes>da8b1f</Bytes></ss_Code.BoxedType>
               <forwardingFeatureList.BoxedType>
                  <Collection>
                     <ForwardingFeature.Sequence>
                        <basicService.Choice>
                           <bearerService.C2.BoxedType><Bytes>30d355c736a1</Bytes></bearerService.C2.BoxedType>
                           <teleservice.C3.BoxedType><Bytes>8e3146</Bytes></teleservice.C3.BoxedType>
                        </basicService.Choice>
                        <ss_Status.C4.BoxedType><Bytes>048a8630ac52baa8</Bytes></ss_Status.C4.BoxedType>
                        <forwardedToNumber.C5.BoxedType><AddressString.BoxedType><Bytes>d37111944818
                                 <field name="extension" value="no extension:1" type="EnumLong" lengthBit="1"/>
                                 <field name="nature of address" value="reserved:5" type="EnumLong" lengthBit="3"/>
                                 <field name="numbering plan" value="data numbering plan (ITU-T Rec X.121):3" type="EnumLong" lengthBit="4"/>
                                 <field name="digits" value="1711498481" type="Number_BCD" length="10"/>
                              </Bytes></AddressString.BoxedType></forwardedToNumber.C5.BoxedType>
                        <forwardedToSubaddress.C8.BoxedType><Bytes>f78fce</Bytes></forwardedToSubaddress.C8.BoxedType>
                        <forwardingOptions.C6.BoxedType><Bytes>add3d9f0</Bytes></forwardingOptions.C6.BoxedType>
                        <noReplyConditionTime.C7.BoxedType><Integer>0</Integer></noReplyConditionTime.C7.BoxedType>
                        <longForwardedToNumber.C9.BoxedType><AddressString.BoxedType><Bytes>fb2169624538
                                 <field name="extension" value="no extension:1" type="EnumLong" lengthBit="1"/>
                                 <field name="nature of address" value="reserved for extension:7" type="EnumLong" lengthBit="3"/>
                                 <field name="numbering plan" value="11" type="EnumLong" lengthBit="4"/>
                                 <field name="digits" value="1296265483" type="Number_BCD" length="10"/>
                              </Bytes></AddressString.BoxedType></longForwardedToNumber.C9.BoxedType>
                     </ForwardingFeature.Sequence>
                     <ForwardingFeature.Sequence>
                        <basicService.Choice>
                           <bearerService.C2.BoxedType><Bytes>f58729ad</Bytes></bearerService.C2.BoxedType>
                           <teleservice.C3.BoxedType><Bytes>770d</Bytes></teleservice.C3.BoxedType>
                        </basicService.Choice>
                        <ss_Status.C4.BoxedType><Bytes>8a7c</Bytes></ss_Status.C4.BoxedType>
                        <forwardedToNumber.C5.BoxedType><AddressString.BoxedType><Bytes>ce06122333f5
                                 <field name="extension" value="no extension:1" type="EnumLong" lengthBit="1"/>
                                 <field name="nature of address" value="subscriber number:4" type="EnumLong" lengthBit="3"/>
                                 <field name="numbering plan" value="14" type="EnumLong" lengthBit="4"/>
                                 <field name="digits" value="602132335" type="Number_BCD" length="9"/>
                              </Bytes></AddressString.BoxedType></forwardedToNumber.C5.BoxedType>
                        <forwardedToSubaddress.C8.BoxedType><Bytes>ed5128fa0382b8</Bytes></forwardedToSubaddress.C8.BoxedType>
                        <forwardingOptions.C6.BoxedType><Bytes>4ec6b8</Bytes></forwardingOptions.C6.BoxedType>
                        <noReplyConditionTime.C7.BoxedType><Integer>1</Integer></noReplyConditionTime.C7.BoxedType>
                        <longForwardedToNumber.C9.BoxedType><AddressString.BoxedType><Bytes>1965685276f9
                                 <field name="extension" value="extension:0" type="EnumLong" lengthBit="1"/>
                                 <field name="nature of address" value="international number:1" type="EnumLong" lengthBit="3"/>
                                 <field name="numbering plan" value="private numbering plan:9" type="EnumLong" lengthBit="4"/>
                                 <field name="digits" value="568625679" type="Number_BCD" length="9"/>
                              </Bytes></AddressString.BoxedType></longForwardedToNumber.C9.BoxedType>
                     </ForwardingFeature.Sequence>
                     <ForwardingFeature.Sequence>
                        <basicService.Choice>
                           <bearerService.C2.BoxedType><Bytes>cab75ecf2f</Bytes></bearerService.C2.BoxedType>
                           <teleservice.C3.BoxedType><Bytes>3c5acf5b</Bytes></teleservice.C3.BoxedType>
                        </basicService.Choice>
                        <ss_Status.C4.BoxedType><Bytes>9ab712</Bytes></ss_Status.C4.BoxedType>
                        <forwardedToNumber.C5.BoxedType><AddressString.BoxedType><Bytes>9484832675f1
                                 <field name="extension" value="no extension:1" type="EnumLong" lengthBit="1"/>
                                 <field name="nature of address" value="international number:1" type="EnumLong" lengthBit="3"/>
                                 <field name="numbering plan" value="telex numbering plan (ITU-T Rec F.69):4" type="EnumLong" lengthBit="4"/>
                                 <field name="digits" value="483862571" type="Number_BCD" length="9"/>
                              </Bytes></AddressString.BoxedType></forwardedToNumber.C5.BoxedType>
                        <forwardedToSubaddress.C8.BoxedType><Bytes>a828a87ce4</Bytes></forwardedToSubaddress.C8.BoxedType>
                        <forwardingOptions.C6.BoxedType><Bytes>2bc1</Bytes></forwardingOptions.C6.BoxedType>
                        <noReplyConditionTime.C7.BoxedType><Integer>1</Integer></noReplyConditionTime.C7.BoxedType>
                        <longForwardedToNumber.C9.BoxedType><AddressString.BoxedType><Bytes>791221079709
                                 <field name="extension" value="extension:0" type="EnumLong" lengthBit="1"/>
                                 <field name="nature of address" value="reserved for extension:7" type="EnumLong" lengthBit="3"/>
                                 <field name="numbering plan" value="private numbering plan:9" type="EnumLong" lengthBit="4"/>
                                 <field name="digits" value="2112707990" type="Number_BCD" length="10"/>
                              </Bytes></AddressString.BoxedType></longForwardedToNumber.C9.BoxedType>
                     </ForwardingFeature.Sequence>
                  </Collection>
               </forwardingFeatureList.BoxedType>
            </forwardingInfo.C0.Sequence>
            <callBarringInfo.C1.Sequence>
               <ss_Code.BoxedType><Bytes>77937251c3946841</Bytes></ss_Code.BoxedType>
               <callBarringFeatureList.BoxedType>
                  <Collection>
                     <CallBarringFeature.Sequence>
                        <basicService.Choice>
                           <bearerService.C2.BoxedType><Bytes>31e3df</Bytes></bearerService.C2.BoxedType>
                           <teleservice.C3.BoxedType><Bytes>e87d68212806</Bytes></teleservice.C3.BoxedType>
                        </basicService.Choice>
                        <ss_Status.C4.BoxedType><Bytes>7db17c6a61d42e</Bytes></ss_Status.C4.BoxedType>
                     </CallBarringFeature.Sequence>
                     <CallBarringFeature.Sequence>
                        <basicService.Choice>
                           <bearerService.C2.BoxedType><Bytes>55fee1</Bytes></bearerService.C2.BoxedType>
                           <teleservice.C3.BoxedType><Bytes>9a10</Bytes></teleservice.C3.BoxedType>
                        </basicService.Choice>
                        <ss_Status.C4.BoxedType><Bytes>5e4b670cbba4250dbb</Bytes></ss_Status.C4.BoxedType>
                     </CallBarringFeature.Sequence>
                     <CallBarringFeature.Sequence>
                        <basicService.Choice>
                           <bearerService.C2.BoxedType><Bytes>c809</Bytes></bearerService.C2.BoxedType>
                           <teleservice.C3.BoxedType><Bytes>7dbb7c00569852</Bytes></teleservice.C3.BoxedType>
                        </basicService.Choice>
                        <ss_Status.C4.BoxedType><Bytes>e4900809353dcacb</Bytes></ss_Status.C4.BoxedType>
                     </CallBarringFeature.Sequence>
                  </Collection>
               </callBarringFeatureList.BoxedType>
            </callBarringInfo.C1.Sequence>
            <ss_Data.C3.Sequence>
               <ss_Code.BoxedType><Bytes>3220fbc261</Bytes></ss_Code.BoxedType>
               <ss_Status.C4.BoxedType><Bytes>8e3e</Bytes></ss_Status.C4.BoxedType>
               <ss_SubscriptionOption.Choice>
                  <cliRestrictionOption.C2.Enum>
                     <EnumType>temporaryDefaultRestricted.1</EnumType>
                  </cliRestrictionOption.C2.Enum>
                  <overrideCategory.C1.Enum>
                     <EnumType>overrideDisabled.1</EnumType>
                  </overrideCategory.C1.Enum>
               </ss_SubscriptionOption.Choice>
               <basicServiceGroupList.BoxedType>
                  <Collection>
                     <BasicServiceCode.Choice>
                        <bearerService.C2.BoxedType><Bytes>a781d0cba9eb2df9bed6</Bytes></bearerService.C2.BoxedType>
                        <teleservice.C3.BoxedType><Bytes>6169</Bytes></teleservice.C3.BoxedType>
                     </BasicServiceCode.Choice>
                     <BasicServiceCode.Choice>
                        <bearerService.C2.BoxedType><Bytes>32</Bytes></bearerService.C2.BoxedType>
                        <teleservice.C3.BoxedType><Bytes>24be4ce3cd71ec</Bytes></teleservice.C3.BoxedType>
                     </BasicServiceCode.Choice>
                     <BasicServiceCode.Choice>
                        <bearerService.C2.BoxedType><Bytes>2a1e952226</Bytes></bearerService.C2.BoxedType>
                        <teleservice.C3.BoxedType><Bytes>add4eb5754</Bytes></teleservice.C3.BoxedType>
                     </BasicServiceCode.Choice>
                  </Collection>
               </basicServiceGroupList.BoxedType>
               <defaultPriority.BoxedType><Integer>0</Integer></defaultPriority.BoxedType>
               <nbrUser.C5.BoxedType><Integer>1</Integer></nbrUser.C5.BoxedType>
            </ss_Data.C3.Sequence>
         </SS_Info.Choice>
      </Collection>
   </SS_InfoList.BoxedType>
</ASN>