<?xml version="1.0" encoding="ISO-8859-15"?>

<ASN layer="CAP">
   <SS_Info.Choice>
      <forwardingInfo.C0.Sequence>
         <ss_Code.BoxedType><Bytes>3715c031381c2bdb</Bytes></ss_Code.BoxedType>
         <forwardingFeatureList.BoxedType>
            <Collection>
               <ForwardingFeature.Sequence>
                  <basicService.Choice>
                     <bearerService.C2.BoxedType><Bytes>897e7b</Bytes></bearerService.C2.BoxedType>
                     <teleservice.C3.BoxedType><Bytes>c4c9</Bytes></teleservice.C3.BoxedType>
                  </basicService.Choice>
                  <ss_Status.C4.BoxedType><Bytes>21d11b</Bytes></ss_Status.C4.BoxedType>
                  <forwardedToNumber.C5.BoxedType><AddressString.BoxedType><Bytes>997170261636
                           <field name="extension" value="no extension:1" type="EnumLong" lengthBit="1"/>
                           <field name="nature of address" value="international number:1" type="EnumLong" lengthBit="3"/>
                           <field name="numbering plan" value="private numbering plan:9" type="EnumLong" lengthBit="4"/>
                           <field name="digits" value="1707626163" type="Number_BCD" length="10"/>
                        </Bytes></AddressString.BoxedType></forwardedToNumber.C5.BoxedType>
                  <forwardedToSubaddress.C8.BoxedType><Bytes>45a217ff1a8e25e9</Bytes></forwardedToSubaddress.C8.BoxedType>
                  <forwardingOptions.C6.BoxedType><Bytes>fc4c54</Bytes></forwardingOptions.C6.BoxedType>
                  <noReplyConditionTime.C7.BoxedType><Integer>0</Integer></noReplyConditionTime.C7.BoxedType>
                  <longForwardedToNumber.C9.BoxedType><AddressString.BoxedType><Bytes>1043883934
                           <field name="extension" value="extension:0" type="EnumLong" lengthBit="1"/>
                           <field name="nature of address" value="international number:1" type="EnumLong" lengthBit="3"/>
                           <field name="numbering plan" value="unknown:0" type="EnumLong" lengthBit="4"/>
                           <field name="digits" value="34889343" type="Number_BCD" length="8"/>
                        </Bytes></AddressString.BoxedType></longForwardedToNumber.C9.BoxedType>
               </ForwardingFeature.Sequence>
               <ForwardingFeature.Sequence>
                  <basicService.Choice>
                     <bearerService.C2.BoxedType><Bytes>9e9652bdd5ce</Bytes></bearerService.C2.BoxedType>
                     <teleservice.C3.BoxedType><Bytes>3c3ad9eb4f6763</Bytes></teleservice.C3.BoxedType>
                  </basicService.Choice>
                  <ss_Status.C4.BoxedType><Bytes>6c982be12284c71d14</Bytes></ss_Status.C4.BoxedType>
                  <forwardedToNumber.C5.BoxedType><AddressString.BoxedType><Bytes>675147779101
                           <field name="extension" value="extension:0" type="EnumLong" lengthBit="1"/>
                           <field name="nature of address" value="abbreviated number:6" type="EnumLong" lengthBit="3"/>
                           <field name="numbering plan" value="spare:7" type="EnumLong" lengthBit="4"/>
                           <field name="digits" value="1574771910" type="Number_BCD" length="10"/>
                        </Bytes></AddressString.BoxedType></forwardedToNumber.C5.BoxedType>
                  <forwardedToSubaddress.C8.BoxedType><Bytes>33032c51e008</Bytes></forwardedToSubaddress.C8.BoxedType>
                  <forwardingOptions.C6.BoxedType><Bytes>d98a</Bytes></forwardingOptions.C6.BoxedType>
                  <noReplyConditionTime.C7.BoxedType><Integer>0</Integer></noReplyConditionTime.C7.BoxedType>
                  <longForwardedToNumber.C9.BoxedType><AddressString.BoxedType><Bytes>6f61949044f7
                           <field name="extension" value="extension:0" type="EnumLong" lengthBit="1"/>
                           <field name="nature of address" value="abbreviated number:6" type="EnumLong" lengthBit="3"/>
                           <field name="numbering plan" value="reserved for extension:15" type="EnumLong" lengthBit="4"/>
                           <field name="digits" value="164909447" type="Number_BCD" length="9"/>
                        </Bytes></AddressString.BoxedType></longForwardedToNumber.C9.BoxedType>
               </ForwardingFeature.Sequence>
               <ForwardingFeature.Sequence>
                  <basicService.Choice>
                     <bearerService.C2.BoxedType><Bytes>521b</Bytes></bearerService.C2.BoxedType>
                     <teleservice.C3.BoxedType><Bytes>9994</Bytes></teleservice.C3.BoxedType>
                  </basicService.Choice>
                  <ss_Status.C4.BoxedType><Bytes>776d8224a17790</Bytes></ss_Status.C4.BoxedType>
                  <forwardedToNumber.C5.BoxedType><AddressString.BoxedType><Bytes>440228916871
                           <field name="extension" value="extension:0" type="EnumLong" lengthBit="1"/>
                           <field name="nature of address" value="subscriber number:4" type="EnumLong" lengthBit="3"/>
                           <field name="numbering plan" value="telex numbering plan (ITU-T Rec F.69):4" type="EnumLong" lengthBit="4"/>
                           <field name="digits" value="2082198617" type="Number_BCD" length="10"/>
                        </Bytes></AddressString.BoxedType></forwardedToNumber.C5.BoxedType>
                  <forwardedToSubaddress.C8.BoxedType><Bytes>79b35a7a1b022e2743</Bytes></forwardedToSubaddress.C8.BoxedType>
                  <forwardingOptions.C6.BoxedType><Bytes>b6472ecd</Bytes></forwardingOptions.C6.BoxedType>
                  <noReplyConditionTime.C7.BoxedType><Integer>1</Integer></noReplyConditionTime.C7.BoxedType>
                  <longForwardedToNumber.C9.BoxedType><AddressString.BoxedType><Bytes>d02100597771
                           <field name="extension" value="no extension:1" type="EnumLong" lengthBit="1"/>
                           <field name="nature of address" value="reserved:5" type="EnumLong" lengthBit="3"/>
                           <field name="numbering plan" value="unknown:0" type="EnumLong" lengthBit="4"/>
                           <field name="digits" value="1200957717" type="Number_BCD" length="10"/>
                        </Bytes></AddressString.BoxedType></longForwardedToNumber.C9.BoxedType>
               </ForwardingFeature.Sequence>
            </Collection>
         </forwardingFeatureList.BoxedType>
      </forwardingInfo.C0.Sequence>
      <callBarringInfo.C1.Sequence>
         <ss_Code.BoxedType><Bytes>98bb6003c65aee3da5</Bytes></ss_Code.BoxedType>
         <callBarringFeatureList.BoxedType>
            <Collection>
               <CallBarringFeature.Sequence>
                  <basicService.Choice>
                     <bearerService.C2.BoxedType><Bytes>425a</Bytes></bearerService.C2.BoxedType>
                     <teleservice.C3.BoxedType><Bytes>a93656b0</Bytes></teleservice.C3.BoxedType>
                  </basicService.Choice>
                  <ss_Status.C4.BoxedType><Bytes>cf3f407c</Bytes></ss_Status.C4.BoxedType>
               </CallBarringFeature.Sequence>
               <CallBarringFeature.Sequence>
                  <basicService.Choice>
                     <bearerService.C2.BoxedType><Bytes>98f4</Bytes></bearerService.C2.BoxedType>
                     <teleservice.C3.BoxedType><Bytes>544363</Bytes></teleservice.C3.BoxedType>
                  </basicService.Choice>
                  <ss_Status.C4.BoxedType><Bytes>e7776557</Bytes></ss_Status.C4.BoxedType>
               </CallBarringFeature.Sequence>
               <CallBarringFeature.Sequence>
                  <basicService.Choice>
                     <bearerService.C2.BoxedType><Bytes>5bb79668e809ca0a</Bytes></bearerService.C2.BoxedType>
                     <teleservice.C3.BoxedType><Bytes>b0495273aab45f87</Bytes></teleservice.C3.BoxedType>
                  </basicService.Choice>
                  <ss_Status.C4.BoxedType><Bytes>09d872d8</Bytes></ss_Status.C4.BoxedType>
               </CallBarringFeature.Sequence>
            </Collection>
         </callBarringFeatureList.BoxedType>
      </callBarringInfo.C1.Sequence>
      <ss_Data.C3.Sequence>
         <ss_Code.BoxedType><Bytes>8a</Bytes></ss_Code.BoxedType>
         <ss_Status.C4.BoxedType><Bytes>06414af1d8</Bytes></ss_Status.C4.BoxedType>
         <ss_SubscriptionOption.Choice>
            <cliRestrictionOption.C2.Enum>
               <EnumType>temporaryDefaultRestricted.1</EnumType>
            </cliRestrictionOption.C2.Enum>
            <overrideCategory.C1.Enum>
               <EnumType>overrideDisabled.1</EnumType>
            </overrideCategory.C1.Enum>
         </ss_SubscriptionOption.Choice>
         <basicServiceGroupList.BoxedType>
            <Collection>
               <BasicServiceCode.Choice>
                  <bearerService.C2.BoxedType><Bytes>872e9271</Bytes></bearerService.C2.BoxedType>
                  <teleservice.C3.BoxedType><Bytes>03c755cbd2</Bytes></teleservice.C3.BoxedType>
               </BasicServiceCode.Choice>
               <BasicServiceCode.Choice>
                  <bearerService.C2.BoxedType><Bytes>97e30b</Bytes></bearerService.C2.BoxedType>
                  <teleservice.C3.BoxedType><Bytes>28aae864b3</Bytes></teleservice.C3.BoxedType>
               </BasicServiceCode.Choice>
               <BasicServiceCode.Choice>
                  <bearerService.C2.BoxedType><Bytes>d15bd91feb</Bytes></bearerService.C2.BoxedType>
                  <teleservice.C3.BoxedType><Bytes>4743e10b2ec26678</Bytes></teleservice.C3.BoxedType>
               </BasicServiceCode.Choice>
            </Collection>
         </basicServiceGroupList.BoxedType>
         <defaultPriority.BoxedType><Integer>2</Integer></defaultPriority.BoxedType>
         <nbrUser.C5.BoxedType><Integer>1</Integer></nbrUser.C5.BoxedType>
      </ss_Data.C3.Sequence>
   </SS_Info.Choice>
</ASN>