<?xml version="1.0" encoding="ISO-8859-15"?>

<ASN layer="CAP">
   <SS_IncompatibilityCause.Sequence>
      <ss_Code.C1.BoxedType><Bytes>19fc427b42</Bytes></ss_Code.C1.BoxedType>
      <basicService.Choice>
         <bearerService.C2.BoxedType><Bytes>ae904716c16e4d69</Bytes></bearerService.C2.BoxedType>
         <teleservice.C3.BoxedType><Bytes>4c</Bytes></teleservice.C3.BoxedType>
      </basicService.Choice>
      <ss_Status.C4.BoxedType><Bytes>a8dc21f81a</Bytes></ss_Status.C4.BoxedType>
   </SS_IncompatibilityCause.Sequence>
</ASN>