<?xml version="1.0" encoding="ISO-8859-15"?>

<ASN layer="CAP">
   <SS_InvocationNotificationArg.Sequence>
      <imsi.C0.BoxedType><TBCD_STRING.BoxedType><Bytes>17595494f2
               <field name="digits" value="719545492" type="Number_BCD" length="9"/>
            </Bytes></TBCD_STRING.BoxedType></imsi.C0.BoxedType>
      <msisdn.C1.BoxedType><AddressString.BoxedType><Bytes>3f07752223f7
               <field name="extension" value="extension:0" type="EnumLong" lengthBit="1"/>
               <field name="nature of address" value="network specific number:3" type="EnumLong" lengthBit="3"/>
               <field name="numbering plan" value="reserved for extension:15" type="EnumLong" lengthBit="4"/>
               <field name="digits" value="705722327" type="Number_BCD" length="9"/>
            </Bytes></AddressString.BoxedType></msisdn.C1.BoxedType>
      <ss_Event.C2.BoxedType><Bytes>ee8eb60859dfe358</Bytes></ss_Event.C2.BoxedType>
      <ss_EventSpecification.C3.BoxedType>
         <Collection>
            <AddressString.BoxedType><Bytes>4307056863f7
                  <field name="extension" value="extension:0" type="EnumLong" lengthBit="1"/>
                  <field name="nature of address" value="subscriber number:4" type="EnumLong" lengthBit="3"/>
                  <field name="numbering plan" value="data numbering plan (ITU-T Rec X.121):3" type="EnumLong" lengthBit="4"/>
                  <field name="digits" value="705086367" type="Number_BCD" length="9"/>
               </Bytes></AddressString.BoxedType>
            <AddressString.BoxedType><Bytes>340204946189
                  <field name="extension" value="extension:0" type="EnumLong" lengthBit="1"/>
                  <field name="nature of address" value="network specific number:3" type="EnumLong" lengthBit="3"/>
                  <field name="numbering plan" value="telex numbering plan (ITU-T Rec F.69):4" type="EnumLong" lengthBit="4"/>
                  <field name="digits" value="2040491698" type="Number_BCD" length="10"/>
               </Bytes></AddressString.BoxedType>
            <AddressString.BoxedType><Bytes>230265578271
                  <field name="extension" value="extension:0" type="EnumLong" lengthBit="1"/>
                  <field name="nature of address" value="national significant number:2" type="EnumLong" lengthBit="3"/>
                  <field name="numbering plan" value="data numbering plan (ITU-T Rec X.121):3" type="EnumLong" lengthBit="4"/>
                  <field name="digits" value="2056752817" type="Number_BCD" length="10"/>
               </Bytes></AddressString.BoxedType>
         </Collection>
      </ss_EventSpecification.C3.BoxedType>
      <extensionContainer.C4.Sequence>
         <privateExtensionList.C0.BoxedType>
            <Collection>
               <PrivateExtension.Sequence>
                  <extId><ObjectIdentifier>0.1.2124.29.34</ObjectIdentifier></extId>
                  <extType>b067</extType>
               </PrivateExtension.Sequence>
               <PrivateExtension.Sequence>
                  <extId><ObjectIdentifier>0.1.2110.125.47.34.105.91.83.105</ObjectIdentifier></extId>
                  <extType>4e15a9</extType>
               </PrivateExtension.Sequence>
               <PrivateExtension.Sequence>
                  <extId><ObjectIdentifier>0.1.2116.6.96.121.52</ObjectIdentifier></extId>
                  <extType>6decdd59a9bfde5d7b</extType>
               </PrivateExtension.Sequence>
            </Collection>
         </privateExtensionList.C0.BoxedType>
         <pcs_Extensions.C1.Sequence>
            
         </pcs_Extensions.C1.Sequence>
      </extensionContainer.C4.Sequence>
      <b_subscriberNumber.C5.BoxedType><AddressString.BoxedType><Bytes>2333369497f1
               <field name="extension" value="extension:0" type="EnumLong" lengthBit="1"/>
               <field name="nature of address" value="national significant number:2" type="EnumLong" lengthBit="3"/>
               <field name="numbering plan" value="data numbering plan (ITU-T Rec X.121):3" type="EnumLong" lengthBit="4"/>
               <field name="digits" value="336349791" type="Number_BCD" length="9"/>
            </Bytes></AddressString.BoxedType></b_subscriberNumber.C5.BoxedType>
      <ccbs_RequestState.C6.Enum>
         <EnumType>deleted.6</EnumType>
      </ccbs_RequestState.C6.Enum>
   </SS_InvocationNotificationArg.Sequence>
</ASN>