<?xml version="1.0" encoding="ISO-8859-15"?>

<ASN layer="CAP">
   <SS_NotAvailableParam.Sequence><extensionContainer.Sequence>
         <privateExtensionList.C0.BoxedType>
            <Collection>
               <PrivateExtension.Sequence>
                  <extId><ObjectIdentifier>0.1.228.2.87.53.118</ObjectIdentifier></extId>
                  <extType>14262ce1a485f7</extType>
               </PrivateExtension.Sequence>
               <PrivateExtension.Sequence>
                  <extId><ObjectIdentifier>0.1.280.61.42.125.85.0.5.101</ObjectIdentifier></extId>
                  <extType>48937dce52a1102b</extType>
               </PrivateExtension.Sequence>
               <PrivateExtension.Sequence>
                  <extId><ObjectIdentifier>0.1.249.108.12</ObjectIdentifier></extId>
                  <extType>b3ad</extType>
               </PrivateExtension.Sequence>
            </Collection>
         </privateExtensionList.C0.BoxedType>
         <pcs_Extensions.C1.Sequence>
            
         </pcs_Extensions.C1.Sequence>
      </extensionContainer.Sequence></SS_NotAvailableParam.Sequence>
</ASN>