<?xml version="1.0" encoding="ISO-8859-15"?>

<ASN layer="CAP">
   <StatusReportRes.Sequence><extensionContainer.C0.Sequence>
         <privateExtensionList.C0.BoxedType>
            <Collection>
               <PrivateExtension.Sequence>
                  <extId><ObjectIdentifier>0.1.253</ObjectIdentifier></extId>
                  <extType>72041d3f88</extType>
               </PrivateExtension.Sequence>
               <PrivateExtension.Sequence>
                  <extId><ObjectIdentifier>0.1.297.127.60</ObjectIdentifier></extId>
                  <extType>597021316243028d3704</extType>
               </PrivateExtension.Sequence>
               <PrivateExtension.Sequence>
                  <extId><ObjectIdentifier>0.1.2119.14.7.68.46.70</ObjectIdentifier></extId>
                  <extType>6b91875d3d21</extType>
               </PrivateExtension.Sequence>
            </Collection>
         </privateExtensionList.C0.BoxedType>
         <pcs_Extensions.C1.Sequence>
            
         </pcs_Extensions.C1.Sequence>
      </extensionContainer.C0.Sequence></StatusReportRes.Sequence>
</ASN>