<?xml version="1.0" encoding="ISO-8859-15"?>

<ASN layer="CAP">
   <StatusReportArg.Sequence>
      <imsi.C0.BoxedType><TBCD_STRING.BoxedType><Bytes>0138065285
               <field name="digits" value="1083602558" type="Number_BCD" length="10"/>
            </Bytes></TBCD_STRING.BoxedType></imsi.C0.BoxedType>
      <eventReportData.C1.Sequence>
         <ccbs_SubscriberStatus.C0.Enum>
            <EnumType>ccbsIdle.1</EnumType>
         </ccbs_SubscriberStatus.C0.Enum>
         <extensionContainer.C1.Sequence>
            <privateExtensionList.C0.BoxedType>
               <Collection>
                  <PrivateExtension.Sequence>
                     <extId><ObjectIdentifier>0.1.2</ObjectIdentifier></extId>
                     <extType>9142dc12379d12</extType>
                  </PrivateExtension.Sequence>
                  <PrivateExtension.Sequence>
                     <extId><ObjectIdentifier>0.1.27.55.100.66.47.48.52.118.3.51</ObjectIdentifier></extId>
                     <extType>4714306d</extType>
                  </PrivateExtension.Sequence>
                  <PrivateExtension.Sequence>
                     <extId><ObjectIdentifier>0.1.243.2.70.11.115</ObjectIdentifier></extId>
                     <extType>dc8911</extType>
                  </PrivateExtension.Sequence>
               </Collection>
            </privateExtensionList.C0.BoxedType>
            <pcs_Extensions.C1.Sequence>
               
            </pcs_Extensions.C1.Sequence>
         </extensionContainer.C1.Sequence>
      </eventReportData.C1.Sequence>
      <callReportdata.C2.Sequence>
         <monitoringMode.C0.Enum>
            <EnumType>a_side.0</EnumType>
         </monitoringMode.C0.Enum>
         <callOutcome.C1.Enum>
            <EnumType>failure.1</EnumType>
         </callOutcome.C1.Enum>
         <extensionContainer.C2.Sequence>
            <privateExtensionList.C0.BoxedType>
               <Collection>
                  <PrivateExtension.Sequence>
                     <extId><ObjectIdentifier>0.1.246.122.108.8.16</ObjectIdentifier></extId>
                     <extType>badb3fb66b05</extType>
                  </PrivateExtension.Sequence>
                  <PrivateExtension.Sequence>
                     <extId><ObjectIdentifier>0.1.270.71</ObjectIdentifier></extId>
                     <extType>f0c8</extType>
                  </PrivateExtension.Sequence>
                  <PrivateExtension.Sequence>
                     <extId><ObjectIdentifier>0.1.2102.58</ObjectIdentifier></extId>
                     <extType>fd3c4cf148838397ac19</extType>
                  </PrivateExtension.Sequence>
               </Collection>
            </privateExtensionList.C0.BoxedType>
            <pcs_Extensions.C1.Sequence>
               
            </pcs_Extensions.C1.Sequence>
         </extensionContainer.C2.Sequence>
      </callReportdata.C2.Sequence>
      <extensionContainer.C3.Sequence>
         <privateExtensionList.C0.BoxedType>
            <Collection>
               <PrivateExtension.Sequence>
                  <extId><ObjectIdentifier>0.1.252.4.93.74.99.85.25.80</ObjectIdentifier></extId>
                  <extType>89495b745c5770f28d</extType>
               </PrivateExtension.Sequence>
               <PrivateExtension.Sequence>
                  <extId><ObjectIdentifier>0.1.220.102.80.33.100.7.24.3.4</ObjectIdentifier></extId>
                  <extType>659bc5e81452e4e8</extType>
               </PrivateExtension.Sequence>
               <PrivateExtension.Sequence>
                  <extId><ObjectIdentifier>0.1.229.73.11.54.105.40</ObjectIdentifier></extId>
                  <extType>90ed</extType>
               </PrivateExtension.Sequence>
            </Collection>
         </privateExtensionList.C0.BoxedType>
         <pcs_Extensions.C1.Sequence>
            
         </pcs_Extensions.C1.Sequence>
      </extensionContainer.C3.Sequence>
   </StatusReportArg.Sequence>
</ASN>