<?xml version="1.0" encoding="ISO-8859-15"?>

<ASN layer="CAP">
   <SubBusyForMT_SMS_Param.Sequence>
      <extensionContainer.Sequence>
         <privateExtensionList.C0.BoxedType>
            <Collection>
               <PrivateExtension.Sequence>
                  <extId><ObjectIdentifier>0.1.219.118.27.60.103.19.61.50</ObjectIdentifier></extId>
                  <extType>d9d82a4d64a2639ed83b</extType>
               </PrivateExtension.Sequence>
               <PrivateExtension.Sequence>
                  <extId><ObjectIdentifier>0.1.262.44.58.97.85.84</ObjectIdentifier></extId>
                  <extType>b0eb4ee48004b918af</extType>
               </PrivateExtension.Sequence>
               <PrivateExtension.Sequence>
                  <extId><ObjectIdentifier>0.1.240.70.53.77.110.70.98</ObjectIdentifier></extId>
                  <extType>baf4e3386f604f</extType>
               </PrivateExtension.Sequence>
            </Collection>
         </privateExtensionList.C0.BoxedType>
         <pcs_Extensions.C1.Sequence>
            
         </pcs_Extensions.C1.Sequence>
      </extensionContainer.Sequence>
      <gprsConnectionSuspended></gprsConnectionSuspended>
   </SubBusyForMT_SMS_Param.Sequence>
</ASN>