<?xml version="1.0" encoding="ISO-8859-15"?>

<ASN layer="CAP">
   <SystemFailureParam.Choice>
      <networkResource.Enum>
         <EnumType>hlr.1</EnumType>
      </networkResource.Enum>
      <extensibleSystemFailureParam.Sequence>
         <networkResource.Enum>
            <EnumType>vmsc.5</EnumType>
         </networkResource.Enum>
         <extensionContainer.Sequence>
            <privateExtensionList.C0.BoxedType>
               <Collection>
                  <PrivateExtension.Sequence>
                     <extId><ObjectIdentifier>0.1.296</ObjectIdentifier></extId>
                     <extType>c82a00dde7c901</extType>
                  </PrivateExtension.Sequence>
                  <PrivateExtension.Sequence>
                     <extId><ObjectIdentifier>0.1.248.1.13.22.2</ObjectIdentifier></extId>
                     <extType>e0bcc7802cb5e4e33f</extType>
                  </PrivateExtension.Sequence>
                  <PrivateExtension.Sequence>
                     <extId><ObjectIdentifier>0.1.275</ObjectIdentifier></extId>
                     <extType>f109b651</extType>
                  </PrivateExtension.Sequence>
               </Collection>
            </privateExtensionList.C0.BoxedType>
            <pcs_Extensions.C1.Sequence>
               
            </pcs_Extensions.C1.Sequence>
         </extensionContainer.Sequence>
         <additionalNetworkResource.C0.Enum>
            <EnumType>ggsn.1</EnumType>
         </additionalNetworkResource.C0.Enum>
         <failureCauseParam.C1.Enum>
            <EnumType>limitReachedOnNumberOfConcurrentLocationRequests.0</EnumType>
         </failureCauseParam.C1.Enum>
      </extensibleSystemFailureParam.Sequence>
   </SystemFailureParam.Choice>
</ASN>