<?xml version="1.0" encoding="ISO-8859-15"?>

<ASN layer="CAP">
   <T_BCSM_CAMEL_TDP_Criteria.Sequence>
      <t_BCSM_TriggerDetectionPoint.Enum>
         <EnumType>termAttemptAuthorized.12</EnumType>
      </t_BCSM_TriggerDetectionPoint.Enum>
      <basicServiceCriteria.C0.BoxedType>
         <Collection>
            <Ext_BasicServiceCode.Choice>
               <ext_BearerService.C2.BoxedType><Bytes>856ed0348107</Bytes></ext_BearerService.C2.BoxedType>
               <ext_Teleservice.C3.BoxedType><Bytes>37388098c7
                     <field name="Code" value="55" type="EnumLong" length="1"/>
                     <field name="Extension data" value="388098c7" type="Binary" length="4"/>
                  </Bytes></ext_Teleservice.C3.BoxedType>
            </Ext_BasicServiceCode.Choice>
            <Ext_BasicServiceCode.Choice>
               <ext_BearerService.C2.BoxedType><Bytes>0cd8</Bytes></ext_BearerService.C2.BoxedType>
               <ext_Teleservice.C3.BoxedType><Bytes>3285803c38
                     <field name="Code" value="automaticFacsimileGroup3:50" type="EnumLong" length="1"/>
                     <field name="Extension data" value="85803c38" type="Binary" length="4"/>
                  </Bytes></ext_Teleservice.C3.BoxedType>
            </Ext_BasicServiceCode.Choice>
            <Ext_BasicServiceCode.Choice>
               <ext_BearerService.C2.BoxedType><Bytes>a084b6298b03a2</Bytes></ext_BearerService.C2.BoxedType>
               <ext_Teleservice.C3.BoxedType><Bytes>9d8b6ab08f
                     <field name="Code" value="157" type="EnumLong" length="1"/>
                     <field name="Extension data" value="8b6ab08f" type="Binary" length="4"/>
                  </Bytes></ext_Teleservice.C3.BoxedType>
            </Ext_BasicServiceCode.Choice>
         </Collection>
      </basicServiceCriteria.C0.BoxedType>
      <t_CauseValueCriteria.C1.BoxedType>
         <Collection>
            <CauseValue.BoxedType><Bytes>7d7a8378047429</Bytes></CauseValue.BoxedType>
            <CauseValue.BoxedType><Bytes>65c7d53b2c1ceccabb92</Bytes></CauseValue.BoxedType>
            <CauseValue.BoxedType><Bytes>bb26e8cd69</Bytes></CauseValue.BoxedType>
         </Collection>
      </t_CauseValueCriteria.C1.BoxedType>
   </T_BCSM_CAMEL_TDP_Criteria.Sequence>
</ASN>