<?xml version="1.0" encoding="ISO-8859-15"?>

<ASN layer="CAP">
   <T_BcsmCamelTDPData.Sequence>
      <t_BcsmTriggerDetectionPoint.Enum>
         <EnumType>tBusy.13</EnumType>
      </t_BcsmTriggerDetectionPoint.Enum>
      <serviceKey.BoxedType><Integer>1</Integer></serviceKey.BoxedType>
      <gsmSCF_Address.C0.BoxedType><AddressString.BoxedType><Bytes>5485800523f2
               <field name="extension" value="extension:0" type="EnumLong" lengthBit="1"/>
               <field name="nature of address" value="reserved:5" type="EnumLong" lengthBit="3"/>
               <field name="numbering plan" value="telex numbering plan (ITU-T Rec F.69):4" type="EnumLong" lengthBit="4"/>
               <field name="digits" value="580850322" type="Number_BCD" length="9"/>
            </Bytes></AddressString.BoxedType></gsmSCF_Address.C0.BoxedType>
      <defaultCallHandling.C1.Enum>
         <EnumType>continueCall.0</EnumType>
      </defaultCallHandling.C1.Enum>
      <extensionContainer.C2.Sequence>
         <privateExtensionList.C0.BoxedType>
            <Collection>
               <PrivateExtension.Sequence>
                  <extId><ObjectIdentifier>0.1.217.17.109.70.84.49</ObjectIdentifier></extId>
                  <extType>05e8f2</extType>
               </PrivateExtension.Sequence>
               <PrivateExtension.Sequence>
                  <extId><ObjectIdentifier>0.1.239</ObjectIdentifier></extId>
                  <extType>bf079930</extType>
               </PrivateExtension.Sequence>
               <PrivateExtension.Sequence>
                  <extId><ObjectIdentifier>0.1.281.117.95</ObjectIdentifier></extId>
                  <extType>cc18444a34d596a843</extType>
               </PrivateExtension.Sequence>
            </Collection>
         </privateExtensionList.C0.BoxedType>
         <pcs_Extensions.C1.Sequence>
            
         </pcs_Extensions.C1.Sequence>
      </extensionContainer.C2.Sequence>
   </T_BcsmCamelTDPData.Sequence>
</ASN>