<?xml version="1.0" encoding="ISO-8859-15"?>

<ASN layer="CAP">
   <TargetCellOutsideGCA_Param.Sequence><extensionContainer.Sequence>
         <privateExtensionList.C0.BoxedType>
            <Collection>
               <PrivateExtension.Sequence>
                  <extId><ObjectIdentifier>0.1.269.20.34.115.126.36.25.3</ObjectIdentifier></extId>
                  <extType>b3d17cd6ad8a</extType>
               </PrivateExtension.Sequence>
               <PrivateExtension.Sequence>
                  <extId><ObjectIdentifier>0.1.289.4.117</ObjectIdentifier></extId>
                  <extType>4b286fc33b1f</extType>
               </PrivateExtension.Sequence>
               <PrivateExtension.Sequence>
                  <extId><ObjectIdentifier>0.1.275.25.78.119</ObjectIdentifier></extId>
                  <extType>7851408757b7885ba4de</extType>
               </PrivateExtension.Sequence>
            </Collection>
         </privateExtensionList.C0.BoxedType>
         <pcs_Extensions.C1.Sequence>
            
         </pcs_Extensions.C1.Sequence>
      </extensionContainer.Sequence></TargetCellOutsideGCA_Param.Sequence>
</ASN>