<?xml version="1.0" encoding="ISO-8859-15"?>

<ASN layer="CAP">
   <TeleservNotProvParam.Sequence><extensionContainer.Sequence>
         <privateExtensionList.C0.BoxedType>
            <Collection>
               <PrivateExtension.Sequence>
                  <extId><ObjectIdentifier>0.1.240.60.106.113.110.86.47</ObjectIdentifier></extId>
                  <extType>a6448e89d96e48</extType>
               </PrivateExtension.Sequence>
               <PrivateExtension.Sequence>
                  <extId><ObjectIdentifier>0.1.265.118.72.41.26.90.42.116.23</ObjectIdentifier></extId>
                  <extType>38ca50</extType>
               </PrivateExtension.Sequence>
               <PrivateExtension.Sequence>
                  <extId><ObjectIdentifier>0.1.268.25.35.68.62.118.36</ObjectIdentifier></extId>
                  <extType>e59301eeda31eb</extType>
               </PrivateExtension.Sequence>
            </Collection>
         </privateExtensionList.C0.BoxedType>
         <pcs_Extensions.C1.Sequence>
            
         </pcs_Extensions.C1.Sequence>
      </extensionContainer.Sequence></TeleservNotProvParam.Sequence>
</ASN>