<?xml version="1.0" encoding="ISO-8859-15"?>

<ASN layer="CAP">
   <TracingBufferFullParam.Sequence><extensionContainer.Sequence>
         <privateExtensionList.C0.BoxedType>
            <Collection>
               <PrivateExtension.Sequence>
                  <extId><ObjectIdentifier>0.1.293.29.62.19</ObjectIdentifier></extId>
                  <extType>47</extType>
               </PrivateExtension.Sequence>
               <PrivateExtension.Sequence>
                  <extId><ObjectIdentifier>0.1.286.62.123.104.103.22.34.17.31</ObjectIdentifier></extId>
                  <extType>a0117ac483</extType>
               </PrivateExtension.Sequence>
               <PrivateExtension.Sequence>
                  <extId><ObjectIdentifier>0.1.243.12.8.23.20.39.27.49</ObjectIdentifier></extId>
                  <extType>df12c1c178d2c4</extType>
               </PrivateExtension.Sequence>
            </Collection>
         </privateExtensionList.C0.BoxedType>
         <pcs_Extensions.C1.Sequence>
            
         </pcs_Extensions.C1.Sequence>
      </extensionContainer.Sequence></TracingBufferFullParam.Sequence>
</ASN>