<?xml version="1.0" encoding="ISO-8859-15"?>

<ASN layer="CAP">
   <UnauthorizedRequestingNetwork_Param.Sequence><extensionContainer.Sequence>
         <privateExtensionList.C0.BoxedType>
            <Collection>
               <PrivateExtension.Sequence>
                  <extId><ObjectIdentifier>0.1.279.24.91.39.60.98.89.19</ObjectIdentifier></extId>
                  <extType>86</extType>
               </PrivateExtension.Sequence>
               <PrivateExtension.Sequence>
                  <extId><ObjectIdentifier>0.1.2107.80.54.6</ObjectIdentifier></extId>
                  <extType>6a0cc6</extType>
               </PrivateExtension.Sequence>
               <PrivateExtension.Sequence>
                  <extId><ObjectIdentifier>0.1.2114.2.17.53.23.118.41.77</ObjectIdentifier></extId>
                  <extType>00549caccd</extType>
               </PrivateExtension.Sequence>
            </Collection>
         </privateExtensionList.C0.BoxedType>
         <pcs_Extensions.C1.Sequence>
            
         </pcs_Extensions.C1.Sequence>
      </extensionContainer.Sequence></UnauthorizedRequestingNetwork_Param.Sequence>
</ASN>