<?xml version="1.0" encoding="ISO-8859-15"?>

<ASN layer="CAP">
   <UnauthorizedLCSClient_Param.Sequence>
      <unauthorizedLCSClient_Diagnostic.C0.Enum>
         <EnumType>unauthorizedCallSessionUnrelatedExternalClient.6</EnumType>
      </unauthorizedLCSClient_Diagnostic.C0.Enum>
      <extensionContainer.C1.Sequence>
         <privateExtensionList.C0.BoxedType>
            <Collection>
               <PrivateExtension.Sequence>
                  <extId><ObjectIdentifier>0.1.2101.35</ObjectIdentifier></extId>
                  <extType>cb95efc1062aad1c8fb7</extType>
               </PrivateExtension.Sequence>
               <PrivateExtension.Sequence>
                  <extId><ObjectIdentifier>0.1.250.91.15.102.104.43.119.80.86.27</ObjectIdentifier></extId>
                  <extType>6ad034</extType>
               </PrivateExtension.Sequence>
               <PrivateExtension.Sequence>
                  <extId><ObjectIdentifier>0.1.22.21.78.127.91</ObjectIdentifier></extId>
                  <extType>8ef49b4e5ed1</extType>
               </PrivateExtension.Sequence>
            </Collection>
         </privateExtensionList.C0.BoxedType>
         <pcs_Extensions.C1.Sequence>
            
         </pcs_Extensions.C1.Sequence>
      </extensionContainer.C1.Sequence>
   </UnauthorizedLCSClient_Param.Sequence>
</ASN>