<?xml version="1.0" encoding="ISO-8859-15"?>

<ASN layer="CAP">
   <UnexpectedDataParam.Sequence>
      <extensionContainer.Sequence>
         <privateExtensionList.C0.BoxedType>
            <Collection>
               <PrivateExtension.Sequence>
                  <extId><ObjectIdentifier>0.1.243</ObjectIdentifier></extId>
                  <extType>c5e416c6ad</extType>
               </PrivateExtension.Sequence>
               <PrivateExtension.Sequence>
                  <extId><ObjectIdentifier>0.1.245.31.59.119.21.95.94.117.113</ObjectIdentifier></extId>
                  <extType>8cc2f99e8b</extType>
               </PrivateExtension.Sequence>
               <PrivateExtension.Sequence>
                  <extId><ObjectIdentifier>0.1.230.123.27</ObjectIdentifier></extId>
                  <extType>9da2</extType>
               </PrivateExtension.Sequence>
            </Collection>
         </privateExtensionList.C0.BoxedType>
         <pcs_Extensions.C1.Sequence>
            
         </pcs_Extensions.C1.Sequence>
      </extensionContainer.Sequence>
      <unexpectedSubscriber.C0></unexpectedSubscriber.C0>
   </UnexpectedDataParam.Sequence>
</ASN>