<?xml version="1.0" encoding="ISO-8859-15"?>

<ASN layer="CAP">
   <UnidentifiedSubParam.Sequence><extensionContainer.Sequence>
         <privateExtensionList.C0.BoxedType>
            <Collection>
               <PrivateExtension.Sequence>
                  <extId><ObjectIdentifier>0.1.290.67.66.75.68.50.6.109.109</ObjectIdentifier></extId>
                  <extType>d6899b8b9a2ca0</extType>
               </PrivateExtension.Sequence>
               <PrivateExtension.Sequence>
                  <extId><ObjectIdentifier>0.1.247.113.27.5.84.66.26.53.22.23</ObjectIdentifier></extId>
                  <extType>67c503</extType>
               </PrivateExtension.Sequence>
               <PrivateExtension.Sequence>
                  <extId><ObjectIdentifier>0.1.249.1.35.104.49.0</ObjectIdentifier></extId>
                  <extType>ae2ec0</extType>
               </PrivateExtension.Sequence>
            </Collection>
         </privateExtensionList.C0.BoxedType>
         <pcs_Extensions.C1.Sequence>
            
         </pcs_Extensions.C1.Sequence>
      </extensionContainer.Sequence></UnidentifiedSubParam.Sequence>
</ASN>