<?xml version="1.0" encoding="ISO-8859-15"?>

<ASN layer="CAP">
   <UnknownOrUnreachableLCSClient_Param.Sequence><extensionContainer.Sequence>
         <privateExtensionList.C0.BoxedType>
            <Collection>
               <PrivateExtension.Sequence>
                  <extId><ObjectIdentifier>0.1.235.90.46.104.10.101.93.24.65</ObjectIdentifier></extId>
                  <extType>1d</extType>
               </PrivateExtension.Sequence>
               <PrivateExtension.Sequence>
                  <extId><ObjectIdentifier>0.1.228</ObjectIdentifier></extId>
                  <extType>13dc043333e730d0778d</extType>
               </PrivateExtension.Sequence>
               <PrivateExtension.Sequence>
                  <extId><ObjectIdentifier>0.1.265.34.49.23.50</ObjectIdentifier></extId>
                  <extType>5bc5</extType>
               </PrivateExtension.Sequence>
            </Collection>
         </privateExtensionList.C0.BoxedType>
         <pcs_Extensions.C1.Sequence>
            
         </pcs_Extensions.C1.Sequence>
      </extensionContainer.Sequence></UnknownOrUnreachableLCSClient_Param.Sequence>
</ASN>