<?xml version="1.0" encoding="ISO-8859-15"?>

<ASN layer="CAP">
   <UpdateVcsgLocationArg.Sequence>
      <imsi.BoxedType><TBCD_STRING.BoxedType><Bytes>71826402f2
               <field name="digits" value="172846202" type="Number_BCD" length="9"/>
            </Bytes></TBCD_STRING.BoxedType></imsi.BoxedType>
      <msisdn.C2.BoxedType><AddressString.BoxedType><Bytes>de1170934336
               <field name="extension" value="no extension:1" type="EnumLong" lengthBit="1"/>
               <field name="nature of address" value="reserved:5" type="EnumLong" lengthBit="3"/>
               <field name="numbering plan" value="14" type="EnumLong" lengthBit="4"/>
               <field name="digits" value="1107393463" type="Number_BCD" length="10"/>
            </Bytes></AddressString.BoxedType></msisdn.C2.BoxedType>
      <vlr_Number.C0.BoxedType><AddressString.BoxedType><Bytes>df89554365f6
               <field name="extension" value="no extension:1" type="EnumLong" lengthBit="1"/>
               <field name="nature of address" value="reserved:5" type="EnumLong" lengthBit="3"/>
               <field name="numbering plan" value="reserved for extension:15" type="EnumLong" lengthBit="4"/>
               <field name="digits" value="985534566" type="Number_BCD" length="9"/>
            </Bytes></AddressString.BoxedType></vlr_Number.C0.BoxedType>
      <sgsn_Number.C1.BoxedType><AddressString.BoxedType><Bytes>d97183081873
               <field name="extension" value="no extension:1" type="EnumLong" lengthBit="1"/>
               <field name="nature of address" value="reserved:5" type="EnumLong" lengthBit="3"/>
               <field name="numbering plan" value="private numbering plan:9" type="EnumLong" lengthBit="4"/>
               <field name="digits" value="1738808137" type="Number_BCD" length="10"/>
            </Bytes></AddressString.BoxedType></sgsn_Number.C1.BoxedType>
      <extensionContainer.Sequence>
         <privateExtensionList.C0.BoxedType>
            <Collection>
               <PrivateExtension.Sequence>
                  <extId><ObjectIdentifier>0.1.222.115</ObjectIdentifier></extId>
                  <extType>f956c9</extType>
               </PrivateExtension.Sequence>
               <PrivateExtension.Sequence>
                  <extId><ObjectIdentifier>0.1.298.80.77.59.73.46.20.118.122</ObjectIdentifier></extId>
                  <extType>7013a5650244b65e18b0</extType>
               </PrivateExtension.Sequence>
               <PrivateExtension.Sequence>
                  <extId><ObjectIdentifier>0.1.2116.25</ObjectIdentifier></extId>
                  <extType>34</extType>
               </PrivateExtension.Sequence>
            </Collection>
         </privateExtensionList.C0.BoxedType>
         <pcs_Extensions.C1.Sequence>
            
         </pcs_Extensions.C1.Sequence>
      </extensionContainer.Sequence>
   </UpdateVcsgLocationArg.Sequence>
</ASN>