<?xml version="1.0" encoding="ISO-8859-15"?>

<ASN layer="CAP">
   <UpdateVcsgLocationRes.Sequence>
      <temporaryEmptySubscriptiondataIndicator></temporaryEmptySubscriptiondataIndicator>
      <extensionContainer.Sequence>
         <privateExtensionList.C0.BoxedType>
            <Collection>
               <PrivateExtension.Sequence>
                  <extId><ObjectIdentifier>0.1.241.74.2.1.81</ObjectIdentifier></extId>
                  <extType>efb4e6ef</extType>
               </PrivateExtension.Sequence>
               <PrivateExtension.Sequence>
                  <extId><ObjectIdentifier>0.1.222.63.83.77.126.48</ObjectIdentifier></extId>
                  <extType>31b47e06</extType>
               </PrivateExtension.Sequence>
               <PrivateExtension.Sequence>
                  <extId><ObjectIdentifier>0.1.2110.22.16.122.74.74.54</ObjectIdentifier></extId>
                  <extType>1d28a444cc6af24ba2</extType>
               </PrivateExtension.Sequence>
            </Collection>
         </privateExtensionList.C0.BoxedType>
         <pcs_Extensions.C1.Sequence>
            
         </pcs_Extensions.C1.Sequence>
      </extensionContainer.Sequence>
   </UpdateVcsgLocationRes.Sequence>
</ASN>