<?xml version="1.0" encoding="ISO-8859-15"?>

<ASN layer="CAP">
   <UpdateLocationRes.Sequence>
      <hlr_Number.BoxedType><AddressString.BoxedType><Bytes>5e41445981f7
               <field name="extension" value="extension:0" type="EnumLong" lengthBit="1"/>
               <field name="nature of address" value="reserved:5" type="EnumLong" lengthBit="3"/>
               <field name="numbering plan" value="14" type="EnumLong" lengthBit="4"/>
               <field name="digits" value="144495187" type="Number_BCD" length="9"/>
            </Bytes></AddressString.BoxedType></hlr_Number.BoxedType>
      <extensionContainer.Sequence>
         <privateExtensionList.C0.BoxedType>
            <Collection>
               <PrivateExtension.Sequence>
                  <extId><ObjectIdentifier>0.1.2123.91.55</ObjectIdentifier></extId>
                  <extType>398c633800f9</extType>
               </PrivateExtension.Sequence>
               <PrivateExtension.Sequence>
                  <extId><ObjectIdentifier>0.1.2100.59.119.83.100.65.47</ObjectIdentifier></extId>
                  <extType>40b0aa</extType>
               </PrivateExtension.Sequence>
               <PrivateExtension.Sequence>
                  <extId><ObjectIdentifier>0.1.241.119.47.69.44</ObjectIdentifier></extId>
                  <extType>1a88c71b</extType>
               </PrivateExtension.Sequence>
            </Collection>
         </privateExtensionList.C0.BoxedType>
         <pcs_Extensions.C1.Sequence>
            
         </pcs_Extensions.C1.Sequence>
      </extensionContainer.Sequence>
      <add_Capability></add_Capability>
      <pagingArea_Capability.C0></pagingArea_Capability.C0>
   </UpdateLocationRes.Sequence>
</ASN>