<?xml version="1.0" encoding="ISO-8859-15"?>

<ASN layer="CAP">
   <UpdateGprsLocationArg.Sequence>
      <imsi.BoxedType><TBCD_STRING.BoxedType><Bytes>5188758129
               <field name="digits" value="1588571892" type="Number_BCD" length="10"/>
            </Bytes></TBCD_STRING.BoxedType></imsi.BoxedType>
      <sgsn_Number.BoxedType><AddressString.BoxedType><Bytes>560276099711
               <field name="extension" value="extension:0" type="EnumLong" lengthBit="1"/>
               <field name="nature of address" value="reserved:5" type="EnumLong" lengthBit="3"/>
               <field name="numbering plan" value="land mobile numbering plan (ITU-T Rec E.212):6" type="EnumLong" lengthBit="4"/>
               <field name="digits" value="2067907911" type="Number_BCD" length="10"/>
            </Bytes></AddressString.BoxedType></sgsn_Number.BoxedType>
      <sgsn_Address.BoxedType><Bytes>f388405b70
            <field name="Address type" value="3" type="EnumLong" lengthBit="2"/>
            <field name="AddressLength" value="51" type="Integer" lengthBit="6"/>
            <field name="IPV4 address" value="136.64.91.112" type="IPV4Address" length="4"/>
         </Bytes></sgsn_Address.BoxedType>
      <extensionContainer.Sequence>
         <privateExtensionList.C0.BoxedType>
            <Collection>
               <PrivateExtension.Sequence>
                  <extId><ObjectIdentifier>0.1.265.86.116.26.29.115.88.84.25</ObjectIdentifier></extId>
                  <extType>e22c562460</extType>
               </PrivateExtension.Sequence>
               <PrivateExtension.Sequence>
                  <extId><ObjectIdentifier>0.1.2</ObjectIdentifier></extId>
                  <extType>5f4b884713</extType>
               </PrivateExtension.Sequence>
               <PrivateExtension.Sequence>
                  <extId><ObjectIdentifier>0.1.234.22.35.54.67.11.44</ObjectIdentifier></extId>
                  <extType>6a6ee1f570c3eb91d9</extType>
               </PrivateExtension.Sequence>
            </Collection>
         </privateExtensionList.C0.BoxedType>
         <pcs_Extensions.C1.Sequence>
            
         </pcs_Extensions.C1.Sequence>
      </extensionContainer.Sequence>
      <sgsn_Capability.C0.Sequence>
         <solsaSupportIndicator></solsaSupportIndicator>
         <extensionContainer.C1.Sequence>
            <privateExtensionList.C0.BoxedType>
               <Collection>
                  <PrivateExtension.Sequence>
                     <extId><ObjectIdentifier>0.1.2123.72.14.4.44</ObjectIdentifier></extId>
                     <extType>3c944032</extType>
                  </PrivateExtension.Sequence>
                  <PrivateExtension.Sequence>
                     <extId><ObjectIdentifier>0.1.216.16.35</ObjectIdentifier></extId>
                     <extType>adf5</extType>
                  </PrivateExtension.Sequence>
                  <PrivateExtension.Sequence>
                     <extId><ObjectIdentifier>0.1.221.71.65.113.117.82.3.4.78.6</ObjectIdentifier></extId>
                     <extType>d02db1572c407320</extType>
                  </PrivateExtension.Sequence>
               </Collection>
            </privateExtensionList.C0.BoxedType>
            <pcs_Extensions.C1.Sequence>
               
            </pcs_Extensions.C1.Sequence>
         </extensionContainer.C1.Sequence>
         <superChargerSupportedInServingNetworkEntity.C2.Choice>
            <sendSubscriberData.C0></sendSubscriberData.C0>
            <subscriberDataStored.C1.BoxedType><Bytes>d2f9ff5e</Bytes></subscriberDataStored.C1.BoxedType>
         </superChargerSupportedInServingNetworkEntity.C2.Choice>
         <gprsEnhancementsSupportIndicator.C3></gprsEnhancementsSupportIndicator.C3>
         <supportedCamelPhases.C4.BoxedType><BitString><BitString value="709b29c0ed" trailing="0"/></BitString></supportedCamelPhases.C4.BoxedType>
         <supportedLCS_CapabilitySets.C5.BoxedType><BitString><BitString value="9e97" trailing="0"/></BitString></supportedLCS_CapabilitySets.C5.BoxedType>
         <offeredCamel4CSIs.C6.BoxedType><BitString><BitString value="6529c35ec390df49568248" trailing="0"/></BitString></offeredCamel4CSIs.C6.BoxedType>
         <smsCallBarringSupportIndicator.C7></smsCallBarringSupportIndicator.C7>
         <supportedRAT_TypesIndicator.C8.BoxedType><BitString><BitString value="4166d82eb7f771621d5a992036d38df706ad73" trailing="0"/></BitString></supportedRAT_TypesIndicator.C8.BoxedType>
         <supportedFeatures.C9.BoxedType><BitString><BitString value="7f77d0ecfe" trailing="0"/></BitString></supportedFeatures.C9.BoxedType>
         <t_adsDataRetrieval.C10></t_adsDataRetrieval.C10>
         <homogeneousSupportOfIMSVoiceOverPSSessions.C11>false:0</homogeneousSupportOfIMSVoiceOverPSSessions.C11>
         <cancellationTypeInitialAttach.C12></cancellationTypeInitialAttach.C12>
         <msisdn_lessOperation_Supported.C14></msisdn_lessOperation_Supported.C14>
         <updateofHomogeneousSupportOfIMSVoiceOverPSSessions.C15></updateofHomogeneousSupportOfIMSVoiceOverPSSessions.C15>
      </sgsn_Capability.C0.Sequence>
      <informPreviousNetworkEntity.C1></informPreviousNetworkEntity.C1>
      <ps_LCS_NotSupportedByUE.C2></ps_LCS_NotSupportedByUE.C2>
      <v_gmlc_Address.C3.BoxedType><Bytes>618c7a32f1
            <field name="Address type" value="IPV6:1" type="EnumLong" lengthBit="2"/>
            <field name="AddressLength" value="33" type="Integer" lengthBit="6"/>
            <field name="IPV4 address" value="140.122.50.241" type="IPV4Address" length="4"/>
         </Bytes></v_gmlc_Address.C3.BoxedType>
      <add_info.C4.Sequence>
         <imeisv.C0.BoxedType><TBCD_STRING.BoxedType><Bytes>31167357f7
                  <field name="digits" value="136137757" type="Number_BCD" length="9"/>
               </Bytes></TBCD_STRING.BoxedType></imeisv.C0.BoxedType>
         <skipSubscriberDataUpdate.C1></skipSubscriberDataUpdate.C1>
      </add_info.C4.Sequence>
      <eps_info.C5.Choice>
         <pdn_gw_update.C0.Sequence>
            <apn.C0.BoxedType><Bytes>743436386876
                  <field name="DNS string" value="t468hv" type="String" length="6"/>
               </Bytes></apn.C0.BoxedType>
            <pdn_gw_Identity.C1.Sequence>
               <pdn_gw_ipv4_Address.C0.BoxedType><Bytes>801cc22e
                     <field name="IPV4  address" value="128.28.194.46" type="IPV4Address" length="4"/>
                  </Bytes></pdn_gw_ipv4_Address.C0.BoxedType>
               <pdn_gw_ipv6_Address.C1.BoxedType><Bytes>9fd4ad44
                     <field name="IPV4  address" value="159.212.173.68" type="IPV4Address" length="4"/>
                  </Bytes></pdn_gw_ipv6_Address.C1.BoxedType>
               <pdn_gw_name.C2.BoxedType><Bytes>7620a3fb478c6a12</Bytes></pdn_gw_name.C2.BoxedType>
               <extensionContainer.C3.Sequence>
                  <privateExtensionList.C0.BoxedType>
                     <Collection>
                        <PrivateExtension.Sequence>
                           <extId><ObjectIdentifier>0.1.222.63.56.37.69</ObjectIdentifier></extId>
                           <extType>0ae22a1309</extType>
                        </PrivateExtension.Sequence>
                        <PrivateExtension.Sequence>
                           <extId><ObjectIdentifier>0.1.253.65.49.17.6.119.94</ObjectIdentifier></extId>
                           <extType>03</extType>
                        </PrivateExtension.Sequence>
                        <PrivateExtension.Sequence>
                           <extId><ObjectIdentifier>0.1.270.115.43.108.4.76.121.0.111.91</ObjectIdentifier></extId>
                           <extType>493465d89feff7</extType>
                        </PrivateExtension.Sequence>
                     </Collection>
                  </privateExtensionList.C0.BoxedType>
                  <pcs_Extensions.C1.Sequence>
                     
                  </pcs_Extensions.C1.Sequence>
               </extensionContainer.C3.Sequence>
            </pdn_gw_Identity.C1.Sequence>
            <contextId.C2.BoxedType><Integer>1</Integer></contextId.C2.BoxedType>
            <extensionContainer.C3.Sequence>
               <privateExtensionList.C0.BoxedType>
                  <Collection>
                     <PrivateExtension.Sequence>
                        <extId><ObjectIdentifier>0.1.2116.19.57.6.55.0.63.59</ObjectIdentifier></extId>
                        <extType>52b15fd1addc06bc0c</extType>
                     </PrivateExtension.Sequence>
                     <PrivateExtension.Sequence>
                        <extId><ObjectIdentifier>0.1.22.124</ObjectIdentifier></extId>
                        <extType>72623e20adfdf90c</extType>
                     </PrivateExtension.Sequence>
                     <PrivateExtension.Sequence>
                        <extId><ObjectIdentifier>0.1.287.84.7.107.71.101.50.54.53</ObjectIdentifier></extId>
                        <extType>591192f506a69656d6</extType>
                     </PrivateExtension.Sequence>
                  </Collection>
               </privateExtensionList.C0.BoxedType>
               <pcs_Extensions.C1.Sequence>
                  
               </pcs_Extensions.C1.Sequence>
            </extensionContainer.C3.Sequence>
         </pdn_gw_update.C0.Sequence>
         <isr_Information.C1.BoxedType><BitString><BitString value="70483792b1b942b1b2774665" trailing="0"/></BitString></isr_Information.C1.BoxedType>
      </eps_info.C5.Choice>
      <servingNodeTypeIndicator.C6></servingNodeTypeIndicator.C6>
      <skipSubscriberDataUpdate.C7></skipSubscriberDataUpdate.C7>
      <usedRAT_Type.C8.Enum>
         <EnumType>gan.2</EnumType>
      </usedRAT_Type.C8.Enum>
      <gprsSubscriptionDataNotNeeded.C9></gprsSubscriptionDataNotNeeded.C9>
      <nodeTypeIndicator.C10></nodeTypeIndicator.C10>
      <areaRestricted.C11></areaRestricted.C11>
      <ue_reachableIndicator.C12></ue_reachableIndicator.C12>
      <epsSubscriptionDataNotNeeded.C13></epsSubscriptionDataNotNeeded.C13>
      <ue_srvcc_Capability.C14.Enum>
         <EnumType>ue_srvcc_not_supported.0</EnumType>
      </ue_srvcc_Capability.C14.Enum>
      <eplmn_List.C15.BoxedType>
         <Collection>
            <PLMN_Id.BoxedType><Bytes>e5bd4efb</Bytes></PLMN_Id.BoxedType>
            <PLMN_Id.BoxedType><Bytes>9de4cf135212f59ba464</Bytes></PLMN_Id.BoxedType>
            <PLMN_Id.BoxedType><Bytes>beefcbf6</Bytes></PLMN_Id.BoxedType>
         </Collection>
      </eplmn_List.C15.BoxedType>
      <mmeNumberforMTSMS.C16.BoxedType><AddressString.BoxedType><Bytes>b37170024881
               <field name="extension" value="no extension:1" type="EnumLong" lengthBit="1"/>
               <field name="nature of address" value="network specific number:3" type="EnumLong" lengthBit="3"/>
               <field name="numbering plan" value="data numbering plan (ITU-T Rec X.121):3" type="EnumLong" lengthBit="4"/>
               <field name="digits" value="1707208418" type="Number_BCD" length="10"/>
            </Bytes></AddressString.BoxedType></mmeNumberforMTSMS.C16.BoxedType>
      <smsRegisterRequest.C17.Enum>
         <EnumType>no_preference.2</EnumType>
      </smsRegisterRequest.C17.Enum>
      <sms_Only.C18></sms_Only.C18>
      <removalofMMERegistrationforSMS.C22></removalofMMERegistrationforSMS.C22>
      <sgsn_Name.C19.BoxedType><Bytes>c1eadc3f</Bytes></sgsn_Name.C19.BoxedType>
      <sgsn_Realm.C20.BoxedType><Bytes>1c1b0272a196</Bytes></sgsn_Realm.C20.BoxedType>
      <lgd_supportIndicator.C21></lgd_supportIndicator.C21>
   </UpdateGprsLocationArg.Sequence>
</ASN>