<?xml version="1.0" encoding="ISO-8859-15"?>

<ASN layer="CAP">
   <UpdateGprsLocationRes.Sequence>
      <hlr_Number.BoxedType><AddressString.BoxedType><Bytes>d46171785654
               <field name="extension" value="no extension:1" type="EnumLong" lengthBit="1"/>
               <field name="nature of address" value="reserved:5" type="EnumLong" lengthBit="3"/>
               <field name="numbering plan" value="telex numbering plan (ITU-T Rec F.69):4" type="EnumLong" lengthBit="4"/>
               <field name="digits" value="1617876545" type="Number_BCD" length="10"/>
            </Bytes></AddressString.BoxedType></hlr_Number.BoxedType>
      <extensionContainer.Sequence>
         <privateExtensionList.C0.BoxedType>
            <Collection>
               <PrivateExtension.Sequence>
                  <extId><ObjectIdentifier>0.1.269.62.22.3.9.56.10.109</ObjectIdentifier></extId>
                  <extType>408296f21a11c7a5</extType>
               </PrivateExtension.Sequence>
               <PrivateExtension.Sequence>
                  <extId><ObjectIdentifier>0.1.2127.10.103.64.116.53.53.65</ObjectIdentifier></extId>
                  <extType>c3d1615c74da</extType>
               </PrivateExtension.Sequence>
               <PrivateExtension.Sequence>
                  <extId><ObjectIdentifier>0.1.2121.23.69.22</ObjectIdentifier></extId>
                  <extType>d21f</extType>
               </PrivateExtension.Sequence>
            </Collection>
         </privateExtensionList.C0.BoxedType>
         <pcs_Extensions.C1.Sequence>
            
         </pcs_Extensions.C1.Sequence>
      </extensionContainer.Sequence>
      <add_Capability></add_Capability>
      <sgsn_mmeSeparationSupported.C0></sgsn_mmeSeparationSupported.C0>
      <mmeRegisteredforSMS.C1></mmeRegisteredforSMS.C1>
   </UpdateGprsLocationRes.Sequence>
</ASN>