<?xml version="1.0" encoding="ISO-8859-15"?>

<ASN layer="CAP">
   <UpdateLocationArg.Sequence>
      <imsi.BoxedType><TBCD_STRING.BoxedType><Bytes>11321603f8
               <field name="digits" value="112361308" type="Number_BCD" length="9"/>
            </Bytes></TBCD_STRING.BoxedType></imsi.BoxedType>
      <msc_Number.C1.BoxedType><AddressString.BoxedType><Bytes>202136750450
               <field name="extension" value="extension:0" type="EnumLong" lengthBit="1"/>
               <field name="nature of address" value="national significant number:2" type="EnumLong" lengthBit="3"/>
               <field name="numbering plan" value="unknown:0" type="EnumLong" lengthBit="4"/>
               <field name="digits" value="1263574005" type="Number_BCD" length="10"/>
            </Bytes></AddressString.BoxedType></msc_Number.C1.BoxedType>
      <vlr_Number.BoxedType><AddressString.BoxedType><Bytes>815174528366
               <field name="extension" value="no extension:1" type="EnumLong" lengthBit="1"/>
               <field name="nature of address" value="unknown:0" type="EnumLong" lengthBit="3"/>
               <field name="numbering plan" value="ISDN/Telephony Numbering Plan (Rec ITU-T E.164):1" type="EnumLong" lengthBit="4"/>
               <field name="digits" value="1547253866" type="Number_BCD" length="10"/>
            </Bytes></AddressString.BoxedType></vlr_Number.BoxedType>
      <lmsi.C10.BoxedType><Bytes>a1919f262b
            <field name="digits" value="a1919f262b" type="Binary" length="5"/>
         </Bytes></lmsi.C10.BoxedType>
      <extensionContainer.Sequence>
         <privateExtensionList.C0.BoxedType>
            <Collection>
               <PrivateExtension.Sequence>
                  <extId><ObjectIdentifier>0.1.237</ObjectIdentifier></extId>
                  <extType>a089f08d73a42bb07a38</extType>
               </PrivateExtension.Sequence>
               <PrivateExtension.Sequence>
                  <extId><ObjectIdentifier>0.1.2123.15.75.27.27</ObjectIdentifier></extId>
                  <extType>8374af6f55d8f3</extType>
               </PrivateExtension.Sequence>
               <PrivateExtension.Sequence>
                  <extId><ObjectIdentifier>0.1.262.113.22.90.4.87.1.2.110</ObjectIdentifier></extId>
                  <extType>f66a51bbb3c5f4</extType>
               </PrivateExtension.Sequence>
            </Collection>
         </privateExtensionList.C0.BoxedType>
         <pcs_Extensions.C1.Sequence>
            
         </pcs_Extensions.C1.Sequence>
      </extensionContainer.Sequence>
      <vlr_Capability.C6.Sequence>
         <supportedCamelPhases.C0.BoxedType><BitString><BitString value="39b8515f686ea15d3c53ef0e" trailing="0"/></BitString></supportedCamelPhases.C0.BoxedType>
         <extensionContainer.Sequence>
            <privateExtensionList.C0.BoxedType>
               <Collection>
                  <PrivateExtension.Sequence>
                     <extId><ObjectIdentifier>0.1.215.80.31</ObjectIdentifier></extId>
                     <extType>d1dbc1e37e59cc3f8a</extType>
                  </PrivateExtension.Sequence>
                  <PrivateExtension.Sequence>
                     <extId><ObjectIdentifier>0.1.254.46.100.35</ObjectIdentifier></extId>
                     <extType>347895a03e74</extType>
                  </PrivateExtension.Sequence>
                  <PrivateExtension.Sequence>
                     <extId><ObjectIdentifier>0.1.2113.122.104.22</ObjectIdentifier></extId>
                     <extType>3404c346674fce5c7a</extType>
                  </PrivateExtension.Sequence>
               </Collection>
            </privateExtensionList.C0.BoxedType>
            <pcs_Extensions.C1.Sequence>
               
            </pcs_Extensions.C1.Sequence>
         </extensionContainer.Sequence>
         <solsaSupportIndicator.C2></solsaSupportIndicator.C2>
         <istSupportIndicator.C1.Enum>
            <EnumType>istCommandSupported.1</EnumType>
         </istSupportIndicator.C1.Enum>
         <superChargerSupportedInServingNetworkEntity.C3.Choice>
            <sendSubscriberData.C0></sendSubscriberData.C0>
            <subscriberDataStored.C1.BoxedType><Bytes>d4bf6d94e5a6</Bytes></subscriberDataStored.C1.BoxedType>
         </superChargerSupportedInServingNetworkEntity.C3.Choice>
         <longFTN_Supported.C4></longFTN_Supported.C4>
         <supportedLCS_CapabilitySets.C5.BoxedType><BitString><BitString value="0cf8354e353c8485225b6f6ae3" trailing="0"/></BitString></supportedLCS_CapabilitySets.C5.BoxedType>
         <offeredCamel4CSIs.C6.BoxedType><BitString><BitString value="d73197cc49e18ece0841" trailing="0"/></BitString></offeredCamel4CSIs.C6.BoxedType>
         <supportedRAT_TypesIndicator.C7.BoxedType><BitString><BitString value="eb" trailing="0"/></BitString></supportedRAT_TypesIndicator.C7.BoxedType>
         <longGroupID_Supported.C8></longGroupID_Supported.C8>
         <mtRoamingForwardingSupported.C9></mtRoamingForwardingSupported.C9>
         <msisdn_lessOperation_Supported.C10></msisdn_lessOperation_Supported.C10>
      </vlr_Capability.C6.Sequence>
      <informPreviousNetworkEntity.C11></informPreviousNetworkEntity.C11>
      <cs_LCS_NotSupportedByUE.C12></cs_LCS_NotSupportedByUE.C12>
      <v_gmlc_Address.C2.BoxedType><Bytes>419ee4b41b
            <field name="Address type" value="IPV6:1" type="EnumLong" lengthBit="2"/>
            <field name="AddressLength" value="1" type="Integer" lengthBit="6"/>
            <field name="IPV4 address" value="158.228.180.27" type="IPV4Address" length="4"/>
         </Bytes></v_gmlc_Address.C2.BoxedType>
      <add_info.C13.Sequence>
         <imeisv.C0.BoxedType><TBCD_STRING.BoxedType><Bytes>6150305669
                  <field name="digits" value="1605036596" type="Number_BCD" length="10"/>
               </Bytes></TBCD_STRING.BoxedType></imeisv.C0.BoxedType>
         <skipSubscriberDataUpdate.C1></skipSubscriberDataUpdate.C1>
      </add_info.C13.Sequence>
      <pagingArea.C14.BoxedType>
         <Collection>
            <LocationArea.Choice>
               <laiFixedLength.C0.BoxedType><Bytes>22f62565b4
                     <field name="MMC" value="226,52" type="NumberMMC" length="3"/>
                     <field name="LAC" value="26036" type="Integer" length="2"/>
                  </Bytes></laiFixedLength.C0.BoxedType>
               <lac.C1.BoxedType><Bytes>e00e041506</Bytes></lac.C1.BoxedType>
            </LocationArea.Choice>
            <LocationArea.Choice>
               <laiFixedLength.C0.BoxedType><Bytes>71309128ec
                     <field name="MMC" value="170,193" type="NumberMMC" length="3"/>
                     <field name="LAC" value="10476" type="Integer" length="2"/>
                  </Bytes></laiFixedLength.C0.BoxedType>
               <lac.C1.BoxedType><Bytes>8f3c77</Bytes></lac.C1.BoxedType>
            </LocationArea.Choice>
            <LocationArea.Choice>
               <laiFixedLength.C0.BoxedType><Bytes>7157413f1e
                     <field name="MMC" value="177,145" type="NumberMMC" length="3"/>
                     <field name="LAC" value="16158" type="Integer" length="2"/>
                  </Bytes></laiFixedLength.C0.BoxedType>
               <lac.C1.BoxedType><Bytes>5aeef10e460c3af403ea</Bytes></lac.C1.BoxedType>
            </LocationArea.Choice>
         </Collection>
      </pagingArea.C14.BoxedType>
      <skipSubscriberDataUpdate.C15></skipSubscriberDataUpdate.C15>
      <restorationIndicator.C16></restorationIndicator.C16>
      <eplmn_List.C3.BoxedType>
         <Collection>
            <PLMN_Id.BoxedType><Bytes>7244ae2e627623936420</Bytes></PLMN_Id.BoxedType>
            <PLMN_Id.BoxedType><Bytes>94</Bytes></PLMN_Id.BoxedType>
            <PLMN_Id.BoxedType><Bytes>59036de2f3f502c1</Bytes></PLMN_Id.BoxedType>
         </Collection>
      </eplmn_List.C3.BoxedType>
      <mme_DiameterAddress.C4.Sequence>
         <diameter_Name.C0.BoxedType><Bytes>1e99957d2c3b9861f9</Bytes></diameter_Name.C0.BoxedType>
         <diameter_Realm.C1.BoxedType><Bytes>62fae90d3f4a469d8fcd</Bytes></diameter_Realm.C1.BoxedType>
      </mme_DiameterAddress.C4.Sequence>
   </UpdateLocationArg.Sequence>
</ASN>