<?xml version="1.0" encoding="ISO-8859-15"?>

<ASN layer="CAP">
   <USSD_Arg.Sequence>
      <ussd_DataCodingScheme.BoxedType><Bytes>44
            <field name="Coding Group Bits" value="General Data Coding indication:4" type="EnumLong" lengthBit="4"/>
            <field name="Alphabet" value="8 bit data {UTF-8}:1" type="EnumLong" lengthBit="2"/>
            <field name="Message Class" value="Class 0:0" type="EnumLong" lengthBit="2"/>
         </Bytes></ussd_DataCodingScheme.BoxedType>
      <ussd_String.BoxedType><Bytes>f163b6
            <field name="binary" value="f163b6" type="Binary" length="3"/>
         </Bytes></ussd_String.BoxedType>
      <alertingPattern.BoxedType><Bytes>615508603167ef04</Bytes></alertingPattern.BoxedType>
      <msisdn.C0.BoxedType><AddressString.BoxedType><Bytes>132108436907
               <field name="extension" value="extension:0" type="EnumLong" lengthBit="1"/>
               <field name="nature of address" value="international number:1" type="EnumLong" lengthBit="3"/>
               <field name="numbering plan" value="data numbering plan (ITU-T Rec X.121):3" type="EnumLong" lengthBit="4"/>
               <field name="digits" value="1280349670" type="Number_BCD" length="10"/>
            </Bytes></AddressString.BoxedType></msisdn.C0.BoxedType>
   </USSD_Arg.Sequence>
</ASN>