<?xml version="1.0" encoding="ISO-8859-15"?>

<ASN layer="CAP">
   <VariablePartsArray.BoxedType>
      <Collection>
         <VariablePart.Choice>
            <integer.C0.BoxedType><Integer>1</Integer></integer.C0.BoxedType>
            <number.C1.BoxedType><Bytes>76</Bytes></number.C1.BoxedType>
            <time.C2>98e57048f495633945a2</time.C2>
            <date.C3>05915934dc8bf399</date.C3>
            <price.C4>431129f7f47293a9def2</price.C4>
         </VariablePart.Choice>
         <VariablePart.Choice>
            <integer.C0.BoxedType><Integer>2</Integer></integer.C0.BoxedType>
            <number.C1.BoxedType><Bytes>3f844d</Bytes></number.C1.BoxedType>
            <time.C2>df38effb</time.C2>
            <date.C3>e5016f5092b0</date.C3>
            <price.C4>6a1864ad2a038765df</price.C4>
         </VariablePart.Choice>
         <VariablePart.Choice>
            <integer.C0.BoxedType><Integer>1</Integer></integer.C0.BoxedType>
            <number.C1.BoxedType><Bytes>bea66fc2027a974d</Bytes></number.C1.BoxedType>
            <time.C2>4a7db902fe56ef</time.C2>
            <date.C3>293e4659c766ab0796</date.C3>
            <price.C4>856e767755</price.C4>
         </VariablePart.Choice>
      </Collection>
   </VariablePartsArray.BoxedType>
</ASN>