<?xml version="1.0" encoding="ISO-8859-15"?>

<ASN layer="CAP">
   <VoiceGroupCallData.Sequence>
      <groupId.BoxedType><TBCD_STRING.BoxedType><Bytes>1152597138
               <field name="digits" value="1125951783" type="Number_BCD" length="10"/>
            </Bytes></TBCD_STRING.BoxedType></groupId.BoxedType>
      <extensionContainer.Sequence>
         <privateExtensionList.C0.BoxedType>
            <Collection>
               <PrivateExtension.Sequence>
                  <extId><ObjectIdentifier>0.1.216.68.70.96.27.61</ObjectIdentifier></extId>
                  <extType>48e006ac786e19e3efa6</extType>
               </PrivateExtension.Sequence>
               <PrivateExtension.Sequence>
                  <extId><ObjectIdentifier>0.1.255.44.98.112.126.64.9.44.111</ObjectIdentifier></extId>
                  <extType>be1e0bab111e</extType>
               </PrivateExtension.Sequence>
               <PrivateExtension.Sequence>
                  <extId><ObjectIdentifier>0.1.231.27.18.119.29.67.38.17</ObjectIdentifier></extId>
                  <extType>ef</extType>
               </PrivateExtension.Sequence>
            </Collection>
         </privateExtensionList.C0.BoxedType>
         <pcs_Extensions.C1.Sequence>
            
         </pcs_Extensions.C1.Sequence>
      </extensionContainer.Sequence>
      <additionalSubscriptions.BoxedType><BitString><BitString value="9fa9127f3fd43e7f6b0fb8da630c4c4502" trailing="0"/></BitString></additionalSubscriptions.BoxedType>
      <additionalInfo.C0.BoxedType><BitString><BitString value="e0bd0f0e14357ad908" trailing="0"/></BitString></additionalInfo.C0.BoxedType>
      <longGroupId.C1.BoxedType><TBCD_STRING.BoxedType><Bytes>32851821f1
               <field name="digits" value="235881121" type="Number_BCD" length="9"/>
            </Bytes></TBCD_STRING.BoxedType></longGroupId.C1.BoxedType>
   </VoiceGroupCallData.Sequence>
</ASN>