<?xml version="1.0" encoding="ISO-8859-15"?>

<ASN layer="CAP">
   <VoiceBroadcastData.Sequence>
      <groupid.BoxedType><TBCD_STRING.BoxedType><Bytes>0101602450
               <field name="digits" value="1010064205" type="Number_BCD" length="10"/>
            </Bytes></TBCD_STRING.BoxedType></groupid.BoxedType>
      <broadcastInitEntitlement></broadcastInitEntitlement>
      <extensionContainer.Sequence>
         <privateExtensionList.C0.BoxedType>
            <Collection>
               <PrivateExtension.Sequence>
                  <extId><ObjectIdentifier>0.1.2125.29.127.115.24</ObjectIdentifier></extId>
                  <extType>f1eb</extType>
               </PrivateExtension.Sequence>
               <PrivateExtension.Sequence>
                  <extId><ObjectIdentifier>0.1.228.18</ObjectIdentifier></extId>
                  <extType>59918e34</extType>
               </PrivateExtension.Sequence>
               <PrivateExtension.Sequence>
                  <extId><ObjectIdentifier>0.1.238.55.83.24.16.57.58.104.71</ObjectIdentifier></extId>
                  <extType>9502</extType>
               </PrivateExtension.Sequence>
            </Collection>
         </privateExtensionList.C0.BoxedType>
         <pcs_Extensions.C1.Sequence>
            
         </pcs_Extensions.C1.Sequence>
      </extensionContainer.Sequence>
      <longGroupId.C0.BoxedType><TBCD_STRING.BoxedType><Bytes>1175393394
               <field name="digits" value="1157933349" type="Number_BCD" length="10"/>
            </Bytes></TBCD_STRING.BoxedType></longGroupId.C0.BoxedType>
   </VoiceBroadcastData.Sequence>
</ASN>