<?xml version="1.0" encoding="ISO-8859-15"?>

<ASN layer="MAP">
   <ActivateTraceModeRes.Sequence><extensionContainer.C0.Sequence>
         <privateExtensionList.C0.BoxedType>
            <Collection>
               <PrivateExtension.Sequence>
                  <extId><ObjectIdentifier>0.1.2106.118.116.57.7.69.8.10.14.6</ObjectIdentifier></extId>
                  <extType>e49c43</extType>
               </PrivateExtension.Sequence>
               <PrivateExtension.Sequence>
                  <extId><ObjectIdentifier>0.1.269.51.73</ObjectIdentifier></extId>
                  <extType>ae3e3cc8d1</extType>
               </PrivateExtension.Sequence>
               <PrivateExtension.Sequence>
                  <extId><ObjectIdentifier>0.1.291.63.84.46.74.31.125.31</ObjectIdentifier></extId>
                  <extType>5aec</extType>
               </PrivateExtension.Sequence>
            </Collection>
         </privateExtensionList.C0.BoxedType>
         <pcsExtensions.C1.Sequence></pcsExtensions.C1.Sequence>
      </extensionContainer.C0.Sequence></ActivateTraceModeRes.Sequence>
</ASN>