<?xml version="1.0" encoding="ISO-8859-15"?>

<ASN layer="MAP">
   <ActivateTraceModeArg.Sequence>
      <imsi.C0.BoxedType><Bytes>5131230674
            <field name="digits" value="1513326047" type="Number_BCD" length="10"/>
         </Bytes></imsi.C0.BoxedType>
      <traceReference.C1>4fd4764bc0166944</traceReference.C1>
      <traceType.C2>1</traceType.C2>
      <omc_Id.C3>34c59ea3aeed</omc_Id.C3>
      <extensionContainer.C4.Sequence>
         <privateExtensionList.C0.BoxedType>
            <Collection>
               <PrivateExtension.Sequence>
                  <extId><ObjectIdentifier>0.1.2108.111.85</ObjectIdentifier></extId>
                  <extType>1c</extType>
               </PrivateExtension.Sequence>
               <PrivateExtension.Sequence>
                  <extId><ObjectIdentifier>0.1.213.95.8.62.91.68.58.51</ObjectIdentifier></extId>
                  <extType>856042af</extType>
               </PrivateExtension.Sequence>
               <PrivateExtension.Sequence>
                  <extId><ObjectIdentifier>0.1.2112.51</ObjectIdentifier></extId>
                  <extType>1f8a99ffa4</extType>
               </PrivateExtension.Sequence>
            </Collection>
         </privateExtensionList.C0.BoxedType>
         <pcsExtensions.C1.Sequence></pcsExtensions.C1.Sequence>
      </extensionContainer.C4.Sequence>
   </ActivateTraceModeArg.Sequence>
</ASN>