<?xml version="1.0" encoding="ISO-8859-15"?>

<ASN layer="MAP">
   <AlertServiceCentreArg.Sequence>
      <msisdn.BoxedType><Bytes>e91252160715
            <field name="extension" value="no extension:1" type="EnumLong" lengthBit="1"/>
            <field name="nature of address" value="abbreviated number:6" type="EnumLong" lengthBit="3"/>
            <field name="numbering plan" value="private numbering plan:9" type="EnumLong" lengthBit="4"/>
            <field name="digits" value="2125617051" type="Number_BCD" length="10"/>
         </Bytes></msisdn.BoxedType>
      <serviceCentreAddress.BoxedType><Bytes>0585815728f1
            <field name="extension" value="extension:0" type="EnumLong" lengthBit="1"/>
            <field name="nature of address" value="unknown:0" type="EnumLong" lengthBit="3"/>
            <field name="numbering plan" value="spare:5" type="EnumLong" lengthBit="4"/>
            <field name="digits" value="581875821" type="Number_BCD" length="9"/>
         </Bytes></serviceCentreAddress.BoxedType>
   </AlertServiceCentreArg.Sequence>
</ASN>