<?xml version="1.0" encoding="ISO-8859-15"?>

<ASN layer="MAP">
   <AnyTimeInterrogationRes.Sequence>
      <subscriberInfo.Sequence>
         <locationInformation.C0.Sequence>
            <ageOfLocationInformation.BoxedType><Integer>2 minuts:2</Integer></ageOfLocationInformation.BoxedType>
            <geographicalInformation.C0.BoxedType><Bytes>a6d8ad524557ef8f
                  <field name="TypeOfShape" value="Ellipsoid Arc:10" type="EnumLong" lengthBit="4"/>
                  <field name="spare" value="6" type="Integer" lengthBit="4"/>
                  <field name="DegreesOfLatitude" value="14200146" type="Integer" length="3"/>
                  <field name="DegreesOfLongitude" value="4544495" type="Integer" length="3"/>
                  <field name="UncertaintyCode" value="143" type="Integer" length="1"/>
               </Bytes></geographicalInformation.C0.BoxedType>
            <vlr_number.C1.BoxedType><Bytes>e10185609481
                  <field name="extension" value="no extension:1" type="EnumLong" lengthBit="1"/>
                  <field name="nature of address" value="abbreviated number:6" type="EnumLong" lengthBit="3"/>
                  <field name="numbering plan" value="ISDN/Telephony Numbering Plan (Rec ITU-T E.164):1" type="EnumLong" lengthBit="4"/>
                  <field name="digits" value="1058064918" type="Number_BCD" length="10"/>
               </Bytes></vlr_number.C1.BoxedType>
            <locationNumber.C2.BoxedType><Bytes>8a4a2129918568
                  <field name="Odd/even (O/E)" value="odd number of address signals:1" type="EnumLong" lengthBit="1"/>
                  <field name="Nature of address" value="spare:10" type="EnumLong" lengthBit="7"/>
                  <field name="Internal Network Number (INN)" value="routing to internal number allowed:0" type="EnumLong" lengthBit="1"/>
                  <field name="Numbering plan" value="Telex numbering plan (ITU-T Recommendation F.69):4" type="EnumLong" lengthBit="3"/>
                  <field name="Address presentation restricted" value="address not available (national use):2" type="EnumLong" lengthBit="2"/>
                  <field name="Screening" value="reserved:2" type="EnumLong" lengthBit="2"/>
                  <field name="digits" value="1292195886" type="Number_BCD" length="10"/>
               </Bytes></locationNumber.C2.BoxedType>
            <cellGlobalIdOrServiceAreaIdOrLAI.C3.Choice>
               <cellGlobalIdOrServiceAreaIdFixedLength.C0.BoxedType><Bytes>41f48705604c16
                     <field name="MMC" value="144,78" type="NumberMMC" length="3"/>
                     <field name="LAC" value="1376" type="Integer" length="2"/>
                     <field name="CI_SAC" value="19478" type="Integer" length="2"/>
                  </Bytes></cellGlobalIdOrServiceAreaIdFixedLength.C0.BoxedType>
               <laiFixedLength.C1.BoxedType><Bytes>419951fe4e
                     <field name="MMC" value="149,159" type="NumberMMC" length="3"/>
                     <field name="LAC" value="65102" type="Integer" length="2"/>
                  </Bytes></laiFixedLength.C1.BoxedType>
            </cellGlobalIdOrServiceAreaIdOrLAI.C3.Choice>
            <extensionContainer.C4.Sequence>
               <privateExtensionList.C0.BoxedType>
                  <Collection>
                     <PrivateExtension.Sequence>
                        <extId><ObjectIdentifier>0.1.20</ObjectIdentifier></extId>
                        <extType>819c748811</extType>
                     </PrivateExtension.Sequence>
                     <PrivateExtension.Sequence>
                        <extId><ObjectIdentifier>0.1.2102.49.110.40</ObjectIdentifier></extId>
                        <extType>da511fd70d20cf40</extType>
                     </PrivateExtension.Sequence>
                     <PrivateExtension.Sequence>
                        <extId><ObjectIdentifier>0.1.2101.32</ObjectIdentifier></extId>
                        <extType>67844b5bd3d87853f47f</extType>
                     </PrivateExtension.Sequence>
                  </Collection>
               </privateExtensionList.C0.BoxedType>
               <pcsExtensions.C1.Sequence></pcsExtensions.C1.Sequence>
            </extensionContainer.C4.Sequence>
            <selectedLSA_Id.C5.BoxedType><Bytes>47a463
                  <field name="LSA type" value="PLMN significant number:0" type="EnumLong" lengthBit="1"/>
                  <field name="Identifier" value="4695139" type="Integer" lengthBit="23"/>
               </Bytes></selectedLSA_Id.C5.BoxedType>
            <msc_Number.C6.BoxedType><Bytes>0414676203f9
                  <field name="extension" value="extension:0" type="EnumLong" lengthBit="1"/>
                  <field name="nature of address" value="unknown:0" type="EnumLong" lengthBit="3"/>
                  <field name="numbering plan" value="telex numbering plan (ITU-T Rec F.69):4" type="EnumLong" lengthBit="4"/>
                  <field name="digits" value="417626309" type="Number_BCD" length="9"/>
               </Bytes></msc_Number.C6.BoxedType>
            <geodeticInformation.C7.BoxedType><Bytes>aa0320154e4d6c58864c
                  <field name="spare" value="10" type="Integer" lengthBit="4"/>
                  <field name="LPRI" value="location not available (Note):2" type="EnumLong" lengthBit="2"/>
                  <field name="screnning" value="user provided, verified and failed:2" type="EnumLong" lengthBit="2"/>
                  <field name="ext" value="0" type="Integer" lengthBit="1"/>
                  <field name="TypeOfShape" value="ellipse on the ellipsoid:3" type="EnumLong" lengthBit="7"/>
                  <field name="DegreesOfLatitude" value="2102606" type="Integer" length="3"/>
                  <field name="DegreesOfLongitude" value="5074008" type="Integer" length="3"/>
                  <field name="UncertaintyCode" value="134" type="Integer" length="1"/>
                  <field name="Confidence" value="76" type="Integer" length="1"/>
               </Bytes></geodeticInformation.C7.BoxedType>
            <currentLocationRetrieved.C8></currentLocationRetrieved.C8>
            <sai_Present.C9></sai_Present.C9>
         </locationInformation.C0.Sequence>
         <subscriberState.C1.Choice>
            <assumedIdle.C0></assumedIdle.C0>
            <camelBusy.C1></camelBusy.C1>
            <notProvidedFromVLR.C2></notProvidedFromVLR.C2>
         </subscriberState.C1.Choice>
         <extensionContainer.C2.Sequence>
            <privateExtensionList.C0.BoxedType>
               <Collection>
                  <PrivateExtension.Sequence>
                     <extId><ObjectIdentifier>0.1.284.44.61.97.64.3.50</ObjectIdentifier></extId>
                     <extType>e373</extType>
                  </PrivateExtension.Sequence>
                  <PrivateExtension.Sequence>
                     <extId><ObjectIdentifier>0.1.220.15.96</ObjectIdentifier></extId>
                     <extType>5e77e96f</extType>
                  </PrivateExtension.Sequence>
                  <PrivateExtension.Sequence>
                     <extId><ObjectIdentifier>0.1.27.16.60.121.37.124.94.58</ObjectIdentifier></extId>
                     <extType>3107c0baf756</extType>
                  </PrivateExtension.Sequence>
               </Collection>
            </privateExtensionList.C0.BoxedType>
            <pcsExtensions.C1.Sequence></pcsExtensions.C1.Sequence>
         </extensionContainer.C2.Sequence>
         <locationInformationGPRS.C3.Sequence>
            <cellGlobalIdOrServiceAreaIdOrLAI.C0.Choice>
               <cellGlobalIdOrServiceAreaIdFixedLength.C0.BoxedType><Bytes>21f7247d2fc007
                     <field name="MMC" value="127,42" type="NumberMMC" length="3"/>
                     <field name="LAC" value="32047" type="Integer" length="2"/>
                     <field name="CI_SAC" value="49159" type="Integer" length="2"/>
                  </Bytes></cellGlobalIdOrServiceAreaIdFixedLength.C0.BoxedType>
               <laiFixedLength.C1.BoxedType><Bytes>12f933cf63
                     <field name="MMC" value="219,33" type="NumberMMC" length="3"/>
                     <field name="LAC" value="53091" type="Integer" length="2"/>
                  </Bytes></laiFixedLength.C1.BoxedType>
            </cellGlobalIdOrServiceAreaIdOrLAI.C0.Choice>
            <routeingAreaIdentity.C1.BoxedType><Bytes>229971f5b929
                  <field name="MMC" value="229,179" type="NumberMMC" length="3"/>
                  <field name="LAC" value="62905" type="Integer" length="2"/>
                  <field name="RAC" value="41" type="Integer" length="1"/>
               </Bytes></routeingAreaIdentity.C1.BoxedType>
            <geographicalInformation.C2.BoxedType><Bytes>ce3c6bd7aa7096a5
                  <field name="TypeOfShape" value="Reserved for future use:12" type="EnumLong" lengthBit="4"/>
                  <field name="spare" value="14" type="Integer" lengthBit="4"/>
                  <field name="DegreesOfLatitude" value="3959767" type="Integer" length="3"/>
                  <field name="DegreesOfLongitude" value="11169942" type="Integer" length="3"/>
                  <field name="UncertaintyCode" value="165" type="Integer" length="1"/>
               </Bytes></geographicalInformation.C2.BoxedType>
            <sgsn_Number.C3.BoxedType><Bytes>5e72217873
                  <field name="extension" value="extension:0" type="EnumLong" lengthBit="1"/>
                  <field name="nature of address" value="reserved:5" type="EnumLong" lengthBit="3"/>
                  <field name="numbering plan" value="14" type="EnumLong" lengthBit="4"/>
                  <field name="digits" value="27128737" type="Number_BCD" length="8"/>
               </Bytes></sgsn_Number.C3.BoxedType>
            <selectedLSAIdentity.C4.BoxedType><Bytes>38cef3
                  <field name="LSA type" value="PLMN significant number:0" type="EnumLong" lengthBit="1"/>
                  <field name="Identifier" value="3722995" type="Integer" lengthBit="23"/>
               </Bytes></selectedLSAIdentity.C4.BoxedType>
            <extensionContainer.C5.Sequence>
               <privateExtensionList.C0.BoxedType>
                  <Collection>
                     <PrivateExtension.Sequence>
                        <extId><ObjectIdentifier>0.1.292.25.94.16.99.104</ObjectIdentifier></extId>
                        <extType>63d9b3ce</extType>
                     </PrivateExtension.Sequence>
                     <PrivateExtension.Sequence>
                        <extId><ObjectIdentifier>0.1.221</ObjectIdentifier></extId>
                        <extType>b007f2715648d2</extType>
                     </PrivateExtension.Sequence>
                     <PrivateExtension.Sequence>
                        <extId><ObjectIdentifier>0.1.28.40.82.78.11.30.26.75.24.41</ObjectIdentifier></extId>
                        <extType>b1e857ca4119</extType>
                     </PrivateExtension.Sequence>
                  </Collection>
               </privateExtensionList.C0.BoxedType>
               <pcsExtensions.C1.Sequence></pcsExtensions.C1.Sequence>
            </extensionContainer.C5.Sequence>
            <sai_Present.C6></sai_Present.C6>
            <geodeticInformation.C7.BoxedType><Bytes>cabfc359481909286d71
                  <field name="spare" value="12" type="Integer" lengthBit="4"/>
                  <field name="LPRI" value="location not available (Note):2" type="EnumLong" lengthBit="2"/>
                  <field name="screnning" value="user provided, verified and failed:2" type="EnumLong" lengthBit="2"/>
                  <field name="ext" value="1" type="Integer" lengthBit="1"/>
                  <field name="TypeOfShape" value="spare:63" type="EnumLong" lengthBit="7"/>
                  <field name="DegreesOfLatitude" value="12802376" type="Integer" length="3"/>
                  <field name="DegreesOfLongitude" value="1640744" type="Integer" length="3"/>
                  <field name="UncertaintyCode" value="109" type="Integer" length="1"/>
                  <field name="Confidence" value="113" type="Integer" length="1"/>
               </Bytes></geodeticInformation.C7.BoxedType>
            <currentLocationRetrieved.C8></currentLocationRetrieved.C8>
            <ageOfLocationInformation.C9.BoxedType><Integer>[1-32766] minuts:1</Integer></ageOfLocationInformation.C9.BoxedType>
         </locationInformationGPRS.C3.Sequence>
         <ps_SubscriberState.C4.Choice>
            <notProvidedFromSGSN.C0></notProvidedFromSGSN.C0>
            <ps_Detached.C1></ps_Detached.C1>
            <ps_AttachedNotReachableForPaging.C2></ps_AttachedNotReachableForPaging.C2>
            <ps_AttachedReachableForPaging.C3></ps_AttachedReachableForPaging.C3>
            <ps_PDP_ActiveNotReachableForPaging.C4.BoxedType>
               <Collection>
                  <PDP_ContextInfo.Sequence>
                     <pdp_ContextIdentifier.C0.BoxedType><Integer>1</Integer></pdp_ContextIdentifier.C0.BoxedType>
                     <pdp_ContextActive.C1></pdp_ContextActive.C1>
                     <pdp_Type.C2.BoxedType><Bytes>d857
                           <field name="spare" value="13" type="Integer" lengthBit="4"/>
                           <field name="PDP type organisation" value="reserved:8" type="EnumLong" lengthBit="4"/>
                           <field name="PDP type number" value="IPV6:87" type="EnumLong" length="1"/>
                        </Bytes></pdp_Type.C2.BoxedType>
                     <pdp_Address.C3.BoxedType><Bytes>15e2fb7b
                           <field name="IPV4  address" value="21.226.251.123" type="IPV4Address" length="4"/>
                        </Bytes></pdp_Address.C3.BoxedType>
                     <apn_Subscribed.C4.BoxedType><Bytes>3962347057
                           <field name="DNS string" value="9b4pW" type="String" length="5"/>
                        </Bytes></apn_Subscribed.C4.BoxedType>
                     <apn_InUse.C5.BoxedType><Bytes>6b73765637
                           <field name="DNS string" value="ksvV7" type="String" length="5"/>
                        </Bytes></apn_InUse.C5.BoxedType>
                     <nsapi.C6.BoxedType><Integer>1</Integer></nsapi.C6.BoxedType>
                     <transactionId.C7.BoxedType><Bytes>4aa9
                           <field name="TI flag" value="The message is sent from the side that originates the TI:0" type="EnumLong" lengthBit="1"/>
                           <field name="TIO" value="4" type="Integer" lengthBit="3"/>
                           <field name="NA" value="10" type="Integer" lengthBit="4"/>
                           <field name="Ext" value="1" type="Integer" lengthBit="1"/>
                           <field name="TIE" value="41" type="Integer" lengthBit="7"/>
                        </Bytes></transactionId.C7.BoxedType>
                     <teid_ForGnAndGp.C8.BoxedType><Bytes>c80a70ba
                           <field name="TEID" value="3356127418" type="Integer" length="4"/>
                        </Bytes></teid_ForGnAndGp.C8.BoxedType>
                     <teid_ForIu.C9.BoxedType><Bytes>f8cb40a7
                           <field name="TEID" value="4174069927" type="Integer" length="4"/>
                        </Bytes></teid_ForIu.C9.BoxedType>
                     <ggsn_Address.C10.BoxedType><Bytes>37d1ae6544
                           <field name="Address type" value="IPV4:0" type="EnumLong" lengthBit="2"/>
                           <field name="AddressLength" value="55" type="Integer" lengthBit="6"/>
                           <field name="IPV4 address" value="209.174.101.68" type="IPV4Address" length="4"/>
                        </Bytes></ggsn_Address.C10.BoxedType>
                     <qos_Subscribed.C11.BoxedType><Bytes>ca18d3cd17ed718d25
                           <field name="Allocation/Retention Priority" value="202" type="Integer" length="1"/>
                           <field name="Traffic class" value="Subscribed traffic class / Reserved:0" type="EnumLong" lengthBit="3"/>
                           <field name="Delivery class" value="Reserved:3" type="EnumLong" lengthBit="2"/>
                           <field name="Delivery erroneous SDUs" value="Subscribed delivery of erroneous SDUs / Reserved:0" type="EnumLong" lengthBit="3"/>
                           <field name="Maximum SDU size" value="211" type="Integer" length="1"/>
                           <field name="Maximum bitrate uplink" value="205" type="Integer" length="1"/>
                           <field name="Maximum bitrate downlink" value="23" type="Integer" length="1"/>
                           <field name="SDU error ratio" value="Reserved:14" type="EnumLong" lengthBit="4"/>
                           <field name="Residual BER" value="Reserved:13" type="EnumLong" lengthBit="4"/>
                           <field name="Transfer delay" value="28" type="Integer" lengthBit="6"/>
                           <field name="Traffic handling priority" value="Priority level 1:1" type="EnumLong" lengthBit="2"/>
                           <field name="Guaranteed bitrate uplink" value="141" type="Integer" length="1"/>
                           <field name="Guaranteed bitrate downlink" value="37" type="Integer" length="1"/>
                        </Bytes></qos_Subscribed.C11.BoxedType>
                     <qos_Requested.C12.BoxedType><Bytes>3c1c204f9f785705fc
                           <field name="Allocation/Retention Priority" value="60" type="Integer" length="1"/>
                           <field name="Traffic class" value="Subscribed traffic class / Reserved:0" type="EnumLong" lengthBit="3"/>
                           <field name="Delivery class" value="Reserved:3" type="EnumLong" lengthBit="2"/>
                           <field name="Delivery erroneous SDUs" value="Reserved:4" type="EnumLong" lengthBit="3"/>
                           <field name="Maximum SDU size" value="32" type="Integer" length="1"/>
                           <field name="Maximum bitrate uplink" value="79" type="Integer" length="1"/>
                           <field name="Maximum bitrate downlink" value="159" type="Integer" length="1"/>
                           <field name="SDU error ratio" value="1*10 power -1:7" type="EnumLong" lengthBit="4"/>
                           <field name="Residual BER" value="1*10 power -6:8" type="EnumLong" lengthBit="4"/>
                           <field name="Transfer delay" value="21" type="Integer" lengthBit="6"/>
                           <field name="Traffic handling priority" value="Priority level 3:3" type="EnumLong" lengthBit="2"/>
                           <field name="Guaranteed bitrate uplink" value="5" type="Integer" length="1"/>
                           <field name="Guaranteed bitrate downlink" value="252" type="Integer" length="1"/>
                        </Bytes></qos_Requested.C12.BoxedType>
                     <qos_Negotiated.C13.BoxedType><Bytes>ef6c8d4967bb2cba30
                           <field name="Allocation/Retention Priority" value="239" type="Integer" length="1"/>
                           <field name="Traffic class" value="Interactive class:3" type="EnumLong" lengthBit="3"/>
                           <field name="Delivery class" value="With delivery order (&apos;yes&apos;):1" type="EnumLong" lengthBit="2"/>
                           <field name="Delivery erroneous SDUs" value="Reserved:4" type="EnumLong" lengthBit="3"/>
                           <field name="Maximum SDU size" value="141" type="Integer" length="1"/>
                           <field name="Maximum bitrate uplink" value="73" type="Integer" length="1"/>
                           <field name="Maximum bitrate downlink" value="103" type="Integer" length="1"/>
                           <field name="SDU error ratio" value="Reserved:11" type="EnumLong" lengthBit="4"/>
                           <field name="Residual BER" value="Reserved:11" type="EnumLong" lengthBit="4"/>
                           <field name="Transfer delay" value="11" type="Integer" lengthBit="6"/>
                           <field name="Traffic handling priority" value="Subscribed traffic handling priority / Reserved:0" type="EnumLong" lengthBit="2"/>
                           <field name="Guaranteed bitrate uplink" value="186" type="Integer" length="1"/>
                           <field name="Guaranteed bitrate downlink" value="48" type="Integer" length="1"/>
                        </Bytes></qos_Negotiated.C13.BoxedType>
                     <chargingId.C14.BoxedType><Bytes>67663853
                           <field name="Charging ID" value="1734752339" type="Integer" length="4"/>
                        </Bytes></chargingId.C14.BoxedType>
                     <chargingCharacteristics.C15.BoxedType><Bytes>3418
                           <field name="Reserved" value="3" type="Integer" lengthBit="4"/>
                           <field name="N flag" value="0" type="Integer" lengthBit="1"/>
                           <field name="P flag" value="1" type="Integer" lengthBit="1"/>
                           <field name="F flag" value="0" type="Integer" lengthBit="1"/>
                           <field name="H flag" value="0" type="Integer" lengthBit="1"/>
                           <field name="Charging Value" value="24" type="Integer" length="1"/>
                        </Bytes></chargingCharacteristics.C15.BoxedType>
                     <rnc_Address.C16.BoxedType><Bytes>3b51dd6cca
                           <field name="Address type" value="IPV4:0" type="EnumLong" lengthBit="2"/>
                           <field name="AddressLength" value="59" type="Integer" lengthBit="6"/>
                           <field name="IPV4 address" value="81.221.108.202" type="IPV4Address" length="4"/>
                        </Bytes></rnc_Address.C16.BoxedType>
                     <extensionContainer.C17.Sequence>
                        <privateExtensionList.C0.BoxedType>
                           <Collection>
                              <PrivateExtension.Sequence>
                                 <extId><ObjectIdentifier>0.1.29.81.26.82</ObjectIdentifier></extId>
                                 <extType>cca6bbccb07b</extType>
                              </PrivateExtension.Sequence>
                              <PrivateExtension.Sequence>
                                 <extId><ObjectIdentifier>0.1.28</ObjectIdentifier></extId>
                                 <extType>db14a770a14035a6</extType>
                              </PrivateExtension.Sequence>
                              <PrivateExtension.Sequence>
                                 <extId><ObjectIdentifier>0.1.253.61</ObjectIdentifier></extId>
                                 <extType>60b8223d13806fa2</extType>
                              </PrivateExtension.Sequence>
                           </Collection>
                        </privateExtensionList.C0.BoxedType>
                        <pcsExtensions.C1.Sequence></pcsExtensions.C1.Sequence>
                     </extensionContainer.C17.Sequence>
                     <qos2_Subscribed.C18.BoxedType><Bytes>6cc3fc2943
                           <field name="spare" value="3" type="Integer" lengthBit="3"/>
                           <field name="Signalling Indication" value="Not optimised for signalling traffic:0" type="EnumLong" lengthBit="1"/>
                           <field name="Source Statistics Descriptor" value="unknown:12" type="EnumLong" lengthBit="4"/>
                           <field name="Maximum bitrate downlink (extended)" value="195" type="Integer" length="1"/>
                           <field name="Guaranteed bitrate downlink (extended)" value="252" type="Integer" length="1"/>
                           <field name="Maximum bitrate uplink (extended)" value="41" type="Integer" length="1"/>
                           <field name="Guaranteed bitrate uplink (extended)" value="67" type="Integer" length="1"/>
                        </Bytes></qos2_Subscribed.C18.BoxedType>
                     <qos2_Requested.C19.BoxedType><Bytes>728c7ff96a
                           <field name="spare" value="3" type="Integer" lengthBit="3"/>
                           <field name="Signalling Indication" value="Optimised for signalling traffic:1" type="EnumLong" lengthBit="1"/>
                           <field name="Source Statistics Descriptor" value="unknown:2" type="EnumLong" lengthBit="4"/>
                           <field name="Maximum bitrate downlink (extended)" value="140" type="Integer" length="1"/>
                           <field name="Guaranteed bitrate downlink (extended)" value="127" type="Integer" length="1"/>
                           <field name="Maximum bitrate uplink (extended)" value="249" type="Integer" length="1"/>
                           <field name="Guaranteed bitrate uplink (extended)" value="106" type="Integer" length="1"/>
                        </Bytes></qos2_Requested.C19.BoxedType>
                     <qos2_Negotiated.C20.BoxedType><Bytes>72d7a1c856
                           <field name="spare" value="3" type="Integer" lengthBit="3"/>
                           <field name="Signalling Indication" value="Optimised for signalling traffic:1" type="EnumLong" lengthBit="1"/>
                           <field name="Source Statistics Descriptor" value="unknown:2" type="EnumLong" lengthBit="4"/>
                           <field name="Maximum bitrate downlink (extended)" value="215" type="Integer" length="1"/>
                           <field name="Guaranteed bitrate downlink (extended)" value="161" type="Integer" length="1"/>
                           <field name="Maximum bitrate uplink (extended)" value="200" type="Integer" length="1"/>
                           <field name="Guaranteed bitrate uplink (extended)" value="86" type="Integer" length="1"/>
                        </Bytes></qos2_Negotiated.C20.BoxedType>
                  </PDP_ContextInfo.Sequence>
                  <PDP_ContextInfo.Sequence>
                     <pdp_ContextIdentifier.C0.BoxedType><Integer>1</Integer></pdp_ContextIdentifier.C0.BoxedType>
                     <pdp_ContextActive.C1></pdp_ContextActive.C1>
                     <pdp_Type.C2.BoxedType><Bytes>9201
                           <field name="spare" value="9" type="Integer" lengthBit="4"/>
                           <field name="PDP type organisation" value="reserved:2" type="EnumLong" lengthBit="4"/>
                           <field name="PDP type number" value="PPP:1" type="EnumLong" length="1"/>
                        </Bytes></pdp_Type.C2.BoxedType>
                     <pdp_Address.C3.BoxedType><Bytes>248e56a7
                           <field name="IPV4  address" value="36.142.86.167" type="IPV4Address" length="4"/>
                        </Bytes></pdp_Address.C3.BoxedType>
                     <apn_Subscribed.C4.BoxedType><Bytes>6c33454d394b4e5553
                           <field name="DNS string" value="l3EM9KNUS" type="String" length="9"/>
                        </Bytes></apn_Subscribed.C4.BoxedType>
                     <apn_InUse.C5.BoxedType><Bytes>464552636442
                           <field name="DNS string" value="FERcdB" type="String" length="6"/>
                        </Bytes></apn_InUse.C5.BoxedType>
                     <nsapi.C6.BoxedType><Integer>1</Integer></nsapi.C6.BoxedType>
                     <transactionId.C7.BoxedType><Bytes>64db
                           <field name="TI flag" value="The message is sent from the side that originates the TI:0" type="EnumLong" lengthBit="1"/>
                           <field name="TIO" value="6" type="Integer" lengthBit="3"/>
                           <field name="NA" value="4" type="Integer" lengthBit="4"/>
                           <field name="Ext" value="1" type="Integer" lengthBit="1"/>
                           <field name="TIE" value="91" type="Integer" lengthBit="7"/>
                        </Bytes></transactionId.C7.BoxedType>
                     <teid_ForGnAndGp.C8.BoxedType><Bytes>c7b8721d
                           <field name="TEID" value="3350753821" type="Integer" length="4"/>
                        </Bytes></teid_ForGnAndGp.C8.BoxedType>
                     <teid_ForIu.C9.BoxedType><Bytes>f595aad6
                           <field name="TEID" value="4120226518" type="Integer" length="4"/>
                        </Bytes></teid_ForIu.C9.BoxedType>
                     <ggsn_Address.C10.BoxedType><Bytes>23ba5f3b9e
                           <field name="Address type" value="IPV4:0" type="EnumLong" lengthBit="2"/>
                           <field name="AddressLength" value="35" type="Integer" lengthBit="6"/>
                           <field name="IPV4 address" value="186.95.59.158" type="IPV4Address" length="4"/>
                        </Bytes></ggsn_Address.C10.BoxedType>
                     <qos_Subscribed.C11.BoxedType><Bytes>ba0d1bb18808f8adb7
                           <field name="Allocation/Retention Priority" value="186" type="Integer" length="1"/>
                           <field name="Traffic class" value="Subscribed traffic class / Reserved:0" type="EnumLong" lengthBit="3"/>
                           <field name="Delivery class" value="With delivery order (&apos;yes&apos;):1" type="EnumLong" lengthBit="2"/>
                           <field name="Delivery erroneous SDUs" value="Reserved:5" type="EnumLong" lengthBit="3"/>
                           <field name="Maximum SDU size" value="27" type="Integer" length="1"/>
                           <field name="Maximum bitrate uplink" value="177" type="Integer" length="1"/>
                           <field name="Maximum bitrate downlink" value="136" type="Integer" length="1"/>
                           <field name="SDU error ratio" value="Subscribed SDU error ratio / Reserved:0" type="EnumLong" lengthBit="4"/>
                           <field name="Residual BER" value="1*10 power -6:8" type="EnumLong" lengthBit="4"/>
                           <field name="Transfer delay" value="62" type="Integer" lengthBit="6"/>
                           <field name="Traffic handling priority" value="Subscribed traffic handling priority / Reserved:0" type="EnumLong" lengthBit="2"/>
                           <field name="Guaranteed bitrate uplink" value="173" type="Integer" length="1"/>
                           <field name="Guaranteed bitrate downlink" value="183" type="Integer" length="1"/>
                        </Bytes></qos_Subscribed.C11.BoxedType>
                     <qos_Requested.C12.BoxedType><Bytes>94ae11fc39f3cdcd3f
                           <field name="Allocation/Retention Priority" value="148" type="Integer" length="1"/>
                           <field name="Traffic class" value="Reserved:5" type="EnumLong" lengthBit="3"/>
                           <field name="Delivery class" value="With delivery order (&apos;yes&apos;):1" type="EnumLong" lengthBit="2"/>
                           <field name="Delivery erroneous SDUs" value="Reserved:6" type="EnumLong" lengthBit="3"/>
                           <field name="Maximum SDU size" value="17" type="Integer" length="1"/>
                           <field name="Maximum bitrate uplink" value="252" type="Integer" length="1"/>
                           <field name="Maximum bitrate downlink" value="57" type="Integer" length="1"/>
                           <field name="SDU error ratio" value="Reserved:15" type="EnumLong" lengthBit="4"/>
                           <field name="Residual BER" value="5*10 power -3:3" type="EnumLong" lengthBit="4"/>
                           <field name="Transfer delay" value="51" type="Integer" lengthBit="6"/>
                           <field name="Traffic handling priority" value="Priority level 1:1" type="EnumLong" lengthBit="2"/>
                           <field name="Guaranteed bitrate uplink" value="205" type="Integer" length="1"/>
                           <field name="Guaranteed bitrate downlink" value="63" type="Integer" length="1"/>
                        </Bytes></qos_Requested.C12.BoxedType>
                     <qos_Negotiated.C13.BoxedType><Bytes>93cc2356bd87315c41
                           <field name="Allocation/Retention Priority" value="147" type="Integer" length="1"/>
                           <field name="Traffic class" value="Reserved:6" type="EnumLong" lengthBit="3"/>
                           <field name="Delivery class" value="With delivery order (&apos;yes&apos;):1" type="EnumLong" lengthBit="2"/>
                           <field name="Delivery erroneous SDUs" value="Reserved:4" type="EnumLong" lengthBit="3"/>
                           <field name="Maximum SDU size" value="35" type="Integer" length="1"/>
                           <field name="Maximum bitrate uplink" value="86" type="Integer" length="1"/>
                           <field name="Maximum bitrate downlink" value="189" type="Integer" length="1"/>
                           <field name="SDU error ratio" value="Reserved:8" type="EnumLong" lengthBit="4"/>
                           <field name="Residual BER" value="1*10 power -5:7" type="EnumLong" lengthBit="4"/>
                           <field name="Transfer delay" value="12" type="Integer" lengthBit="6"/>
                           <field name="Traffic handling priority" value="Priority level 1:1" type="EnumLong" lengthBit="2"/>
                           <field name="Guaranteed bitrate uplink" value="92" type="Integer" length="1"/>
                           <field name="Guaranteed bitrate downlink" value="65" type="Integer" length="1"/>
                        </Bytes></qos_Negotiated.C13.BoxedType>
                     <chargingId.C14.BoxedType><Bytes>26be03ec
                           <field name="Charging ID" value="649987052" type="Integer" length="4"/>
                        </Bytes></chargingId.C14.BoxedType>
                     <chargingCharacteristics.C15.BoxedType><Bytes>0db8
                           <field name="Reserved" value="0" type="Integer" lengthBit="4"/>
                           <field name="N flag" value="1" type="Integer" lengthBit="1"/>
                           <field name="P flag" value="1" type="Integer" lengthBit="1"/>
                           <field name="F flag" value="0" type="Integer" lengthBit="1"/>
                           <field name="H flag" value="1" type="Integer" lengthBit="1"/>
                           <field name="Charging Value" value="184" type="Integer" length="1"/>
                        </Bytes></chargingCharacteristics.C15.BoxedType>
                     <rnc_Address.C16.BoxedType><Bytes>5469f43eaf
                           <field name="Address type" value="IPV6:1" type="EnumLong" lengthBit="2"/>
                           <field name="AddressLength" value="20" type="Integer" lengthBit="6"/>
                           <field name="IPV4 address" value="105.244.62.175" type="IPV4Address" length="4"/>
                        </Bytes></rnc_Address.C16.BoxedType>
                     <extensionContainer.C17.Sequence>
                        <privateExtensionList.C0.BoxedType>
                           <Collection>
                              <PrivateExtension.Sequence>
                                 <extId><ObjectIdentifier>0.1.276.37.111.83.108.36</ObjectIdentifier></extId>
                                 <extType>1d468b9c205f0c0825</extType>
                              </PrivateExtension.Sequence>
                              <PrivateExtension.Sequence>
                                 <extId><ObjectIdentifier>0.1.287.46.79.53.10.104.7</ObjectIdentifier></extId>
                                 <extType>871f1e00ca06ee96d9e4</extType>
                              </PrivateExtension.Sequence>
                              <PrivateExtension.Sequence>
                                 <extId><ObjectIdentifier>0.1.244.11.13.12.65.112.41.34.68</ObjectIdentifier></extId>
                                 <extType>35d9e4c11e</extType>
                              </PrivateExtension.Sequence>
                           </Collection>
                        </privateExtensionList.C0.BoxedType>
                        <pcsExtensions.C1.Sequence></pcsExtensions.C1.Sequence>
                     </extensionContainer.C17.Sequence>
                     <qos2_Subscribed.C18.BoxedType><Bytes>91b339bbcd
                           <field name="spare" value="4" type="Integer" lengthBit="3"/>
                           <field name="Signalling Indication" value="Optimised for signalling traffic:1" type="EnumLong" lengthBit="1"/>
                           <field name="Source Statistics Descriptor" value="speech:1" type="EnumLong" lengthBit="4"/>
                           <field name="Maximum bitrate downlink (extended)" value="179" type="Integer" length="1"/>
                           <field name="Guaranteed bitrate downlink (extended)" value="57" type="Integer" length="1"/>
                           <field name="Maximum bitrate uplink (extended)" value="187" type="Integer" length="1"/>
                           <field name="Guaranteed bitrate uplink (extended)" value="205" type="Integer" length="1"/>
                        </Bytes></qos2_Subscribed.C18.BoxedType>
                     <qos2_Requested.C19.BoxedType><Bytes>fff4050eda
                           <field name="spare" value="7" type="Integer" lengthBit="3"/>
                           <field name="Signalling Indication" value="Optimised for signalling traffic:1" type="EnumLong" lengthBit="1"/>
                           <field name="Source Statistics Descriptor" value="unknown:15" type="EnumLong" lengthBit="4"/>
                           <field name="Maximum bitrate downlink (extended)" value="244" type="Integer" length="1"/>
                           <field name="Guaranteed bitrate downlink (extended)" value="5" type="Integer" length="1"/>
                           <field name="Maximum bitrate uplink (extended)" value="14" type="Integer" length="1"/>
                           <field name="Guaranteed bitrate uplink (extended)" value="218" type="Integer" length="1"/>
                        </Bytes></qos2_Requested.C19.BoxedType>
                     <qos2_Negotiated.C20.BoxedType><Bytes>c9276184d7
                           <field name="spare" value="6" type="Integer" lengthBit="3"/>
                           <field name="Signalling Indication" value="Not optimised for signalling traffic:0" type="EnumLong" lengthBit="1"/>
                           <field name="Source Statistics Descriptor" value="unknown:9" type="EnumLong" lengthBit="4"/>
                           <field name="Maximum bitrate downlink (extended)" value="39" type="Integer" length="1"/>
                           <field name="Guaranteed bitrate downlink (extended)" value="97" type="Integer" length="1"/>
                           <field name="Maximum bitrate uplink (extended)" value="132" type="Integer" length="1"/>
                           <field name="Guaranteed bitrate uplink (extended)" value="215" type="Integer" length="1"/>
                        </Bytes></qos2_Negotiated.C20.BoxedType>
                  </PDP_ContextInfo.Sequence>
                  <PDP_ContextInfo.Sequence>
                     <pdp_ContextIdentifier.C0.BoxedType><Integer>2</Integer></pdp_ContextIdentifier.C0.BoxedType>
                     <pdp_ContextActive.C1></pdp_ContextActive.C1>
                     <pdp_Type.C2.BoxedType><Bytes>c8c8
                           <field name="spare" value="12" type="Integer" lengthBit="4"/>
                           <field name="PDP type organisation" value="reserved:8" type="EnumLong" lengthBit="4"/>
                           <field name="PDP type number" value="200" type="EnumLong" length="1"/>
                        </Bytes></pdp_Type.C2.BoxedType>
                     <pdp_Address.C3.BoxedType><Bytes>ef4a6b71
                           <field name="IPV4  address" value="239.74.107.113" type="IPV4Address" length="4"/>
                        </Bytes></pdp_Address.C3.BoxedType>
                     <apn_Subscribed.C4.BoxedType><Bytes>384d3548
                           <field name="DNS string" value="8M5H" type="String" length="4"/>
                        </Bytes></apn_Subscribed.C4.BoxedType>
                     <apn_InUse.C5.BoxedType><Bytes>504e
                           <field name="DNS string" value="PN" type="String" length="2"/>
                        </Bytes></apn_InUse.C5.BoxedType>
                     <nsapi.C6.BoxedType><Integer>0</Integer></nsapi.C6.BoxedType>
                     <transactionId.C7.BoxedType><Bytes>c343
                           <field name="TI flag" value="The message is sent to the side that originates the TI:1" type="EnumLong" lengthBit="1"/>
                           <field name="TIO" value="4" type="Integer" lengthBit="3"/>
                           <field name="NA" value="3" type="Integer" lengthBit="4"/>
                           <field name="Ext" value="0" type="Integer" lengthBit="1"/>
                           <field name="TIE" value="67" type="Integer" lengthBit="7"/>
                        </Bytes></transactionId.C7.BoxedType>
                     <teid_ForGnAndGp.C8.BoxedType><Bytes>44d2ae87
                           <field name="TEID" value="1154657927" type="Integer" length="4"/>
                        </Bytes></teid_ForGnAndGp.C8.BoxedType>
                     <teid_ForIu.C9.BoxedType><Bytes>601b906a
                           <field name="TEID" value="1612419178" type="Integer" length="4"/>
                        </Bytes></teid_ForIu.C9.BoxedType>
                     <ggsn_Address.C10.BoxedType><Bytes>1c64cc4b56
                           <field name="Address type" value="IPV4:0" type="EnumLong" lengthBit="2"/>
                           <field name="AddressLength" value="28" type="Integer" lengthBit="6"/>
                           <field name="IPV4 address" value="100.204.75.86" type="IPV4Address" length="4"/>
                        </Bytes></ggsn_Address.C10.BoxedType>
                     <qos_Subscribed.C11.BoxedType><Bytes>ecce3bc8ef1b0208d5
                           <field name="Allocation/Retention Priority" value="236" type="Integer" length="1"/>
                           <field name="Traffic class" value="Reserved:6" type="EnumLong" lengthBit="3"/>
                           <field name="Delivery class" value="With delivery order (&apos;yes&apos;):1" type="EnumLong" lengthBit="2"/>
                           <field name="Delivery erroneous SDUs" value="Reserved:6" type="EnumLong" lengthBit="3"/>
                           <field name="Maximum SDU size" value="59" type="Integer" length="1"/>
                           <field name="Maximum bitrate uplink" value="200" type="Integer" length="1"/>
                           <field name="Maximum bitrate downlink" value="239" type="Integer" length="1"/>
                           <field name="SDU error ratio" value="1*10 power -2:1" type="EnumLong" lengthBit="4"/>
                           <field name="Residual BER" value="Reserved:11" type="EnumLong" lengthBit="4"/>
                           <field name="Transfer delay" value="0" type="Integer" lengthBit="6"/>
                           <field name="Traffic handling priority" value="Priority level 2:2" type="EnumLong" lengthBit="2"/>
                           <field name="Guaranteed bitrate uplink" value="8" type="Integer" length="1"/>
                           <field name="Guaranteed bitrate downlink" value="213" type="Integer" length="1"/>
                        </Bytes></qos_Subscribed.C11.BoxedType>
                     <qos_Requested.C12.BoxedType><Bytes>1dc591f49fad45ec4a
                           <field name="Allocation/Retention Priority" value="29" type="Integer" length="1"/>
                           <field name="Traffic class" value="Reserved:6" type="EnumLong" lengthBit="3"/>
                           <field name="Delivery class" value="Subscribed delivery class / Reserved:0" type="EnumLong" lengthBit="2"/>
                           <field name="Delivery erroneous SDUs" value="Reserved:5" type="EnumLong" lengthBit="3"/>
                           <field name="Maximum SDU size" value="145" type="Integer" length="1"/>
                           <field name="Maximum bitrate uplink" value="244" type="Integer" length="1"/>
                           <field name="Maximum bitrate downlink" value="159" type="Integer" length="1"/>
                           <field name="SDU error ratio" value="Reserved:10" type="EnumLong" lengthBit="4"/>
                           <field name="Residual BER" value="Reserved:13" type="EnumLong" lengthBit="4"/>
                           <field name="Transfer delay" value="17" type="Integer" lengthBit="6"/>
                           <field name="Traffic handling priority" value="Priority level 1:1" type="EnumLong" lengthBit="2"/>
                           <field name="Guaranteed bitrate uplink" value="236" type="Integer" length="1"/>
                           <field name="Guaranteed bitrate downlink" value="74" type="Integer" length="1"/>
                        </Bytes></qos_Requested.C12.BoxedType>
                     <qos_Negotiated.C13.BoxedType><Bytes>55b75459e2fee60c42
                           <field name="Allocation/Retention Priority" value="85" type="Integer" length="1"/>
                           <field name="Traffic class" value="Reserved:5" type="EnumLong" lengthBit="3"/>
                           <field name="Delivery class" value="Without delivery order (&apos;no&apos;):2" type="EnumLong" lengthBit="2"/>
                           <field name="Delivery erroneous SDUs" value="Reserved:7" type="EnumLong" lengthBit="3"/>
                           <field name="Maximum SDU size" value="84" type="Integer" length="1"/>
                           <field name="Maximum bitrate uplink" value="89" type="Integer" length="1"/>
                           <field name="Maximum bitrate downlink" value="226" type="Integer" length="1"/>
                           <field name="SDU error ratio" value="Reserved:15" type="EnumLong" lengthBit="4"/>
                           <field name="Residual BER" value="Reserved:14" type="EnumLong" lengthBit="4"/>
                           <field name="Transfer delay" value="57" type="Integer" lengthBit="6"/>
                           <field name="Traffic handling priority" value="Priority level 2:2" type="EnumLong" lengthBit="2"/>
                           <field name="Guaranteed bitrate uplink" value="12" type="Integer" length="1"/>
                           <field name="Guaranteed bitrate downlink" value="66" type="Integer" length="1"/>
                        </Bytes></qos_Negotiated.C13.BoxedType>
                     <chargingId.C14.BoxedType><Bytes>dd1d4be2
                           <field name="Charging ID" value="3709684706" type="Integer" length="4"/>
                        </Bytes></chargingId.C14.BoxedType>
                     <chargingCharacteristics.C15.BoxedType><Bytes>6fc7
                           <field name="Reserved" value="6" type="Integer" lengthBit="4"/>
                           <field name="N flag" value="1" type="Integer" lengthBit="1"/>
                           <field name="P flag" value="1" type="Integer" lengthBit="1"/>
                           <field name="F flag" value="1" type="Integer" lengthBit="1"/>
                           <field name="H flag" value="1" type="Integer" lengthBit="1"/>
                           <field name="Charging Value" value="199" type="Integer" length="1"/>
                        </Bytes></chargingCharacteristics.C15.BoxedType>
                     <rnc_Address.C16.BoxedType><Bytes>3e5c59bfa9
                           <field name="Address type" value="IPV4:0" type="EnumLong" lengthBit="2"/>
                           <field name="AddressLength" value="62" type="Integer" lengthBit="6"/>
                           <field name="IPV4 address" value="92.89.191.169" type="IPV4Address" length="4"/>
                        </Bytes></rnc_Address.C16.BoxedType>
                     <extensionContainer.C17.Sequence>
                        <privateExtensionList.C0.BoxedType>
                           <Collection>
                              <PrivateExtension.Sequence>
                                 <extId><ObjectIdentifier>0.1.256.54.40.34.18.106.87.19</ObjectIdentifier></extId>
                                 <extType>d1d79063e6702cd8</extType>
                              </PrivateExtension.Sequence>
                              <PrivateExtension.Sequence>
                                 <extId><ObjectIdentifier>0.1.277.70.37.73.17.57</ObjectIdentifier></extId>
                                 <extType>5c55c1c3af0d64</extType>
                              </PrivateExtension.Sequence>
                              <PrivateExtension.Sequence>
                                 <extId><ObjectIdentifier>0.1.231</ObjectIdentifier></extId>
                                 <extType>7a1f</extType>
                              </PrivateExtension.Sequence>
                           </Collection>
                        </privateExtensionList.C0.BoxedType>
                        <pcsExtensions.C1.Sequence></pcsExtensions.C1.Sequence>
                     </extensionContainer.C17.Sequence>
                     <qos2_Subscribed.C18.BoxedType><Bytes>a32a4b1e70
                           <field name="spare" value="5" type="Integer" lengthBit="3"/>
                           <field name="Signalling Indication" value="Not optimised for signalling traffic:0" type="EnumLong" lengthBit="1"/>
                           <field name="Source Statistics Descriptor" value="unknown:3" type="EnumLong" lengthBit="4"/>
                           <field name="Maximum bitrate downlink (extended)" value="42" type="Integer" length="1"/>
                           <field name="Guaranteed bitrate downlink (extended)" value="75" type="Integer" length="1"/>
                           <field name="Maximum bitrate uplink (extended)" value="30" type="Integer" length="1"/>
                           <field name="Guaranteed bitrate uplink (extended)" value="112" type="Integer" length="1"/>
                        </Bytes></qos2_Subscribed.C18.BoxedType>
                     <qos2_Requested.C19.BoxedType><Bytes>88b61a9c6c
                           <field name="spare" value="4" type="Integer" lengthBit="3"/>
                           <field name="Signalling Indication" value="Not optimised for signalling traffic:0" type="EnumLong" lengthBit="1"/>
                           <field name="Source Statistics Descriptor" value="unknown:8" type="EnumLong" lengthBit="4"/>
                           <field name="Maximum bitrate downlink (extended)" value="182" type="Integer" length="1"/>
                           <field name="Guaranteed bitrate downlink (extended)" value="26" type="Integer" length="1"/>
                           <field name="Maximum bitrate uplink (extended)" value="156" type="Integer" length="1"/>
                           <field name="Guaranteed bitrate uplink (extended)" value="108" type="Integer" length="1"/>
                        </Bytes></qos2_Requested.C19.BoxedType>
                     <qos2_Negotiated.C20.BoxedType><Bytes>1aad2c9aa8
                           <field name="spare" value="0" type="Integer" lengthBit="3"/>
                           <field name="Signalling Indication" value="Optimised for signalling traffic:1" type="EnumLong" lengthBit="1"/>
                           <field name="Source Statistics Descriptor" value="unknown:10" type="EnumLong" lengthBit="4"/>
                           <field name="Maximum bitrate downlink (extended)" value="173" type="Integer" length="1"/>
                           <field name="Guaranteed bitrate downlink (extended)" value="44" type="Integer" length="1"/>
                           <field name="Maximum bitrate uplink (extended)" value="154" type="Integer" length="1"/>
                           <field name="Guaranteed bitrate uplink (extended)" value="168" type="Integer" length="1"/>
                        </Bytes></qos2_Negotiated.C20.BoxedType>
                  </PDP_ContextInfo.Sequence>
               </Collection>
            </ps_PDP_ActiveNotReachableForPaging.C4.BoxedType>
            <ps_PDP_ActiveReachableForPaging.C5.BoxedType>
               <Collection>
                  <PDP_ContextInfo.Sequence>
                     <pdp_ContextIdentifier.C0.BoxedType><Integer>2</Integer></pdp_ContextIdentifier.C0.BoxedType>
                     <pdp_ContextActive.C1></pdp_ContextActive.C1>
                     <pdp_Type.C2.BoxedType><Bytes>0c0f
                           <field name="spare" value="0" type="Integer" lengthBit="4"/>
                           <field name="PDP type organisation" value="reserved:12" type="EnumLong" lengthBit="4"/>
                           <field name="PDP type number" value="15" type="EnumLong" length="1"/>
                        </Bytes></pdp_Type.C2.BoxedType>
                     <pdp_Address.C3.BoxedType><Bytes>a023c30b
                           <field name="IPV4  address" value="160.35.195.11" type="IPV4Address" length="4"/>
                        </Bytes></pdp_Address.C3.BoxedType>
                     <apn_Subscribed.C4.BoxedType><Bytes>653564
                           <field name="DNS string" value="e5d" type="String" length="3"/>
                        </Bytes></apn_Subscribed.C4.BoxedType>
                     <apn_InUse.C5.BoxedType><Bytes>3645
                           <field name="DNS string" value="6E" type="String" length="2"/>
                        </Bytes></apn_InUse.C5.BoxedType>
                     <nsapi.C6.BoxedType><Integer>0</Integer></nsapi.C6.BoxedType>
                     <transactionId.C7.BoxedType><Bytes>5aa1
                           <field name="TI flag" value="The message is sent from the side that originates the TI:0" type="EnumLong" lengthBit="1"/>
                           <field name="TIO" value="5" type="Integer" lengthBit="3"/>
                           <field name="NA" value="10" type="Integer" lengthBit="4"/>
                           <field name="Ext" value="1" type="Integer" lengthBit="1"/>
                           <field name="TIE" value="33" type="Integer" lengthBit="7"/>
                        </Bytes></transactionId.C7.BoxedType>
                     <teid_ForGnAndGp.C8.BoxedType><Bytes>3e3628db
                           <field name="TEID" value="1043736795" type="Integer" length="4"/>
                        </Bytes></teid_ForGnAndGp.C8.BoxedType>
                     <teid_ForIu.C9.BoxedType><Bytes>3e38ddb4
                           <field name="TEID" value="1043914164" type="Integer" length="4"/>
                        </Bytes></teid_ForIu.C9.BoxedType>
                     <ggsn_Address.C10.BoxedType><Bytes>09e2a71dd1
                           <field name="Address type" value="IPV4:0" type="EnumLong" lengthBit="2"/>
                           <field name="AddressLength" value="9" type="Integer" lengthBit="6"/>
                           <field name="IPV4 address" value="226.167.29.209" type="IPV4Address" length="4"/>
                        </Bytes></ggsn_Address.C10.BoxedType>
                     <qos_Subscribed.C11.BoxedType><Bytes>7e4b6e4dc6e567a81c
                           <field name="Allocation/Retention Priority" value="126" type="Integer" length="1"/>
                           <field name="Traffic class" value="Streaming class:2" type="EnumLong" lengthBit="3"/>
                           <field name="Delivery class" value="With delivery order (&apos;yes&apos;):1" type="EnumLong" lengthBit="2"/>
                           <field name="Delivery erroneous SDUs" value="Erroneous SDUs are not delivered (&apos;no&apos;):3" type="EnumLong" lengthBit="3"/>
                           <field name="Maximum SDU size" value="110" type="Integer" length="1"/>
                           <field name="Maximum bitrate uplink" value="77" type="Integer" length="1"/>
                           <field name="Maximum bitrate downlink" value="198" type="Integer" length="1"/>
                           <field name="SDU error ratio" value="Reserved:14" type="EnumLong" lengthBit="4"/>
                           <field name="Residual BER" value="1*10 power -3:5" type="EnumLong" lengthBit="4"/>
                           <field name="Transfer delay" value="25" type="Integer" lengthBit="6"/>
                           <field name="Traffic handling priority" value="Priority level 3:3" type="EnumLong" lengthBit="2"/>
                           <field name="Guaranteed bitrate uplink" value="168" type="Integer" length="1"/>
                           <field name="Guaranteed bitrate downlink" value="28" type="Integer" length="1"/>
                        </Bytes></qos_Subscribed.C11.BoxedType>
                     <qos_Requested.C12.BoxedType><Bytes>9a9585b66d8cb2a3b3
                           <field name="Allocation/Retention Priority" value="154" type="Integer" length="1"/>
                           <field name="Traffic class" value="Background class:4" type="EnumLong" lengthBit="3"/>
                           <field name="Delivery class" value="Without delivery order (&apos;no&apos;):2" type="EnumLong" lengthBit="2"/>
                           <field name="Delivery erroneous SDUs" value="Reserved:5" type="EnumLong" lengthBit="3"/>
                           <field name="Maximum SDU size" value="133" type="Integer" length="1"/>
                           <field name="Maximum bitrate uplink" value="182" type="Integer" length="1"/>
                           <field name="Maximum bitrate downlink" value="109" type="Integer" length="1"/>
                           <field name="SDU error ratio" value="Reserved:8" type="EnumLong" lengthBit="4"/>
                           <field name="Residual BER" value="Reserved:12" type="EnumLong" lengthBit="4"/>
                           <field name="Transfer delay" value="44" type="Integer" lengthBit="6"/>
                           <field name="Traffic handling priority" value="Priority level 2:2" type="EnumLong" lengthBit="2"/>
                           <field name="Guaranteed bitrate uplink" value="163" type="Integer" length="1"/>
                           <field name="Guaranteed bitrate downlink" value="179" type="Integer" length="1"/>
                        </Bytes></qos_Requested.C12.BoxedType>
                     <qos_Negotiated.C13.BoxedType><Bytes>41ceda3a14409a1b98
                           <field name="Allocation/Retention Priority" value="65" type="Integer" length="1"/>
                           <field name="Traffic class" value="Reserved:6" type="EnumLong" lengthBit="3"/>
                           <field name="Delivery class" value="With delivery order (&apos;yes&apos;):1" type="EnumLong" lengthBit="2"/>
                           <field name="Delivery erroneous SDUs" value="Reserved:6" type="EnumLong" lengthBit="3"/>
                           <field name="Maximum SDU size" value="218" type="Integer" length="1"/>
                           <field name="Maximum bitrate uplink" value="58" type="Integer" length="1"/>
                           <field name="Maximum bitrate downlink" value="20" type="Integer" length="1"/>
                           <field name="SDU error ratio" value="1*10 power -4:4" type="EnumLong" lengthBit="4"/>
                           <field name="Residual BER" value="Subscribed residual BER / Reserved:0" type="EnumLong" lengthBit="4"/>
                           <field name="Transfer delay" value="38" type="Integer" lengthBit="6"/>
                           <field name="Traffic handling priority" value="Priority level 2:2" type="EnumLong" lengthBit="2"/>
                           <field name="Guaranteed bitrate uplink" value="27" type="Integer" length="1"/>
                           <field name="Guaranteed bitrate downlink" value="152" type="Integer" length="1"/>
                        </Bytes></qos_Negotiated.C13.BoxedType>
                     <chargingId.C14.BoxedType><Bytes>aced77c8
                           <field name="Charging ID" value="2901243848" type="Integer" length="4"/>
                        </Bytes></chargingId.C14.BoxedType>
                     <chargingCharacteristics.C15.BoxedType><Bytes>9de8
                           <field name="Reserved" value="9" type="Integer" lengthBit="4"/>
                           <field name="N flag" value="1" type="Integer" lengthBit="1"/>
                           <field name="P flag" value="1" type="Integer" lengthBit="1"/>
                           <field name="F flag" value="0" type="Integer" lengthBit="1"/>
                           <field name="H flag" value="1" type="Integer" lengthBit="1"/>
                           <field name="Charging Value" value="232" type="Integer" length="1"/>
                        </Bytes></chargingCharacteristics.C15.BoxedType>
                     <rnc_Address.C16.BoxedType><Bytes>53b33e3a33
                           <field name="Address type" value="IPV6:1" type="EnumLong" lengthBit="2"/>
                           <field name="AddressLength" value="19" type="Integer" lengthBit="6"/>
                           <field name="IPV4 address" value="179.62.58.51" type="IPV4Address" length="4"/>
                        </Bytes></rnc_Address.C16.BoxedType>
                     <extensionContainer.C17.Sequence>
                        <privateExtensionList.C0.BoxedType>
                           <Collection>
                              <PrivateExtension.Sequence>
                                 <extId><ObjectIdentifier>0.1.238.62.47.10</ObjectIdentifier></extId>
                                 <extType>1e569d896f67</extType>
                              </PrivateExtension.Sequence>
                              <PrivateExtension.Sequence>
                                 <extId><ObjectIdentifier>0.1.270.55.68.126</ObjectIdentifier></extId>
                                 <extType>0ee988e17e9e130fee</extType>
                              </PrivateExtension.Sequence>
                              <PrivateExtension.Sequence>
                                 <extId><ObjectIdentifier>0.1.272</ObjectIdentifier></extId>
                                 <extType>5e8ba83a66</extType>
                              </PrivateExtension.Sequence>
                           </Collection>
                        </privateExtensionList.C0.BoxedType>
                        <pcsExtensions.C1.Sequence></pcsExtensions.C1.Sequence>
                     </extensionContainer.C17.Sequence>
                     <qos2_Subscribed.C18.BoxedType><Bytes>7841b028d6
                           <field name="spare" value="3" type="Integer" lengthBit="3"/>
                           <field name="Signalling Indication" value="Optimised for signalling traffic:1" type="EnumLong" lengthBit="1"/>
                           <field name="Source Statistics Descriptor" value="unknown:8" type="EnumLong" lengthBit="4"/>
                           <field name="Maximum bitrate downlink (extended)" value="65" type="Integer" length="1"/>
                           <field name="Guaranteed bitrate downlink (extended)" value="176" type="Integer" length="1"/>
                           <field name="Maximum bitrate uplink (extended)" value="40" type="Integer" length="1"/>
                           <field name="Guaranteed bitrate uplink (extended)" value="214" type="Integer" length="1"/>
                        </Bytes></qos2_Subscribed.C18.BoxedType>
                     <qos2_Requested.C19.BoxedType><Bytes>83ee1213a4
                           <field name="spare" value="4" type="Integer" lengthBit="3"/>
                           <field name="Signalling Indication" value="Not optimised for signalling traffic:0" type="EnumLong" lengthBit="1"/>
                           <field name="Source Statistics Descriptor" value="unknown:3" type="EnumLong" lengthBit="4"/>
                           <field name="Maximum bitrate downlink (extended)" value="238" type="Integer" length="1"/>
                           <field name="Guaranteed bitrate downlink (extended)" value="18" type="Integer" length="1"/>
                           <field name="Maximum bitrate uplink (extended)" value="19" type="Integer" length="1"/>
                           <field name="Guaranteed bitrate uplink (extended)" value="164" type="Integer" length="1"/>
                        </Bytes></qos2_Requested.C19.BoxedType>
                     <qos2_Negotiated.C20.BoxedType><Bytes>39b506443b
                           <field name="spare" value="1" type="Integer" lengthBit="3"/>
                           <field name="Signalling Indication" value="Optimised for signalling traffic:1" type="EnumLong" lengthBit="1"/>
                           <field name="Source Statistics Descriptor" value="unknown:9" type="EnumLong" lengthBit="4"/>
                           <field name="Maximum bitrate downlink (extended)" value="181" type="Integer" length="1"/>
                           <field name="Guaranteed bitrate downlink (extended)" value="6" type="Integer" length="1"/>
                           <field name="Maximum bitrate uplink (extended)" value="68" type="Integer" length="1"/>
                           <field name="Guaranteed bitrate uplink (extended)" value="59" type="Integer" length="1"/>
                        </Bytes></qos2_Negotiated.C20.BoxedType>
                  </PDP_ContextInfo.Sequence>
                  <PDP_ContextInfo.Sequence>
                     <pdp_ContextIdentifier.C0.BoxedType><Integer>1</Integer></pdp_ContextIdentifier.C0.BoxedType>
                     <pdp_ContextActive.C1></pdp_ContextActive.C1>
                     <pdp_Type.C2.BoxedType><Bytes>a921
                           <field name="spare" value="10" type="Integer" lengthBit="4"/>
                           <field name="PDP type organisation" value="reserved:9" type="EnumLong" lengthBit="4"/>
                           <field name="PDP type number" value="IPV4:33" type="EnumLong" length="1"/>
                        </Bytes></pdp_Type.C2.BoxedType>
                     <pdp_Address.C3.BoxedType><Bytes>f411695e
                           <field name="IPV4  address" value="244.17.105.94" type="IPV4Address" length="4"/>
                        </Bytes></pdp_Address.C3.BoxedType>
                     <apn_Subscribed.C4.BoxedType><Bytes>4648394f
                           <field name="DNS string" value="FH9O" type="String" length="4"/>
                        </Bytes></apn_Subscribed.C4.BoxedType>
                     <apn_InUse.C5.BoxedType><Bytes>496739494b
                           <field name="DNS string" value="Ig9IK" type="String" length="5"/>
                        </Bytes></apn_InUse.C5.BoxedType>
                     <nsapi.C6.BoxedType><Integer>1</Integer></nsapi.C6.BoxedType>
                     <transactionId.C7.BoxedType><Bytes>b1a3
                           <field name="TI flag" value="The message is sent to the side that originates the TI:1" type="EnumLong" lengthBit="1"/>
                           <field name="TIO" value="3" type="Integer" lengthBit="3"/>
                           <field name="NA" value="1" type="Integer" lengthBit="4"/>
                           <field name="Ext" value="1" type="Integer" lengthBit="1"/>
                           <field name="TIE" value="35" type="Integer" lengthBit="7"/>
                        </Bytes></transactionId.C7.BoxedType>
                     <teid_ForGnAndGp.C8.BoxedType><Bytes>15a9dff9
                           <field name="TEID" value="363454457" type="Integer" length="4"/>
                        </Bytes></teid_ForGnAndGp.C8.BoxedType>
                     <teid_ForIu.C9.BoxedType><Bytes>e60ae44a
                           <field name="TEID" value="3859473482" type="Integer" length="4"/>
                        </Bytes></teid_ForIu.C9.BoxedType>
                     <ggsn_Address.C10.BoxedType><Bytes>70ece571b9
                           <field name="Address type" value="IPV6:1" type="EnumLong" lengthBit="2"/>
                           <field name="AddressLength" value="48" type="Integer" lengthBit="6"/>
                           <field name="IPV4 address" value="236.229.113.185" type="IPV4Address" length="4"/>
                        </Bytes></ggsn_Address.C10.BoxedType>
                     <qos_Subscribed.C11.BoxedType><Bytes>003b9e782a4b8e3ebb
                           <field name="Allocation/Retention Priority" value="0" type="Integer" length="1"/>
                           <field name="Traffic class" value="Conversational class:1" type="EnumLong" lengthBit="3"/>
                           <field name="Delivery class" value="Reserved:3" type="EnumLong" lengthBit="2"/>
                           <field name="Delivery erroneous SDUs" value="Erroneous SDUs are not delivered (&apos;no&apos;):3" type="EnumLong" lengthBit="3"/>
                           <field name="Maximum SDU size" value="158" type="Integer" length="1"/>
                           <field name="Maximum bitrate uplink" value="120" type="Integer" length="1"/>
                           <field name="Maximum bitrate downlink" value="42" type="Integer" length="1"/>
                           <field name="SDU error ratio" value="1*10 power -4:4" type="EnumLong" lengthBit="4"/>
                           <field name="Residual BER" value="Reserved:11" type="EnumLong" lengthBit="4"/>
                           <field name="Transfer delay" value="35" type="Integer" lengthBit="6"/>
                           <field name="Traffic handling priority" value="Priority level 2:2" type="EnumLong" lengthBit="2"/>
                           <field name="Guaranteed bitrate uplink" value="62" type="Integer" length="1"/>
                           <field name="Guaranteed bitrate downlink" value="187" type="Integer" length="1"/>
                        </Bytes></qos_Subscribed.C11.BoxedType>
                     <qos_Requested.C12.BoxedType><Bytes>a8ba51ef5eb7f2c8d6
                           <field name="Allocation/Retention Priority" value="168" type="Integer" length="1"/>
                           <field name="Traffic class" value="Reserved:5" type="EnumLong" lengthBit="3"/>
                           <field name="Delivery class" value="Reserved:3" type="EnumLong" lengthBit="2"/>
                           <field name="Delivery erroneous SDUs" value="Erroneous SDUs are delivered (&apos;yes&apos;):2" type="EnumLong" lengthBit="3"/>
                           <field name="Maximum SDU size" value="81" type="Integer" length="1"/>
                           <field name="Maximum bitrate uplink" value="239" type="Integer" length="1"/>
                           <field name="Maximum bitrate downlink" value="94" type="Integer" length="1"/>
                           <field name="SDU error ratio" value="Reserved:11" type="EnumLong" lengthBit="4"/>
                           <field name="Residual BER" value="1*10 power -5:7" type="EnumLong" lengthBit="4"/>
                           <field name="Transfer delay" value="60" type="Integer" lengthBit="6"/>
                           <field name="Traffic handling priority" value="Priority level 2:2" type="EnumLong" lengthBit="2"/>
                           <field name="Guaranteed bitrate uplink" value="200" type="Integer" length="1"/>
                           <field name="Guaranteed bitrate downlink" value="214" type="Integer" length="1"/>
                        </Bytes></qos_Requested.C12.BoxedType>
                     <qos_Negotiated.C13.BoxedType><Bytes>ca393783b915ce0409
                           <field name="Allocation/Retention Priority" value="202" type="Integer" length="1"/>
                           <field name="Traffic class" value="Conversational class:1" type="EnumLong" lengthBit="3"/>
                           <field name="Delivery class" value="Reserved:3" type="EnumLong" lengthBit="2"/>
                           <field name="Delivery erroneous SDUs" value="No detect (&apos;-&apos;):1" type="EnumLong" lengthBit="3"/>
                           <field name="Maximum SDU size" value="55" type="Integer" length="1"/>
                           <field name="Maximum bitrate uplink" value="131" type="Integer" length="1"/>
                           <field name="Maximum bitrate downlink" value="185" type="Integer" length="1"/>
                           <field name="SDU error ratio" value="1*10 power -2:1" type="EnumLong" lengthBit="4"/>
                           <field name="Residual BER" value="1*10 power -3:5" type="EnumLong" lengthBit="4"/>
                           <field name="Transfer delay" value="51" type="Integer" lengthBit="6"/>
                           <field name="Traffic handling priority" value="Priority level 2:2" type="EnumLong" lengthBit="2"/>
                           <field name="Guaranteed bitrate uplink" value="4" type="Integer" length="1"/>
                           <field name="Guaranteed bitrate downlink" value="9" type="Integer" length="1"/>
                        </Bytes></qos_Negotiated.C13.BoxedType>
                     <chargingId.C14.BoxedType><Bytes>fa1d097f
                           <field name="Charging ID" value="4196206975" type="Integer" length="4"/>
                        </Bytes></chargingId.C14.BoxedType>
                     <chargingCharacteristics.C15.BoxedType><Bytes>0827
                           <field name="Reserved" value="0" type="Integer" lengthBit="4"/>
                           <field name="N flag" value="1" type="Integer" lengthBit="1"/>
                           <field name="P flag" value="0" type="Integer" lengthBit="1"/>
                           <field name="F flag" value="0" type="Integer" lengthBit="1"/>
                           <field name="H flag" value="0" type="Integer" lengthBit="1"/>
                           <field name="Charging Value" value="39" type="Integer" length="1"/>
                        </Bytes></chargingCharacteristics.C15.BoxedType>
                     <rnc_Address.C16.BoxedType><Bytes>09faeaf2ff
                           <field name="Address type" value="IPV4:0" type="EnumLong" lengthBit="2"/>
                           <field name="AddressLength" value="9" type="Integer" lengthBit="6"/>
                           <field name="IPV4 address" value="250.234.242.255" type="IPV4Address" length="4"/>
                        </Bytes></rnc_Address.C16.BoxedType>
                     <extensionContainer.C17.Sequence>
                        <privateExtensionList.C0.BoxedType>
                           <Collection>
                              <PrivateExtension.Sequence>
                                 <extId><ObjectIdentifier>0.1.297.58.107.3.53.127</ObjectIdentifier></extId>
                                 <extType>308ec100f8bc20a7</extType>
                              </PrivateExtension.Sequence>
                              <PrivateExtension.Sequence>
                                 <extId><ObjectIdentifier>0.1.2</ObjectIdentifier></extId>
                                 <extType>a6a0fa0b8955</extType>
                              </PrivateExtension.Sequence>
                              <PrivateExtension.Sequence>
                                 <extId><ObjectIdentifier>0.1.282.85.86.3.17</ObjectIdentifier></extId>
                                 <extType>d60aea0a9b7c3e39</extType>
                              </PrivateExtension.Sequence>
                           </Collection>
                        </privateExtensionList.C0.BoxedType>
                        <pcsExtensions.C1.Sequence></pcsExtensions.C1.Sequence>
                     </extensionContainer.C17.Sequence>
                     <qos2_Subscribed.C18.BoxedType><Bytes>5b76376305
                           <field name="spare" value="2" type="Integer" lengthBit="3"/>
                           <field name="Signalling Indication" value="Optimised for signalling traffic:1" type="EnumLong" lengthBit="1"/>
                           <field name="Source Statistics Descriptor" value="unknown:11" type="EnumLong" lengthBit="4"/>
                           <field name="Maximum bitrate downlink (extended)" value="118" type="Integer" length="1"/>
                           <field name="Guaranteed bitrate downlink (extended)" value="55" type="Integer" length="1"/>
                           <field name="Maximum bitrate uplink (extended)" value="99" type="Integer" length="1"/>
                           <field name="Guaranteed bitrate uplink (extended)" value="5" type="Integer" length="1"/>
                        </Bytes></qos2_Subscribed.C18.BoxedType>
                     <qos2_Requested.C19.BoxedType><Bytes>64d2d3983f
                           <field name="spare" value="3" type="Integer" lengthBit="3"/>
                           <field name="Signalling Indication" value="Not optimised for signalling traffic:0" type="EnumLong" lengthBit="1"/>
                           <field name="Source Statistics Descriptor" value="unknown:4" type="EnumLong" lengthBit="4"/>
                           <field name="Maximum bitrate downlink (extended)" value="210" type="Integer" length="1"/>
                           <field name="Guaranteed bitrate downlink (extended)" value="211" type="Integer" length="1"/>
                           <field name="Maximum bitrate uplink (extended)" value="152" type="Integer" length="1"/>
                           <field name="Guaranteed bitrate uplink (extended)" value="63" type="Integer" length="1"/>
                        </Bytes></qos2_Requested.C19.BoxedType>
                     <qos2_Negotiated.C20.BoxedType><Bytes>51a14483eb
                           <field name="spare" value="2" type="Integer" lengthBit="3"/>
                           <field name="Signalling Indication" value="Optimised for signalling traffic:1" type="EnumLong" lengthBit="1"/>
                           <field name="Source Statistics Descriptor" value="speech:1" type="EnumLong" lengthBit="4"/>
                           <field name="Maximum bitrate downlink (extended)" value="161" type="Integer" length="1"/>
                           <field name="Guaranteed bitrate downlink (extended)" value="68" type="Integer" length="1"/>
                           <field name="Maximum bitrate uplink (extended)" value="131" type="Integer" length="1"/>
                           <field name="Guaranteed bitrate uplink (extended)" value="235" type="Integer" length="1"/>
                        </Bytes></qos2_Negotiated.C20.BoxedType>
                  </PDP_ContextInfo.Sequence>
                  <PDP_ContextInfo.Sequence>
                     <pdp_ContextIdentifier.C0.BoxedType><Integer>1</Integer></pdp_ContextIdentifier.C0.BoxedType>
                     <pdp_ContextActive.C1></pdp_ContextActive.C1>
                     <pdp_Type.C2.BoxedType><Bytes>382d
                           <field name="spare" value="3" type="Integer" lengthBit="4"/>
                           <field name="PDP type organisation" value="reserved:8" type="EnumLong" lengthBit="4"/>
                           <field name="PDP type number" value="45" type="EnumLong" length="1"/>
                        </Bytes></pdp_Type.C2.BoxedType>
                     <pdp_Address.C3.BoxedType><Bytes>05c31a29
                           <field name="IPV4  address" value="5.195.26.41" type="IPV4Address" length="4"/>
                        </Bytes></pdp_Address.C3.BoxedType>
                     <apn_Subscribed.C4.BoxedType><Bytes>52614e7144
                           <field name="DNS string" value="RaNqD" type="String" length="5"/>
                        </Bytes></apn_Subscribed.C4.BoxedType>
                     <apn_InUse.C5.BoxedType><Bytes>617a744f486a4d47
                           <field name="DNS string" value="aztOHjMG" type="String" length="8"/>
                        </Bytes></apn_InUse.C5.BoxedType>
                     <nsapi.C6.BoxedType><Integer>1</Integer></nsapi.C6.BoxedType>
                     <transactionId.C7.BoxedType><Bytes>bae2
                           <field name="TI flag" value="The message is sent to the side that originates the TI:1" type="EnumLong" lengthBit="1"/>
                           <field name="TIO" value="3" type="Integer" lengthBit="3"/>
                           <field name="NA" value="10" type="Integer" lengthBit="4"/>
                           <field name="Ext" value="1" type="Integer" lengthBit="1"/>
                           <field name="TIE" value="98" type="Integer" lengthBit="7"/>
                        </Bytes></transactionId.C7.BoxedType>
                     <teid_ForGnAndGp.C8.BoxedType><Bytes>c4d649b2
                           <field name="TEID" value="3302377906" type="Integer" length="4"/>
                        </Bytes></teid_ForGnAndGp.C8.BoxedType>
                     <teid_ForIu.C9.BoxedType><Bytes>4fb188c9
                           <field name="TEID" value="1337034953" type="Integer" length="4"/>
                        </Bytes></teid_ForIu.C9.BoxedType>
                     <ggsn_Address.C10.BoxedType><Bytes>04414bfb48
                           <field name="Address type" value="IPV4:0" type="EnumLong" lengthBit="2"/>
                           <field name="AddressLength" value="4" type="Integer" lengthBit="6"/>
                           <field name="IPV4 address" value="65.75.251.72" type="IPV4Address" length="4"/>
                        </Bytes></ggsn_Address.C10.BoxedType>
                     <qos_Subscribed.C11.BoxedType><Bytes>6546cbe2c0b725a5fc
                           <field name="Allocation/Retention Priority" value="101" type="Integer" length="1"/>
                           <field name="Traffic class" value="Streaming class:2" type="EnumLong" lengthBit="3"/>
                           <field name="Delivery class" value="Subscribed delivery class / Reserved:0" type="EnumLong" lengthBit="2"/>
                           <field name="Delivery erroneous SDUs" value="Reserved:6" type="EnumLong" lengthBit="3"/>
                           <field name="Maximum SDU size" value="203" type="Integer" length="1"/>
                           <field name="Maximum bitrate uplink" value="226" type="Integer" length="1"/>
                           <field name="Maximum bitrate downlink" value="192" type="Integer" length="1"/>
                           <field name="SDU error ratio" value="Reserved:11" type="EnumLong" lengthBit="4"/>
                           <field name="Residual BER" value="1*10 power -5:7" type="EnumLong" lengthBit="4"/>
                           <field name="Transfer delay" value="9" type="Integer" lengthBit="6"/>
                           <field name="Traffic handling priority" value="Priority level 1:1" type="EnumLong" lengthBit="2"/>
                           <field name="Guaranteed bitrate uplink" value="165" type="Integer" length="1"/>
                           <field name="Guaranteed bitrate downlink" value="252" type="Integer" length="1"/>
                        </Bytes></qos_Subscribed.C11.BoxedType>
                     <qos_Requested.C12.BoxedType><Bytes>ac2d08149a3813182f
                           <field name="Allocation/Retention Priority" value="172" type="Integer" length="1"/>
                           <field name="Traffic class" value="Conversational class:1" type="EnumLong" lengthBit="3"/>
                           <field name="Delivery class" value="With delivery order (&apos;yes&apos;):1" type="EnumLong" lengthBit="2"/>
                           <field name="Delivery erroneous SDUs" value="Reserved:5" type="EnumLong" lengthBit="3"/>
                           <field name="Maximum SDU size" value="8" type="Integer" length="1"/>
                           <field name="Maximum bitrate uplink" value="20" type="Integer" length="1"/>
                           <field name="Maximum bitrate downlink" value="154" type="Integer" length="1"/>
                           <field name="SDU error ratio" value="1*10 power -3:3" type="EnumLong" lengthBit="4"/>
                           <field name="Residual BER" value="1*10 power -6:8" type="EnumLong" lengthBit="4"/>
                           <field name="Transfer delay" value="4" type="Integer" lengthBit="6"/>
                           <field name="Traffic handling priority" value="Priority level 3:3" type="EnumLong" lengthBit="2"/>
                           <field name="Guaranteed bitrate uplink" value="24" type="Integer" length="1"/>
                           <field name="Guaranteed bitrate downlink" value="47" type="Integer" length="1"/>
                        </Bytes></qos_Requested.C12.BoxedType>
                     <qos_Negotiated.C13.BoxedType><Bytes>c96b8bdb33a1b54521
                           <field name="Allocation/Retention Priority" value="201" type="Integer" length="1"/>
                           <field name="Traffic class" value="Interactive class:3" type="EnumLong" lengthBit="3"/>
                           <field name="Delivery class" value="With delivery order (&apos;yes&apos;):1" type="EnumLong" lengthBit="2"/>
                           <field name="Delivery erroneous SDUs" value="Erroneous SDUs are not delivered (&apos;no&apos;):3" type="EnumLong" lengthBit="3"/>
                           <field name="Maximum SDU size" value="139" type="Integer" length="1"/>
                           <field name="Maximum bitrate uplink" value="219" type="Integer" length="1"/>
                           <field name="Maximum bitrate downlink" value="51" type="Integer" length="1"/>
                           <field name="SDU error ratio" value="Reserved:10" type="EnumLong" lengthBit="4"/>
                           <field name="Residual BER" value="5*10 power -2:1" type="EnumLong" lengthBit="4"/>
                           <field name="Transfer delay" value="45" type="Integer" lengthBit="6"/>
                           <field name="Traffic handling priority" value="Priority level 1:1" type="EnumLong" lengthBit="2"/>
                           <field name="Guaranteed bitrate uplink" value="69" type="Integer" length="1"/>
                           <field name="Guaranteed bitrate downlink" value="33" type="Integer" length="1"/>
                        </Bytes></qos_Negotiated.C13.BoxedType>
                     <chargingId.C14.BoxedType><Bytes>c2b9a2dc
                           <field name="Charging ID" value="3266945756" type="Integer" length="4"/>
                        </Bytes></chargingId.C14.BoxedType>
                     <chargingCharacteristics.C15.BoxedType><Bytes>b2e2
                           <field name="Reserved" value="11" type="Integer" lengthBit="4"/>
                           <field name="N flag" value="0" type="Integer" lengthBit="1"/>
                           <field name="P flag" value="0" type="Integer" lengthBit="1"/>
                           <field name="F flag" value="1" type="Integer" lengthBit="1"/>
                           <field name="H flag" value="0" type="Integer" lengthBit="1"/>
                           <field name="Charging Value" value="226" type="Integer" length="1"/>
                        </Bytes></chargingCharacteristics.C15.BoxedType>
                     <rnc_Address.C16.BoxedType><Bytes>5bf25ce50c
                           <field name="Address type" value="IPV6:1" type="EnumLong" lengthBit="2"/>
                           <field name="AddressLength" value="27" type="Integer" lengthBit="6"/>
                           <field name="IPV4 address" value="242.92.229.12" type="IPV4Address" length="4"/>
                        </Bytes></rnc_Address.C16.BoxedType>
                     <extensionContainer.C17.Sequence>
                        <privateExtensionList.C0.BoxedType>
                           <Collection>
                              <PrivateExtension.Sequence>
                                 <extId><ObjectIdentifier>0.1.2116</ObjectIdentifier></extId>
                                 <extType>41d53ad7a14764f0c8be</extType>
                              </PrivateExtension.Sequence>
                              <PrivateExtension.Sequence>
                                 <extId><ObjectIdentifier>0.1.267.85.63.79.98.83.25.54.40</ObjectIdentifier></extId>
                                 <extType>accc485c966c9e7e</extType>
                              </PrivateExtension.Sequence>
                              <PrivateExtension.Sequence>
                                 <extId><ObjectIdentifier>0.1.263.46.104.96.59.60</ObjectIdentifier></extId>
                                 <extType>eb50ee0cbf0f0315c6</extType>
                              </PrivateExtension.Sequence>
                           </Collection>
                        </privateExtensionList.C0.BoxedType>
                        <pcsExtensions.C1.Sequence></pcsExtensions.C1.Sequence>
                     </extensionContainer.C17.Sequence>
                     <qos2_Subscribed.C18.BoxedType><Bytes>9135f3ff53
                           <field name="spare" value="4" type="Integer" lengthBit="3"/>
                           <field name="Signalling Indication" value="Optimised for signalling traffic:1" type="EnumLong" lengthBit="1"/>
                           <field name="Source Statistics Descriptor" value="speech:1" type="EnumLong" lengthBit="4"/>
                           <field name="Maximum bitrate downlink (extended)" value="53" type="Integer" length="1"/>
                           <field name="Guaranteed bitrate downlink (extended)" value="243" type="Integer" length="1"/>
                           <field name="Maximum bitrate uplink (extended)" value="255" type="Integer" length="1"/>
                           <field name="Guaranteed bitrate uplink (extended)" value="83" type="Integer" length="1"/>
                        </Bytes></qos2_Subscribed.C18.BoxedType>
                     <qos2_Requested.C19.BoxedType><Bytes>592a2f2650
                           <field name="spare" value="2" type="Integer" lengthBit="3"/>
                           <field name="Signalling Indication" value="Optimised for signalling traffic:1" type="EnumLong" lengthBit="1"/>
                           <field name="Source Statistics Descriptor" value="unknown:9" type="EnumLong" lengthBit="4"/>
                           <field name="Maximum bitrate downlink (extended)" value="42" type="Integer" length="1"/>
                           <field name="Guaranteed bitrate downlink (extended)" value="47" type="Integer" length="1"/>
                           <field name="Maximum bitrate uplink (extended)" value="38" type="Integer" length="1"/>
                           <field name="Guaranteed bitrate uplink (extended)" value="80" type="Integer" length="1"/>
                        </Bytes></qos2_Requested.C19.BoxedType>
                     <qos2_Negotiated.C20.BoxedType><Bytes>919330d78a
                           <field name="spare" value="4" type="Integer" lengthBit="3"/>
                           <field name="Signalling Indication" value="Optimised for signalling traffic:1" type="EnumLong" lengthBit="1"/>
                           <field name="Source Statistics Descriptor" value="speech:1" type="EnumLong" lengthBit="4"/>
                           <field name="Maximum bitrate downlink (extended)" value="147" type="Integer" length="1"/>
                           <field name="Guaranteed bitrate downlink (extended)" value="48" type="Integer" length="1"/>
                           <field name="Maximum bitrate uplink (extended)" value="215" type="Integer" length="1"/>
                           <field name="Guaranteed bitrate uplink (extended)" value="138" type="Integer" length="1"/>
                        </Bytes></qos2_Negotiated.C20.BoxedType>
                  </PDP_ContextInfo.Sequence>
               </Collection>
            </ps_PDP_ActiveReachableForPaging.C5.BoxedType>
            <netDetNotReachable.Enum>
               <EnumType>imsiDetached.1</EnumType>
            </netDetNotReachable.Enum>
         </ps_SubscriberState.C4.Choice>
         <imei.C5.BoxedType><TBCD_STRING.BoxedType><Bytes>5148960390
                  <field name="digits" value="1584693009" type="Number_BCD" length="10"/>
               </Bytes></TBCD_STRING.BoxedType></imei.C5.BoxedType>
         <ms_Classmark2.C6.BoxedType><Bytes>7dbdf5
               <field name="spare1" value="0" type="Integer" lengthBit="1"/>
               <field name="Revision level" value="Reserved for future use.:3" type="EnumLong" lengthBit="2"/>
               <field name="ES IND" value="ES IND option is implemented in the MS (if A/Gb mode supported):1" type="EnumLong" lengthBit="1"/>
               <field name="A5/1 algorithm supported " value="not available (if A/Gb mode supported):1" type="EnumLong" lengthBit="1"/>
               <field name="RF Power Capability" value="reserved:5" type="EnumLong" lengthBit="3"/>
               <field name="spare2" value="1" type="Integer" lengthBit="1"/>
               <field name="PS capability" value="not present:0" type="EnumLong" lengthBit="1"/>
               <field name="SS Screening Indicator" value="for future use :3" type="EnumLong" lengthBit="2"/>
               <field name="SM capability" value="supports:1" type="EnumLong" lengthBit="1"/>
               <field name="VBS notification reception" value="notification wanted (if A/Gb mode supported):1" type="EnumLong" lengthBit="1"/>
               <field name="VGCS notification reception" value="no notification wanted:0" type="EnumLong" lengthBit="1"/>
               <field name="FC Frequency Capability" value="support the E-GSM or R-GSM band (GSM900 only):1" type="EnumLong" lengthBit="1"/>
               <field name="CM3" value="supports:1" type="EnumLong" lengthBit="1"/>
               <field name="spare3" value="1" type="Integer" lengthBit="1"/>
               <field name="LCS VA capability" value="request notification supported:1" type="EnumLong" lengthBit="1"/>
               <field name="UCS2 treatment" value="no preference for the default alphabet :1" type="EnumLong" lengthBit="1"/>
               <field name="SoLSA" value="does not support:0" type="EnumLong" lengthBit="1"/>
               <field name="CM Service Prompt (CMSP)" value="supported at least one CM protocol:1" type="EnumLong" lengthBit="1"/>
               <field name="A5/3 algorithm supported" value="not available:0" type="EnumLong" lengthBit="1"/>
               <field name="A5/2 algorithm supported" value="Not used:1" type="EnumLong" lengthBit="1"/>
            </Bytes></ms_Classmark2.C6.BoxedType>
         <gprs_MS_Class.C7.Sequence>
            <mSNetworkCapability.C0.BoxedType><Bytes>da7b694054c1b22e10
                  <field name="value" value="da7b694054c1b22e10" type="Binary" length="9"/>
               </Bytes></mSNetworkCapability.C0.BoxedType>
            <mSRadioAccessCapability.C1.BoxedType><Bytes>c028184169
                  <field name="value" value="c028184169" type="Binary" length="5"/>
               </Bytes></mSRadioAccessCapability.C1.BoxedType>
         </gprs_MS_Class.C7.Sequence>
         <mnpInfoRes.C8.Sequence>
            <routeingNumber.C0.BoxedType><TBCD_STRING.BoxedType><Bytes>41351809f0
                     <field name="digits" value="145381900" type="Number_BCD" length="9"/>
                  </Bytes></TBCD_STRING.BoxedType></routeingNumber.C0.BoxedType>
            <imsi.C1.BoxedType><Bytes>97051523f9
                  <field name="digits" value="795051329" type="Number_BCD" length="9"/>
               </Bytes></imsi.C1.BoxedType>
            <msisdn.C2.BoxedType><Bytes>d652080524f2
                  <field name="extension" value="no extension:1" type="EnumLong" lengthBit="1"/>
                  <field name="nature of address" value="reserved:5" type="EnumLong" lengthBit="3"/>
                  <field name="numbering plan" value="land mobile numbering plan (ITU-T Rec E.212):6" type="EnumLong" lengthBit="4"/>
                  <field name="digits" value="258050422" type="Number_BCD" length="9"/>
               </Bytes></msisdn.C2.BoxedType>
            <numberPortabilityStatus.C3.Enum>
               <EnumType>ownNumberPortedOut.1</EnumType>
            </numberPortabilityStatus.C3.Enum>
            <extensionContainer.C4.Sequence>
               <privateExtensionList.C0.BoxedType>
                  <Collection>
                     <PrivateExtension.Sequence>
                        <extId><ObjectIdentifier>0.1.2116.108.112.111.53.102.52.91.11.24</ObjectIdentifier></extId>
                        <extType>90b104</extType>
                     </PrivateExtension.Sequence>
                     <PrivateExtension.Sequence>
                        <extId><ObjectIdentifier>0.1.2128</ObjectIdentifier></extId>
                        <extType>e3243c0d2548</extType>
                     </PrivateExtension.Sequence>
                     <PrivateExtension.Sequence>
                        <extId><ObjectIdentifier>0.1.2118.48.10.12.93</ObjectIdentifier></extId>
                        <extType>d3b9b685cc2aa5ce50</extType>
                     </PrivateExtension.Sequence>
                  </Collection>
               </privateExtensionList.C0.BoxedType>
               <pcsExtensions.C1.Sequence></pcsExtensions.C1.Sequence>
            </extensionContainer.C4.Sequence>
         </mnpInfoRes.C8.Sequence>
      </subscriberInfo.Sequence>
      <extensionContainer.Sequence>
         <privateExtensionList.C0.BoxedType>
            <Collection>
               <PrivateExtension.Sequence>
                  <extId><ObjectIdentifier>0.1.230.119.84.15.103</ObjectIdentifier></extId>
                  <extType>d4635ea950</extType>
               </PrivateExtension.Sequence>
               <PrivateExtension.Sequence>
                  <extId><ObjectIdentifier>0.1.2113.8.31.71.7.117.8.95.64.85</ObjectIdentifier></extId>
                  <extType>5ca6</extType>
               </PrivateExtension.Sequence>
               <PrivateExtension.Sequence>
                  <extId><ObjectIdentifier>0.1.296.65.96.68.20.6</ObjectIdentifier></extId>
                  <extType>97eeb831a27ff2e4</extType>
               </PrivateExtension.Sequence>
            </Collection>
         </privateExtensionList.C0.BoxedType>
         <pcsExtensions.C1.Sequence></pcsExtensions.C1.Sequence>
      </extensionContainer.Sequence>
   </AnyTimeInterrogationRes.Sequence>
</ASN>