<?xml version="1.0" encoding="ISO-8859-15"?>

<ASN layer="MAP">
   <AnyTimeInterrogationArg.Sequence>
      <subscriberIdentity.C0.Choice>
         <imsi.C0.BoxedType><Bytes>94791496f4
               <field name="digits" value="499741694" type="Number_BCD" length="9"/>
            </Bytes></imsi.C0.BoxedType>
         <msisdn.C1.BoxedType><Bytes>5816853692f9
               <field name="extension" value="extension:0" type="EnumLong" lengthBit="1"/>
               <field name="nature of address" value="reserved:5" type="EnumLong" lengthBit="3"/>
               <field name="numbering plan" value="national numbering plan:8" type="EnumLong" lengthBit="4"/>
               <field name="digits" value="615863299" type="Number_BCD" length="9"/>
            </Bytes></msisdn.C1.BoxedType>
      </subscriberIdentity.C0.Choice>
      <requestedInfo.C1.Sequence>
         <locationInformation.C0></locationInformation.C0>
         <subscriberState.C1></subscriberState.C1>
         <extensionContainer.C2.Sequence>
            <privateExtensionList.C0.BoxedType>
               <Collection>
                  <PrivateExtension.Sequence>
                     <extId><ObjectIdentifier>0.1.225.22.59</ObjectIdentifier></extId>
                     <extType>0d1f51</extType>
                  </PrivateExtension.Sequence>
                  <PrivateExtension.Sequence>
                     <extId><ObjectIdentifier>0.1.2120.73.120</ObjectIdentifier></extId>
                     <extType>b56ec53f3c</extType>
                  </PrivateExtension.Sequence>
                  <PrivateExtension.Sequence>
                     <extId><ObjectIdentifier>0.1.224.118.15</ObjectIdentifier></extId>
                     <extType>0d45</extType>
                  </PrivateExtension.Sequence>
               </Collection>
            </privateExtensionList.C0.BoxedType>
            <pcsExtensions.C1.Sequence></pcsExtensions.C1.Sequence>
         </extensionContainer.C2.Sequence>
         <currentLocation.C3></currentLocation.C3>
         <requestedDomain.C4.Enum>
            <EnumType>cs_Domain.0</EnumType>
         </requestedDomain.C4.Enum>
         <imei.C6></imei.C6>
         <ms_classmark.C5></ms_classmark.C5>
         <mnpRequestedInfo.C7></mnpRequestedInfo.C7>
      </requestedInfo.C1.Sequence>
      <gsmSCF_Address.C3.BoxedType><Bytes>d493660485f7
            <field name="extension" value="no extension:1" type="EnumLong" lengthBit="1"/>
            <field name="nature of address" value="reserved:5" type="EnumLong" lengthBit="3"/>
            <field name="numbering plan" value="telex numbering plan (ITU-T Rec F.69):4" type="EnumLong" lengthBit="4"/>
            <field name="digits" value="396640587" type="Number_BCD" length="9"/>
         </Bytes></gsmSCF_Address.C3.BoxedType>
      <extensionContainer.C2.Sequence>
         <privateExtensionList.C0.BoxedType>
            <Collection>
               <PrivateExtension.Sequence>
                  <extId><ObjectIdentifier>0.1.2128.30.124.119.37.122.121.22</ObjectIdentifier></extId>
                  <extType>7959ef</extType>
               </PrivateExtension.Sequence>
               <PrivateExtension.Sequence>
                  <extId><ObjectIdentifier>0.1.272.60.42.43</ObjectIdentifier></extId>
                  <extType>f188582bfa4709f098</extType>
               </PrivateExtension.Sequence>
               <PrivateExtension.Sequence>
                  <extId><ObjectIdentifier>0.1.2122.43.11.60.95.79.6.110.28</ObjectIdentifier></extId>
                  <extType>c1af48d75a60</extType>
               </PrivateExtension.Sequence>
            </Collection>
         </privateExtensionList.C0.BoxedType>
         <pcsExtensions.C1.Sequence></pcsExtensions.C1.Sequence>
      </extensionContainer.C2.Sequence>
   </AnyTimeInterrogationArg.Sequence>
</ASN>