<?xml version="1.0" encoding="ISO-8859-15"?>

<ASN layer="MAP">
   <Area.Sequence>
      <areaType.C0.Enum>
         <EnumType>plmnId.1</EnumType>
      </areaType.C0.Enum>
      <areaIdentification.C1.BoxedType><Bytes>91554215f2604b02
            <field name="MMC" value="195,245" type="NumberMMC" length="3"/>
            <field name="LAC" value="5618" type="Integer" length="2"/>
            <field name="RAC" value="96" type="Integer" length="1"/>
            <field name="CI" value="19202" type="Integer" length="2"/>
         </Bytes></areaIdentification.C1.BoxedType>
   </Area.Sequence>
</ASN>