<?xml version="1.0" encoding="ISO-8859-15"?>

<ASN layer="MAP">
   <ATI_NotAllowedParam.Sequence><extensionContainer.Sequence>
         <privateExtensionList.C0.BoxedType>
            <Collection>
               <PrivateExtension.Sequence>
                  <extId><ObjectIdentifier>0.1.260.70.26.89.79.120</ObjectIdentifier></extId>
                  <extType>e7077b77c4</extType>
               </PrivateExtension.Sequence>
               <PrivateExtension.Sequence>
                  <extId><ObjectIdentifier>0.1.259.108.77.64.21.99.66</ObjectIdentifier></extId>
                  <extType>c47beb4c4ea75e5a</extType>
               </PrivateExtension.Sequence>
               <PrivateExtension.Sequence>
                  <extId><ObjectIdentifier>0.1.2102.120.19.6</ObjectIdentifier></extId>
                  <extType>1511c4c233436eb825</extType>
               </PrivateExtension.Sequence>
            </Collection>
         </privateExtensionList.C0.BoxedType>
         <pcsExtensions.C1.Sequence></pcsExtensions.C1.Sequence>
      </extensionContainer.Sequence></ATI_NotAllowedParam.Sequence>
</ASN>