<?xml version="1.0" encoding="ISO-8859-15"?>

<ASN layer="MAP">
   <ATM_NotAllowedParam.Sequence><extensionContainer.Sequence>
         <privateExtensionList.C0.BoxedType>
            <Collection>
               <PrivateExtension.Sequence>
                  <extId><ObjectIdentifier>0.1.262.123.29.27</ObjectIdentifier></extId>
                  <extType>7f9042709e</extType>
               </PrivateExtension.Sequence>
               <PrivateExtension.Sequence>
                  <extId><ObjectIdentifier>0.1.242.63.41.42.106.45.73.84</ObjectIdentifier></extId>
                  <extType>b3ece015</extType>
               </PrivateExtension.Sequence>
               <PrivateExtension.Sequence>
                  <extId><ObjectIdentifier>0.1.24.19.23.73.9.66</ObjectIdentifier></extId>
                  <extType>15d1a5b062</extType>
               </PrivateExtension.Sequence>
            </Collection>
         </privateExtensionList.C0.BoxedType>
         <pcsExtensions.C1.Sequence></pcsExtensions.C1.Sequence>
      </extensionContainer.Sequence></ATM_NotAllowedParam.Sequence>
</ASN>