<?xml version="1.0" encoding="ISO-8859-15"?>

<ASN layer="MAP">
   <ATSI_NotAllowedParam.Sequence><extensionContainer.Sequence>
         <privateExtensionList.C0.BoxedType>
            <Collection>
               <PrivateExtension.Sequence>
                  <extId><ObjectIdentifier>0.1.267.11.81</ObjectIdentifier></extId>
                  <extType>30a55e962ea9</extType>
               </PrivateExtension.Sequence>
               <PrivateExtension.Sequence>
                  <extId><ObjectIdentifier>0.1.226.82</ObjectIdentifier></extId>
                  <extType>1441a8</extType>
               </PrivateExtension.Sequence>
               <PrivateExtension.Sequence>
                  <extId><ObjectIdentifier>0.1.246.29.87.11.105.26.116</ObjectIdentifier></extId>
                  <extType>b6a1076c92ab7caaa1</extType>
               </PrivateExtension.Sequence>
            </Collection>
         </privateExtensionList.C0.BoxedType>
         <pcsExtensions.C1.Sequence></pcsExtensions.C1.Sequence>
      </extensionContainer.Sequence></ATSI_NotAllowedParam.Sequence>
</ASN>