<?xml version="1.0" encoding="ISO-8859-15"?>

<ASN layer="MAP">
   <AuthenticationFailureReportRes.Sequence><extensionContainer.Sequence>
         <privateExtensionList.C0.BoxedType>
            <Collection>
               <PrivateExtension.Sequence>
                  <extId><ObjectIdentifier>0.1.2125.43</ObjectIdentifier></extId>
                  <extType>2e11</extType>
               </PrivateExtension.Sequence>
               <PrivateExtension.Sequence>
                  <extId><ObjectIdentifier>0.1.215.85.18.86.85.40</ObjectIdentifier></extId>
                  <extType>54bba8363bb4e2f6</extType>
               </PrivateExtension.Sequence>
               <PrivateExtension.Sequence>
                  <extId><ObjectIdentifier>0.1.293.104.43.90.33.114</ObjectIdentifier></extId>
                  <extType>f8e25382ba</extType>
               </PrivateExtension.Sequence>
            </Collection>
         </privateExtensionList.C0.BoxedType>
         <pcsExtensions.C1.Sequence></pcsExtensions.C1.Sequence>
      </extensionContainer.Sequence></AuthenticationFailureReportRes.Sequence>
</ASN>