<?xml version="1.0" encoding="ISO-8859-15"?>

<ASN layer="MAP">
   <AuthenticationFailureReportArg.Sequence>
      <imsi.BoxedType><Bytes>7118859838
            <field name="digits" value="1781588983" type="Number_BCD" length="10"/>
         </Bytes></imsi.BoxedType>
      <failureCause.Enum>
         <EnumType>wrongUserResponse.0</EnumType>
      </failureCause.Enum>
      <extensionContainer.Sequence>
         <privateExtensionList.C0.BoxedType>
            <Collection>
               <PrivateExtension.Sequence>
                  <extId><ObjectIdentifier>0.1.222.15.86.74.19.58</ObjectIdentifier></extId>
                  <extType>ef1951</extType>
               </PrivateExtension.Sequence>
               <PrivateExtension.Sequence>
                  <extId><ObjectIdentifier>0.1.251.13.118.59.93.127.94</ObjectIdentifier></extId>
                  <extType>b1cd93ba2f6e17bf47</extType>
               </PrivateExtension.Sequence>
               <PrivateExtension.Sequence>
                  <extId><ObjectIdentifier>0.1.223.14.110.28.107.48.91.21</ObjectIdentifier></extId>
                  <extType>d45946b3</extType>
               </PrivateExtension.Sequence>
            </Collection>
         </privateExtensionList.C0.BoxedType>
         <pcsExtensions.C1.Sequence></pcsExtensions.C1.Sequence>
      </extensionContainer.Sequence>
      <re_attempt>true:1</re_attempt>
      <accessType.Enum>
         <EnumType>locationUpdating.2</EnumType>
      </accessType.Enum>
      <rand.BoxedType><Bytes>527d4e53c5</Bytes></rand.BoxedType>
      <vlr_Number.C0.BoxedType><Bytes>f49196457634
            <field name="extension" value="no extension:1" type="EnumLong" lengthBit="1"/>
            <field name="nature of address" value="reserved for extension:7" type="EnumLong" lengthBit="3"/>
            <field name="numbering plan" value="telex numbering plan (ITU-T Rec F.69):4" type="EnumLong" lengthBit="4"/>
            <field name="digits" value="1969546743" type="Number_BCD" length="10"/>
         </Bytes></vlr_Number.C0.BoxedType>
      <sgsn_Number.C1.BoxedType><Bytes>b776435587f0
            <field name="extension" value="no extension:1" type="EnumLong" lengthBit="1"/>
            <field name="nature of address" value="network specific number:3" type="EnumLong" lengthBit="3"/>
            <field name="numbering plan" value="spare:7" type="EnumLong" lengthBit="4"/>
            <field name="digits" value="673455780" type="Number_BCD" length="9"/>
         </Bytes></sgsn_Number.C1.BoxedType>
   </AuthenticationFailureReportArg.Sequence>
</ASN>