<?xml version="1.0" encoding="ISO-8859-15"?>

<ASN layer="MAP">
   <BcsmCamelTDPData.Sequence>
      <bcsmTriggerDetectionPoint.Enum>
         <EnumType>termAttemptAuthorized.12</EnumType>
      </bcsmTriggerDetectionPoint.Enum>
      <serviceKey.BoxedType><Integer>0</Integer></serviceKey.BoxedType>
      <gsmSCFAddress.C0.BoxedType><Bytes>f7e34879cac6dce6</Bytes></gsmSCFAddress.C0.BoxedType>
      <defaultCallHandling.C1.Enum>
         <EnumType>releaseCall.1</EnumType>
      </defaultCallHandling.C1.Enum>
      <extensionContainer.C2.Sequence>
         <privateExtensionList.C0.BoxedType>
            <Collection>
               <PrivateExtension.Sequence>
                  <extId><ObjectIdentifier>0.1.277.119</ObjectIdentifier></extId>
                  <extType>17737126da8232</extType>
               </PrivateExtension.Sequence>
               <PrivateExtension.Sequence>
                  <extId><ObjectIdentifier>0.1.2107.24.59.97.115.110.96.117.47</ObjectIdentifier></extId>
                  <extType>0984e590f8</extType>
               </PrivateExtension.Sequence>
               <PrivateExtension.Sequence>
                  <extId><ObjectIdentifier>0.1.241.92.27.94.66.74.59.60</ObjectIdentifier></extId>
                  <extType>2cfc23810d12ab</extType>
               </PrivateExtension.Sequence>
            </Collection>
         </privateExtensionList.C0.BoxedType>
         <pcsExtensions.C1.Sequence></pcsExtensions.C1.Sequence>
      </extensionContainer.C2.Sequence>
   </BcsmCamelTDPData.Sequence>
</ASN>