<?xml version="1.0" encoding="ISO-8859-15"?>

<ASN layer="MAP">
   <BcsmCamelTDPDataList.BoxedType>
      <Collection>
         <BcsmCamelTDPData.Sequence>
            <bcsmTriggerDetectionPoint.Enum>
               <EnumType>termAttemptAuthorized.12</EnumType>
            </bcsmTriggerDetectionPoint.Enum>
            <serviceKey.BoxedType><Integer>0</Integer></serviceKey.BoxedType>
            <gsmSCFAddress.C0.BoxedType><Bytes>53c9544c9c3a</Bytes></gsmSCFAddress.C0.BoxedType>
            <defaultCallHandling.C1.Enum>
               <EnumType>continueCall.0</EnumType>
            </defaultCallHandling.C1.Enum>
            <extensionContainer.C2.Sequence>
               <privateExtensionList.C0.BoxedType>
                  <Collection>
                     <PrivateExtension.Sequence>
                        <extId><ObjectIdentifier>0.1.273</ObjectIdentifier></extId>
                        <extType>51844415b1</extType>
                     </PrivateExtension.Sequence>
                     <PrivateExtension.Sequence>
                        <extId><ObjectIdentifier>0.1.260.29.3</ObjectIdentifier></extId>
                        <extType>bfa99957bdc20c</extType>
                     </PrivateExtension.Sequence>
                     <PrivateExtension.Sequence>
                        <extId><ObjectIdentifier>0.1.2102.83.54.43.65.63</ObjectIdentifier></extId>
                        <extType>ce9f74</extType>
                     </PrivateExtension.Sequence>
                  </Collection>
               </privateExtensionList.C0.BoxedType>
               <pcsExtensions.C1.Sequence></pcsExtensions.C1.Sequence>
            </extensionContainer.C2.Sequence>
         </BcsmCamelTDPData.Sequence>
         <BcsmCamelTDPData.Sequence>
            <bcsmTriggerDetectionPoint.Enum>
               <EnumType>tBusy.13</EnumType>
            </bcsmTriggerDetectionPoint.Enum>
            <serviceKey.BoxedType><Integer>0</Integer></serviceKey.BoxedType>
            <gsmSCFAddress.C0.BoxedType><Bytes>1ef6736e90</Bytes></gsmSCFAddress.C0.BoxedType>
            <defaultCallHandling.C1.Enum>
               <EnumType>continueCall.0</EnumType>
            </defaultCallHandling.C1.Enum>
            <extensionContainer.C2.Sequence>
               <privateExtensionList.C0.BoxedType>
                  <Collection>
                     <PrivateExtension.Sequence>
                        <extId><ObjectIdentifier>0.1.255.110</ObjectIdentifier></extId>
                        <extType>993c56273e</extType>
                     </PrivateExtension.Sequence>
                     <PrivateExtension.Sequence>
                        <extId><ObjectIdentifier>0.1.2126</ObjectIdentifier></extId>
                        <extType>3ba34d2efe</extType>
                     </PrivateExtension.Sequence>
                     <PrivateExtension.Sequence>
                        <extId><ObjectIdentifier>0.1.250</ObjectIdentifier></extId>
                        <extType>f81a35e7d75b10</extType>
                     </PrivateExtension.Sequence>
                  </Collection>
               </privateExtensionList.C0.BoxedType>
               <pcsExtensions.C1.Sequence></pcsExtensions.C1.Sequence>
            </extensionContainer.C2.Sequence>
         </BcsmCamelTDPData.Sequence>
         <BcsmCamelTDPData.Sequence>
            <bcsmTriggerDetectionPoint.Enum>
               <EnumType>collectedInfo.2</EnumType>
            </bcsmTriggerDetectionPoint.Enum>
            <serviceKey.BoxedType><Integer>1</Integer></serviceKey.BoxedType>
            <gsmSCFAddress.C0.BoxedType><Bytes>3b397e91bd</Bytes></gsmSCFAddress.C0.BoxedType>
            <defaultCallHandling.C1.Enum>
               <EnumType>continueCall.0</EnumType>
            </defaultCallHandling.C1.Enum>
            <extensionContainer.C2.Sequence>
               <privateExtensionList.C0.BoxedType>
                  <Collection>
                     <PrivateExtension.Sequence>
                        <extId><ObjectIdentifier>0.1.269.28.20</ObjectIdentifier></extId>
                        <extType>1443225aa24a</extType>
                     </PrivateExtension.Sequence>
                     <PrivateExtension.Sequence>
                        <extId><ObjectIdentifier>0.1.2</ObjectIdentifier></extId>
                        <extType>cb6b12</extType>
                     </PrivateExtension.Sequence>
                     <PrivateExtension.Sequence>
                        <extId><ObjectIdentifier>0.1.237.51.121.49.7.119.62</ObjectIdentifier></extId>
                        <extType>844728a8d8ceb2ad</extType>
                     </PrivateExtension.Sequence>
                  </Collection>
               </privateExtensionList.C0.BoxedType>
               <pcsExtensions.C1.Sequence></pcsExtensions.C1.Sequence>
            </extensionContainer.C2.Sequence>
         </BcsmCamelTDPData.Sequence>
      </Collection>
   </BcsmCamelTDPDataList.BoxedType>
</ASN>