<?xml version="1.0" encoding="ISO-8859-15"?>

<ASN layer="MAP">
   <BearerServNotProvParam.Sequence><extensionContainer.Sequence>
         <privateExtensionList.C0.BoxedType>
            <Collection>
               <PrivateExtension.Sequence>
                  <extId><ObjectIdentifier>0.1.234.122.34.45.106.34</ObjectIdentifier></extId>
                  <extType>0aed840286183e</extType>
               </PrivateExtension.Sequence>
               <PrivateExtension.Sequence>
                  <extId><ObjectIdentifier>0.1.219.77.32.106.34</ObjectIdentifier></extId>
                  <extType>1c63fef54a</extType>
               </PrivateExtension.Sequence>
               <PrivateExtension.Sequence>
                  <extId><ObjectIdentifier>0.1.224.67.73.99.27.45.31.62.90.7</ObjectIdentifier></extId>
                  <extType>2681e63bd31d3b</extType>
               </PrivateExtension.Sequence>
            </Collection>
         </privateExtensionList.C0.BoxedType>
         <pcsExtensions.C1.Sequence></pcsExtensions.C1.Sequence>
      </extensionContainer.Sequence></BearerServNotProvParam.Sequence>
</ASN>