<?xml version="1.0" encoding="ISO-8859-15"?>

<ASN layer="MAP">
   <CallBarredParam.Choice>
      <callBarringCause.Enum>
         <EnumType>operatorBarring.1</EnumType>
      </callBarringCause.Enum>
      <extensibleCallBarredParam.Sequence>
         <callBarringCause.Enum>
            <EnumType>barringServiceActive.0</EnumType>
         </callBarringCause.Enum>
         <extensionContainer.Sequence>
            <privateExtensionList.C0.BoxedType>
               <Collection>
                  <PrivateExtension.Sequence>
                     <extId><ObjectIdentifier>0.1.286.104.12.2.61.10.79.52.100</ObjectIdentifier></extId>
                     <extType>bae719</extType>
                  </PrivateExtension.Sequence>
                  <PrivateExtension.Sequence>
                     <extId><ObjectIdentifier>0.1.284.7</ObjectIdentifier></extId>
                     <extType>42fc75105191239836</extType>
                  </PrivateExtension.Sequence>
                  <PrivateExtension.Sequence>
                     <extId><ObjectIdentifier>0.1.275.24.35.30</ObjectIdentifier></extId>
                     <extType>f9e6cc8b9b4d</extType>
                  </PrivateExtension.Sequence>
               </Collection>
            </privateExtensionList.C0.BoxedType>
            <pcsExtensions.C1.Sequence></pcsExtensions.C1.Sequence>
         </extensionContainer.Sequence>
         <unauthorisedMessageOriginator.C1></unauthorisedMessageOriginator.C1>
      </extensibleCallBarredParam.Sequence>
   </CallBarredParam.Choice>
</ASN>