<?xml version="1.0" encoding="ISO-8859-15"?>

<ASN layer="MAP">
   <CancelLocationArg.BoxedType><CancelLocationArgSequenceType.C3.Sequence>
         <identity.Choice>
            <imsi.BoxedType><Bytes>79088721f3
                  <field name="digits" value="978078123" type="Number_BCD" length="9"/>
               </Bytes></imsi.BoxedType>
            <imsi_WithLMSI.Sequence>
               <imsi.BoxedType><Bytes>7137839038
                     <field name="digits" value="1773380983" type="Number_BCD" length="10"/>
                  </Bytes></imsi.BoxedType>
               <lmsi.BoxedType><Bytes>62fc35f350
                     <field name="digits" value="62fc35f350" type="Binary" length="5"/>
                  </Bytes></lmsi.BoxedType>
            </imsi_WithLMSI.Sequence>
         </identity.Choice>
         <cancellationType.Enum>
            <EnumType>subscriptionWithdraw.1</EnumType>
         </cancellationType.Enum>
         <extensionContainer.Sequence>
            <privateExtensionList.C0.BoxedType>
               <Collection>
                  <PrivateExtension.Sequence>
                     <extId><ObjectIdentifier>0.1.20.105.68.104.72.18</ObjectIdentifier></extId>
                     <extType>2328</extType>
                  </PrivateExtension.Sequence>
                  <PrivateExtension.Sequence>
                     <extId><ObjectIdentifier>0.1.2110.13.18.96.115</ObjectIdentifier></extId>
                     <extType>97c8a8dbe6c3904d77</extType>
                  </PrivateExtension.Sequence>
                  <PrivateExtension.Sequence>
                     <extId><ObjectIdentifier>0.1.217.13.18.105.36</ObjectIdentifier></extId>
                     <extType>73202fe23fbc</extType>
                  </PrivateExtension.Sequence>
               </Collection>
            </privateExtensionList.C0.BoxedType>
            <pcsExtensions.C1.Sequence></pcsExtensions.C1.Sequence>
         </extensionContainer.Sequence>
      </CancelLocationArgSequenceType.C3.Sequence></CancelLocationArg.BoxedType>
</ASN>