<?xml version="1.0" encoding="ISO-8859-15"?>

<ASN layer="MAP">
   <CancelLocationArgV2.Choice>
      <imsi.BoxedType><Bytes>0256436706
            <field name="digits" value="2065347660" type="Number_BCD" length="10"/>
         </Bytes></imsi.BoxedType>
      <imsi_WithLMSI.Sequence>
         <imsi.BoxedType><Bytes>97872112f2
               <field name="digits" value="797812212" type="Number_BCD" length="9"/>
            </Bytes></imsi.BoxedType>
         <lmsi.BoxedType><Bytes>98c4ec13
               <field name="digits" value="98c4ec13" type="Binary" length="4"/>
            </Bytes></lmsi.BoxedType>
      </imsi_WithLMSI.Sequence>
   </CancelLocationArgV2.Choice>
</ASN>