<?xml version="1.0" encoding="ISO-8859-15"?>

<ASN layer="MAP">
   <CancelLocationRes.Sequence><extensionContainer.Sequence>
         <privateExtensionList.C0.BoxedType>
            <Collection>
               <PrivateExtension.Sequence>
                  <extId><ObjectIdentifier>0.1.2117.38.127.119.111.93.14.31.58.3</ObjectIdentifier></extId>
                  <extType>aec1d6c4202faf</extType>
               </PrivateExtension.Sequence>
               <PrivateExtension.Sequence>
                  <extId><ObjectIdentifier>0.1.2105.104.125.45.17.68.86.83.50</ObjectIdentifier></extId>
                  <extType>5261651680</extType>
               </PrivateExtension.Sequence>
               <PrivateExtension.Sequence>
                  <extId><ObjectIdentifier>0.1.270.88.112.65.123.39.17.105</ObjectIdentifier></extId>
                  <extType>67d6ac</extType>
               </PrivateExtension.Sequence>
            </Collection>
         </privateExtensionList.C0.BoxedType>
         <pcsExtensions.C1.Sequence></pcsExtensions.C1.Sequence>
      </extensionContainer.Sequence></CancelLocationRes.Sequence>
</ASN>