<?xml version="1.0" encoding="ISO-8859-15"?>

<ASN layer="MAP">
   <CheckIMEIRes.Sequence>
      <equipmentStatus.Enum>
         <EnumType>greyListed.2</EnumType>
      </equipmentStatus.Enum>
      <bmuef.Sequence>
         <uesbi_IuA.C0.BoxedType><BitString><BitString value="20b5322e6a0748b3" trailing="0"/></BitString></uesbi_IuA.C0.BoxedType>
         <uesbi_IuB.C1.BoxedType><BitString><BitString value="643e49a1f61cb2eb2e8e7eba86c04172362703" trailing="0"/></BitString></uesbi_IuB.C1.BoxedType>
      </bmuef.Sequence>
      <extensionContainer.C0.Sequence>
         <privateExtensionList.C0.BoxedType>
            <Collection>
               <PrivateExtension.Sequence>
                  <extId><ObjectIdentifier>0.1.2114.73.110.6.76.65.70</ObjectIdentifier></extId>
                  <extType>a3c58a6bdcb8f11d</extType>
               </PrivateExtension.Sequence>
               <PrivateExtension.Sequence>
                  <extId><ObjectIdentifier>0.1.21.5.8.104</ObjectIdentifier></extId>
                  <extType>0ad3ad57fbdf86c2</extType>
               </PrivateExtension.Sequence>
               <PrivateExtension.Sequence>
                  <extId><ObjectIdentifier>0.1.2102.101.92</ObjectIdentifier></extId>
                  <extType>28b717bd74270c</extType>
               </PrivateExtension.Sequence>
            </Collection>
         </privateExtensionList.C0.BoxedType>
         <pcsExtensions.C1.Sequence></pcsExtensions.C1.Sequence>
      </extensionContainer.C0.Sequence>
   </CheckIMEIRes.Sequence>
</ASN>