<?xml version="1.0" encoding="ISO-8859-15"?>

<ASN layer="MAP">
   <CheckIMEIArgV3.Sequence>
      <imei.BoxedType><TBCD_STRING.BoxedType><Bytes>18481547f9
               <field name="digits" value="818451749" type="Number_BCD" length="9"/>
            </Bytes></TBCD_STRING.BoxedType></imei.BoxedType>
      <requestedEquipmentInfo.BoxedType><BitString><BitString value="196ac801171a01504ef3bf8e2eeaba8f7a" trailing="0"/></BitString></requestedEquipmentInfo.BoxedType>
      <extensionContainer.Sequence>
         <privateExtensionList.C0.BoxedType>
            <Collection>
               <PrivateExtension.Sequence>
                  <extId><ObjectIdentifier>0.1.217.42.33.44.118</ObjectIdentifier></extId>
                  <extType>36fc68f2afc716</extType>
               </PrivateExtension.Sequence>
               <PrivateExtension.Sequence>
                  <extId><ObjectIdentifier>0.1.2100.77</ObjectIdentifier></extId>
                  <extType>04fc7cd4e9129e87aa</extType>
               </PrivateExtension.Sequence>
               <PrivateExtension.Sequence>
                  <extId><ObjectIdentifier>0.1.214.23.54</ObjectIdentifier></extId>
                  <extType>96d2</extType>
               </PrivateExtension.Sequence>
            </Collection>
         </privateExtensionList.C0.BoxedType>
         <pcsExtensions.C1.Sequence></pcsExtensions.C1.Sequence>
      </extensionContainer.Sequence>
   </CheckIMEIArgV3.Sequence>
</ASN>