<?xml version="1.0" encoding="ISO-8859-15"?>

<ASN layer="MAP">
   <Component.Choice>
      <invoke.C1.Sequence>
         <invokeID.BoxedType><Integer>2</Integer></invokeID.BoxedType>
         <linkedID.C0.BoxedType><Integer>1</Integer></linkedID.C0.BoxedType>
         <opCode.Choice>
            <localValue.BoxedType><Long>75193656</Long></localValue.BoxedType>
            <globalValue><ObjectIdentifier>0.1.2113.46.66.7.123.118</ObjectIdentifier></globalValue>
         </opCode.Choice>
         <invokeparameter>ca78b058f0d414f2f7</invokeparameter>
      </invoke.C1.Sequence>
      <returnResultLast.C2.Sequence>
         <invokeID.BoxedType><Integer>1</Integer></invokeID.BoxedType>
         <resultretres.Sequence>
            <opCode.Choice>
               <localValue.BoxedType><Long>2767145946</Long></localValue.BoxedType>
               <globalValue><ObjectIdentifier>0.1.2107.71.48.4.62.32.95.1.53.12</ObjectIdentifier></globalValue>
            </opCode.Choice>
            <returnparameter>faa1161608fe</returnparameter>
         </resultretres.Sequence>
      </returnResultLast.C2.Sequence>
      <returnError.C3.Sequence>
         <invokeID.BoxedType><Integer>1</Integer></invokeID.BoxedType>
         <errorCode.Choice>
            <localValue.BoxedType><Long>619806720</Long></localValue.BoxedType>
            <globalValue><ObjectIdentifier>0.1.258.18.61.77.112</ObjectIdentifier></globalValue>
         </errorCode.Choice>
         <errorparameter>06028020bcf4e8</errorparameter>
      </returnError.C3.Sequence>
      <reject.C4.Sequence>
         <invokeIDRej.Choice>
            <derivable.BoxedType><Integer>1</Integer></derivable.BoxedType>
            <not_derivable></not_derivable>
         </invokeIDRej.Choice>
         <problem.Choice>
            <generalProblem.C0.BoxedType><Long>3127557045</Long></generalProblem.C0.BoxedType>
            <invokeProblem.C1.BoxedType><Long>1507629091</Long></invokeProblem.C1.BoxedType>
            <returnResultProblem.C2.BoxedType><Long>470436913</Long></returnResultProblem.C2.BoxedType>
            <returnErrorProblem.C3.BoxedType><Long>3996417941</Long></returnErrorProblem.C3.BoxedType>
         </problem.Choice>
      </reject.C4.Sequence>
   </Component.Choice>
</ASN>