<?xml version="1.0" encoding="ISO-8859-15"?>

<ASN layer="MAP">
   <CUG_Feature.Sequence>
      <basicService.Choice>
         <ext_BearerService.C2.BoxedType><Bytes>65a1390e24c2</Bytes></ext_BearerService.C2.BoxedType>
         <ext_Teleservice.C3.BoxedType><Bytes>6c000000c0
               <field name="Code" value="108" type="EnumLong" length="1"/>
               <field name="Extension data" value="000000c0" type="Binary" length="4"/>
            </Bytes></ext_Teleservice.C3.BoxedType>
      </basicService.Choice>
      <preferentialCUG_Indicator.BoxedType><Integer>1</Integer></preferentialCUG_Indicator.BoxedType>
      <interCUG_Restrictions.BoxedType><Bytes>e52aa52fa0693b6d</Bytes></interCUG_Restrictions.BoxedType>
      <extensionContainer.Sequence>
         <privateExtensionList.C0.BoxedType>
            <Collection>
               <PrivateExtension.Sequence>
                  <extId><ObjectIdentifier>0.1.23.127.58.34.25.113</ObjectIdentifier></extId>
                  <extType>7a08d6165a30154464</extType>
               </PrivateExtension.Sequence>
               <PrivateExtension.Sequence>
                  <extId><ObjectIdentifier>0.1.264.113.92.19.88</ObjectIdentifier></extId>
                  <extType>ab20d0c95717</extType>
               </PrivateExtension.Sequence>
               <PrivateExtension.Sequence>
                  <extId><ObjectIdentifier>0.1.2104.75.23.26.3.52.46</ObjectIdentifier></extId>
                  <extType>e355c1df</extType>
               </PrivateExtension.Sequence>
            </Collection>
         </privateExtensionList.C0.BoxedType>
         <pcsExtensions.C1.Sequence></pcsExtensions.C1.Sequence>
      </extensionContainer.Sequence>
   </CUG_Feature.Sequence>
</ASN>