<?xml version="1.0" encoding="ISO-8859-15"?>

<ASN layer="MAP">
   <CUG_RejectParam.Sequence>
      <cug_RejectCause.Enum>
         <EnumType>incomingCallsBarredWithinCUG.0</EnumType>
      </cug_RejectCause.Enum>
      <extensionContainer.Sequence>
         <privateExtensionList.C0.BoxedType>
            <Collection>
               <PrivateExtension.Sequence>
                  <extId><ObjectIdentifier>0.1.220.45.65.68.114</ObjectIdentifier></extId>
                  <extType>5e065cfec8c229</extType>
               </PrivateExtension.Sequence>
               <PrivateExtension.Sequence>
                  <extId><ObjectIdentifier>0.1.25.27.121.107.16.38.18.125</ObjectIdentifier></extId>
                  <extType>d415df92ae</extType>
               </PrivateExtension.Sequence>
               <PrivateExtension.Sequence>
                  <extId><ObjectIdentifier>0.1.2113.12.121.49.107.88</ObjectIdentifier></extId>
                  <extType>54eefaac0e821e4d87</extType>
               </PrivateExtension.Sequence>
            </Collection>
         </privateExtensionList.C0.BoxedType>
         <pcsExtensions.C1.Sequence></pcsExtensions.C1.Sequence>
      </extensionContainer.Sequence>
   </CUG_RejectParam.Sequence>
</ASN>