<?xml version="1.0" encoding="ISO-8859-15"?>

<ASN layer="MAP">
   <DataMissingParam.Sequence><extensionContainer.Sequence>
         <privateExtensionList.C0.BoxedType>
            <Collection>
               <PrivateExtension.Sequence>
                  <extId><ObjectIdentifier>0.1.2107.28.71.48.55</ObjectIdentifier></extId>
                  <extType>d856d8f4cb33bac1c2dc</extType>
               </PrivateExtension.Sequence>
               <PrivateExtension.Sequence>
                  <extId><ObjectIdentifier>0.1.287</ObjectIdentifier></extId>
                  <extType>bc1c900b59723dfb9d22</extType>
               </PrivateExtension.Sequence>
               <PrivateExtension.Sequence>
                  <extId><ObjectIdentifier>0.1.2107</ObjectIdentifier></extId>
                  <extType>597293a84918dd</extType>
               </PrivateExtension.Sequence>
            </Collection>
         </privateExtensionList.C0.BoxedType>
         <pcsExtensions.C1.Sequence></pcsExtensions.C1.Sequence>
      </extensionContainer.Sequence></DataMissingParam.Sequence>
</ASN>