<?xml version="1.0" encoding="ISO-8859-15"?>

<ASN layer="MAP">
   <DeactivateTraceModeArg.Sequence>
      <imsi.C0.BoxedType><Bytes>9130224428
            <field name="digits" value="1903224482" type="Number_BCD" length="10"/>
         </Bytes></imsi.C0.BoxedType>
      <traceReference.C1>10</traceReference.C1>
      <extensionContainer.C2.Sequence>
         <privateExtensionList.C0.BoxedType>
            <Collection>
               <PrivateExtension.Sequence>
                  <extId><ObjectIdentifier>0.1.235.20</ObjectIdentifier></extId>
                  <extType>0f578872</extType>
               </PrivateExtension.Sequence>
               <PrivateExtension.Sequence>
                  <extId><ObjectIdentifier>0.1.278.3.54.42</ObjectIdentifier></extId>
                  <extType>5a</extType>
               </PrivateExtension.Sequence>
               <PrivateExtension.Sequence>
                  <extId><ObjectIdentifier>0.1.231.31</ObjectIdentifier></extId>
                  <extType>1e1df05d3ad8</extType>
               </PrivateExtension.Sequence>
            </Collection>
         </privateExtensionList.C0.BoxedType>
         <pcsExtensions.C1.Sequence></pcsExtensions.C1.Sequence>
      </extensionContainer.C2.Sequence>
   </DeactivateTraceModeArg.Sequence>
</ASN>