<?xml version="1.0" encoding="ISO-8859-15"?>

<ASN layer="MAP">
   <DeactivateTraceModeRes.Sequence><extensionContainer.C0.Sequence>
         <privateExtensionList.C0.BoxedType>
            <Collection>
               <PrivateExtension.Sequence>
                  <extId><ObjectIdentifier>0.1.2116.62.68</ObjectIdentifier></extId>
                  <extType>9c8ac594d25a37a209</extType>
               </PrivateExtension.Sequence>
               <PrivateExtension.Sequence>
                  <extId><ObjectIdentifier>0.1.2</ObjectIdentifier></extId>
                  <extType>fe05e3d6587c9cb2b830</extType>
               </PrivateExtension.Sequence>
               <PrivateExtension.Sequence>
                  <extId><ObjectIdentifier>0.1.220.38</ObjectIdentifier></extId>
                  <extType>3c86</extType>
               </PrivateExtension.Sequence>
            </Collection>
         </privateExtensionList.C0.BoxedType>
         <pcsExtensions.C1.Sequence></pcsExtensions.C1.Sequence>
      </extensionContainer.C0.Sequence></DeactivateTraceModeRes.Sequence>
</ASN>