<?xml version="1.0" encoding="ISO-8859-15"?>

<ASN layer="MAP">
   <DP_AnalysedInfoCriterium.Sequence>
      <dialledNumber.BoxedType><Bytes>a95159051828
            <field name="extension" value="no extension:1" type="EnumLong" lengthBit="1"/>
            <field name="nature of address" value="national significant number:2" type="EnumLong" lengthBit="3"/>
            <field name="numbering plan" value="private numbering plan:9" type="EnumLong" lengthBit="4"/>
            <field name="digits" value="1595508182" type="Number_BCD" length="10"/>
         </Bytes></dialledNumber.BoxedType>
      <serviceKey.BoxedType><Integer>0</Integer></serviceKey.BoxedType>
      <gsmSCF_Address.BoxedType><Bytes>3f38317466f7
            <field name="extension" value="extension:0" type="EnumLong" lengthBit="1"/>
            <field name="nature of address" value="network specific number:3" type="EnumLong" lengthBit="3"/>
            <field name="numbering plan" value="reserved for extension:15" type="EnumLong" lengthBit="4"/>
            <field name="digits" value="831347667" type="Number_BCD" length="9"/>
         </Bytes></gsmSCF_Address.BoxedType>
      <defaultCallHandling.Enum>
         <EnumType>continueCall.0</EnumType>
      </defaultCallHandling.Enum>
      <extensionContainer.Sequence>
         <privateExtensionList.C0.BoxedType>
            <Collection>
               <PrivateExtension.Sequence>
                  <extId><ObjectIdentifier>0.1.238.20.9.62.54.50.60.99</ObjectIdentifier></extId>
                  <extType>eebbb8</extType>
               </PrivateExtension.Sequence>
               <PrivateExtension.Sequence>
                  <extId><ObjectIdentifier>0.1.244.34.65.62.103</ObjectIdentifier></extId>
                  <extType>eca1dbbec29e5c3716</extType>
               </PrivateExtension.Sequence>
               <PrivateExtension.Sequence>
                  <extId><ObjectIdentifier>0.1.274.36.20.47.1.39</ObjectIdentifier></extId>
                  <extType>03df23eb023b</extType>
               </PrivateExtension.Sequence>
            </Collection>
         </privateExtensionList.C0.BoxedType>
         <pcsExtensions.C1.Sequence></pcsExtensions.C1.Sequence>
      </extensionContainer.Sequence>
   </DP_AnalysedInfoCriterium.Sequence>
</ASN>