<?xml version="1.0" encoding="ISO-8859-15"?>

<ASN layer="MAP">
   <Ext_ForwFeature.Sequence>
      <basicService.Choice>
         <ext_BearerService.C2.BoxedType><Bytes>ab5d56a7</Bytes></ext_BearerService.C2.BoxedType>
         <ext_Teleservice.C3.BoxedType><Bytes>4a82993812
               <field name="Code" value="74" type="EnumLong" length="1"/>
               <field name="Extension data" value="82993812" type="Binary" length="4"/>
            </Bytes></ext_Teleservice.C3.BoxedType>
      </basicService.Choice>
      <ss_Status.C4.BoxedType><Bytes>4837</Bytes></ss_Status.C4.BoxedType>
      <forwardedToNumber.C5.BoxedType><Bytes>b18169154114
            <field name="extension" value="no extension:1" type="EnumLong" lengthBit="1"/>
            <field name="nature of address" value="network specific number:3" type="EnumLong" lengthBit="3"/>
            <field name="numbering plan" value="ISDN/Telephony Numbering Plan (Rec ITU-T E.164):1" type="EnumLong" lengthBit="4"/>
            <field name="digits" value="1896511441" type="Number_BCD" length="10"/>
         </Bytes></forwardedToNumber.C5.BoxedType>
      <forwardedToSubaddress.C8.BoxedType><Bytes>7dcd3c6d</Bytes></forwardedToSubaddress.C8.BoxedType>
      <forwardingOptions.C6.BoxedType><Bytes>03fa661ee037ea3278</Bytes></forwardingOptions.C6.BoxedType>
      <noReplyConditionTime.C7.BoxedType><Integer>0</Integer></noReplyConditionTime.C7.BoxedType>
      <extensionContainer.C9.Sequence>
         <privateExtensionList.C0.BoxedType>
            <Collection>
               <PrivateExtension.Sequence>
                  <extId><ObjectIdentifier>0.1.231.2.68</ObjectIdentifier></extId>
                  <extType>84b0e0</extType>
               </PrivateExtension.Sequence>
               <PrivateExtension.Sequence>
                  <extId><ObjectIdentifier>0.1.216.86.6.123</ObjectIdentifier></extId>
                  <extType>6ecb</extType>
               </PrivateExtension.Sequence>
               <PrivateExtension.Sequence>
                  <extId><ObjectIdentifier>0.1.2110.26.91.122.114.19.75.16</ObjectIdentifier></extId>
                  <extType>b7d19a67</extType>
               </PrivateExtension.Sequence>
            </Collection>
         </privateExtensionList.C0.BoxedType>
         <pcsExtensions.C1.Sequence></pcsExtensions.C1.Sequence>
      </extensionContainer.C9.Sequence>
      <longForwardedToNumber.C10.BoxedType><AddressString.BoxedType><Bytes>ac0121155643
               <field name="extension" value="no extension:1" type="EnumLong" lengthBit="1"/>
               <field name="nature of address" value="national significant number:2" type="EnumLong" lengthBit="3"/>
               <field name="numbering plan" value="12" type="EnumLong" lengthBit="4"/>
               <field name="digits" value="1012516534" type="Number_BCD" length="10"/>
            </Bytes></AddressString.BoxedType></longForwardedToNumber.C10.BoxedType>
   </Ext_ForwFeature.Sequence>
</ASN>