<?xml version="1.0" encoding="ISO-8859-15"?>

<ASN layer="MAP">
   <Ext_CallBarringFeature.Sequence>
      <basicService.Choice>
         <ext_BearerService.C2.BoxedType><Bytes>c0bbf271bc</Bytes></ext_BearerService.C2.BoxedType>
         <ext_Teleservice.C3.BoxedType><Bytes>cc7b42c27b
               <field name="Code" value="204" type="EnumLong" length="1"/>
               <field name="Extension data" value="7b42c27b" type="Binary" length="4"/>
            </Bytes></ext_Teleservice.C3.BoxedType>
      </basicService.Choice>
      <ss_Status.C4.BoxedType><Bytes>0137cad6667213</Bytes></ss_Status.C4.BoxedType>
      <extensionContainer.Sequence>
         <privateExtensionList.C0.BoxedType>
            <Collection>
               <PrivateExtension.Sequence>
                  <extId><ObjectIdentifier>0.1.258.65.92.88.48.38.116</ObjectIdentifier></extId>
                  <extType>feb6e961afa906ccd3</extType>
               </PrivateExtension.Sequence>
               <PrivateExtension.Sequence>
                  <extId><ObjectIdentifier>0.1.2113.73.63.75</ObjectIdentifier></extId>
                  <extType>832d1c3673e355</extType>
               </PrivateExtension.Sequence>
               <PrivateExtension.Sequence>
                  <extId><ObjectIdentifier>0.1.210.20.36.30</ObjectIdentifier></extId>
                  <extType>d3a015054e403d12</extType>
               </PrivateExtension.Sequence>
            </Collection>
         </privateExtensionList.C0.BoxedType>
         <pcsExtensions.C1.Sequence></pcsExtensions.C1.Sequence>
      </extensionContainer.Sequence>
   </Ext_CallBarringFeature.Sequence>
</ASN>