<?xml version="1.0" encoding="ISO-8859-15"?>

<ASN layer="MAP">
   <Ext_SS_Info.Choice>
      <forwardingInfo.C0.Sequence>
         <ss_Code.BoxedType><Bytes>ca08e4d91b4f</Bytes></ss_Code.BoxedType>
         <forwardingFeatureList.BoxedType>
            <Collection>
               <Ext_ForwFeature.Sequence>
                  <basicService.Choice>
                     <ext_BearerService.C2.BoxedType><Bytes>c1f121989f48346a</Bytes></ext_BearerService.C2.BoxedType>
                     <ext_Teleservice.C3.BoxedType><Bytes>91ff718e56
                           <field name="Code" value="voiceGroupCall:145" type="EnumLong" length="1"/>
                           <field name="Extension data" value="ff718e56" type="Binary" length="4"/>
                        </Bytes></ext_Teleservice.C3.BoxedType>
                  </basicService.Choice>
                  <ss_Status.C4.BoxedType><Bytes>11</Bytes></ss_Status.C4.BoxedType>
                  <forwardedToNumber.C5.BoxedType><Bytes>4e1107174290
                        <field name="extension" value="extension:0" type="EnumLong" lengthBit="1"/>
                        <field name="nature of address" value="subscriber number:4" type="EnumLong" lengthBit="3"/>
                        <field name="numbering plan" value="14" type="EnumLong" lengthBit="4"/>
                        <field name="digits" value="1170712409" type="Number_BCD" length="10"/>
                     </Bytes></forwardedToNumber.C5.BoxedType>
                  <forwardedToSubaddress.C8.BoxedType><Bytes>4319c3c508b6430fd3</Bytes></forwardedToSubaddress.C8.BoxedType>
                  <forwardingOptions.C6.BoxedType><Bytes>1d733d44ec0a2ddb</Bytes></forwardingOptions.C6.BoxedType>
                  <noReplyConditionTime.C7.BoxedType><Integer>1</Integer></noReplyConditionTime.C7.BoxedType>
                  <extensionContainer.C9.Sequence>
                     <privateExtensionList.C0.BoxedType>
                        <Collection>
                           <PrivateExtension.Sequence>
                              <extId><ObjectIdentifier>0.1.2113.79</ObjectIdentifier></extId>
                              <extType>aac68b9486</extType>
                           </PrivateExtension.Sequence>
                           <PrivateExtension.Sequence>
                              <extId><ObjectIdentifier>0.1.2114.118.25.24.9</ObjectIdentifier></extId>
                              <extType>b45e</extType>
                           </PrivateExtension.Sequence>
                           <PrivateExtension.Sequence>
                              <extId><ObjectIdentifier>0.1.245.49.111.79</ObjectIdentifier></extId>
                              <extType>c2478353f8df</extType>
                           </PrivateExtension.Sequence>
                        </Collection>
                     </privateExtensionList.C0.BoxedType>
                     <pcsExtensions.C1.Sequence></pcsExtensions.C1.Sequence>
                  </extensionContainer.C9.Sequence>
                  <longForwardedToNumber.C10.BoxedType><AddressString.BoxedType><Bytes>2e14517757f6
                           <field name="extension" value="extension:0" type="EnumLong" lengthBit="1"/>
                           <field name="nature of address" value="national significant number:2" type="EnumLong" lengthBit="3"/>
                           <field name="numbering plan" value="14" type="EnumLong" lengthBit="4"/>
                           <field name="digits" value="411577756" type="Number_BCD" length="9"/>
                        </Bytes></AddressString.BoxedType></longForwardedToNumber.C10.BoxedType>
               </Ext_ForwFeature.Sequence>
               <Ext_ForwFeature.Sequence>
                  <basicService.Choice>
                     <ext_BearerService.C2.BoxedType><Bytes>f9323d64f4cf5a98</Bytes></ext_BearerService.C2.BoxedType>
                     <ext_Teleservice.C3.BoxedType><Bytes>7ef39249d6
                           <field name="Code" value="126" type="EnumLong" length="1"/>
                           <field name="Extension data" value="f39249d6" type="Binary" length="4"/>
                        </Bytes></ext_Teleservice.C3.BoxedType>
                  </basicService.Choice>
                  <ss_Status.C4.BoxedType><Bytes>4a1e9e39</Bytes></ss_Status.C4.BoxedType>
                  <forwardedToNumber.C5.BoxedType><Bytes>564191956962
                        <field name="extension" value="extension:0" type="EnumLong" lengthBit="1"/>
                        <field name="nature of address" value="reserved:5" type="EnumLong" lengthBit="3"/>
                        <field name="numbering plan" value="land mobile numbering plan (ITU-T Rec E.212):6" type="EnumLong" lengthBit="4"/>
                        <field name="digits" value="1419599626" type="Number_BCD" length="10"/>
                     </Bytes></forwardedToNumber.C5.BoxedType>
                  <forwardedToSubaddress.C8.BoxedType><Bytes>5255ea3393f29a</Bytes></forwardedToSubaddress.C8.BoxedType>
                  <forwardingOptions.C6.BoxedType><Bytes>f79112f94d</Bytes></forwardingOptions.C6.BoxedType>
                  <noReplyConditionTime.C7.BoxedType><Integer>1</Integer></noReplyConditionTime.C7.BoxedType>
                  <extensionContainer.C9.Sequence>
                     <privateExtensionList.C0.BoxedType>
                        <Collection>
                           <PrivateExtension.Sequence>
                              <extId><ObjectIdentifier>0.1.274.94.3.68.21.13.59.87.15</ObjectIdentifier></extId>
                              <extType>61e27895</extType>
                           </PrivateExtension.Sequence>
                           <PrivateExtension.Sequence>
                              <extId><ObjectIdentifier>0.1.2</ObjectIdentifier></extId>
                              <extType>f27aa08d2458</extType>
                           </PrivateExtension.Sequence>
                           <PrivateExtension.Sequence>
                              <extId><ObjectIdentifier>0.1.246.41.99.48.73.52.127</ObjectIdentifier></extId>
                              <extType>65eca8e5b6750804b6</extType>
                           </PrivateExtension.Sequence>
                        </Collection>
                     </privateExtensionList.C0.BoxedType>
                     <pcsExtensions.C1.Sequence></pcsExtensions.C1.Sequence>
                  </extensionContainer.C9.Sequence>
                  <longForwardedToNumber.C10.BoxedType><AddressString.BoxedType><Bytes>a81161721828
                           <field name="extension" value="no extension:1" type="EnumLong" lengthBit="1"/>
                           <field name="nature of address" value="national significant number:2" type="EnumLong" lengthBit="3"/>
                           <field name="numbering plan" value="national numbering plan:8" type="EnumLong" lengthBit="4"/>
                           <field name="digits" value="1116278182" type="Number_BCD" length="10"/>
                        </Bytes></AddressString.BoxedType></longForwardedToNumber.C10.BoxedType>
               </Ext_ForwFeature.Sequence>
               <Ext_ForwFeature.Sequence>
                  <basicService.Choice>
                     <ext_BearerService.C2.BoxedType><Bytes>06b5fe6f55f79d15f932</Bytes></ext_BearerService.C2.BoxedType>
                     <ext_Teleservice.C3.BoxedType><Bytes>fd3cdda53b
                           <field name="Code" value="253" type="EnumLong" length="1"/>
                           <field name="Extension data" value="3cdda53b" type="Binary" length="4"/>
                        </Bytes></ext_Teleservice.C3.BoxedType>
                  </basicService.Choice>
                  <ss_Status.C4.BoxedType><Bytes>77e6baaa</Bytes></ss_Status.C4.BoxedType>
                  <forwardedToNumber.C5.BoxedType><Bytes>195153994774
                        <field name="extension" value="extension:0" type="EnumLong" lengthBit="1"/>
                        <field name="nature of address" value="international number:1" type="EnumLong" lengthBit="3"/>
                        <field name="numbering plan" value="private numbering plan:9" type="EnumLong" lengthBit="4"/>
                        <field name="digits" value="1535997447" type="Number_BCD" length="10"/>
                     </Bytes></forwardedToNumber.C5.BoxedType>
                  <forwardedToSubaddress.C8.BoxedType><Bytes>fd7547c288018a1b</Bytes></forwardedToSubaddress.C8.BoxedType>
                  <forwardingOptions.C6.BoxedType><Bytes>df4f6e12c0</Bytes></forwardingOptions.C6.BoxedType>
                  <noReplyConditionTime.C7.BoxedType><Integer>2</Integer></noReplyConditionTime.C7.BoxedType>
                  <extensionContainer.C9.Sequence>
                     <privateExtensionList.C0.BoxedType>
                        <Collection>
                           <PrivateExtension.Sequence>
                              <extId><ObjectIdentifier>0.1.23.111.21.79.39.15.3</ObjectIdentifier></extId>
                              <extType>85be496d6f74b7fb</extType>
                           </PrivateExtension.Sequence>
                           <PrivateExtension.Sequence>
                              <extId><ObjectIdentifier>0.1.258.125.1.5.90.58.119.26.91</ObjectIdentifier></extId>
                              <extType>628f</extType>
                           </PrivateExtension.Sequence>
                           <PrivateExtension.Sequence>
                              <extId><ObjectIdentifier>0.1.214.1.13.66.112</ObjectIdentifier></extId>
                              <extType>071438b24126</extType>
                           </PrivateExtension.Sequence>
                        </Collection>
                     </privateExtensionList.C0.BoxedType>
                     <pcsExtensions.C1.Sequence></pcsExtensions.C1.Sequence>
                  </extensionContainer.C9.Sequence>
                  <longForwardedToNumber.C10.BoxedType><AddressString.BoxedType><Bytes>9095469728f7
                           <field name="extension" value="no extension:1" type="EnumLong" lengthBit="1"/>
                           <field name="nature of address" value="international number:1" type="EnumLong" lengthBit="3"/>
                           <field name="numbering plan" value="unknown:0" type="EnumLong" lengthBit="4"/>
                           <field name="digits" value="596479827" type="Number_BCD" length="9"/>
                        </Bytes></AddressString.BoxedType></longForwardedToNumber.C10.BoxedType>
               </Ext_ForwFeature.Sequence>
            </Collection>
         </forwardingFeatureList.BoxedType>
         <extensionContainer.C0.Sequence>
            <privateExtensionList.C0.BoxedType>
               <Collection>
                  <PrivateExtension.Sequence>
                     <extId><ObjectIdentifier>0.1.253.58</ObjectIdentifier></extId>
                     <extType>1c8e64ca</extType>
                  </PrivateExtension.Sequence>
                  <PrivateExtension.Sequence>
                     <extId><ObjectIdentifier>0.1.28.86</ObjectIdentifier></extId>
                     <extType>cb2854f31894</extType>
                  </PrivateExtension.Sequence>
                  <PrivateExtension.Sequence>
                     <extId><ObjectIdentifier>0.1.267.14.115.28.91.47</ObjectIdentifier></extId>
                     <extType>ad5948f011f5</extType>
                  </PrivateExtension.Sequence>
               </Collection>
            </privateExtensionList.C0.BoxedType>
            <pcsExtensions.C1.Sequence></pcsExtensions.C1.Sequence>
         </extensionContainer.C0.Sequence>
      </forwardingInfo.C0.Sequence>
      <callBarringInfo.C1.Sequence>
         <ss_Code.BoxedType><Bytes>b18e4aab8b</Bytes></ss_Code.BoxedType>
         <callBarringFeatureList.BoxedType>
            <Collection>
               <Ext_CallBarringFeature.Sequence>
                  <basicService.Choice>
                     <ext_BearerService.C2.BoxedType><Bytes>5496</Bytes></ext_BearerService.C2.BoxedType>
                     <ext_Teleservice.C3.BoxedType><Bytes>d3000000e3
                           <field name="Code" value="plmn-specificTS-3:211" type="EnumLong" length="1"/>
                           <field name="Extension data" value="000000e3" type="Binary" length="4"/>
                        </Bytes></ext_Teleservice.C3.BoxedType>
                  </basicService.Choice>
                  <ss_Status.C4.BoxedType><Bytes>947cc41f0a9c</Bytes></ss_Status.C4.BoxedType>
                  <extensionContainer.Sequence>
                     <privateExtensionList.C0.BoxedType>
                        <Collection>
                           <PrivateExtension.Sequence>
                              <extId><ObjectIdentifier>0.1.25.79.67.127.30.35.73.102.25.83</ObjectIdentifier></extId>
                              <extType>5bce24dbace32949db</extType>
                           </PrivateExtension.Sequence>
                           <PrivateExtension.Sequence>
                              <extId><ObjectIdentifier>0.1.28</ObjectIdentifier></extId>
                              <extType>82b9d91824</extType>
                           </PrivateExtension.Sequence>
                           <PrivateExtension.Sequence>
                              <extId><ObjectIdentifier>0.1.255.110</ObjectIdentifier></extId>
                              <extType>43b8f6f9aef5</extType>
                           </PrivateExtension.Sequence>
                        </Collection>
                     </privateExtensionList.C0.BoxedType>
                     <pcsExtensions.C1.Sequence></pcsExtensions.C1.Sequence>
                  </extensionContainer.Sequence>
               </Ext_CallBarringFeature.Sequence>
               <Ext_CallBarringFeature.Sequence>
                  <basicService.Choice>
                     <ext_BearerService.C2.BoxedType><Bytes>a4bf76a7</Bytes></ext_BearerService.C2.BoxedType>
                     <ext_Teleservice.C3.BoxedType><Bytes>db0000009a
                           <field name="Code" value="plmn-specificTS-B:219" type="EnumLong" length="1"/>
                           <field name="Extension data" value="0000009a" type="Binary" length="4"/>
                        </Bytes></ext_Teleservice.C3.BoxedType>
                  </basicService.Choice>
                  <ss_Status.C4.BoxedType><Bytes>df</Bytes></ss_Status.C4.BoxedType>
                  <extensionContainer.Sequence>
                     <privateExtensionList.C0.BoxedType>
                        <Collection>
                           <PrivateExtension.Sequence>
                              <extId><ObjectIdentifier>0.1.252.110.6</ObjectIdentifier></extId>
                              <extType>4d</extType>
                           </PrivateExtension.Sequence>
                           <PrivateExtension.Sequence>
                              <extId><ObjectIdentifier>0.1.281</ObjectIdentifier></extId>
                              <extType>6bda6c98c33e</extType>
                           </PrivateExtension.Sequence>
                           <PrivateExtension.Sequence>
                              <extId><ObjectIdentifier>0.1.272.10.86.122.80.48</ObjectIdentifier></extId>
                              <extType>40d23a759c3147</extType>
                           </PrivateExtension.Sequence>
                        </Collection>
                     </privateExtensionList.C0.BoxedType>
                     <pcsExtensions.C1.Sequence></pcsExtensions.C1.Sequence>
                  </extensionContainer.Sequence>
               </Ext_CallBarringFeature.Sequence>
               <Ext_CallBarringFeature.Sequence>
                  <basicService.Choice>
                     <ext_BearerService.C2.BoxedType><Bytes>a2</Bytes></ext_BearerService.C2.BoxedType>
                     <ext_Teleservice.C3.BoxedType><Bytes>6762676e9d
                           <field name="Code" value="103" type="EnumLong" length="1"/>
                           <field name="Extension data" value="62676e9d" type="Binary" length="4"/>
                        </Bytes></ext_Teleservice.C3.BoxedType>
                  </basicService.Choice>
                  <ss_Status.C4.BoxedType><Bytes>0f04940b</Bytes></ss_Status.C4.BoxedType>
                  <extensionContainer.Sequence>
                     <privateExtensionList.C0.BoxedType>
                        <Collection>
                           <PrivateExtension.Sequence>
                              <extId><ObjectIdentifier>0.1.277.22.21.58.73.52.74.97.83.12</ObjectIdentifier></extId>
                              <extType>435db5745cf47c99</extType>
                           </PrivateExtension.Sequence>
                           <PrivateExtension.Sequence>
                              <extId><ObjectIdentifier>0.1.2107.66</ObjectIdentifier></extId>
                              <extType>0252124d</extType>
                           </PrivateExtension.Sequence>
                           <PrivateExtension.Sequence>
                              <extId><ObjectIdentifier>0.1.264.110.15</ObjectIdentifier></extId>
                              <extType>9e93ae2d</extType>
                           </PrivateExtension.Sequence>
                        </Collection>
                     </privateExtensionList.C0.BoxedType>
                     <pcsExtensions.C1.Sequence></pcsExtensions.C1.Sequence>
                  </extensionContainer.Sequence>
               </Ext_CallBarringFeature.Sequence>
            </Collection>
         </callBarringFeatureList.BoxedType>
         <extensionContainer.Sequence>
            <privateExtensionList.C0.BoxedType>
               <Collection>
                  <PrivateExtension.Sequence>
                     <extId><ObjectIdentifier>0.1.2120.34.36.95.102.52.66.32</ObjectIdentifier></extId>
                     <extType>9441</extType>
                  </PrivateExtension.Sequence>
                  <PrivateExtension.Sequence>
                     <extId><ObjectIdentifier>0.1.21.13.56.13.71.104.117</ObjectIdentifier></extId>
                     <extType>461c3b2ca3</extType>
                  </PrivateExtension.Sequence>
                  <PrivateExtension.Sequence>
                     <extId><ObjectIdentifier>0.1.260.51.55.31.13.65.93.48.18</ObjectIdentifier></extId>
                     <extType>c5b618b65e88c750</extType>
                  </PrivateExtension.Sequence>
               </Collection>
            </privateExtensionList.C0.BoxedType>
            <pcsExtensions.C1.Sequence></pcsExtensions.C1.Sequence>
         </extensionContainer.Sequence>
      </callBarringInfo.C1.Sequence>
      <cug_Info.C2.Sequence>
         <cug_SubscriptionList.BoxedType>
            <Collection>
               <CUG_Subscription.Sequence>
                  <cug_Index.BoxedType><Integer>1</Integer></cug_Index.BoxedType>
                  <cug_Interlock.BoxedType><Bytes>fc8a5c5a3bf8630112</Bytes></cug_Interlock.BoxedType>
                  <intraCUG_Options.Enum>
                     <EnumType>cugOG_CallBarred.2</EnumType>
                  </intraCUG_Options.Enum>
                  <basicServiceGroupList.BoxedType>
                     <Collection>
                        <Ext_BasicServiceCode.Choice>
                           <ext_BearerService.C2.BoxedType><Bytes>8ae2</Bytes></ext_BearerService.C2.BoxedType>
                           <ext_Teleservice.C3.BoxedType><Bytes>c3a3918d26
                                 <field name="Code" value="195" type="EnumLong" length="1"/>
                                 <field name="Extension data" value="a3918d26" type="Binary" length="4"/>
                              </Bytes></ext_Teleservice.C3.BoxedType>
                        </Ext_BasicServiceCode.Choice>
                        <Ext_BasicServiceCode.Choice>
                           <ext_BearerService.C2.BoxedType><Bytes>470548bcfbf6</Bytes></ext_BearerService.C2.BoxedType>
                           <ext_Teleservice.C3.BoxedType><Bytes>1d1bf424b5
                                 <field name="Code" value="29" type="EnumLong" length="1"/>
                                 <field name="Extension data" value="1bf424b5" type="Binary" length="4"/>
                              </Bytes></ext_Teleservice.C3.BoxedType>
                        </Ext_BasicServiceCode.Choice>
                        <Ext_BasicServiceCode.Choice>
                           <ext_BearerService.C2.BoxedType><Bytes>a9114a3ebda4</Bytes></ext_BearerService.C2.BoxedType>
                           <ext_Teleservice.C3.BoxedType><Bytes>6f8cb59eec
                                 <field name="Code" value="111" type="EnumLong" length="1"/>
                                 <field name="Extension data" value="8cb59eec" type="Binary" length="4"/>
                              </Bytes></ext_Teleservice.C3.BoxedType>
                        </Ext_BasicServiceCode.Choice>
                     </Collection>
                  </basicServiceGroupList.BoxedType>
                  <extensionContainer.C0.Sequence>
                     <privateExtensionList.C0.BoxedType>
                        <Collection>
                           <PrivateExtension.Sequence>
                              <extId><ObjectIdentifier>0.1.2107</ObjectIdentifier></extId>
                              <extType>647f6b1efd9386b3cf</extType>
                           </PrivateExtension.Sequence>
                           <PrivateExtension.Sequence>
                              <extId><ObjectIdentifier>0.1.26.21.77.116.52.66.87.84.65</ObjectIdentifier></extId>
                              <extType>7088ab23</extType>
                           </PrivateExtension.Sequence>
                           <PrivateExtension.Sequence>
                              <extId><ObjectIdentifier>0.1.238.83.36.52.113.103</ObjectIdentifier></extId>
                              <extType>a258e71a</extType>
                           </PrivateExtension.Sequence>
                        </Collection>
                     </privateExtensionList.C0.BoxedType>
                     <pcsExtensions.C1.Sequence></pcsExtensions.C1.Sequence>
                  </extensionContainer.C0.Sequence>
               </CUG_Subscription.Sequence>
               <CUG_Subscription.Sequence>
                  <cug_Index.BoxedType><Integer>1</Integer></cug_Index.BoxedType>
                  <cug_Interlock.BoxedType><Bytes>16f4daa89e884d24</Bytes></cug_Interlock.BoxedType>
                  <intraCUG_Options.Enum>
                     <EnumType>cugIC_CallBarred.1</EnumType>
                  </intraCUG_Options.Enum>
                  <basicServiceGroupList.BoxedType>
                     <Collection>
                        <Ext_BasicServiceCode.Choice>
                           <ext_BearerService.C2.BoxedType><Bytes>efb63d</Bytes></ext_BearerService.C2.BoxedType>
                           <ext_Teleservice.C3.BoxedType><Bytes>8c00930b55
                                 <field name="Code" value="140" type="EnumLong" length="1"/>
                                 <field name="Extension data" value="00930b55" type="Binary" length="4"/>
                              </Bytes></ext_Teleservice.C3.BoxedType>
                        </Ext_BasicServiceCode.Choice>
                        <Ext_BasicServiceCode.Choice>
                           <ext_BearerService.C2.BoxedType><Bytes>01d59083</Bytes></ext_BearerService.C2.BoxedType>
                           <ext_Teleservice.C3.BoxedType><Bytes>c057d9f612
                                 <field name="Code" value="192" type="EnumLong" length="1"/>
                                 <field name="Extension data" value="57d9f612" type="Binary" length="4"/>
                              </Bytes></ext_Teleservice.C3.BoxedType>
                        </Ext_BasicServiceCode.Choice>
                        <Ext_BasicServiceCode.Choice>
                           <ext_BearerService.C2.BoxedType><Bytes>727d</Bytes></ext_BearerService.C2.BoxedType>
                           <ext_Teleservice.C3.BoxedType><Bytes>da0075d61f
                                 <field name="Code" value="plmn-specificTS-A:218" type="EnumLong" length="1"/>
                                 <field name="Extension data" value="0075d61f" type="Binary" length="4"/>
                              </Bytes></ext_Teleservice.C3.BoxedType>
                        </Ext_BasicServiceCode.Choice>
                     </Collection>
                  </basicServiceGroupList.BoxedType>
                  <extensionContainer.C0.Sequence>
                     <privateExtensionList.C0.BoxedType>
                        <Collection>
                           <PrivateExtension.Sequence>
                              <extId><ObjectIdentifier>0.1.284.122.100.104.88.121.111.106.69</ObjectIdentifier></extId>
                              <extType>a86eaf2b00fb5200</extType>
                           </PrivateExtension.Sequence>
                           <PrivateExtension.Sequence>
                              <extId><ObjectIdentifier>0.1.247.73.7.106.66.83</ObjectIdentifier></extId>
                              <extType>0b6ff8854f4e</extType>
                           </PrivateExtension.Sequence>
                           <PrivateExtension.Sequence>
                              <extId><ObjectIdentifier>0.1.2114.122.101.23.88.68.9.20.77.92</ObjectIdentifier></extId>
                              <extType>a1f97facfe48f105c0</extType>
                           </PrivateExtension.Sequence>
                        </Collection>
                     </privateExtensionList.C0.BoxedType>
                     <pcsExtensions.C1.Sequence></pcsExtensions.C1.Sequence>
                  </extensionContainer.C0.Sequence>
               </CUG_Subscription.Sequence>
               <CUG_Subscription.Sequence>
                  <cug_Index.BoxedType><Integer>0</Integer></cug_Index.BoxedType>
                  <cug_Interlock.BoxedType><Bytes>27439e392cff</Bytes></cug_Interlock.BoxedType>
                  <intraCUG_Options.Enum>
                     <EnumType>cugOG_CallBarred.2</EnumType>
                  </intraCUG_Options.Enum>
                  <basicServiceGroupList.BoxedType>
                     <Collection>
                        <Ext_BasicServiceCode.Choice>
                           <ext_BearerService.C2.BoxedType><Bytes>0ff2320fc3</Bytes></ext_BearerService.C2.BoxedType>
                           <ext_Teleservice.C3.BoxedType><Bytes>61c72a9cfb
                                 <field name="Code" value="97" type="EnumLong" length="1"/>
                                 <field name="Extension data" value="c72a9cfb" type="Binary" length="4"/>
                              </Bytes></ext_Teleservice.C3.BoxedType>
                        </Ext_BasicServiceCode.Choice>
                        <Ext_BasicServiceCode.Choice>
                           <ext_BearerService.C2.BoxedType><Bytes>06ec75491459cd94</Bytes></ext_BearerService.C2.BoxedType>
                           <ext_Teleservice.C3.BoxedType><Bytes>bd6214765a
                                 <field name="Code" value="189" type="EnumLong" length="1"/>
                                 <field name="Extension data" value="6214765a" type="Binary" length="4"/>
                              </Bytes></ext_Teleservice.C3.BoxedType>
                        </Ext_BasicServiceCode.Choice>
                        <Ext_BasicServiceCode.Choice>
                           <ext_BearerService.C2.BoxedType><Bytes>729e914b603c</Bytes></ext_BearerService.C2.BoxedType>
                           <ext_Teleservice.C3.BoxedType><Bytes>0f3138648e
                                 <field name="Code" value="15" type="EnumLong" length="1"/>
                                 <field name="Extension data" value="3138648e" type="Binary" length="4"/>
                              </Bytes></ext_Teleservice.C3.BoxedType>
                        </Ext_BasicServiceCode.Choice>
                     </Collection>
                  </basicServiceGroupList.BoxedType>
                  <extensionContainer.C0.Sequence>
                     <privateExtensionList.C0.BoxedType>
                        <Collection>
                           <PrivateExtension.Sequence>
                              <extId><ObjectIdentifier>0.1.2118.61.34.40.15.55</ObjectIdentifier></extId>
                              <extType>9895c97ea964</extType>
                           </PrivateExtension.Sequence>
                           <PrivateExtension.Sequence>
                              <extId><ObjectIdentifier>0.1.223.79.87.65.60.90.121.89.105.26</ObjectIdentifier></extId>
                              <extType>0a47ed01d4730f</extType>
                           </PrivateExtension.Sequence>
                           <PrivateExtension.Sequence>
                              <extId><ObjectIdentifier>0.1.254.40.98.7.17.118.19.99.8.74</ObjectIdentifier></extId>
                              <extType>2af9</extType>
                           </PrivateExtension.Sequence>
                        </Collection>
                     </privateExtensionList.C0.BoxedType>
                     <pcsExtensions.C1.Sequence></pcsExtensions.C1.Sequence>
                  </extensionContainer.C0.Sequence>
               </CUG_Subscription.Sequence>
            </Collection>
         </cug_SubscriptionList.BoxedType>
         <cug_FeatureList.BoxedType>
            <Collection>
               <CUG_Feature.Sequence>
                  <basicService.Choice>
                     <ext_BearerService.C2.BoxedType><Bytes>2c78cb0c52</Bytes></ext_BearerService.C2.BoxedType>
                     <ext_Teleservice.C3.BoxedType><Bytes>6aa23c7c6b
                           <field name="Code" value="106" type="EnumLong" length="1"/>
                           <field name="Extension data" value="a23c7c6b" type="Binary" length="4"/>
                        </Bytes></ext_Teleservice.C3.BoxedType>
                  </basicService.Choice>
                  <preferentialCUG_Indicator.BoxedType><Integer>1</Integer></preferentialCUG_Indicator.BoxedType>
                  <interCUG_Restrictions.BoxedType><Bytes>6100021edfa2f25dc8</Bytes></interCUG_Restrictions.BoxedType>
                  <extensionContainer.Sequence>
                     <privateExtensionList.C0.BoxedType>
                        <Collection>
                           <PrivateExtension.Sequence>
                              <extId><ObjectIdentifier>0.1.279.23.92.18.75.16.44.61.111.28</ObjectIdentifier></extId>
                              <extType>0547837ab6f2c70060</extType>
                           </PrivateExtension.Sequence>
                           <PrivateExtension.Sequence>
                              <extId><ObjectIdentifier>0.1.252.57.99.120.39.110</ObjectIdentifier></extId>
                              <extType>ff57ee</extType>
                           </PrivateExtension.Sequence>
                           <PrivateExtension.Sequence>
                              <extId><ObjectIdentifier>0.1.282.28.50.37.74</ObjectIdentifier></extId>
                              <extType>f115a9c1f2</extType>
                           </PrivateExtension.Sequence>
                        </Collection>
                     </privateExtensionList.C0.BoxedType>
                     <pcsExtensions.C1.Sequence></pcsExtensions.C1.Sequence>
                  </extensionContainer.Sequence>
               </CUG_Feature.Sequence>
               <CUG_Feature.Sequence>
                  <basicService.Choice>
                     <ext_BearerService.C2.BoxedType><Bytes>037b7bd99f0c56</Bytes></ext_BearerService.C2.BoxedType>
                     <ext_Teleservice.C3.BoxedType><Bytes>35d924f0e4
                           <field name="Code" value="53" type="EnumLong" length="1"/>
                           <field name="Extension data" value="d924f0e4" type="Binary" length="4"/>
                        </Bytes></ext_Teleservice.C3.BoxedType>
                  </basicService.Choice>
                  <preferentialCUG_Indicator.BoxedType><Integer>2</Integer></preferentialCUG_Indicator.BoxedType>
                  <interCUG_Restrictions.BoxedType><Bytes>d3c0d12d67</Bytes></interCUG_Restrictions.BoxedType>
                  <extensionContainer.Sequence>
                     <privateExtensionList.C0.BoxedType>
                        <Collection>
                           <PrivateExtension.Sequence>
                              <extId><ObjectIdentifier>0.1.254.104.101.96.75.18.103.43.99</ObjectIdentifier></extId>
                              <extType>78a37a</extType>
                           </PrivateExtension.Sequence>
                           <PrivateExtension.Sequence>
                              <extId><ObjectIdentifier>0.1.27.43.10.114.44.101.71.90</ObjectIdentifier></extId>
                              <extType>e71d</extType>
                           </PrivateExtension.Sequence>
                           <PrivateExtension.Sequence>
                              <extId><ObjectIdentifier>0.1.2</ObjectIdentifier></extId>
                              <extType>02399611</extType>
                           </PrivateExtension.Sequence>
                        </Collection>
                     </privateExtensionList.C0.BoxedType>
                     <pcsExtensions.C1.Sequence></pcsExtensions.C1.Sequence>
                  </extensionContainer.Sequence>
               </CUG_Feature.Sequence>
               <CUG_Feature.Sequence>
                  <basicService.Choice>
                     <ext_BearerService.C2.BoxedType><Bytes>2a28f432a16b1b631f</Bytes></ext_BearerService.C2.BoxedType>
                     <ext_Teleservice.C3.BoxedType><Bytes>1000003997
                           <field name="Code" value="allSpeechTransmissionServices:16" type="EnumLong" length="1"/>
                           <field name="Extension data" value="00003997" type="Binary" length="4"/>
                        </Bytes></ext_Teleservice.C3.BoxedType>
                  </basicService.Choice>
                  <preferentialCUG_Indicator.BoxedType><Integer>1</Integer></preferentialCUG_Indicator.BoxedType>
                  <interCUG_Restrictions.BoxedType><Bytes>79705ba973f964</Bytes></interCUG_Restrictions.BoxedType>
                  <extensionContainer.Sequence>
                     <privateExtensionList.C0.BoxedType>
                        <Collection>
                           <PrivateExtension.Sequence>
                              <extId><ObjectIdentifier>0.1.231.19</ObjectIdentifier></extId>
                              <extType>d42efb7061a9ab988f</extType>
                           </PrivateExtension.Sequence>
                           <PrivateExtension.Sequence>
                              <extId><ObjectIdentifier>0.1.2103.6.84.125.5.18.31.36.56.48</ObjectIdentifier></extId>
                              <extType>da719a69</extType>
                           </PrivateExtension.Sequence>
                           <PrivateExtension.Sequence>
                              <extId><ObjectIdentifier>0.1.26</ObjectIdentifier></extId>
                              <extType>00ac3ac0f7dd</extType>
                           </PrivateExtension.Sequence>
                        </Collection>
                     </privateExtensionList.C0.BoxedType>
                     <pcsExtensions.C1.Sequence></pcsExtensions.C1.Sequence>
                  </extensionContainer.Sequence>
               </CUG_Feature.Sequence>
            </Collection>
         </cug_FeatureList.BoxedType>
         <extensionContainer.C0.Sequence>
            <privateExtensionList.C0.BoxedType>
               <Collection>
                  <PrivateExtension.Sequence>
                     <extId><ObjectIdentifier>0.1.295.48.43.25.109.62.21.94</ObjectIdentifier></extId>
                     <extType>a670d847ee18a0748353</extType>
                  </PrivateExtension.Sequence>
                  <PrivateExtension.Sequence>
                     <extId><ObjectIdentifier>0.1.221.44.15.42.76.119.20.58.102</ObjectIdentifier></extId>
                     <extType>4cd9de74910a5f91b0</extType>
                  </PrivateExtension.Sequence>
                  <PrivateExtension.Sequence>
                     <extId><ObjectIdentifier>0.1.2117.91.46.69.85.5.37</ObjectIdentifier></extId>
                     <extType>8f</extType>
                  </PrivateExtension.Sequence>
               </Collection>
            </privateExtensionList.C0.BoxedType>
            <pcsExtensions.C1.Sequence></pcsExtensions.C1.Sequence>
         </extensionContainer.C0.Sequence>
      </cug_Info.C2.Sequence>
      <ss_Data.C3.Sequence>
         <ss_Code.BoxedType><Bytes>d7dc19</Bytes></ss_Code.BoxedType>
         <ss_Status.C4.BoxedType><Bytes>bb9a812166fb</Bytes></ss_Status.C4.BoxedType>
         <ss_SubscriptionOption.Choice>
            <cliRestrictionOption.C2.Enum>
               <EnumType>temporaryDefaultAllowed.2</EnumType>
            </cliRestrictionOption.C2.Enum>
            <overrideCategory.C1.Enum>
               <EnumType>overrideEnabled.0</EnumType>
            </overrideCategory.C1.Enum>
         </ss_SubscriptionOption.Choice>
         <basicServiceGroupList.BoxedType>
            <Collection>
               <Ext_BasicServiceCode.Choice>
                  <ext_BearerService.C2.BoxedType><Bytes>9d21d775701ea929</Bytes></ext_BearerService.C2.BoxedType>
                  <ext_Teleservice.C3.BoxedType><Bytes>30000000d2
                        <field name="Code" value="allFacsimileTransmissionServices:48" type="EnumLong" length="1"/>
                        <field name="Extension data" value="000000d2" type="Binary" length="4"/>
                     </Bytes></ext_Teleservice.C3.BoxedType>
               </Ext_BasicServiceCode.Choice>
               <Ext_BasicServiceCode.Choice>
                  <ext_BearerService.C2.BoxedType><Bytes>38a83604fff345</Bytes></ext_BearerService.C2.BoxedType>
                  <ext_Teleservice.C3.BoxedType><Bytes>fa0000c85c
                        <field name="Code" value="250" type="EnumLong" length="1"/>
                        <field name="Extension data" value="0000c85c" type="Binary" length="4"/>
                     </Bytes></ext_Teleservice.C3.BoxedType>
               </Ext_BasicServiceCode.Choice>
               <Ext_BasicServiceCode.Choice>
                  <ext_BearerService.C2.BoxedType><Bytes>fc4060b1f27683</Bytes></ext_BearerService.C2.BoxedType>
                  <ext_Teleservice.C3.BoxedType><Bytes>c4909e813a
                        <field name="Code" value="196" type="EnumLong" length="1"/>
                        <field name="Extension data" value="909e813a" type="Binary" length="4"/>
                     </Bytes></ext_Teleservice.C3.BoxedType>
               </Ext_BasicServiceCode.Choice>
            </Collection>
         </basicServiceGroupList.BoxedType>
         <extensionContainer.C5.Sequence>
            <privateExtensionList.C0.BoxedType>
               <Collection>
                  <PrivateExtension.Sequence>
                     <extId><ObjectIdentifier>0.1.2105.8.88.83.27.118.82</ObjectIdentifier></extId>
                     <extType>1367</extType>
                  </PrivateExtension.Sequence>
                  <PrivateExtension.Sequence>
                     <extId><ObjectIdentifier>0.1.281</ObjectIdentifier></extId>
                     <extType>5fa7315d</extType>
                  </PrivateExtension.Sequence>
                  <PrivateExtension.Sequence>
                     <extId><ObjectIdentifier>0.1.270</ObjectIdentifier></extId>
                     <extType>b068d5900a86</extType>
                  </PrivateExtension.Sequence>
               </Collection>
            </privateExtensionList.C0.BoxedType>
            <pcsExtensions.C1.Sequence></pcsExtensions.C1.Sequence>
         </extensionContainer.C5.Sequence>
      </ss_Data.C3.Sequence>
      <emlpp_Info.C4.Sequence>
         <maximumentitledPriority.BoxedType><Integer>1</Integer></maximumentitledPriority.BoxedType>
         <defaultPriority.BoxedType><Integer>1</Integer></defaultPriority.BoxedType>
         <extensionContainer.Sequence>
            <privateExtensionList.C0.BoxedType>
               <Collection>
                  <PrivateExtension.Sequence>
                     <extId><ObjectIdentifier>0.1.218.15.126</ObjectIdentifier></extId>
                     <extType>77a970ab5711e5</extType>
                  </PrivateExtension.Sequence>
                  <PrivateExtension.Sequence>
                     <extId><ObjectIdentifier>0.1.260</ObjectIdentifier></extId>
                     <extType>c5a3a821a7894ff2</extType>
                  </PrivateExtension.Sequence>
                  <PrivateExtension.Sequence>
                     <extId><ObjectIdentifier>0.1.2</ObjectIdentifier></extId>
                     <extType>cb</extType>
                  </PrivateExtension.Sequence>
               </Collection>
            </privateExtensionList.C0.BoxedType>
            <pcsExtensions.C1.Sequence></pcsExtensions.C1.Sequence>
         </extensionContainer.Sequence>
      </emlpp_Info.C4.Sequence>
   </Ext_SS_Info.Choice>
</ASN>