<?xml version="1.0" encoding="ISO-8859-15"?>

<ASN layer="MAP">
   <ExternalClient.Sequence>
      <clientIdentity.Sequence>
         <externalAddress.C0.BoxedType><Bytes>1a9119752369
               <field name="extension" value="extension:0" type="EnumLong" lengthBit="1"/>
               <field name="nature of address" value="international number:1" type="EnumLong" lengthBit="3"/>
               <field name="numbering plan" value="10" type="EnumLong" lengthBit="4"/>
               <field name="digits" value="1991573296" type="Number_BCD" length="10"/>
            </Bytes></externalAddress.C0.BoxedType>
         <extensionContainer.C1.Sequence>
            <privateExtensionList.C0.BoxedType>
               <Collection>
                  <PrivateExtension.Sequence>
                     <extId><ObjectIdentifier>0.1.255</ObjectIdentifier></extId>
                     <extType>6802691473e6d61566a9</extType>
                  </PrivateExtension.Sequence>
                  <PrivateExtension.Sequence>
                     <extId><ObjectIdentifier>0.1.2102.57.88</ObjectIdentifier></extId>
                     <extType>3f6010</extType>
                  </PrivateExtension.Sequence>
                  <PrivateExtension.Sequence>
                     <extId><ObjectIdentifier>0.1.287.114.4</ObjectIdentifier></extId>
                     <extType>36344344b3a22672</extType>
                  </PrivateExtension.Sequence>
               </Collection>
            </privateExtensionList.C0.BoxedType>
            <pcsExtensions.C1.Sequence></pcsExtensions.C1.Sequence>
         </extensionContainer.C1.Sequence>
      </clientIdentity.Sequence>
      <gmlc_Restriction.C0.Enum>
         <EnumType>home_Country.1</EnumType>
      </gmlc_Restriction.C0.Enum>
      <notificationToMSUser.C1.Enum>
         <EnumType>notifyAndVerify_LocationAllowedIfNoResponse.1</EnumType>
      </notificationToMSUser.C1.Enum>
      <extensionContainer.C2.Sequence>
         <privateExtensionList.C0.BoxedType>
            <Collection>
               <PrivateExtension.Sequence>
                  <extId><ObjectIdentifier>0.1.284.70.110.22.47.124.119.74.88.112</ObjectIdentifier></extId>
                  <extType>236753e5</extType>
               </PrivateExtension.Sequence>
               <PrivateExtension.Sequence>
                  <extId><ObjectIdentifier>0.1.2121.15.89.124.127</ObjectIdentifier></extId>
                  <extType>cecf96fe17589a</extType>
               </PrivateExtension.Sequence>
               <PrivateExtension.Sequence>
                  <extId><ObjectIdentifier>0.1.287.94.73.92.100.81.0.11.81.59</ObjectIdentifier></extId>
                  <extType>c485f618</extType>
               </PrivateExtension.Sequence>
            </Collection>
         </privateExtensionList.C0.BoxedType>
         <pcsExtensions.C1.Sequence></pcsExtensions.C1.Sequence>
      </extensionContainer.C2.Sequence>
   </ExternalClient.Sequence>
</ASN>