<?xml version="1.0" encoding="ISO-8859-15"?>

<ASN layer="MAP">
   <FacilityNotSupParam.Sequence><extensionContainer.Sequence>
         <privateExtensionList.C0.BoxedType>
            <Collection>
               <PrivateExtension.Sequence>
                  <extId><ObjectIdentifier>0.1.2</ObjectIdentifier></extId>
                  <extType>19786bc0e0bc8e</extType>
               </PrivateExtension.Sequence>
               <PrivateExtension.Sequence>
                  <extId><ObjectIdentifier>0.1.216.96.19.102.53.124</ObjectIdentifier></extId>
                  <extType>f45942a2a20bd1b3</extType>
               </PrivateExtension.Sequence>
               <PrivateExtension.Sequence>
                  <extId><ObjectIdentifier>0.1.220.125.123.43.90.89.85.111</ObjectIdentifier></extId>
                  <extType>522d3a46</extType>
               </PrivateExtension.Sequence>
            </Collection>
         </privateExtensionList.C0.BoxedType>
         <pcsExtensions.C1.Sequence></pcsExtensions.C1.Sequence>
      </extensionContainer.Sequence></FacilityNotSupParam.Sequence>
</ASN>