<?xml version="1.0" encoding="ISO-8859-15"?>

<ASN layer="MAP">
   <FailureReportArg.Sequence>
      <imsi.C0.BoxedType><Bytes>2123041053
            <field name="digits" value="1232400135" type="Number_BCD" length="10"/>
         </Bytes></imsi.C0.BoxedType>
      <ggsn_Number.C1.BoxedType><Bytes>f10182858548
            <field name="extension" value="no extension:1" type="EnumLong" lengthBit="1"/>
            <field name="nature of address" value="reserved for extension:7" type="EnumLong" lengthBit="3"/>
            <field name="numbering plan" value="ISDN/Telephony Numbering Plan (Rec ITU-T E.164):1" type="EnumLong" lengthBit="4"/>
            <field name="digits" value="1028585884" type="Number_BCD" length="10"/>
         </Bytes></ggsn_Number.C1.BoxedType>
      <ggsn_Address.C2.BoxedType><Bytes>cbdbea00a9
            <field name="Address type" value="3" type="EnumLong" lengthBit="2"/>
            <field name="AddressLength" value="11" type="Integer" lengthBit="6"/>
            <field name="IPV4 address" value="219.234.0.169" type="IPV4Address" length="4"/>
         </Bytes></ggsn_Address.C2.BoxedType>
      <extensionContainer.C3.Sequence>
         <privateExtensionList.C0.BoxedType>
            <Collection>
               <PrivateExtension.Sequence>
                  <extId><ObjectIdentifier>0.1.212</ObjectIdentifier></extId>
                  <extType>4ec474</extType>
               </PrivateExtension.Sequence>
               <PrivateExtension.Sequence>
                  <extId><ObjectIdentifier>0.1.2114.46.102.42.70.8.32.99</ObjectIdentifier></extId>
                  <extType>0807</extType>
               </PrivateExtension.Sequence>
               <PrivateExtension.Sequence>
                  <extId><ObjectIdentifier>0.1.297.102.112.57.119</ObjectIdentifier></extId>
                  <extType>aec809403336</extType>
               </PrivateExtension.Sequence>
            </Collection>
         </privateExtensionList.C0.BoxedType>
         <pcsExtensions.C1.Sequence></pcsExtensions.C1.Sequence>
      </extensionContainer.C3.Sequence>
   </FailureReportArg.Sequence>
</ASN>