<?xml version="1.0" encoding="ISO-8859-15"?>

<ASN layer="MAP">
   <FailureReportRes.Sequence>
      <ggsn_Address.C0.BoxedType><Bytes>561f76ef9f
            <field name="Address type" value="IPV6:1" type="EnumLong" lengthBit="2"/>
            <field name="AddressLength" value="22" type="Integer" lengthBit="6"/>
            <field name="IPV4 address" value="31.118.239.159" type="IPV4Address" length="4"/>
         </Bytes></ggsn_Address.C0.BoxedType>
      <extensionContainer.C1.Sequence>
         <privateExtensionList.C0.BoxedType>
            <Collection>
               <PrivateExtension.Sequence>
                  <extId><ObjectIdentifier>0.1.273.48.105.27.56.12.62.113</ObjectIdentifier></extId>
                  <extType>075a21441e</extType>
               </PrivateExtension.Sequence>
               <PrivateExtension.Sequence>
                  <extId><ObjectIdentifier>0.1.289.77.18.17.11.107.78.5</ObjectIdentifier></extId>
                  <extType>92ee54a0</extType>
               </PrivateExtension.Sequence>
               <PrivateExtension.Sequence>
                  <extId><ObjectIdentifier>0.1.271.125</ObjectIdentifier></extId>
                  <extType>fad310</extType>
               </PrivateExtension.Sequence>
            </Collection>
         </privateExtensionList.C0.BoxedType>
         <pcsExtensions.C1.Sequence></pcsExtensions.C1.Sequence>
      </extensionContainer.C1.Sequence>
   </FailureReportRes.Sequence>
</ASN>