<?xml version="1.0" encoding="ISO-8859-15"?>

<ASN layer="MAP">
   <ForwardAccessSignallingArgV3.BoxedType><ForwardAccessSignallingArgV3SequenceType.C3.Sequence>
         <an_APDU.Sequence>
            <accessNetworkProtocolId.Enum>
               <EnumType>ts3G_25413.2</EnumType>
            </accessNetworkProtocolId.Enum>
            <signalInfo.BoxedType><Bytes>72dab4</Bytes></signalInfo.BoxedType>
            <extensionContainer.Sequence>
               <privateExtensionList.C0.BoxedType>
                  <Collection>
                     <PrivateExtension.Sequence>
                        <extId><ObjectIdentifier>0.1.2</ObjectIdentifier></extId>
                        <extType>1e5bc9</extType>
                     </PrivateExtension.Sequence>
                     <PrivateExtension.Sequence>
                        <extId><ObjectIdentifier>0.1.225.107.89.20</ObjectIdentifier></extId>
                        <extType>8f299b007ca5b937</extType>
                     </PrivateExtension.Sequence>
                     <PrivateExtension.Sequence>
                        <extId><ObjectIdentifier>0.1.240.55.111.4</ObjectIdentifier></extId>
                        <extType>2c7ab53f54b537</extType>
                     </PrivateExtension.Sequence>
                  </Collection>
               </privateExtensionList.C0.BoxedType>
               <pcsExtensions.C1.Sequence></pcsExtensions.C1.Sequence>
            </extensionContainer.Sequence>
         </an_APDU.Sequence>
         <integrityProtectionInfo.C0.BoxedType><Bytes>d19d</Bytes></integrityProtectionInfo.C0.BoxedType>
         <encryptionInfo.C1.BoxedType><Bytes>d9c64e78c114f3323b79</Bytes></encryptionInfo.C1.BoxedType>
         <keyStatus.C2.Enum>
            <EnumType>new1.1</EnumType>
         </keyStatus.C2.Enum>
         <allowedGSM_Algorithms.C4.BoxedType><Bytes>09</Bytes></allowedGSM_Algorithms.C4.BoxedType>
         <allowedUMTS_Algorithms.C5.Sequence>
            <integrityProtectionAlgorithms.C0.BoxedType><Bytes>7205821c89</Bytes></integrityProtectionAlgorithms.C0.BoxedType>
            <encryptionAlgorithms.C1.BoxedType><Bytes>28a69958de25</Bytes></encryptionAlgorithms.C1.BoxedType>
            <extensionContainer.C2.Sequence>
               <privateExtensionList.C0.BoxedType>
                  <Collection>
                     <PrivateExtension.Sequence>
                        <extId><ObjectIdentifier>0.1.237.7</ObjectIdentifier></extId>
                        <extType>24bac83eca4d</extType>
                     </PrivateExtension.Sequence>
                     <PrivateExtension.Sequence>
                        <extId><ObjectIdentifier>0.1.259.20.77.79.54.83</ObjectIdentifier></extId>
                        <extType>72de5f8e5c</extType>
                     </PrivateExtension.Sequence>
                     <PrivateExtension.Sequence>
                        <extId><ObjectIdentifier>0.1.2116.75.2.19.111.70.9</ObjectIdentifier></extId>
                        <extType>75514edce6f5078e0b</extType>
                     </PrivateExtension.Sequence>
                  </Collection>
               </privateExtensionList.C0.BoxedType>
               <pcsExtensions.C1.Sequence></pcsExtensions.C1.Sequence>
            </extensionContainer.C2.Sequence>
         </allowedUMTS_Algorithms.C5.Sequence>
         <radioResourceInformation.C6.BoxedType><Bytes>c4824e99b92041</Bytes></radioResourceInformation.C6.BoxedType>
         <extensionContainer.C3.Sequence>
            <privateExtensionList.C0.BoxedType>
               <Collection>
                  <PrivateExtension.Sequence>
                     <extId><ObjectIdentifier>0.1.226.54.35.108</ObjectIdentifier></extId>
                     <extType>c33b64</extType>
                  </PrivateExtension.Sequence>
                  <PrivateExtension.Sequence>
                     <extId><ObjectIdentifier>0.1.215.107.38.66.122</ObjectIdentifier></extId>
                     <extType>7d4b</extType>
                  </PrivateExtension.Sequence>
                  <PrivateExtension.Sequence>
                     <extId><ObjectIdentifier>0.1.2123.31.7.107.32</ObjectIdentifier></extId>
                     <extType>4349611e986b52191c</extType>
                  </PrivateExtension.Sequence>
               </Collection>
            </privateExtensionList.C0.BoxedType>
            <pcsExtensions.C1.Sequence></pcsExtensions.C1.Sequence>
         </extensionContainer.C3.Sequence>
         <radioResourceList.C7.BoxedType>
            <Collection>
               <RadioResource.Sequence>
                  <radioResourceInformation.BoxedType><Bytes>bda30e607df74e3a66</Bytes></radioResourceInformation.BoxedType>
                  <rab_Id.BoxedType><Integer>1</Integer></rab_Id.BoxedType>
               </RadioResource.Sequence>
               <RadioResource.Sequence>
                  <radioResourceInformation.BoxedType><Bytes>2da501e67199efb0ae</Bytes></radioResourceInformation.BoxedType>
                  <rab_Id.BoxedType><Integer>1</Integer></rab_Id.BoxedType>
               </RadioResource.Sequence>
               <RadioResource.Sequence>
                  <radioResourceInformation.BoxedType><Bytes>f00e</Bytes></radioResourceInformation.BoxedType>
                  <rab_Id.BoxedType><Integer>2</Integer></rab_Id.BoxedType>
               </RadioResource.Sequence>
            </Collection>
         </radioResourceList.C7.BoxedType>
         <bssmap_ServiceHandover.C9.BoxedType><Bytes>14dc751205</Bytes></bssmap_ServiceHandover.C9.BoxedType>
         <ranap_ServiceHandover.C8.BoxedType><Bytes>a980bffbd1</Bytes></ranap_ServiceHandover.C8.BoxedType>
         <bssmap_ServiceHandoverList.C10.BoxedType>
            <Collection>
               <BSSMAP_ServiceHandoverInfo.Sequence>
                  <bssmap_ServiceHandover.BoxedType><Bytes>a55cd3f83acd32</Bytes></bssmap_ServiceHandover.BoxedType>
                  <rab_Id.BoxedType><Integer>1</Integer></rab_Id.BoxedType>
               </BSSMAP_ServiceHandoverInfo.Sequence>
               <BSSMAP_ServiceHandoverInfo.Sequence>
                  <bssmap_ServiceHandover.BoxedType><Bytes>57cb84</Bytes></bssmap_ServiceHandover.BoxedType>
                  <rab_Id.BoxedType><Integer>0</Integer></rab_Id.BoxedType>
               </BSSMAP_ServiceHandoverInfo.Sequence>
               <BSSMAP_ServiceHandoverInfo.Sequence>
                  <bssmap_ServiceHandover.BoxedType><Bytes>3c</Bytes></bssmap_ServiceHandover.BoxedType>
                  <rab_Id.BoxedType><Integer>0</Integer></rab_Id.BoxedType>
               </BSSMAP_ServiceHandoverInfo.Sequence>
            </Collection>
         </bssmap_ServiceHandoverList.C10.BoxedType>
         <currentlyUsedCodec.C11.BoxedType><Bytes>5d3b44</Bytes></currentlyUsedCodec.C11.BoxedType>
         <iuSupportedCodecsList.C12.Sequence>
            <utranCodecList.C0.Sequence>
               <codec1.C1.BoxedType><Bytes>c74679836a0a83e93f</Bytes></codec1.C1.BoxedType>
               <codec2.C2.BoxedType><Bytes>73c4deac</Bytes></codec2.C2.BoxedType>
               <codec3.C3.BoxedType><Bytes>cc928183d6ad</Bytes></codec3.C3.BoxedType>
               <codec4.C4.BoxedType><Bytes>e0913d2680fa09b1</Bytes></codec4.C4.BoxedType>
               <codec5.C5.BoxedType><Bytes>124725599d</Bytes></codec5.C5.BoxedType>
               <codec6.C6.BoxedType><Bytes>145cbe5c5a59fe3d5c</Bytes></codec6.C6.BoxedType>
               <codec7.C7.BoxedType><Bytes>dea4</Bytes></codec7.C7.BoxedType>
               <codec8.C8.BoxedType><Bytes>610a8e2954</Bytes></codec8.C8.BoxedType>
               <extensionContainer.C9.Sequence>
                  <privateExtensionList.C0.BoxedType>
                     <Collection>
                        <PrivateExtension.Sequence>
                           <extId><ObjectIdentifier>0.1.24.81.48.76.74.0.49</ObjectIdentifier></extId>
                           <extType>ebb5c04d218cb6d263</extType>
                        </PrivateExtension.Sequence>
                        <PrivateExtension.Sequence>
                           <extId><ObjectIdentifier>0.1.251.109.3.81.111.14.115</ObjectIdentifier></extId>
                           <extType>4f29c2</extType>
                        </PrivateExtension.Sequence>
                        <PrivateExtension.Sequence>
                           <extId><ObjectIdentifier>0.1.255.113.8.56.4.27</ObjectIdentifier></extId>
                           <extType>74e9c7b88e0d35</extType>
                        </PrivateExtension.Sequence>
                     </Collection>
                  </privateExtensionList.C0.BoxedType>
                  <pcsExtensions.C1.Sequence></pcsExtensions.C1.Sequence>
               </extensionContainer.C9.Sequence>
            </utranCodecList.C0.Sequence>
            <geranCodecList.C1.Sequence>
               <codec1.C1.BoxedType><Bytes>fb792b1b778a36</Bytes></codec1.C1.BoxedType>
               <codec2.C2.BoxedType><Bytes>38df</Bytes></codec2.C2.BoxedType>
               <codec3.C3.BoxedType><Bytes>21dc78adc62e5b2c19</Bytes></codec3.C3.BoxedType>
               <codec4.C4.BoxedType><Bytes>3193a909a4654e</Bytes></codec4.C4.BoxedType>
               <codec5.C5.BoxedType><Bytes>6e246da6</Bytes></codec5.C5.BoxedType>
               <codec6.C6.BoxedType><Bytes>8fbce94cff5201bb</Bytes></codec6.C6.BoxedType>
               <codec7.C7.BoxedType><Bytes>6110a85a53c9362da8</Bytes></codec7.C7.BoxedType>
               <codec8.C8.BoxedType><Bytes>686ccf59672d9d3f77c3</Bytes></codec8.C8.BoxedType>
               <extensionContainer.C9.Sequence>
                  <privateExtensionList.C0.BoxedType>
                     <Collection>
                        <PrivateExtension.Sequence>
                           <extId><ObjectIdentifier>0.1.294.33</ObjectIdentifier></extId>
                           <extType>fa38972bf8143d</extType>
                        </PrivateExtension.Sequence>
                        <PrivateExtension.Sequence>
                           <extId><ObjectIdentifier>0.1.2100.80.14.7.54.102.35.66</ObjectIdentifier></extId>
                           <extType>e102e9d7e2a3</extType>
                        </PrivateExtension.Sequence>
                        <PrivateExtension.Sequence>
                           <extId><ObjectIdentifier>0.1.297</ObjectIdentifier></extId>
                           <extType>9fc68e4925ff9d</extType>
                        </PrivateExtension.Sequence>
                     </Collection>
                  </privateExtensionList.C0.BoxedType>
                  <pcsExtensions.C1.Sequence></pcsExtensions.C1.Sequence>
               </extensionContainer.C9.Sequence>
            </geranCodecList.C1.Sequence>
            <extensionContainer.C2.Sequence>
               <privateExtensionList.C0.BoxedType>
                  <Collection>
                     <PrivateExtension.Sequence>
                        <extId><ObjectIdentifier>0.1.284.31</ObjectIdentifier></extId>
                        <extType>9335f0d52d49a0b00c</extType>
                     </PrivateExtension.Sequence>
                     <PrivateExtension.Sequence>
                        <extId><ObjectIdentifier>0.1.238.92.117.94</ObjectIdentifier></extId>
                        <extType>87232d68c428e9</extType>
                     </PrivateExtension.Sequence>
                     <PrivateExtension.Sequence>
                        <extId><ObjectIdentifier>0.1.281.86.20.23</ObjectIdentifier></extId>
                        <extType>4d98663fcd19fa4bb808</extType>
                     </PrivateExtension.Sequence>
                  </Collection>
               </privateExtensionList.C0.BoxedType>
               <pcsExtensions.C1.Sequence></pcsExtensions.C1.Sequence>
            </extensionContainer.C2.Sequence>
         </iuSupportedCodecsList.C12.Sequence>
         <rab_ConfigurationIndicator.C13></rab_ConfigurationIndicator.C13>
         <iuSelectedCodec.C14.BoxedType><Bytes>acf26f1cf02ba1</Bytes></iuSelectedCodec.C14.BoxedType>
      </ForwardAccessSignallingArgV3SequenceType.C3.Sequence></ForwardAccessSignallingArgV3.BoxedType>
</ASN>