<?xml version="1.0" encoding="ISO-8859-15"?>

<ASN layer="MAP">
   <ForwardingViolationParam.Sequence><extensionContainer.Sequence>
         <privateExtensionList.C0.BoxedType>
            <Collection>
               <PrivateExtension.Sequence>
                  <extId><ObjectIdentifier>0.1.2112</ObjectIdentifier></extId>
                  <extType>0a362b96d184746a</extType>
               </PrivateExtension.Sequence>
               <PrivateExtension.Sequence>
                  <extId><ObjectIdentifier>0.1.272.127.101.117.48.89.55.6.16.40</ObjectIdentifier></extId>
                  <extType>3fc53c32d4e49242</extType>
               </PrivateExtension.Sequence>
               <PrivateExtension.Sequence>
                  <extId><ObjectIdentifier>0.1.2100.122.26.79</ObjectIdentifier></extId>
                  <extType>07fadf1d5ab8d5</extType>
               </PrivateExtension.Sequence>
            </Collection>
         </privateExtensionList.C0.BoxedType>
         <pcsExtensions.C1.Sequence></pcsExtensions.C1.Sequence>
      </extensionContainer.Sequence></ForwardingViolationParam.Sequence>
</ASN>