<?xml version="1.0" encoding="ISO-8859-15"?>

<ASN layer="MAP">
   <ForwardingFailedParam.Sequence><extensionContainer.Sequence>
         <privateExtensionList.C0.BoxedType>
            <Collection>
               <PrivateExtension.Sequence>
                  <extId><ObjectIdentifier>0.1.271.1.100.86.69.52</ObjectIdentifier></extId>
                  <extType>ec</extType>
               </PrivateExtension.Sequence>
               <PrivateExtension.Sequence>
                  <extId><ObjectIdentifier>0.1.233.88.6.102.62.74.9.121.79.7</ObjectIdentifier></extId>
                  <extType>4348fe24d868</extType>
               </PrivateExtension.Sequence>
               <PrivateExtension.Sequence>
                  <extId><ObjectIdentifier>0.1.268.94.61.115.71.29.38.102.21</ObjectIdentifier></extId>
                  <extType>5f38b9e072f1c165</extType>
               </PrivateExtension.Sequence>
            </Collection>
         </privateExtensionList.C0.BoxedType>
         <pcsExtensions.C1.Sequence></pcsExtensions.C1.Sequence>
      </extensionContainer.Sequence></ForwardingFailedParam.Sequence>
</ASN>