<?xml version="1.0" encoding="ISO-8859-15"?>

<ASN layer="MAP">
   <IllegalSS_OperationParam.Sequence><extensionContainer.Sequence>
         <privateExtensionList.C0.BoxedType>
            <Collection>
               <PrivateExtension.Sequence>
                  <extId><ObjectIdentifier>0.1.253.65.9.77.23.35.44.43.103</ObjectIdentifier></extId>
                  <extType>9e12c25ddb494a620a78</extType>
               </PrivateExtension.Sequence>
               <PrivateExtension.Sequence>
                  <extId><ObjectIdentifier>0.1.249.107.105</ObjectIdentifier></extId>
                  <extType>cbae</extType>
               </PrivateExtension.Sequence>
               <PrivateExtension.Sequence>
                  <extId><ObjectIdentifier>0.1.245.57.110</ObjectIdentifier></extId>
                  <extType>a4</extType>
               </PrivateExtension.Sequence>
            </Collection>
         </privateExtensionList.C0.BoxedType>
         <pcsExtensions.C1.Sequence></pcsExtensions.C1.Sequence>
      </extensionContainer.Sequence></IllegalSS_OperationParam.Sequence>
</ASN>