<?xml version="1.0" encoding="ISO-8859-15"?>

<ASN layer="MAP">
   <IllegalEquipmentParam.Sequence><extensionContainer.Sequence>
         <privateExtensionList.C0.BoxedType>
            <Collection>
               <PrivateExtension.Sequence>
                  <extId><ObjectIdentifier>0.1.213.69</ObjectIdentifier></extId>
                  <extType>e73ea9afff50c1</extType>
               </PrivateExtension.Sequence>
               <PrivateExtension.Sequence>
                  <extId><ObjectIdentifier>0.1.277.121.106.43.44.60.114.25.79</ObjectIdentifier></extId>
                  <extType>b1ab485ae53458def9</extType>
               </PrivateExtension.Sequence>
               <PrivateExtension.Sequence>
                  <extId><ObjectIdentifier>0.1.2122.58.5.27.43.123.62.24</ObjectIdentifier></extId>
                  <extType>e739f11e55b318</extType>
               </PrivateExtension.Sequence>
            </Collection>
         </privateExtensionList.C0.BoxedType>
         <pcsExtensions.C1.Sequence></pcsExtensions.C1.Sequence>
      </extensionContainer.Sequence></IllegalEquipmentParam.Sequence>
</ASN>