<?xml version="1.0" encoding="ISO-8859-15"?>

<ASN layer="MAP">
   <IncompatibleTerminalParam.Sequence><extensionContainer.Sequence>
         <privateExtensionList.C0.BoxedType>
            <Collection>
               <PrivateExtension.Sequence>
                  <extId><ObjectIdentifier>0.1.227.120</ObjectIdentifier></extId>
                  <extType>f0f0cd8544</extType>
               </PrivateExtension.Sequence>
               <PrivateExtension.Sequence>
                  <extId><ObjectIdentifier>0.1.278.18.27.64.58.82</ObjectIdentifier></extId>
                  <extType>77fb604c2c95</extType>
               </PrivateExtension.Sequence>
               <PrivateExtension.Sequence>
                  <extId><ObjectIdentifier>0.1.2117.102.100.60.48</ObjectIdentifier></extId>
                  <extType>f977</extType>
               </PrivateExtension.Sequence>
            </Collection>
         </privateExtensionList.C0.BoxedType>
         <pcsExtensions.C1.Sequence></pcsExtensions.C1.Sequence>
      </extensionContainer.Sequence></IncompatibleTerminalParam.Sequence>
</ASN>