<?xml version="1.0" encoding="ISO-8859-15"?>

<ASN layer="MAP">
   <InformServiceCentreArg.Sequence>
      <storedMSISDN.BoxedType><ISDN_AddressString.BoxedType><Bytes>5f78220351f6
               <field name="extension" value="extension:0" type="EnumLong" lengthBit="1"/>
               <field name="nature of address" value="reserved:5" type="EnumLong" lengthBit="3"/>
               <field name="numbering plan" value="reserved for extension:15" type="EnumLong" lengthBit="4"/>
               <field name="digits" value="872230156" type="Number_BCD" length="9"/>
            </Bytes></ISDN_AddressString.BoxedType></storedMSISDN.BoxedType>
      <mw_Status><BitString value="fc6d2fffec2a03ae60c41b8f4585525ad539" trailing="0"/></mw_Status>
      <extensionContainer.Sequence>
         <privateExtensionList.C0.BoxedType>
            <Collection>
               <PrivateExtension.Sequence>
                  <extId><ObjectIdentifier>0.1.2</ObjectIdentifier></extId>
                  <extType>faf79509</extType>
               </PrivateExtension.Sequence>
               <PrivateExtension.Sequence>
                  <extId><ObjectIdentifier>0.1.295.7.24.35.112</ObjectIdentifier></extId>
                  <extType>bd350a</extType>
               </PrivateExtension.Sequence>
               <PrivateExtension.Sequence>
                  <extId><ObjectIdentifier>0.1.233.72.78.3.92.119.44</ObjectIdentifier></extId>
                  <extType>8cc1eb1e</extType>
               </PrivateExtension.Sequence>
            </Collection>
         </privateExtensionList.C0.BoxedType>
         <pcsExtensions.C1.Sequence></pcsExtensions.C1.Sequence>
      </extensionContainer.Sequence>
   </InformServiceCentreArg.Sequence>
</ASN>