<?xml version="1.0" encoding="ISO-8859-15"?>

<ASN layer="MAP">
   <InformationNotAvailableParam.Sequence><extensionContainer.Sequence>
         <privateExtensionList.C0.BoxedType>
            <Collection>
               <PrivateExtension.Sequence>
                  <extId><ObjectIdentifier>0.1.213.20.103.1.82.10</ObjectIdentifier></extId>
                  <extType>acf73d754a4b</extType>
               </PrivateExtension.Sequence>
               <PrivateExtension.Sequence>
                  <extId><ObjectIdentifier>0.1.288.76.53.23.60.125.8.63.21</ObjectIdentifier></extId>
                  <extType>7c1b6a</extType>
               </PrivateExtension.Sequence>
               <PrivateExtension.Sequence>
                  <extId><ObjectIdentifier>0.1.2</ObjectIdentifier></extId>
                  <extType>db078a3e</extType>
               </PrivateExtension.Sequence>
            </Collection>
         </privateExtensionList.C0.BoxedType>
         <pcsExtensions.C1.Sequence></pcsExtensions.C1.Sequence>
      </extensionContainer.Sequence></InformationNotAvailableParam.Sequence>
</ASN>