<?xml version="1.0" encoding="ISO-8859-15"?>

<ASN layer="MAP">
   <InterrogateSS_Res.Choice>
      <ss_Status.C0.BoxedType><Bytes>8eb8e33faa7659d5</Bytes></ss_Status.C0.BoxedType>
      <basicServiceGroupList.C2.BoxedType>
         <Collection>
            <BasicService.Choice>
               <bearerservice.C2.BoxedType><Bytes>98f6d439604a09ad71</Bytes></bearerservice.C2.BoxedType>
               <teleservice.C3.BoxedType><Bytes>3c03ebd55f52bc</Bytes></teleservice.C3.BoxedType>
            </BasicService.Choice>
            <BasicService.Choice>
               <bearerservice.C2.BoxedType><Bytes>99e2d1de</Bytes></bearerservice.C2.BoxedType>
               <teleservice.C3.BoxedType><Bytes>ee1d3389c0eca543</Bytes></teleservice.C3.BoxedType>
            </BasicService.Choice>
            <BasicService.Choice>
               <bearerservice.C2.BoxedType><Bytes>8f8e9cef585b3df76040</Bytes></bearerservice.C2.BoxedType>
               <teleservice.C3.BoxedType><Bytes>4126</Bytes></teleservice.C3.BoxedType>
            </BasicService.Choice>
         </Collection>
      </basicServiceGroupList.C2.BoxedType>
      <forwardingFeatureList.C3.BoxedType>
         <Collection>
            <ForwardingFeature.Sequence>
               <basicService.Choice>
                  <bearerService.C2.BoxedType><Bytes>1bab6c173619</Bytes></bearerService.C2.BoxedType>
                  <teleservice.C3.BoxedType><Bytes>58166853</Bytes></teleservice.C3.BoxedType>
               </basicService.Choice>
               <ss_Status.C4.BoxedType><Bytes>6cec4ff2b3d8ec</Bytes></ss_Status.C4.BoxedType>
               <forwardedToNumber.C5.BoxedType><Bytes>db43215560
                     <field name="extension" value="no extension:1" type="EnumLong" lengthBit="1"/>
                     <field name="nature of address" value="reserved:5" type="EnumLong" lengthBit="3"/>
                     <field name="numbering plan" value="11" type="EnumLong" lengthBit="4"/>
                     <field name="digits" value="34125506" type="Number_BCD" length="8"/>
                  </Bytes></forwardedToNumber.C5.BoxedType>
               <forwardedToSubaddress.C8.BoxedType><Bytes>d23105e224ecf09b</Bytes></forwardedToSubaddress.C8.BoxedType>
               <forwardingOptions.C6.BoxedType><Bytes>1a8700f34e24f90c77</Bytes></forwardingOptions.C6.BoxedType>
               <noReplyConditionTime.C7.BoxedType><Integer>1</Integer></noReplyConditionTime.C7.BoxedType>
               <longForwardedToNumber.C9.BoxedType><AddressString.BoxedType><Bytes>9186325392f4
                        <field name="extension" value="no extension:1" type="EnumLong" lengthBit="1"/>
                        <field name="nature of address" value="international number:1" type="EnumLong" lengthBit="3"/>
                        <field name="numbering plan" value="ISDN/Telephony Numbering Plan (Rec ITU-T E.164):1" type="EnumLong" lengthBit="4"/>
                        <field name="digits" value="682335294" type="Number_BCD" length="9"/>
                     </Bytes></AddressString.BoxedType></longForwardedToNumber.C9.BoxedType>
            </ForwardingFeature.Sequence>
            <ForwardingFeature.Sequence>
               <basicService.Choice>
                  <bearerService.C2.BoxedType><Bytes>b68756</Bytes></bearerService.C2.BoxedType>
                  <teleservice.C3.BoxedType><Bytes>69931eea</Bytes></teleservice.C3.BoxedType>
               </basicService.Choice>
               <ss_Status.C4.BoxedType><Bytes>72ca45</Bytes></ss_Status.C4.BoxedType>
               <forwardedToNumber.C5.BoxedType><Bytes>3421809206f2
                     <field name="extension" value="extension:0" type="EnumLong" lengthBit="1"/>
                     <field name="nature of address" value="network specific number:3" type="EnumLong" lengthBit="3"/>
                     <field name="numbering plan" value="telex numbering plan (ITU-T Rec F.69):4" type="EnumLong" lengthBit="4"/>
                     <field name="digits" value="120829602" type="Number_BCD" length="9"/>
                  </Bytes></forwardedToNumber.C5.BoxedType>
               <forwardedToSubaddress.C8.BoxedType><Bytes>cd250f293c0817</Bytes></forwardedToSubaddress.C8.BoxedType>
               <forwardingOptions.C6.BoxedType><Bytes>decc9f70f3496c</Bytes></forwardingOptions.C6.BoxedType>
               <noReplyConditionTime.C7.BoxedType><Integer>0</Integer></noReplyConditionTime.C7.BoxedType>
               <longForwardedToNumber.C9.BoxedType><AddressString.BoxedType><Bytes>051148757637
                        <field name="extension" value="extension:0" type="EnumLong" lengthBit="1"/>
                        <field name="nature of address" value="unknown:0" type="EnumLong" lengthBit="3"/>
                        <field name="numbering plan" value="spare:5" type="EnumLong" lengthBit="4"/>
                        <field name="digits" value="1184576773" type="Number_BCD" length="10"/>
                     </Bytes></AddressString.BoxedType></longForwardedToNumber.C9.BoxedType>
            </ForwardingFeature.Sequence>
            <ForwardingFeature.Sequence>
               <basicService.Choice>
                  <bearerService.C2.BoxedType><Bytes>abf4ade401e9</Bytes></bearerService.C2.BoxedType>
                  <teleservice.C3.BoxedType><Bytes>e571</Bytes></teleservice.C3.BoxedType>
               </basicService.Choice>
               <ss_Status.C4.BoxedType><Bytes>fe0306bd13</Bytes></ss_Status.C4.BoxedType>
               <forwardedToNumber.C5.BoxedType><Bytes>f58123610498
                     <field name="extension" value="no extension:1" type="EnumLong" lengthBit="1"/>
                     <field name="nature of address" value="reserved for extension:7" type="EnumLong" lengthBit="3"/>
                     <field name="numbering plan" value="spare:5" type="EnumLong" lengthBit="4"/>
                     <field name="digits" value="1832164089" type="Number_BCD" length="10"/>
                  </Bytes></forwardedToNumber.C5.BoxedType>
               <forwardedToSubaddress.C8.BoxedType><Bytes>4590</Bytes></forwardedToSubaddress.C8.BoxedType>
               <forwardingOptions.C6.BoxedType><Bytes>8843a7</Bytes></forwardingOptions.C6.BoxedType>
               <noReplyConditionTime.C7.BoxedType><Integer>1</Integer></noReplyConditionTime.C7.BoxedType>
               <longForwardedToNumber.C9.BoxedType><AddressString.BoxedType><Bytes>a125006508f5
                        <field name="extension" value="no extension:1" type="EnumLong" lengthBit="1"/>
                        <field name="nature of address" value="national significant number:2" type="EnumLong" lengthBit="3"/>
                        <field name="numbering plan" value="ISDN/Telephony Numbering Plan (Rec ITU-T E.164):1" type="EnumLong" lengthBit="4"/>
                        <field name="digits" value="520056805" type="Number_BCD" length="9"/>
                     </Bytes></AddressString.BoxedType></longForwardedToNumber.C9.BoxedType>
            </ForwardingFeature.Sequence>
         </Collection>
      </forwardingFeatureList.C3.BoxedType>
      <genericServiceInfo.C4.Sequence>
         <ss_Status.BoxedType><Bytes>d9858f</Bytes></ss_Status.BoxedType>
         <cliRestrictionOption.Enum>
            <EnumType>temporaryDefaultRestricted.1</EnumType>
         </cliRestrictionOption.Enum>
         <maximumEntitledPriority.C0.BoxedType><Integer>2</Integer></maximumEntitledPriority.C0.BoxedType>
         <defaultPriority.C1.BoxedType><Integer>0</Integer></defaultPriority.C1.BoxedType>
         <ccbs_FeatureList.C2.BoxedType>
            <Collection>
               <CCBS_Feature.Sequence>
                  <ccbs_Index.C0.BoxedType><Integer>1</Integer></ccbs_Index.C0.BoxedType>
                  <b_subscriberNumber.C1.BoxedType><Bytes>317164858588
                        <field name="extension" value="extension:0" type="EnumLong" lengthBit="1"/>
                        <field name="nature of address" value="network specific number:3" type="EnumLong" lengthBit="3"/>
                        <field name="numbering plan" value="ISDN/Telephony Numbering Plan (Rec ITU-T E.164):1" type="EnumLong" lengthBit="4"/>
                        <field name="digits" value="1746585888" type="Number_BCD" length="10"/>
                     </Bytes></b_subscriberNumber.C1.BoxedType>
                  <b_subscriberSubaddress.C2.BoxedType><Bytes>ad63796cedcaf42ec5</Bytes></b_subscriberSubaddress.C2.BoxedType>
                  <basicServiceGroup.C3.Choice>
                     <bearerService.C2.BoxedType><Bytes>82fc1168f322a7dda7</Bytes></bearerService.C2.BoxedType>
                     <teleservice.C3.BoxedType><Bytes>97da4a40</Bytes></teleservice.C3.BoxedType>
                  </basicServiceGroup.C3.Choice>
               </CCBS_Feature.Sequence>
               <CCBS_Feature.Sequence>
                  <ccbs_Index.C0.BoxedType><Integer>0</Integer></ccbs_Index.C0.BoxedType>
                  <b_subscriberNumber.C1.BoxedType><Bytes>642156270773
                        <field name="extension" value="extension:0" type="EnumLong" lengthBit="1"/>
                        <field name="nature of address" value="abbreviated number:6" type="EnumLong" lengthBit="3"/>
                        <field name="numbering plan" value="telex numbering plan (ITU-T Rec F.69):4" type="EnumLong" lengthBit="4"/>
                        <field name="digits" value="1265727037" type="Number_BCD" length="10"/>
                     </Bytes></b_subscriberNumber.C1.BoxedType>
                  <b_subscriberSubaddress.C2.BoxedType><Bytes>1f2007900f</Bytes></b_subscriberSubaddress.C2.BoxedType>
                  <basicServiceGroup.C3.Choice>
                     <bearerService.C2.BoxedType><Bytes>5752900b155475d3</Bytes></bearerService.C2.BoxedType>
                     <teleservice.C3.BoxedType><Bytes>3525</Bytes></teleservice.C3.BoxedType>
                  </basicServiceGroup.C3.Choice>
               </CCBS_Feature.Sequence>
               <CCBS_Feature.Sequence>
                  <ccbs_Index.C0.BoxedType><Integer>2</Integer></ccbs_Index.C0.BoxedType>
                  <b_subscriberNumber.C1.BoxedType><Bytes>149135671225
                        <field name="extension" value="extension:0" type="EnumLong" lengthBit="1"/>
                        <field name="nature of address" value="international number:1" type="EnumLong" lengthBit="3"/>
                        <field name="numbering plan" value="telex numbering plan (ITU-T Rec F.69):4" type="EnumLong" lengthBit="4"/>
                        <field name="digits" value="1953762152" type="Number_BCD" length="10"/>
                     </Bytes></b_subscriberNumber.C1.BoxedType>
                  <b_subscriberSubaddress.C2.BoxedType><Bytes>6a00fa43bbd5032881ba</Bytes></b_subscriberSubaddress.C2.BoxedType>
                  <basicServiceGroup.C3.Choice>
                     <bearerService.C2.BoxedType><Bytes>5fa6997856a246</Bytes></bearerService.C2.BoxedType>
                     <teleservice.C3.BoxedType><Bytes>3d33</Bytes></teleservice.C3.BoxedType>
                  </basicServiceGroup.C3.Choice>
               </CCBS_Feature.Sequence>
            </Collection>
         </ccbs_FeatureList.C2.BoxedType>
         <nbrSB.C3.BoxedType><Integer>2</Integer></nbrSB.C3.BoxedType>
         <nbrUser.C4.BoxedType><Integer>0</Integer></nbrUser.C4.BoxedType>
         <nbrSN.C5.BoxedType><Integer>1</Integer></nbrSN.C5.BoxedType>
      </genericServiceInfo.C4.Sequence>
   </InterrogateSS_Res.Choice>
</ASN>