<?xml version="1.0" encoding="ISO-8859-15"?>

<ASN layer="MAP">
   <IST_AlertArg.Sequence>
      <imsi.C0.BoxedType><Bytes>7115650292
            <field name="digits" value="1751562029" type="Number_BCD" length="10"/>
         </Bytes></imsi.C0.BoxedType>
      <extensionContainer.C1.Sequence>
         <privateExtensionList.C0.BoxedType>
            <Collection>
               <PrivateExtension.Sequence>
                  <extId><ObjectIdentifier>0.1.228.117.117.0.101.77.66.30.96</ObjectIdentifier></extId>
                  <extType>197c60936659f1336b</extType>
               </PrivateExtension.Sequence>
               <PrivateExtension.Sequence>
                  <extId><ObjectIdentifier>0.1.262.56.11.46.120.28.0.46</ObjectIdentifier></extId>
                  <extType>f35934949443f01247</extType>
               </PrivateExtension.Sequence>
               <PrivateExtension.Sequence>
                  <extId><ObjectIdentifier>0.1.224.117.125.85.57.124</ObjectIdentifier></extId>
                  <extType>a5287884369348</extType>
               </PrivateExtension.Sequence>
            </Collection>
         </privateExtensionList.C0.BoxedType>
         <pcsExtensions.C1.Sequence></pcsExtensions.C1.Sequence>
      </extensionContainer.C1.Sequence>
   </IST_AlertArg.Sequence>
</ASN>