<?xml version="1.0" encoding="ISO-8859-15"?>

<ASN layer="MAP">
   <IST_CommandRes.Sequence><extensionContainer.Sequence>
         <privateExtensionList.C0.BoxedType>
            <Collection>
               <PrivateExtension.Sequence>
                  <extId><ObjectIdentifier>0.1.240.36</ObjectIdentifier></extId>
                  <extType>e22a9a07553c4757</extType>
               </PrivateExtension.Sequence>
               <PrivateExtension.Sequence>
                  <extId><ObjectIdentifier>0.1.283.83.55.86.126.71.119.18.123</ObjectIdentifier></extId>
                  <extType>16e81628</extType>
               </PrivateExtension.Sequence>
               <PrivateExtension.Sequence>
                  <extId><ObjectIdentifier>0.1.269.35.102.66.23.3.66.52.116</ObjectIdentifier></extId>
                  <extType>c582b1408815</extType>
               </PrivateExtension.Sequence>
            </Collection>
         </privateExtensionList.C0.BoxedType>
         <pcsExtensions.C1.Sequence></pcsExtensions.C1.Sequence>
      </extensionContainer.Sequence></IST_CommandRes.Sequence>
</ASN>