<?xml version="1.0" encoding="ISO-8859-15"?>

<ASN layer="MAP">
   <IST_AlertRes.Sequence>
      <istAlertTimer.C0.BoxedType><Integer>2</Integer></istAlertTimer.C0.BoxedType>
      <istInformationWithdraw.C1></istInformationWithdraw.C1>
      <callTerminationIndicator.C2.Enum>
         <EnumType>terminateCallActivityReferred.0</EnumType>
      </callTerminationIndicator.C2.Enum>
      <extensionContainer.C3.Sequence>
         <privateExtensionList.C0.BoxedType>
            <Collection>
               <PrivateExtension.Sequence>
                  <extId><ObjectIdentifier>0.1.2117.27.11.82.29.68.117</ObjectIdentifier></extId>
                  <extType>4079a874</extType>
               </PrivateExtension.Sequence>
               <PrivateExtension.Sequence>
                  <extId><ObjectIdentifier>0.1.2109.100</ObjectIdentifier></extId>
                  <extType>5dc6cf2553f4</extType>
               </PrivateExtension.Sequence>
               <PrivateExtension.Sequence>
                  <extId><ObjectIdentifier>0.1.211.49.104.14.15.116.81.79</ObjectIdentifier></extId>
                  <extType>2ec08c05abce4611f5</extType>
               </PrivateExtension.Sequence>
            </Collection>
         </privateExtensionList.C0.BoxedType>
         <pcsExtensions.C1.Sequence></pcsExtensions.C1.Sequence>
      </extensionContainer.C3.Sequence>
   </IST_AlertRes.Sequence>
</ASN>