<?xml version="1.0" encoding="ISO-8859-15"?>

<ASN layer="MAP">
   <IST_CommandArg.Sequence>
      <imsi.C0.BoxedType><Bytes>2176854267
            <field name="digits" value="1267582476" type="Number_BCD" length="10"/>
         </Bytes></imsi.C0.BoxedType>
      <extensionContainer.C1.Sequence>
         <privateExtensionList.C0.BoxedType>
            <Collection>
               <PrivateExtension.Sequence>
                  <extId><ObjectIdentifier>0.1.2</ObjectIdentifier></extId>
                  <extType>51e927</extType>
               </PrivateExtension.Sequence>
               <PrivateExtension.Sequence>
                  <extId><ObjectIdentifier>0.1.2110.109.87</ObjectIdentifier></extId>
                  <extType>009fa8aae074</extType>
               </PrivateExtension.Sequence>
               <PrivateExtension.Sequence>
                  <extId><ObjectIdentifier>0.1.257.111.1.0.24.3</ObjectIdentifier></extId>
                  <extType>b0b5f80a01af76744b16</extType>
               </PrivateExtension.Sequence>
            </Collection>
         </privateExtensionList.C0.BoxedType>
         <pcsExtensions.C1.Sequence></pcsExtensions.C1.Sequence>
      </extensionContainer.C1.Sequence>
   </IST_CommandArg.Sequence>
</ASN>