<?xml version="1.0" encoding="ISO-8859-15"?>

<ASN layer="MAP">
   <LCS_PrivacyClass.Sequence>
      <ss_Code.BoxedType><Bytes>123f6272</Bytes></ss_Code.BoxedType>
      <ss_Status.BoxedType><Bytes>659c67</Bytes></ss_Status.BoxedType>
      <notificationToMSUser.C0.Enum>
         <EnumType>notifyLocationAllowed.0</EnumType>
      </notificationToMSUser.C0.Enum>
      <externalClientList.C1.BoxedType>
         <Collection>
            <ExternalClient.Sequence>
               <clientIdentity.Sequence>
                  <externalAddress.C0.BoxedType><Bytes>6866345258f9
                        <field name="extension" value="extension:0" type="EnumLong" lengthBit="1"/>
                        <field name="nature of address" value="abbreviated number:6" type="EnumLong" lengthBit="3"/>
                        <field name="numbering plan" value="national numbering plan:8" type="EnumLong" lengthBit="4"/>
                        <field name="digits" value="664325859" type="Number_BCD" length="9"/>
                     </Bytes></externalAddress.C0.BoxedType>
                  <extensionContainer.C1.Sequence>
                     <privateExtensionList.C0.BoxedType>
                        <Collection>
                           <PrivateExtension.Sequence>
                              <extId><ObjectIdentifier>0.1.2117.3.74.72.52</ObjectIdentifier></extId>
                              <extType>1405a6aac40a594f</extType>
                           </PrivateExtension.Sequence>
                           <PrivateExtension.Sequence>
                              <extId><ObjectIdentifier>0.1.220.2.103.82.25.75.70.101.12</ObjectIdentifier></extId>
                              <extType>504458</extType>
                           </PrivateExtension.Sequence>
                           <PrivateExtension.Sequence>
                              <extId><ObjectIdentifier>0.1.2</ObjectIdentifier></extId>
                              <extType>81da11817cb7</extType>
                           </PrivateExtension.Sequence>
                        </Collection>
                     </privateExtensionList.C0.BoxedType>
                     <pcsExtensions.C1.Sequence></pcsExtensions.C1.Sequence>
                  </extensionContainer.C1.Sequence>
               </clientIdentity.Sequence>
               <gmlc_Restriction.C0.Enum>
                  <EnumType>gmlc_List.0</EnumType>
               </gmlc_Restriction.C0.Enum>
               <notificationToMSUser.C1.Enum>
                  <EnumType>notifyAndVerify_LocationAllowedIfNoResponse.1</EnumType>
               </notificationToMSUser.C1.Enum>
               <extensionContainer.C2.Sequence>
                  <privateExtensionList.C0.BoxedType>
                     <Collection>
                        <PrivateExtension.Sequence>
                           <extId><ObjectIdentifier>0.1.296.7.21.25.2</ObjectIdentifier></extId>
                           <extType>f66cb3</extType>
                        </PrivateExtension.Sequence>
                        <PrivateExtension.Sequence>
                           <extId><ObjectIdentifier>0.1.238.114.17.100.19.110.27.14.33</ObjectIdentifier></extId>
                           <extType>7a666a0192a8dbdb</extType>
                        </PrivateExtension.Sequence>
                        <PrivateExtension.Sequence>
                           <extId><ObjectIdentifier>0.1.2</ObjectIdentifier></extId>
                           <extType>9f</extType>
                        </PrivateExtension.Sequence>
                     </Collection>
                  </privateExtensionList.C0.BoxedType>
                  <pcsExtensions.C1.Sequence></pcsExtensions.C1.Sequence>
               </extensionContainer.C2.Sequence>
            </ExternalClient.Sequence>
            <ExternalClient.Sequence>
               <clientIdentity.Sequence>
                  <externalAddress.C0.BoxedType><Bytes>581252482532
                        <field name="extension" value="extension:0" type="EnumLong" lengthBit="1"/>
                        <field name="nature of address" value="reserved:5" type="EnumLong" lengthBit="3"/>
                        <field name="numbering plan" value="national numbering plan:8" type="EnumLong" lengthBit="4"/>
                        <field name="digits" value="2125845223" type="Number_BCD" length="10"/>
                     </Bytes></externalAddress.C0.BoxedType>
                  <extensionContainer.C1.Sequence>
                     <privateExtensionList.C0.BoxedType>
                        <Collection>
                           <PrivateExtension.Sequence>
                              <extId><ObjectIdentifier>0.1.274.43.107.122.53.104</ObjectIdentifier></extId>
                              <extType>6bf1c55cd69eb2</extType>
                           </PrivateExtension.Sequence>
                           <PrivateExtension.Sequence>
                              <extId><ObjectIdentifier>0.1.2109.16.115.66.86.102.117.109</ObjectIdentifier></extId>
                              <extType>ebf6983b2f083dc34c</extType>
                           </PrivateExtension.Sequence>
                           <PrivateExtension.Sequence>
                              <extId><ObjectIdentifier>0.1.239.2</ObjectIdentifier></extId>
                              <extType>cdf4ad9024ef9ec3</extType>
                           </PrivateExtension.Sequence>
                        </Collection>
                     </privateExtensionList.C0.BoxedType>
                     <pcsExtensions.C1.Sequence></pcsExtensions.C1.Sequence>
                  </extensionContainer.C1.Sequence>
               </clientIdentity.Sequence>
               <gmlc_Restriction.C0.Enum>
                  <EnumType>home_Country.1</EnumType>
               </gmlc_Restriction.C0.Enum>
               <notificationToMSUser.C1.Enum>
                  <EnumType>notifyAndVerify_LocationNotAllowedIfNoResponse.2</EnumType>
               </notificationToMSUser.C1.Enum>
               <extensionContainer.C2.Sequence>
                  <privateExtensionList.C0.BoxedType>
                     <Collection>
                        <PrivateExtension.Sequence>
                           <extId><ObjectIdentifier>0.1.2113.113.98.80.22.20.63.78</ObjectIdentifier></extId>
                           <extType>9340f5a2</extType>
                        </PrivateExtension.Sequence>
                        <PrivateExtension.Sequence>
                           <extId><ObjectIdentifier>0.1.247.27.81.25</ObjectIdentifier></extId>
                           <extType>224a9a282a50baa9d10e</extType>
                        </PrivateExtension.Sequence>
                        <PrivateExtension.Sequence>
                           <extId><ObjectIdentifier>0.1.262</ObjectIdentifier></extId>
                           <extType>92aff99c3d46e2</extType>
                        </PrivateExtension.Sequence>
                     </Collection>
                  </privateExtensionList.C0.BoxedType>
                  <pcsExtensions.C1.Sequence></pcsExtensions.C1.Sequence>
               </extensionContainer.C2.Sequence>
            </ExternalClient.Sequence>
            <ExternalClient.Sequence>
               <clientIdentity.Sequence>
                  <externalAddress.C0.BoxedType><Bytes>9458770850f0
                        <field name="extension" value="no extension:1" type="EnumLong" lengthBit="1"/>
                        <field name="nature of address" value="international number:1" type="EnumLong" lengthBit="3"/>
                        <field name="numbering plan" value="telex numbering plan (ITU-T Rec F.69):4" type="EnumLong" lengthBit="4"/>
                        <field name="digits" value="857780050" type="Number_BCD" length="9"/>
                     </Bytes></externalAddress.C0.BoxedType>
                  <extensionContainer.C1.Sequence>
                     <privateExtensionList.C0.BoxedType>
                        <Collection>
                           <PrivateExtension.Sequence>
                              <extId><ObjectIdentifier>0.1.272.21.81.52.94.26.122</ObjectIdentifier></extId>
                              <extType>61</extType>
                           </PrivateExtension.Sequence>
                           <PrivateExtension.Sequence>
                              <extId><ObjectIdentifier>0.1.257.114.41.96</ObjectIdentifier></extId>
                              <extType>ecc8da6663f4</extType>
                           </PrivateExtension.Sequence>
                           <PrivateExtension.Sequence>
                              <extId><ObjectIdentifier>0.1.282.98.123.104.37.2.53.87</ObjectIdentifier></extId>
                              <extType>6a271c167f</extType>
                           </PrivateExtension.Sequence>
                        </Collection>
                     </privateExtensionList.C0.BoxedType>
                     <pcsExtensions.C1.Sequence></pcsExtensions.C1.Sequence>
                  </extensionContainer.C1.Sequence>
               </clientIdentity.Sequence>
               <gmlc_Restriction.C0.Enum>
                  <EnumType>gmlc_List.0</EnumType>
               </gmlc_Restriction.C0.Enum>
               <notificationToMSUser.C1.Enum>
                  <EnumType>notifyAndVerify_LocationNotAllowedIfNoResponse.2</EnumType>
               </notificationToMSUser.C1.Enum>
               <extensionContainer.C2.Sequence>
                  <privateExtensionList.C0.BoxedType>
                     <Collection>
                        <PrivateExtension.Sequence>
                           <extId><ObjectIdentifier>0.1.2</ObjectIdentifier></extId>
                           <extType>19d7ba</extType>
                        </PrivateExtension.Sequence>
                        <PrivateExtension.Sequence>
                           <extId><ObjectIdentifier>0.1.221.22.103.72.27</ObjectIdentifier></extId>
                           <extType>60b3</extType>
                        </PrivateExtension.Sequence>
                        <PrivateExtension.Sequence>
                           <extId><ObjectIdentifier>0.1.224.19.103.10.18.20</ObjectIdentifier></extId>
                           <extType>dad5f1</extType>
                        </PrivateExtension.Sequence>
                     </Collection>
                  </privateExtensionList.C0.BoxedType>
                  <pcsExtensions.C1.Sequence></pcsExtensions.C1.Sequence>
               </extensionContainer.C2.Sequence>
            </ExternalClient.Sequence>
         </Collection>
      </externalClientList.C1.BoxedType>
      <plmnClientList.C2.BoxedType>
         <Collection>
            <LCSClientInternalID.Enum>
               <EnumType>broadcastService.0</EnumType>
            </LCSClientInternalID.Enum>
            <LCSClientInternalID.Enum>
               <EnumType>o_andM_HPLMN.1</EnumType>
            </LCSClientInternalID.Enum>
            <LCSClientInternalID.Enum>
               <EnumType>targetMSsubscribedService.4</EnumType>
            </LCSClientInternalID.Enum>
         </Collection>
      </plmnClientList.C2.BoxedType>
      <extensionContainer.C3.Sequence>
         <privateExtensionList.C0.BoxedType>
            <Collection>
               <PrivateExtension.Sequence>
                  <extId><ObjectIdentifier>0.1.222.64</ObjectIdentifier></extId>
                  <extType>97c9332caaf1edd533</extType>
               </PrivateExtension.Sequence>
               <PrivateExtension.Sequence>
                  <extId><ObjectIdentifier>0.1.248.64.68.3.60</ObjectIdentifier></extId>
                  <extType>6d23026d58bd</extType>
               </PrivateExtension.Sequence>
               <PrivateExtension.Sequence>
                  <extId><ObjectIdentifier>0.1.246.21.47</ObjectIdentifier></extId>
                  <extType>99dfc3</extType>
               </PrivateExtension.Sequence>
            </Collection>
         </privateExtensionList.C0.BoxedType>
         <pcsExtensions.C1.Sequence></pcsExtensions.C1.Sequence>
      </extensionContainer.C3.Sequence>
      <ext_externalClientList.C4.BoxedType>
         <Collection>
            <ExternalClient.Sequence>
               <clientIdentity.Sequence>
                  <externalAddress.C0.BoxedType><Bytes>c176509548f5
                        <field name="extension" value="no extension:1" type="EnumLong" lengthBit="1"/>
                        <field name="nature of address" value="subscriber number:4" type="EnumLong" lengthBit="3"/>
                        <field name="numbering plan" value="ISDN/Telephony Numbering Plan (Rec ITU-T E.164):1" type="EnumLong" lengthBit="4"/>
                        <field name="digits" value="670559845" type="Number_BCD" length="9"/>
                     </Bytes></externalAddress.C0.BoxedType>
                  <extensionContainer.C1.Sequence>
                     <privateExtensionList.C0.BoxedType>
                        <Collection>
                           <PrivateExtension.Sequence>
                              <extId><ObjectIdentifier>0.1.225.46</ObjectIdentifier></extId>
                              <extType>497630</extType>
                           </PrivateExtension.Sequence>
                           <PrivateExtension.Sequence>
                              <extId><ObjectIdentifier>0.1.231.85</ObjectIdentifier></extId>
                              <extType>ab8d3d99a5e49a</extType>
                           </PrivateExtension.Sequence>
                           <PrivateExtension.Sequence>
                              <extId><ObjectIdentifier>0.1.212.61</ObjectIdentifier></extId>
                              <extType>611ed61925f77491a33b</extType>
                           </PrivateExtension.Sequence>
                        </Collection>
                     </privateExtensionList.C0.BoxedType>
                     <pcsExtensions.C1.Sequence></pcsExtensions.C1.Sequence>
                  </extensionContainer.C1.Sequence>
               </clientIdentity.Sequence>
               <gmlc_Restriction.C0.Enum>
                  <EnumType>home_Country.1</EnumType>
               </gmlc_Restriction.C0.Enum>
               <notificationToMSUser.C1.Enum>
                  <EnumType>notifyAndVerify_LocationNotAllowedIfNoResponse.2</EnumType>
               </notificationToMSUser.C1.Enum>
               <extensionContainer.C2.Sequence>
                  <privateExtensionList.C0.BoxedType>
                     <Collection>
                        <PrivateExtension.Sequence>
                           <extId><ObjectIdentifier>0.1.2</ObjectIdentifier></extId>
                           <extType>405acef327df46a96c23</extType>
                        </PrivateExtension.Sequence>
                        <PrivateExtension.Sequence>
                           <extId><ObjectIdentifier>0.1.2</ObjectIdentifier></extId>
                           <extType>d5de8501b7</extType>
                        </PrivateExtension.Sequence>
                        <PrivateExtension.Sequence>
                           <extId><ObjectIdentifier>0.1.275.45.33.80.27.112.13</ObjectIdentifier></extId>
                           <extType>7c08e729eb1f86d9</extType>
                        </PrivateExtension.Sequence>
                     </Collection>
                  </privateExtensionList.C0.BoxedType>
                  <pcsExtensions.C1.Sequence></pcsExtensions.C1.Sequence>
               </extensionContainer.C2.Sequence>
            </ExternalClient.Sequence>
            <ExternalClient.Sequence>
               <clientIdentity.Sequence>
                  <externalAddress.C0.BoxedType><Bytes>b325083163f8
                        <field name="extension" value="no extension:1" type="EnumLong" lengthBit="1"/>
                        <field name="nature of address" value="network specific number:3" type="EnumLong" lengthBit="3"/>
                        <field name="numbering plan" value="data numbering plan (ITU-T Rec X.121):3" type="EnumLong" lengthBit="4"/>
                        <field name="digits" value="528013368" type="Number_BCD" length="9"/>
                     </Bytes></externalAddress.C0.BoxedType>
                  <extensionContainer.C1.Sequence>
                     <privateExtensionList.C0.BoxedType>
                        <Collection>
                           <PrivateExtension.Sequence>
                              <extId><ObjectIdentifier>0.1.269.1.14.107.25.116.97.127</ObjectIdentifier></extId>
                              <extType>88</extType>
                           </PrivateExtension.Sequence>
                           <PrivateExtension.Sequence>
                              <extId><ObjectIdentifier>0.1.258.73.2.98.41.7.3.38.125</ObjectIdentifier></extId>
                              <extType>e980a7ecd5</extType>
                           </PrivateExtension.Sequence>
                           <PrivateExtension.Sequence>
                              <extId><ObjectIdentifier>0.1.20.60.59.38.71.64</ObjectIdentifier></extId>
                              <extType>76fb10e9e378b6</extType>
                           </PrivateExtension.Sequence>
                        </Collection>
                     </privateExtensionList.C0.BoxedType>
                     <pcsExtensions.C1.Sequence></pcsExtensions.C1.Sequence>
                  </extensionContainer.C1.Sequence>
               </clientIdentity.Sequence>
               <gmlc_Restriction.C0.Enum>
                  <EnumType>home_Country.1</EnumType>
               </gmlc_Restriction.C0.Enum>
               <notificationToMSUser.C1.Enum>
                  <EnumType>notifyLocationAllowed.0</EnumType>
               </notificationToMSUser.C1.Enum>
               <extensionContainer.C2.Sequence>
                  <privateExtensionList.C0.BoxedType>
                     <Collection>
                        <PrivateExtension.Sequence>
                           <extId><ObjectIdentifier>0.1.267.124.108.112.28</ObjectIdentifier></extId>
                           <extType>9a3dcc</extType>
                        </PrivateExtension.Sequence>
                        <PrivateExtension.Sequence>
                           <extId><ObjectIdentifier>0.1.256.39.88.6.80.91</ObjectIdentifier></extId>
                           <extType>479ff76d16c1</extType>
                        </PrivateExtension.Sequence>
                        <PrivateExtension.Sequence>
                           <extId><ObjectIdentifier>0.1.2</ObjectIdentifier></extId>
                           <extType>768cd9</extType>
                        </PrivateExtension.Sequence>
                     </Collection>
                  </privateExtensionList.C0.BoxedType>
                  <pcsExtensions.C1.Sequence></pcsExtensions.C1.Sequence>
               </extensionContainer.C2.Sequence>
            </ExternalClient.Sequence>
            <ExternalClient.Sequence>
               <clientIdentity.Sequence>
                  <externalAddress.C0.BoxedType><Bytes>406110792930
                        <field name="extension" value="extension:0" type="EnumLong" lengthBit="1"/>
                        <field name="nature of address" value="subscriber number:4" type="EnumLong" lengthBit="3"/>
                        <field name="numbering plan" value="unknown:0" type="EnumLong" lengthBit="4"/>
                        <field name="digits" value="1601979203" type="Number_BCD" length="10"/>
                     </Bytes></externalAddress.C0.BoxedType>
                  <extensionContainer.C1.Sequence>
                     <privateExtensionList.C0.BoxedType>
                        <Collection>
                           <PrivateExtension.Sequence>
                              <extId><ObjectIdentifier>0.1.286</ObjectIdentifier></extId>
                              <extType>b6892c</extType>
                           </PrivateExtension.Sequence>
                           <PrivateExtension.Sequence>
                              <extId><ObjectIdentifier>0.1.229.22.108.52.103</ObjectIdentifier></extId>
                              <extType>fc365ddfce7a0cd7</extType>
                           </PrivateExtension.Sequence>
                           <PrivateExtension.Sequence>
                              <extId><ObjectIdentifier>0.1.2125.97.3.22.26</ObjectIdentifier></extId>
                              <extType>9e84cd04a8407b9c629b</extType>
                           </PrivateExtension.Sequence>
                        </Collection>
                     </privateExtensionList.C0.BoxedType>
                     <pcsExtensions.C1.Sequence></pcsExtensions.C1.Sequence>
                  </extensionContainer.C1.Sequence>
               </clientIdentity.Sequence>
               <gmlc_Restriction.C0.Enum>
                  <EnumType>gmlc_List.0</EnumType>
               </gmlc_Restriction.C0.Enum>
               <notificationToMSUser.C1.Enum>
                  <EnumType>notifyAndVerify_LocationAllowedIfNoResponse.1</EnumType>
               </notificationToMSUser.C1.Enum>
               <extensionContainer.C2.Sequence>
                  <privateExtensionList.C0.BoxedType>
                     <Collection>
                        <PrivateExtension.Sequence>
                           <extId><ObjectIdentifier>0.1.284.66.124.81</ObjectIdentifier></extId>
                           <extType>c3f3dc300437262b</extType>
                        </PrivateExtension.Sequence>
                        <PrivateExtension.Sequence>
                           <extId><ObjectIdentifier>0.1.2102.82.39.122.85.11.69.72.7</ObjectIdentifier></extId>
                           <extType>823dc05ba43382</extType>
                        </PrivateExtension.Sequence>
                        <PrivateExtension.Sequence>
                           <extId><ObjectIdentifier>0.1.291</ObjectIdentifier></extId>
                           <extType>45624d5e</extType>
                        </PrivateExtension.Sequence>
                     </Collection>
                  </privateExtensionList.C0.BoxedType>
                  <pcsExtensions.C1.Sequence></pcsExtensions.C1.Sequence>
               </extensionContainer.C2.Sequence>
            </ExternalClient.Sequence>
         </Collection>
      </ext_externalClientList.C4.BoxedType>
      <serviceTypeList.C5.BoxedType>
         <Collection>
            <ServiceType.Sequence>
               <serviceTypeIdentity.BoxedType><Integer>0</Integer></serviceTypeIdentity.BoxedType>
               <gmlc_Restriction.C0.Enum>
                  <EnumType>gmlc_List.0</EnumType>
               </gmlc_Restriction.C0.Enum>
               <notificationToMSUser.C1.Enum>
                  <EnumType>locationNotAllowed.3</EnumType>
               </notificationToMSUser.C1.Enum>
               <extensionContainer.C2.Sequence>
                  <privateExtensionList.C0.BoxedType>
                     <Collection>
                        <PrivateExtension.Sequence>
                           <extId><ObjectIdentifier>0.1.287.86.1</ObjectIdentifier></extId>
                           <extType>424359253106dec5ab</extType>
                        </PrivateExtension.Sequence>
                        <PrivateExtension.Sequence>
                           <extId><ObjectIdentifier>0.1.212.119.58.65.110.33.120</ObjectIdentifier></extId>
                           <extType>491180e1005c</extType>
                        </PrivateExtension.Sequence>
                        <PrivateExtension.Sequence>
                           <extId><ObjectIdentifier>0.1.236.17.4.39.96</ObjectIdentifier></extId>
                           <extType>462e5b</extType>
                        </PrivateExtension.Sequence>
                     </Collection>
                  </privateExtensionList.C0.BoxedType>
                  <pcsExtensions.C1.Sequence></pcsExtensions.C1.Sequence>
               </extensionContainer.C2.Sequence>
            </ServiceType.Sequence>
            <ServiceType.Sequence>
               <serviceTypeIdentity.BoxedType><Integer>2</Integer></serviceTypeIdentity.BoxedType>
               <gmlc_Restriction.C0.Enum>
                  <EnumType>gmlc_List.0</EnumType>
               </gmlc_Restriction.C0.Enum>
               <notificationToMSUser.C1.Enum>
                  <EnumType>notifyAndVerify_LocationAllowedIfNoResponse.1</EnumType>
               </notificationToMSUser.C1.Enum>
               <extensionContainer.C2.Sequence>
                  <privateExtensionList.C0.BoxedType>
                     <Collection>
                        <PrivateExtension.Sequence>
                           <extId><ObjectIdentifier>0.1.297.116</ObjectIdentifier></extId>
                           <extType>9c4ef2</extType>
                        </PrivateExtension.Sequence>
                        <PrivateExtension.Sequence>
                           <extId><ObjectIdentifier>0.1.245</ObjectIdentifier></extId>
                           <extType>1cc056cc88</extType>
                        </PrivateExtension.Sequence>
                        <PrivateExtension.Sequence>
                           <extId><ObjectIdentifier>0.1.262.101.14.93.95.126.74.79.17.89</ObjectIdentifier></extId>
                           <extType>ad30f8b2f8</extType>
                        </PrivateExtension.Sequence>
                     </Collection>
                  </privateExtensionList.C0.BoxedType>
                  <pcsExtensions.C1.Sequence></pcsExtensions.C1.Sequence>
               </extensionContainer.C2.Sequence>
            </ServiceType.Sequence>
            <ServiceType.Sequence>
               <serviceTypeIdentity.BoxedType><Integer>1</Integer></serviceTypeIdentity.BoxedType>
               <gmlc_Restriction.C0.Enum>
                  <EnumType>gmlc_List.0</EnumType>
               </gmlc_Restriction.C0.Enum>
               <notificationToMSUser.C1.Enum>
                  <EnumType>notifyLocationAllowed.0</EnumType>
               </notificationToMSUser.C1.Enum>
               <extensionContainer.C2.Sequence>
                  <privateExtensionList.C0.BoxedType>
                     <Collection>
                        <PrivateExtension.Sequence>
                           <extId><ObjectIdentifier>0.1.267.47.104.77.74.28</ObjectIdentifier></extId>
                           <extType>89</extType>
                        </PrivateExtension.Sequence>
                        <PrivateExtension.Sequence>
                           <extId><ObjectIdentifier>0.1.2122.124.75.19.8.13.3.80</ObjectIdentifier></extId>
                           <extType>f89f</extType>
                        </PrivateExtension.Sequence>
                        <PrivateExtension.Sequence>
                           <extId><ObjectIdentifier>0.1.213.3.58.111.24</ObjectIdentifier></extId>
                           <extType>aadcbf332e3670</extType>
                        </PrivateExtension.Sequence>
                     </Collection>
                  </privateExtensionList.C0.BoxedType>
                  <pcsExtensions.C1.Sequence></pcsExtensions.C1.Sequence>
               </extensionContainer.C2.Sequence>
            </ServiceType.Sequence>
         </Collection>
      </serviceTypeList.C5.BoxedType>
   </LCS_PrivacyClass.Sequence>
</ASN>