<?xml version="1.0" encoding="ISO-8859-15"?>

<ASN layer="MAP">
   <LSAData.Sequence>
      <lsaIdentity.C0.BoxedType><Bytes>f221fa
            <field name="LSA type" value="Universal LSA number:1" type="EnumLong" lengthBit="1"/>
            <field name="Identifier" value="7479802" type="Integer" lengthBit="23"/>
         </Bytes></lsaIdentity.C0.BoxedType>
      <lsaAttributes.C1.BoxedType><Bytes>8e650db7549ad17c92ef</Bytes></lsaAttributes.C1.BoxedType>
      <lsaActiveModeIndicator.C2></lsaActiveModeIndicator.C2>
      <extensionContainer.C3.Sequence>
         <privateExtensionList.C0.BoxedType>
            <Collection>
               <PrivateExtension.Sequence>
                  <extId><ObjectIdentifier>0.1.247.99.66.13.53.115.90.12.7.11</ObjectIdentifier></extId>
                  <extType>6c72e1bbae2e6ebf</extType>
               </PrivateExtension.Sequence>
               <PrivateExtension.Sequence>
                  <extId><ObjectIdentifier>0.1.2</ObjectIdentifier></extId>
                  <extType>c0</extType>
               </PrivateExtension.Sequence>
               <PrivateExtension.Sequence>
                  <extId><ObjectIdentifier>0.1.2106.64.36.4.63.94.84.30</ObjectIdentifier></extId>
                  <extType>45c1a431</extType>
               </PrivateExtension.Sequence>
            </Collection>
         </privateExtensionList.C0.BoxedType>
         <pcsExtensions.C1.Sequence></pcsExtensions.C1.Sequence>
      </extensionContainer.C3.Sequence>
   </LSAData.Sequence>
</ASN>