<?xml version="1.0" encoding="ISO-8859-15"?>

<ASN layer="MAP">
   <MessageWaitListFullParam.Sequence><extensionContainer.Sequence>
         <privateExtensionList.C0.BoxedType>
            <Collection>
               <PrivateExtension.Sequence>
                  <extId><ObjectIdentifier>0.1.290</ObjectIdentifier></extId>
                  <extType>6ab9fc2e</extType>
               </PrivateExtension.Sequence>
               <PrivateExtension.Sequence>
                  <extId><ObjectIdentifier>0.1.224.80.33.60</ObjectIdentifier></extId>
                  <extType>5def</extType>
               </PrivateExtension.Sequence>
               <PrivateExtension.Sequence>
                  <extId><ObjectIdentifier>0.1.243.42.27.112.59.125.36.7</ObjectIdentifier></extId>
                  <extType>404cd80b03899839</extType>
               </PrivateExtension.Sequence>
            </Collection>
         </privateExtensionList.C0.BoxedType>
         <pcsExtensions.C1.Sequence></pcsExtensions.C1.Sequence>
      </extensionContainer.Sequence></MessageWaitListFullParam.Sequence>
</ASN>