<?xml version="1.0" encoding="ISO-8859-15"?>

<ASN layer="MAP">
   <MM_EventNotSupported_Param.Sequence><extensionContainer.Sequence>
         <privateExtensionList.C0.BoxedType>
            <Collection>
               <PrivateExtension.Sequence>
                  <extId><ObjectIdentifier>0.1.260.88.107.117.117.65.61.126.68.1</ObjectIdentifier></extId>
                  <extType>1d6460fe</extType>
               </PrivateExtension.Sequence>
               <PrivateExtension.Sequence>
                  <extId><ObjectIdentifier>0.1.223.59.40.9.30.1</ObjectIdentifier></extId>
                  <extType>d9630579</extType>
               </PrivateExtension.Sequence>
               <PrivateExtension.Sequence>
                  <extId><ObjectIdentifier>0.1.2</ObjectIdentifier></extId>
                  <extType>d1d6fa170592b61f9b</extType>
               </PrivateExtension.Sequence>
            </Collection>
         </privateExtensionList.C0.BoxedType>
         <pcsExtensions.C1.Sequence></pcsExtensions.C1.Sequence>
      </extensionContainer.Sequence></MM_EventNotSupported_Param.Sequence>
</ASN>