<?xml version="1.0" encoding="ISO-8859-15"?>

<ASN layer="MAP">
   <Mo_forwardSM_Res.Sequence>
      <sm_RP_UI.BoxedType><Bytes>95e10a0e1262709971f59dfcc8cbb61f48
            <element label="SMS-SUBMIT" coding="V" binary="95">
               <field name="TP-RP" value="TP Reply Path parameter is set in this SMS SUBMIT/DELIVER:1" type="EnumLong" lengthBit="1"/>
               <field name="TP-UDHI" value="The TP UD field contains only the short message:0" type="EnumLong" lengthBit="1"/>
               <field name="TP-SRR" value="A status report is not requested:0" type="EnumLong" lengthBit="1"/>
               <field name="TP-VPF" value="TP VP field present - relative format:2" type="EnumLong" lengthBit="2"/>
               <field name="TP-RD" value="Instruct the SC to reject duplicates:1" type="EnumLong" lengthBit="1"/>
               <field name="TP-MTI" value="SMS-SUBMIT / SMS-SUBMIT-REPORT:1" type="EnumLong" lengthBit="2"/>
            </element>
            <element label="TP-MR" coding="V" binary="e1">
               <field name="TP-MR" value="225" type="Integer" length="1"/>
            </element>
            <element label="TP-DA" coding="V">
               <element label="Address" coding="DV" binary="0e1262709971">
                  <field name="extension" value="extension:0" type="EnumLong" lengthBit="1"/>
                  <field name="nature of address" value="unknown:0" type="EnumLong" lengthBit="3"/>
                  <field name="numbering plan" value="14" type="EnumLong" lengthBit="4"/>
                  <field name="digits" value="2126079917" type="Number_BCD" length="10"/>
               </element>
            </element>
            <element label="TP-PID" coding="V" binary="f5">
               <field name="assignment" value="Assigns bits 0 5 for SC specific use:3" type="EnumLong" lengthBit="2"/>
               <field name="telematic interworking" value="telematic interworking:1" type="EnumLong" lengthBit="1"/>
               <field name="telematic devices" value="(reserved, 5 combinations):21" type="EnumLong" lengthBit="5"/>
            </element>
            <element label="TP-DCS" coding="V" binary="9d">
               <field name="Coding Group Bits" value="Reserved coding groups:2" type="EnumLong" lengthBit="2"/>
               <field name="Compression" value="the text is uncompressed:0" type="EnumLong" lengthBit="1"/>
               <field name="Bit 1-0 significance" value="bits 1 to 0 have a message class meaning:1" type="EnumLong" lengthBit="1"/>
               <field name="Alphabet" value="Reserved:3" type="EnumLong" lengthBit="2"/>
               <field name="Message Class" value="Class 1 Default meaning ME-specific:1" type="EnumLong" lengthBit="2"/>
            </element>
            <element label="TP-VP" coding="V" binary="fc">
               <field name="TP-VP" value="60 w(eeks):252" type="EnumLong" length="1"/>
            </element>
            <element label="TP-UD" coding="V" binary="c8cbb61f48">
               <field name="TP-UDL" value="200" type="Integer" length="1"/>
               <field name="TP-UD" value="cbb61f48" type="Binary" length="4"/>
            </element>
         </Bytes></sm_RP_UI.BoxedType>
      <extensionContainer.Sequence>
         <privateExtensionList.C0.BoxedType>
            <Collection>
               <PrivateExtension.Sequence>
                  <extId><ObjectIdentifier>0.1.282.33.8.29.84.120.60.116</ObjectIdentifier></extId>
                  <extType>39e1aec51e</extType>
               </PrivateExtension.Sequence>
               <PrivateExtension.Sequence>
                  <extId><ObjectIdentifier>0.1.256.98.127.83.42.37.36.97.94</ObjectIdentifier></extId>
                  <extType>1c336130be17788c</extType>
               </PrivateExtension.Sequence>
               <PrivateExtension.Sequence>
                  <extId><ObjectIdentifier>0.1.2102.33.118</ObjectIdentifier></extId>
                  <extType>ba87c154</extType>
               </PrivateExtension.Sequence>
            </Collection>
         </privateExtensionList.C0.BoxedType>
         <pcsExtensions.C1.Sequence></pcsExtensions.C1.Sequence>
      </extensionContainer.Sequence>
   </Mo_forwardSM_Res.Sequence>
</ASN>