<?xml version="1.0" encoding="ISO-8859-15"?>

<ASN layer="MAP">
   <Mo_forwardSM_Arg.Sequence>
      <sm_RP_DA.Choice>
         <imsi.C0.BoxedType><Bytes>69162773f2
               <field name="digits" value="966172372" type="Number_BCD" length="9"/>
            </Bytes></imsi.C0.BoxedType>
         <lmsi.C1.BoxedType><Bytes>6b436ce565c1bf574f
               <field name="digits" value="6b436ce565c1bf574f" type="Binary" length="9"/>
            </Bytes></lmsi.C1.BoxedType>
         <serviceCentreAddressDA.C4.BoxedType><Bytes>a91212065370
               <field name="extension" value="no extension:1" type="EnumLong" lengthBit="1"/>
               <field name="nature of address" value="national significant number:2" type="EnumLong" lengthBit="3"/>
               <field name="numbering plan" value="private numbering plan:9" type="EnumLong" lengthBit="4"/>
               <field name="digits" value="2121603507" type="Number_BCD" length="10"/>
            </Bytes></serviceCentreAddressDA.C4.BoxedType>
         <noSM_RP_DA.C5></noSM_RP_DA.C5>
      </sm_RP_DA.Choice>
      <sm_RP_OA.Choice>
         <msisdn.C2.BoxedType><Bytes>e689977489f1
               <field name="extension" value="no extension:1" type="EnumLong" lengthBit="1"/>
               <field name="nature of address" value="abbreviated number:6" type="EnumLong" lengthBit="3"/>
               <field name="numbering plan" value="land mobile numbering plan (ITU-T Rec E.212):6" type="EnumLong" lengthBit="4"/>
               <field name="digits" value="987947981" type="Number_BCD" length="9"/>
            </Bytes></msisdn.C2.BoxedType>
         <serviceCentreAddressOA.C4.BoxedType><Bytes>210107999115
               <field name="extension" value="extension:0" type="EnumLong" lengthBit="1"/>
               <field name="nature of address" value="national significant number:2" type="EnumLong" lengthBit="3"/>
               <field name="numbering plan" value="ISDN/Telephony Numbering Plan (Rec ITU-T E.164):1" type="EnumLong" lengthBit="4"/>
               <field name="digits" value="1070991951" type="Number_BCD" length="10"/>
            </Bytes></serviceCentreAddressOA.C4.BoxedType>
         <noSM_RP_OA.C5></noSM_RP_OA.C5>
      </sm_RP_OA.Choice>
      <sm_RP_UI.BoxedType><Bytes>a00a874105896001fef90000716301784258cf311d11bc
            <element label="SMS-DELIVER" coding="V" binary="a0">
               <field name="TP-RP" value="TP Reply Path parameter is set in this SMS SUBMIT/DELIVER:1" type="EnumLong" lengthBit="1"/>
               <field name="TP-UDHI" value="The TP UD field contains only the short message:0" type="EnumLong" lengthBit="1"/>
               <field name="TP-SRI" value="A status report is requested:1" type="EnumLong" lengthBit="1"/>
               <field name="NA" value="0" type="Integer" lengthBit="1"/>
               <field name="TP-LP" value="The message has not been forwarded and is not a spawned message:0" type="EnumLong" lengthBit="1"/>
               <field name="TP-MMS" value="More messages are waiting for the MS in this SC:0" type="EnumLong" lengthBit="1"/>
               <field name="TP-MTI" value="SMS-DELIVER / SMS-DELIVER-REPORT:0" type="EnumLong" lengthBit="2"/>
            </element>
            <element label="TP-OA" coding="V">
               <element label="Address" coding="DV" binary="874105896001">
                  <field name="extension" value="no extension:1" type="EnumLong" lengthBit="1"/>
                  <field name="nature of address" value="unknown:0" type="EnumLong" lengthBit="3"/>
                  <field name="numbering plan" value="spare:7" type="EnumLong" lengthBit="4"/>
                  <field name="digits" value="1450980610" type="Number_BCD" length="10"/>
               </element>
            </element>
            <element label="TP-PID" coding="V" binary="fe">
               <field name="assignment" value="Assigns bits 0 5 for SC specific use:3" type="EnumLong" lengthBit="2"/>
               <field name="telematic interworking" value="telematic interworking:1" type="EnumLong" lengthBit="1"/>
               <field name="telematic devices" value="values specific to each SC,:30" type="EnumLong" lengthBit="5"/>
            </element>
            <element label="TP-DCS" coding="V" binary="f9">
               <field name="Coding Group Bits" value="Message Waiting Indication Group:3" type="EnumLong" lengthBit="2"/>
               <field name="Compression" value="the text is compressed using the GSM standard:1" type="EnumLong" lengthBit="1"/>
               <field name="Bit 1-0 significance" value="bits 1 to 0 have a message class meaning:1" type="EnumLong" lengthBit="1"/>
               <field name="Alphabet" value="UCS2 (16bit) {UTF-16BE}:2" type="EnumLong" lengthBit="2"/>
               <field name="Message Class" value="Class 1 Default meaning ME-specific:1" type="EnumLong" lengthBit="2"/>
            </element>
            <element label="TP-SCTS" coding="V" binary="00007163017842">
               <field name="TP-SCTS" value="00001736108724" type="Number_BCD" length="7"/>
            </element>
            <element label="TP-UD" coding="V" binary="58cf311d11bc">
               <field name="TP-UDL" value="88" type="Integer" length="1"/>
               <field name="TP-UD" value="cf311d11bc" type="Binary" length="5"/>
            </element>
         </Bytes></sm_RP_UI.BoxedType>
      <extensionContainer.Sequence>
         <privateExtensionList.C0.BoxedType>
            <Collection>
               <PrivateExtension.Sequence>
                  <extId><ObjectIdentifier>0.1.215.110.94.41.93.115.28.23.128</ObjectIdentifier></extId>
                  <extType>0162</extType>
               </PrivateExtension.Sequence>
               <PrivateExtension.Sequence>
                  <extId><ObjectIdentifier>0.1.287.63.84.91.93</ObjectIdentifier></extId>
                  <extType>671c</extType>
               </PrivateExtension.Sequence>
               <PrivateExtension.Sequence>
                  <extId><ObjectIdentifier>0.1.242.65.120.64.6.98.91.5</ObjectIdentifier></extId>
                  <extType>a7</extType>
               </PrivateExtension.Sequence>
            </Collection>
         </privateExtensionList.C0.BoxedType>
         <pcsExtensions.C1.Sequence></pcsExtensions.C1.Sequence>
      </extensionContainer.Sequence>
      <imsi.BoxedType><Bytes>2144639888
            <field name="digits" value="1244368988" type="Number_BCD" length="10"/>
         </Bytes></imsi.BoxedType>
   </Mo_forwardSM_Arg.Sequence>
</ASN>