<?xml version="1.0" encoding="ISO-8859-15"?>

<ASN layer="MAP">
   <MOLR_Class.Sequence>
      <ss_Code.BoxedType><Bytes>547e3dbd</Bytes></ss_Code.BoxedType>
      <ss_Status.BoxedType><Bytes>50f7c1c12f4d282352</Bytes></ss_Status.BoxedType>
      <extensionContainer.C0.Sequence>
         <privateExtensionList.C0.BoxedType>
            <Collection>
               <PrivateExtension.Sequence>
                  <extId><ObjectIdentifier>0.1.2109.97</ObjectIdentifier></extId>
                  <extType>b5621dc5b38dc3</extType>
               </PrivateExtension.Sequence>
               <PrivateExtension.Sequence>
                  <extId><ObjectIdentifier>0.1.283.25</ObjectIdentifier></extId>
                  <extType>de70bc154e3f7c8dab</extType>
               </PrivateExtension.Sequence>
               <PrivateExtension.Sequence>
                  <extId><ObjectIdentifier>0.1.237</ObjectIdentifier></extId>
                  <extType>10c273eb8e39bd2b</extType>
               </PrivateExtension.Sequence>
            </Collection>
         </privateExtensionList.C0.BoxedType>
         <pcsExtensions.C1.Sequence></pcsExtensions.C1.Sequence>
      </extensionContainer.C0.Sequence>
   </MOLR_Class.Sequence>
</ASN>