<?xml version="1.0" encoding="ISO-8859-15"?>

<ASN layer="MAP">
   <Mt_forwardSM_Arg.Sequence>
      <sm_RP_DA.Choice>
         <imsi.C0.BoxedType><Bytes>4111753677
               <field name="digits" value="1411576377" type="Number_BCD" length="10"/>
            </Bytes></imsi.C0.BoxedType>
         <lmsi.C1.BoxedType><Bytes>c5a80151
               <field name="digits" value="c5a80151" type="Binary" length="4"/>
            </Bytes></lmsi.C1.BoxedType>
         <serviceCentreAddressDA.C4.BoxedType><Bytes>e10132658582
               <field name="extension" value="no extension:1" type="EnumLong" lengthBit="1"/>
               <field name="nature of address" value="abbreviated number:6" type="EnumLong" lengthBit="3"/>
               <field name="numbering plan" value="ISDN/Telephony Numbering Plan (Rec ITU-T E.164):1" type="EnumLong" lengthBit="4"/>
               <field name="digits" value="1023565828" type="Number_BCD" length="10"/>
            </Bytes></serviceCentreAddressDA.C4.BoxedType>
         <noSM_RP_DA.C5></noSM_RP_DA.C5>
      </sm_RP_DA.Choice>
      <sm_RP_OA.Choice>
         <msisdn.C2.BoxedType><Bytes>742158401938
               <field name="extension" value="extension:0" type="EnumLong" lengthBit="1"/>
               <field name="nature of address" value="reserved for extension:7" type="EnumLong" lengthBit="3"/>
               <field name="numbering plan" value="telex numbering plan (ITU-T Rec F.69):4" type="EnumLong" lengthBit="4"/>
               <field name="digits" value="1285049183" type="Number_BCD" length="10"/>
            </Bytes></msisdn.C2.BoxedType>
         <serviceCentreAddressOA.C4.BoxedType><Bytes>5896446507f8
               <field name="extension" value="extension:0" type="EnumLong" lengthBit="1"/>
               <field name="nature of address" value="reserved:5" type="EnumLong" lengthBit="3"/>
               <field name="numbering plan" value="national numbering plan:8" type="EnumLong" lengthBit="4"/>
               <field name="digits" value="694456708" type="Number_BCD" length="9"/>
            </Bytes></serviceCentreAddressOA.C4.BoxedType>
         <noSM_RP_OA.C5></noSM_RP_OA.C5>
      </sm_RP_OA.Choice>
      <sm_RP_UI.BoxedType><Bytes>6d2709d104856933f47595e4ed76bb0e3c15ef
            <element label="SMS-SUBMIT" coding="V" binary="6d">
               <field name="TP-RP" value="TP Reply Path parameter is not set in this SMS SUBMIT/DELIVER:0" type="EnumLong" lengthBit="1"/>
               <field name="TP-UDHI" value="The beginning of the TP UD field contains a Header in addition to the short message:1" type="EnumLong" lengthBit="1"/>
               <field name="TP-SRR" value="A status report is requested:1" type="EnumLong" lengthBit="1"/>
               <field name="TP-VPF" value="TP-VP field present - enhanced format:1" type="EnumLong" lengthBit="2"/>
               <field name="TP-RD" value="Instruct the SC to reject duplicates:1" type="EnumLong" lengthBit="1"/>
               <field name="TP-MTI" value="SMS-SUBMIT / SMS-SUBMIT-REPORT:1" type="EnumLong" lengthBit="2"/>
            </element>
            <element label="TP-MR" coding="V" binary="27">
               <field name="TP-MR" value="39" type="Integer" length="1"/>
            </element>
            <element label="TP-DA" coding="V">
               <element label="Address" coding="DV" binary="d104856933f4">
                  <field name="extension" value="no extension:1" type="EnumLong" lengthBit="1"/>
                  <field name="nature of address" value="reserved:5" type="EnumLong" lengthBit="3"/>
                  <field name="numbering plan" value="ISDN/Telephony Numbering Plan (Rec ITU-T E.164):1" type="EnumLong" lengthBit="4"/>
                  <field name="digits" value="405896334" type="Number_BCD" length="9"/>
               </element>
            </element>
            <element label="TP-PID" coding="V" binary="75">
               <field name="assignment" value="Assigns bits 0..5 as defined below:1" type="EnumLong" lengthBit="2"/>
               <field name="telematic interworking" value="telematic interworking:1" type="EnumLong" lengthBit="1"/>
               <field name="telematic devices" value="(reserved, 5 combinations):21" type="EnumLong" lengthBit="5"/>
            </element>
            <element label="TP-DCS" coding="V" binary="95">
               <field name="Coding Group Bits" value="Reserved coding groups:2" type="EnumLong" lengthBit="2"/>
               <field name="Compression" value="the text is uncompressed:0" type="EnumLong" lengthBit="1"/>
               <field name="Bit 1-0 significance" value="bits 1 to 0 have a message class meaning:1" type="EnumLong" lengthBit="1"/>
               <field name="Alphabet" value="8 bit data {UTF-8}:1" type="EnumLong" lengthBit="2"/>
               <field name="Message Class" value="Class 1 Default meaning ME-specific:1" type="EnumLong" lengthBit="2"/>
            </element>
            <element label="TP-VP" coding="V" binary="e4">
               <field name="TP-VP" value="36 w(eeks):228" type="EnumLong" length="1"/>
            </element>
            <element label="TP-UD" coding="V" binary="ed76bb0e3c15ef">
               <field name="TP-UDL" value="237" type="Integer" length="1"/>
               <field name="TP-UD" value="76bb0e3c15ef" type="Binary" length="6"/>
            </element>
         </Bytes></sm_RP_UI.BoxedType>
      <moreMessagesToSend></moreMessagesToSend>
      <extensionContainer.Sequence>
         <privateExtensionList.C0.BoxedType>
            <Collection>
               <PrivateExtension.Sequence>
                  <extId><ObjectIdentifier>0.1.29.99.113.23.63.1.104.23.8</ObjectIdentifier></extId>
                  <extType>50c882894de184</extType>
               </PrivateExtension.Sequence>
               <PrivateExtension.Sequence>
                  <extId><ObjectIdentifier>0.1.294.16.30.0.2.118.56</ObjectIdentifier></extId>
                  <extType>20db1ac4d15d41f7e88c</extType>
               </PrivateExtension.Sequence>
               <PrivateExtension.Sequence>
                  <extId><ObjectIdentifier>0.1.268</ObjectIdentifier></extId>
                  <extType>72f2c2b3acb85393</extType>
               </PrivateExtension.Sequence>
            </Collection>
         </privateExtensionList.C0.BoxedType>
         <pcsExtensions.C1.Sequence></pcsExtensions.C1.Sequence>
      </extensionContainer.Sequence>
   </Mt_forwardSM_Arg.Sequence>
</ASN>