<?xml version="1.0" encoding="ISO-8859-15"?>

<ASN layer="MAP">
   <Mt_forwardSM_Res.Sequence>
      <sm_RP_UI.BoxedType><Bytes>e97a0aa7710195057494c2ff2081a0f26455
            <element label="SMS-SUBMIT" coding="V" binary="e9">
               <field name="TP-RP" value="TP Reply Path parameter is set in this SMS SUBMIT/DELIVER:1" type="EnumLong" lengthBit="1"/>
               <field name="TP-UDHI" value="The beginning of the TP UD field contains a Header in addition to the short message:1" type="EnumLong" lengthBit="1"/>
               <field name="TP-SRR" value="A status report is requested:1" type="EnumLong" lengthBit="1"/>
               <field name="TP-VPF" value="TP-VP field present - enhanced format:1" type="EnumLong" lengthBit="2"/>
               <field name="TP-RD" value="Instruct the SC to accept duplicates:0" type="EnumLong" lengthBit="1"/>
               <field name="TP-MTI" value="SMS-SUBMIT / SMS-SUBMIT-REPORT:1" type="EnumLong" lengthBit="2"/>
            </element>
            <element label="TP-MR" coding="V" binary="7a">
               <field name="TP-MR" value="122" type="Integer" length="1"/>
            </element>
            <element label="TP-DA" coding="V">
               <element label="Address" coding="DV" binary="a77101950574">
                  <field name="extension" value="no extension:1" type="EnumLong" lengthBit="1"/>
                  <field name="nature of address" value="national significant number:2" type="EnumLong" lengthBit="3"/>
                  <field name="numbering plan" value="spare:7" type="EnumLong" lengthBit="4"/>
                  <field name="digits" value="1710595047" type="Number_BCD" length="10"/>
               </element>
            </element>
            <element label="TP-PID" coding="V" binary="94">
               <field name="assignment" value="reserved:2" type="EnumLong" lengthBit="2"/>
               <field name="telematic interworking" value="no interworking, but SME to SME protocol:0" type="EnumLong" lengthBit="1"/>
               <field name="telematic devices" value="(reserved, 5 combinations):20" type="EnumLong" lengthBit="5"/>
            </element>
            <element label="TP-DCS" coding="V" binary="c2">
               <field name="Coding Group Bits" value="Message Waiting Indication Group:3" type="EnumLong" lengthBit="2"/>
               <field name="Compression" value="the text is uncompressed:0" type="EnumLong" lengthBit="1"/>
               <field name="Bit 1-0 significance" value="bits 1 to 0 are reserved and have no message class meaning:0" type="EnumLong" lengthBit="1"/>
               <field name="Alphabet" value="Default alphabet {SCGSM}:0" type="EnumLong" lengthBit="2"/>
               <field name="Message Class" value="Class 2 SIM specific message:2" type="EnumLong" lengthBit="2"/>
            </element>
            <element label="TP-VP" coding="V" binary="ff">
               <field name="TP-VP" value="63 w(eeks):255" type="EnumLong" length="1"/>
            </element>
            <element label="TP-UD" coding="V" binary="2081a0f26455">
               <field name="TP-UDL" value="32" type="Integer" length="1"/>
               <field name="TP-UD" value="81a0f26455" type="Binary" length="5"/>
            </element>
         </Bytes></sm_RP_UI.BoxedType>
      <extensionContainer.Sequence>
         <privateExtensionList.C0.BoxedType>
            <Collection>
               <PrivateExtension.Sequence>
                  <extId><ObjectIdentifier>0.1.213.102.120.50.29</ObjectIdentifier></extId>
                  <extType>b22d06df02b3</extType>
               </PrivateExtension.Sequence>
               <PrivateExtension.Sequence>
                  <extId><ObjectIdentifier>0.1.270.8.119.69</ObjectIdentifier></extId>
                  <extType>5a4c7827fe6145f531</extType>
               </PrivateExtension.Sequence>
               <PrivateExtension.Sequence>
                  <extId><ObjectIdentifier>0.1.2</ObjectIdentifier></extId>
                  <extType>50a5e95aba7d</extType>
               </PrivateExtension.Sequence>
            </Collection>
         </privateExtensionList.C0.BoxedType>
         <pcsExtensions.C1.Sequence></pcsExtensions.C1.Sequence>
      </extensionContainer.Sequence>
   </Mt_forwardSM_Res.Sequence>
</ASN>