<?xml version="1.0" encoding="ISO-8859-15"?>

<ASN layer="MAP">
   <NoGroupCallNbParam.Sequence><extensionContainer.Sequence>
         <privateExtensionList.C0.BoxedType>
            <Collection>
               <PrivateExtension.Sequence>
                  <extId><ObjectIdentifier>0.1.2101.19.68</ObjectIdentifier></extId>
                  <extType>12d58ae674f9</extType>
               </PrivateExtension.Sequence>
               <PrivateExtension.Sequence>
                  <extId><ObjectIdentifier>0.1.248.97.49</ObjectIdentifier></extId>
                  <extType>72fed3f6</extType>
               </PrivateExtension.Sequence>
               <PrivateExtension.Sequence>
                  <extId><ObjectIdentifier>0.1.257.103.105.63.65.19.80.105.74.37</ObjectIdentifier></extId>
                  <extType>ae57e6</extType>
               </PrivateExtension.Sequence>
            </Collection>
         </privateExtensionList.C0.BoxedType>
         <pcsExtensions.C1.Sequence></pcsExtensions.C1.Sequence>
      </extensionContainer.Sequence></NoGroupCallNbParam.Sequence>
</ASN>