<?xml version="1.0" encoding="ISO-8859-15"?>

<ASN layer="MAP">
   <NoRoamingNbParam.Sequence><extensionContainer.Sequence>
         <privateExtensionList.C0.BoxedType>
            <Collection>
               <PrivateExtension.Sequence>
                  <extId><ObjectIdentifier>0.1.249.113.105.44.94.120.31.112.26</ObjectIdentifier></extId>
                  <extType>88f696290078e3023a</extType>
               </PrivateExtension.Sequence>
               <PrivateExtension.Sequence>
                  <extId><ObjectIdentifier>0.1.29</ObjectIdentifier></extId>
                  <extType>a697</extType>
               </PrivateExtension.Sequence>
               <PrivateExtension.Sequence>
                  <extId><ObjectIdentifier>0.1.2114.122.61</ObjectIdentifier></extId>
                  <extType>4b43339765cd</extType>
               </PrivateExtension.Sequence>
            </Collection>
         </privateExtensionList.C0.BoxedType>
         <pcsExtensions.C1.Sequence></pcsExtensions.C1.Sequence>
      </extensionContainer.Sequence></NoRoamingNbParam.Sequence>
</ASN>