<?xml version="1.0" encoding="ISO-8859-15"?>

<ASN layer="MAP">
   <NoteMsPresentForGprsArg.Sequence>
      <imsi.C0.BoxedType><Bytes>1107116129
            <field name="digits" value="1170111692" type="Number_BCD" length="10"/>
         </Bytes></imsi.C0.BoxedType>
      <sgsn_Address.C1.BoxedType><Bytes>5179a0c9ca
            <field name="Address type" value="IPV6:1" type="EnumLong" lengthBit="2"/>
            <field name="AddressLength" value="17" type="Integer" lengthBit="6"/>
            <field name="IPV4 address" value="121.160.201.202" type="IPV4Address" length="4"/>
         </Bytes></sgsn_Address.C1.BoxedType>
      <ggsn_Address.C2.BoxedType><Bytes>76168e90ed
            <field name="Address type" value="IPV6:1" type="EnumLong" lengthBit="2"/>
            <field name="AddressLength" value="54" type="Integer" lengthBit="6"/>
            <field name="IPV4 address" value="22.142.144.237" type="IPV4Address" length="4"/>
         </Bytes></ggsn_Address.C2.BoxedType>
      <extensionContainer.C3.Sequence>
         <privateExtensionList.C0.BoxedType>
            <Collection>
               <PrivateExtension.Sequence>
                  <extId><ObjectIdentifier>0.1.228.108.30.112.41.0.53.88.66</ObjectIdentifier></extId>
                  <extType>0ffb6a</extType>
               </PrivateExtension.Sequence>
               <PrivateExtension.Sequence>
                  <extId><ObjectIdentifier>0.1.233.58.123.29.76.94</ObjectIdentifier></extId>
                  <extType>6ec5e46a</extType>
               </PrivateExtension.Sequence>
               <PrivateExtension.Sequence>
                  <extId><ObjectIdentifier>0.1.2119.16.107.57.93.124.115.66.97</ObjectIdentifier></extId>
                  <extType>5a1dc2655f0915</extType>
               </PrivateExtension.Sequence>
            </Collection>
         </privateExtensionList.C0.BoxedType>
         <pcsExtensions.C1.Sequence></pcsExtensions.C1.Sequence>
      </extensionContainer.C3.Sequence>
   </NoteMsPresentForGprsArg.Sequence>
</ASN>