<?xml version="1.0" encoding="ISO-8859-15"?>

<ASN layer="MAP">
   <NoteMM_EventRes.Sequence><extensionContainer.Sequence>
         <privateExtensionList.C0.BoxedType>
            <Collection>
               <PrivateExtension.Sequence>
                  <extId><ObjectIdentifier>0.1.2106.67.100.80.41.92.79.40.34</ObjectIdentifier></extId>
                  <extType>4f6598ec9efc08a97bc1</extType>
               </PrivateExtension.Sequence>
               <PrivateExtension.Sequence>
                  <extId><ObjectIdentifier>0.1.2113.104</ObjectIdentifier></extId>
                  <extType>d950e21647f7be</extType>
               </PrivateExtension.Sequence>
               <PrivateExtension.Sequence>
                  <extId><ObjectIdentifier>0.1.241.35.79.45.77.19.86.38.69</ObjectIdentifier></extId>
                  <extType>5390d10d53e373a777</extType>
               </PrivateExtension.Sequence>
            </Collection>
         </privateExtensionList.C0.BoxedType>
         <pcsExtensions.C1.Sequence></pcsExtensions.C1.Sequence>
      </extensionContainer.Sequence></NoteMM_EventRes.Sequence>
</ASN>