<?xml version="1.0" encoding="ISO-8859-15"?>

<ASN layer="MAP">
   <NoteMM_EventArg.Sequence>
      <serviceKey.BoxedType><Integer>1</Integer></serviceKey.BoxedType>
      <eventMet.C0.BoxedType><Bytes>5cccdd</Bytes></eventMet.C0.BoxedType>
      <imsi.C1.BoxedType><Bytes>27413003f3
            <field name="digits" value="721403303" type="Number_BCD" length="9"/>
         </Bytes></imsi.C1.BoxedType>
      <msisdn.C2.BoxedType><Bytes>5979653031f1
            <field name="extension" value="extension:0" type="EnumLong" lengthBit="1"/>
            <field name="nature of address" value="reserved:5" type="EnumLong" lengthBit="3"/>
            <field name="numbering plan" value="private numbering plan:9" type="EnumLong" lengthBit="4"/>
            <field name="digits" value="975603131" type="Number_BCD" length="9"/>
         </Bytes></msisdn.C2.BoxedType>
      <locationInformation.C3.Sequence>
         <ageOfLocationInformation.BoxedType><Integer>[1-32766] minuts:1</Integer></ageOfLocationInformation.BoxedType>
         <geographicalInformation.C0.BoxedType><Bytes>abe900e8074a5911
               <field name="TypeOfShape" value="Ellipsoid Arc:10" type="EnumLong" lengthBit="4"/>
               <field name="spare" value="11" type="Integer" lengthBit="4"/>
               <field name="DegreesOfLatitude" value="15270120" type="Integer" length="3"/>
               <field name="DegreesOfLongitude" value="477785" type="Integer" length="3"/>
               <field name="UncertaintyCode" value="17" type="Integer" length="1"/>
            </Bytes></geographicalInformation.C0.BoxedType>
         <vlr_number.C1.BoxedType><Bytes>d656110682f2
               <field name="extension" value="no extension:1" type="EnumLong" lengthBit="1"/>
               <field name="nature of address" value="reserved:5" type="EnumLong" lengthBit="3"/>
               <field name="numbering plan" value="land mobile numbering plan (ITU-T Rec E.212):6" type="EnumLong" lengthBit="4"/>
               <field name="digits" value="651160282" type="Number_BCD" length="9"/>
            </Bytes></vlr_number.C1.BoxedType>
         <locationNumber.C2.BoxedType><Bytes>85353160251719
               <field name="Odd/even (O/E)" value="odd number of address signals:1" type="EnumLong" lengthBit="1"/>
               <field name="Nature of address" value="network-specific number (national use):5" type="EnumLong" lengthBit="7"/>
               <field name="Internal Network Number (INN)" value="routing to internal number allowed:0" type="EnumLong" lengthBit="1"/>
               <field name="Numbering plan" value="Data numbering plan (ITU-T Recommendation X.121):3" type="EnumLong" lengthBit="3"/>
               <field name="Address presentation restricted" value="presentation restricted:1" type="EnumLong" lengthBit="2"/>
               <field name="Screening" value="user provided, verified and passed:1" type="EnumLong" lengthBit="2"/>
               <field name="digits" value="1306527191" type="Number_BCD" length="10"/>
            </Bytes></locationNumber.C2.BoxedType>
         <cellGlobalIdOrServiceAreaIdOrLAI.C3.Choice>
            <cellGlobalIdOrServiceAreaIdFixedLength.C0.BoxedType><Bytes>01757145661a06
                  <field name="MMC" value="105,177" type="NumberMMC" length="3"/>
                  <field name="LAC" value="17766" type="Integer" length="2"/>
                  <field name="CI_SAC" value="6662" type="Integer" length="2"/>
               </Bytes></cellGlobalIdOrServiceAreaIdFixedLength.C0.BoxedType>
            <laiFixedLength.C1.BoxedType><Bytes>1277421140
                  <field name="MMC" value="217,247" type="NumberMMC" length="3"/>
                  <field name="LAC" value="4416" type="Integer" length="2"/>
               </Bytes></laiFixedLength.C1.BoxedType>
         </cellGlobalIdOrServiceAreaIdOrLAI.C3.Choice>
         <extensionContainer.C4.Sequence>
            <privateExtensionList.C0.BoxedType>
               <Collection>
                  <PrivateExtension.Sequence>
                     <extId><ObjectIdentifier>0.1.253.7.74.120.84.11.39.41.52</ObjectIdentifier></extId>
                     <extType>63</extType>
                  </PrivateExtension.Sequence>
                  <PrivateExtension.Sequence>
                     <extId><ObjectIdentifier>0.1.254.104.54.75.107.109.46.124.13</ObjectIdentifier></extId>
                     <extType>c95f687f</extType>
                  </PrivateExtension.Sequence>
                  <PrivateExtension.Sequence>
                     <extId><ObjectIdentifier>0.1.285.66.105.26.92.123.28.117</ObjectIdentifier></extId>
                     <extType>cf6cbf8a7f74213b</extType>
                  </PrivateExtension.Sequence>
               </Collection>
            </privateExtensionList.C0.BoxedType>
            <pcsExtensions.C1.Sequence></pcsExtensions.C1.Sequence>
         </extensionContainer.C4.Sequence>
         <selectedLSA_Id.C5.BoxedType><Bytes>33347e
               <field name="LSA type" value="PLMN significant number:0" type="EnumLong" lengthBit="1"/>
               <field name="Identifier" value="3355774" type="Integer" lengthBit="23"/>
            </Bytes></selectedLSA_Id.C5.BoxedType>
         <msc_Number.C6.BoxedType><Bytes>b59137511939
               <field name="extension" value="no extension:1" type="EnumLong" lengthBit="1"/>
               <field name="nature of address" value="network specific number:3" type="EnumLong" lengthBit="3"/>
               <field name="numbering plan" value="spare:5" type="EnumLong" lengthBit="4"/>
               <field name="digits" value="1973159193" type="Number_BCD" length="10"/>
            </Bytes></msc_Number.C6.BoxedType>
         <geodeticInformation.C7.BoxedType><Bytes>75ba3178f0b62507d584
               <field name="spare" value="7" type="Integer" lengthBit="4"/>
               <field name="LPRI" value="presentation restricted:1" type="EnumLong" lengthBit="2"/>
               <field name="screnning" value="user provided, verified and passed:1" type="EnumLong" lengthBit="2"/>
               <field name="ext" value="1" type="Integer" lengthBit="1"/>
               <field name="TypeOfShape" value="spare:58" type="EnumLong" lengthBit="7"/>
               <field name="DegreesOfLatitude" value="3242224" type="Integer" length="3"/>
               <field name="DegreesOfLongitude" value="11937031" type="Integer" length="3"/>
               <field name="UncertaintyCode" value="213" type="Integer" length="1"/>
               <field name="Confidence" value="132" type="Integer" length="1"/>
            </Bytes></geodeticInformation.C7.BoxedType>
         <currentLocationRetrieved.C8></currentLocationRetrieved.C8>
         <sai_Present.C9></sai_Present.C9>
      </locationInformation.C3.Sequence>
      <supportedCAMELPhases.C5.BoxedType><BitString><BitString value="2fdc" trailing="0"/></BitString></supportedCAMELPhases.C5.BoxedType>
      <extensionContainer.C6.Sequence>
         <privateExtensionList.C0.BoxedType>
            <Collection>
               <PrivateExtension.Sequence>
                  <extId><ObjectIdentifier>0.1.2126.52.54.83.38</ObjectIdentifier></extId>
                  <extType>df9d9b7d49b507</extType>
               </PrivateExtension.Sequence>
               <PrivateExtension.Sequence>
                  <extId><ObjectIdentifier>0.1.2</ObjectIdentifier></extId>
                  <extType>960671fbe9be92</extType>
               </PrivateExtension.Sequence>
               <PrivateExtension.Sequence>
                  <extId><ObjectIdentifier>0.1.253.14.79.109.8.121.18</ObjectIdentifier></extId>
                  <extType>d543</extType>
               </PrivateExtension.Sequence>
            </Collection>
         </privateExtensionList.C0.BoxedType>
         <pcsExtensions.C1.Sequence></pcsExtensions.C1.Sequence>
      </extensionContainer.C6.Sequence>
      <locationInformationGPRS.C7.Sequence>
         <cellGlobalIdOrServiceAreaIdOrLAI.C0.Choice>
            <cellGlobalIdOrServiceAreaIdFixedLength.C0.BoxedType><Bytes>01192152e1c6d8
                  <field name="MMC" value="109,121" type="NumberMMC" length="3"/>
                  <field name="LAC" value="21217" type="Integer" length="2"/>
                  <field name="CI_SAC" value="50904" type="Integer" length="2"/>
               </Bytes></cellGlobalIdOrServiceAreaIdFixedLength.C0.BoxedType>
            <laiFixedLength.C1.BoxedType><Bytes>21789109f6
                  <field name="MMC" value="128,197" type="NumberMMC" length="3"/>
                  <field name="LAC" value="2550" type="Integer" length="2"/>
               </Bytes></laiFixedLength.C1.BoxedType>
         </cellGlobalIdOrServiceAreaIdOrLAI.C0.Choice>
         <routeingAreaIdentity.C1.BoxedType><Bytes>116831f999ec
               <field name="MMC" value="118,136" type="NumberMMC" length="3"/>
               <field name="LAC" value="63897" type="Integer" length="2"/>
               <field name="RAC" value="236" type="Integer" length="1"/>
            </Bytes></routeingAreaIdentity.C1.BoxedType>
         <geographicalInformation.C2.BoxedType><Bytes>380061ccc482d262
               <field name="TypeOfShape" value="Ellipsoid point with uncertainty Ellipse:3" type="EnumLong" lengthBit="4"/>
               <field name="spare" value="8" type="Integer" lengthBit="4"/>
               <field name="DegreesOfLatitude" value="25036" type="Integer" length="3"/>
               <field name="DegreesOfLongitude" value="12878546" type="Integer" length="3"/>
               <field name="UncertaintyCode" value="98" type="Integer" length="1"/>
            </Bytes></geographicalInformation.C2.BoxedType>
         <sgsn_Number.C3.BoxedType><Bytes>13096674f9
               <field name="extension" value="extension:0" type="EnumLong" lengthBit="1"/>
               <field name="nature of address" value="international number:1" type="EnumLong" lengthBit="3"/>
               <field name="numbering plan" value="data numbering plan (ITU-T Rec X.121):3" type="EnumLong" lengthBit="4"/>
               <field name="digits" value="9066479" type="Number_BCD" length="7"/>
            </Bytes></sgsn_Number.C3.BoxedType>
         <selectedLSAIdentity.C4.BoxedType><Bytes>03ab6a
               <field name="LSA type" value="PLMN significant number:0" type="EnumLong" lengthBit="1"/>
               <field name="Identifier" value="240490" type="Integer" lengthBit="23"/>
            </Bytes></selectedLSAIdentity.C4.BoxedType>
         <extensionContainer.C5.Sequence>
            <privateExtensionList.C0.BoxedType>
               <Collection>
                  <PrivateExtension.Sequence>
                     <extId><ObjectIdentifier>0.1.2108.87</ObjectIdentifier></extId>
                     <extType>2ddf829ccf2f16eb3d6b</extType>
                  </PrivateExtension.Sequence>
                  <PrivateExtension.Sequence>
                     <extId><ObjectIdentifier>0.1.20.40.58.94</ObjectIdentifier></extId>
                     <extType>c9f80362</extType>
                  </PrivateExtension.Sequence>
                  <PrivateExtension.Sequence>
                     <extId><ObjectIdentifier>0.1.225.26.44.87.39</ObjectIdentifier></extId>
                     <extType>ed</extType>
                  </PrivateExtension.Sequence>
               </Collection>
            </privateExtensionList.C0.BoxedType>
            <pcsExtensions.C1.Sequence></pcsExtensions.C1.Sequence>
         </extensionContainer.C5.Sequence>
         <sai_Present.C6></sai_Present.C6>
         <geodeticInformation.C7.BoxedType><Bytes>3e25c63b6c3983f4a33b
               <field name="spare" value="3" type="Integer" lengthBit="4"/>
               <field name="LPRI" value="spare:3" type="EnumLong" lengthBit="2"/>
               <field name="screnning" value="user provided, verified and failed:2" type="EnumLong" lengthBit="2"/>
               <field name="ext" value="0" type="Integer" lengthBit="1"/>
               <field name="TypeOfShape" value="spare:37" type="EnumLong" lengthBit="7"/>
               <field name="DegreesOfLatitude" value="12991340" type="Integer" length="3"/>
               <field name="DegreesOfLongitude" value="3769332" type="Integer" length="3"/>
               <field name="UncertaintyCode" value="163" type="Integer" length="1"/>
               <field name="Confidence" value="59" type="Integer" length="1"/>
            </Bytes></geodeticInformation.C7.BoxedType>
         <currentLocationRetrieved.C8></currentLocationRetrieved.C8>
         <ageOfLocationInformation.C9.BoxedType><Integer>0 minut = currently in contact:0</Integer></ageOfLocationInformation.C9.BoxedType>
      </locationInformationGPRS.C7.Sequence>
      <offeredCamel4Functionalities.C8.BoxedType><BitString><BitString value="4482d8b4055fc04dd9617106" trailing="0"/></BitString></offeredCamel4Functionalities.C8.BoxedType>
   </NoteMM_EventArg.Sequence>
</ASN>