<?xml version="1.0" encoding="ISO-8859-15"?>

<ASN layer="MAP">
   <NumberChangedParam.Sequence><extensionContainer.Sequence>
         <privateExtensionList.C0.BoxedType>
            <Collection>
               <PrivateExtension.Sequence>
                  <extId><ObjectIdentifier>0.1.2121.22.18.84.76.19</ObjectIdentifier></extId>
                  <extType>34ed163fa49d47</extType>
               </PrivateExtension.Sequence>
               <PrivateExtension.Sequence>
                  <extId><ObjectIdentifier>0.1.26.42</ObjectIdentifier></extId>
                  <extType>357ce7b0</extType>
               </PrivateExtension.Sequence>
               <PrivateExtension.Sequence>
                  <extId><ObjectIdentifier>0.1.210.88.108.71.105.116.2</ObjectIdentifier></extId>
                  <extType>f63052</extType>
               </PrivateExtension.Sequence>
            </Collection>
         </privateExtensionList.C0.BoxedType>
         <pcsExtensions.C1.Sequence></pcsExtensions.C1.Sequence>
      </extensionContainer.Sequence></NumberChangedParam.Sequence>
</ASN>