<?xml version="1.0" encoding="ISO-8859-15"?>

<ASN layer="MAP">
   <O_BcsmCamelTDP_Criteria.Sequence>
      <o_BcsmTriggerDetectionPoint.Enum>
         <EnumType>collectedInfo.2</EnumType>
      </o_BcsmTriggerDetectionPoint.Enum>
      <destinationNumberCriteria.C0.Sequence>
         <matchType.C0.Enum>
            <EnumType>enabling.1</EnumType>
         </matchType.C0.Enum>
         <destinationNumberList.C1.BoxedType>
            <Collection>
               <ISDN_AddressString.BoxedType><Bytes>4f72641275f8
                     <field name="extension" value="extension:0" type="EnumLong" lengthBit="1"/>
                     <field name="nature of address" value="subscriber number:4" type="EnumLong" lengthBit="3"/>
                     <field name="numbering plan" value="reserved for extension:15" type="EnumLong" lengthBit="4"/>
                     <field name="digits" value="274621578" type="Number_BCD" length="9"/>
                  </Bytes></ISDN_AddressString.BoxedType>
               <ISDN_AddressString.BoxedType><Bytes>5d8126112058
                     <field name="extension" value="extension:0" type="EnumLong" lengthBit="1"/>
                     <field name="nature of address" value="reserved:5" type="EnumLong" lengthBit="3"/>
                     <field name="numbering plan" value="13" type="EnumLong" lengthBit="4"/>
                     <field name="digits" value="1862110285" type="Number_BCD" length="10"/>
                  </Bytes></ISDN_AddressString.BoxedType>
               <ISDN_AddressString.BoxedType><Bytes>b47192263389
                     <field name="extension" value="no extension:1" type="EnumLong" lengthBit="1"/>
                     <field name="nature of address" value="network specific number:3" type="EnumLong" lengthBit="3"/>
                     <field name="numbering plan" value="telex numbering plan (ITU-T Rec F.69):4" type="EnumLong" lengthBit="4"/>
                     <field name="digits" value="1729623398" type="Number_BCD" length="10"/>
                  </Bytes></ISDN_AddressString.BoxedType>
            </Collection>
         </destinationNumberList.C1.BoxedType>
         <destinationNumberLengthList.C2.BoxedType>
            <Collection>
               <Integer>2</Integer>
               <Integer>0</Integer>
               <Integer>0</Integer>
            </Collection>
         </destinationNumberLengthList.C2.BoxedType>
      </destinationNumberCriteria.C0.Sequence>
      <basicServiceCriteria.C1.BoxedType>
         <Collection>
            <Ext_BasicServiceCode.Choice>
               <ext_BearerService.C2.BoxedType><Bytes>06de46</Bytes></ext_BearerService.C2.BoxedType>
               <ext_Teleservice.C3.BoxedType><Bytes>433244a53a
                     <field name="Code" value="67" type="EnumLong" length="1"/>
                     <field name="Extension data" value="3244a53a" type="Binary" length="4"/>
                  </Bytes></ext_Teleservice.C3.BoxedType>
            </Ext_BasicServiceCode.Choice>
            <Ext_BasicServiceCode.Choice>
               <ext_BearerService.C2.BoxedType><Bytes>3ab3a8141a21</Bytes></ext_BearerService.C2.BoxedType>
               <ext_Teleservice.C3.BoxedType><Bytes>e95932549a
                     <field name="Code" value="233" type="EnumLong" length="1"/>
                     <field name="Extension data" value="5932549a" type="Binary" length="4"/>
                  </Bytes></ext_Teleservice.C3.BoxedType>
            </Ext_BasicServiceCode.Choice>
            <Ext_BasicServiceCode.Choice>
               <ext_BearerService.C2.BoxedType><Bytes>8bdcac2489b2ad5b38</Bytes></ext_BearerService.C2.BoxedType>
               <ext_Teleservice.C3.BoxedType><Bytes>1d0057fa4e
                     <field name="Code" value="29" type="EnumLong" length="1"/>
                     <field name="Extension data" value="0057fa4e" type="Binary" length="4"/>
                  </Bytes></ext_Teleservice.C3.BoxedType>
            </Ext_BasicServiceCode.Choice>
         </Collection>
      </basicServiceCriteria.C1.BoxedType>
      <callTypeCriteria.C2.Enum>
         <EnumType>forwarded.0</EnumType>
      </callTypeCriteria.C2.Enum>
      <o_CauseValueCriteria.C3.BoxedType>
         <Collection>
            <CauseValue.BoxedType><Bytes>68292a5460532e991b</Bytes></CauseValue.BoxedType>
            <CauseValue.BoxedType><Bytes>20db9bea</Bytes></CauseValue.BoxedType>
            <CauseValue.BoxedType><Bytes>0b193da5d8dc40e8</Bytes></CauseValue.BoxedType>
         </Collection>
      </o_CauseValueCriteria.C3.BoxedType>
      <extensionContainer.C4.Sequence>
         <privateExtensionList.C0.BoxedType>
            <Collection>
               <PrivateExtension.Sequence>
                  <extId><ObjectIdentifier>0.1.278.31.65.79.43.105.36.121</ObjectIdentifier></extId>
                  <extType>90e1f5831a85</extType>
               </PrivateExtension.Sequence>
               <PrivateExtension.Sequence>
                  <extId><ObjectIdentifier>0.1.2105.67.23.43.117.46.61.27.30.116</ObjectIdentifier></extId>
                  <extType>08e57761</extType>
               </PrivateExtension.Sequence>
               <PrivateExtension.Sequence>
                  <extId><ObjectIdentifier>0.1.272.119</ObjectIdentifier></extId>
                  <extType>d140c2bc1390</extType>
               </PrivateExtension.Sequence>
            </Collection>
         </privateExtensionList.C0.BoxedType>
         <pcsExtensions.C1.Sequence></pcsExtensions.C1.Sequence>
      </extensionContainer.C4.Sequence>
   </O_BcsmCamelTDP_Criteria.Sequence>
</ASN>