<?xml version="1.0" encoding="ISO-8859-15"?>

<ASN layer="MAP">
   <O_BcsmCamelTDPData.Sequence>
      <o_BcsmTriggerDetectionPoint.Enum>
         <EnumType>collectedInfo.2</EnumType>
      </o_BcsmTriggerDetectionPoint.Enum>
      <serviceKey.BoxedType><Integer>0</Integer></serviceKey.BoxedType>
      <gsmSCF_Address.C0.BoxedType><Bytes>b934431133f8
            <field name="extension" value="no extension:1" type="EnumLong" lengthBit="1"/>
            <field name="nature of address" value="network specific number:3" type="EnumLong" lengthBit="3"/>
            <field name="numbering plan" value="private numbering plan:9" type="EnumLong" lengthBit="4"/>
            <field name="digits" value="433411338" type="Number_BCD" length="9"/>
         </Bytes></gsmSCF_Address.C0.BoxedType>
      <defaultCallHandling.C1.Enum>
         <EnumType>continueCall.0</EnumType>
      </defaultCallHandling.C1.Enum>
      <extensionContainer.C2.Sequence>
         <privateExtensionList.C0.BoxedType>
            <Collection>
               <PrivateExtension.Sequence>
                  <extId><ObjectIdentifier>0.1.298.62.32.14.31.32</ObjectIdentifier></extId>
                  <extType>a82969</extType>
               </PrivateExtension.Sequence>
               <PrivateExtension.Sequence>
                  <extId><ObjectIdentifier>0.1.29.120.88.24.19</ObjectIdentifier></extId>
                  <extType>515499de2c</extType>
               </PrivateExtension.Sequence>
               <PrivateExtension.Sequence>
                  <extId><ObjectIdentifier>0.1.260</ObjectIdentifier></extId>
                  <extType>5962db154e90</extType>
               </PrivateExtension.Sequence>
            </Collection>
         </privateExtensionList.C0.BoxedType>
         <pcsExtensions.C1.Sequence></pcsExtensions.C1.Sequence>
      </extensionContainer.C2.Sequence>
   </O_BcsmCamelTDPData.Sequence>
</ASN>