<?xml version="1.0" encoding="ISO-8859-15"?>

<ASN layer="MAP">
   <OR_NotAllowedParam.Sequence><extensionContainer.Sequence>
         <privateExtensionList.C0.BoxedType>
            <Collection>
               <PrivateExtension.Sequence>
                  <extId><ObjectIdentifier>0.1.271.78.122.42.115.34.2.52.54.109</ObjectIdentifier></extId>
                  <extType>124ff91a220716eeec</extType>
               </PrivateExtension.Sequence>
               <PrivateExtension.Sequence>
                  <extId><ObjectIdentifier>0.1.2125.68.18.96.124.117.57.100</ObjectIdentifier></extId>
                  <extType>db3c6857419e186507</extType>
               </PrivateExtension.Sequence>
               <PrivateExtension.Sequence>
                  <extId><ObjectIdentifier>0.1.259.49.53</ObjectIdentifier></extId>
                  <extType>686cfc7d6fbf</extType>
               </PrivateExtension.Sequence>
            </Collection>
         </privateExtensionList.C0.BoxedType>
         <pcsExtensions.C1.Sequence></pcsExtensions.C1.Sequence>
      </extensionContainer.Sequence></OR_NotAllowedParam.Sequence>
</ASN>