<?xml version="1.0" encoding="ISO-8859-15"?>

<ASN layer="MAP">
   <PDP_ContextInfo.Sequence>
      <pdp_ContextIdentifier.C0.BoxedType><Integer>0</Integer></pdp_ContextIdentifier.C0.BoxedType>
      <pdp_ContextActive.C1></pdp_ContextActive.C1>
      <pdp_Type.C2.BoxedType><Bytes>fa37
            <field name="spare" value="15" type="Integer" lengthBit="4"/>
            <field name="PDP type organisation" value="reserved:10" type="EnumLong" lengthBit="4"/>
            <field name="PDP type number" value="55" type="EnumLong" length="1"/>
         </Bytes></pdp_Type.C2.BoxedType>
      <pdp_Address.C3.BoxedType><Bytes>5e39167d
            <field name="IPV4  address" value="94.57.22.125" type="IPV4Address" length="4"/>
         </Bytes></pdp_Address.C3.BoxedType>
      <apn_Subscribed.C4.BoxedType><Bytes>664a7647
            <field name="DNS string" value="fJvG" type="String" length="4"/>
         </Bytes></apn_Subscribed.C4.BoxedType>
      <apn_InUse.C5.BoxedType><Bytes>616a516c
            <field name="DNS string" value="ajQl" type="String" length="4"/>
         </Bytes></apn_InUse.C5.BoxedType>
      <nsapi.C6.BoxedType><Integer>0</Integer></nsapi.C6.BoxedType>
      <transactionId.C7.BoxedType><Bytes>4b15
            <field name="TI flag" value="The message is sent from the side that originates the TI:0" type="EnumLong" lengthBit="1"/>
            <field name="TIO" value="4" type="Integer" lengthBit="3"/>
            <field name="NA" value="11" type="Integer" lengthBit="4"/>
            <field name="Ext" value="0" type="Integer" lengthBit="1"/>
            <field name="TIE" value="21" type="Integer" lengthBit="7"/>
         </Bytes></transactionId.C7.BoxedType>
      <teid_ForGnAndGp.C8.BoxedType><Bytes>02b14377
            <field name="TEID" value="45171575" type="Integer" length="4"/>
         </Bytes></teid_ForGnAndGp.C8.BoxedType>
      <teid_ForIu.C9.BoxedType><Bytes>511fd092
            <field name="TEID" value="1361039506" type="Integer" length="4"/>
         </Bytes></teid_ForIu.C9.BoxedType>
      <ggsn_Address.C10.BoxedType><Bytes>31b62f1786
            <field name="Address type" value="IPV4:0" type="EnumLong" lengthBit="2"/>
            <field name="AddressLength" value="49" type="Integer" lengthBit="6"/>
            <field name="IPV4 address" value="182.47.23.134" type="IPV4Address" length="4"/>
         </Bytes></ggsn_Address.C10.BoxedType>
      <qos_Subscribed.C11.BoxedType><Bytes>c0f3f879969690120a
            <field name="Allocation/Retention Priority" value="192" type="Integer" length="1"/>
            <field name="Traffic class" value="Reserved:7" type="EnumLong" lengthBit="3"/>
            <field name="Delivery class" value="Without delivery order (&apos;no&apos;):2" type="EnumLong" lengthBit="2"/>
            <field name="Delivery erroneous SDUs" value="Erroneous SDUs are not delivered (&apos;no&apos;):3" type="EnumLong" lengthBit="3"/>
            <field name="Maximum SDU size" value="248" type="Integer" length="1"/>
            <field name="Maximum bitrate uplink" value="121" type="Integer" length="1"/>
            <field name="Maximum bitrate downlink" value="150" type="Integer" length="1"/>
            <field name="SDU error ratio" value="Reserved:9" type="EnumLong" lengthBit="4"/>
            <field name="Residual BER" value="1*10 power -4:6" type="EnumLong" lengthBit="4"/>
            <field name="Transfer delay" value="36" type="Integer" lengthBit="6"/>
            <field name="Traffic handling priority" value="Subscribed traffic handling priority / Reserved:0" type="EnumLong" lengthBit="2"/>
            <field name="Guaranteed bitrate uplink" value="18" type="Integer" length="1"/>
            <field name="Guaranteed bitrate downlink" value="10" type="Integer" length="1"/>
         </Bytes></qos_Subscribed.C11.BoxedType>
      <qos_Requested.C12.BoxedType><Bytes>d5a6ddea1a83e43ad3
            <field name="Allocation/Retention Priority" value="213" type="Integer" length="1"/>
            <field name="Traffic class" value="Reserved:5" type="EnumLong" lengthBit="3"/>
            <field name="Delivery class" value="Subscribed delivery class / Reserved:0" type="EnumLong" lengthBit="2"/>
            <field name="Delivery erroneous SDUs" value="Reserved:6" type="EnumLong" lengthBit="3"/>
            <field name="Maximum SDU size" value="221" type="Integer" length="1"/>
            <field name="Maximum bitrate uplink" value="234" type="Integer" length="1"/>
            <field name="Maximum bitrate downlink" value="26" type="Integer" length="1"/>
            <field name="SDU error ratio" value="Reserved:8" type="EnumLong" lengthBit="4"/>
            <field name="Residual BER" value="5*10 power -3:3" type="EnumLong" lengthBit="4"/>
            <field name="Transfer delay" value="57" type="Integer" lengthBit="6"/>
            <field name="Traffic handling priority" value="Subscribed traffic handling priority / Reserved:0" type="EnumLong" lengthBit="2"/>
            <field name="Guaranteed bitrate uplink" value="58" type="Integer" length="1"/>
            <field name="Guaranteed bitrate downlink" value="211" type="Integer" length="1"/>
         </Bytes></qos_Requested.C12.BoxedType>
      <qos_Negotiated.C13.BoxedType><Bytes>dca28943f192ddbe27
            <field name="Allocation/Retention Priority" value="220" type="Integer" length="1"/>
            <field name="Traffic class" value="Reserved:5" type="EnumLong" lengthBit="3"/>
            <field name="Delivery class" value="Subscribed delivery class / Reserved:0" type="EnumLong" lengthBit="2"/>
            <field name="Delivery erroneous SDUs" value="Erroneous SDUs are delivered (&apos;yes&apos;):2" type="EnumLong" lengthBit="3"/>
            <field name="Maximum SDU size" value="137" type="Integer" length="1"/>
            <field name="Maximum bitrate uplink" value="67" type="Integer" length="1"/>
            <field name="Maximum bitrate downlink" value="241" type="Integer" length="1"/>
            <field name="SDU error ratio" value="Reserved:9" type="EnumLong" lengthBit="4"/>
            <field name="Residual BER" value="1*10 power -2:2" type="EnumLong" lengthBit="4"/>
            <field name="Transfer delay" value="55" type="Integer" lengthBit="6"/>
            <field name="Traffic handling priority" value="Priority level 1:1" type="EnumLong" lengthBit="2"/>
            <field name="Guaranteed bitrate uplink" value="190" type="Integer" length="1"/>
            <field name="Guaranteed bitrate downlink" value="39" type="Integer" length="1"/>
         </Bytes></qos_Negotiated.C13.BoxedType>
      <chargingId.C14.BoxedType><Bytes>8c28f711
            <field name="Charging ID" value="2351494929" type="Integer" length="4"/>
         </Bytes></chargingId.C14.BoxedType>
      <chargingCharacteristics.C15.BoxedType><Bytes>f15e
            <field name="Reserved" value="15" type="Integer" lengthBit="4"/>
            <field name="N flag" value="0" type="Integer" lengthBit="1"/>
            <field name="P flag" value="0" type="Integer" lengthBit="1"/>
            <field name="F flag" value="0" type="Integer" lengthBit="1"/>
            <field name="H flag" value="1" type="Integer" lengthBit="1"/>
            <field name="Charging Value" value="94" type="Integer" length="1"/>
         </Bytes></chargingCharacteristics.C15.BoxedType>
      <rnc_Address.C16.BoxedType><Bytes>68edcdce0e
            <field name="Address type" value="IPV6:1" type="EnumLong" lengthBit="2"/>
            <field name="AddressLength" value="40" type="Integer" lengthBit="6"/>
            <field name="IPV4 address" value="237.205.206.14" type="IPV4Address" length="4"/>
         </Bytes></rnc_Address.C16.BoxedType>
      <extensionContainer.C17.Sequence>
         <privateExtensionList.C0.BoxedType>
            <Collection>
               <PrivateExtension.Sequence>
                  <extId><ObjectIdentifier>0.1.276.81.66.32.15.80</ObjectIdentifier></extId>
                  <extType>baf51d95</extType>
               </PrivateExtension.Sequence>
               <PrivateExtension.Sequence>
                  <extId><ObjectIdentifier>0.1.24.10.22.112.1.100.20</ObjectIdentifier></extId>
                  <extType>6427e3bfe573215c</extType>
               </PrivateExtension.Sequence>
               <PrivateExtension.Sequence>
                  <extId><ObjectIdentifier>0.1.232</ObjectIdentifier></extId>
                  <extType>52333469</extType>
               </PrivateExtension.Sequence>
            </Collection>
         </privateExtensionList.C0.BoxedType>
         <pcsExtensions.C1.Sequence></pcsExtensions.C1.Sequence>
      </extensionContainer.C17.Sequence>
      <qos2_Subscribed.C18.BoxedType><Bytes>cae64ed69e
            <field name="spare" value="6" type="Integer" lengthBit="3"/>
            <field name="Signalling Indication" value="Not optimised for signalling traffic:0" type="EnumLong" lengthBit="1"/>
            <field name="Source Statistics Descriptor" value="unknown:10" type="EnumLong" lengthBit="4"/>
            <field name="Maximum bitrate downlink (extended)" value="230" type="Integer" length="1"/>
            <field name="Guaranteed bitrate downlink (extended)" value="78" type="Integer" length="1"/>
            <field name="Maximum bitrate uplink (extended)" value="214" type="Integer" length="1"/>
            <field name="Guaranteed bitrate uplink (extended)" value="158" type="Integer" length="1"/>
         </Bytes></qos2_Subscribed.C18.BoxedType>
      <qos2_Requested.C19.BoxedType><Bytes>22a358dd7e
            <field name="spare" value="1" type="Integer" lengthBit="3"/>
            <field name="Signalling Indication" value="Not optimised for signalling traffic:0" type="EnumLong" lengthBit="1"/>
            <field name="Source Statistics Descriptor" value="unknown:2" type="EnumLong" lengthBit="4"/>
            <field name="Maximum bitrate downlink (extended)" value="163" type="Integer" length="1"/>
            <field name="Guaranteed bitrate downlink (extended)" value="88" type="Integer" length="1"/>
            <field name="Maximum bitrate uplink (extended)" value="221" type="Integer" length="1"/>
            <field name="Guaranteed bitrate uplink (extended)" value="126" type="Integer" length="1"/>
         </Bytes></qos2_Requested.C19.BoxedType>
      <qos2_Negotiated.C20.BoxedType><Bytes>e316b88b2e
            <field name="spare" value="7" type="Integer" lengthBit="3"/>
            <field name="Signalling Indication" value="Not optimised for signalling traffic:0" type="EnumLong" lengthBit="1"/>
            <field name="Source Statistics Descriptor" value="unknown:3" type="EnumLong" lengthBit="4"/>
            <field name="Maximum bitrate downlink (extended)" value="22" type="Integer" length="1"/>
            <field name="Guaranteed bitrate downlink (extended)" value="184" type="Integer" length="1"/>
            <field name="Maximum bitrate uplink (extended)" value="139" type="Integer" length="1"/>
            <field name="Guaranteed bitrate uplink (extended)" value="46" type="Integer" length="1"/>
         </Bytes></qos2_Negotiated.C20.BoxedType>
   </PDP_ContextInfo.Sequence>
</ASN>