<?xml version="1.0" encoding="ISO-8859-15"?>

<ASN layer="MAP">
   <PDP_Context.Sequence>
      <pdp_ContextId.BoxedType><Integer>0</Integer></pdp_ContextId.BoxedType>
      <pdp_Type.C16.BoxedType><Bytes>25e6
            <field name="spare" value="2" type="Integer" lengthBit="4"/>
            <field name="PDP type organisation" value="reserved:5" type="EnumLong" lengthBit="4"/>
            <field name="PDP type number" value="230" type="EnumLong" length="1"/>
         </Bytes></pdp_Type.C16.BoxedType>
      <pdp_Address.C17.BoxedType><Bytes>e38f2a9d
            <field name="IPV4  address" value="227.143.42.157" type="IPV4Address" length="4"/>
         </Bytes></pdp_Address.C17.BoxedType>
      <qos_Subscribed.C18.BoxedType><Bytes>b7f17d
            <field name="spare1" value="2" type="Integer" lengthBit="2"/>
            <field name="Delay class" value="Delay class 4 (best effort):6" type="EnumLong" lengthBit="3"/>
            <field name="Reliability class" value="Reserved:7" type="EnumLong" lengthBit="3"/>
            <field name="Peak throughput" value="Reserved:15" type="EnumLong" lengthBit="4"/>
            <field name="spare2" value="0" type="Integer" lengthBit="1"/>
            <field name="Precedence class" value="High priority:1" type="EnumLong" lengthBit="3"/>
            <field name="spare3" value="3" type="Integer" lengthBit="3"/>
            <field name="Mean throughput" value="Best effort:29" type="EnumLong" lengthBit="5"/>
         </Bytes></qos_Subscribed.C18.BoxedType>
      <vplmnAddressAllowed.C19></vplmnAddressAllowed.C19>
      <apn.C20.BoxedType><Bytes>5a6c4a6b4d547250
            <field name="DNS string" value="ZlJkMTrP" type="String" length="8"/>
         </Bytes></apn.C20.BoxedType>
      <extensionContainer.C21.Sequence>
         <privateExtensionList.C0.BoxedType>
            <Collection>
               <PrivateExtension.Sequence>
                  <extId><ObjectIdentifier>0.1.2102.75.81.75.107.20.61.33.14</ObjectIdentifier></extId>
                  <extType>bb7dfad725369996cc6f</extType>
               </PrivateExtension.Sequence>
               <PrivateExtension.Sequence>
                  <extId><ObjectIdentifier>0.1.250.117.126.111.45.82.116.18.119.114</ObjectIdentifier></extId>
                  <extType>3fbb</extType>
               </PrivateExtension.Sequence>
               <PrivateExtension.Sequence>
                  <extId><ObjectIdentifier>0.1.269.22.40.103</ObjectIdentifier></extId>
                  <extType>fa667c6337</extType>
               </PrivateExtension.Sequence>
            </Collection>
         </privateExtensionList.C0.BoxedType>
         <pcsExtensions.C1.Sequence></pcsExtensions.C1.Sequence>
      </extensionContainer.C21.Sequence>
      <ext_QoS_Subscribed.C0.BoxedType><Bytes>10fe06940703746d7a
            <field name="Allocation/Retention Priority" value="16" type="Integer" length="1"/>
            <field name="Traffic class" value="Reserved:7" type="EnumLong" lengthBit="3"/>
            <field name="Delivery class" value="Reserved:3" type="EnumLong" lengthBit="2"/>
            <field name="Delivery erroneous SDUs" value="Reserved:6" type="EnumLong" lengthBit="3"/>
            <field name="Maximum SDU size" value="6" type="Integer" length="1"/>
            <field name="Maximum bitrate uplink" value="148" type="Integer" length="1"/>
            <field name="Maximum bitrate downlink" value="7" type="Integer" length="1"/>
            <field name="SDU error ratio" value="Subscribed SDU error ratio / Reserved:0" type="EnumLong" lengthBit="4"/>
            <field name="Residual BER" value="5*10 power -3:3" type="EnumLong" lengthBit="4"/>
            <field name="Transfer delay" value="29" type="Integer" lengthBit="6"/>
            <field name="Traffic handling priority" value="Subscribed traffic handling priority / Reserved:0" type="EnumLong" lengthBit="2"/>
            <field name="Guaranteed bitrate uplink" value="109" type="Integer" length="1"/>
            <field name="Guaranteed bitrate downlink" value="122" type="Integer" length="1"/>
         </Bytes></ext_QoS_Subscribed.C0.BoxedType>
      <pdp_ChargingCharacteristics.C1.BoxedType><Bytes>904d
            <field name="Reserved" value="9" type="Integer" lengthBit="4"/>
            <field name="N flag" value="0" type="Integer" lengthBit="1"/>
            <field name="P flag" value="0" type="Integer" lengthBit="1"/>
            <field name="F flag" value="0" type="Integer" lengthBit="1"/>
            <field name="H flag" value="0" type="Integer" lengthBit="1"/>
            <field name="Charging Value" value="77" type="Integer" length="1"/>
         </Bytes></pdp_ChargingCharacteristics.C1.BoxedType>
      <ext2_QoS_Subscribed.C2.BoxedType><Bytes>970164c28c
            <field name="spare" value="4" type="Integer" lengthBit="3"/>
            <field name="Signalling Indication" value="Optimised for signalling traffic:1" type="EnumLong" lengthBit="1"/>
            <field name="Source Statistics Descriptor" value="unknown:7" type="EnumLong" lengthBit="4"/>
            <field name="Maximum bitrate downlink (extended)" value="1" type="Integer" length="1"/>
            <field name="Guaranteed bitrate downlink (extended)" value="100" type="Integer" length="1"/>
            <field name="Maximum bitrate uplink (extended)" value="194" type="Integer" length="1"/>
            <field name="Guaranteed bitrate uplink (extended)" value="140" type="Integer" length="1"/>
         </Bytes></ext2_QoS_Subscribed.C2.BoxedType>
   </PDP_Context.Sequence>
</ASN>