<?xml version="1.0" encoding="ISO-8859-15"?>

<ASN layer="MAP">
   <PositionMethodFailure_Param.Sequence>
      <positionMethodFailure_Diagnostic.C0.Enum>
         <EnumType>insufficientResources.1</EnumType>
      </positionMethodFailure_Diagnostic.C0.Enum>
      <extensionContainer.C1.Sequence>
         <privateExtensionList.C0.BoxedType>
            <Collection>
               <PrivateExtension.Sequence>
                  <extId><ObjectIdentifier>0.1.2109.50.82.38.86.32.109.124</ObjectIdentifier></extId>
                  <extType>895c30ef31</extType>
               </PrivateExtension.Sequence>
               <PrivateExtension.Sequence>
                  <extId><ObjectIdentifier>0.1.255.63.94.2.127.60</ObjectIdentifier></extId>
                  <extType>333e75955645a33bfa</extType>
               </PrivateExtension.Sequence>
               <PrivateExtension.Sequence>
                  <extId><ObjectIdentifier>0.1.2120.61.10.25.77.82.77.86</ObjectIdentifier></extId>
                  <extType>d0e8fe</extType>
               </PrivateExtension.Sequence>
            </Collection>
         </privateExtensionList.C0.BoxedType>
         <pcsExtensions.C1.Sequence></pcsExtensions.C1.Sequence>
      </extensionContainer.C1.Sequence>
   </PositionMethodFailure_Param.Sequence>
</ASN>