<?xml version="1.0" encoding="ISO-8859-15"?>

<ASN layer="MAP">
   <PrepareSubsequentHOArg.Sequence>
      <targetCellId.BoxedType><Bytes>c22e91dc</Bytes></targetCellId.BoxedType>
      <targetMSC_Number.BoxedType><Bytes>d72127849584
            <field name="extension" value="no extension:1" type="EnumLong" lengthBit="1"/>
            <field name="nature of address" value="reserved:5" type="EnumLong" lengthBit="3"/>
            <field name="numbering plan" value="spare:7" type="EnumLong" lengthBit="4"/>
            <field name="digits" value="1272485948" type="Number_BCD" length="10"/>
         </Bytes></targetMSC_Number.BoxedType>
      <bss_APDU.Sequence>
         <protocolId.Enum>
            <EnumType>gsm_0408.1</EnumType>
         </protocolId.Enum>
         <signalInfo.BoxedType><Bytes>b1df0837393d</Bytes></signalInfo.BoxedType>
         <extensionContainer.Sequence>
            <privateExtensionList.C0.BoxedType>
               <Collection>
                  <PrivateExtension.Sequence>
                     <extId><ObjectIdentifier>0.1.277</ObjectIdentifier></extId>
                     <extType>77d25094</extType>
                  </PrivateExtension.Sequence>
                  <PrivateExtension.Sequence>
                     <extId><ObjectIdentifier>0.1.2107.1.66.38.113.5.59.62.52</ObjectIdentifier></extId>
                     <extType>8e7351241e</extType>
                  </PrivateExtension.Sequence>
                  <PrivateExtension.Sequence>
                     <extId><ObjectIdentifier>0.1.298.105.94.86.6</ObjectIdentifier></extId>
                     <extType>97d2d73f1bf2292e</extType>
                  </PrivateExtension.Sequence>
               </Collection>
            </privateExtensionList.C0.BoxedType>
            <pcsExtensions.C1.Sequence></pcsExtensions.C1.Sequence>
         </extensionContainer.Sequence>
      </bss_APDU.Sequence>
   </PrepareSubsequentHOArg.Sequence>
</ASN>