<?xml version="1.0" encoding="ISO-8859-15"?>

<ASN layer="MAP">
   <PrepareHO_Res.Sequence>
      <handoverNumber.BoxedType><Bytes>a18188177852
            <field name="extension" value="no extension:1" type="EnumLong" lengthBit="1"/>
            <field name="nature of address" value="national significant number:2" type="EnumLong" lengthBit="3"/>
            <field name="numbering plan" value="ISDN/Telephony Numbering Plan (Rec ITU-T E.164):1" type="EnumLong" lengthBit="4"/>
            <field name="digits" value="1888718725" type="Number_BCD" length="10"/>
         </Bytes></handoverNumber.BoxedType>
      <bss_APDU.Sequence>
         <protocolId.Enum>
            <EnumType>gsm_BSSMAP.3</EnumType>
         </protocolId.Enum>
         <signalInfo.BoxedType><Bytes>a6c618a3</Bytes></signalInfo.BoxedType>
         <extensionContainer.Sequence>
            <privateExtensionList.C0.BoxedType>
               <Collection>
                  <PrivateExtension.Sequence>
                     <extId><ObjectIdentifier>0.1.24.95.107.109.89</ObjectIdentifier></extId>
                     <extType>4a772d3fc03e93</extType>
                  </PrivateExtension.Sequence>
                  <PrivateExtension.Sequence>
                     <extId><ObjectIdentifier>0.1.228.108.48.74.68.9.48.108.27</ObjectIdentifier></extId>
                     <extType>9c6f2f9e36</extType>
                  </PrivateExtension.Sequence>
                  <PrivateExtension.Sequence>
                     <extId><ObjectIdentifier>0.1.273.66.128</ObjectIdentifier></extId>
                     <extType>a859636a68f16568bd</extType>
                  </PrivateExtension.Sequence>
               </Collection>
            </privateExtensionList.C0.BoxedType>
            <pcsExtensions.C1.Sequence></pcsExtensions.C1.Sequence>
         </extensionContainer.Sequence>
      </bss_APDU.Sequence>
   </PrepareHO_Res.Sequence>
</ASN>