<?xml version="1.0" encoding="ISO-8859-15"?>

<ASN layer="MAP">
   <PrepareGroupCallArg.Sequence>
      <teleservice.BoxedType><Bytes>7ed3a31a20
            <field name="Code" value="126" type="EnumLong" length="1"/>
            <field name="Extension data" value="d3a31a20" type="Binary" length="4"/>
         </Bytes></teleservice.BoxedType>
      <asciCallReference.BoxedType><TBCD_STRING.BoxedType><Bytes>97376631f4
               <field name="digits" value="797366134" type="Number_BCD" length="9"/>
            </Bytes></TBCD_STRING.BoxedType></asciCallReference.BoxedType>
      <codec_Info.BoxedType><Bytes>2db1e1ba3368</Bytes></codec_Info.BoxedType>
      <cipheringAlgorithm.BoxedType><Bytes>18ca9bde</Bytes></cipheringAlgorithm.BoxedType>
      <groupKeyNumber_Vk_Id.C0.BoxedType><Integer>2</Integer></groupKeyNumber_Vk_Id.C0.BoxedType>
      <groupKey.C1.BoxedType><Bytes>41260d4807f5</Bytes></groupKey.C1.BoxedType>
      <priority.C2.BoxedType><Integer>1</Integer></priority.C2.BoxedType>
      <uplinkFree.C3></uplinkFree.C3>
      <extensionContainer.C4.Sequence>
         <privateExtensionList.C0.BoxedType>
            <Collection>
               <PrivateExtension.Sequence>
                  <extId><ObjectIdentifier>0.1.2103.82.2.86.7.8</ObjectIdentifier></extId>
                  <extType>4704</extType>
               </PrivateExtension.Sequence>
               <PrivateExtension.Sequence>
                  <extId><ObjectIdentifier>0.1.245.26.106.124.62.30.74.47.64.111</ObjectIdentifier></extId>
                  <extType>e715</extType>
               </PrivateExtension.Sequence>
               <PrivateExtension.Sequence>
                  <extId><ObjectIdentifier>0.1.270.98.19.22.2.35</ObjectIdentifier></extId>
                  <extType>f9</extType>
               </PrivateExtension.Sequence>
            </Collection>
         </privateExtensionList.C0.BoxedType>
         <pcsExtensions.C1.Sequence></pcsExtensions.C1.Sequence>
      </extensionContainer.C4.Sequence>
      <vstk.C5.BoxedType><Bytes>894e0dda705cd4</Bytes></vstk.C5.BoxedType>
      <vstk_rand.C6.BoxedType><Bytes>e9d52813</Bytes></vstk_rand.C6.BoxedType>
   </PrepareGroupCallArg.Sequence>
</ASN>