<?xml version="1.0" encoding="ISO-8859-15"?>

<ASN layer="MAP">
   <PrepareSubsequentHOResV3.BoxedType><PrepareSubsequentHOResV3SequenceType.C3.Sequence>
         <an_APDU.Sequence>
            <accessNetworkProtocolId.Enum>
               <EnumType>ts3G_48006.1</EnumType>
            </accessNetworkProtocolId.Enum>
            <signalInfo.BoxedType><Bytes>e655ccfb1bf83958</Bytes></signalInfo.BoxedType>
            <extensionContainer.Sequence>
               <privateExtensionList.C0.BoxedType>
                  <Collection>
                     <PrivateExtension.Sequence>
                        <extId><ObjectIdentifier>0.1.240.65.29.105</ObjectIdentifier></extId>
                        <extType>7841</extType>
                     </PrivateExtension.Sequence>
                     <PrivateExtension.Sequence>
                        <extId><ObjectIdentifier>0.1.217.22</ObjectIdentifier></extId>
                        <extType>0ca6a573</extType>
                     </PrivateExtension.Sequence>
                     <PrivateExtension.Sequence>
                        <extId><ObjectIdentifier>0.1.29.21.40.36.33.35.83.120</ObjectIdentifier></extId>
                        <extType>bff7</extType>
                     </PrivateExtension.Sequence>
                  </Collection>
               </privateExtensionList.C0.BoxedType>
               <pcsExtensions.C1.Sequence></pcsExtensions.C1.Sequence>
            </extensionContainer.Sequence>
         </an_APDU.Sequence>
         <extensionContainer.C0.Sequence>
            <privateExtensionList.C0.BoxedType>
               <Collection>
                  <PrivateExtension.Sequence>
                     <extId><ObjectIdentifier>0.1.2124.60.88.127.86.3.14.19</ObjectIdentifier></extId>
                     <extType>17</extType>
                  </PrivateExtension.Sequence>
                  <PrivateExtension.Sequence>
                     <extId><ObjectIdentifier>0.1.221.35.1</ObjectIdentifier></extId>
                     <extType>5fa34041d72207</extType>
                  </PrivateExtension.Sequence>
                  <PrivateExtension.Sequence>
                     <extId><ObjectIdentifier>0.1.2109</ObjectIdentifier></extId>
                     <extType>692efd5e22eb</extType>
                  </PrivateExtension.Sequence>
               </Collection>
            </privateExtensionList.C0.BoxedType>
            <pcsExtensions.C1.Sequence></pcsExtensions.C1.Sequence>
         </extensionContainer.C0.Sequence>
      </PrepareSubsequentHOResV3SequenceType.C3.Sequence></PrepareSubsequentHOResV3.BoxedType>
</ASN>