<?xml version="1.0" encoding="ISO-8859-15"?>

<ASN layer="MAP">
   <PrepareHO_Arg.Sequence>
      <targetCellId.BoxedType><Bytes>cf</Bytes></targetCellId.BoxedType>
      <ho_NumberNotRequired></ho_NumberNotRequired>
      <bss_APDU.Sequence>
         <protocolId.Enum>
            <EnumType>ets_300102_1.4</EnumType>
         </protocolId.Enum>
         <signalInfo.BoxedType><Bytes>643e</Bytes></signalInfo.BoxedType>
         <extensionContainer.Sequence>
            <privateExtensionList.C0.BoxedType>
               <Collection>
                  <PrivateExtension.Sequence>
                     <extId><ObjectIdentifier>0.1.291</ObjectIdentifier></extId>
                     <extType>05</extType>
                  </PrivateExtension.Sequence>
                  <PrivateExtension.Sequence>
                     <extId><ObjectIdentifier>0.1.287</ObjectIdentifier></extId>
                     <extType>0263</extType>
                  </PrivateExtension.Sequence>
                  <PrivateExtension.Sequence>
                     <extId><ObjectIdentifier>0.1.215.54.127.45.35.119</ObjectIdentifier></extId>
                     <extType>65a4dc3d12a3cb64</extType>
                  </PrivateExtension.Sequence>
               </Collection>
            </privateExtensionList.C0.BoxedType>
            <pcsExtensions.C1.Sequence></pcsExtensions.C1.Sequence>
         </extensionContainer.Sequence>
      </bss_APDU.Sequence>
   </PrepareHO_Arg.Sequence>
</ASN>