<?xml version="1.0" encoding="ISO-8859-15"?>

<ASN layer="MAP">
   <PrepareHO_ArgV3.BoxedType><PrepareHO_ArgV3SequenceType.C3.Sequence>
         <targetCellId.C0.BoxedType><Bytes>434deb20</Bytes></targetCellId.C0.BoxedType>
         <ho_NumberNotRequired></ho_NumberNotRequired>
         <targetRNCId.C1.BoxedType><Bytes>4e018545c03545200c</Bytes></targetRNCId.C1.BoxedType>
         <an_APDU.C2.Sequence>
            <accessNetworkProtocolId.Enum>
               <EnumType>ts3G_48006.1</EnumType>
            </accessNetworkProtocolId.Enum>
            <signalInfo.BoxedType><Bytes>e35817cd59b6d50da8af</Bytes></signalInfo.BoxedType>
            <extensionContainer.Sequence>
               <privateExtensionList.C0.BoxedType>
                  <Collection>
                     <PrivateExtension.Sequence>
                        <extId><ObjectIdentifier>0.1.285.35.128</ObjectIdentifier></extId>
                        <extType>e404f119735d81e020</extType>
                     </PrivateExtension.Sequence>
                     <PrivateExtension.Sequence>
                        <extId><ObjectIdentifier>0.1.2110.38</ObjectIdentifier></extId>
                        <extType>8a0a293ec519209d</extType>
                     </PrivateExtension.Sequence>
                     <PrivateExtension.Sequence>
                        <extId><ObjectIdentifier>0.1.2121</ObjectIdentifier></extId>
                        <extType>8db81510ecb6fd87</extType>
                     </PrivateExtension.Sequence>
                  </Collection>
               </privateExtensionList.C0.BoxedType>
               <pcsExtensions.C1.Sequence></pcsExtensions.C1.Sequence>
            </extensionContainer.Sequence>
         </an_APDU.C2.Sequence>
         <multipleBearerRequested.C3></multipleBearerRequested.C3>
         <imsi.C4.BoxedType><Bytes>7125563374
               <field name="digits" value="1752653347" type="Number_BCD" length="10"/>
            </Bytes></imsi.C4.BoxedType>
         <integrityProtectionInfo.C5.BoxedType><Bytes>95504a925cd8</Bytes></integrityProtectionInfo.C5.BoxedType>
         <encryptionInfo.C6.BoxedType><Bytes>64b3</Bytes></encryptionInfo.C6.BoxedType>
         <radioResourceInformation.C7.BoxedType><Bytes>3dc6addb6ff40f6265</Bytes></radioResourceInformation.C7.BoxedType>
         <allowedGSM_Algorithms.C9.BoxedType><Bytes>fe61</Bytes></allowedGSM_Algorithms.C9.BoxedType>
         <allowedUMTS_Algorithms.C10.Sequence>
            <integrityProtectionAlgorithms.C0.BoxedType><Bytes>f376</Bytes></integrityProtectionAlgorithms.C0.BoxedType>
            <encryptionAlgorithms.C1.BoxedType><Bytes>6761cccb3696505e4a</Bytes></encryptionAlgorithms.C1.BoxedType>
            <extensionContainer.C2.Sequence>
               <privateExtensionList.C0.BoxedType>
                  <Collection>
                     <PrivateExtension.Sequence>
                        <extId><ObjectIdentifier>0.1.220.115.73.75.91.90.52.12.101</ObjectIdentifier></extId>
                        <extType>d514</extType>
                     </PrivateExtension.Sequence>
                     <PrivateExtension.Sequence>
                        <extId><ObjectIdentifier>0.1.233.93</ObjectIdentifier></extId>
                        <extType>bddb01bb</extType>
                     </PrivateExtension.Sequence>
                     <PrivateExtension.Sequence>
                        <extId><ObjectIdentifier>0.1.248.124.24.127</ObjectIdentifier></extId>
                        <extType>7fbcd6d2cf794939</extType>
                     </PrivateExtension.Sequence>
                  </Collection>
               </privateExtensionList.C0.BoxedType>
               <pcsExtensions.C1.Sequence></pcsExtensions.C1.Sequence>
            </extensionContainer.C2.Sequence>
         </allowedUMTS_Algorithms.C10.Sequence>
         <radioResourceList.C11.BoxedType>
            <Collection>
               <RadioResource.Sequence>
                  <radioResourceInformation.BoxedType><Bytes>e011</Bytes></radioResourceInformation.BoxedType>
                  <rab_Id.BoxedType><Integer>1</Integer></rab_Id.BoxedType>
               </RadioResource.Sequence>
               <RadioResource.Sequence>
                  <radioResourceInformation.BoxedType><Bytes>1f340f1a31619496</Bytes></radioResourceInformation.BoxedType>
                  <rab_Id.BoxedType><Integer>1</Integer></rab_Id.BoxedType>
               </RadioResource.Sequence>
               <RadioResource.Sequence>
                  <radioResourceInformation.BoxedType><Bytes>ab4d746263ab</Bytes></radioResourceInformation.BoxedType>
                  <rab_Id.BoxedType><Integer>0</Integer></rab_Id.BoxedType>
               </RadioResource.Sequence>
            </Collection>
         </radioResourceList.C11.BoxedType>
         <extensionContainer.C8.Sequence>
            <privateExtensionList.C0.BoxedType>
               <Collection>
                  <PrivateExtension.Sequence>
                     <extId><ObjectIdentifier>0.1.226.121.72</ObjectIdentifier></extId>
                     <extType>ba54</extType>
                  </PrivateExtension.Sequence>
                  <PrivateExtension.Sequence>
                     <extId><ObjectIdentifier>0.1.227.20.122.101.11</ObjectIdentifier></extId>
                     <extType>9fc858e2bc71ee40</extType>
                  </PrivateExtension.Sequence>
                  <PrivateExtension.Sequence>
                     <extId><ObjectIdentifier>0.1.2122.101</ObjectIdentifier></extId>
                     <extType>864c5499dcdcd649</extType>
                  </PrivateExtension.Sequence>
               </Collection>
            </privateExtensionList.C0.BoxedType>
            <pcsExtensions.C1.Sequence></pcsExtensions.C1.Sequence>
         </extensionContainer.C8.Sequence>
         <rab_Id.C12.BoxedType><Integer>0</Integer></rab_Id.C12.BoxedType>
         <bssmap_ServiceHandover.C13.BoxedType><Bytes>f58db5a272895502cb</Bytes></bssmap_ServiceHandover.C13.BoxedType>
         <ranap_ServiceHandover.C14.BoxedType><Bytes>359d5d2725686e19f9</Bytes></ranap_ServiceHandover.C14.BoxedType>
         <bssmap_ServiceHandoverList.C15.BoxedType>
            <Collection>
               <BSSMAP_ServiceHandoverInfo.Sequence>
                  <bssmap_ServiceHandover.BoxedType><Bytes>a3cf692140</Bytes></bssmap_ServiceHandover.BoxedType>
                  <rab_Id.BoxedType><Integer>1</Integer></rab_Id.BoxedType>
               </BSSMAP_ServiceHandoverInfo.Sequence>
               <BSSMAP_ServiceHandoverInfo.Sequence>
                  <bssmap_ServiceHandover.BoxedType><Bytes>6c97ca70633a48</Bytes></bssmap_ServiceHandover.BoxedType>
                  <rab_Id.BoxedType><Integer>0</Integer></rab_Id.BoxedType>
               </BSSMAP_ServiceHandoverInfo.Sequence>
               <BSSMAP_ServiceHandoverInfo.Sequence>
                  <bssmap_ServiceHandover.BoxedType><Bytes>e528a2b8181103f8</Bytes></bssmap_ServiceHandover.BoxedType>
                  <rab_Id.BoxedType><Integer>2</Integer></rab_Id.BoxedType>
               </BSSMAP_ServiceHandoverInfo.Sequence>
            </Collection>
         </bssmap_ServiceHandoverList.C15.BoxedType>
         <asciCallReference.C20.BoxedType><TBCD_STRING.BoxedType><Bytes>1133332203
                  <field name="digits" value="1133332230" type="Number_BCD" length="10"/>
               </Bytes></TBCD_STRING.BoxedType></asciCallReference.C20.BoxedType>
         <geran_classmark.C16.BoxedType><Bytes>1d1ad6</Bytes></geran_classmark.C16.BoxedType>
         <iuCurrentlyUsedCodec.C17.BoxedType><Bytes>73033c</Bytes></iuCurrentlyUsedCodec.C17.BoxedType>
         <iuSupportedCodecsList.C18.Sequence>
            <utranCodecList.C0.Sequence>
               <codec1.C1.BoxedType><Bytes>275324f43f7fa0</Bytes></codec1.C1.BoxedType>
               <codec2.C2.BoxedType><Bytes>78fba8</Bytes></codec2.C2.BoxedType>
               <codec3.C3.BoxedType><Bytes>395b056e78686b</Bytes></codec3.C3.BoxedType>
               <codec4.C4.BoxedType><Bytes>301109449a1c001415fd</Bytes></codec4.C4.BoxedType>
               <codec5.C5.BoxedType><Bytes>ae075c</Bytes></codec5.C5.BoxedType>
               <codec6.C6.BoxedType><Bytes>49b34e19c638</Bytes></codec6.C6.BoxedType>
               <codec7.C7.BoxedType><Bytes>6251f4d16f7006974d</Bytes></codec7.C7.BoxedType>
               <codec8.C8.BoxedType><Bytes>2bbcfb3d4dc9cd823b</Bytes></codec8.C8.BoxedType>
               <extensionContainer.C9.Sequence>
                  <privateExtensionList.C0.BoxedType>
                     <Collection>
                        <PrivateExtension.Sequence>
                           <extId><ObjectIdentifier>0.1.224.36.84.51.103.43.127.101</ObjectIdentifier></extId>
                           <extType>158cb30c9b2c09</extType>
                        </PrivateExtension.Sequence>
                        <PrivateExtension.Sequence>
                           <extId><ObjectIdentifier>0.1.275.36</ObjectIdentifier></extId>
                           <extType>048706da071fab</extType>
                        </PrivateExtension.Sequence>
                        <PrivateExtension.Sequence>
                           <extId><ObjectIdentifier>0.1.276.75.19.65.47.90.95</ObjectIdentifier></extId>
                           <extType>af0c86b85c4ae721f5</extType>
                        </PrivateExtension.Sequence>
                     </Collection>
                  </privateExtensionList.C0.BoxedType>
                  <pcsExtensions.C1.Sequence></pcsExtensions.C1.Sequence>
               </extensionContainer.C9.Sequence>
            </utranCodecList.C0.Sequence>
            <geranCodecList.C1.Sequence>
               <codec1.C1.BoxedType><Bytes>ccfdcb5188</Bytes></codec1.C1.BoxedType>
               <codec2.C2.BoxedType><Bytes>1058550d3dc847909a</Bytes></codec2.C2.BoxedType>
               <codec3.C3.BoxedType><Bytes>a5302a94239d</Bytes></codec3.C3.BoxedType>
               <codec4.C4.BoxedType><Bytes>96</Bytes></codec4.C4.BoxedType>
               <codec5.C5.BoxedType><Bytes>d0207528243136c995</Bytes></codec5.C5.BoxedType>
               <codec6.C6.BoxedType><Bytes>edb54e833d30</Bytes></codec6.C6.BoxedType>
               <codec7.C7.BoxedType><Bytes>8eea</Bytes></codec7.C7.BoxedType>
               <codec8.C8.BoxedType><Bytes>0de392ee</Bytes></codec8.C8.BoxedType>
               <extensionContainer.C9.Sequence>
                  <privateExtensionList.C0.BoxedType>
                     <Collection>
                        <PrivateExtension.Sequence>
                           <extId><ObjectIdentifier>0.1.2119.80.82.9.62.21.69</ObjectIdentifier></extId>
                           <extType>4c404c5e72</extType>
                        </PrivateExtension.Sequence>
                        <PrivateExtension.Sequence>
                           <extId><ObjectIdentifier>0.1.2104.8.76.6</ObjectIdentifier></extId>
                           <extType>41f0770d354f298d</extType>
                        </PrivateExtension.Sequence>
                        <PrivateExtension.Sequence>
                           <extId><ObjectIdentifier>0.1.2125.44.44</ObjectIdentifier></extId>
                           <extType>36e5db</extType>
                        </PrivateExtension.Sequence>
                     </Collection>
                  </privateExtensionList.C0.BoxedType>
                  <pcsExtensions.C1.Sequence></pcsExtensions.C1.Sequence>
               </extensionContainer.C9.Sequence>
            </geranCodecList.C1.Sequence>
            <extensionContainer.C2.Sequence>
               <privateExtensionList.C0.BoxedType>
                  <Collection>
                     <PrivateExtension.Sequence>
                        <extId><ObjectIdentifier>0.1.278.30.114.69.66.80.114</ObjectIdentifier></extId>
                        <extType>7dbb8cc6fc</extType>
                     </PrivateExtension.Sequence>
                     <PrivateExtension.Sequence>
                        <extId><ObjectIdentifier>0.1.244.90.59.83.88.70.68</ObjectIdentifier></extId>
                        <extType>1d801590f697ca888a</extType>
                     </PrivateExtension.Sequence>
                     <PrivateExtension.Sequence>
                        <extId><ObjectIdentifier>0.1.2120.71.63.37.126.32.99.51</ObjectIdentifier></extId>
                        <extType>f19fdfe91b2625</extType>
                     </PrivateExtension.Sequence>
                  </Collection>
               </privateExtensionList.C0.BoxedType>
               <pcsExtensions.C1.Sequence></pcsExtensions.C1.Sequence>
            </extensionContainer.C2.Sequence>
         </iuSupportedCodecsList.C18.Sequence>
         <rab_ConfigurationIndicator.C19></rab_ConfigurationIndicator.C19>
         <uesbi_Iu.C21.Sequence>
            <uesbi_IuA.C0.BoxedType><BitString><BitString value="372b60000c27decfadbfd7ecb3e0a2222cb8cd" trailing="0"/></BitString></uesbi_IuA.C0.BoxedType>
            <uesbi_IuB.C1.BoxedType><BitString><BitString value="f2314ed5f645" trailing="0"/></BitString></uesbi_IuB.C1.BoxedType>
         </uesbi_Iu.C21.Sequence>
         <imeisv.C22.BoxedType><TBCD_STRING.BoxedType><Bytes>9148468276
                  <field name="digits" value="1984642867" type="Number_BCD" length="10"/>
               </Bytes></TBCD_STRING.BoxedType></imeisv.C22.BoxedType>
      </PrepareHO_ArgV3SequenceType.C3.Sequence></PrepareHO_ArgV3.BoxedType>
</ASN>