<?xml version="1.0" encoding="ISO-8859-15"?>

<ASN layer="MAP">
   <PrepareSubsequentHOArgV3.BoxedType><PrepareSubsequentHOArgV3SequenceType.C3.Sequence>
         <targetCellId.C0.BoxedType><Bytes>b552</Bytes></targetCellId.C0.BoxedType>
         <targetMSC_Number.C1.BoxedType><Bytes>cd81519899f1
               <field name="extension" value="no extension:1" type="EnumLong" lengthBit="1"/>
               <field name="nature of address" value="subscriber number:4" type="EnumLong" lengthBit="3"/>
               <field name="numbering plan" value="13" type="EnumLong" lengthBit="4"/>
               <field name="digits" value="181589991" type="Number_BCD" length="9"/>
            </Bytes></targetMSC_Number.C1.BoxedType>
         <targetRNCId.C2.BoxedType><Bytes>9a19d0bd</Bytes></targetRNCId.C2.BoxedType>
         <an_APDU.C3.Sequence>
            <accessNetworkProtocolId.Enum>
               <EnumType>ts3G_25413.2</EnumType>
            </accessNetworkProtocolId.Enum>
            <signalInfo.BoxedType><Bytes>d4496484e74eb5f2</Bytes></signalInfo.BoxedType>
            <extensionContainer.Sequence>
               <privateExtensionList.C0.BoxedType>
                  <Collection>
                     <PrivateExtension.Sequence>
                        <extId><ObjectIdentifier>0.1.270.126.85.49</ObjectIdentifier></extId>
                        <extType>6c8d40dda85c91edc29c</extType>
                     </PrivateExtension.Sequence>
                     <PrivateExtension.Sequence>
                        <extId><ObjectIdentifier>0.1.2</ObjectIdentifier></extId>
                        <extType>6a96663914e271</extType>
                     </PrivateExtension.Sequence>
                     <PrivateExtension.Sequence>
                        <extId><ObjectIdentifier>0.1.275.27.67.115.59.72.24.55.16</ObjectIdentifier></extId>
                        <extType>b6e494db</extType>
                     </PrivateExtension.Sequence>
                  </Collection>
               </privateExtensionList.C0.BoxedType>
               <pcsExtensions.C1.Sequence></pcsExtensions.C1.Sequence>
            </extensionContainer.Sequence>
         </an_APDU.C3.Sequence>
         <selectedRab_Id.C4.BoxedType><Integer>1</Integer></selectedRab_Id.C4.BoxedType>
         <extensionContainer.C5.Sequence>
            <privateExtensionList.C0.BoxedType>
               <Collection>
                  <PrivateExtension.Sequence>
                     <extId><ObjectIdentifier>0.1.238.77.110.62</ObjectIdentifier></extId>
                     <extType>b7e1121ca19859be</extType>
                  </PrivateExtension.Sequence>
                  <PrivateExtension.Sequence>
                     <extId><ObjectIdentifier>0.1.2121.35.77.60</ObjectIdentifier></extId>
                     <extType>6b73</extType>
                  </PrivateExtension.Sequence>
                  <PrivateExtension.Sequence>
                     <extId><ObjectIdentifier>0.1.2123.29.68.53.118</ObjectIdentifier></extId>
                     <extType>a9b193e1334f55</extType>
                  </PrivateExtension.Sequence>
               </Collection>
            </privateExtensionList.C0.BoxedType>
            <pcsExtensions.C1.Sequence></pcsExtensions.C1.Sequence>
         </extensionContainer.C5.Sequence>
         <geran_classmark.C6.BoxedType><Bytes>563f5b33</Bytes></geran_classmark.C6.BoxedType>
         <rab_ConfigurationIndicator.C7></rab_ConfigurationIndicator.C7>
      </PrepareSubsequentHOArgV3SequenceType.C3.Sequence></PrepareSubsequentHOArgV3.BoxedType>
</ASN>