<?xml version="1.0" encoding="ISO-8859-15"?>

<ASN layer="MAP">
   <PrepareHO_ResV3.BoxedType><PrepareHO_ResV3SequenceType.C3.Sequence>
         <handoverNumber.C0.BoxedType><Bytes>0916904740f4
               <field name="extension" value="extension:0" type="EnumLong" lengthBit="1"/>
               <field name="nature of address" value="unknown:0" type="EnumLong" lengthBit="3"/>
               <field name="numbering plan" value="private numbering plan:9" type="EnumLong" lengthBit="4"/>
               <field name="digits" value="610974044" type="Number_BCD" length="9"/>
            </Bytes></handoverNumber.C0.BoxedType>
         <relocationNumberList.C1.BoxedType>
            <Collection>
               <RelocationNumber.Sequence>
                  <handoverNumber.BoxedType><Bytes>e27124025913
                        <field name="extension" value="no extension:1" type="EnumLong" lengthBit="1"/>
                        <field name="nature of address" value="abbreviated number:6" type="EnumLong" lengthBit="3"/>
                        <field name="numbering plan" value="spare:2" type="EnumLong" lengthBit="4"/>
                        <field name="digits" value="1742209531" type="Number_BCD" length="10"/>
                     </Bytes></handoverNumber.BoxedType>
                  <rab_Id.BoxedType><Integer>1</Integer></rab_Id.BoxedType>
               </RelocationNumber.Sequence>
               <RelocationNumber.Sequence>
                  <handoverNumber.BoxedType><Bytes>2314230932f0
                        <field name="extension" value="extension:0" type="EnumLong" lengthBit="1"/>
                        <field name="nature of address" value="national significant number:2" type="EnumLong" lengthBit="3"/>
                        <field name="numbering plan" value="data numbering plan (ITU-T Rec X.121):3" type="EnumLong" lengthBit="4"/>
                        <field name="digits" value="413290230" type="Number_BCD" length="9"/>
                     </Bytes></handoverNumber.BoxedType>
                  <rab_Id.BoxedType><Integer>1</Integer></rab_Id.BoxedType>
               </RelocationNumber.Sequence>
               <RelocationNumber.Sequence>
                  <handoverNumber.BoxedType><Bytes>e436561127f9
                        <field name="extension" value="no extension:1" type="EnumLong" lengthBit="1"/>
                        <field name="nature of address" value="abbreviated number:6" type="EnumLong" lengthBit="3"/>
                        <field name="numbering plan" value="telex numbering plan (ITU-T Rec F.69):4" type="EnumLong" lengthBit="4"/>
                        <field name="digits" value="636511729" type="Number_BCD" length="9"/>
                     </Bytes></handoverNumber.BoxedType>
                  <rab_Id.BoxedType><Integer>0</Integer></rab_Id.BoxedType>
               </RelocationNumber.Sequence>
            </Collection>
         </relocationNumberList.C1.BoxedType>
         <an_APDU.C2.Sequence>
            <accessNetworkProtocolId.Enum>
               <EnumType>ts3G_25413.2</EnumType>
            </accessNetworkProtocolId.Enum>
            <signalInfo.BoxedType><Bytes>e9</Bytes></signalInfo.BoxedType>
            <extensionContainer.Sequence>
               <privateExtensionList.C0.BoxedType>
                  <Collection>
                     <PrivateExtension.Sequence>
                        <extId><ObjectIdentifier>0.1.217.125.44.123.92</ObjectIdentifier></extId>
                        <extType>f73d5251bc971d24e637</extType>
                     </PrivateExtension.Sequence>
                     <PrivateExtension.Sequence>
                        <extId><ObjectIdentifier>0.1.274.64.40.106.10.107.92.118</ObjectIdentifier></extId>
                        <extType>8a52cd885a5c6a20df</extType>
                     </PrivateExtension.Sequence>
                     <PrivateExtension.Sequence>
                        <extId><ObjectIdentifier>0.1.22.8.10.94.30.101</ObjectIdentifier></extId>
                        <extType>0091711591a26e</extType>
                     </PrivateExtension.Sequence>
                  </Collection>
               </privateExtensionList.C0.BoxedType>
               <pcsExtensions.C1.Sequence></pcsExtensions.C1.Sequence>
            </extensionContainer.Sequence>
         </an_APDU.C2.Sequence>
         <multicallBearerInfo.C3.BoxedType><Integer>0</Integer></multicallBearerInfo.C3.BoxedType>
         <multipleBearerNotSupported></multipleBearerNotSupported>
         <selectedUMTS_Algorithms.C5.Sequence>
            <integrityProtectionAlgorithm.C0.BoxedType><Bytes>162aec</Bytes></integrityProtectionAlgorithm.C0.BoxedType>
            <encryptionAlgorithm.C1.BoxedType><Bytes>44550e0fb6ad</Bytes></encryptionAlgorithm.C1.BoxedType>
            <extensionContainer.C2.Sequence>
               <privateExtensionList.C0.BoxedType>
                  <Collection>
                     <PrivateExtension.Sequence>
                        <extId><ObjectIdentifier>0.1.251.123.51.111.13.79.99.111.41</ObjectIdentifier></extId>
                        <extType>1858fb3e0327638dc2</extType>
                     </PrivateExtension.Sequence>
                     <PrivateExtension.Sequence>
                        <extId><ObjectIdentifier>0.1.281.54.57</ObjectIdentifier></extId>
                        <extType>272413e9</extType>
                     </PrivateExtension.Sequence>
                     <PrivateExtension.Sequence>
                        <extId><ObjectIdentifier>0.1.2114.70.44</ObjectIdentifier></extId>
                        <extType>61b286c85f66260c</extType>
                     </PrivateExtension.Sequence>
                  </Collection>
               </privateExtensionList.C0.BoxedType>
               <pcsExtensions.C1.Sequence></pcsExtensions.C1.Sequence>
            </extensionContainer.C2.Sequence>
         </selectedUMTS_Algorithms.C5.Sequence>
         <chosenRadioResourceInformation.C6.Sequence>
            <chosenChannelInfo.C0.BoxedType><Bytes>f0</Bytes></chosenChannelInfo.C0.BoxedType>
            <chosenSpeechVersion.C1.BoxedType><Bytes>017755d267</Bytes></chosenSpeechVersion.C1.BoxedType>
         </chosenRadioResourceInformation.C6.Sequence>
         <extensionContainer.C4.Sequence>
            <privateExtensionList.C0.BoxedType>
               <Collection>
                  <PrivateExtension.Sequence>
                     <extId><ObjectIdentifier>0.1.276.4.112.112.57.77.49.104.58</ObjectIdentifier></extId>
                     <extType>d097194e60c7</extType>
                  </PrivateExtension.Sequence>
                  <PrivateExtension.Sequence>
                     <extId><ObjectIdentifier>0.1.274.5.23.114.49.35.37.115.86</ObjectIdentifier></extId>
                     <extType>f5c799df87dff45ee0</extType>
                  </PrivateExtension.Sequence>
                  <PrivateExtension.Sequence>
                     <extId><ObjectIdentifier>0.1.257.24.71.52.102.125.48.122.86.117</ObjectIdentifier></extId>
                     <extType>cff4fb5c</extType>
                  </PrivateExtension.Sequence>
               </Collection>
            </privateExtensionList.C0.BoxedType>
            <pcsExtensions.C1.Sequence></pcsExtensions.C1.Sequence>
         </extensionContainer.C4.Sequence>
         <iuSelectedCodec.C7.BoxedType><Bytes>2cd252d0b299b022</Bytes></iuSelectedCodec.C7.BoxedType>
         <iuAvailableCodecsList.C8.Sequence>
            <codec1.C1.BoxedType><Bytes>47b10e24ca80bfa55e5d</Bytes></codec1.C1.BoxedType>
            <codec2.C2.BoxedType><Bytes>07f0</Bytes></codec2.C2.BoxedType>
            <codec3.C3.BoxedType><Bytes>e37c</Bytes></codec3.C3.BoxedType>
            <codec4.C4.BoxedType><Bytes>00da8bd73b492085</Bytes></codec4.C4.BoxedType>
            <codec5.C5.BoxedType><Bytes>13b9</Bytes></codec5.C5.BoxedType>
            <codec6.C6.BoxedType><Bytes>0542bb781c</Bytes></codec6.C6.BoxedType>
            <codec7.C7.BoxedType><Bytes>533b8054cab5acb8</Bytes></codec7.C7.BoxedType>
            <codec8.C8.BoxedType><Bytes>5e6f9080dc1510</Bytes></codec8.C8.BoxedType>
            <extensionContainer.C9.Sequence>
               <privateExtensionList.C0.BoxedType>
                  <Collection>
                     <PrivateExtension.Sequence>
                        <extId><ObjectIdentifier>0.1.281.82</ObjectIdentifier></extId>
                        <extType>c2fac2e424</extType>
                     </PrivateExtension.Sequence>
                     <PrivateExtension.Sequence>
                        <extId><ObjectIdentifier>0.1.265.50.69.4.68.94.60.79</ObjectIdentifier></extId>
                        <extType>a5</extType>
                     </PrivateExtension.Sequence>
                     <PrivateExtension.Sequence>
                        <extId><ObjectIdentifier>0.1.288.102.58.91.125</ObjectIdentifier></extId>
                        <extType>26</extType>
                     </PrivateExtension.Sequence>
                  </Collection>
               </privateExtensionList.C0.BoxedType>
               <pcsExtensions.C1.Sequence></pcsExtensions.C1.Sequence>
            </extensionContainer.C9.Sequence>
         </iuAvailableCodecsList.C8.Sequence>
      </PrepareHO_ResV3SequenceType.C3.Sequence></PrepareHO_ResV3.BoxedType>
</ASN>