<?xml version="1.0" encoding="ISO-8859-15"?>

<ASN layer="MAP">
   <ProcessGroupCallSignallingArg.Sequence>
      <uplinkRequest.C0></uplinkRequest.C0>
      <uplinkReleaseIndication.C1></uplinkReleaseIndication.C1>
      <releaseGroupCall.C2></releaseGroupCall.C2>
      <extensionContainer.Sequence>
         <privateExtensionList.C0.BoxedType>
            <Collection>
               <PrivateExtension.Sequence>
                  <extId><ObjectIdentifier>0.1.228.17.41.45.45</ObjectIdentifier></extId>
                  <extType>71347c7e3aab</extType>
               </PrivateExtension.Sequence>
               <PrivateExtension.Sequence>
                  <extId><ObjectIdentifier>0.1.244.50.40.49.62.35</ObjectIdentifier></extId>
                  <extType>4f7e0ba38c</extType>
               </PrivateExtension.Sequence>
               <PrivateExtension.Sequence>
                  <extId><ObjectIdentifier>0.1.236</ObjectIdentifier></extId>
                  <extType>5af2821aff1ab4560d</extType>
               </PrivateExtension.Sequence>
            </Collection>
         </privateExtensionList.C0.BoxedType>
         <pcsExtensions.C1.Sequence></pcsExtensions.C1.Sequence>
      </extensionContainer.Sequence>
   </ProcessGroupCallSignallingArg.Sequence>
</ASN>