<?xml version="1.0" encoding="ISO-8859-15"?>

<ASN layer="MAP">
   <ProcessAccessSignallingArgV3.BoxedType><ProcessAccessSignallingArgV3SequenceType.C3.Sequence>
         <an_APDU.Sequence>
            <accessNetworkProtocolId.Enum>
               <EnumType>ts3G_48006.1</EnumType>
            </accessNetworkProtocolId.Enum>
            <signalInfo.BoxedType><Bytes>7c0fed70fc336e4c29</Bytes></signalInfo.BoxedType>
            <extensionContainer.Sequence>
               <privateExtensionList.C0.BoxedType>
                  <Collection>
                     <PrivateExtension.Sequence>
                        <extId><ObjectIdentifier>0.1.299.86.86</ObjectIdentifier></extId>
                        <extType>7595bebdd6bd9d</extType>
                     </PrivateExtension.Sequence>
                     <PrivateExtension.Sequence>
                        <extId><ObjectIdentifier>0.1.284.73.69</ObjectIdentifier></extId>
                        <extType>823fdc2628e9a09845</extType>
                     </PrivateExtension.Sequence>
                     <PrivateExtension.Sequence>
                        <extId><ObjectIdentifier>0.1.221.79.9.82.92.64.112.54</ObjectIdentifier></extId>
                        <extType>6c74b15ef25eeedd02</extType>
                     </PrivateExtension.Sequence>
                  </Collection>
               </privateExtensionList.C0.BoxedType>
               <pcsExtensions.C1.Sequence></pcsExtensions.C1.Sequence>
            </extensionContainer.Sequence>
         </an_APDU.Sequence>
         <selectedUMTS_Algorithms.C1.Sequence>
            <integrityProtectionAlgorithm.C0.BoxedType><Bytes>049cd289db03af80</Bytes></integrityProtectionAlgorithm.C0.BoxedType>
            <encryptionAlgorithm.C1.BoxedType><Bytes>e6024eb0</Bytes></encryptionAlgorithm.C1.BoxedType>
            <extensionContainer.C2.Sequence>
               <privateExtensionList.C0.BoxedType>
                  <Collection>
                     <PrivateExtension.Sequence>
                        <extId><ObjectIdentifier>0.1.2116</ObjectIdentifier></extId>
                        <extType>c092129ebc17</extType>
                     </PrivateExtension.Sequence>
                     <PrivateExtension.Sequence>
                        <extId><ObjectIdentifier>0.1.230</ObjectIdentifier></extId>
                        <extType>92f424</extType>
                     </PrivateExtension.Sequence>
                     <PrivateExtension.Sequence>
                        <extId><ObjectIdentifier>0.1.282.2.25</ObjectIdentifier></extId>
                        <extType>d73b6db9</extType>
                     </PrivateExtension.Sequence>
                  </Collection>
               </privateExtensionList.C0.BoxedType>
               <pcsExtensions.C1.Sequence></pcsExtensions.C1.Sequence>
            </extensionContainer.C2.Sequence>
         </selectedUMTS_Algorithms.C1.Sequence>
         <selectedGSM_Algorithm.C2.BoxedType><Bytes>8ea14d</Bytes></selectedGSM_Algorithm.C2.BoxedType>
         <chosenRadioResourceInformation.C3.Sequence>
            <chosenChannelInfo.C0.BoxedType><Bytes>68f5ccec65a61f2c8b8f</Bytes></chosenChannelInfo.C0.BoxedType>
            <chosenSpeechVersion.C1.BoxedType><Bytes>143cdaa31f6d</Bytes></chosenSpeechVersion.C1.BoxedType>
         </chosenRadioResourceInformation.C3.Sequence>
         <selectedRab_Id.C4.BoxedType><Integer>0</Integer></selectedRab_Id.C4.BoxedType>
         <extensionContainer.C0.Sequence>
            <privateExtensionList.C0.BoxedType>
               <Collection>
                  <PrivateExtension.Sequence>
                     <extId><ObjectIdentifier>0.1.241.80.33.118.111</ObjectIdentifier></extId>
                     <extType>148d10d5e22709</extType>
                  </PrivateExtension.Sequence>
                  <PrivateExtension.Sequence>
                     <extId><ObjectIdentifier>0.1.215.11.82.12.32.57.54</ObjectIdentifier></extId>
                     <extType>6944</extType>
                  </PrivateExtension.Sequence>
                  <PrivateExtension.Sequence>
                     <extId><ObjectIdentifier>0.1.2122.23.62.125.126.114</ObjectIdentifier></extId>
                     <extType>0b79bd0d89</extType>
                  </PrivateExtension.Sequence>
               </Collection>
            </privateExtensionList.C0.BoxedType>
            <pcsExtensions.C1.Sequence></pcsExtensions.C1.Sequence>
         </extensionContainer.C0.Sequence>
         <iUSelectedCodec.C5.BoxedType><Bytes>8faf</Bytes></iUSelectedCodec.C5.BoxedType>
         <iuAvailableCodecsList.C6.Sequence>
            <codec1.C1.BoxedType><Bytes>b2ee3045ce7192685c</Bytes></codec1.C1.BoxedType>
            <codec2.C2.BoxedType><Bytes>4e</Bytes></codec2.C2.BoxedType>
            <codec3.C3.BoxedType><Bytes>2d688bc3eb</Bytes></codec3.C3.BoxedType>
            <codec4.C4.BoxedType><Bytes>31cb4eca8e8d</Bytes></codec4.C4.BoxedType>
            <codec5.C5.BoxedType><Bytes>b875ff2e39</Bytes></codec5.C5.BoxedType>
            <codec6.C6.BoxedType><Bytes>8a02</Bytes></codec6.C6.BoxedType>
            <codec7.C7.BoxedType><Bytes>3ae47b844d</Bytes></codec7.C7.BoxedType>
            <codec8.C8.BoxedType><Bytes>2c7d45</Bytes></codec8.C8.BoxedType>
            <extensionContainer.C9.Sequence>
               <privateExtensionList.C0.BoxedType>
                  <Collection>
                     <PrivateExtension.Sequence>
                        <extId><ObjectIdentifier>0.1.259.78.10.72</ObjectIdentifier></extId>
                        <extType>444f5c9fce6c0e</extType>
                     </PrivateExtension.Sequence>
                     <PrivateExtension.Sequence>
                        <extId><ObjectIdentifier>0.1.2122</ObjectIdentifier></extId>
                        <extType>6e78</extType>
                     </PrivateExtension.Sequence>
                     <PrivateExtension.Sequence>
                        <extId><ObjectIdentifier>0.1.211.39.7.104.71.56</ObjectIdentifier></extId>
                        <extType>1693cfb512</extType>
                     </PrivateExtension.Sequence>
                  </Collection>
               </privateExtensionList.C0.BoxedType>
               <pcsExtensions.C1.Sequence></pcsExtensions.C1.Sequence>
            </extensionContainer.C9.Sequence>
         </iuAvailableCodecsList.C6.Sequence>
      </ProcessAccessSignallingArgV3SequenceType.C3.Sequence></ProcessAccessSignallingArgV3.BoxedType>
</ASN>