<?xml version="1.0" encoding="ISO-8859-15"?>

<ASN layer="MAP">
   <ProvideRoamingNumberArg.Sequence>
      <imsi.C0.BoxedType><Bytes>0280686111
            <field name="digits" value="2008861611" type="Number_BCD" length="10"/>
         </Bytes></imsi.C0.BoxedType>
      <msc_Number.C1.BoxedType><Bytes>5e45512853f4
            <field name="extension" value="extension:0" type="EnumLong" lengthBit="1"/>
            <field name="nature of address" value="reserved:5" type="EnumLong" lengthBit="3"/>
            <field name="numbering plan" value="14" type="EnumLong" lengthBit="4"/>
            <field name="digits" value="541582354" type="Number_BCD" length="9"/>
         </Bytes></msc_Number.C1.BoxedType>
      <msisdn.C2.BoxedType><Bytes>691196677222
            <field name="extension" value="extension:0" type="EnumLong" lengthBit="1"/>
            <field name="nature of address" value="abbreviated number:6" type="EnumLong" lengthBit="3"/>
            <field name="numbering plan" value="private numbering plan:9" type="EnumLong" lengthBit="4"/>
            <field name="digits" value="1169762722" type="Number_BCD" length="10"/>
         </Bytes></msisdn.C2.BoxedType>
      <lmsi.C4.BoxedType><Bytes>5210c62f24fc46b2a0
            <field name="digits" value="5210c62f24fc46b2a0" type="Binary" length="9"/>
         </Bytes></lmsi.C4.BoxedType>
      <gsm_BearerCapability.C5.Sequence>
         <protocolId.Enum>
            <EnumType>gsm_BSSMAP.3</EnumType>
         </protocolId.Enum>
         <signalInfo.BoxedType><Bytes>a940c4</Bytes></signalInfo.BoxedType>
         <extensionContainer.Sequence>
            <privateExtensionList.C0.BoxedType>
               <Collection>
                  <PrivateExtension.Sequence>
                     <extId><ObjectIdentifier>0.1.251</ObjectIdentifier></extId>
                     <extType>11ec</extType>
                  </PrivateExtension.Sequence>
                  <PrivateExtension.Sequence>
                     <extId><ObjectIdentifier>0.1.245.50</ObjectIdentifier></extId>
                     <extType>d232</extType>
                  </PrivateExtension.Sequence>
                  <PrivateExtension.Sequence>
                     <extId><ObjectIdentifier>0.1.272.17</ObjectIdentifier></extId>
                     <extType>8c</extType>
                  </PrivateExtension.Sequence>
               </Collection>
            </privateExtensionList.C0.BoxedType>
            <pcsExtensions.C1.Sequence></pcsExtensions.C1.Sequence>
         </extensionContainer.Sequence>
      </gsm_BearerCapability.C5.Sequence>
      <networkSignalInfo.C6.Sequence>
         <protocolId.Enum>
            <EnumType>gsm_BSSMAP.3</EnumType>
         </protocolId.Enum>
         <signalInfo.BoxedType><Bytes>739e27dbce09f68512e2</Bytes></signalInfo.BoxedType>
         <extensionContainer.Sequence>
            <privateExtensionList.C0.BoxedType>
               <Collection>
                  <PrivateExtension.Sequence>
                     <extId><ObjectIdentifier>0.1.225.34.35</ObjectIdentifier></extId>
                     <extType>1d369699</extType>
                  </PrivateExtension.Sequence>
                  <PrivateExtension.Sequence>
                     <extId><ObjectIdentifier>0.1.284.54.84.53.27.99</ObjectIdentifier></extId>
                     <extType>0a95eecb64986b1662</extType>
                  </PrivateExtension.Sequence>
                  <PrivateExtension.Sequence>
                     <extId><ObjectIdentifier>0.1.257.74.66.63.41.97.45.4.80</ObjectIdentifier></extId>
                     <extType>428192fe</extType>
                  </PrivateExtension.Sequence>
               </Collection>
            </privateExtensionList.C0.BoxedType>
            <pcsExtensions.C1.Sequence></pcsExtensions.C1.Sequence>
         </extensionContainer.Sequence>
      </networkSignalInfo.C6.Sequence>
      <suppressionOfAnnouncement.C7.Null>
         
      </suppressionOfAnnouncement.C7.Null>
      <gmsc_Address.C8.BoxedType><Bytes>b737485992f0
            <field name="extension" value="no extension:1" type="EnumLong" lengthBit="1"/>
            <field name="nature of address" value="network specific number:3" type="EnumLong" lengthBit="3"/>
            <field name="numbering plan" value="spare:7" type="EnumLong" lengthBit="4"/>
            <field name="digits" value="738495290" type="Number_BCD" length="9"/>
         </Bytes></gmsc_Address.C8.BoxedType>
      <callReferenceNumber.C9.BoxedType><Bytes>c9ba19896ec9b0</Bytes></callReferenceNumber.C9.BoxedType>
      <or_Interrogation.C10></or_Interrogation.C10>
      <extensionContainer.C11.Sequence>
         <privateExtensionList.C0.BoxedType>
            <Collection>
               <PrivateExtension.Sequence>
                  <extId><ObjectIdentifier>0.1.272.73.107.69.37.105.125.76</ObjectIdentifier></extId>
                  <extType>ade99577ff3d45c4</extType>
               </PrivateExtension.Sequence>
               <PrivateExtension.Sequence>
                  <extId><ObjectIdentifier>0.1.239.101.51.40.95.34.26.65</ObjectIdentifier></extId>
                  <extType>9b2e40590f757a</extType>
               </PrivateExtension.Sequence>
               <PrivateExtension.Sequence>
                  <extId><ObjectIdentifier>0.1.222.60.19</ObjectIdentifier></extId>
                  <extType>f1bf95deb6bd</extType>
               </PrivateExtension.Sequence>
            </Collection>
         </privateExtensionList.C0.BoxedType>
         <pcsExtensions.C1.Sequence></pcsExtensions.C1.Sequence>
      </extensionContainer.C11.Sequence>
      <alertingPattern.C12.BoxedType><Bytes>487e2e4c17a109</Bytes></alertingPattern.C12.BoxedType>
      <ccbs_Call.C13></ccbs_Call.C13>
      <supportedCamelPhasesInInterrogatingNode.C15.BoxedType><BitString><BitString value="d5149d" trailing="0"/></BitString></supportedCamelPhasesInInterrogatingNode.C15.BoxedType>
      <additionalSignalInfo.C14.Sequence>
         <ext_ProtocolId.Enum>
            <EnumType>ets_300356.1</EnumType>
         </ext_ProtocolId.Enum>
         <signalInfo.BoxedType><Bytes>2a2e90e341d8a9929e</Bytes></signalInfo.BoxedType>
         <extensionContainer.Sequence>
            <privateExtensionList.C0.BoxedType>
               <Collection>
                  <PrivateExtension.Sequence>
                     <extId><ObjectIdentifier>0.1.213.76.22.120.33.99.22.49.104</ObjectIdentifier></extId>
                     <extType>05b62fd5a1</extType>
                  </PrivateExtension.Sequence>
                  <PrivateExtension.Sequence>
                     <extId><ObjectIdentifier>0.1.259.22</ObjectIdentifier></extId>
                     <extType>f381</extType>
                  </PrivateExtension.Sequence>
                  <PrivateExtension.Sequence>
                     <extId><ObjectIdentifier>0.1.225.89.86.86</ObjectIdentifier></extId>
                     <extType>6ff5cfab</extType>
                  </PrivateExtension.Sequence>
               </Collection>
            </privateExtensionList.C0.BoxedType>
            <pcsExtensions.C1.Sequence></pcsExtensions.C1.Sequence>
         </extensionContainer.Sequence>
      </additionalSignalInfo.C14.Sequence>
      <orNotSupportedInGMSC.C16></orNotSupportedInGMSC.C16>
      <pre_pagingSupported.C17></pre_pagingSupported.C17>
      <longFTN_Supported.C18></longFTN_Supported.C18>
      <suppress_VT_CSI.C19></suppress_VT_CSI.C19>
      <offeredCamel4CSIsInInterrogatingNode.C20.BoxedType><BitString><BitString value="c63266adba1adddce186c648" trailing="0"/></BitString></offeredCamel4CSIsInInterrogatingNode.C20.BoxedType>
   </ProvideRoamingNumberArg.Sequence>
</ASN>