<?xml version="1.0" encoding="ISO-8859-15"?>

<ASN layer="CAP">
   <ActivateTraceModeRes.Sequence>
      <extensionContainer.C0.Sequence>
         <privateExtensionList.C0.BoxedType>
            <Collection>
               <PrivateExtension.Sequence>
                  <extId><ObjectIdentifier>0.1.2113.25.83.22</ObjectIdentifier></extId>
                  <extType>2321</extType>
               </PrivateExtension.Sequence>
               <PrivateExtension.Sequence>
                  <extId><ObjectIdentifier>0.1.256.94.54</ObjectIdentifier></extId>
                  <extType>65a23bc595d27155</extType>
               </PrivateExtension.Sequence>
               <PrivateExtension.Sequence>
                  <extId><ObjectIdentifier>0.1.269.61.96.50.7.77.125</ObjectIdentifier></extId>
                  <extType>c3638c</extType>
               </PrivateExtension.Sequence>
            </Collection>
         </privateExtensionList.C0.BoxedType>
         <pcs_Extensions.C1.Sequence>
            
         </pcs_Extensions.C1.Sequence>
      </extensionContainer.C0.Sequence>
      <traceSupportIndicator.C1></traceSupportIndicator.C1>
   </ActivateTraceModeRes.Sequence>
</ASN>