<?xml version="1.0" encoding="ISO-8859-15"?>

<ASN layer="CAP">
   <ActivateTraceModeArg.Sequence>
      <imsi.C0.BoxedType><TBCD_STRING.BoxedType><Bytes>84426181f0
               <field name="digits" value="482416180" type="Number_BCD" length="9"/>
            </Bytes></TBCD_STRING.BoxedType></imsi.C0.BoxedType>
      <traceReference.C1.BoxedType><Bytes>59ebacf4</Bytes></traceReference.C1.BoxedType>
      <traceType.C2.BoxedType><Integer>1</Integer></traceType.C2.BoxedType>
      <omc_Id.C3.BoxedType><Bytes>e74123180175
            <field name="extension" value="no extension:1" type="EnumLong" lengthBit="1"/>
            <field name="nature of address" value="abbreviated number:6" type="EnumLong" lengthBit="3"/>
            <field name="numbering plan" value="spare:7" type="EnumLong" lengthBit="4"/>
            <field name="digits" value="1432811057" type="Number_BCD" length="10"/>
         </Bytes></omc_Id.C3.BoxedType>
      <extensionContainer.C4.Sequence>
         <privateExtensionList.C0.BoxedType>
            <Collection>
               <PrivateExtension.Sequence>
                  <extId><ObjectIdentifier>0.1.295.21.55.79.65.100</ObjectIdentifier></extId>
                  <extType>10153e</extType>
               </PrivateExtension.Sequence>
               <PrivateExtension.Sequence>
                  <extId><ObjectIdentifier>0.1.2112.0.81.49.97.114</ObjectIdentifier></extId>
                  <extType>14ece9</extType>
               </PrivateExtension.Sequence>
               <PrivateExtension.Sequence>
                  <extId><ObjectIdentifier>0.1.2118.10.66.126.50</ObjectIdentifier></extId>
                  <extType>5e7bbe6f</extType>
               </PrivateExtension.Sequence>
            </Collection>
         </privateExtensionList.C0.BoxedType>
         <pcs_Extensions.C1.Sequence>
            
         </pcs_Extensions.C1.Sequence>
      </extensionContainer.C4.Sequence>
      <traceReference2.C5.BoxedType><Bytes>1164b1445c35</Bytes></traceReference2.C5.BoxedType>
      <traceDepthList.C6.Sequence>
         <msc_s_TraceDepth.C0.Enum>
            <EnumType>medium.1</EnumType>
         </msc_s_TraceDepth.C0.Enum>
         <mgw_TraceDepth.C1.Enum>
            <EnumType>minimum.0</EnumType>
         </mgw_TraceDepth.C1.Enum>
         <sgsn_TraceDepth.C2.Enum>
            <EnumType>medium.1</EnumType>
         </sgsn_TraceDepth.C2.Enum>
         <ggsn_TraceDepth.C3.Enum>
            <EnumType>medium.1</EnumType>
         </ggsn_TraceDepth.C3.Enum>
         <rnc_TraceDepth.C4.Enum>
            <EnumType>medium.1</EnumType>
         </rnc_TraceDepth.C4.Enum>
         <bmsc_TraceDepth.C5.Enum>
            <EnumType>medium.1</EnumType>
         </bmsc_TraceDepth.C5.Enum>
         <mme_TraceDepth.C6.Enum>
            <EnumType>medium.1</EnumType>
         </mme_TraceDepth.C6.Enum>
         <sgw_TraceDepth.C7.Enum>
            <EnumType>medium.1</EnumType>
         </sgw_TraceDepth.C7.Enum>
         <pgw_TraceDepth.C8.Enum>
            <EnumType>medium.1</EnumType>
         </pgw_TraceDepth.C8.Enum>
         <eNB_TraceDepth.C9.Enum>
            <EnumType>maximum.2</EnumType>
         </eNB_TraceDepth.C9.Enum>
         <msc_s_TraceDepthExtension.C10.Enum>
            <EnumType>minimumWithoutVendorSpecificExtension.0</EnumType>
         </msc_s_TraceDepthExtension.C10.Enum>
         <mgw_TraceDepthExtension.C11.Enum>
            <EnumType>maximumWithoutVendorSpecificExtension.2</EnumType>
         </mgw_TraceDepthExtension.C11.Enum>
         <sgsn_TraceDepthExtension.C12.Enum>
            <EnumType>mediumWithoutVendorSpecificExtension.1</EnumType>
         </sgsn_TraceDepthExtension.C12.Enum>
         <ggsn_TraceDepthExtension.C13.Enum>
            <EnumType>maximumWithoutVendorSpecificExtension.2</EnumType>
         </ggsn_TraceDepthExtension.C13.Enum>
         <rnc_TraceDepthExtension.C14.Enum>
            <EnumType>minimumWithoutVendorSpecificExtension.0</EnumType>
         </rnc_TraceDepthExtension.C14.Enum>
         <bmsc_TraceDepthExtension.C15.Enum>
            <EnumType>mediumWithoutVendorSpecificExtension.1</EnumType>
         </bmsc_TraceDepthExtension.C15.Enum>
         <mme_TraceDepthExtension.C16.Enum>
            <EnumType>mediumWithoutVendorSpecificExtension.1</EnumType>
         </mme_TraceDepthExtension.C16.Enum>
         <sgw_TraceDepthExtension.C17.Enum>
            <EnumType>minimumWithoutVendorSpecificExtension.0</EnumType>
         </sgw_TraceDepthExtension.C17.Enum>
         <pgw_TraceDepthExtension.C18.Enum>
            <EnumType>mediumWithoutVendorSpecificExtension.1</EnumType>
         </pgw_TraceDepthExtension.C18.Enum>
         <eNB_TraceDepthExtension.C19.Enum>
            <EnumType>mediumWithoutVendorSpecificExtension.1</EnumType>
         </eNB_TraceDepthExtension.C19.Enum>
      </traceDepthList.C6.Sequence>
      <traceNE_TypeList.C7.BoxedType><BitString><BitString value="26" trailing="0"/></BitString></traceNE_TypeList.C7.BoxedType>
      <traceInterfaceList.C8.Sequence>
         <msc_s_List.C0.BoxedType><BitString><BitString value="3cec2c587f9960c21e288f7d2ee6" trailing="0"/></BitString></msc_s_List.C0.BoxedType>
         <mgw_List.C1.BoxedType><BitString><BitString value="240e68" trailing="0"/></BitString></mgw_List.C1.BoxedType>
         <sgsn_List.C2.BoxedType><BitString><BitString value="22b67451a2ec426c00f32d1e895a5f52c8d6" trailing="0"/></BitString></sgsn_List.C2.BoxedType>
         <ggsn_List.C3.BoxedType><BitString><BitString value="7a6c00ec5d0834456afb66cf0a" trailing="0"/></BitString></ggsn_List.C3.BoxedType>
         <rnc_List.C4.BoxedType><BitString><BitString value="fda2017f08b92b79a01d579de8e6" trailing="0"/></BitString></rnc_List.C4.BoxedType>
         <bmsc_List.C5.BoxedType><BitString><BitString value="f599a23d785be5acd44e32a73766b6fe32f2" trailing="0"/></BitString></bmsc_List.C5.BoxedType>
         <mme_List.C6.BoxedType><BitString><BitString value="664a6786ec910f28ad1f0f85fd" trailing="0"/></BitString></mme_List.C6.BoxedType>
         <sgw_List.C7.BoxedType><BitString><BitString value="ff47" trailing="0"/></BitString></sgw_List.C7.BoxedType>
         <pgw_List.C8.BoxedType><BitString><BitString value="d04ab246fe03" trailing="0"/></BitString></pgw_List.C8.BoxedType>
         <eNB_List.C9.BoxedType><BitString><BitString value="579ab76a6e68993c09df476247fd0549" trailing="0"/></BitString></eNB_List.C9.BoxedType>
      </traceInterfaceList.C8.Sequence>
      <traceEventList.C9.Sequence>
         <msc_s_List.C0.BoxedType><BitString><BitString value="ee13ef5e586428ef3c4de10d392da2671a2b" trailing="0"/></BitString></msc_s_List.C0.BoxedType>
         <mgw_List.C1.BoxedType><BitString><BitString value="3c5adb6bbc0e22d84dc635b740" trailing="0"/></BitString></mgw_List.C1.BoxedType>
         <sgsn_List.C2.BoxedType><BitString><BitString value="" trailing="0"/></BitString></sgsn_List.C2.BoxedType>
         <ggsn_List.C3.BoxedType><BitString><BitString value="26c29f8579af127609" trailing="0"/></BitString></ggsn_List.C3.BoxedType>
         <bmsc_List.C4.BoxedType><BitString><BitString value="db" trailing="0"/></BitString></bmsc_List.C4.BoxedType>
         <mme_List.C5.BoxedType><BitString><BitString value="2fb76d4636" trailing="0"/></BitString></mme_List.C5.BoxedType>
         <sgw_List.C6.BoxedType><BitString><BitString value="3ac7783ee48fb0a3d2b7f77fffb32d" trailing="0"/></BitString></sgw_List.C6.BoxedType>
         <pgw_List.C7.BoxedType><BitString><BitString value="390b86e686fe22101ad065eab08708f4f248" trailing="0"/></BitString></pgw_List.C7.BoxedType>
      </traceEventList.C9.Sequence>
      <traceCollectionEntity.C10.BoxedType><Bytes>53fd0e304c
            <field name="Address type" value="IPV6:1" type="EnumLong" lengthBit="2"/>
            <field name="AddressLength" value="19" type="Integer" lengthBit="6"/>
            <field name="IPV4 address" value="253.14.48.76" type="IPV4Address" length="4"/>
         </Bytes></traceCollectionEntity.C10.BoxedType>
      <mdt_Configuration.C11.Sequence>
         <jobType.Enum>
            <EnumType>logged_MDT_only.1</EnumType>
         </jobType.Enum>
         <areaScope.Sequence>
            <cgi_List.C0.BoxedType>
               <Collection>
                  <GlobalCellId.BoxedType><Bytes>9469372b83</Bytes></GlobalCellId.BoxedType>
                  <GlobalCellId.BoxedType><Bytes>e4a92585f44b</Bytes></GlobalCellId.BoxedType>
                  <GlobalCellId.BoxedType><Bytes>1d0b79c953</Bytes></GlobalCellId.BoxedType>
               </Collection>
            </cgi_List.C0.BoxedType>
            <e_utran_cgi_List.C1.BoxedType>
               <Collection>
                  <E_UTRAN_CGI.BoxedType><Bytes>e17644e294f9</Bytes></E_UTRAN_CGI.BoxedType>
                  <E_UTRAN_CGI.BoxedType><Bytes>2ddbda9c75</Bytes></E_UTRAN_CGI.BoxedType>
                  <E_UTRAN_CGI.BoxedType><Bytes>225561a263d19972b6</Bytes></E_UTRAN_CGI.BoxedType>
               </Collection>
            </e_utran_cgi_List.C1.BoxedType>
            <routingAreaId_List.C2.BoxedType>
               <Collection>
                  <RAIdentity.BoxedType><Bytes>91f3286badfe
                        <field name="MMC" value="193,82" type="NumberMMC" length="3"/>
                        <field name="LAC" value="27565" type="Integer" length="2"/>
                        <field name="RAC" value="254" type="Integer" length="1"/>
                     </Bytes></RAIdentity.BoxedType>
                  <RAIdentity.BoxedType><Bytes>4136416fd5b8
                        <field name="MMC" value="146,143" type="NumberMMC" length="3"/>
                        <field name="LAC" value="28629" type="Integer" length="2"/>
                        <field name="RAC" value="184" type="Integer" length="1"/>
                     </Bytes></RAIdentity.BoxedType>
                  <RAIdentity.BoxedType><Bytes>3205326fb6db
                        <field name="MMC" value="235,230" type="NumberMMC" length="3"/>
                        <field name="LAC" value="28598" type="Integer" length="2"/>
                        <field name="RAC" value="219" type="Integer" length="1"/>
                     </Bytes></RAIdentity.BoxedType>
               </Collection>
            </routingAreaId_List.C2.BoxedType>
            <locationAreaId_List.C3.BoxedType>
               <Collection>
                  <LAIFixedLength.BoxedType><Bytes>417631bb6e
                        <field name="MMC" value="146,137" type="NumberMMC" length="3"/>
                        <field name="LAC" value="47982" type="Integer" length="2"/>
                     </Bytes></LAIFixedLength.BoxedType>
                  <LAIFixedLength.BoxedType><Bytes>4223424346
                        <field name="MMC" value="243,242" type="NumberMMC" length="3"/>
                        <field name="LAC" value="17222" type="Integer" length="2"/>
                     </Bytes></LAIFixedLength.BoxedType>
                  <LAIFixedLength.BoxedType><Bytes>91f964add2
                        <field name="MMC" value="199,46" type="NumberMMC" length="3"/>
                        <field name="LAC" value="44498" type="Integer" length="2"/>
                     </Bytes></LAIFixedLength.BoxedType>
               </Collection>
            </locationAreaId_List.C3.BoxedType>
            <trackingAreaId_List.C4.BoxedType>
               <Collection>
                  <TA_Id.BoxedType><Bytes>9eb6c70b</Bytes></TA_Id.BoxedType>
                  <TA_Id.BoxedType><Bytes>2f699e5f6c</Bytes></TA_Id.BoxedType>
                  <TA_Id.BoxedType><Bytes>3fa9447415db</Bytes></TA_Id.BoxedType>
               </Collection>
            </trackingAreaId_List.C4.BoxedType>
            <extensionContainer.C5.Sequence>
               <privateExtensionList.C0.BoxedType>
                  <Collection>
                     <PrivateExtension.Sequence>
                        <extId><ObjectIdentifier>0.1.2118.16</ObjectIdentifier></extId>
                        <extType>a86589a882a9961b4652</extType>
                     </PrivateExtension.Sequence>
                     <PrivateExtension.Sequence>
                        <extId><ObjectIdentifier>0.1.237.93.117.88</ObjectIdentifier></extId>
                        <extType>40881654b5</extType>
                     </PrivateExtension.Sequence>
                     <PrivateExtension.Sequence>
                        <extId><ObjectIdentifier>0.1.244.120.7.100.122.78.57.88</ObjectIdentifier></extId>
                        <extType>febe40bf67125a</extType>
                     </PrivateExtension.Sequence>
                  </Collection>
               </privateExtensionList.C0.BoxedType>
               <pcs_Extensions.C1.Sequence>
                  
               </pcs_Extensions.C1.Sequence>
            </extensionContainer.C5.Sequence>
         </areaScope.Sequence>
         <listOfMeasurements.BoxedType><Bytes>189b3971015ba5eb</Bytes></listOfMeasurements.BoxedType>
         <reportingTrigger.C0.BoxedType><Bytes>3ed2ca401412</Bytes></reportingTrigger.C0.BoxedType>
         <reportInterval.Enum>
            <EnumType>umts2000ms.3</EnumType>
         </reportInterval.Enum>
         <reportAmount.C1.Enum>
            <EnumType>infinity.7</EnumType>
         </reportAmount.C1.Enum>
         <eventThresholdRSRP.BoxedType><Integer>1</Integer></eventThresholdRSRP.BoxedType>
         <eventThresholdRSRQ.C2.BoxedType><Integer>0</Integer></eventThresholdRSRQ.C2.BoxedType>
         <loggingInterval.C3.Enum>
            <EnumType>d10dot24.3</EnumType>
         </loggingInterval.C3.Enum>
         <loggingDuration.C4.Enum>
            <EnumType>d5400sec.4</EnumType>
         </loggingDuration.C4.Enum>
         <extensionContainer.C5.Sequence>
            <privateExtensionList.C0.BoxedType>
               <Collection>
                  <PrivateExtension.Sequence>
                     <extId><ObjectIdentifier>0.1.222.106.79.127</ObjectIdentifier></extId>
                     <extType>f9e715bf09b33c4ed672</extType>
                  </PrivateExtension.Sequence>
                  <PrivateExtension.Sequence>
                     <extId><ObjectIdentifier>0.1.293.14.3</ObjectIdentifier></extId>
                     <extType>0108db</extType>
                  </PrivateExtension.Sequence>
                  <PrivateExtension.Sequence>
                     <extId><ObjectIdentifier>0.1.255.51</ObjectIdentifier></extId>
                     <extType>b14a8a04f805f79c25</extType>
                  </PrivateExtension.Sequence>
               </Collection>
            </privateExtensionList.C0.BoxedType>
            <pcs_Extensions.C1.Sequence>
               
            </pcs_Extensions.C1.Sequence>
         </extensionContainer.C5.Sequence>
         <measurementPeriodUMTS.C6.Enum>
            <EnumType>d4000ms.5</EnumType>
         </measurementPeriodUMTS.C6.Enum>
         <measurementPeriodLTE.C7.Enum>
            <EnumType>d10240ms.5</EnumType>
         </measurementPeriodLTE.C7.Enum>
         <collectionPeriodRRM_UMTS.C8.Enum>
            <EnumType>d24000ms.11</EnumType>
         </collectionPeriodRRM_UMTS.C8.Enum>
         <collectionPeriodRRM_LTE.C9.Enum>
            <EnumType>d5120ms.4</EnumType>
         </collectionPeriodRRM_LTE.C9.Enum>
         <positioningMethod.C10.BoxedType><Bytes>2993</Bytes></positioningMethod.C10.BoxedType>
         <measurementQuantity.C11.BoxedType><Bytes>956305351540</Bytes></measurementQuantity.C11.BoxedType>
         <eventThreshold1F.C12.BoxedType><Integer>1</Integer></eventThreshold1F.C12.BoxedType>
         <eventThreshold1I.C13.BoxedType><Integer>1</Integer></eventThreshold1I.C13.BoxedType>
      </mdt_Configuration.C11.Sequence>
   </ActivateTraceModeArg.Sequence>
</ASN>