<?xml version="1.0" encoding="ISO-8859-15"?>

<ASN layer="CAP">
   <AlertServiceCentreArg.Sequence>
      <msisdn.BoxedType><AddressString.BoxedType><Bytes>dc0237132199
               <field name="extension" value="no extension:1" type="EnumLong" lengthBit="1"/>
               <field name="nature of address" value="reserved:5" type="EnumLong" lengthBit="3"/>
               <field name="numbering plan" value="12" type="EnumLong" lengthBit="4"/>
               <field name="digits" value="2073311299" type="Number_BCD" length="10"/>
            </Bytes></AddressString.BoxedType></msisdn.BoxedType>
      <serviceCentreAddress.BoxedType><Bytes>c10294613287
            <field name="extension" value="no extension:1" type="EnumLong" lengthBit="1"/>
            <field name="nature of address" value="subscriber number:4" type="EnumLong" lengthBit="3"/>
            <field name="numbering plan" value="ISDN/Telephony Numbering Plan (Rec ITU-T E.164):1" type="EnumLong" lengthBit="4"/>
            <field name="digits" value="2049162378" type="Number_BCD" length="10"/>
         </Bytes></serviceCentreAddress.BoxedType>
      <imsi.BoxedType><TBCD_STRING.BoxedType><Bytes>2107576619
               <field name="digits" value="1270756691" type="Number_BCD" length="10"/>
            </Bytes></TBCD_STRING.BoxedType></imsi.BoxedType>
      <correlationID.Sequence>
         <hlr_id.C0.BoxedType><IMSI.BoxedType><TBCD_STRING.BoxedType><Bytes>38690591f0
                     <field name="digits" value="839650190" type="Number_BCD" length="9"/>
                  </Bytes></TBCD_STRING.BoxedType></IMSI.BoxedType></hlr_id.C0.BoxedType>
         <sip_uri_A.C1.BoxedType><Bytes>87</Bytes></sip_uri_A.C1.BoxedType>
         <sip_uri_B.C2.BoxedType><Bytes>15329bc40362421a11</Bytes></sip_uri_B.C2.BoxedType>
      </correlationID.Sequence>
   </AlertServiceCentreArg.Sequence>
</ASN>