<?xml version="1.0" encoding="ISO-8859-15"?>

<ASN layer="CAP">
   <AnyTimeInterrogationArg.Sequence>
      <subscriberIdentity.C0.Choice>
         <imsi.C0.BoxedType><TBCD_STRING.BoxedType><Bytes>64087656f3
                  <field name="digits" value="468067653" type="Number_BCD" length="9"/>
               </Bytes></TBCD_STRING.BoxedType></imsi.C0.BoxedType>
         <msisdn.C1.BoxedType><AddressString.BoxedType><Bytes>b414127358f9
                  <field name="extension" value="no extension:1" type="EnumLong" lengthBit="1"/>
                  <field name="nature of address" value="network specific number:3" type="EnumLong" lengthBit="3"/>
                  <field name="numbering plan" value="telex numbering plan (ITU-T Rec F.69):4" type="EnumLong" lengthBit="4"/>
                  <field name="digits" value="412137859" type="Number_BCD" length="9"/>
               </Bytes></AddressString.BoxedType></msisdn.C1.BoxedType>
      </subscriberIdentity.C0.Choice>
      <requestedInfo.C1.Sequence>
         <locationInformation.C0></locationInformation.C0>
         <subscriberState.C1></subscriberState.C1>
         <extensionContainer.C2.Sequence>
            <privateExtensionList.C0.BoxedType>
               <Collection>
                  <PrivateExtension.Sequence>
                     <extId><ObjectIdentifier>0.1.2106.84.26.8</ObjectIdentifier></extId>
                     <extType>3e2f</extType>
                  </PrivateExtension.Sequence>
                  <PrivateExtension.Sequence>
                     <extId><ObjectIdentifier>0.1.231.96.45.58.20.0.10.87</ObjectIdentifier></extId>
                     <extType>f80b424801</extType>
                  </PrivateExtension.Sequence>
                  <PrivateExtension.Sequence>
                     <extId><ObjectIdentifier>0.1.214.113.109.65.27</ObjectIdentifier></extId>
                     <extType>999e</extType>
                  </PrivateExtension.Sequence>
               </Collection>
            </privateExtensionList.C0.BoxedType>
            <pcs_Extensions.C1.Sequence>
               
            </pcs_Extensions.C1.Sequence>
         </extensionContainer.C2.Sequence>
         <currentLocation.C3></currentLocation.C3>
         <requestedDomain.C4.Enum>
            <EnumType>cs_Domain.0</EnumType>
         </requestedDomain.C4.Enum>
         <imei.C6></imei.C6>
         <ms_classmark.C5></ms_classmark.C5>
         <mnpRequestedInfo.C7></mnpRequestedInfo.C7>
         <locationInformationEPS_Supported.C11></locationInformationEPS_Supported.C11>
         <t_adsData.C8></t_adsData.C8>
         <requestedNodes.C9.BoxedType><BitString><BitString value="c1a252d4ab4e976c71c5dbde2d79" trailing="0"/></BitString></requestedNodes.C9.BoxedType>
         <servingNodeIndication.C10></servingNodeIndication.C10>
         <localTimeZoneRequest.C12></localTimeZoneRequest.C12>
      </requestedInfo.C1.Sequence>
      <gsmSCF_Address.C3.BoxedType><AddressString.BoxedType><Bytes>a45135597000
               <field name="extension" value="no extension:1" type="EnumLong" lengthBit="1"/>
               <field name="nature of address" value="national significant number:2" type="EnumLong" lengthBit="3"/>
               <field name="numbering plan" value="telex numbering plan (ITU-T Rec F.69):4" type="EnumLong" lengthBit="4"/>
               <field name="digits" value="1553950700" type="Number_BCD" length="10"/>
            </Bytes></AddressString.BoxedType></gsmSCF_Address.C3.BoxedType>
      <extensionContainer.C2.Sequence>
         <privateExtensionList.C0.BoxedType>
            <Collection>
               <PrivateExtension.Sequence>
                  <extId><ObjectIdentifier>0.1.255.11.86.64.74.96.15.18</ObjectIdentifier></extId>
                  <extType>91466405</extType>
               </PrivateExtension.Sequence>
               <PrivateExtension.Sequence>
                  <extId><ObjectIdentifier>0.1.29.51.108.5.14.115.101.110.74.44</ObjectIdentifier></extId>
                  <extType>02</extType>
               </PrivateExtension.Sequence>
               <PrivateExtension.Sequence>
                  <extId><ObjectIdentifier>0.1.2126.8.55.12.59.46.32</ObjectIdentifier></extId>
                  <extType>0f89</extType>
               </PrivateExtension.Sequence>
            </Collection>
         </privateExtensionList.C0.BoxedType>
         <pcs_Extensions.C1.Sequence>
            
         </pcs_Extensions.C1.Sequence>
      </extensionContainer.C2.Sequence>
   </AnyTimeInterrogationArg.Sequence>
</ASN>