<?xml version="1.0" encoding="ISO-8859-15"?>

<ASN layer="CAP">
   <AnyTimeModificationArg.Sequence>
      <subscriberIdentity.C0.Choice>
         <imsi.C0.BoxedType><TBCD_STRING.BoxedType><Bytes>66192570f5
                  <field name="digits" value="669152075" type="Number_BCD" length="9"/>
               </Bytes></TBCD_STRING.BoxedType></imsi.C0.BoxedType>
         <msisdn.C1.BoxedType><AddressString.BoxedType><Bytes>a22182585671
                  <field name="extension" value="no extension:1" type="EnumLong" lengthBit="1"/>
                  <field name="nature of address" value="national significant number:2" type="EnumLong" lengthBit="3"/>
                  <field name="numbering plan" value="spare:2" type="EnumLong" lengthBit="4"/>
                  <field name="digits" value="1228856517" type="Number_BCD" length="10"/>
               </Bytes></AddressString.BoxedType></msisdn.C1.BoxedType>
      </subscriberIdentity.C0.Choice>
      <gsmSCF_Address.C1.BoxedType><AddressString.BoxedType><Bytes>0656549374f0
               <field name="extension" value="extension:0" type="EnumLong" lengthBit="1"/>
               <field name="nature of address" value="unknown:0" type="EnumLong" lengthBit="3"/>
               <field name="numbering plan" value="land mobile numbering plan (ITU-T Rec E.212):6" type="EnumLong" lengthBit="4"/>
               <field name="digits" value="654539470" type="Number_BCD" length="9"/>
            </Bytes></AddressString.BoxedType></gsmSCF_Address.C1.BoxedType>
      <modificationRequestFor_CF_Info.C2.Sequence>
         <ss_Code.C0.BoxedType><Bytes>d045969798</Bytes></ss_Code.C0.BoxedType>
         <basicService.C1.Choice>
            <ext_BearerService.C2.BoxedType><Bytes>842215</Bytes></ext_BearerService.C2.BoxedType>
            <ext_Teleservice.C3.BoxedType><Bytes>06590e3fbb
                  <field name="Code" value="6" type="EnumLong" length="1"/>
                  <field name="Extension data" value="590e3fbb" type="Binary" length="4"/>
               </Bytes></ext_Teleservice.C3.BoxedType>
         </basicService.C1.Choice>
         <ss_Status.C2.BoxedType><Bytes>77c8a65bf71c3a</Bytes></ss_Status.C2.BoxedType>
         <forwardedToNumber.C3.BoxedType><Bytes>301169757790
               <field name="extension" value="extension:0" type="EnumLong" lengthBit="1"/>
               <field name="nature of address" value="network specific number:3" type="EnumLong" lengthBit="3"/>
               <field name="numbering plan" value="unknown:0" type="EnumLong" lengthBit="4"/>
               <field name="digits" value="1196577709" type="Number_BCD" length="10"/>
            </Bytes></forwardedToNumber.C3.BoxedType>
         <forwardedToSubaddress.C4.BoxedType><Bytes>051b4c95a93ba08bfa</Bytes></forwardedToSubaddress.C4.BoxedType>
         <noReplyConditionTime.C5.BoxedType><Integer>0</Integer></noReplyConditionTime.C5.BoxedType>
         <modifyNotificationToCSE.C6.Enum>
            <EnumType>activate.1</EnumType>
         </modifyNotificationToCSE.C6.Enum>
         <extensionContainer.C7.Sequence>
            <privateExtensionList.C0.BoxedType>
               <Collection>
                  <PrivateExtension.Sequence>
                     <extId><ObjectIdentifier>0.1.227.58.117.48.104.52.49.40.117</ObjectIdentifier></extId>
                     <extType>91a15c</extType>
                  </PrivateExtension.Sequence>
                  <PrivateExtension.Sequence>
                     <extId><ObjectIdentifier>0.1.27</ObjectIdentifier></extId>
                     <extType>ed2280a1</extType>
                  </PrivateExtension.Sequence>
                  <PrivateExtension.Sequence>
                     <extId><ObjectIdentifier>0.1.272.82.11.94</ObjectIdentifier></extId>
                     <extType>1b8874e4</extType>
                  </PrivateExtension.Sequence>
               </Collection>
            </privateExtensionList.C0.BoxedType>
            <pcs_Extensions.C1.Sequence>
               
            </pcs_Extensions.C1.Sequence>
         </extensionContainer.C7.Sequence>
      </modificationRequestFor_CF_Info.C2.Sequence>
      <modificationRequestFor_CB_Info.C3.Sequence>
         <ss_Code.C0.BoxedType><Bytes>7d31cad7a6</Bytes></ss_Code.C0.BoxedType>
         <basicService.C1.Choice>
            <ext_BearerService.C2.BoxedType><Bytes>01d30c17fa</Bytes></ext_BearerService.C2.BoxedType>
            <ext_Teleservice.C3.BoxedType><Bytes>22000039a5
                  <field name="Code" value="shortMessageMO-PP:34" type="EnumLong" length="1"/>
                  <field name="Extension data" value="000039a5" type="Binary" length="4"/>
               </Bytes></ext_Teleservice.C3.BoxedType>
         </basicService.C1.Choice>
         <ss_Status.C2.BoxedType><Bytes>0f4d8feaf0ed89853113</Bytes></ss_Status.C2.BoxedType>
         <password.C3.BoxedType><String>wRfwU89vQiefqb</String></password.C3.BoxedType>
         <wrongPasswordAttemptsCounter.C4.BoxedType><Integer>1</Integer></wrongPasswordAttemptsCounter.C4.BoxedType>
         <modifyNotificationToCSE.C5.Enum>
            <EnumType>activate.1</EnumType>
         </modifyNotificationToCSE.C5.Enum>
         <extensionContainer.C6.Sequence>
            <privateExtensionList.C0.BoxedType>
               <Collection>
                  <PrivateExtension.Sequence>
                     <extId><ObjectIdentifier>0.1.2103.16.72.114.65.34.70</ObjectIdentifier></extId>
                     <extType>901b60d868</extType>
                  </PrivateExtension.Sequence>
                  <PrivateExtension.Sequence>
                     <extId><ObjectIdentifier>0.1.216.26.21.78.103.67.107.62.52</ObjectIdentifier></extId>
                     <extType>ae2767</extType>
                  </PrivateExtension.Sequence>
                  <PrivateExtension.Sequence>
                     <extId><ObjectIdentifier>0.1.291.78.84.71.29.113.22.121</ObjectIdentifier></extId>
                     <extType>821ab5d9b4</extType>
                  </PrivateExtension.Sequence>
               </Collection>
            </privateExtensionList.C0.BoxedType>
            <pcs_Extensions.C1.Sequence>
               
            </pcs_Extensions.C1.Sequence>
         </extensionContainer.C6.Sequence>
      </modificationRequestFor_CB_Info.C3.Sequence>
      <modificationRequestFor_CSI.C4.Sequence>
         <requestedCamel_SubscriptionInfo.C0.Enum>
            <EnumType>o_CSI.0</EnumType>
         </requestedCamel_SubscriptionInfo.C0.Enum>
         <modifyNotificationToCSE.C1.Enum>
            <EnumType>deactivate.0</EnumType>
         </modifyNotificationToCSE.C1.Enum>
         <modifyCSI_State.C2.Enum>
            <EnumType>deactivate.0</EnumType>
         </modifyCSI_State.C2.Enum>
         <extensionContainer.C3.Sequence>
            <privateExtensionList.C0.BoxedType>
               <Collection>
                  <PrivateExtension.Sequence>
                     <extId><ObjectIdentifier>0.1.259</ObjectIdentifier></extId>
                     <extType>b8e40a39cbf7e1a9</extType>
                  </PrivateExtension.Sequence>
                  <PrivateExtension.Sequence>
                     <extId><ObjectIdentifier>0.1.218.51</ObjectIdentifier></extId>
                     <extType>073bc0</extType>
                  </PrivateExtension.Sequence>
                  <PrivateExtension.Sequence>
                     <extId><ObjectIdentifier>0.1.262.61.59.102.90.46</ObjectIdentifier></extId>
                     <extType>745009ca9a241e7b</extType>
                  </PrivateExtension.Sequence>
               </Collection>
            </privateExtensionList.C0.BoxedType>
            <pcs_Extensions.C1.Sequence>
               
            </pcs_Extensions.C1.Sequence>
         </extensionContainer.C3.Sequence>
         <additionalRequestedCAMEL_SubscriptionInfo.C4.Enum>
            <EnumType>mt_sms_CSI.0</EnumType>
         </additionalRequestedCAMEL_SubscriptionInfo.C4.Enum>
      </modificationRequestFor_CSI.C4.Sequence>
      <extensionContainer.C5.Sequence>
         <privateExtensionList.C0.BoxedType>
            <Collection>
               <PrivateExtension.Sequence>
                  <extId><ObjectIdentifier>0.1.2122.17.35.43.25.104.67</ObjectIdentifier></extId>
                  <extType>1c20063472c13217</extType>
               </PrivateExtension.Sequence>
               <PrivateExtension.Sequence>
                  <extId><ObjectIdentifier>0.1.28.14.119.49.56.86.124.105.37</ObjectIdentifier></extId>
                  <extType>b3</extType>
               </PrivateExtension.Sequence>
               <PrivateExtension.Sequence>
                  <extId><ObjectIdentifier>0.1.282</ObjectIdentifier></extId>
                  <extType>c07bb7fe23</extType>
               </PrivateExtension.Sequence>
            </Collection>
         </privateExtensionList.C0.BoxedType>
         <pcs_Extensions.C1.Sequence>
            
         </pcs_Extensions.C1.Sequence>
      </extensionContainer.C5.Sequence>
      <longFTN_Supported.C6></longFTN_Supported.C6>
      <modificationRequestFor_ODB_data.C7.Sequence>
         <odb_data.C0.Sequence>
            <odb_GeneralData.BoxedType><BitString><BitString value="9af18d044b76043d7756b6e7f3a0" trailing="0"/></BitString></odb_GeneralData.BoxedType>
            <odb_HPLMN_Data.BoxedType><BitString><BitString value="fe32c47b8de4a18430" trailing="0"/></BitString></odb_HPLMN_Data.BoxedType>
            <extensionContainer.Sequence>
               <privateExtensionList.C0.BoxedType>
                  <Collection>
                     <PrivateExtension.Sequence>
                        <extId><ObjectIdentifier>0.1.275.52.73.64.4.4.115.54.6.52</ObjectIdentifier></extId>
                        <extType>643b96857a3d</extType>
                     </PrivateExtension.Sequence>
                     <PrivateExtension.Sequence>
                        <extId><ObjectIdentifier>0.1.251.59.110.61.74.103.92.16</ObjectIdentifier></extId>
                        <extType>c5</extType>
                     </PrivateExtension.Sequence>
                     <PrivateExtension.Sequence>
                        <extId><ObjectIdentifier>0.1.2116.43.113.85.6.16.5</ObjectIdentifier></extId>
                        <extType>50d32fec01</extType>
                     </PrivateExtension.Sequence>
                  </Collection>
               </privateExtensionList.C0.BoxedType>
               <pcs_Extensions.C1.Sequence>
                  
               </pcs_Extensions.C1.Sequence>
            </extensionContainer.Sequence>
         </odb_data.C0.Sequence>
         <modifyNotificationToCSE.C1.Enum>
            <EnumType>activate.1</EnumType>
         </modifyNotificationToCSE.C1.Enum>
         <extensionContainer.C2.Sequence>
            <privateExtensionList.C0.BoxedType>
               <Collection>
                  <PrivateExtension.Sequence>
                     <extId><ObjectIdentifier>0.1.2102</ObjectIdentifier></extId>
                     <extType>b4795460a15209</extType>
                  </PrivateExtension.Sequence>
                  <PrivateExtension.Sequence>
                     <extId><ObjectIdentifier>0.1.2</ObjectIdentifier></extId>
                     <extType>e336ecbd79</extType>
                  </PrivateExtension.Sequence>
                  <PrivateExtension.Sequence>
                     <extId><ObjectIdentifier>0.1.2101</ObjectIdentifier></extId>
                     <extType>ccde9093d5</extType>
                  </PrivateExtension.Sequence>
               </Collection>
            </privateExtensionList.C0.BoxedType>
            <pcs_Extensions.C1.Sequence>
               
            </pcs_Extensions.C1.Sequence>
         </extensionContainer.C2.Sequence>
      </modificationRequestFor_ODB_data.C7.Sequence>
      <modificationRequestFor_IP_SM_GW_Data.C8.Sequence>
         <modifyRegistrationStatus.C0.Enum>
            <EnumType>deactivate.0</EnumType>
         </modifyRegistrationStatus.C0.Enum>
         <extensionContainer.C1.Sequence>
            <privateExtensionList.C0.BoxedType>
               <Collection>
                  <PrivateExtension.Sequence>
                     <extId><ObjectIdentifier>0.1.2114</ObjectIdentifier></extId>
                     <extType>a90d1a</extType>
                  </PrivateExtension.Sequence>
                  <PrivateExtension.Sequence>
                     <extId><ObjectIdentifier>0.1.224.88.1.9</ObjectIdentifier></extId>
                     <extType>fdaca10e825efab2df</extType>
                  </PrivateExtension.Sequence>
                  <PrivateExtension.Sequence>
                     <extId><ObjectIdentifier>0.1.288</ObjectIdentifier></extId>
                     <extType>b0709b4eec</extType>
                  </PrivateExtension.Sequence>
               </Collection>
            </privateExtensionList.C0.BoxedType>
            <pcs_Extensions.C1.Sequence>
               
            </pcs_Extensions.C1.Sequence>
         </extensionContainer.C1.Sequence>
         <ip_sm_gw_DiameterAddress.C2.Sequence>
            <diameter_Name.C0.BoxedType><Bytes>aef764</Bytes></diameter_Name.C0.BoxedType>
            <diameter_Realm.C1.BoxedType><Bytes>f887ff376f1842b8</Bytes></diameter_Realm.C1.BoxedType>
         </ip_sm_gw_DiameterAddress.C2.Sequence>
      </modificationRequestFor_IP_SM_GW_Data.C8.Sequence>
      <activationRequestForUE_reachability.C9.BoxedType><BitString><BitString value="c2529ba395e1ce75badb7f0f" trailing="0"/></BitString></activationRequestForUE_reachability.C9.BoxedType>
      <modificationRequestFor_CSG.C10.Sequence>
         <modifyNotificationToCSE.C0.Enum>
            <EnumType>deactivate.0</EnumType>
         </modifyNotificationToCSE.C0.Enum>
         <extensionContainer.C1.Sequence>
            <privateExtensionList.C0.BoxedType>
               <Collection>
                  <PrivateExtension.Sequence>
                     <extId><ObjectIdentifier>0.1.21.86.27.20.5.33</ObjectIdentifier></extId>
                     <extType>cb6308</extType>
                  </PrivateExtension.Sequence>
                  <PrivateExtension.Sequence>
                     <extId><ObjectIdentifier>0.1.239.30.75.44.43.104.107.6.54</ObjectIdentifier></extId>
                     <extType>848023b80459b8</extType>
                  </PrivateExtension.Sequence>
                  <PrivateExtension.Sequence>
                     <extId><ObjectIdentifier>0.1.251.85.76.1.72.2.70</ObjectIdentifier></extId>
                     <extType>6b</extType>
                  </PrivateExtension.Sequence>
               </Collection>
            </privateExtensionList.C0.BoxedType>
            <pcs_Extensions.C1.Sequence>
               
            </pcs_Extensions.C1.Sequence>
         </extensionContainer.C1.Sequence>
      </modificationRequestFor_CSG.C10.Sequence>
      <modificationRequestFor_CW_Data.C11.Sequence>
         <basicService.C0.Choice>
            <ext_BearerService.C2.BoxedType><Bytes>679ed99feedf</Bytes></ext_BearerService.C2.BoxedType>
            <ext_Teleservice.C3.BoxedType><Bytes>e73a44d883
                  <field name="Code" value="231" type="EnumLong" length="1"/>
                  <field name="Extension data" value="3a44d883" type="Binary" length="4"/>
               </Bytes></ext_Teleservice.C3.BoxedType>
         </basicService.C0.Choice>
         <ss_Status.C1.BoxedType><Bytes>ec8a995255</Bytes></ss_Status.C1.BoxedType>
         <modifyNotificationToCSE.C2.Enum>
            <EnumType>activate.1</EnumType>
         </modifyNotificationToCSE.C2.Enum>
         <extensionContainer.C3.Sequence>
            <privateExtensionList.C0.BoxedType>
               <Collection>
                  <PrivateExtension.Sequence>
                     <extId><ObjectIdentifier>0.1.2125.62.114.7.103.118.6.77</ObjectIdentifier></extId>
                     <extType>f3dc2d0f627e8a4913</extType>
                  </PrivateExtension.Sequence>
                  <PrivateExtension.Sequence>
                     <extId><ObjectIdentifier>0.1.2119.99.37.111</ObjectIdentifier></extId>
                     <extType>4d3a5a38</extType>
                  </PrivateExtension.Sequence>
                  <PrivateExtension.Sequence>
                     <extId><ObjectIdentifier>0.1.236.122.107.104.23.123</ObjectIdentifier></extId>
                     <extType>8e8326d4</extType>
                  </PrivateExtension.Sequence>
               </Collection>
            </privateExtensionList.C0.BoxedType>
            <pcs_Extensions.C1.Sequence>
               
            </pcs_Extensions.C1.Sequence>
         </extensionContainer.C3.Sequence>
      </modificationRequestFor_CW_Data.C11.Sequence>
      <modificationRequestFor_CLIP_Data.C12.Sequence>
         <ss_Status.C0.BoxedType><Bytes>01bab72581</Bytes></ss_Status.C0.BoxedType>
         <overrideCategory.C1.Enum>
            <EnumType>overrideEnabled.0</EnumType>
         </overrideCategory.C1.Enum>
         <modifyNotificationToCSE.C2.Enum>
            <EnumType>deactivate.0</EnumType>
         </modifyNotificationToCSE.C2.Enum>
         <extensionContainer.C3.Sequence>
            <privateExtensionList.C0.BoxedType>
               <Collection>
                  <PrivateExtension.Sequence>
                     <extId><ObjectIdentifier>0.1.223.42.42</ObjectIdentifier></extId>
                     <extType>0bdda7</extType>
                  </PrivateExtension.Sequence>
                  <PrivateExtension.Sequence>
                     <extId><ObjectIdentifier>0.1.2125.43.78.63.87</ObjectIdentifier></extId>
                     <extType>f55b6f16c61a230b</extType>
                  </PrivateExtension.Sequence>
                  <PrivateExtension.Sequence>
                     <extId><ObjectIdentifier>0.1.2128.20.85.109.19.109</ObjectIdentifier></extId>
                     <extType>581251</extType>
                  </PrivateExtension.Sequence>
               </Collection>
            </privateExtensionList.C0.BoxedType>
            <pcs_Extensions.C1.Sequence>
               
            </pcs_Extensions.C1.Sequence>
         </extensionContainer.C3.Sequence>
      </modificationRequestFor_CLIP_Data.C12.Sequence>
      <modificationRequestFor_CLIR_Data.C13.Sequence>
         <ss_Status.C0.BoxedType><Bytes>50e2f29e05cd</Bytes></ss_Status.C0.BoxedType>
         <cliRestrictionOption.C1.Enum>
            <EnumType>permanent.0</EnumType>
         </cliRestrictionOption.C1.Enum>
         <modifyNotificationToCSE.C2.Enum>
            <EnumType>deactivate.0</EnumType>
         </modifyNotificationToCSE.C2.Enum>
         <extensionContainer.C3.Sequence>
            <privateExtensionList.C0.BoxedType>
               <Collection>
                  <PrivateExtension.Sequence>
                     <extId><ObjectIdentifier>0.1.291</ObjectIdentifier></extId>
                     <extType>7098</extType>
                  </PrivateExtension.Sequence>
                  <PrivateExtension.Sequence>
                     <extId><ObjectIdentifier>0.1.270</ObjectIdentifier></extId>
                     <extType>cf165c</extType>
                  </PrivateExtension.Sequence>
                  <PrivateExtension.Sequence>
                     <extId><ObjectIdentifier>0.1.244.84.100.74.46.82.79.40</ObjectIdentifier></extId>
                     <extType>7744dd</extType>
                  </PrivateExtension.Sequence>
               </Collection>
            </privateExtensionList.C0.BoxedType>
            <pcs_Extensions.C1.Sequence>
               
            </pcs_Extensions.C1.Sequence>
         </extensionContainer.C3.Sequence>
      </modificationRequestFor_CLIR_Data.C13.Sequence>
      <modificationRequestFor_HOLD_Data.C14.Sequence>
         <ss_Status.C0.BoxedType><Bytes>756f506ed3332784</Bytes></ss_Status.C0.BoxedType>
         <modifyNotificationToCSE.C1.Enum>
            <EnumType>activate.1</EnumType>
         </modifyNotificationToCSE.C1.Enum>
         <extensionContainer.C2.Sequence>
            <privateExtensionList.C0.BoxedType>
               <Collection>
                  <PrivateExtension.Sequence>
                     <extId><ObjectIdentifier>0.1.2116</ObjectIdentifier></extId>
                     <extType>af18a927f599ee45</extType>
                  </PrivateExtension.Sequence>
                  <PrivateExtension.Sequence>
                     <extId><ObjectIdentifier>0.1.218.77.48.58.67</ObjectIdentifier></extId>
                     <extType>3c</extType>
                  </PrivateExtension.Sequence>
                  <PrivateExtension.Sequence>
                     <extId><ObjectIdentifier>0.1.280.9.14</ObjectIdentifier></extId>
                     <extType>825800</extType>
                  </PrivateExtension.Sequence>
               </Collection>
            </privateExtensionList.C0.BoxedType>
            <pcs_Extensions.C1.Sequence>
               
            </pcs_Extensions.C1.Sequence>
         </extensionContainer.C2.Sequence>
      </modificationRequestFor_HOLD_Data.C14.Sequence>
      <modificationRequestFor_ECT_Data.C15.Sequence>
         <ss_Status.C0.BoxedType><Bytes>cc1fdb</Bytes></ss_Status.C0.BoxedType>
         <modifyNotificationToCSE.C1.Enum>
            <EnumType>activate.1</EnumType>
         </modifyNotificationToCSE.C1.Enum>
         <extensionContainer.C2.Sequence>
            <privateExtensionList.C0.BoxedType>
               <Collection>
                  <PrivateExtension.Sequence>
                     <extId><ObjectIdentifier>0.1.288.10.53.69</ObjectIdentifier></extId>
                     <extType>a7</extType>
                  </PrivateExtension.Sequence>
                  <PrivateExtension.Sequence>
                     <extId><ObjectIdentifier>0.1.266.73.58.42.49</ObjectIdentifier></extId>
                     <extType>2846f4a562c6</extType>
                  </PrivateExtension.Sequence>
                  <PrivateExtension.Sequence>
                     <extId><ObjectIdentifier>0.1.256.86.65</ObjectIdentifier></extId>
                     <extType>20135f84</extType>
                  </PrivateExtension.Sequence>
               </Collection>
            </privateExtensionList.C0.BoxedType>
            <pcs_Extensions.C1.Sequence>
               
            </pcs_Extensions.C1.Sequence>
         </extensionContainer.C2.Sequence>
      </modificationRequestFor_ECT_Data.C15.Sequence>
   </AnyTimeModificationArg.Sequence>
</ASN>