<?xml version="1.0" encoding="ISO-8859-15"?>

<ASN layer="CAP">
   <APN_Configuration.Sequence>
      <contextId.C0.BoxedType><Integer>0</Integer></contextId.C0.BoxedType>
      <pdn_Type.C1.BoxedType><Bytes>fd977b52ff4920</Bytes></pdn_Type.C1.BoxedType>
      <servedPartyIP_IPv4_Address.C2.BoxedType><Bytes>4c812d85
            <field name="IPV4  address" value="76.129.45.133" type="IPV4Address" length="4"/>
         </Bytes></servedPartyIP_IPv4_Address.C2.BoxedType>
      <apn.C3.BoxedType><Bytes>316851394b3851417271
            <field name="DNS string" value="1hQ9K8QArq" type="String" length="10"/>
         </Bytes></apn.C3.BoxedType>
      <eps_qos_Subscribed.C4.Sequence>
         <qos_Class_Identifier.C0.BoxedType><Integer>2</Integer></qos_Class_Identifier.C0.BoxedType>
         <allocation_Retention_Priority.C1.Sequence>
            <priority_level.C0>513228477</priority_level.C0>
            <pre_emption_capability.C1>false:0</pre_emption_capability.C1>
            <pre_emption_vulnerability.C2>false:0</pre_emption_vulnerability.C2>
            <extensionContainer.C3.Sequence>
               <privateExtensionList.C0.BoxedType>
                  <Collection>
                     <PrivateExtension.Sequence>
                        <extId><ObjectIdentifier>0.1.246.123.19</ObjectIdentifier></extId>
                        <extType>f95e03417a256fda98</extType>
                     </PrivateExtension.Sequence>
                     <PrivateExtension.Sequence>
                        <extId><ObjectIdentifier>0.1.210.28.94.78.109.102.115.124</ObjectIdentifier></extId>
                        <extType>5b</extType>
                     </PrivateExtension.Sequence>
                     <PrivateExtension.Sequence>
                        <extId><ObjectIdentifier>0.1.2123.77.40.120.95.128.40.75.99.13</ObjectIdentifier></extId>
                        <extType>a8c84acd94</extType>
                     </PrivateExtension.Sequence>
                  </Collection>
               </privateExtensionList.C0.BoxedType>
               <pcs_Extensions.C1.Sequence>
                  
               </pcs_Extensions.C1.Sequence>
            </extensionContainer.C3.Sequence>
         </allocation_Retention_Priority.C1.Sequence>
         <extensionContainer.C2.Sequence>
            <privateExtensionList.C0.BoxedType>
               <Collection>
                  <PrivateExtension.Sequence>
                     <extId><ObjectIdentifier>0.1.248.53.64.121.105</ObjectIdentifier></extId>
                     <extType>16f5f745ebd674c2</extType>
                  </PrivateExtension.Sequence>
                  <PrivateExtension.Sequence>
                     <extId><ObjectIdentifier>0.1.299.39.58.53.103.83.50.82.120</ObjectIdentifier></extId>
                     <extType>17f8dc6f83fc12</extType>
                  </PrivateExtension.Sequence>
                  <PrivateExtension.Sequence>
                     <extId><ObjectIdentifier>0.1.2101</ObjectIdentifier></extId>
                     <extType>15eeaaa22f85</extType>
                  </PrivateExtension.Sequence>
               </Collection>
            </privateExtensionList.C0.BoxedType>
            <pcs_Extensions.C1.Sequence>
               
            </pcs_Extensions.C1.Sequence>
         </extensionContainer.C2.Sequence>
      </eps_qos_Subscribed.C4.Sequence>
      <pdn_gw_Identity.C5.Sequence>
         <pdn_gw_ipv4_Address.C0.BoxedType><Bytes>db0711ba
               <field name="IPV4  address" value="219.7.17.186" type="IPV4Address" length="4"/>
            </Bytes></pdn_gw_ipv4_Address.C0.BoxedType>
         <pdn_gw_ipv6_Address.C1.BoxedType><Bytes>36ac5b14
               <field name="IPV4  address" value="54.172.91.20" type="IPV4Address" length="4"/>
            </Bytes></pdn_gw_ipv6_Address.C1.BoxedType>
         <pdn_gw_name.C2.BoxedType><Bytes>5863c70a84a068f52a</Bytes></pdn_gw_name.C2.BoxedType>
         <extensionContainer.C3.Sequence>
            <privateExtensionList.C0.BoxedType>
               <Collection>
                  <PrivateExtension.Sequence>
                     <extId><ObjectIdentifier>0.1.2121.43.6.66.48.7</ObjectIdentifier></extId>
                     <extType>a2a8bc</extType>
                  </PrivateExtension.Sequence>
                  <PrivateExtension.Sequence>
                     <extId><ObjectIdentifier>0.1.2</ObjectIdentifier></extId>
                     <extType>3bc9</extType>
                  </PrivateExtension.Sequence>
                  <PrivateExtension.Sequence>
                     <extId><ObjectIdentifier>0.1.214.34.84</ObjectIdentifier></extId>
                     <extType>a15122da</extType>
                  </PrivateExtension.Sequence>
               </Collection>
            </privateExtensionList.C0.BoxedType>
            <pcs_Extensions.C1.Sequence>
               
            </pcs_Extensions.C1.Sequence>
         </extensionContainer.C3.Sequence>
      </pdn_gw_Identity.C5.Sequence>
      <pdn_gw_AllocationType.C6.Enum>
         <EnumType>dynamic.1</EnumType>
      </pdn_gw_AllocationType.C6.Enum>
      <vplmnAddressAllowed.C7></vplmnAddressAllowed.C7>
      <chargingCharacteristics.C8.BoxedType><Bytes>44ee
            <field name="Reserved" value="4" type="Integer" lengthBit="4"/>
            <field name="N flag" value="0" type="Integer" lengthBit="1"/>
            <field name="P flag" value="1" type="Integer" lengthBit="1"/>
            <field name="F flag" value="0" type="Integer" lengthBit="1"/>
            <field name="H flag" value="0" type="Integer" lengthBit="1"/>
            <field name="Charging Value" value="238" type="Integer" length="1"/>
         </Bytes></chargingCharacteristics.C8.BoxedType>
      <ambr.C9.Sequence>
         <max_RequestedBandwidth_UL.C0.BoxedType><Long>3695928196</Long></max_RequestedBandwidth_UL.C0.BoxedType>
         <max_RequestedBandwidth_DL.C1.BoxedType><Long>3430571024</Long></max_RequestedBandwidth_DL.C1.BoxedType>
         <extensionContainer.C2.Sequence>
            <privateExtensionList.C0.BoxedType>
               <Collection>
                  <PrivateExtension.Sequence>
                     <extId><ObjectIdentifier>0.1.251.48.111.41.99.46.121</ObjectIdentifier></extId>
                     <extType>c59f855bec69d2</extType>
                  </PrivateExtension.Sequence>
                  <PrivateExtension.Sequence>
                     <extId><ObjectIdentifier>0.1.212.48.119.107.39</ObjectIdentifier></extId>
                     <extType>97365a1af719</extType>
                  </PrivateExtension.Sequence>
                  <PrivateExtension.Sequence>
                     <extId><ObjectIdentifier>0.1.211.100.72.90.88</ObjectIdentifier></extId>
                     <extType>3c24</extType>
                  </PrivateExtension.Sequence>
               </Collection>
            </privateExtensionList.C0.BoxedType>
            <pcs_Extensions.C1.Sequence>
               
            </pcs_Extensions.C1.Sequence>
         </extensionContainer.C2.Sequence>
      </ambr.C9.Sequence>
      <specificAPNInfoList.C10.BoxedType>
         <Collection>
            <SpecificAPNInfo.Sequence>
               <apn.C0.BoxedType><Bytes>6d71476737376a304a
                     <field name="DNS string" value="mqGg77j0J" type="String" length="9"/>
                  </Bytes></apn.C0.BoxedType>
               <pdn_gw_Identity.C1.Sequence>
                  <pdn_gw_ipv4_Address.C0.BoxedType><Bytes>5da79d0c
                        <field name="IPV4  address" value="93.167.157.12" type="IPV4Address" length="4"/>
                     </Bytes></pdn_gw_ipv4_Address.C0.BoxedType>
                  <pdn_gw_ipv6_Address.C1.BoxedType><Bytes>3086f57b
                        <field name="IPV4  address" value="48.134.245.123" type="IPV4Address" length="4"/>
                     </Bytes></pdn_gw_ipv6_Address.C1.BoxedType>
                  <pdn_gw_name.C2.BoxedType><Bytes>0429</Bytes></pdn_gw_name.C2.BoxedType>
                  <extensionContainer.C3.Sequence>
                     <privateExtensionList.C0.BoxedType>
                        <Collection>
                           <PrivateExtension.Sequence>
                              <extId><ObjectIdentifier>0.1.242.126</ObjectIdentifier></extId>
                              <extType>ca</extType>
                           </PrivateExtension.Sequence>
                           <PrivateExtension.Sequence>
                              <extId><ObjectIdentifier>0.1.287.73.10.100.51.80.120.67.29</ObjectIdentifier></extId>
                              <extType>3eddae461e99e7f1</extType>
                           </PrivateExtension.Sequence>
                           <PrivateExtension.Sequence>
                              <extId><ObjectIdentifier>0.1.2121.22.14.73.49.49</ObjectIdentifier></extId>
                              <extType>8b3c909b73c0</extType>
                           </PrivateExtension.Sequence>
                        </Collection>
                     </privateExtensionList.C0.BoxedType>
                     <pcs_Extensions.C1.Sequence>
                        
                     </pcs_Extensions.C1.Sequence>
                  </extensionContainer.C3.Sequence>
               </pdn_gw_Identity.C1.Sequence>
               <extensionContainer.C2.Sequence>
                  <privateExtensionList.C0.BoxedType>
                     <Collection>
                        <PrivateExtension.Sequence>
                           <extId><ObjectIdentifier>0.1.216.116.7.43.15.106.40.128</ObjectIdentifier></extId>
                           <extType>36b058fee6c1</extType>
                        </PrivateExtension.Sequence>
                        <PrivateExtension.Sequence>
                           <extId><ObjectIdentifier>0.1.25.49</ObjectIdentifier></extId>
                           <extType>e6a96ee5adcc62</extType>
                        </PrivateExtension.Sequence>
                        <PrivateExtension.Sequence>
                           <extId><ObjectIdentifier>0.1.260.66</ObjectIdentifier></extId>
                           <extType>ad</extType>
                        </PrivateExtension.Sequence>
                     </Collection>
                  </privateExtensionList.C0.BoxedType>
                  <pcs_Extensions.C1.Sequence>
                     
                  </pcs_Extensions.C1.Sequence>
               </extensionContainer.C2.Sequence>
            </SpecificAPNInfo.Sequence>
            <SpecificAPNInfo.Sequence>
               <apn.C0.BoxedType><Bytes>4243696d445942
                     <field name="DNS string" value="BCimDYB" type="String" length="7"/>
                  </Bytes></apn.C0.BoxedType>
               <pdn_gw_Identity.C1.Sequence>
                  <pdn_gw_ipv4_Address.C0.BoxedType><Bytes>5de4b488
                        <field name="IPV4  address" value="93.228.180.136" type="IPV4Address" length="4"/>
                     </Bytes></pdn_gw_ipv4_Address.C0.BoxedType>
                  <pdn_gw_ipv6_Address.C1.BoxedType><Bytes>4965827b
                        <field name="IPV4  address" value="73.101.130.123" type="IPV4Address" length="4"/>
                     </Bytes></pdn_gw_ipv6_Address.C1.BoxedType>
                  <pdn_gw_name.C2.BoxedType><Bytes>fcacaf031d6e</Bytes></pdn_gw_name.C2.BoxedType>
                  <extensionContainer.C3.Sequence>
                     <privateExtensionList.C0.BoxedType>
                        <Collection>
                           <PrivateExtension.Sequence>
                              <extId><ObjectIdentifier>0.1.2126.117.39.83.71</ObjectIdentifier></extId>
                              <extType>46</extType>
                           </PrivateExtension.Sequence>
                           <PrivateExtension.Sequence>
                              <extId><ObjectIdentifier>0.1.223.92</ObjectIdentifier></extId>
                              <extType>99339e5976085a96</extType>
                           </PrivateExtension.Sequence>
                           <PrivateExtension.Sequence>
                              <extId><ObjectIdentifier>0.1.288.15</ObjectIdentifier></extId>
                              <extType>62</extType>
                           </PrivateExtension.Sequence>
                        </Collection>
                     </privateExtensionList.C0.BoxedType>
                     <pcs_Extensions.C1.Sequence>
                        
                     </pcs_Extensions.C1.Sequence>
                  </extensionContainer.C3.Sequence>
               </pdn_gw_Identity.C1.Sequence>
               <extensionContainer.C2.Sequence>
                  <privateExtensionList.C0.BoxedType>
                     <Collection>
                        <PrivateExtension.Sequence>
                           <extId><ObjectIdentifier>0.1.2</ObjectIdentifier></extId>
                           <extType>86ce4bdaa95e6e8f48</extType>
                        </PrivateExtension.Sequence>
                        <PrivateExtension.Sequence>
                           <extId><ObjectIdentifier>0.1.2126.34.9.98.103.107</ObjectIdentifier></extId>
                           <extType>baa9b8</extType>
                        </PrivateExtension.Sequence>
                        <PrivateExtension.Sequence>
                           <extId><ObjectIdentifier>0.1.2116</ObjectIdentifier></extId>
                           <extType>36e361ff</extType>
                        </PrivateExtension.Sequence>
                     </Collection>
                  </privateExtensionList.C0.BoxedType>
                  <pcs_Extensions.C1.Sequence>
                     
                  </pcs_Extensions.C1.Sequence>
               </extensionContainer.C2.Sequence>
            </SpecificAPNInfo.Sequence>
            <SpecificAPNInfo.Sequence>
               <apn.C0.BoxedType><Bytes>7178374e617a48
                     <field name="DNS string" value="qx7NazH" type="String" length="7"/>
                  </Bytes></apn.C0.BoxedType>
               <pdn_gw_Identity.C1.Sequence>
                  <pdn_gw_ipv4_Address.C0.BoxedType><Bytes>1c4c191a
                        <field name="IPV4  address" value="28.76.25.26" type="IPV4Address" length="4"/>
                     </Bytes></pdn_gw_ipv4_Address.C0.BoxedType>
                  <pdn_gw_ipv6_Address.C1.BoxedType><Bytes>f31557cf
                        <field name="IPV4  address" value="243.21.87.207" type="IPV4Address" length="4"/>
                     </Bytes></pdn_gw_ipv6_Address.C1.BoxedType>
                  <pdn_gw_name.C2.BoxedType><Bytes>8326</Bytes></pdn_gw_name.C2.BoxedType>
                  <extensionContainer.C3.Sequence>
                     <privateExtensionList.C0.BoxedType>
                        <Collection>
                           <PrivateExtension.Sequence>
                              <extId><ObjectIdentifier>0.1.2119.63.74.55.63.40.14</ObjectIdentifier></extId>
                              <extType>2d8ccf</extType>
                           </PrivateExtension.Sequence>
                           <PrivateExtension.Sequence>
                              <extId><ObjectIdentifier>0.1.260.49.113.11</ObjectIdentifier></extId>
                              <extType>670f1027</extType>
                           </PrivateExtension.Sequence>
                           <PrivateExtension.Sequence>
                              <extId><ObjectIdentifier>0.1.2101</ObjectIdentifier></extId>
                              <extType>b3e0</extType>
                           </PrivateExtension.Sequence>
                        </Collection>
                     </privateExtensionList.C0.BoxedType>
                     <pcs_Extensions.C1.Sequence>
                        
                     </pcs_Extensions.C1.Sequence>
                  </extensionContainer.C3.Sequence>
               </pdn_gw_Identity.C1.Sequence>
               <extensionContainer.C2.Sequence>
                  <privateExtensionList.C0.BoxedType>
                     <Collection>
                        <PrivateExtension.Sequence>
                           <extId><ObjectIdentifier>0.1.2102.60.98.25.63.1.124.37</ObjectIdentifier></extId>
                           <extType>a4</extType>
                        </PrivateExtension.Sequence>
                        <PrivateExtension.Sequence>
                           <extId><ObjectIdentifier>0.1.266</ObjectIdentifier></extId>
                           <extType>048453dd6c</extType>
                        </PrivateExtension.Sequence>
                        <PrivateExtension.Sequence>
                           <extId><ObjectIdentifier>0.1.2121.97.6.88.4.113.93.101</ObjectIdentifier></extId>
                           <extType>1e82f0fef82263</extType>
                        </PrivateExtension.Sequence>
                     </Collection>
                  </privateExtensionList.C0.BoxedType>
                  <pcs_Extensions.C1.Sequence>
                     
                  </pcs_Extensions.C1.Sequence>
               </extensionContainer.C2.Sequence>
            </SpecificAPNInfo.Sequence>
         </Collection>
      </specificAPNInfoList.C10.BoxedType>
      <extensionContainer.C11.Sequence>
         <privateExtensionList.C0.BoxedType>
            <Collection>
               <PrivateExtension.Sequence>
                  <extId><ObjectIdentifier>0.1.2117.56.99.76.43.36.3.117</ObjectIdentifier></extId>
                  <extType>c4d3e21605d3fe</extType>
               </PrivateExtension.Sequence>
               <PrivateExtension.Sequence>
                  <extId><ObjectIdentifier>0.1.225.30.50.68</ObjectIdentifier></extId>
                  <extType>acba339eabc5c0</extType>
               </PrivateExtension.Sequence>
               <PrivateExtension.Sequence>
                  <extId><ObjectIdentifier>0.1.2112</ObjectIdentifier></extId>
                  <extType>5aad61f03347e042</extType>
               </PrivateExtension.Sequence>
            </Collection>
         </privateExtensionList.C0.BoxedType>
         <pcs_Extensions.C1.Sequence>
            
         </pcs_Extensions.C1.Sequence>
      </extensionContainer.C11.Sequence>
      <servedPartyIP_IPv6_Address.C12.BoxedType><Bytes>bfa89c48
            <field name="IPV4  address" value="191.168.156.72" type="IPV4Address" length="4"/>
         </Bytes></servedPartyIP_IPv6_Address.C12.BoxedType>
      <apn_oi_Replacement.C13.BoxedType><Bytes>adfb4cbce2f1c02c</Bytes></apn_oi_Replacement.C13.BoxedType>
      <sipto_Permission.C14.Enum>
         <EnumType>siptoAboveRanNotAllowed.1</EnumType>
      </sipto_Permission.C14.Enum>
      <lipa_Permission.C15.Enum>
         <EnumType>lipaOnly.1</EnumType>
      </lipa_Permission.C15.Enum>
      <restoration_Priority.C16.BoxedType><Bytes>b4cfdcec24</Bytes></restoration_Priority.C16.BoxedType>
      <sipto_local_network_Permission.C17.Enum>
         <EnumType>siptoAtLocalNetworkNotAllowed.1</EnumType>
      </sipto_local_network_Permission.C17.Enum>
   </APN_Configuration.Sequence>
</ASN>