<?xml version="1.0" encoding="ISO-8859-15"?>

<ASN layer="CAP">
   <ApplyChargingReportGPRSArg.Sequence>
      <chargingResult.C0.Choice>
         <transferredVolume.C0.Choice>
            <volumeIfNoTariffSwitch.C0>1459220961</volumeIfNoTariffSwitch.C0>
            <volumeIfTariffSwitch.C1.Sequence>
               <volumeSinceLastTariffSwitch.C0>1701333045</volumeSinceLastTariffSwitch.C0>
               <volumeTariffSwitchInterval.C1>3800000833</volumeTariffSwitchInterval.C1>
            </volumeIfTariffSwitch.C1.Sequence>
         </transferredVolume.C0.Choice>
         <elapsedTime.C1.Choice>
            <timeGPRSIfNoTariffSwitch.C0>0</timeGPRSIfNoTariffSwitch.C0>
            <timeGPRSIfTariffSwitch.C1.Sequence>
               <timeGPRSSinceLastTariffSwitch.C0>2</timeGPRSSinceLastTariffSwitch.C0>
               <timeGPRSTariffSwitchInterval.C1>1</timeGPRSTariffSwitchInterval.C1>
            </timeGPRSIfTariffSwitch.C1.Sequence>
         </elapsedTime.C1.Choice>
      </chargingResult.C0.Choice>
      <qualityOfService.C1.Sequence>
         <requested_QoS.C0.Choice>
            <short_QoS_format.C0.BoxedType><Bytes>6f7639
                  <field name="spare1" value="1" type="Integer" lengthBit="2"/>
                  <field name="Delay class" value="Delay class 4 (best effort):5" type="EnumLong" lengthBit="3"/>
                  <field name="Reliability class" value="Reserved:7" type="EnumLong" lengthBit="3"/>
                  <field name="Peak throughput" value="Up to 64 000 octet/s:7" type="EnumLong" lengthBit="4"/>
                  <field name="spare2" value="0" type="Integer" lengthBit="1"/>
                  <field name="Precedence class" value="Normal priority:6" type="EnumLong" lengthBit="3"/>
                  <field name="spare3" value="1" type="Integer" lengthBit="3"/>
                  <field name="Mean throughput" value="Best effort:25" type="EnumLong" lengthBit="5"/>
               </Bytes></short_QoS_format.C0.BoxedType>
            <long_QoS_format.C1.BoxedType><Bytes>6a35bcf39177795fb0
                  <field name="Allocation/Retention Priority" value="106" type="Integer" length="1"/>
                  <field name="Traffic class" value="Conversational class:1" type="EnumLong" lengthBit="3"/>
                  <field name="Delivery class" value="Without delivery order (&apos;no&apos;):2" type="EnumLong" lengthBit="2"/>
                  <field name="Delivery erroneous SDUs" value="Reserved:5" type="EnumLong" lengthBit="3"/>
                  <field name="Maximum SDU size" value="188" type="Integer" length="1"/>
                  <field name="Maximum bitrate uplink" value="243" type="Integer" length="1"/>
                  <field name="Maximum bitrate downlink" value="145" type="Integer" length="1"/>
                  <field name="SDU error ratio" value="1*10 power -1:7" type="EnumLong" lengthBit="4"/>
                  <field name="Residual BER" value="1*10 power -5:7" type="EnumLong" lengthBit="4"/>
                  <field name="Transfer delay" value="30" type="Integer" lengthBit="6"/>
                  <field name="Traffic handling priority" value="Priority level 1:1" type="EnumLong" lengthBit="2"/>
                  <field name="Guaranteed bitrate uplink" value="95" type="Integer" length="1"/>
                  <field name="Guaranteed bitrate downlink" value="176" type="Integer" length="1"/>
               </Bytes></long_QoS_format.C1.BoxedType>
         </requested_QoS.C0.Choice>
         <subscribed_QoS.C1.Choice>
            <short_QoS_format.C0.BoxedType><Bytes>463dad
                  <field name="spare1" value="1" type="Integer" lengthBit="2"/>
                  <field name="Delay class" value="Subscribed delay class / Reserved:0" type="EnumLong" lengthBit="3"/>
                  <field name="Reliability class" value="Unacknowledged GTP, LLC, and RLC, Protected data:6" type="EnumLong" lengthBit="3"/>
                  <field name="Peak throughput" value="Up to 4 000 octet/s:3" type="EnumLong" lengthBit="4"/>
                  <field name="spare2" value="1" type="Integer" lengthBit="1"/>
                  <field name="Precedence class" value="Normal priority:5" type="EnumLong" lengthBit="3"/>
                  <field name="spare3" value="5" type="Integer" lengthBit="3"/>
                  <field name="Mean throughput" value="1000000 octet/h:13" type="EnumLong" lengthBit="5"/>
               </Bytes></short_QoS_format.C0.BoxedType>
            <long_QoS_format.C1.BoxedType><Bytes>4fbc14beafe7cf84ba
                  <field name="Allocation/Retention Priority" value="79" type="Integer" length="1"/>
                  <field name="Traffic class" value="Reserved:5" type="EnumLong" lengthBit="3"/>
                  <field name="Delivery class" value="Reserved:3" type="EnumLong" lengthBit="2"/>
                  <field name="Delivery erroneous SDUs" value="Reserved:4" type="EnumLong" lengthBit="3"/>
                  <field name="Maximum SDU size" value="20" type="Integer" length="1"/>
                  <field name="Maximum bitrate uplink" value="190" type="Integer" length="1"/>
                  <field name="Maximum bitrate downlink" value="175" type="Integer" length="1"/>
                  <field name="SDU error ratio" value="Reserved:14" type="EnumLong" lengthBit="4"/>
                  <field name="Residual BER" value="1*10 power -5:7" type="EnumLong" lengthBit="4"/>
                  <field name="Transfer delay" value="51" type="Integer" lengthBit="6"/>
                  <field name="Traffic handling priority" value="Priority level 3:3" type="EnumLong" lengthBit="2"/>
                  <field name="Guaranteed bitrate uplink" value="132" type="Integer" length="1"/>
                  <field name="Guaranteed bitrate downlink" value="186" type="Integer" length="1"/>
               </Bytes></long_QoS_format.C1.BoxedType>
         </subscribed_QoS.C1.Choice>
         <negotiated_QoS.C2.Choice>
            <short_QoS_format.C0.BoxedType><Bytes>29e61c
                  <field name="spare1" value="0" type="Integer" lengthBit="2"/>
                  <field name="Delay class" value="Delay class 4 (best effort):5" type="EnumLong" lengthBit="3"/>
                  <field name="Reliability class" value="Unused. If received, it shall be interpreted as &apos;010&apos;:1" type="EnumLong" lengthBit="3"/>
                  <field name="Peak throughput" value="Up to 1 000 octet/s:14" type="EnumLong" lengthBit="4"/>
                  <field name="spare2" value="0" type="Integer" lengthBit="1"/>
                  <field name="Precedence class" value="Normal priority:6" type="EnumLong" lengthBit="3"/>
                  <field name="spare3" value="0" type="Integer" lengthBit="3"/>
                  <field name="Mean throughput" value="Best effort:28" type="EnumLong" lengthBit="5"/>
               </Bytes></short_QoS_format.C0.BoxedType>
            <long_QoS_format.C1.BoxedType><Bytes>f2cdd3e1e7bb826db2
                  <field name="Allocation/Retention Priority" value="242" type="Integer" length="1"/>
                  <field name="Traffic class" value="Reserved:6" type="EnumLong" lengthBit="3"/>
                  <field name="Delivery class" value="With delivery order (&apos;yes&apos;):1" type="EnumLong" lengthBit="2"/>
                  <field name="Delivery erroneous SDUs" value="Reserved:5" type="EnumLong" lengthBit="3"/>
                  <field name="Maximum SDU size" value="211" type="Integer" length="1"/>
                  <field name="Maximum bitrate uplink" value="225" type="Integer" length="1"/>
                  <field name="Maximum bitrate downlink" value="231" type="Integer" length="1"/>
                  <field name="SDU error ratio" value="Reserved:11" type="EnumLong" lengthBit="4"/>
                  <field name="Residual BER" value="Reserved:11" type="EnumLong" lengthBit="4"/>
                  <field name="Transfer delay" value="32" type="Integer" lengthBit="6"/>
                  <field name="Traffic handling priority" value="Priority level 2:2" type="EnumLong" lengthBit="2"/>
                  <field name="Guaranteed bitrate uplink" value="109" type="Integer" length="1"/>
                  <field name="Guaranteed bitrate downlink" value="178" type="Integer" length="1"/>
               </Bytes></long_QoS_format.C1.BoxedType>
         </negotiated_QoS.C2.Choice>
         <requested_QoS_Extension.C3.Sequence>
            <supplement_to_long_QoS_format.C0.BoxedType><Bytes>159127c996
                  <field name="spare" value="0" type="Integer" lengthBit="3"/>
                  <field name="Signalling Indication" value="Optimised for signalling traffic:1" type="EnumLong" lengthBit="1"/>
                  <field name="Source Statistics Descriptor" value="unknown:5" type="EnumLong" lengthBit="4"/>
                  <field name="Maximum bitrate downlink (extended)" value="145" type="Integer" length="1"/>
                  <field name="Guaranteed bitrate downlink (extended)" value="39" type="Integer" length="1"/>
                  <field name="Maximum bitrate uplink (extended)" value="201" type="Integer" length="1"/>
                  <field name="Guaranteed bitrate uplink (extended)" value="150" type="Integer" length="1"/>
               </Bytes></supplement_to_long_QoS_format.C0.BoxedType>
            <additionalSupplement.C1.BoxedType><Bytes>9a2d
                  <field name="Maximum bitrate uplink (extended)" value="154" type="Integer" length="1"/>
                  <field name="Guaranteed bitrate uplink (extended)" value="45" type="Integer" length="1"/>
               </Bytes></additionalSupplement.C1.BoxedType>
         </requested_QoS_Extension.C3.Sequence>
         <subscribed_QoS_Extension.C4.Sequence>
            <supplement_to_long_QoS_format.C0.BoxedType><Bytes>9b076f69d4
                  <field name="spare" value="4" type="Integer" lengthBit="3"/>
                  <field name="Signalling Indication" value="Optimised for signalling traffic:1" type="EnumLong" lengthBit="1"/>
                  <field name="Source Statistics Descriptor" value="unknown:11" type="EnumLong" lengthBit="4"/>
                  <field name="Maximum bitrate downlink (extended)" value="7" type="Integer" length="1"/>
                  <field name="Guaranteed bitrate downlink (extended)" value="111" type="Integer" length="1"/>
                  <field name="Maximum bitrate uplink (extended)" value="105" type="Integer" length="1"/>
                  <field name="Guaranteed bitrate uplink (extended)" value="212" type="Integer" length="1"/>
               </Bytes></supplement_to_long_QoS_format.C0.BoxedType>
            <additionalSupplement.C1.BoxedType><Bytes>6445
                  <field name="Maximum bitrate uplink (extended)" value="100" type="Integer" length="1"/>
                  <field name="Guaranteed bitrate uplink (extended)" value="69" type="Integer" length="1"/>
               </Bytes></additionalSupplement.C1.BoxedType>
         </subscribed_QoS_Extension.C4.Sequence>
         <negotiated_QoS_Extension.C5.Sequence>
            <supplement_to_long_QoS_format.C0.BoxedType><Bytes>954f342e81
                  <field name="spare" value="4" type="Integer" lengthBit="3"/>
                  <field name="Signalling Indication" value="Optimised for signalling traffic:1" type="EnumLong" lengthBit="1"/>
                  <field name="Source Statistics Descriptor" value="unknown:5" type="EnumLong" lengthBit="4"/>
                  <field name="Maximum bitrate downlink (extended)" value="79" type="Integer" length="1"/>
                  <field name="Guaranteed bitrate downlink (extended)" value="52" type="Integer" length="1"/>
                  <field name="Maximum bitrate uplink (extended)" value="46" type="Integer" length="1"/>
                  <field name="Guaranteed bitrate uplink (extended)" value="129" type="Integer" length="1"/>
               </Bytes></supplement_to_long_QoS_format.C0.BoxedType>
            <additionalSupplement.C1.BoxedType><Bytes>7492
                  <field name="Maximum bitrate uplink (extended)" value="116" type="Integer" length="1"/>
                  <field name="Guaranteed bitrate uplink (extended)" value="146" type="Integer" length="1"/>
               </Bytes></additionalSupplement.C1.BoxedType>
         </negotiated_QoS_Extension.C5.Sequence>
      </qualityOfService.C1.Sequence>
      <active.C2d>false:0</active.C2d>
      <pDPId.C3.BoxedType><Bytes>4649cd20</Bytes></pDPId.C3.BoxedType>
      <chargingRollOver.C4.Choice>
         <transferredVolumeRollOver.C0.Choice>
            <rO_VolumeIfNoTariffSwitch.C0>1</rO_VolumeIfNoTariffSwitch.C0>
            <rO_VolumeIfTariffSwitch.C1.Sequence>
               <rO_VolumeSinceLastTariffSwitch.C0>0</rO_VolumeSinceLastTariffSwitch.C0>
               <rO_VolumeTariffSwitchInterval.C1>2</rO_VolumeTariffSwitchInterval.C1>
            </rO_VolumeIfTariffSwitch.C1.Sequence>
         </transferredVolumeRollOver.C0.Choice>
         <elapsedTimeRollOver.C1.Choice>
            <rO_TimeGPRSIfNoTariffSwitch.C0>1</rO_TimeGPRSIfNoTariffSwitch.C0>
            <rO_TimeGPRSIfTariffSwitch.C1.Sequence>
               <rO_TimeGPRSSinceLastTariffSwitch.C0>1</rO_TimeGPRSSinceLastTariffSwitch.C0>
               <rO_TimeGPRSTariffSwitchInterval.C1>1</rO_TimeGPRSTariffSwitchInterval.C1>
            </rO_TimeGPRSIfTariffSwitch.C1.Sequence>
         </elapsedTimeRollOver.C1.Choice>
      </chargingRollOver.C4.Choice>
   </ApplyChargingReportGPRSArg.Sequence>
</ASN>