<?xml version="1.0" encoding="ISO-8859-15"?>

<ASN layer="CAP">
   <ApplyChargingGPRSArg.Sequence>
      <chargingCharacteristics.C0.BoxedType><Bytes>7544
            <field name="Reserved" value="7" type="Integer" lengthBit="4"/>
            <field name="N flag" value="0" type="Integer" lengthBit="1"/>
            <field name="P flag" value="1" type="Integer" lengthBit="1"/>
            <field name="F flag" value="0" type="Integer" lengthBit="1"/>
            <field name="H flag" value="1" type="Integer" lengthBit="1"/>
            <field name="Charging Value" value="68" type="Integer" length="1"/>
         </Bytes></chargingCharacteristics.C0.BoxedType>
      <tariffSwitchInterval.C1>1</tariffSwitchInterval.C1>
      <pDPId.C2.BoxedType><Bytes>1d79</Bytes></pDPId.C2.BoxedType>
   </ApplyChargingGPRSArg.Sequence>
</ASN>