<?xml version="1.0" encoding="ISO-8859-15"?>

<ASN layer="CAP">
   <Area.Sequence>
      <areaType.C0.Enum>
         <EnumType>locationAreaId.2</EnumType>
      </areaType.C0.Enum>
      <areaIdentification.C1.BoxedType><Bytes>7139719f398350a8
            <field name="MMC" value="179,173" type="NumberMMC" length="3"/>
            <field name="LAC" value="40761" type="Integer" length="2"/>
            <field name="RAC" value="131" type="Integer" length="1"/>
            <field name="CI" value="20648" type="Integer" length="2"/>
         </Bytes></areaIdentification.C1.BoxedType>
   </Area.Sequence>
</ASN>