<?xml version="1.0" encoding="ISO-8859-15"?>

<ASN layer="CAP">
   <AssistRequestInstructionsArg.Sequence>
      <correlationID.C0.Sequence>
         <hlr_id.C0.BoxedType><IMSI.BoxedType><TBCD_STRING.BoxedType><Bytes>81162029f2
                     <field name="digits" value="186102922" type="Number_BCD" length="9"/>
                  </Bytes></TBCD_STRING.BoxedType></IMSI.BoxedType></hlr_id.C0.BoxedType>
         <sip_uri_A.C1.BoxedType><Bytes>761d1dc7dd4997ce</Bytes></sip_uri_A.C1.BoxedType>
         <sip_uri_B.C2.BoxedType><Bytes>e9e2dea5a6</Bytes></sip_uri_B.C2.BoxedType>
      </correlationID.C0.Sequence>
      <iPSSPCapabilities.C2.BoxedType><Bytes>961d4a4d9e3b15fb</Bytes></iPSSPCapabilities.C2.BoxedType>
      <extensions.C3.BoxedType>
         <Collection>
            <ExtensionField.Sequence>
               <type.Choice>
                  <local>696467188</local>
                  <global><ObjectIdentifier>0.1.243</ObjectIdentifier></global>
               </type.Choice>
               <criticality.nulld.Enum>
                  <EnumType>abort.1</EnumType>
               </criticality.nulld.Enum>
               <NullObject.C1></NullObject.C1>
            </ExtensionField.Sequence>
            <ExtensionField.Sequence>
               <type.Choice>
                  <local>1205551149</local>
                  <global><ObjectIdentifier>0.1.217.92.58.50.62.90.64.45.108</ObjectIdentifier></global>
               </type.Choice>
               <criticality.nulld.Enum>
                  <EnumType>ignore.0</EnumType>
               </criticality.nulld.Enum>
               <NullObject.C1></NullObject.C1>
            </ExtensionField.Sequence>
            <ExtensionField.Sequence>
               <type.Choice>
                  <local>2636449424</local>
                  <global><ObjectIdentifier>0.1.225.102.15.50.100.116.56.122.16</ObjectIdentifier></global>
               </type.Choice>
               <criticality.nulld.Enum>
                  <EnumType>ignore.0</EnumType>
               </criticality.nulld.Enum>
               <NullObject.C1></NullObject.C1>
            </ExtensionField.Sequence>
         </Collection>
      </extensions.C3.BoxedType>
   </AssistRequestInstructionsArg.Sequence>
</ASN>