<?xml version="1.0" encoding="ISO-8859-15"?>

<ASN layer="CAP">
   <ATI_NotAllowedParam.Sequence><extensionContainer.Sequence>
         <privateExtensionList.C0.BoxedType>
            <Collection>
               <PrivateExtension.Sequence>
                  <extId><ObjectIdentifier>0.1.247.7.6.105</ObjectIdentifier></extId>
                  <extType>9adba44f6305fb</extType>
               </PrivateExtension.Sequence>
               <PrivateExtension.Sequence>
                  <extId><ObjectIdentifier>0.1.27.28.122.75.24.13.20.94</ObjectIdentifier></extId>
                  <extType>daae1988e36353518fe5</extType>
               </PrivateExtension.Sequence>
               <PrivateExtension.Sequence>
                  <extId><ObjectIdentifier>0.1.265.15.107</ObjectIdentifier></extId>
                  <extType>ff19287307</extType>
               </PrivateExtension.Sequence>
            </Collection>
         </privateExtensionList.C0.BoxedType>
         <pcs_Extensions.C1.Sequence>
            
         </pcs_Extensions.C1.Sequence>
      </extensionContainer.Sequence></ATI_NotAllowedParam.Sequence>
</ASN>