<?xml version="1.0" encoding="ISO-8859-15"?>

<ASN layer="CAP">
   <ATSI_NotAllowedParam.Sequence><extensionContainer.Sequence>
         <privateExtensionList.C0.BoxedType>
            <Collection>
               <PrivateExtension.Sequence>
                  <extId><ObjectIdentifier>0.1.222.28.18.9.68.11.110</ObjectIdentifier></extId>
                  <extType>2ae2d2733fe05587c6</extType>
               </PrivateExtension.Sequence>
               <PrivateExtension.Sequence>
                  <extId><ObjectIdentifier>0.1.275.86.123.11.111.29.31.125.54</ObjectIdentifier></extId>
                  <extType>5325</extType>
               </PrivateExtension.Sequence>
               <PrivateExtension.Sequence>
                  <extId><ObjectIdentifier>0.1.237.32</ObjectIdentifier></extId>
                  <extType>a7718736baf317</extType>
               </PrivateExtension.Sequence>
            </Collection>
         </privateExtensionList.C0.BoxedType>
         <pcs_Extensions.C1.Sequence>
            
         </pcs_Extensions.C1.Sequence>
      </extensionContainer.Sequence></ATSI_NotAllowedParam.Sequence>
</ASN>