<?xml version="1.0" encoding="ISO-8859-15"?>

<ASN layer="CAP">
   <AuthenticationFailureReportRes.Sequence><extensionContainer.Sequence>
         <privateExtensionList.C0.BoxedType>
            <Collection>
               <PrivateExtension.Sequence>
                  <extId><ObjectIdentifier>0.1.2105.101.11</ObjectIdentifier></extId>
                  <extType>aaf5</extType>
               </PrivateExtension.Sequence>
               <PrivateExtension.Sequence>
                  <extId><ObjectIdentifier>0.1.246.112.23.25.22.89.60.109.88</ObjectIdentifier></extId>
                  <extType>1810f6</extType>
               </PrivateExtension.Sequence>
               <PrivateExtension.Sequence>
                  <extId><ObjectIdentifier>0.1.294.32.38.16.78.80.0.117.109.83</ObjectIdentifier></extId>
                  <extType>4eff</extType>
               </PrivateExtension.Sequence>
            </Collection>
         </privateExtensionList.C0.BoxedType>
         <pcs_Extensions.C1.Sequence>
            
         </pcs_Extensions.C1.Sequence>
      </extensionContainer.Sequence></AuthenticationFailureReportRes.Sequence>
</ASN>