<?xml version="1.0" encoding="ISO-8859-15"?>

<ASN layer="CAP">
   <AuthenticationFailureReportArg.Sequence>
      <imsi.BoxedType><TBCD_STRING.BoxedType><Bytes>35015671f3
               <field name="digits" value="531065173" type="Number_BCD" length="9"/>
            </Bytes></TBCD_STRING.BoxedType></imsi.BoxedType>
      <failureCause.Enum>
         <EnumType>wrongNetworkSignature.1</EnumType>
      </failureCause.Enum>
      <extensionContainer.Sequence>
         <privateExtensionList.C0.BoxedType>
            <Collection>
               <PrivateExtension.Sequence>
                  <extId><ObjectIdentifier>0.1.2102.29.84.125.20.43.85.116.110</ObjectIdentifier></extId>
                  <extType>9bf902ae90912b</extType>
               </PrivateExtension.Sequence>
               <PrivateExtension.Sequence>
                  <extId><ObjectIdentifier>0.1.255.12.54.124.14.112</ObjectIdentifier></extId>
                  <extType>fe5a34fac165</extType>
               </PrivateExtension.Sequence>
               <PrivateExtension.Sequence>
                  <extId><ObjectIdentifier>0.1.219.21.9.19.118.49.11</ObjectIdentifier></extId>
                  <extType>5dcf48afa4f52d3385</extType>
               </PrivateExtension.Sequence>
            </Collection>
         </privateExtensionList.C0.BoxedType>
         <pcs_Extensions.C1.Sequence>
            
         </pcs_Extensions.C1.Sequence>
      </extensionContainer.Sequence>
      <re_attempt>true:1</re_attempt>
      <accessType.Enum>
         <EnumType>supplementaryService.3</EnumType>
      </accessType.Enum>
      <rand.BoxedType><Bytes>25d9edfee089d513b7</Bytes></rand.BoxedType>
      <vlr_Number.C0.BoxedType><AddressString.BoxedType><Bytes>6a6126203871
               <field name="extension" value="extension:0" type="EnumLong" lengthBit="1"/>
               <field name="nature of address" value="abbreviated number:6" type="EnumLong" lengthBit="3"/>
               <field name="numbering plan" value="10" type="EnumLong" lengthBit="4"/>
               <field name="digits" value="1662028317" type="Number_BCD" length="10"/>
            </Bytes></AddressString.BoxedType></vlr_Number.C0.BoxedType>
      <sgsn_Number.C1.BoxedType><AddressString.BoxedType><Bytes>2d3189300388
               <field name="extension" value="extension:0" type="EnumLong" lengthBit="1"/>
               <field name="nature of address" value="national significant number:2" type="EnumLong" lengthBit="3"/>
               <field name="numbering plan" value="13" type="EnumLong" lengthBit="4"/>
               <field name="digits" value="1398033088" type="Number_BCD" length="10"/>
            </Bytes></AddressString.BoxedType></sgsn_Number.C1.BoxedType>
   </AuthenticationFailureReportArg.Sequence>
</ASN>