<?xml version="1.0" encoding="ISO-8859-15"?>

<ASN layer="CAP">
   <BCSMEventArray.BoxedType>
      <Collection>
         <BCSMEvent.Sequence>
            <eventTypeBCSM.C0.Enum>
               <EnumType>oNoAnswer.6</EnumType>
            </eventTypeBCSM.C0.Enum>
            <monitorMode.C1.Enum>
               <EnumType>interrupted.0</EnumType>
            </monitorMode.C1.Enum>
            <legID.C2.Choice>
               <sendingSideID.C0.BoxedType><Bytes>02
                     <field name="LegType" value="leg2 LegType:2" type="EnumLong" length="1"/>
                  </Bytes></sendingSideID.C0.BoxedType>
               <receivingSideID.C1.BoxedType><Bytes>01
                     <field name="LegType" value="leg1 LegType:1" type="EnumLong" length="1"/>
                  </Bytes></receivingSideID.C1.BoxedType>
            </legID.C2.Choice>
            <dpSpecificCriteria.C30.Choice>
               <applicationTimer.C1.BoxedType><Integer>0</Integer></applicationTimer.C1.BoxedType>
               <midCallControlInfo.C2.Sequence>
                  <minimumNumberOfDigits.C0d>2</minimumNumberOfDigits.C0d>
                  <maximumNumberOfDigits.C1d>1</maximumNumberOfDigits.C1d>
                  <endOfReplyDigit.C2>525b21</endOfReplyDigit.C2>
                  <cancelDigit.C3>7895f3</cancelDigit.C3>
                  <startDigit.C4>570760503d6d888e</startDigit.C4>
                  <interDigitTimeout.C6d>1</interDigitTimeout.C6d>
               </midCallControlInfo.C2.Sequence>
               <dpSpecificCriteriaAlt.C3.Sequence>
                  <changeOfPositionControlInfo.C0.BoxedType>
                     <Collection>
                        <ChangeOfLocation.Choice>
                           <cellGlobalId.C0.BoxedType><Bytes>121371cf98a81f
                                 <field name="MMC" value="213,171" type="NumberMMC" length="3"/>
                                 <field name="LAC" value="53144" type="Integer" length="2"/>
                                 <field name="CI_SAC" value="43039" type="Integer" length="2"/>
                              </Bytes></cellGlobalId.C0.BoxedType>
                           <serviceAreaId.C1.BoxedType><Bytes>02f6863e60f31c
                                 <field name="MMC" value="206,68" type="NumberMMC" length="3"/>
                                 <field name="LAC" value="15968" type="Integer" length="2"/>
                                 <field name="CI_SAC" value="62236" type="Integer" length="2"/>
                              </Bytes></serviceAreaId.C1.BoxedType>
                           <locationAreaId.C2.BoxedType><Bytes>51f2148322
                                 <field name="MMC" value="152,41" type="NumberMMC" length="3"/>
                                 <field name="LAC" value="33570" type="Integer" length="2"/>
                              </Bytes></locationAreaId.C2.BoxedType>
                           <inter_SystemHandOver.C3></inter_SystemHandOver.C3>
                           <inter_PLMNHandOver.C4></inter_PLMNHandOver.C4>
                           <inter_MSCHandOver.C5></inter_MSCHandOver.C5>
                           <changeOfLocationAlt.C6.Sequence>
                              
                           </changeOfLocationAlt.C6.Sequence>
                        </ChangeOfLocation.Choice>
                        <ChangeOfLocation.Choice>
                           <cellGlobalId.C0.BoxedType><Bytes>11936119fc98aa
                                 <field name="MMC" value="113,169" type="NumberMMC" length="3"/>
                                 <field name="LAC" value="6652" type="Integer" length="2"/>
                                 <field name="CI_SAC" value="39082" type="Integer" length="2"/>
                              </Bytes></cellGlobalId.C0.BoxedType>
                           <serviceAreaId.C1.BoxedType><Bytes>117951d18f44b4
                                 <field name="MMC" value="119,157" type="NumberMMC" length="3"/>
                                 <field name="LAC" value="53647" type="Integer" length="2"/>
                                 <field name="CI_SAC" value="17588" type="Integer" length="2"/>
                              </Bytes></serviceAreaId.C1.BoxedType>
                           <locationAreaId.C2.BoxedType><Bytes>4289818f7c
                                 <field name="MMC" value="249,188" type="NumberMMC" length="3"/>
                                 <field name="LAC" value="36732" type="Integer" length="2"/>
                              </Bytes></locationAreaId.C2.BoxedType>
                           <inter_SystemHandOver.C3></inter_SystemHandOver.C3>
                           <inter_PLMNHandOver.C4></inter_PLMNHandOver.C4>
                           <inter_MSCHandOver.C5></inter_MSCHandOver.C5>
                           <changeOfLocationAlt.C6.Sequence>
                              
                           </changeOfLocationAlt.C6.Sequence>
                        </ChangeOfLocation.Choice>
                        <ChangeOfLocation.Choice>
                           <cellGlobalId.C0.BoxedType><Bytes>1118819650e9e9
                                 <field name="MMC" value="118,181" type="NumberMMC" length="3"/>
                                 <field name="LAC" value="38480" type="Integer" length="2"/>
                                 <field name="CI_SAC" value="59881" type="Integer" length="2"/>
                              </Bytes></cellGlobalId.C0.BoxedType>
                           <serviceAreaId.C1.BoxedType><Bytes>712631d67c6f16
                                 <field name="MMC" value="176,132" type="NumberMMC" length="3"/>
                                 <field name="LAC" value="54908" type="Integer" length="2"/>
                                 <field name="CI_SAC" value="28438" type="Integer" length="2"/>
                              </Bytes></serviceAreaId.C1.BoxedType>
                           <locationAreaId.C2.BoxedType><Bytes>017912b001
                                 <field name="MMC" value="109,217" type="NumberMMC" length="3"/>
                                 <field name="LAC" value="45057" type="Integer" length="2"/>
                              </Bytes></locationAreaId.C2.BoxedType>
                           <inter_SystemHandOver.C3></inter_SystemHandOver.C3>
                           <inter_PLMNHandOver.C4></inter_PLMNHandOver.C4>
                           <inter_MSCHandOver.C5></inter_MSCHandOver.C5>
                           <changeOfLocationAlt.C6.Sequence>
                              
                           </changeOfLocationAlt.C6.Sequence>
                        </ChangeOfLocation.Choice>
                     </Collection>
                  </changeOfPositionControlInfo.C0.BoxedType>
                  <numberOfDigits.C1.BoxedType><Integer>1</Integer></numberOfDigits.C1.BoxedType>
                  <interDigitTimeout.C2>1</interDigitTimeout.C2>
               </dpSpecificCriteriaAlt.C3.Sequence>
            </dpSpecificCriteria.C30.Choice>
            <automaticRearm.C50></automaticRearm.C50>
         </BCSMEvent.Sequence>
         <BCSMEvent.Sequence>
            <eventTypeBCSM.C0.Enum>
               <EnumType>oCalledPartyBusy.5</EnumType>
            </eventTypeBCSM.C0.Enum>
            <monitorMode.C1.Enum>
               <EnumType>transparent.2</EnumType>
            </monitorMode.C1.Enum>
            <legID.C2.Choice>
               <sendingSideID.C0.BoxedType><Bytes>6a
                     <field name="LegType" value="106" type="EnumLong" length="1"/>
                  </Bytes></sendingSideID.C0.BoxedType>
               <receivingSideID.C1.BoxedType><Bytes>70
                     <field name="LegType" value="112" type="EnumLong" length="1"/>
                  </Bytes></receivingSideID.C1.BoxedType>
            </legID.C2.Choice>
            <dpSpecificCriteria.C30.Choice>
               <applicationTimer.C1.BoxedType><Integer>0</Integer></applicationTimer.C1.BoxedType>
               <midCallControlInfo.C2.Sequence>
                  <minimumNumberOfDigits.C0d>2</minimumNumberOfDigits.C0d>
                  <maximumNumberOfDigits.C1d>1</maximumNumberOfDigits.C1d>
                  <endOfReplyDigit.C2>3590</endOfReplyDigit.C2>
                  <cancelDigit.C3>e73d62f73dac</cancelDigit.C3>
                  <startDigit.C4>7b6a51865cc921f224</startDigit.C4>
                  <interDigitTimeout.C6d>1</interDigitTimeout.C6d>
               </midCallControlInfo.C2.Sequence>
               <dpSpecificCriteriaAlt.C3.Sequence>
                  <changeOfPositionControlInfo.C0.BoxedType>
                     <Collection>
                        <ChangeOfLocation.Choice>
                           <cellGlobalId.C0.BoxedType><Bytes>318991ddb7907a
                                 <field name="MMC" value="139,198" type="NumberMMC" length="3"/>
                                 <field name="LAC" value="56759" type="Integer" length="2"/>
                                 <field name="CI_SAC" value="36986" type="Integer" length="2"/>
                              </Bytes></cellGlobalId.C0.BoxedType>
                           <serviceAreaId.C1.BoxedType><Bytes>320731a4fcdd70
                                 <field name="MMC" value="237,130" type="NumberMMC" length="3"/>
                                 <field name="LAC" value="42236" type="Integer" length="2"/>
                                 <field name="CI_SAC" value="56688" type="Integer" length="2"/>
                              </Bytes></serviceAreaId.C1.BoxedType>
                           <locationAreaId.C2.BoxedType><Bytes>02f782b14a
                                 <field name="MMC" value="207,28" type="NumberMMC" length="3"/>
                                 <field name="LAC" value="45386" type="Integer" length="2"/>
                              </Bytes></locationAreaId.C2.BoxedType>
                           <inter_SystemHandOver.C3></inter_SystemHandOver.C3>
                           <inter_PLMNHandOver.C4></inter_PLMNHandOver.C4>
                           <inter_MSCHandOver.C5></inter_MSCHandOver.C5>
                           <changeOfLocationAlt.C6.Sequence>
                              
                           </changeOfLocationAlt.C6.Sequence>
                        </ChangeOfLocation.Choice>
                        <ChangeOfLocation.Choice>
                           <cellGlobalId.C0.BoxedType><Bytes>71029123eeb990
                                 <field name="MMC" value="172,190" type="NumberMMC" length="3"/>
                                 <field name="LAC" value="9198" type="Integer" length="2"/>
                                 <field name="CI_SAC" value="47504" type="Integer" length="2"/>
                              </Bytes></cellGlobalId.C0.BoxedType>
                           <serviceAreaId.C1.BoxedType><Bytes>22f424f47f0318
                                 <field name="MMC" value="224,42" type="NumberMMC" length="3"/>
                                 <field name="LAC" value="62591" type="Integer" length="2"/>
                                 <field name="CI_SAC" value="792" type="Integer" length="2"/>
                              </Bytes></serviceAreaId.C1.BoxedType>
                           <locationAreaId.C2.BoxedType><Bytes>22f856c2bc
                                 <field name="MMC" value="228,65" type="NumberMMC" length="3"/>
                                 <field name="LAC" value="49852" type="Integer" length="2"/>
                              </Bytes></locationAreaId.C2.BoxedType>
                           <inter_SystemHandOver.C3></inter_SystemHandOver.C3>
                           <inter_PLMNHandOver.C4></inter_PLMNHandOver.C4>
                           <inter_MSCHandOver.C5></inter_MSCHandOver.C5>
                           <changeOfLocationAlt.C6.Sequence>
                              
                           </changeOfLocationAlt.C6.Sequence>
                        </ChangeOfLocation.Choice>
                        <ChangeOfLocation.Choice>
                           <cellGlobalId.C0.BoxedType><Bytes>018701d4f82e73
                                 <field name="MMC" value="107,108" type="NumberMMC" length="3"/>
                                 <field name="LAC" value="54520" type="Integer" length="2"/>
                                 <field name="CI_SAC" value="11891" type="Integer" length="2"/>
                              </Bytes></cellGlobalId.C0.BoxedType>
                           <serviceAreaId.C1.BoxedType><Bytes>315142bd3edb0d
                                 <field name="MMC" value="131,245" type="NumberMMC" length="3"/>
                                 <field name="LAC" value="48446" type="Integer" length="2"/>
                                 <field name="CI_SAC" value="56077" type="Integer" length="2"/>
                              </Bytes></serviceAreaId.C1.BoxedType>
                           <locationAreaId.C2.BoxedType><Bytes>1185815b80
                                 <field name="MMC" value="115,188" type="NumberMMC" length="3"/>
                                 <field name="LAC" value="23424" type="Integer" length="2"/>
                              </Bytes></locationAreaId.C2.BoxedType>
                           <inter_SystemHandOver.C3></inter_SystemHandOver.C3>
                           <inter_PLMNHandOver.C4></inter_PLMNHandOver.C4>
                           <inter_MSCHandOver.C5></inter_MSCHandOver.C5>
                           <changeOfLocationAlt.C6.Sequence>
                              
                           </changeOfLocationAlt.C6.Sequence>
                        </ChangeOfLocation.Choice>
                     </Collection>
                  </changeOfPositionControlInfo.C0.BoxedType>
                  <numberOfDigits.C1.BoxedType><Integer>1</Integer></numberOfDigits.C1.BoxedType>
                  <interDigitTimeout.C2>1</interDigitTimeout.C2>
               </dpSpecificCriteriaAlt.C3.Sequence>
            </dpSpecificCriteria.C30.Choice>
            <automaticRearm.C50></automaticRearm.C50>
         </BCSMEvent.Sequence>
         <BCSMEvent.Sequence>
            <eventTypeBCSM.C0.Enum>
               <EnumType>oChangeOfPosition.50</EnumType>
            </eventTypeBCSM.C0.Enum>
            <monitorMode.C1.Enum>
               <EnumType>notifyAndContinue.1</EnumType>
            </monitorMode.C1.Enum>
            <legID.C2.Choice>
               <sendingSideID.C0.BoxedType><Bytes>a9
                     <field name="LegType" value="169" type="EnumLong" length="1"/>
                  </Bytes></sendingSideID.C0.BoxedType>
               <receivingSideID.C1.BoxedType><Bytes>4f
                     <field name="LegType" value="79" type="EnumLong" length="1"/>
                  </Bytes></receivingSideID.C1.BoxedType>
            </legID.C2.Choice>
            <dpSpecificCriteria.C30.Choice>
               <applicationTimer.C1.BoxedType><Integer>1</Integer></applicationTimer.C1.BoxedType>
               <midCallControlInfo.C2.Sequence>
                  <minimumNumberOfDigits.C0d>1</minimumNumberOfDigits.C0d>
                  <maximumNumberOfDigits.C1d>2</maximumNumberOfDigits.C1d>
                  <endOfReplyDigit.C2>cc1ff70b</endOfReplyDigit.C2>
                  <cancelDigit.C3>c38b444a1cdbe658</cancelDigit.C3>
                  <startDigit.C4>6070</startDigit.C4>
                  <interDigitTimeout.C6d>0</interDigitTimeout.C6d>
               </midCallControlInfo.C2.Sequence>
               <dpSpecificCriteriaAlt.C3.Sequence>
                  <changeOfPositionControlInfo.C0.BoxedType>
                     <Collection>
                        <ChangeOfLocation.Choice>
                           <cellGlobalId.C0.BoxedType><Bytes>61f01584497780
                                 <field name="MMC" value="160,51" type="NumberMMC" length="3"/>
                                 <field name="LAC" value="33865" type="Integer" length="2"/>
                                 <field name="CI_SAC" value="30592" type="Integer" length="2"/>
                              </Bytes></cellGlobalId.C0.BoxedType>
                           <serviceAreaId.C1.BoxedType><Bytes>51f888f8250477
                                 <field name="MMC" value="158,88" type="NumberMMC" length="3"/>
                                 <field name="LAC" value="63525" type="Integer" length="2"/>
                                 <field name="CI_SAC" value="1143" type="Integer" length="2"/>
                              </Bytes></serviceAreaId.C1.BoxedType>
                           <locationAreaId.C2.BoxedType><Bytes>31f111f104
                                 <field name="MMC" value="131,11" type="NumberMMC" length="3"/>
                                 <field name="LAC" value="61700" type="Integer" length="2"/>
                              </Bytes></locationAreaId.C2.BoxedType>
                           <inter_SystemHandOver.C3></inter_SystemHandOver.C3>
                           <inter_PLMNHandOver.C4></inter_PLMNHandOver.C4>
                           <inter_MSCHandOver.C5></inter_MSCHandOver.C5>
                           <changeOfLocationAlt.C6.Sequence>
                              
                           </changeOfLocationAlt.C6.Sequence>
                        </ChangeOfLocation.Choice>
                        <ChangeOfLocation.Choice>
                           <cellGlobalId.C0.BoxedType><Bytes>12f398291a6f4d
                                 <field name="MMC" value="213,89" type="NumberMMC" length="3"/>
                                 <field name="LAC" value="10522" type="Integer" length="2"/>
                                 <field name="CI_SAC" value="28493" type="Integer" length="2"/>
                              </Bytes></cellGlobalId.C0.BoxedType>
                           <serviceAreaId.C1.BoxedType><Bytes>0248114ab9bd89
                                 <field name="MMC" value="208,114" type="NumberMMC" length="3"/>
                                 <field name="LAC" value="19129" type="Integer" length="2"/>
                                 <field name="CI_SAC" value="48521" type="Integer" length="2"/>
                              </Bytes></serviceAreaId.C1.BoxedType>
                           <locationAreaId.C2.BoxedType><Bytes>51f94566a9
                                 <field name="MMC" value="159,54" type="NumberMMC" length="3"/>
                                 <field name="LAC" value="26281" type="Integer" length="2"/>
                              </Bytes></locationAreaId.C2.BoxedType>
                           <inter_SystemHandOver.C3></inter_SystemHandOver.C3>
                           <inter_PLMNHandOver.C4></inter_PLMNHandOver.C4>
                           <inter_MSCHandOver.C5></inter_MSCHandOver.C5>
                           <changeOfLocationAlt.C6.Sequence>
                              
                           </changeOfLocationAlt.C6.Sequence>
                        </ChangeOfLocation.Choice>
                        <ChangeOfLocation.Choice>
                           <cellGlobalId.C0.BoxedType><Bytes>01f9834dd79037
                                 <field name="MMC" value="109,38" type="NumberMMC" length="3"/>
                                 <field name="LAC" value="19927" type="Integer" length="2"/>
                                 <field name="CI_SAC" value="36919" type="Integer" length="2"/>
                              </Bytes></cellGlobalId.C0.BoxedType>
                           <serviceAreaId.C1.BoxedType><Bytes>524322cf330228
                                 <field name="MMC" value="253,224" type="NumberMMC" length="3"/>
                                 <field name="LAC" value="53043" type="Integer" length="2"/>
                                 <field name="CI_SAC" value="552" type="Integer" length="2"/>
                              </Bytes></serviceAreaId.C1.BoxedType>
                           <locationAreaId.C2.BoxedType><Bytes>02f4018f1b
                                 <field name="MMC" value="204,10" type="NumberMMC" length="3"/>
                                 <field name="LAC" value="36635" type="Integer" length="2"/>
                              </Bytes></locationAreaId.C2.BoxedType>
                           <inter_SystemHandOver.C3></inter_SystemHandOver.C3>
                           <inter_PLMNHandOver.C4></inter_PLMNHandOver.C4>
                           <inter_MSCHandOver.C5></inter_MSCHandOver.C5>
                           <changeOfLocationAlt.C6.Sequence>
                              
                           </changeOfLocationAlt.C6.Sequence>
                        </ChangeOfLocation.Choice>
                     </Collection>
                  </changeOfPositionControlInfo.C0.BoxedType>
                  <numberOfDigits.C1.BoxedType><Integer>1</Integer></numberOfDigits.C1.BoxedType>
                  <interDigitTimeout.C2>2</interDigitTimeout.C2>
               </dpSpecificCriteriaAlt.C3.Sequence>
            </dpSpecificCriteria.C30.Choice>
            <automaticRearm.C50></automaticRearm.C50>
         </BCSMEvent.Sequence>
      </Collection>
   </BCSMEventArray.BoxedType>
</ASN>