<?xml version="1.0" encoding="ISO-8859-15"?>

<ASN layer="CAP">
   <BCSMEvent.Sequence>
      <eventTypeBCSM.C0.Enum>
         <EnumType>tDisconnect.17</EnumType>
      </eventTypeBCSM.C0.Enum>
      <monitorMode.C1.Enum>
         <EnumType>interrupted.0</EnumType>
      </monitorMode.C1.Enum>
      <legID.C2.Choice>
         <sendingSideID.C0.BoxedType><Bytes>ba
               <field name="LegType" value="186" type="EnumLong" length="1"/>
            </Bytes></sendingSideID.C0.BoxedType>
         <receivingSideID.C1.BoxedType><Bytes>4e
               <field name="LegType" value="78" type="EnumLong" length="1"/>
            </Bytes></receivingSideID.C1.BoxedType>
      </legID.C2.Choice>
      <dpSpecificCriteria.C30.Choice>
         <applicationTimer.C1.BoxedType><Integer>0</Integer></applicationTimer.C1.BoxedType>
         <midCallControlInfo.C2.Sequence>
            <minimumNumberOfDigits.C0d>0</minimumNumberOfDigits.C0d>
            <maximumNumberOfDigits.C1d>1</maximumNumberOfDigits.C1d>
            <endOfReplyDigit.C2>6af33d5aaa</endOfReplyDigit.C2>
            <cancelDigit.C3>552df6</cancelDigit.C3>
            <startDigit.C4>4eb2</startDigit.C4>
            <interDigitTimeout.C6d>0</interDigitTimeout.C6d>
         </midCallControlInfo.C2.Sequence>
         <dpSpecificCriteriaAlt.C3.Sequence>
            <changeOfPositionControlInfo.C0.BoxedType>
               <Collection>
                  <ChangeOfLocation.Choice>
                     <cellGlobalId.C0.BoxedType><Bytes>71f492a47f9ad9
                           <field name="MMC" value="174,29" type="NumberMMC" length="3"/>
                           <field name="LAC" value="42111" type="Integer" length="2"/>
                           <field name="CI_SAC" value="39641" type="Integer" length="2"/>
                        </Bytes></cellGlobalId.C0.BoxedType>
                     <serviceAreaId.C1.BoxedType><Bytes>11f27541fff268
                           <field name="MMC" value="112,57" type="NumberMMC" length="3"/>
                           <field name="LAC" value="16895" type="Integer" length="2"/>
                           <field name="CI_SAC" value="62056" type="Integer" length="2"/>
                        </Bytes></serviceAreaId.C1.BoxedType>
                     <locationAreaId.C2.BoxedType><Bytes>914002984a
                           <field name="MMC" value="190,204" type="NumberMMC" length="3"/>
                           <field name="LAC" value="38986" type="Integer" length="2"/>
                        </Bytes></locationAreaId.C2.BoxedType>
                     <inter_SystemHandOver.C3></inter_SystemHandOver.C3>
                     <inter_PLMNHandOver.C4></inter_PLMNHandOver.C4>
                     <inter_MSCHandOver.C5></inter_MSCHandOver.C5>
                     <changeOfLocationAlt.C6.Sequence>
                        
                     </changeOfLocationAlt.C6.Sequence>
                  </ChangeOfLocation.Choice>
                  <ChangeOfLocation.Choice>
                     <cellGlobalId.C0.BoxedType><Bytes>019691a0b26a7c
                           <field name="MMC" value="106,199" type="NumberMMC" length="3"/>
                           <field name="LAC" value="41138" type="Integer" length="2"/>
                           <field name="CI_SAC" value="27260" type="Integer" length="2"/>
                        </Bytes></cellGlobalId.C0.BoxedType>
                     <serviceAreaId.C1.BoxedType><Bytes>2261811275be4d
                           <field name="MMC" value="221,186" type="NumberMMC" length="3"/>
                           <field name="LAC" value="4725" type="Integer" length="2"/>
                           <field name="CI_SAC" value="48717" type="Integer" length="2"/>
                        </Bytes></serviceAreaId.C1.BoxedType>
                     <locationAreaId.C2.BoxedType><Bytes>12f77424b5
                           <field name="MMC" value="217,47" type="NumberMMC" length="3"/>
                           <field name="LAC" value="9397" type="Integer" length="2"/>
                        </Bytes></locationAreaId.C2.BoxedType>
                     <inter_SystemHandOver.C3></inter_SystemHandOver.C3>
                     <inter_PLMNHandOver.C4></inter_PLMNHandOver.C4>
                     <inter_MSCHandOver.C5></inter_MSCHandOver.C5>
                     <changeOfLocationAlt.C6.Sequence>
                        
                     </changeOfLocationAlt.C6.Sequence>
                  </ChangeOfLocation.Choice>
                  <ChangeOfLocation.Choice>
                     <cellGlobalId.C0.BoxedType><Bytes>41f131546825a4
                           <field name="MMC" value="141,13" type="NumberMMC" length="3"/>
                           <field name="LAC" value="21608" type="Integer" length="2"/>
                           <field name="CI_SAC" value="9636" type="Integer" length="2"/>
                        </Bytes></cellGlobalId.C0.BoxedType>
                     <serviceAreaId.C1.BoxedType><Bytes>71f474c74a6a47
                           <field name="MMC" value="174,47" type="NumberMMC" length="3"/>
                           <field name="LAC" value="51018" type="Integer" length="2"/>
                           <field name="CI_SAC" value="27207" type="Integer" length="2"/>
                        </Bytes></serviceAreaId.C1.BoxedType>
                     <locationAreaId.C2.BoxedType><Bytes>1229324da8
                           <field name="MMC" value="219,232" type="NumberMMC" length="3"/>
                           <field name="LAC" value="19880" type="Integer" length="2"/>
                        </Bytes></locationAreaId.C2.BoxedType>
                     <inter_SystemHandOver.C3></inter_SystemHandOver.C3>
                     <inter_PLMNHandOver.C4></inter_PLMNHandOver.C4>
                     <inter_MSCHandOver.C5></inter_MSCHandOver.C5>
                     <changeOfLocationAlt.C6.Sequence>
                        
                     </changeOfLocationAlt.C6.Sequence>
                  </ChangeOfLocation.Choice>
               </Collection>
            </changeOfPositionControlInfo.C0.BoxedType>
            <numberOfDigits.C1.BoxedType><Integer>2</Integer></numberOfDigits.C1.BoxedType>
            <interDigitTimeout.C2>0</interDigitTimeout.C2>
         </dpSpecificCriteriaAlt.C3.Sequence>
      </dpSpecificCriteria.C30.Choice>
      <automaticRearm.C50></automaticRearm.C50>
   </BCSMEvent.Sequence>
</ASN>