<?xml version="1.0" encoding="ISO-8859-15"?>

<ASN layer="CAP">
   <BearerServNotProvParam.Sequence><extensionContainer.Sequence>
         <privateExtensionList.C0.BoxedType>
            <Collection>
               <PrivateExtension.Sequence>
                  <extId><ObjectIdentifier>0.1.2123.110.100.32.73.68.20</ObjectIdentifier></extId>
                  <extType>cd66196cb2b2fba148</extType>
               </PrivateExtension.Sequence>
               <PrivateExtension.Sequence>
                  <extId><ObjectIdentifier>0.1.252.102.111.0.7.62</ObjectIdentifier></extId>
                  <extType>019cdbef946791328d</extType>
               </PrivateExtension.Sequence>
               <PrivateExtension.Sequence>
                  <extId><ObjectIdentifier>0.1.287.48.110.2.78.28</ObjectIdentifier></extId>
                  <extType>4447c6d07358dd99</extType>
               </PrivateExtension.Sequence>
            </Collection>
         </privateExtensionList.C0.BoxedType>
         <pcs_Extensions.C1.Sequence>
            
         </pcs_Extensions.C1.Sequence>
      </extensionContainer.Sequence></BearerServNotProvParam.Sequence>
</ASN>