<?xml version="1.0" encoding="ISO-8859-15"?>

<ASN layer="CAP">
   <CallGapArg.Sequence>
      <gapCriteria.C0.Choice>
         <compoundGapCriteria.Sequence>
            <basicGapCriteria.C0.Choice>
               <gapOnService.C2.Sequence><serviceKey.C0.BoxedType><Integer>2</Integer></serviceKey.C0.BoxedType></gapOnService.C2.Sequence>
            </basicGapCriteria.C0.Choice>
            <scfID.C1.BoxedType><Bytes>133a5053</Bytes></scfID.C1.BoxedType>
         </compoundGapCriteria.Sequence>
      </gapCriteria.C0.Choice>
      <gapIndicators.C1.Sequence>
         <duration.C0.BoxedType><Integer>1</Integer></duration.C0.BoxedType>
         <gapInterval.C1.BoxedType><Integer>1</Integer></gapInterval.C1.BoxedType>
      </gapIndicators.C1.Sequence>
      <controlType.C2.Enum>
         <EnumType>manuallyInitiated.1</EnumType>
      </controlType.C2.Enum>
      <gapTreatment.C3.Choice>
         <releaseCause.C1.BoxedType><Bytes>ffc7e9
               <field name="ext1" value="last octet:1" type="EnumLong" lengthBit="1"/>
               <field name="Coding standard" value="Standard specific to identified location (see Note):3" type="EnumLong" lengthBit="2"/>
               <field name="Spare" value="1" type="Integer" lengthBit="1"/>
               <field name="Location" value="reserved for national use:15" type="EnumLong" lengthBit="4"/>
               <field name="ext3" value="last octet:1" type="EnumLong" lengthBit="1"/>
               <field name="Cause value" value="71" type="EnumLong" lengthBit="7"/>
               <field name="Diagnostics" value="e9" type="Binary" length="1"/>
            </Bytes></releaseCause.C1.BoxedType>
      </gapTreatment.C3.Choice>
      <extensions.C4.BoxedType>
         <Collection>
            <ExtensionField.Sequence>
               <type.Choice>
                  <global><ObjectIdentifier>0.1.285.34.76</ObjectIdentifier></global>
               </type.Choice>
               <criticality.nulld.Enum>
                  <EnumType>ignore.0</EnumType>
               </criticality.nulld.Enum>
               <NullObject.C1></NullObject.C1>
            </ExtensionField.Sequence>
            <ExtensionField.Sequence>
               <type.Choice>
                  <global><ObjectIdentifier>0.1.2</ObjectIdentifier></global>
               </type.Choice>
               <criticality.nulld.Enum>
                  <EnumType>ignore.0</EnumType>
               </criticality.nulld.Enum>
               <NullObject.C1></NullObject.C1>
            </ExtensionField.Sequence>
            <ExtensionField.Sequence>
               <type.Choice>
                  <global><ObjectIdentifier>0.1.2</ObjectIdentifier></global>
               </type.Choice>
               <criticality.nulld.Enum>
                  <EnumType>abort.1</EnumType>
               </criticality.nulld.Enum>
               <NullObject.C1></NullObject.C1>
            </ExtensionField.Sequence>
         </Collection>
      </extensions.C4.BoxedType>
   </CallGapArg.Sequence>
</ASN>