<?xml version="1.0" encoding="ISO-8859-15"?>

<ASN layer="CAP">
   <CallDeflectionArg.Sequence>
      <deflectedToNumber.C0.BoxedType><Bytes>a81144769305
            <field name="extension" value="no extension:1" type="EnumLong" lengthBit="1"/>
            <field name="nature of address" value="national significant number:2" type="EnumLong" lengthBit="3"/>
            <field name="numbering plan" value="national numbering plan:8" type="EnumLong" lengthBit="4"/>
            <field name="digits" value="1144673950" type="Number_BCD" length="10"/>
         </Bytes></deflectedToNumber.C0.BoxedType>
      <deflectedToSubaddress.C1.BoxedType><Bytes>b71c61604ba9</Bytes></deflectedToSubaddress.C1.BoxedType>
   </CallDeflectionArg.Sequence>
</ASN>