<?xml version="1.0" encoding="ISO-8859-15"?>

<ASN layer="CAP">
   <CallBarredParam.Choice>
      <callBarringCause.Enum>
         <EnumType>barringServiceActive.0</EnumType>
      </callBarringCause.Enum>
      <extensibleCallBarredParam.Sequence>
         <callBarringCause.Enum>
            <EnumType>operatorBarring.1</EnumType>
         </callBarringCause.Enum>
         <extensionContainer.Sequence>
            <privateExtensionList.C0.BoxedType>
               <Collection>
                  <PrivateExtension.Sequence>
                     <extId><ObjectIdentifier>0.1.292.99.22</ObjectIdentifier></extId>
                     <extType>62721f</extType>
                  </PrivateExtension.Sequence>
                  <PrivateExtension.Sequence>
                     <extId><ObjectIdentifier>0.1.2109.113</ObjectIdentifier></extId>
                     <extType>5326a5</extType>
                  </PrivateExtension.Sequence>
                  <PrivateExtension.Sequence>
                     <extId><ObjectIdentifier>0.1.2104.81.96.25.36.85.91.102.102.0</ObjectIdentifier></extId>
                     <extType>2943fd</extType>
                  </PrivateExtension.Sequence>
               </Collection>
            </privateExtensionList.C0.BoxedType>
            <pcs_Extensions.C1.Sequence>
               
            </pcs_Extensions.C1.Sequence>
         </extensionContainer.Sequence>
         <unauthorisedMessageOriginator.C1></unauthorisedMessageOriginator.C1>
         <anonymousCallRejection.C2></anonymousCallRejection.C2>
      </extensibleCallBarredParam.Sequence>
   </CallBarredParam.Choice>
</ASN>