<?xml version="1.0" encoding="ISO-8859-15"?>

<ASN layer="CAP">
   <CallInformationReportArg.Sequence>
      <requestedInformationList.C0.BoxedType>
         <Collection>
            <RequestedInformation.Sequence>
               <requestedInformationType.C0.Enum>
                  <EnumType>callConnectedElapsedTime.2</EnumType>
               </requestedInformationType.C0.Enum>
               <requestedInformationValue.C1.Choice>
                  <callAttemptElapsedTimeValue.C0>2</callAttemptElapsedTimeValue.C0>
                  <callStopTimeValue.C1.BoxedType><Bytes>b4eb7a5ede</Bytes></callStopTimeValue.C1.BoxedType>
                  <callConnectedElapsedTimeValue.C2.BoxedType><Integer>2</Integer></callConnectedElapsedTimeValue.C2.BoxedType>
                  <releaseCauseValue.C30.BoxedType><Bytes>e245c1
                        <field name="ext1" value="last octet:1" type="EnumLong" lengthBit="1"/>
                        <field name="Coding standard" value="Standard specific to identified location (see Note):3" type="EnumLong" lengthBit="2"/>
                        <field name="Spare" value="0" type="Integer" lengthBit="1"/>
                        <field name="Location" value="public network serving the local user (LN):2" type="EnumLong" lengthBit="4"/>
                        <field name="ext3" value="continue:0" type="EnumLong" lengthBit="1"/>
                        <field name="Cause value" value="Class 100 service or option not implemented : Requested facility not implemented:69" type="EnumLong" lengthBit="7"/>
                        <field name="Diagnostics" value="c1" type="Binary" length="1"/>
                     </Bytes></releaseCauseValue.C30.BoxedType>
               </requestedInformationValue.C1.Choice>
            </RequestedInformation.Sequence>
            <RequestedInformation.Sequence>
               <requestedInformationType.C0.Enum>
                  <EnumType>callConnectedElapsedTime.2</EnumType>
               </requestedInformationType.C0.Enum>
               <requestedInformationValue.C1.Choice>
                  <callAttemptElapsedTimeValue.C0>1</callAttemptElapsedTimeValue.C0>
                  <callStopTimeValue.C1.BoxedType><Bytes>e83747ede6131bae86</Bytes></callStopTimeValue.C1.BoxedType>
                  <callConnectedElapsedTimeValue.C2.BoxedType><Integer>2</Integer></callConnectedElapsedTimeValue.C2.BoxedType>
                  <releaseCauseValue.C30.BoxedType><Bytes>a72d4f
                        <field name="ext1" value="last octet:1" type="EnumLong" lengthBit="1"/>
                        <field name="Coding standard" value="ISO/IEC Standard (see Note):1" type="EnumLong" lengthBit="2"/>
                        <field name="Spare" value="0" type="Integer" lengthBit="1"/>
                        <field name="Location" value="international network (INTL):7" type="EnumLong" lengthBit="4"/>
                        <field name="ext3" value="continue:0" type="EnumLong" lengthBit="1"/>
                        <field name="Cause value" value="45" type="EnumLong" lengthBit="7"/>
                        <field name="Diagnostics" value="4f" type="Binary" length="1"/>
                     </Bytes></releaseCauseValue.C30.BoxedType>
               </requestedInformationValue.C1.Choice>
            </RequestedInformation.Sequence>
            <RequestedInformation.Sequence>
               <requestedInformationType.C0.Enum>
                  <EnumType>callConnectedElapsedTime.2</EnumType>
               </requestedInformationType.C0.Enum>
               <requestedInformationValue.C1.Choice>
                  <callAttemptElapsedTimeValue.C0>1</callAttemptElapsedTimeValue.C0>
                  <callStopTimeValue.C1.BoxedType><Bytes>7b5ac45b8be2</Bytes></callStopTimeValue.C1.BoxedType>
                  <callConnectedElapsedTimeValue.C2.BoxedType><Integer>1</Integer></callConnectedElapsedTimeValue.C2.BoxedType>
                  <releaseCauseValue.C30.BoxedType><Bytes>e513c6
                        <field name="ext1" value="last octet:1" type="EnumLong" lengthBit="1"/>
                        <field name="Coding standard" value="Standard specific to identified location (see Note):3" type="EnumLong" lengthBit="2"/>
                        <field name="Spare" value="0" type="Integer" lengthBit="1"/>
                        <field name="Location" value="private network serving the remote user (RPN):5" type="EnumLong" lengthBit="4"/>
                        <field name="ext3" value="continue:0" type="EnumLong" lengthBit="1"/>
                        <field name="Cause value" value="Class 001 normal event : No answer from user (user alerted):19" type="EnumLong" lengthBit="7"/>
                        <field name="Diagnostics" value="c6" type="Binary" length="1"/>
                     </Bytes></releaseCauseValue.C30.BoxedType>
               </requestedInformationValue.C1.Choice>
            </RequestedInformation.Sequence>
         </Collection>
      </requestedInformationList.C0.BoxedType>
      <extensions.C2.BoxedType>
         <Collection>
            <ExtensionField.Sequence>
               <type.Choice>
                  <local>3184801884</local>
                  <global><ObjectIdentifier>0.1.280.2.90</ObjectIdentifier></global>
               </type.Choice>
               <criticality.nulld.Enum>
                  <EnumType>ignore.0</EnumType>
               </criticality.nulld.Enum>
               <NullObject.C1></NullObject.C1>
            </ExtensionField.Sequence>
            <ExtensionField.Sequence>
               <type.Choice>
                  <local>2409768961</local>
                  <global><ObjectIdentifier>0.1.280.5.96.113.56.16.122.88</ObjectIdentifier></global>
               </type.Choice>
               <criticality.nulld.Enum>
                  <EnumType>ignore.0</EnumType>
               </criticality.nulld.Enum>
               <NullObject.C1></NullObject.C1>
            </ExtensionField.Sequence>
            <ExtensionField.Sequence>
               <type.Choice>
                  <local>763277062</local>
                  <global><ObjectIdentifier>0.1.265.34.37.126.57.104</ObjectIdentifier></global>
               </type.Choice>
               <criticality.nulld.Enum>
                  <EnumType>abort.1</EnumType>
               </criticality.nulld.Enum>
               <NullObject.C1></NullObject.C1>
            </ExtensionField.Sequence>
         </Collection>
      </extensions.C2.BoxedType>
      <legID.C3d.Choice><receivingSideID.C1.BoxedType><Bytes>02
               <field name="LegType" value="leg2 LegType:2" type="EnumLong" length="1"/>
            </Bytes></receivingSideID.C1.BoxedType></legID.C3d.Choice>
   </CallInformationReportArg.Sequence>
</ASN>