<?xml version="1.0" encoding="ISO-8859-15"?>

<ASN layer="CAP">
   <CallInformationRequestArg.Sequence>
      <requestedInformationTypeList.C0.BoxedType>
         <Collection>
            <RequestedInformationType.Enum>
               <EnumType>callConnectedElapsedTime.2</EnumType>
            </RequestedInformationType.Enum>
            <RequestedInformationType.Enum>
               <EnumType>callAttemptElapsedTime.0</EnumType>
            </RequestedInformationType.Enum>
            <RequestedInformationType.Enum>
               <EnumType>callStopTime.1</EnumType>
            </RequestedInformationType.Enum>
         </Collection>
      </requestedInformationTypeList.C0.BoxedType>
      <extensions.C2.BoxedType>
         <Collection>
            <ExtensionField.Sequence>
               <type.Choice>
                  <local>4024032239</local>
                  <global><ObjectIdentifier>0.1.270</ObjectIdentifier></global>
               </type.Choice>
               <criticality.nulld.Enum>
                  <EnumType>abort.1</EnumType>
               </criticality.nulld.Enum>
               <NullObject.C1></NullObject.C1>
            </ExtensionField.Sequence>
            <ExtensionField.Sequence>
               <type.Choice>
                  <local>2930360188</local>
                  <global><ObjectIdentifier>0.1.236.8.53.23.77.111.32</ObjectIdentifier></global>
               </type.Choice>
               <criticality.nulld.Enum>
                  <EnumType>abort.1</EnumType>
               </criticality.nulld.Enum>
               <NullObject.C1></NullObject.C1>
            </ExtensionField.Sequence>
            <ExtensionField.Sequence>
               <type.Choice>
                  <local>3303116791</local>
                  <global><ObjectIdentifier>0.1.241.102.62.36.10.121.128</ObjectIdentifier></global>
               </type.Choice>
               <criticality.nulld.Enum>
                  <EnumType>ignore.0</EnumType>
               </criticality.nulld.Enum>
               <NullObject.C1></NullObject.C1>
            </ExtensionField.Sequence>
         </Collection>
      </extensions.C2.BoxedType>
      <legID.C3d.Choice><sendingSideID.C0.BoxedType><Bytes>23
               <field name="LegType" value="35" type="EnumLong" length="1"/>
            </Bytes></sendingSideID.C0.BoxedType></legID.C3d.Choice>
   </CallInformationRequestArg.Sequence>
</ASN>