<?xml version="1.0" encoding="ISO-8859-15"?>

<ASN layer="CAP">
   <CallGapArg.Sequence>
      <gapCriteria.C0.Choice>
         <basicGapCriteria.Choice>
            <calledAddressValue.C0.BoxedType><Bytes>e745727567d4c576</Bytes></calledAddressValue.C0.BoxedType>
            <gapOnService.C2.Sequence><serviceKey.C0.BoxedType><Integer>2</Integer></serviceKey.C0.BoxedType></gapOnService.C2.Sequence>
            <calledAddressAndService.C29.Sequence>
               <calledAddressValue.C0.BoxedType><Bytes>31d88f</Bytes></calledAddressValue.C0.BoxedType>
               <serviceKey.C1.BoxedType><Integer>1</Integer></serviceKey.C1.BoxedType>
            </calledAddressAndService.C29.Sequence>
            <callingAddressAndService.C30.Sequence>
               <callingAddressValue.C0.BoxedType><Bytes>45a21bd350af12</Bytes></callingAddressValue.C0.BoxedType>
               <serviceKey.C1.BoxedType><Integer>1</Integer></serviceKey.C1.BoxedType>
            </callingAddressAndService.C30.Sequence>
         </basicGapCriteria.Choice>
         <compoundGapCriteria.Sequence>
            <basicGapCriteria.C0.Choice>
               <calledAddressValue.C0.BoxedType><Bytes>342610cdbdcf6c03a98c</Bytes></calledAddressValue.C0.BoxedType>
               <gapOnService.C2.Sequence><serviceKey.C0.BoxedType><Integer>1</Integer></serviceKey.C0.BoxedType></gapOnService.C2.Sequence>
               <calledAddressAndService.C29.Sequence>
                  <calledAddressValue.C0.BoxedType><Bytes>dc16da9c78</Bytes></calledAddressValue.C0.BoxedType>
                  <serviceKey.C1.BoxedType><Integer>2</Integer></serviceKey.C1.BoxedType>
               </calledAddressAndService.C29.Sequence>
               <callingAddressAndService.C30.Sequence>
                  <callingAddressValue.C0.BoxedType><Bytes>0a3ec39afbf7</Bytes></callingAddressValue.C0.BoxedType>
                  <serviceKey.C1.BoxedType><Integer>2</Integer></serviceKey.C1.BoxedType>
               </callingAddressAndService.C30.Sequence>
            </basicGapCriteria.C0.Choice>
            <scfID.C1.BoxedType><Bytes>7d2f4025f108775a91e3</Bytes></scfID.C1.BoxedType>
         </compoundGapCriteria.Sequence>
      </gapCriteria.C0.Choice>
      <gapIndicators.C1.Sequence>
         <duration.C0.BoxedType><Integer>1</Integer></duration.C0.BoxedType>
         <gapInterval.C1.BoxedType><Integer>2</Integer></gapInterval.C1.BoxedType>
      </gapIndicators.C1.Sequence>
      <controlType.C2.Enum>
         <EnumType>manuallyInitiated.1</EnumType>
      </controlType.C2.Enum>
      <gapTreatment.C3.Choice>
         <informationToSend.C0.Choice>
            <inbandInfo.C0.Sequence>
               <messageID.C0.Choice>
                  <elementaryMessageID.C0.BoxedType><Integer>2</Integer></elementaryMessageID.C0.BoxedType>
                  <text.C1.Sequence>
                     <messageContent.C0>XA</messageContent.C0>
                     <attributes.C1>49c036e9b47b75532b42</attributes.C1>
                  </text.C1.Sequence>
                  <Collection>
                     <elementaryMessageIDs.C29.BoxedType><Integer>1</Integer></elementaryMessageIDs.C29.BoxedType>
                     <elementaryMessageIDs.C29.BoxedType><Integer>2</Integer></elementaryMessageIDs.C29.BoxedType>
                     <elementaryMessageIDs.C29.BoxedType><Integer>1</Integer></elementaryMessageIDs.C29.BoxedType>
                  </Collection>
               
                  <variableMessage.C30.Sequence>
                     <elementaryMessageID.C0.BoxedType><Integer>1</Integer></elementaryMessageID.C0.BoxedType>
                     <Collection>
                        <variableParts.C1.Choice>
                           <integer.C0.BoxedType><Integer>2</Integer></integer.C0.BoxedType>
                           <number.C1.BoxedType><Bytes>3773</Bytes></number.C1.BoxedType>
                           <time.C2>1939f2daa3ed</time.C2>
                           <date.C3>f43657b16c1adc</date.C3>
                           <price.C4>b3d0853563ec</price.C4>
                        </variableParts.C1.Choice>
                        <variableParts.C1.Choice>
                           <integer.C0.BoxedType><Integer>1</Integer></integer.C0.BoxedType>
                           <number.C1.BoxedType><Bytes>330e93dd70f19249ab</Bytes></number.C1.BoxedType>
                           <time.C2>17399380a2d3c576</time.C2>
                           <date.C3>6e651e2bff</date.C3>
                           <price.C4>ccc45732be91be64b7</price.C4>
                        </variableParts.C1.Choice>
                        <variableParts.C1.Choice>
                           <integer.C0.BoxedType><Integer>0</Integer></integer.C0.BoxedType>
                           <number.C1.BoxedType><Bytes>b47fa686612b2d8697</Bytes></number.C1.BoxedType>
                           <time.C2>45a1ac4840766e08</time.C2>
                           <date.C3>b840fcf0</date.C3>
                           <price.C4>f99504c906</price.C4>
                        </variableParts.C1.Choice>
                     </Collection>
                  
                  </variableMessage.C30.Sequence>
               </messageID.C0.Choice>
               <numberOfRepetitions.C1>0</numberOfRepetitions.C1>
               <duration.C2>2</duration.C2>
               <interval.C3>2</interval.C3>
            </inbandInfo.C0.Sequence>
            <tone.C1.Sequence>
               <toneID.C0.BoxedType><Integer>0</Integer></toneID.C0.BoxedType>
               <duration.C1.BoxedType><Integer>1</Integer></duration.C1.BoxedType>
            </tone.C1.Sequence>
         </informationToSend.C0.Choice>
         <releaseCause.C1.BoxedType><Bytes>14c159
               <field name="ext1" value="continue:0" type="EnumLong" lengthBit="1"/>
               <field name="Coding standard" value="ITU-T standardized coding, as described below:0" type="EnumLong" lengthBit="2"/>
               <field name="Spare" value="1" type="Integer" lengthBit="1"/>
               <field name="Location" value="public network serving the remote user (RLN):4" type="EnumLong" lengthBit="4"/>
               <field name="ext3" value="last octet:1" type="EnumLong" lengthBit="1"/>
               <field name="Cause value" value="Class 100 service or option not implemented : Bearer capability not implemented:65" type="EnumLong" lengthBit="7"/>
               <field name="Diagnostics" value="59" type="Binary" length="1"/>
            </Bytes></releaseCause.C1.BoxedType>
      </gapTreatment.C3.Choice>
      <extensions.C4.BoxedType>
         <Collection>
            <ExtensionField.Sequence>
               <type.Choice>
                  <local>1753221424</local>
                  <global><ObjectIdentifier>0.1.2</ObjectIdentifier></global>
               </type.Choice>
               <criticality.nulld.Enum>
                  <EnumType>ignore.0</EnumType>
               </criticality.nulld.Enum>
               <NullObject.C1></NullObject.C1>
            </ExtensionField.Sequence>
            <ExtensionField.Sequence>
               <type.Choice>
                  <local>3581425958</local>
                  <global><ObjectIdentifier>0.1.227.12.93.98.116.59.115</ObjectIdentifier></global>
               </type.Choice>
               <criticality.nulld.Enum>
                  <EnumType>ignore.0</EnumType>
               </criticality.nulld.Enum>
               <NullObject.C1></NullObject.C1>
            </ExtensionField.Sequence>
            <ExtensionField.Sequence>
               <type.Choice>
                  <local>3940533181</local>
                  <global><ObjectIdentifier>0.1.2104.47.11.13.25.40.122.11</ObjectIdentifier></global>
               </type.Choice>
               <criticality.nulld.Enum>
                  <EnumType>abort.1</EnumType>
               </criticality.nulld.Enum>
               <NullObject.C1></NullObject.C1>
            </ExtensionField.Sequence>
         </Collection>
      </extensions.C4.BoxedType>
   </CallGapArg.Sequence>
</ASN>