<?xml version="1.0" encoding="ISO-8859-15"?>

<ASN layer="CAP">
   <CAMEL_AChBillingChargingCharacteristicsV2.Choice><timeDurationCharging.C0.Sequence>
         <maxCallPeriodDuration.C0>2</maxCallPeriodDuration.C0>
         <releaseIfdurationExceeded.C1.Sequence>
            <tone.nulld>false:0</tone.nulld>
            <Collection>
               <extensions.C10.Sequence>
                  <type.Choice>
                     <local>3479301091</local>
                     <global><ObjectIdentifier>0.1.2122.6.57.74.3.36</ObjectIdentifier></global>
                  </type.Choice>
                  <criticality.nulld.Enum>
                     <EnumType>abort.1</EnumType>
                  </criticality.nulld.Enum>
                  <NullObject.C1></NullObject.C1>
               </extensions.C10.Sequence>
               <extensions.C10.Sequence>
                  <type.Choice>
                     <local>327585989</local>
                     <global><ObjectIdentifier>0.1.240.61.13.2</ObjectIdentifier></global>
                  </type.Choice>
                  <criticality.nulld.Enum>
                     <EnumType>ignore.0</EnumType>
                  </criticality.nulld.Enum>
                  <NullObject.C1></NullObject.C1>
               </extensions.C10.Sequence>
               <extensions.C10.Sequence>
                  <type.Choice>
                     <local>3834350469</local>
                     <global><ObjectIdentifier>0.1.270.110.27.74.128.37.16.55.27.13</ObjectIdentifier></global>
                  </type.Choice>
                  <criticality.nulld.Enum>
                     <EnumType>ignore.0</EnumType>
                  </criticality.nulld.Enum>
                  <NullObject.C1></NullObject.C1>
               </extensions.C10.Sequence>
            </Collection>
         
         </releaseIfdurationExceeded.C1.Sequence>
         <tariffSwitchInterval.C2>1</tariffSwitchInterval.C2>
      </timeDurationCharging.C0.Sequence></CAMEL_AChBillingChargingCharacteristicsV2.Choice>
</ASN>