<?xml version="1.0" encoding="ISO-8859-15"?>

<ASN layer="CAP">
   <CAMEL_AChBillingChargingCharacteristics.Choice><timeDurationCharging.C0.Sequence>
         <maxCallPeriodDuration.C0>0</maxCallPeriodDuration.C0>
         <releaseIfdurationExceeded.C1d>false:0</releaseIfdurationExceeded.C1d>
         <tariffSwitchInterval.C2>1</tariffSwitchInterval.C2>
         <audibleIndicator.C3d.Choice>
            <tone>false:0</tone>
            <burstList.C1.Sequence>
               <warningPeriod.C0d>1</warningPeriod.C0d>
               <bursts.C1.Sequence>
                  <numberOfBursts.C0d>2</numberOfBursts.C0d>
                  <burstInterval.C1d>0</burstInterval.C1d>
                  <numberOfTonesInBurst.C2d>1</numberOfTonesInBurst.C2d>
                  <toneDuration.C3d>1</toneDuration.C3d>
                  <toneInterval.C4d>0</toneInterval.C4d>
               </bursts.C1.Sequence>
            </burstList.C1.Sequence>
         </audibleIndicator.C3d.Choice>
         <extensions.C4.BoxedType>
            <Collection>
               <ExtensionField.Sequence>
                  <type.Choice>
                     <local>1726850675</local>
                     <global><ObjectIdentifier>0.1.250.79.118.33.58.108</ObjectIdentifier></global>
                  </type.Choice>
                  <criticality.nulld.Enum>
                     <EnumType>abort.1</EnumType>
                  </criticality.nulld.Enum>
                  <NullObject.C1></NullObject.C1>
               </ExtensionField.Sequence>
               <ExtensionField.Sequence>
                  <type.Choice>
                     <local>3358730632</local>
                     <global><ObjectIdentifier>0.1.240.7.63.12.70.98.70.67.55.6</ObjectIdentifier></global>
                  </type.Choice>
                  <criticality.nulld.Enum>
                     <EnumType>abort.1</EnumType>
                  </criticality.nulld.Enum>
                  <NullObject.C1></NullObject.C1>
               </ExtensionField.Sequence>
               <ExtensionField.Sequence>
                  <type.Choice>
                     <local>2548830225</local>
                     <global><ObjectIdentifier>0.1.2104.54.47.82.7.72.31.124</ObjectIdentifier></global>
                  </type.Choice>
                  <criticality.nulld.Enum>
                     <EnumType>abort.1</EnumType>
                  </criticality.nulld.Enum>
                  <NullObject.C1></NullObject.C1>
               </ExtensionField.Sequence>
            </Collection>
         </extensions.C4.BoxedType>
      </timeDurationCharging.C0.Sequence></CAMEL_AChBillingChargingCharacteristics.Choice>
</ASN>