<?xml version="1.0" encoding="ISO-8859-15"?>

<ASN layer="CAP">
   <CAMEL_SCIBillingChargingCharacteristics.Choice>
      <aOCBeforeAnswer.C0.Sequence>
         <aOCInitial.C0.Sequence>
            <e1.C0>1</e1.C0>
            <e2.C1>2</e2.C1>
            <e3.C2>0</e3.C2>
            <e4.C3>0</e4.C3>
            <e5.C4>1</e5.C4>
            <e6.C5>0</e6.C5>
            <e7.C6>0</e7.C6>
         </aOCInitial.C0.Sequence>
         <aOCSubsequent.C1.Sequence>
            <cAI_GSM0224.C0.Sequence>
               <e1.C0>2</e1.C0>
               <e2.C1>1</e2.C1>
               <e3.C2>1</e3.C2>
               <e4.C3>0</e4.C3>
               <e5.C4>2</e5.C4>
               <e6.C5>2</e6.C5>
               <e7.C6>0</e7.C6>
            </cAI_GSM0224.C0.Sequence>
            <tariffSwitchInterval.C1>2</tariffSwitchInterval.C1>
         </aOCSubsequent.C1.Sequence>
      </aOCBeforeAnswer.C0.Sequence>
      <aOCAfterAnswer.C1.Sequence>
         <cAI_GSM0224.C0.Sequence>
            <e1.C0>2</e1.C0>
            <e2.C1>1</e2.C1>
            <e3.C2>2</e3.C2>
            <e4.C3>2</e4.C3>
            <e5.C4>0</e5.C4>
            <e6.C5>2</e6.C5>
            <e7.C6>2</e7.C6>
         </cAI_GSM0224.C0.Sequence>
         <tariffSwitchInterval.C1>2</tariffSwitchInterval.C1>
      </aOCAfterAnswer.C1.Sequence>
      <aOC_extension.C2.Sequence>
         
      </aOC_extension.C2.Sequence>
   </CAMEL_SCIBillingChargingCharacteristics.Choice>
</ASN>