<?xml version="1.0" encoding="ISO-8859-15"?>

<ASN layer="CAP">
   <CAMEL_FCIBillingChargingCharacteristics.Choice><fCIBCCCAMELsequence1.C0.Sequence>
         <freeFormatData.C0>673dff8fe2c1a4f6</freeFormatData.C0>
         <partyToCharge.C1d.Choice><sendingSideID.C0.BoxedType><Bytes>02
                  <field name="LegType" value="leg2 LegType:2" type="EnumLong" length="1"/>
               </Bytes></sendingSideID.C0.BoxedType></partyToCharge.C1d.Choice>
         <appendFreeFormatData.C2d.Enum>
            <EnumType>overwrite.0</EnumType>
         </appendFreeFormatData.C2d.Enum>
      </fCIBCCCAMELsequence1.C0.Sequence></CAMEL_FCIBillingChargingCharacteristics.Choice>
</ASN>