<?xml version="1.0" encoding="ISO-8859-15"?>

<ASN layer="CAP">
   <CancelVcsgLocationRes.Sequence><extensionContainer.Sequence>
         <privateExtensionList.C0.BoxedType>
            <Collection>
               <PrivateExtension.Sequence>
                  <extId><ObjectIdentifier>0.1.2104.114.77.0.82.45.116.83.48.34</ObjectIdentifier></extId>
                  <extType>8ffeec</extType>
               </PrivateExtension.Sequence>
               <PrivateExtension.Sequence>
                  <extId><ObjectIdentifier>0.1.2113.15.97</ObjectIdentifier></extId>
                  <extType>803dd01470</extType>
               </PrivateExtension.Sequence>
               <PrivateExtension.Sequence>
                  <extId><ObjectIdentifier>0.1.232</ObjectIdentifier></extId>
                  <extType>aac9</extType>
               </PrivateExtension.Sequence>
            </Collection>
         </privateExtensionList.C0.BoxedType>
         <pcs_Extensions.C1.Sequence>
            
         </pcs_Extensions.C1.Sequence>
      </extensionContainer.Sequence></CancelVcsgLocationRes.Sequence>
</ASN>