<?xml version="1.0" encoding="ISO-8859-15"?>

<ASN layer="CAP">
   <CancelLocationRes.Sequence><extensionContainer.Sequence>
         <privateExtensionList.C0.BoxedType>
            <Collection>
               <PrivateExtension.Sequence>
                  <extId><ObjectIdentifier>0.1.282.118.24</ObjectIdentifier></extId>
                  <extType>d40c1fe721f12394140a</extType>
               </PrivateExtension.Sequence>
               <PrivateExtension.Sequence>
                  <extId><ObjectIdentifier>0.1.2114</ObjectIdentifier></extId>
                  <extType>23c9230cfcf95d99</extType>
               </PrivateExtension.Sequence>
               <PrivateExtension.Sequence>
                  <extId><ObjectIdentifier>0.1.239.25.8.54.57.85.101</ObjectIdentifier></extId>
                  <extType>1c1917d8315ef24550</extType>
               </PrivateExtension.Sequence>
            </Collection>
         </privateExtensionList.C0.BoxedType>
         <pcs_Extensions.C1.Sequence>
            
         </pcs_Extensions.C1.Sequence>
      </extensionContainer.Sequence></CancelLocationRes.Sequence>
</ASN>