<?xml version="1.0" encoding="ISO-8859-15"?>

<ASN layer="CAP">
   <CancelLocationArg.BoxedType><CancelLocationArgSequenceType.C3.Sequence>
         <identity.Choice>
            <imsi.BoxedType><TBCD_STRING.BoxedType><Bytes>7152634700
                     <field name="digits" value="1725367400" type="Number_BCD" length="10"/>
                  </Bytes></TBCD_STRING.BoxedType></imsi.BoxedType>
            <imsi_WithLMSI.Sequence>
               <imsi.BoxedType><TBCD_STRING.BoxedType><Bytes>51549264f2
                        <field name="digits" value="154529462" type="Number_BCD" length="9"/>
                     </Bytes></TBCD_STRING.BoxedType></imsi.BoxedType>
               <lmsi.BoxedType><Bytes>1474dba1b5259c
                     <field name="digits" value="1474dba1b5259c" type="Binary" length="7"/>
                  </Bytes></lmsi.BoxedType>
            </imsi_WithLMSI.Sequence>
         </identity.Choice>
         <cancellationType.Enum>
            <EnumType>updateProcedure.0</EnumType>
         </cancellationType.Enum>
         <extensionContainer.Sequence>
            <privateExtensionList.C0.BoxedType>
               <Collection>
                  <PrivateExtension.Sequence>
                     <extId><ObjectIdentifier>0.1.2119.128.1.67.50.64.43</ObjectIdentifier></extId>
                     <extType>5a</extType>
                  </PrivateExtension.Sequence>
                  <PrivateExtension.Sequence>
                     <extId><ObjectIdentifier>0.1.256.28.97.107.4.56.84</ObjectIdentifier></extId>
                     <extType>1abe4443c849057985</extType>
                  </PrivateExtension.Sequence>
                  <PrivateExtension.Sequence>
                     <extId><ObjectIdentifier>0.1.2</ObjectIdentifier></extId>
                     <extType>b53dc2ff</extType>
                  </PrivateExtension.Sequence>
               </Collection>
            </privateExtensionList.C0.BoxedType>
            <pcs_Extensions.C1.Sequence>
               
            </pcs_Extensions.C1.Sequence>
         </extensionContainer.Sequence>
         <typeOfUpdate.C0.Enum>
            <EnumType>mme_change.1</EnumType>
         </typeOfUpdate.C0.Enum>
         <mtrf_SupportedAndAuthorized.C1></mtrf_SupportedAndAuthorized.C1>
         <mtrf_SupportedAndNotAuthorized.C2></mtrf_SupportedAndNotAuthorized.C2>
         <newMSC_Number.C3.BoxedType><AddressString.BoxedType><Bytes>920142835887
                  <field name="extension" value="no extension:1" type="EnumLong" lengthBit="1"/>
                  <field name="nature of address" value="international number:1" type="EnumLong" lengthBit="3"/>
                  <field name="numbering plan" value="spare:2" type="EnumLong" lengthBit="4"/>
                  <field name="digits" value="1024388578" type="Number_BCD" length="10"/>
               </Bytes></AddressString.BoxedType></newMSC_Number.C3.BoxedType>
         <newVLR_Number.C4.BoxedType><AddressString.BoxedType><Bytes>149155331259
                  <field name="extension" value="extension:0" type="EnumLong" lengthBit="1"/>
                  <field name="nature of address" value="international number:1" type="EnumLong" lengthBit="3"/>
                  <field name="numbering plan" value="telex numbering plan (ITU-T Rec F.69):4" type="EnumLong" lengthBit="4"/>
                  <field name="digits" value="1955332195" type="Number_BCD" length="10"/>
               </Bytes></AddressString.BoxedType></newVLR_Number.C4.BoxedType>
         <new_lmsi.C5.BoxedType><Bytes>69a0ac4d03051c7b525f
               <field name="digits" value="69a0ac4d03051c7b525f" type="Binary" length="10"/>
            </Bytes></new_lmsi.C5.BoxedType>
         <reattach_Required.C6></reattach_Required.C6>
      </CancelLocationArgSequenceType.C3.Sequence></CancelLocationArg.BoxedType>
</ASN>