<?xml version="1.0" encoding="ISO-8859-15"?>

<ASN layer="CAP">
   <CancelVcsgLocationArg.Sequence>
      <identity.Choice>
         <imsi.BoxedType><TBCD_STRING.BoxedType><Bytes>6156761796
                  <field name="digits" value="1665677169" type="Number_BCD" length="10"/>
               </Bytes></TBCD_STRING.BoxedType></imsi.BoxedType>
         <imsi_WithLMSI.Sequence>
            <imsi.BoxedType><TBCD_STRING.BoxedType><Bytes>7123730428
                     <field name="digits" value="1732374082" type="Number_BCD" length="10"/>
                  </Bytes></TBCD_STRING.BoxedType></imsi.BoxedType>
            <lmsi.BoxedType><Bytes>ea32cbc4bdc310cb
                  <field name="digits" value="ea32cbc4bdc310cb" type="Binary" length="8"/>
               </Bytes></lmsi.BoxedType>
         </imsi_WithLMSI.Sequence>
      </identity.Choice>
      <extensionContainer.Sequence>
         <privateExtensionList.C0.BoxedType>
            <Collection>
               <PrivateExtension.Sequence>
                  <extId><ObjectIdentifier>0.1.22.97.48.119.74.44.100.8</ObjectIdentifier></extId>
                  <extType>1cf3</extType>
               </PrivateExtension.Sequence>
               <PrivateExtension.Sequence>
                  <extId><ObjectIdentifier>0.1.278.79.57.48.97.84</ObjectIdentifier></extId>
                  <extType>faf54dc18c80</extType>
               </PrivateExtension.Sequence>
               <PrivateExtension.Sequence>
                  <extId><ObjectIdentifier>0.1.268.90.38.22.18.2</ObjectIdentifier></extId>
                  <extType>8539a5ac795bcbed97</extType>
               </PrivateExtension.Sequence>
            </Collection>
         </privateExtensionList.C0.BoxedType>
         <pcs_Extensions.C1.Sequence>
            
         </pcs_Extensions.C1.Sequence>
      </extensionContainer.Sequence>
   </CancelVcsgLocationArg.Sequence>
</ASN>