<?xml version="1.0" encoding="ISO-8859-15"?>

<ASN layer="CAP">
   <ChangeOfLocation.Choice>
      <cellGlobalId.C0.BoxedType><Bytes>71775131108c88
            <field name="MMC" value="177,157" type="NumberMMC" length="3"/>
            <field name="LAC" value="12560" type="Integer" length="2"/>
            <field name="CI_SAC" value="35976" type="Integer" length="2"/>
         </Bytes></cellGlobalId.C0.BoxedType>
      <serviceAreaId.C1.BoxedType><Bytes>42773177d43859
            <field name="MMC" value="247,137" type="NumberMMC" length="3"/>
            <field name="LAC" value="30676" type="Integer" length="2"/>
            <field name="CI_SAC" value="14425" type="Integer" length="2"/>
         </Bytes></serviceAreaId.C1.BoxedType>
      <locationAreaId.C2.BoxedType><Bytes>01f1148ac4
            <field name="MMC" value="101,41" type="NumberMMC" length="3"/>
            <field name="LAC" value="35524" type="Integer" length="2"/>
         </Bytes></locationAreaId.C2.BoxedType>
      <inter_SystemHandOver.C3></inter_SystemHandOver.C3>
      <inter_PLMNHandOver.C4></inter_PLMNHandOver.C4>
      <inter_MSCHandOver.C5></inter_MSCHandOver.C5>
      <changeOfLocationAlt.C6.Sequence>
         
      </changeOfLocationAlt.C6.Sequence>
   </ChangeOfLocation.Choice>
</ASN>