<?xml version="1.0" encoding="ISO-8859-15"?>

<ASN layer="CAP">
   <CheckIMEI_Res.Sequence>
      <equipmentStatus.Enum>
         <EnumType>blackListed.1</EnumType>
      </equipmentStatus.Enum>
      <bmuef.Sequence>
         <uesbi_IuA.C0.BoxedType><BitString><BitString value="cfe454e2716b4b89e9ec1ea65e48a5" trailing="0"/></BitString></uesbi_IuA.C0.BoxedType>
         <uesbi_IuB.C1.BoxedType><BitString><BitString value="9d117a0f2a814985cb4f8fc0d98868" trailing="0"/></BitString></uesbi_IuB.C1.BoxedType>
      </bmuef.Sequence>
      <extensionContainer.C0.Sequence>
         <privateExtensionList.C0.BoxedType>
            <Collection>
               <PrivateExtension.Sequence>
                  <extId><ObjectIdentifier>0.1.260</ObjectIdentifier></extId>
                  <extType>25f47d</extType>
               </PrivateExtension.Sequence>
               <PrivateExtension.Sequence>
                  <extId><ObjectIdentifier>0.1.220.67</ObjectIdentifier></extId>
                  <extType>e6aa3f3ba5b7cc</extType>
               </PrivateExtension.Sequence>
               <PrivateExtension.Sequence>
                  <extId><ObjectIdentifier>0.1.25</ObjectIdentifier></extId>
                  <extType>0e8a2db37dbe</extType>
               </PrivateExtension.Sequence>
            </Collection>
         </privateExtensionList.C0.BoxedType>
         <pcs_Extensions.C1.Sequence>
            
         </pcs_Extensions.C1.Sequence>
      </extensionContainer.C0.Sequence>
   </CheckIMEI_Res.Sequence>
</ASN>