<?xml version="1.0" encoding="ISO-8859-15"?>

<ASN layer="CAP">
   <CheckIMEI_Arg.Sequence>
      <imei.BoxedType><TBCD_STRING.BoxedType><Bytes>2136068193
               <field name="digits" value="1263601839" type="Number_BCD" length="10"/>
            </Bytes></TBCD_STRING.BoxedType></imei.BoxedType>
      <requestedEquipmentInfo.BoxedType><BitString><BitString value="70a385b16acd460cad3076fd4d3cf72082ef3e" trailing="0"/></BitString></requestedEquipmentInfo.BoxedType>
      <extensionContainer.Sequence>
         <privateExtensionList.C0.BoxedType>
            <Collection>
               <PrivateExtension.Sequence>
                  <extId><ObjectIdentifier>0.1.276.17.36.109.2.77</ObjectIdentifier></extId>
                  <extType>1105ebe5d82bb2</extType>
               </PrivateExtension.Sequence>
               <PrivateExtension.Sequence>
                  <extId><ObjectIdentifier>0.1.267.108.29.119.120.126</ObjectIdentifier></extId>
                  <extType>9b147436</extType>
               </PrivateExtension.Sequence>
               <PrivateExtension.Sequence>
                  <extId><ObjectIdentifier>0.1.227.15.22</ObjectIdentifier></extId>
                  <extType>ad676989</extType>
               </PrivateExtension.Sequence>
            </Collection>
         </privateExtensionList.C0.BoxedType>
         <pcs_Extensions.C1.Sequence>
            
         </pcs_Extensions.C1.Sequence>
      </extensionContainer.Sequence>
   </CheckIMEI_Arg.Sequence>
</ASN>