<?xml version="1.0" encoding="ISO-8859-15"?>

<ASN layer="CAP">
   <CollectInformationArg.Sequence><extensions.C0.BoxedType>
         <Collection>
            <ExtensionField.Sequence>
               <type.Choice>
                  <local>3718979010</local>
                  <global><ObjectIdentifier>0.1.271.60.14.72.23.65.6.124.58</ObjectIdentifier></global>
               </type.Choice>
               <criticality.nulld.Enum>
                  <EnumType>ignore.0</EnumType>
               </criticality.nulld.Enum>
               <NullObject.C1></NullObject.C1>
            </ExtensionField.Sequence>
            <ExtensionField.Sequence>
               <type.Choice>
                  <local>4061879688</local>
                  <global><ObjectIdentifier>0.1.289.3.17.109.94</ObjectIdentifier></global>
               </type.Choice>
               <criticality.nulld.Enum>
                  <EnumType>abort.1</EnumType>
               </criticality.nulld.Enum>
               <NullObject.C1></NullObject.C1>
            </ExtensionField.Sequence>
            <ExtensionField.Sequence>
               <type.Choice>
                  <local>2402987731</local>
                  <global><ObjectIdentifier>0.1.266.82.67.55</ObjectIdentifier></global>
               </type.Choice>
               <criticality.nulld.Enum>
                  <EnumType>ignore.0</EnumType>
               </criticality.nulld.Enum>
               <NullObject.C1></NullObject.C1>
            </ExtensionField.Sequence>
         </Collection>
      </extensions.C0.BoxedType></CollectInformationArg.Sequence>
</ASN>