<?xml version="1.0" encoding="ISO-8859-15"?>

<ASN layer="CAP">
   <Component.Choice>
      <invoke.C1.Sequence>
         <invokeID.BoxedType><Integer>1</Integer></invokeID.BoxedType>
         <linkedID.C0.BoxedType><Integer>2</Integer></linkedID.C0.BoxedType>
         <opCode.Choice>
            <localValue.BoxedType><Long>2629992503</Long></localValue.BoxedType>
            <globalValue><ObjectIdentifier>0.1.247.26</ObjectIdentifier></globalValue>
         </opCode.Choice>
         <invokeparameter>dc</invokeparameter>
      </invoke.C1.Sequence>
      <returnResultLast.C2.Sequence>
         <invokeID.BoxedType><Integer>2</Integer></invokeID.BoxedType>
         <resultretres.Sequence>
            <opCode.Choice>
               <localValue.BoxedType><Long>4103849114</Long></localValue.BoxedType>
               <globalValue><ObjectIdentifier>0.1.261.118.91.111.107</ObjectIdentifier></globalValue>
            </opCode.Choice>
            <returnparameter>fc5d</returnparameter>
         </resultretres.Sequence>
      </returnResultLast.C2.Sequence>
      <returnError.C3.Sequence>
         <invokeID.BoxedType><Integer>1</Integer></invokeID.BoxedType>
         <errorCode.Choice>
            <localErrorValue.BoxedType><Long>2014635784</Long></localErrorValue.BoxedType>
            <globalErrorValue><ObjectIdentifier>0.1.265.58.52.25.94</ObjectIdentifier></globalErrorValue>
         </errorCode.Choice>
         <errorparameter>97272ab22e7db7</errorparameter>
      </returnError.C3.Sequence>
      <reject.C4.Sequence>
         <invokeIDRej.Choice>
            <derivable.BoxedType><Integer>2</Integer></derivable.BoxedType>
            <not_derivable></not_derivable>
         </invokeIDRej.Choice>
         <problem.Choice>
            <generalProblem.C0.BoxedType><Long>2976903027</Long></generalProblem.C0.BoxedType>
            <invokeProblem.C1.BoxedType><Long>559138322</Long></invokeProblem.C1.BoxedType>
            <returnResultProblem.C2.BoxedType><Long>1883022677</Long></returnResultProblem.C2.BoxedType>
            <returnErrorProblem.C3.BoxedType><Long>3324464944</Long></returnErrorProblem.C3.BoxedType>
         </problem.Choice>
      </reject.C4.Sequence>
   </Component.Choice>
</ASN>