<?xml version="1.0" encoding="ISO-8859-15"?>

<ASN layer="CAP">
   <ConnectSMSArg.Sequence>
      <callingPartysNumber.C0.BoxedType><AddressString.BoxedType><Bytes>b331980510f7
               <field name="extension" value="no extension:1" type="EnumLong" lengthBit="1"/>
               <field name="nature of address" value="network specific number:3" type="EnumLong" lengthBit="3"/>
               <field name="numbering plan" value="data numbering plan (ITU-T Rec X.121):3" type="EnumLong" lengthBit="4"/>
               <field name="digits" value="138950017" type="Number_BCD" length="9"/>
            </Bytes></AddressString.BoxedType></callingPartysNumber.C0.BoxedType>
      <destinationSubscriberNumber.C1.BoxedType><Bytes>0bbc</Bytes></destinationSubscriberNumber.C1.BoxedType>
      <sMSCAddress.C2.BoxedType><AddressString.BoxedType><Bytes>ea4190035897
               <field name="extension" value="no extension:1" type="EnumLong" lengthBit="1"/>
               <field name="nature of address" value="abbreviated number:6" type="EnumLong" lengthBit="3"/>
               <field name="numbering plan" value="10" type="EnumLong" lengthBit="4"/>
               <field name="digits" value="1409308579" type="Number_BCD" length="10"/>
            </Bytes></AddressString.BoxedType></sMSCAddress.C2.BoxedType>
      <extensions.C10.BoxedType>
         <Collection>
            <ExtensionField.Sequence>
               <type.Choice>
                  <local>3773852884</local>
                  <global><ObjectIdentifier>0.1.236.51</ObjectIdentifier></global>
               </type.Choice>
               <criticality.nulld.Enum>
                  <EnumType>abort.1</EnumType>
               </criticality.nulld.Enum>
               <NullObject.C1></NullObject.C1>
            </ExtensionField.Sequence>
            <ExtensionField.Sequence>
               <type.Choice>
                  <local>3217771000</local>
                  <global><ObjectIdentifier>0.1.28</ObjectIdentifier></global>
               </type.Choice>
               <criticality.nulld.Enum>
                  <EnumType>abort.1</EnumType>
               </criticality.nulld.Enum>
               <NullObject.C1></NullObject.C1>
            </ExtensionField.Sequence>
            <ExtensionField.Sequence>
               <type.Choice>
                  <local>388201320</local>
                  <global><ObjectIdentifier>0.1.236.84.25</ObjectIdentifier></global>
               </type.Choice>
               <criticality.nulld.Enum>
                  <EnumType>ignore.0</EnumType>
               </criticality.nulld.Enum>
               <NullObject.C1></NullObject.C1>
            </ExtensionField.Sequence>
         </Collection>
      </extensions.C10.BoxedType>
   </ConnectSMSArg.Sequence>
</ASN>