<?xml version="1.0" encoding="ISO-8859-15"?>

<ASN layer="CAP">
   <ConnectArg.Sequence>
      <destinationRoutingAddress.C0.BoxedType>
         <Collection>
            <CalledPartyNumber.BoxedType><Bytes>faca3199538652
                  <field name="Odd/even (O/E)" value="odd number of address signals:1" type="EnumLong" lengthBit="1"/>
                  <field name="Nature of address" value="reserved for national use:122" type="EnumLong" lengthBit="7"/>
                  <field name="Internal Network Number (INN)" value="routing to internal number not allowed:1" type="EnumLong" lengthBit="1"/>
                  <field name="Numbering plan" value="Telex numbering plan (ITU-T Recommendation F.69):4" type="EnumLong" lengthBit="3"/>
                  <field name="spare" value="10" type="Integer" lengthBit="4"/>
                  <field name="digits" value="1399356825" type="Number_BCD" length="10"/>
               </Bytes></CalledPartyNumber.BoxedType>
            <CalledPartyNumber.BoxedType><Bytes>87150190510460
                  <field name="Odd/even (O/E)" value="odd number of address signals:1" type="EnumLong" lengthBit="1"/>
                  <field name="Nature of address" value="network routing number in network-specific number format (national use):7" type="EnumLong" lengthBit="7"/>
                  <field name="Internal Network Number (INN)" value="routing to internal number allowed:0" type="EnumLong" lengthBit="1"/>
                  <field name="Numbering plan" value="ISDN/Telephony Numbering Plan (Rec ITU-T E.164):1" type="EnumLong" lengthBit="3"/>
                  <field name="spare" value="5" type="Integer" lengthBit="4"/>
                  <field name="digits" value="1009154006" type="Number_BCD" length="10"/>
               </Bytes></CalledPartyNumber.BoxedType>
            <CalledPartyNumber.BoxedType><Bytes>78e961534908
                  <field name="Odd/even (O/E)" value="even number of address signals:0" type="EnumLong" lengthBit="1"/>
                  <field name="Nature of address" value="reserved for national use:120" type="EnumLong" lengthBit="7"/>
                  <field name="Internal Network Number (INN)" value="routing to internal number not allowed:1" type="EnumLong" lengthBit="1"/>
                  <field name="Numbering plan" value="reserved for national use:6" type="EnumLong" lengthBit="3"/>
                  <field name="spare" value="9" type="Integer" lengthBit="4"/>
                  <field name="digits" value="16359480" type="Number_BCD" length="8"/>
               </Bytes></CalledPartyNumber.BoxedType>
         </Collection>
      </destinationRoutingAddress.C0.BoxedType>
      <alertingPattern.C1.BoxedType><Bytes>dd6af17b0d79a3ae3f</Bytes></alertingPattern.C1.BoxedType>
      <originalCalledPartyID.C6.BoxedType><Bytes>11c50137498542
            <field name="Odd/even (O/E)" value="even number of address signals:0" type="EnumLong" lengthBit="1"/>
            <field name="Nature of address" value="spare:17" type="EnumLong" lengthBit="7"/>
            <field name="spare1" value="1" type="Integer" lengthBit="1"/>
            <field name="Numbering plan" value="Telex numbering plan (ITU-T Recommendation F.69):4" type="EnumLong" lengthBit="3"/>
            <field name="Address presentation restricted" value="presentation restricted:1" type="EnumLong" lengthBit="2"/>
            <field name="spare2" value="1" type="Integer" lengthBit="2"/>
            <field name="digits" value="1073945824" type="Number_BCD" length="10"/>
         </Bytes></originalCalledPartyID.C6.BoxedType>
      <extensions.C10.BoxedType>
         <Collection>
            <ExtensionField.Sequence>
               <type.Choice>
                  <local>887745463</local>
                  <global><ObjectIdentifier>0.1.25.55.49.43.58.37.18.44.99</ObjectIdentifier></global>
               </type.Choice>
               <criticality.nulld.Enum>
                  <EnumType>ignore.0</EnumType>
               </criticality.nulld.Enum>
               <NullObject.C1></NullObject.C1>
            </ExtensionField.Sequence>
            <ExtensionField.Sequence>
               <type.Choice>
                  <local>2709611340</local>
                  <global><ObjectIdentifier>0.1.283.40.64.115.53.23.98</ObjectIdentifier></global>
               </type.Choice>
               <criticality.nulld.Enum>
                  <EnumType>abort.1</EnumType>
               </criticality.nulld.Enum>
               <NullObject.C1></NullObject.C1>
            </ExtensionField.Sequence>
            <ExtensionField.Sequence>
               <type.Choice>
                  <local>3905052634</local>
                  <global><ObjectIdentifier>0.1.294.43.67.55</ObjectIdentifier></global>
               </type.Choice>
               <criticality.nulld.Enum>
                  <EnumType>ignore.0</EnumType>
               </criticality.nulld.Enum>
               <NullObject.C1></NullObject.C1>
            </ExtensionField.Sequence>
         </Collection>
      </extensions.C10.BoxedType>
      <carrier.C11.BoxedType><Bytes>a55361dec9567c</Bytes></carrier.C11.BoxedType>
      <callingPartysCategory.C28.BoxedType><Bytes>0f
            <field name="category" value="payphone:15" type="EnumLong" length="1"/>
         </Bytes></callingPartysCategory.C28.BoxedType>
      <redirectingPartyID.C29.BoxedType><Bytes>f1547123846140
            <field name="Odd/even (O/E)" value="odd number of address signals:1" type="EnumLong" lengthBit="1"/>
            <field name="Nature of address" value="reserved for national use:113" type="EnumLong" lengthBit="7"/>
            <field name="spare1" value="0" type="Integer" lengthBit="1"/>
            <field name="Numbering plan" value="private numbering plan:5" type="EnumLong" lengthBit="3"/>
            <field name="Address presentation restricted" value="presentation restricted:1" type="EnumLong" lengthBit="2"/>
            <field name="spare2" value="0" type="Integer" lengthBit="2"/>
            <field name="digits" value="1732481604" type="Number_BCD" length="10"/>
         </Bytes></redirectingPartyID.C29.BoxedType>
      <redirectionInformation.C30.BoxedType><Bytes>d3df
            <field name="Redirecting reason" value="spare:13" type="EnumLong" lengthBit="4"/>
            <field name="spare1" value="0" type="Integer" lengthBit="1"/>
            <field name="Redirecting indicator" value="call diverted:3" type="EnumLong" lengthBit="3"/>
            <field name="Original redirection reason" value="spare:13" type="EnumLong" lengthBit="4"/>
            <field name="spare2" value="1" type="Integer" lengthBit="1"/>
            <field name="Redirection counter" value="7" type="Integer" lengthBit="3"/>
         </Bytes></redirectionInformation.C30.BoxedType>
      <genericNumbers.C14.BoxedType>
         <Collection>
            <GenericNumber.BoxedType><Bytes>340ba85cf710fa7a40</Bytes></GenericNumber.BoxedType>
            <GenericNumber.BoxedType><Bytes>b03991417d</Bytes></GenericNumber.BoxedType>
            <GenericNumber.BoxedType><Bytes>e5f58dbfeabb86</Bytes></GenericNumber.BoxedType>
         </Collection>
      </genericNumbers.C14.BoxedType>
      <serviceInteractionIndicatorsTwo.C15.Sequence>
         <forwardServiceInteractionInd.C0.Sequence>
            <conferenceTreatmentIndicator.C1>2b01ced4ee45407c</conferenceTreatmentIndicator.C1>
            <callDiversionTreatmentIndicator.C2>e44778d3af749f5a4cda</callDiversionTreatmentIndicator.C2>
            <callingPartyRestrictionIndicator.C4>f41368bafb8db0e3</callingPartyRestrictionIndicator.C4>
         </forwardServiceInteractionInd.C0.Sequence>
         <backwardServiceInteractionInd.C1.Sequence>
            <conferenceTreatmentIndicator.C1>dc4fd05b7d462d7a</conferenceTreatmentIndicator.C1>
            <callCompletionTreatmentIndicator.C2>9a2d3128ceee8faa</callCompletionTreatmentIndicator.C2>
         </backwardServiceInteractionInd.C1.Sequence>
         <bothwayThroughConnectionInd.C2.Enum>
            <EnumType>bothwayPathNotRequired.1</EnumType>
         </bothwayThroughConnectionInd.C2.Enum>
         <connectedNumberTreatmentInd.C4.Enum>
            <EnumType>presentCalledINNumber.2</EnumType>
         </connectedNumberTreatmentInd.C4.Enum>
         <nonCUGCall.C13></nonCUGCall.C13>
         <holdTreatmentIndicator.C50>f6fc</holdTreatmentIndicator.C50>
         <cwTreatmentIndicator.C51>fc3431e2839e56</cwTreatmentIndicator.C51>
         <ectTreatmentIndicator.C52>287c6afb541db7be</ectTreatmentIndicator.C52>
      </serviceInteractionIndicatorsTwo.C15.Sequence>
      <chargeNumber.C19.BoxedType><LocationNumber.BoxedType><Bytes>90197191897827
               <field name="Odd/even (O/E)" value="odd number of address signals:1" type="EnumLong" lengthBit="1"/>
               <field name="Nature of address" value="spare:16" type="EnumLong" lengthBit="7"/>
               <field name="Internal Network Number (INN)" value="routing to internal number allowed:0" type="EnumLong" lengthBit="1"/>
               <field name="Numbering plan" value="ISDN/Telephony Numbering Plan (Rec ITU-T E.164):1" type="EnumLong" lengthBit="3"/>
               <field name="Address presentation restricted" value="address not available (national use):2" type="EnumLong" lengthBit="2"/>
               <field name="Screening" value="user provided, verified and passed:1" type="EnumLong" lengthBit="2"/>
               <field name="digits" value="1719988772" type="Number_BCD" length="10"/>
            </Bytes></LocationNumber.BoxedType></chargeNumber.C19.BoxedType>
      <legToBeConnected.C21.Choice>
         <sendingSideID.C0.BoxedType><Bytes>01
               <field name="LegType" value="leg1 LegType:1" type="EnumLong" length="1"/>
            </Bytes></sendingSideID.C0.BoxedType>
         <receivingSideID.C1.BoxedType><Bytes>01
               <field name="LegType" value="leg1 LegType:1" type="EnumLong" length="1"/>
            </Bytes></receivingSideID.C1.BoxedType>
      </legToBeConnected.C21.Choice>
      <cug_Interlock.C31.BoxedType><Bytes>bf65ef613f8f</Bytes></cug_Interlock.C31.BoxedType>
      <cug_OutgoingAccess.C32></cug_OutgoingAccess.C32>
      <suppressionOfAnnouncement.C55.Null>
         
      </suppressionOfAnnouncement.C55.Null>
      <oCSIApplicable.C56.Null>
         
      </oCSIApplicable.C56.Null>
      <naOliInfo.C57.BoxedType><Bytes>ef3b16315a0f</Bytes></naOliInfo.C57.BoxedType>
      <bor_InterrogationRequested.C58></bor_InterrogationRequested.C58>
      <suppress_N_CSI.C59></suppress_N_CSI.C59>
   </ConnectArg.Sequence>
</ASN>