<?xml version="1.0" encoding="ISO-8859-15"?>

<ASN layer="CAP">
   <ConnectToResourceArg.Sequence>
      <resourceAddress.Choice>
         <ipRoutingAddress.C0.BoxedType><CalledPartyNumber.BoxedType><Bytes>88348172223097
                  <field name="Odd/even (O/E)" value="odd number of address signals:1" type="EnumLong" lengthBit="1"/>
                  <field name="Nature of address" value="network routing number concatenated with Called Directory Number (national use):8" type="EnumLong" lengthBit="7"/>
                  <field name="Internal Network Number (INN)" value="routing to internal number allowed:0" type="EnumLong" lengthBit="1"/>
                  <field name="Numbering plan" value="Data numbering plan (ITU-T Recommendation X.121):3" type="EnumLong" lengthBit="3"/>
                  <field name="spare" value="4" type="Integer" lengthBit="4"/>
                  <field name="digits" value="1827220379" type="Number_BCD" length="10"/>
               </Bytes></CalledPartyNumber.BoxedType></ipRoutingAddress.C0.BoxedType>
         <none.C3></none.C3>
      </resourceAddress.Choice>
      <extensions.C4.BoxedType>
         <Collection>
            <ExtensionField.Sequence>
               <type.Choice>
                  <local>811287364</local>
                  <global><ObjectIdentifier>0.1.248.22.65.68.70</ObjectIdentifier></global>
               </type.Choice>
               <criticality.nulld.Enum>
                  <EnumType>ignore.0</EnumType>
               </criticality.nulld.Enum>
               <NullObject.C1></NullObject.C1>
            </ExtensionField.Sequence>
            <ExtensionField.Sequence>
               <type.Choice>
                  <local>980929032</local>
                  <global><ObjectIdentifier>0.1.217.74.100.52.79.3.70.33.96</ObjectIdentifier></global>
               </type.Choice>
               <criticality.nulld.Enum>
                  <EnumType>abort.1</EnumType>
               </criticality.nulld.Enum>
               <NullObject.C1></NullObject.C1>
            </ExtensionField.Sequence>
            <ExtensionField.Sequence>
               <type.Choice>
                  <local>3205573556</local>
                  <global><ObjectIdentifier>0.1.281.108.71.27</ObjectIdentifier></global>
               </type.Choice>
               <criticality.nulld.Enum>
                  <EnumType>abort.1</EnumType>
               </criticality.nulld.Enum>
               <NullObject.C1></NullObject.C1>
            </ExtensionField.Sequence>
         </Collection>
      </extensions.C4.BoxedType>
      <serviceInteractionIndicatorsTwo.C7.Sequence>
         <forwardServiceInteractionInd.C0.Sequence>
            <conferenceTreatmentIndicator.C1>ce5f2756</conferenceTreatmentIndicator.C1>
            <callDiversionTreatmentIndicator.C2>0ae1bb62b5</callDiversionTreatmentIndicator.C2>
            <callingPartyRestrictionIndicator.C4>328fb880622a42</callingPartyRestrictionIndicator.C4>
         </forwardServiceInteractionInd.C0.Sequence>
         <backwardServiceInteractionInd.C1.Sequence>
            <conferenceTreatmentIndicator.C1>45e68ca706a8ac</conferenceTreatmentIndicator.C1>
            <callCompletionTreatmentIndicator.C2>89376d8d553f</callCompletionTreatmentIndicator.C2>
         </backwardServiceInteractionInd.C1.Sequence>
         <bothwayThroughConnectionInd.C2.Enum>
            <EnumType>bothwayPathNotRequired.1</EnumType>
         </bothwayThroughConnectionInd.C2.Enum>
         <connectedNumberTreatmentInd.C4.Enum>
            <EnumType>noINImpact.0</EnumType>
         </connectedNumberTreatmentInd.C4.Enum>
         <nonCUGCall.C13></nonCUGCall.C13>
         <holdTreatmentIndicator.C50>263eed39d0</holdTreatmentIndicator.C50>
         <cwTreatmentIndicator.C51>e491cfb362b17f773b</cwTreatmentIndicator.C51>
         <ectTreatmentIndicator.C52>18</ectTreatmentIndicator.C52>
      </serviceInteractionIndicatorsTwo.C7.Sequence>
      <callSegmentID.C50.BoxedType><Integer>2</Integer></callSegmentID.C50.BoxedType>
   </ConnectToResourceArg.Sequence>
</ASN>