<?xml version="1.0" encoding="ISO-8859-15"?>

<ASN layer="CAP">
   <ContinueWithArgumentArg.Sequence>
      <alertingPattern.C1.BoxedType><Bytes>f59fac812e551d3f</Bytes></alertingPattern.C1.BoxedType>
      <extensions.C6.BoxedType>
         <Collection>
            <ExtensionField.Sequence>
               <type.Choice>
                  <local>1053688410</local>
                  <global><ObjectIdentifier>0.1.2123.53.6</ObjectIdentifier></global>
               </type.Choice>
               <criticality.nulld.Enum>
                  <EnumType>abort.1</EnumType>
               </criticality.nulld.Enum>
               <NullObject.C1></NullObject.C1>
            </ExtensionField.Sequence>
            <ExtensionField.Sequence>
               <type.Choice>
                  <local>1705039460</local>
                  <global><ObjectIdentifier>0.1.267.99.53.71.16.76.43.118.75</ObjectIdentifier></global>
               </type.Choice>
               <criticality.nulld.Enum>
                  <EnumType>ignore.0</EnumType>
               </criticality.nulld.Enum>
               <NullObject.C1></NullObject.C1>
            </ExtensionField.Sequence>
            <ExtensionField.Sequence>
               <type.Choice>
                  <local>4254451132</local>
                  <global><ObjectIdentifier>0.1.215.93.100.128.84.77.65.13.12</ObjectIdentifier></global>
               </type.Choice>
               <criticality.nulld.Enum>
                  <EnumType>ignore.0</EnumType>
               </criticality.nulld.Enum>
               <NullObject.C1></NullObject.C1>
            </ExtensionField.Sequence>
         </Collection>
      </extensions.C6.BoxedType>
      <serviceInteractionIndicatorsTwo.C7.Sequence>
         <forwardServiceInteractionInd.C0.Sequence>
            <conferenceTreatmentIndicator.C1>148f78322f3252c11a</conferenceTreatmentIndicator.C1>
            <callDiversionTreatmentIndicator.C2>d3f3921005fe1d</callDiversionTreatmentIndicator.C2>
            <callingPartyRestrictionIndicator.C4>6d70</callingPartyRestrictionIndicator.C4>
         </forwardServiceInteractionInd.C0.Sequence>
         <backwardServiceInteractionInd.C1.Sequence>
            <conferenceTreatmentIndicator.C1>1e96f043</conferenceTreatmentIndicator.C1>
            <callCompletionTreatmentIndicator.C2>8e54</callCompletionTreatmentIndicator.C2>
         </backwardServiceInteractionInd.C1.Sequence>
         <bothwayThroughConnectionInd.C2.Enum>
            <EnumType>bothwayPathNotRequired.1</EnumType>
         </bothwayThroughConnectionInd.C2.Enum>
         <connectedNumberTreatmentInd.C4.Enum>
            <EnumType>presentationRestricted.1</EnumType>
         </connectedNumberTreatmentInd.C4.Enum>
         <nonCUGCall.C13></nonCUGCall.C13>
         <holdTreatmentIndicator.C50>48a168</holdTreatmentIndicator.C50>
         <cwTreatmentIndicator.C51>88d81ec4dfcf68</cwTreatmentIndicator.C51>
         <ectTreatmentIndicator.C52>9b1d6c35dd526a11b8</ectTreatmentIndicator.C52>
      </serviceInteractionIndicatorsTwo.C7.Sequence>
      <callingPartysCategory.C12.BoxedType><Bytes>af
            <field name="category" value="spare:175" type="EnumLong" length="1"/>
         </Bytes></callingPartysCategory.C12.BoxedType>
      <genericNumbers.C16.BoxedType>
         <Collection>
            <GenericNumber.BoxedType><Bytes>ca434e10681a5d</Bytes></GenericNumber.BoxedType>
            <GenericNumber.BoxedType><Bytes>38f611d90af5d5</Bytes></GenericNumber.BoxedType>
            <GenericNumber.BoxedType><Bytes>e238770752d2832018ef</Bytes></GenericNumber.BoxedType>
         </Collection>
      </genericNumbers.C16.BoxedType>
      <cug_Interlock.C17.BoxedType><Bytes>828f411059fa5e59</Bytes></cug_Interlock.C17.BoxedType>
      <cug_OutgoingAccess.C18></cug_OutgoingAccess.C18>
      <chargeNumber.C50.BoxedType><LocationNumber.BoxedType><Bytes>7b7b2173595270
               <field name="Odd/even (O/E)" value="even number of address signals:0" type="EnumLong" lengthBit="1"/>
               <field name="Nature of address" value="reserved for national use:123" type="EnumLong" lengthBit="7"/>
               <field name="Internal Network Number (INN)" value="routing to internal number allowed:0" type="EnumLong" lengthBit="1"/>
               <field name="Numbering plan" value="spare:7" type="EnumLong" lengthBit="3"/>
               <field name="Address presentation restricted" value="address not available (national use):2" type="EnumLong" lengthBit="2"/>
               <field name="Screening" value="network provided:3" type="EnumLong" lengthBit="2"/>
               <field name="digits" value="1237952507" type="Number_BCD" length="10"/>
            </Bytes></LocationNumber.BoxedType></chargeNumber.C50.BoxedType>
      <carrier.C52.BoxedType><Bytes>44845f7e7f3120</Bytes></carrier.C52.BoxedType>
      <suppressionOfAnnouncement.C55.Null>
         
      </suppressionOfAnnouncement.C55.Null>
      <naOliInfo.C56.BoxedType><Bytes>02edf86b77cd48</Bytes></naOliInfo.C56.BoxedType>
      <bor_InterrogationRequested.C57></bor_InterrogationRequested.C57>
      <suppress_O_CSI.C58></suppress_O_CSI.C58>
      <continueWithArgumentArgExtension.C59.Sequence>
         <suppress_D_CSI.C0></suppress_D_CSI.C0>
         <suppress_N_CSI.C1></suppress_N_CSI.C1>
         <suppressOutgoingCallBarring.C2></suppressOutgoingCallBarring.C2>
         <legOrCallSegment.C3.Choice>
            <callSegmentID.C0.BoxedType><Integer>1</Integer></callSegmentID.C0.BoxedType>
            <legID.C1.Choice>
               <sendingSideID.C0.BoxedType><Bytes>02
                     <field name="LegType" value="leg2 LegType:2" type="EnumLong" length="1"/>
                  </Bytes></sendingSideID.C0.BoxedType>
               <receivingSideID.C1.BoxedType><Bytes>02
                     <field name="LegType" value="leg2 LegType:2" type="EnumLong" length="1"/>
                  </Bytes></receivingSideID.C1.BoxedType>
            </legID.C1.Choice>
         </legOrCallSegment.C3.Choice>
      </continueWithArgumentArgExtension.C59.Sequence>
   </ContinueWithArgumentArg.Sequence>
</ASN>