<?xml version="1.0" encoding="ISO-8859-15"?>

<ASN layer="CAP">
   <CUG_Feature.Sequence>
      <basicService.Choice>
         <ext_BearerService.C2.BoxedType><Bytes>2364</Bytes></ext_BearerService.C2.BoxedType>
         <ext_Teleservice.C3.BoxedType><Bytes>c3f27b07f4
               <field name="Code" value="195" type="EnumLong" length="1"/>
               <field name="Extension data" value="f27b07f4" type="Binary" length="4"/>
            </Bytes></ext_Teleservice.C3.BoxedType>
      </basicService.Choice>
      <preferentialCUG_Indicator.BoxedType><Integer>0</Integer></preferentialCUG_Indicator.BoxedType>
      <interCUG_Restrictions.BoxedType><Bytes>939ccfce</Bytes></interCUG_Restrictions.BoxedType>
      <extensionContainer.Sequence>
         <privateExtensionList.C0.BoxedType>
            <Collection>
               <PrivateExtension.Sequence>
                  <extId><ObjectIdentifier>0.1.2109.3.14.29.65.91.31</ObjectIdentifier></extId>
                  <extType>2da8</extType>
               </PrivateExtension.Sequence>
               <PrivateExtension.Sequence>
                  <extId><ObjectIdentifier>0.1.273.16.90.29.4.79</ObjectIdentifier></extId>
                  <extType>bb4704adcea4a3b751</extType>
               </PrivateExtension.Sequence>
               <PrivateExtension.Sequence>
                  <extId><ObjectIdentifier>0.1.233.31.1.35.23.79.93</ObjectIdentifier></extId>
                  <extType>24db773c44</extType>
               </PrivateExtension.Sequence>
            </Collection>
         </privateExtensionList.C0.BoxedType>
         <pcs_Extensions.C1.Sequence>
            
         </pcs_Extensions.C1.Sequence>
      </extensionContainer.Sequence>
   </CUG_Feature.Sequence>
</ASN>