<?xml version="1.0" encoding="ISO-8859-15"?>

<ASN layer="CAP">
   <DataMissingParam.Sequence><extensionContainer.Sequence>
         <privateExtensionList.C0.BoxedType>
            <Collection>
               <PrivateExtension.Sequence>
                  <extId><ObjectIdentifier>0.1.235.101.22.15.86.107.95.9.55</ObjectIdentifier></extId>
                  <extType>1a6250f9b7a37e</extType>
               </PrivateExtension.Sequence>
               <PrivateExtension.Sequence>
                  <extId><ObjectIdentifier>0.1.254.12.104.21.122.14</ObjectIdentifier></extId>
                  <extType>5a31290b</extType>
               </PrivateExtension.Sequence>
               <PrivateExtension.Sequence>
                  <extId><ObjectIdentifier>0.1.24.0.61.125.42.13.101.12.28.89</ObjectIdentifier></extId>
                  <extType>f21382405b</extType>
               </PrivateExtension.Sequence>
            </Collection>
         </privateExtensionList.C0.BoxedType>
         <pcs_Extensions.C1.Sequence>
            
         </pcs_Extensions.C1.Sequence>
      </extensionContainer.Sequence></DataMissingParam.Sequence>
</ASN>