<?xml version="1.0" encoding="ISO-8859-15"?>

<ASN layer="CAP">
   <DeactivateTraceModeArg.Sequence>
      <imsi.C0.BoxedType><TBCD_STRING.BoxedType><Bytes>99416952f9
               <field name="digits" value="991496259" type="Number_BCD" length="9"/>
            </Bytes></TBCD_STRING.BoxedType></imsi.C0.BoxedType>
      <traceReference.C1.BoxedType><Bytes>1fe43157dbe9852e</Bytes></traceReference.C1.BoxedType>
      <extensionContainer.C2.Sequence>
         <privateExtensionList.C0.BoxedType>
            <Collection>
               <PrivateExtension.Sequence>
                  <extId><ObjectIdentifier>0.1.281.88.110.39.90</ObjectIdentifier></extId>
                  <extType>25012a48</extType>
               </PrivateExtension.Sequence>
               <PrivateExtension.Sequence>
                  <extId><ObjectIdentifier>0.1.291.25.16.47.109.105.119.34</ObjectIdentifier></extId>
                  <extType>ed8013cd6071577ef8</extType>
               </PrivateExtension.Sequence>
               <PrivateExtension.Sequence>
                  <extId><ObjectIdentifier>0.1.217.43.78.77.34.32.84</ObjectIdentifier></extId>
                  <extType>e4d06764</extType>
               </PrivateExtension.Sequence>
            </Collection>
         </privateExtensionList.C0.BoxedType>
         <pcs_Extensions.C1.Sequence>
            
         </pcs_Extensions.C1.Sequence>
      </extensionContainer.C2.Sequence>
      <traceReference2.C3.BoxedType><Bytes>785cba</Bytes></traceReference2.C3.BoxedType>
   </DeactivateTraceModeArg.Sequence>
</ASN>