<?xml version="1.0" encoding="ISO-8859-15"?>

<ASN layer="CAP">
   <DeactivateTraceModeRes.Sequence><extensionContainer.C0.Sequence>
         <privateExtensionList.C0.BoxedType>
            <Collection>
               <PrivateExtension.Sequence>
                  <extId><ObjectIdentifier>0.1.2122</ObjectIdentifier></extId>
                  <extType>b7</extType>
               </PrivateExtension.Sequence>
               <PrivateExtension.Sequence>
                  <extId><ObjectIdentifier>0.1.276</ObjectIdentifier></extId>
                  <extType>f60b544aa89618</extType>
               </PrivateExtension.Sequence>
               <PrivateExtension.Sequence>
                  <extId><ObjectIdentifier>0.1.298.11.61.52.52</ObjectIdentifier></extId>
                  <extType>c2af6d17ac19</extType>
               </PrivateExtension.Sequence>
            </Collection>
         </privateExtensionList.C0.BoxedType>
         <pcs_Extensions.C1.Sequence>
            
         </pcs_Extensions.C1.Sequence>
      </extensionContainer.C0.Sequence></DeactivateTraceModeRes.Sequence>
</ASN>