<?xml version="1.0" encoding="ISO-8859-15"?>

<ASN layer="CAP">
   <DisconnectLegArg.Sequence>
      <legToBeReleased.C0.Choice>
         <sendingSideID.C0.BoxedType><Bytes>93
               <field name="LegType" value="147" type="EnumLong" length="1"/>
            </Bytes></sendingSideID.C0.BoxedType>
         <receivingSideID.C1.BoxedType><Bytes>02
               <field name="LegType" value="leg2 LegType:2" type="EnumLong" length="1"/>
            </Bytes></receivingSideID.C1.BoxedType>
      </legToBeReleased.C0.Choice>
      <releaseCause.C1.BoxedType><Bytes>9c74b2
            <field name="ext1" value="last octet:1" type="EnumLong" lengthBit="1"/>
            <field name="Coding standard" value="ITU-T standardized coding, as described below:0" type="EnumLong" lengthBit="2"/>
            <field name="Spare" value="1" type="Integer" lengthBit="1"/>
            <field name="Location" value="reserved for national use:12" type="EnumLong" lengthBit="4"/>
            <field name="ext3" value="continue:0" type="EnumLong" lengthBit="1"/>
            <field name="Cause value" value="116" type="EnumLong" lengthBit="7"/>
            <field name="Diagnostics" value="b2" type="Binary" length="1"/>
         </Bytes></releaseCause.C1.BoxedType>
      <extensions.C2.BoxedType>
         <Collection>
            <ExtensionField.Sequence>
               <type.Choice>
                  <local>848395497</local>
                  <global><ObjectIdentifier>0.1.214.85.51.44.1</ObjectIdentifier></global>
               </type.Choice>
               <criticality.nulld.Enum>
                  <EnumType>ignore.0</EnumType>
               </criticality.nulld.Enum>
               <NullObject.C1></NullObject.C1>
            </ExtensionField.Sequence>
            <ExtensionField.Sequence>
               <type.Choice>
                  <local>133790452</local>
                  <global><ObjectIdentifier>0.1.22.47.26.118.22</ObjectIdentifier></global>
               </type.Choice>
               <criticality.nulld.Enum>
                  <EnumType>abort.1</EnumType>
               </criticality.nulld.Enum>
               <NullObject.C1></NullObject.C1>
            </ExtensionField.Sequence>
            <ExtensionField.Sequence>
               <type.Choice>
                  <local>3622244643</local>
                  <global><ObjectIdentifier>0.1.264.60.126.32.60.13.98.87.32.75</ObjectIdentifier></global>
               </type.Choice>
               <criticality.nulld.Enum>
                  <EnumType>ignore.0</EnumType>
               </criticality.nulld.Enum>
               <NullObject.C1></NullObject.C1>
            </ExtensionField.Sequence>
         </Collection>
      </extensions.C2.BoxedType>
   </DisconnectLegArg.Sequence>
</ASN>