<?xml version="1.0" encoding="ISO-8859-15"?>

<ASN layer="CAP">
   <DisconnectForwardConnectionWithArgumentArg.Sequence>
      <callSegmentID.C1.BoxedType><Integer>2</Integer></callSegmentID.C1.BoxedType>
      <extensions.C2.BoxedType>
         <Collection>
            <ExtensionField.Sequence>
               <type.Choice>
                  <local>1634392433</local>
                  <global><ObjectIdentifier>0.1.2</ObjectIdentifier></global>
               </type.Choice>
               <criticality.nulld.Enum>
                  <EnumType>ignore.0</EnumType>
               </criticality.nulld.Enum>
               <NullObject.C1></NullObject.C1>
            </ExtensionField.Sequence>
            <ExtensionField.Sequence>
               <type.Choice>
                  <local>1270215715</local>
                  <global><ObjectIdentifier>0.1.246.45.28.106</ObjectIdentifier></global>
               </type.Choice>
               <criticality.nulld.Enum>
                  <EnumType>abort.1</EnumType>
               </criticality.nulld.Enum>
               <NullObject.C1></NullObject.C1>
            </ExtensionField.Sequence>
            <ExtensionField.Sequence>
               <type.Choice>
                  <local>3383077947</local>
                  <global><ObjectIdentifier>0.1.269.113.58.119</ObjectIdentifier></global>
               </type.Choice>
               <criticality.nulld.Enum>
                  <EnumType>ignore.0</EnumType>
               </criticality.nulld.Enum>
               <NullObject.C1></NullObject.C1>
            </ExtensionField.Sequence>
         </Collection>
      </extensions.C2.BoxedType>
   </DisconnectForwardConnectionWithArgumentArg.Sequence>
</ASN>