<?xml version="1.0" encoding="ISO-8859-15"?>

<ASN layer="CAP">
   <DP_AnalysedInfoCriterium.Sequence>
      <dialledNumber.BoxedType><AddressString.BoxedType><Bytes>8a74675963f1
               <field name="extension" value="no extension:1" type="EnumLong" lengthBit="1"/>
               <field name="nature of address" value="unknown:0" type="EnumLong" lengthBit="3"/>
               <field name="numbering plan" value="10" type="EnumLong" lengthBit="4"/>
               <field name="digits" value="477695361" type="Number_BCD" length="9"/>
            </Bytes></AddressString.BoxedType></dialledNumber.BoxedType>
      <serviceKey.BoxedType><Integer>1</Integer></serviceKey.BoxedType>
      <gsmSCF_Address.BoxedType><AddressString.BoxedType><Bytes>760146787542
               <field name="extension" value="extension:0" type="EnumLong" lengthBit="1"/>
               <field name="nature of address" value="reserved for extension:7" type="EnumLong" lengthBit="3"/>
               <field name="numbering plan" value="land mobile numbering plan (ITU-T Rec E.212):6" type="EnumLong" lengthBit="4"/>
               <field name="digits" value="1064875724" type="Number_BCD" length="10"/>
            </Bytes></AddressString.BoxedType></gsmSCF_Address.BoxedType>
      <defaultCallHandling.Enum>
         <EnumType>releaseCall.1</EnumType>
      </defaultCallHandling.Enum>
      <extensionContainer.Sequence>
         <privateExtensionList.C0.BoxedType>
            <Collection>
               <PrivateExtension.Sequence>
                  <extId><ObjectIdentifier>0.1.279.38.19.79.77.117.47.64.118.54</ObjectIdentifier></extId>
                  <extType>3adcfc365c</extType>
               </PrivateExtension.Sequence>
               <PrivateExtension.Sequence>
                  <extId><ObjectIdentifier>0.1.2106.33.7.34.100.93.127.33</ObjectIdentifier></extId>
                  <extType>188419ac3b040b</extType>
               </PrivateExtension.Sequence>
               <PrivateExtension.Sequence>
                  <extId><ObjectIdentifier>0.1.243.58.107.105.49.16.35.35</ObjectIdentifier></extId>
                  <extType>d7d3</extType>
               </PrivateExtension.Sequence>
            </Collection>
         </privateExtensionList.C0.BoxedType>
         <pcs_Extensions.C1.Sequence>
            
         </pcs_Extensions.C1.Sequence>
      </extensionContainer.Sequence>
   </DP_AnalysedInfoCriterium.Sequence>
</ASN>