<?xml version="1.0" encoding="ISO-8859-15"?>

<ASN layer="CAP">
   <EPC_AV.Sequence>
      <rand.BoxedType><Bytes>1a1f8f5da4ab</Bytes></rand.BoxedType>
      <xres.BoxedType><Bytes>762b3d04964c06d9</Bytes></xres.BoxedType>
      <autn.BoxedType><Bytes>e128e2</Bytes></autn.BoxedType>
      <kasme.BoxedType><Bytes>6cfc138c59</Bytes></kasme.BoxedType>
      <extensionContainer.Sequence>
         <privateExtensionList.C0.BoxedType>
            <Collection>
               <PrivateExtension.Sequence>
                  <extId><ObjectIdentifier>0.1.220.91.57.116.22.4.113.62</ObjectIdentifier></extId>
                  <extType>b8207493c57e722e51</extType>
               </PrivateExtension.Sequence>
               <PrivateExtension.Sequence>
                  <extId><ObjectIdentifier>0.1.210.84.1</ObjectIdentifier></extId>
                  <extType>f5252d7b49</extType>
               </PrivateExtension.Sequence>
               <PrivateExtension.Sequence>
                  <extId><ObjectIdentifier>0.1.215.68.41</ObjectIdentifier></extId>
                  <extType>943abf736f2afdf530</extType>
               </PrivateExtension.Sequence>
            </Collection>
         </privateExtensionList.C0.BoxedType>
         <pcs_Extensions.C1.Sequence>
            
         </pcs_Extensions.C1.Sequence>
      </extensionContainer.Sequence>
   </EPC_AV.Sequence>
</ASN>