<?xml version="1.0" encoding="ISO-8859-15"?>

<ASN layer="CAP">
   <EstablishTemporaryConnectionArg.Sequence>
      <assistingSSPIPRoutingAddress.C0.BoxedType><Digits.BoxedType><Bytes>c8cbc973</Bytes></Digits.BoxedType></assistingSSPIPRoutingAddress.C0.BoxedType>
      <correlationID.C1.Sequence>
         <hlr_id.C0.BoxedType><IMSI.BoxedType><TBCD_STRING.BoxedType><Bytes>81797951
                     <field name="digits" value="18979715" type="Number_BCD" length="8"/>
                  </Bytes></TBCD_STRING.BoxedType></IMSI.BoxedType></hlr_id.C0.BoxedType>
         <sip_uri_A.C1.BoxedType><Bytes>e3bf8dfb3ad06a8a1213</Bytes></sip_uri_A.C1.BoxedType>
         <sip_uri_B.C2.BoxedType><Bytes>8dce4a21169f</Bytes></sip_uri_B.C2.BoxedType>
      </correlationID.C1.Sequence>
      <scfID.C3.BoxedType><Bytes>e292c0b4</Bytes></scfID.C3.BoxedType>
      <extensions.C4.BoxedType>
         <Collection>
            <ExtensionField.Sequence>
               <type.Choice>
                  <local>2924341836</local>
                  <global><ObjectIdentifier>0.1.279.79.20.50.7.34</ObjectIdentifier></global>
               </type.Choice>
               <criticality.nulld.Enum>
                  <EnumType>ignore.0</EnumType>
               </criticality.nulld.Enum>
               <NullObject.C1></NullObject.C1>
            </ExtensionField.Sequence>
            <ExtensionField.Sequence>
               <type.Choice>
                  <local>2931757424</local>
                  <global><ObjectIdentifier>0.1.252</ObjectIdentifier></global>
               </type.Choice>
               <criticality.nulld.Enum>
                  <EnumType>abort.1</EnumType>
               </criticality.nulld.Enum>
               <NullObject.C1></NullObject.C1>
            </ExtensionField.Sequence>
            <ExtensionField.Sequence>
               <type.Choice>
                  <local>3613746505</local>
                  <global><ObjectIdentifier>0.1.2105.29.120.122.25.46</ObjectIdentifier></global>
               </type.Choice>
               <criticality.nulld.Enum>
                  <EnumType>ignore.0</EnumType>
               </criticality.nulld.Enum>
               <NullObject.C1></NullObject.C1>
            </ExtensionField.Sequence>
         </Collection>
      </extensions.C4.BoxedType>
      <carrier.C5.BoxedType><Bytes>aaf6d1e01bb17127e8</Bytes></carrier.C5.BoxedType>
      <serviceInteractionIndicatorsTwo.C6.Sequence>
         <forwardServiceInteractionInd.C0.Sequence>
            <conferenceTreatmentIndicator.C1>eac5e228ca2605</conferenceTreatmentIndicator.C1>
            <callDiversionTreatmentIndicator.C2>11ec</callDiversionTreatmentIndicator.C2>
            <callingPartyRestrictionIndicator.C4>9a475149715fda23</callingPartyRestrictionIndicator.C4>
         </forwardServiceInteractionInd.C0.Sequence>
         <backwardServiceInteractionInd.C1.Sequence>
            <conferenceTreatmentIndicator.C1>20b80e</conferenceTreatmentIndicator.C1>
            <callCompletionTreatmentIndicator.C2>8d2eee9a3a41aa54</callCompletionTreatmentIndicator.C2>
         </backwardServiceInteractionInd.C1.Sequence>
         <bothwayThroughConnectionInd.C2.Enum>
            <EnumType>bothwayPathNotRequired.1</EnumType>
         </bothwayThroughConnectionInd.C2.Enum>
         <connectedNumberTreatmentInd.C4.Enum>
            <EnumType>presentationRestricted.1</EnumType>
         </connectedNumberTreatmentInd.C4.Enum>
         <nonCUGCall.C13></nonCUGCall.C13>
         <holdTreatmentIndicator.C50>ce83</holdTreatmentIndicator.C50>
         <cwTreatmentIndicator.C51>c2ca853f38</cwTreatmentIndicator.C51>
         <ectTreatmentIndicator.C52>a9f6712430</ectTreatmentIndicator.C52>
      </serviceInteractionIndicatorsTwo.C6.Sequence>
      <callSegmentID.C7.BoxedType><Integer>1</Integer></callSegmentID.C7.BoxedType>
      <naOliInfo.C50.BoxedType><Bytes>c3780b7f46db23342a</Bytes></naOliInfo.C50.BoxedType>
      <chargeNumber.C51.BoxedType><LocationNumber.BoxedType><Bytes>a5602165474566
               <field name="Odd/even (O/E)" value="odd number of address signals:1" type="EnumLong" lengthBit="1"/>
               <field name="Nature of address" value="spare:37" type="EnumLong" lengthBit="7"/>
               <field name="Internal Network Number (INN)" value="routing to internal number allowed:0" type="EnumLong" lengthBit="1"/>
               <field name="Numbering plan" value="reserved for national use:6" type="EnumLong" lengthBit="3"/>
               <field name="Address presentation restricted" value="presentation allowed:0" type="EnumLong" lengthBit="2"/>
               <field name="Screening" value="reserved:0" type="EnumLong" lengthBit="2"/>
               <field name="digits" value="1256745466" type="Number_BCD" length="10"/>
            </Bytes></LocationNumber.BoxedType></chargeNumber.C51.BoxedType>
      <originalCalledPartyID.C52.BoxedType><Bytes>744141164642
            <field name="Odd/even (O/E)" value="even number of address signals:0" type="EnumLong" lengthBit="1"/>
            <field name="Nature of address" value="reserved for national use:116" type="EnumLong" lengthBit="7"/>
            <field name="spare1" value="0" type="Integer" lengthBit="1"/>
            <field name="Numbering plan" value="Telex numbering plan (ITU-T Recommendation F.69):4" type="EnumLong" lengthBit="3"/>
            <field name="Address presentation restricted" value="presentation allowed:0" type="EnumLong" lengthBit="2"/>
            <field name="spare2" value="1" type="Integer" lengthBit="2"/>
            <field name="digits" value="14616424" type="Number_BCD" length="8"/>
         </Bytes></originalCalledPartyID.C52.BoxedType>
      <callingPartyNumber.C53.BoxedType><Bytes>56bb02858280f2
            <field name="Odd/even (O/E)" value="even number of address signals:0" type="EnumLong" lengthBit="1"/>
            <field name="Nature of address" value="spare:86" type="EnumLong" lengthBit="7"/>
            <field name="Number Incomplete (NI)" value="incomplete:1" type="EnumLong" lengthBit="1"/>
            <field name="Numbering plan" value="Data numbering plan (ITU-T Recommendation X.121):3" type="EnumLong" lengthBit="3"/>
            <field name="Address presentation restricted" value="address not available (national use):2" type="EnumLong" lengthBit="2"/>
            <field name="Screening" value="network provided:3" type="EnumLong" lengthBit="2"/>
            <field name="digits" value="205828082" type="Number_BCD" length="9"/>
         </Bytes></callingPartyNumber.C53.BoxedType>
   </EstablishTemporaryConnectionArg.Sequence>
</ASN>