<?xml version="1.0" encoding="ISO-8859-15"?>

<ASN layer="CAP">
   <EventReportSMSArg.Sequence>
      <eventTypeSMS.C0.Enum>
         <EnumType>t_smsFailure.12</EnumType>
      </eventTypeSMS.C0.Enum>
      <eventSpecificInformationSMS.C1.Choice>
         <o_smsFailureSpecificInfo.C0.Sequence><failureCause.C0.Enum>
               <EnumType>sM_DeliveryFailure.3</EnumType>
            </failureCause.C0.Enum></o_smsFailureSpecificInfo.C0.Sequence>
         <o_smsSubmissionSpecificInfo.C1.Sequence>
            
         </o_smsSubmissionSpecificInfo.C1.Sequence>
         <t_smsFailureSpecificInfo.C2.Sequence><failureCause.C0.BoxedType><Bytes>fdb868bd91be</Bytes></failureCause.C0.BoxedType></t_smsFailureSpecificInfo.C2.Sequence>
         <t_smsDeliverySpecificInfo.C3.Sequence>
            
         </t_smsDeliverySpecificInfo.C3.Sequence>
      </eventSpecificInformationSMS.C1.Choice>
      <miscCallInfo.C2d.Sequence><messageType.C0.Enum>
            <EnumType>request.0</EnumType>
         </messageType.C0.Enum></miscCallInfo.C2d.Sequence>
      <extensions.C10.BoxedType>
         <Collection>
            <ExtensionField.Sequence>
               <type.Choice>
                  <local>882506611</local>
                  <global><ObjectIdentifier>0.1.263.65.16.94.30</ObjectIdentifier></global>
               </type.Choice>
               <criticality.nulld.Enum>
                  <EnumType>abort.1</EnumType>
               </criticality.nulld.Enum>
               <NullObject.C1></NullObject.C1>
            </ExtensionField.Sequence>
            <ExtensionField.Sequence>
               <type.Choice>
                  <local>4215486366</local>
                  <global><ObjectIdentifier>0.1.29.108.20</ObjectIdentifier></global>
               </type.Choice>
               <criticality.nulld.Enum>
                  <EnumType>ignore.0</EnumType>
               </criticality.nulld.Enum>
               <NullObject.C1></NullObject.C1>
            </ExtensionField.Sequence>
            <ExtensionField.Sequence>
               <type.Choice>
                  <local>554402405</local>
                  <global><ObjectIdentifier>0.1.2125.112.71.119.96.72.55.44.46</ObjectIdentifier></global>
               </type.Choice>
               <criticality.nulld.Enum>
                  <EnumType>ignore.0</EnumType>
               </criticality.nulld.Enum>
               <NullObject.C1></NullObject.C1>
            </ExtensionField.Sequence>
         </Collection>
      </extensions.C10.BoxedType>
   </EventReportSMSArg.Sequence>
</ASN>