<?xml version="1.0" encoding="ISO-8859-15"?>

<ASN layer="CAP">
   <EventReportGPRSArg.Sequence>
      <gPRSEventType.C0.Enum>
         <EnumType>detached.3</EnumType>
      </gPRSEventType.C0.Enum>
      <miscGPRSInfo.C1d.Sequence><messageType.C0.Enum>
            <EnumType>request.0</EnumType>
         </messageType.C0.Enum></miscGPRSInfo.C1d.Sequence>
      <gPRSEventSpecificInformation.C2.Choice>
         <attachChangeOfPositionSpecificInformation.C0.Sequence><locationInformationGPRS.C0.Sequence>
               <cellGlobalIdOrServiceAreaIdOrLAI.C0.Choice>
                  <cellGlobalIdOrServiceAreaIdFixedLength.C0.BoxedType><Bytes>813702e0991e5c
                        <field name="MMC" value="187,203" type="NumberMMC" length="3"/>
                        <field name="LAC" value="57497" type="Integer" length="2"/>
                        <field name="CI_SAC" value="7772" type="Integer" length="2"/>
                     </Bytes></cellGlobalIdOrServiceAreaIdFixedLength.C0.BoxedType>
                  <laiFixedLength.C1.BoxedType><Bytes>22f7047055
                        <field name="MMC" value="227,40" type="NumberMMC" length="3"/>
                        <field name="LAC" value="28757" type="Integer" length="2"/>
                     </Bytes></laiFixedLength.C1.BoxedType>
               </cellGlobalIdOrServiceAreaIdOrLAI.C0.Choice>
               <routeingAreaIdentity.C1.BoxedType><Bytes>12f2941e95cf
                     <field name="MMC" value="212,49" type="NumberMMC" length="3"/>
                     <field name="LAC" value="7829" type="Integer" length="2"/>
                     <field name="RAC" value="207" type="Integer" length="1"/>
                  </Bytes></routeingAreaIdentity.C1.BoxedType>
               <geographicalInformation.C2.BoxedType><Bytes>b7926f6cff1d1ab3
                     <field name="TypeOfShape" value="Reserved for future use:11" type="EnumLong" lengthBit="4"/>
                     <field name="spare" value="7" type="Integer" lengthBit="4"/>
                     <field name="DegreesOfLatitude" value="9596780" type="Integer" length="3"/>
                     <field name="DegreesOfLongitude" value="16719130" type="Integer" length="3"/>
                     <field name="UncertaintyCode" value="179" type="Integer" length="1"/>
                  </Bytes></geographicalInformation.C2.BoxedType>
               <sgsn_Number.C3.BoxedType><AddressString.BoxedType><Bytes>1f32414629f9
                        <field name="extension" value="extension:0" type="EnumLong" lengthBit="1"/>
                        <field name="nature of address" value="international number:1" type="EnumLong" lengthBit="3"/>
                        <field name="numbering plan" value="reserved for extension:15" type="EnumLong" lengthBit="4"/>
                        <field name="digits" value="231464929" type="Number_BCD" length="9"/>
                     </Bytes></AddressString.BoxedType></sgsn_Number.C3.BoxedType>
               <selectedLSAIdentity.C4.BoxedType><Bytes>1165a6
                     <field name="LSA type" value="PLMN significant number:0" type="EnumLong" lengthBit="1"/>
                     <field name="Identifier" value="1140134" type="Integer" lengthBit="23"/>
                  </Bytes></selectedLSAIdentity.C4.BoxedType>
               <extensionContainer.C5.Sequence>
                  <privateExtensionList.C0.BoxedType>
                     <Collection>
                        <PrivateExtension.Sequence>
                           <extId><ObjectIdentifier>0.1.225.1</ObjectIdentifier></extId>
                           <extType>da3c58e50b54</extType>
                        </PrivateExtension.Sequence>
                        <PrivateExtension.Sequence>
                           <extId><ObjectIdentifier>0.1.228.123.20</ObjectIdentifier></extId>
                           <extType>ba3d</extType>
                        </PrivateExtension.Sequence>
                        <PrivateExtension.Sequence>
                           <extId><ObjectIdentifier>0.1.2101.67.95.23.100.75.112</ObjectIdentifier></extId>
                           <extType>da3b11395681</extType>
                        </PrivateExtension.Sequence>
                     </Collection>
                  </privateExtensionList.C0.BoxedType>
                  <pcs_Extensions.C1.Sequence>
                     
                  </pcs_Extensions.C1.Sequence>
               </extensionContainer.C5.Sequence>
               <sai_Present.C6></sai_Present.C6>
               <geodeticInformation.C7.BoxedType><Bytes>835d11351cd4c4de2fe0
                     <field name="spare" value="8" type="Integer" lengthBit="4"/>
                     <field name="LPRI" value="presentation allowed:0" type="EnumLong" lengthBit="2"/>
                     <field name="screnning" value="network provided:3" type="EnumLong" lengthBit="2"/>
                     <field name="ext" value="0" type="Integer" lengthBit="1"/>
                     <field name="TypeOfShape" value="reserved for national use:93" type="EnumLong" lengthBit="7"/>
                     <field name="DegreesOfLatitude" value="1127708" type="Integer" length="3"/>
                     <field name="DegreesOfLongitude" value="13944030" type="Integer" length="3"/>
                     <field name="UncertaintyCode" value="47" type="Integer" length="1"/>
                     <field name="Confidence" value="224" type="Integer" length="1"/>
                  </Bytes></geodeticInformation.C7.BoxedType>
               <currentLocationRetrieved.C8></currentLocationRetrieved.C8>
               <ageOfLocationInformation.C9.BoxedType><Integer>[1-32766] minuts:1</Integer></ageOfLocationInformation.C9.BoxedType>
               <userCSGInformation.C10.Sequence>
                  <csg_Id.C0.BoxedType><BitString><BitString value="8993aae9f5c21d5f42d6f0e18cb671" trailing="0"/></BitString></csg_Id.C0.BoxedType>
                  <extensionContainer.C1.Sequence>
                     <privateExtensionList.C0.BoxedType>
                        <Collection>
                           <PrivateExtension.Sequence>
                              <extId><ObjectIdentifier>0.1.287.33.105.10.4.70.31.29.91</ObjectIdentifier></extId>
                              <extType>87a23de2d86c2d36a646</extType>
                           </PrivateExtension.Sequence>
                           <PrivateExtension.Sequence>
                              <extId><ObjectIdentifier>0.1.232.94.21.9.63.44.30</ObjectIdentifier></extId>
                              <extType>05ba24408ecf6666</extType>
                           </PrivateExtension.Sequence>
                           <PrivateExtension.Sequence>
                              <extId><ObjectIdentifier>0.1.2107.65.69.77.32.48</ObjectIdentifier></extId>
                              <extType>0b9ad21b08b9da</extType>
                           </PrivateExtension.Sequence>
                        </Collection>
                     </privateExtensionList.C0.BoxedType>
                     <pcs_Extensions.C1.Sequence>
                        
                     </pcs_Extensions.C1.Sequence>
                  </extensionContainer.C1.Sequence>
                  <accessMode.C2>3bb24e9a5112f3620ed6</accessMode.C2>
                  <cmi.C3>4ce4a82b06</cmi.C3>
               </userCSGInformation.C10.Sequence>
            </locationInformationGPRS.C0.Sequence></attachChangeOfPositionSpecificInformation.C0.Sequence>
         <pdp_ContextchangeOfPositionSpecificInformation.C1.Sequence>
            <accessPointName.C0.BoxedType><Bytes>e73beb3950f2691dbac7</Bytes></accessPointName.C0.BoxedType>
            <chargingID.C1.BoxedType><Bytes>a4937072
                  <field name="Charging ID" value="2761126002" type="Integer" length="4"/>
               </Bytes></chargingID.C1.BoxedType>
            <locationInformationGPRS.C2.Sequence>
               <cellGlobalIdOrServiceAreaIdOrLAI.C0.Choice>
                  <cellGlobalIdOrServiceAreaIdFixedLength.C0.BoxedType><Bytes>91716180708f91
                        <field name="MMC" value="191,167" type="NumberMMC" length="3"/>
                        <field name="LAC" value="32880" type="Integer" length="2"/>
                        <field name="CI_SAC" value="36753" type="Integer" length="2"/>
                     </Bytes></cellGlobalIdOrServiceAreaIdFixedLength.C0.BoxedType>
                  <laiFixedLength.C1.BoxedType><Bytes>321102480b
                        <field name="MMC" value="231,201" type="NumberMMC" length="3"/>
                        <field name="LAC" value="18443" type="Integer" length="2"/>
                     </Bytes></laiFixedLength.C1.BoxedType>
               </cellGlobalIdOrServiceAreaIdOrLAI.C0.Choice>
               <routeingAreaIdentity.C1.BoxedType><Bytes>81f6243dae76
                     <field name="MMC" value="186,42" type="NumberMMC" length="3"/>
                     <field name="LAC" value="15790" type="Integer" length="2"/>
                     <field name="RAC" value="118" type="Integer" length="1"/>
                  </Bytes></routeingAreaIdentity.C1.BoxedType>
               <geographicalInformation.C2.BoxedType><Bytes>e5fc05b5c71b9bc3
                     <field name="TypeOfShape" value="Reserved for future use:14" type="EnumLong" lengthBit="4"/>
                     <field name="spare" value="5" type="Integer" lengthBit="4"/>
                     <field name="DegreesOfLatitude" value="16516533" type="Integer" length="3"/>
                     <field name="DegreesOfLongitude" value="13048731" type="Integer" length="3"/>
                     <field name="UncertaintyCode" value="195" type="Integer" length="1"/>
                  </Bytes></geographicalInformation.C2.BoxedType>
               <sgsn_Number.C3.BoxedType><AddressString.BoxedType><Bytes>9218976395f9
                        <field name="extension" value="no extension:1" type="EnumLong" lengthBit="1"/>
                        <field name="nature of address" value="international number:1" type="EnumLong" lengthBit="3"/>
                        <field name="numbering plan" value="spare:2" type="EnumLong" lengthBit="4"/>
                        <field name="digits" value="817936599" type="Number_BCD" length="9"/>
                     </Bytes></AddressString.BoxedType></sgsn_Number.C3.BoxedType>
               <selectedLSAIdentity.C4.BoxedType><Bytes>0ea305
                     <field name="LSA type" value="PLMN significant number:0" type="EnumLong" lengthBit="1"/>
                     <field name="Identifier" value="959237" type="Integer" lengthBit="23"/>
                  </Bytes></selectedLSAIdentity.C4.BoxedType>
               <extensionContainer.C5.Sequence>
                  <privateExtensionList.C0.BoxedType>
                     <Collection>
                        <PrivateExtension.Sequence>
                           <extId><ObjectIdentifier>0.1.224.45.82.74.69.119.40.95.85.12</ObjectIdentifier></extId>
                           <extType>1377b96177</extType>
                        </PrivateExtension.Sequence>
                        <PrivateExtension.Sequence>
                           <extId><ObjectIdentifier>0.1.2126.45.52</ObjectIdentifier></extId>
                           <extType>eefbc690aa8241</extType>
                        </PrivateExtension.Sequence>
                        <PrivateExtension.Sequence>
                           <extId><ObjectIdentifier>0.1.2106.120.34.20.29.13.102.98.123</ObjectIdentifier></extId>
                           <extType>d3e72773</extType>
                        </PrivateExtension.Sequence>
                     </Collection>
                  </privateExtensionList.C0.BoxedType>
                  <pcs_Extensions.C1.Sequence>
                     
                  </pcs_Extensions.C1.Sequence>
               </extensionContainer.C5.Sequence>
               <sai_Present.C6></sai_Present.C6>
               <geodeticInformation.C7.BoxedType><Bytes>3f83fd798b230754c232
                     <field name="spare" value="3" type="Integer" lengthBit="4"/>
                     <field name="LPRI" value="spare:3" type="EnumLong" lengthBit="2"/>
                     <field name="screnning" value="network provided:3" type="EnumLong" lengthBit="2"/>
                     <field name="ext" value="1" type="Integer" lengthBit="1"/>
                     <field name="TypeOfShape" value="ellipse on the ellipsoid:3" type="EnumLong" lengthBit="7"/>
                     <field name="DegreesOfLatitude" value="16611723" type="Integer" length="3"/>
                     <field name="DegreesOfLongitude" value="2295636" type="Integer" length="3"/>
                     <field name="UncertaintyCode" value="194" type="Integer" length="1"/>
                     <field name="Confidence" value="50" type="Integer" length="1"/>
                  </Bytes></geodeticInformation.C7.BoxedType>
               <currentLocationRetrieved.C8></currentLocationRetrieved.C8>
               <ageOfLocationInformation.C9.BoxedType><Integer>[1-32766] minuts:1</Integer></ageOfLocationInformation.C9.BoxedType>
               <userCSGInformation.C10.Sequence>
                  <csg_Id.C0.BoxedType><BitString><BitString value="df3c529b70ef21d4be53045c8fe70f" trailing="0"/></BitString></csg_Id.C0.BoxedType>
                  <extensionContainer.C1.Sequence>
                     <privateExtensionList.C0.BoxedType>
                        <Collection>
                           <PrivateExtension.Sequence>
                              <extId><ObjectIdentifier>0.1.235.19.57.46</ObjectIdentifier></extId>
                              <extType>71432345</extType>
                           </PrivateExtension.Sequence>
                           <PrivateExtension.Sequence>
                              <extId><ObjectIdentifier>0.1.293.3.67.108.57</ObjectIdentifier></extId>
                              <extType>239a0787717a68</extType>
                           </PrivateExtension.Sequence>
                           <PrivateExtension.Sequence>
                              <extId><ObjectIdentifier>0.1.2122.95.68</ObjectIdentifier></extId>
                              <extType>a38130622c9d74b6c1</extType>
                           </PrivateExtension.Sequence>
                        </Collection>
                     </privateExtensionList.C0.BoxedType>
                     <pcs_Extensions.C1.Sequence>
                        
                     </pcs_Extensions.C1.Sequence>
                  </extensionContainer.C1.Sequence>
                  <accessMode.C2>e3d50482</accessMode.C2>
                  <cmi.C3>28421f4e81de</cmi.C3>
               </userCSGInformation.C10.Sequence>
            </locationInformationGPRS.C2.Sequence>
            <endUserAddress.C3.Sequence>
               <pDPTypeOrganization.C0>86522f4caa</pDPTypeOrganization.C0>
               <pDPTypeNumber.C1>2171</pDPTypeNumber.C1>
               <pDPAddress.C2>37a0d7359e5e70</pDPAddress.C2>
            </endUserAddress.C3.Sequence>
            <qualityOfService.C4.Sequence>
               <requested_QoS.C0.Choice>
                  <short_QoS_format.C0.BoxedType><Bytes>75057a
                        <field name="spare1" value="1" type="Integer" lengthBit="2"/>
                        <field name="Delay class" value="Delay class 4 (best effort):6" type="EnumLong" lengthBit="3"/>
                        <field name="Reliability class" value="Unacknowledged GTP, LLC, and RLC, Unprotected data:5" type="EnumLong" lengthBit="3"/>
                        <field name="Peak throughput" value="Subscribed peak throughput / Reserved:0" type="EnumLong" lengthBit="4"/>
                        <field name="spare2" value="0" type="Integer" lengthBit="1"/>
                        <field name="Precedence class" value="Normal priority:5" type="EnumLong" lengthBit="3"/>
                        <field name="spare3" value="3" type="Integer" lengthBit="3"/>
                        <field name="Mean throughput" value="Best effort:26" type="EnumLong" lengthBit="5"/>
                     </Bytes></short_QoS_format.C0.BoxedType>
                  <long_QoS_format.C1.BoxedType><Bytes>a3d5db1a710b2d3d0e
                        <field name="Allocation/Retention Priority" value="163" type="Integer" length="1"/>
                        <field name="Traffic class" value="Reserved:6" type="EnumLong" lengthBit="3"/>
                        <field name="Delivery class" value="Without delivery order (&apos;no&apos;):2" type="EnumLong" lengthBit="2"/>
                        <field name="Delivery erroneous SDUs" value="Reserved:5" type="EnumLong" lengthBit="3"/>
                        <field name="Maximum SDU size" value="219" type="Integer" length="1"/>
                        <field name="Maximum bitrate uplink" value="26" type="Integer" length="1"/>
                        <field name="Maximum bitrate downlink" value="113" type="Integer" length="1"/>
                        <field name="SDU error ratio" value="Subscribed SDU error ratio / Reserved:0" type="EnumLong" lengthBit="4"/>
                        <field name="Residual BER" value="Reserved:11" type="EnumLong" lengthBit="4"/>
                        <field name="Transfer delay" value="11" type="Integer" lengthBit="6"/>
                        <field name="Traffic handling priority" value="Priority level 1:1" type="EnumLong" lengthBit="2"/>
                        <field name="Guaranteed bitrate uplink" value="61" type="Integer" length="1"/>
                        <field name="Guaranteed bitrate downlink" value="14" type="Integer" length="1"/>
                     </Bytes></long_QoS_format.C1.BoxedType>
               </requested_QoS.C0.Choice>
               <subscribed_QoS.C1.Choice>
                  <short_QoS_format.C0.BoxedType><Bytes>5bee42
                        <field name="spare1" value="1" type="Integer" lengthBit="2"/>
                        <field name="Delay class" value="Delay class 3:3" type="EnumLong" lengthBit="3"/>
                        <field name="Reliability class" value="Unacknowledged GTP and LLC; Acknowledged RLC, Protected data:3" type="EnumLong" lengthBit="3"/>
                        <field name="Peak throughput" value="Up to 1 000 octet/s:14" type="EnumLong" lengthBit="4"/>
                        <field name="spare2" value="1" type="Integer" lengthBit="1"/>
                        <field name="Precedence class" value="Normal priority:6" type="EnumLong" lengthBit="3"/>
                        <field name="spare3" value="2" type="Integer" lengthBit="3"/>
                        <field name="Mean throughput" value="200 octet/h:2" type="EnumLong" lengthBit="5"/>
                     </Bytes></short_QoS_format.C0.BoxedType>
                  <long_QoS_format.C1.BoxedType><Bytes>27ab787f54bf15f3ff
                        <field name="Allocation/Retention Priority" value="39" type="Integer" length="1"/>
                        <field name="Traffic class" value="Reserved:5" type="EnumLong" lengthBit="3"/>
                        <field name="Delivery class" value="With delivery order (&apos;yes&apos;):1" type="EnumLong" lengthBit="2"/>
                        <field name="Delivery erroneous SDUs" value="Erroneous SDUs are not delivered (&apos;no&apos;):3" type="EnumLong" lengthBit="3"/>
                        <field name="Maximum SDU size" value="120" type="Integer" length="1"/>
                        <field name="Maximum bitrate uplink" value="127" type="Integer" length="1"/>
                        <field name="Maximum bitrate downlink" value="84" type="Integer" length="1"/>
                        <field name="SDU error ratio" value="Reserved:11" type="EnumLong" lengthBit="4"/>
                        <field name="Residual BER" value="Reserved:15" type="EnumLong" lengthBit="4"/>
                        <field name="Transfer delay" value="5" type="Integer" lengthBit="6"/>
                        <field name="Traffic handling priority" value="Priority level 1:1" type="EnumLong" lengthBit="2"/>
                        <field name="Guaranteed bitrate uplink" value="243" type="Integer" length="1"/>
                        <field name="Guaranteed bitrate downlink" value="255" type="Integer" length="1"/>
                     </Bytes></long_QoS_format.C1.BoxedType>
               </subscribed_QoS.C1.Choice>
               <negotiated_QoS.C2.Choice>
                  <short_QoS_format.C0.BoxedType><Bytes>b3fd5d
                        <field name="spare1" value="2" type="Integer" lengthBit="2"/>
                        <field name="Delay class" value="Delay class 4 (best effort):6" type="EnumLong" lengthBit="3"/>
                        <field name="Reliability class" value="Unacknowledged GTP and LLC; Acknowledged RLC, Protected data:3" type="EnumLong" lengthBit="3"/>
                        <field name="Peak throughput" value="Reserved:15" type="EnumLong" lengthBit="4"/>
                        <field name="spare2" value="1" type="Integer" lengthBit="1"/>
                        <field name="Precedence class" value="Normal priority:5" type="EnumLong" lengthBit="3"/>
                        <field name="spare3" value="2" type="Integer" lengthBit="3"/>
                        <field name="Mean throughput" value="Best effort:29" type="EnumLong" lengthBit="5"/>
                     </Bytes></short_QoS_format.C0.BoxedType>
                  <long_QoS_format.C1.BoxedType><Bytes>58b52df3940ec616c2
                        <field name="Allocation/Retention Priority" value="88" type="Integer" length="1"/>
                        <field name="Traffic class" value="Reserved:5" type="EnumLong" lengthBit="3"/>
                        <field name="Delivery class" value="Without delivery order (&apos;no&apos;):2" type="EnumLong" lengthBit="2"/>
                        <field name="Delivery erroneous SDUs" value="Reserved:5" type="EnumLong" lengthBit="3"/>
                        <field name="Maximum SDU size" value="45" type="Integer" length="1"/>
                        <field name="Maximum bitrate uplink" value="243" type="Integer" length="1"/>
                        <field name="Maximum bitrate downlink" value="148" type="Integer" length="1"/>
                        <field name="SDU error ratio" value="Subscribed SDU error ratio / Reserved:0" type="EnumLong" lengthBit="4"/>
                        <field name="Residual BER" value="Reserved:14" type="EnumLong" lengthBit="4"/>
                        <field name="Transfer delay" value="49" type="Integer" lengthBit="6"/>
                        <field name="Traffic handling priority" value="Priority level 2:2" type="EnumLong" lengthBit="2"/>
                        <field name="Guaranteed bitrate uplink" value="22" type="Integer" length="1"/>
                        <field name="Guaranteed bitrate downlink" value="194" type="Integer" length="1"/>
                     </Bytes></long_QoS_format.C1.BoxedType>
               </negotiated_QoS.C2.Choice>
               <requested_QoS_Extension.C3.Sequence>
                  <supplement_to_long_QoS_format.C0.BoxedType><Bytes>8116cf5d9e
                        <field name="spare" value="4" type="Integer" lengthBit="3"/>
                        <field name="Signalling Indication" value="Not optimised for signalling traffic:0" type="EnumLong" lengthBit="1"/>
                        <field name="Source Statistics Descriptor" value="speech:1" type="EnumLong" lengthBit="4"/>
                        <field name="Maximum bitrate downlink (extended)" value="22" type="Integer" length="1"/>
                        <field name="Guaranteed bitrate downlink (extended)" value="207" type="Integer" length="1"/>
                        <field name="Maximum bitrate uplink (extended)" value="93" type="Integer" length="1"/>
                        <field name="Guaranteed bitrate uplink (extended)" value="158" type="Integer" length="1"/>
                     </Bytes></supplement_to_long_QoS_format.C0.BoxedType>
                  <additionalSupplement.C1.BoxedType><Bytes>6d10
                        <field name="Maximum bitrate uplink (extended)" value="109" type="Integer" length="1"/>
                        <field name="Guaranteed bitrate uplink (extended)" value="16" type="Integer" length="1"/>
                     </Bytes></additionalSupplement.C1.BoxedType>
               </requested_QoS_Extension.C3.Sequence>
               <subscribed_QoS_Extension.C4.Sequence>
                  <supplement_to_long_QoS_format.C0.BoxedType><Bytes>42d28b70e9
                        <field name="spare" value="2" type="Integer" lengthBit="3"/>
                        <field name="Signalling Indication" value="Not optimised for signalling traffic:0" type="EnumLong" lengthBit="1"/>
                        <field name="Source Statistics Descriptor" value="unknown:2" type="EnumLong" lengthBit="4"/>
                        <field name="Maximum bitrate downlink (extended)" value="210" type="Integer" length="1"/>
                        <field name="Guaranteed bitrate downlink (extended)" value="139" type="Integer" length="1"/>
                        <field name="Maximum bitrate uplink (extended)" value="112" type="Integer" length="1"/>
                        <field name="Guaranteed bitrate uplink (extended)" value="233" type="Integer" length="1"/>
                     </Bytes></supplement_to_long_QoS_format.C0.BoxedType>
                  <additionalSupplement.C1.BoxedType><Bytes>b80f
                        <field name="Maximum bitrate uplink (extended)" value="184" type="Integer" length="1"/>
                        <field name="Guaranteed bitrate uplink (extended)" value="15" type="Integer" length="1"/>
                     </Bytes></additionalSupplement.C1.BoxedType>
               </subscribed_QoS_Extension.C4.Sequence>
               <negotiated_QoS_Extension.C5.Sequence>
                  <supplement_to_long_QoS_format.C0.BoxedType><Bytes>130f6bae30
                        <field name="spare" value="0" type="Integer" lengthBit="3"/>
                        <field name="Signalling Indication" value="Optimised for signalling traffic:1" type="EnumLong" lengthBit="1"/>
                        <field name="Source Statistics Descriptor" value="unknown:3" type="EnumLong" lengthBit="4"/>
                        <field name="Maximum bitrate downlink (extended)" value="15" type="Integer" length="1"/>
                        <field name="Guaranteed bitrate downlink (extended)" value="107" type="Integer" length="1"/>
                        <field name="Maximum bitrate uplink (extended)" value="174" type="Integer" length="1"/>
                        <field name="Guaranteed bitrate uplink (extended)" value="48" type="Integer" length="1"/>
                     </Bytes></supplement_to_long_QoS_format.C0.BoxedType>
                  <additionalSupplement.C1.BoxedType><Bytes>ac84
                        <field name="Maximum bitrate uplink (extended)" value="172" type="Integer" length="1"/>
                        <field name="Guaranteed bitrate uplink (extended)" value="132" type="Integer" length="1"/>
                     </Bytes></additionalSupplement.C1.BoxedType>
               </negotiated_QoS_Extension.C5.Sequence>
            </qualityOfService.C4.Sequence>
            <timeAndTimeZone.C5.BoxedType><Bytes>00000039584102f7
                  <field name="value" value="000000938514207" type="Number_BCD" length="8"/>
               </Bytes></timeAndTimeZone.C5.BoxedType>
            <gGSNAddress.C6.BoxedType><Bytes>66cc4531a2
                  <field name="Address type" value="IPV6:1" type="EnumLong" lengthBit="2"/>
                  <field name="AddressLength" value="38" type="Integer" lengthBit="6"/>
                  <field name="IPV4 address" value="204.69.49.162" type="IPV4Address" length="4"/>
               </Bytes></gGSNAddress.C6.BoxedType>
         </pdp_ContextchangeOfPositionSpecificInformation.C1.Sequence>
         <detachSpecificInformation.C2.Sequence>
            <initiatingEntity.C0.Enum>
               <EnumType>ggsn.3</EnumType>
            </initiatingEntity.C0.Enum>
            <routeingAreaUpdate.C1></routeingAreaUpdate.C1>
         </detachSpecificInformation.C2.Sequence>
         <disconnectSpecificInformation.C3.Sequence>
            <initiatingEntity.C0.Enum>
               <EnumType>hlr.2</EnumType>
            </initiatingEntity.C0.Enum>
            <routeingAreaUpdate.C1></routeingAreaUpdate.C1>
         </disconnectSpecificInformation.C3.Sequence>
         <pDPContextEstablishmentSpecificInformation.C4.Sequence>
            <accessPointName.C0.BoxedType><Bytes>5e70</Bytes></accessPointName.C0.BoxedType>
            <endUserAddress.C1.Sequence>
               <pDPTypeOrganization.C0>3e1ef6cba5</pDPTypeOrganization.C0>
               <pDPTypeNumber.C1>163a40</pDPTypeNumber.C1>
               <pDPAddress.C2>4928eb1c25d468bb</pDPAddress.C2>
            </endUserAddress.C1.Sequence>
            <qualityOfService.C2.Sequence>
               <requested_QoS.C0.Choice>
                  <short_QoS_format.C0.BoxedType><Bytes>a1d53c
                        <field name="spare1" value="2" type="Integer" lengthBit="2"/>
                        <field name="Delay class" value="Delay class 4 (best effort):4" type="EnumLong" lengthBit="3"/>
                        <field name="Reliability class" value="Unused. If received, it shall be interpreted as &apos;010&apos;:1" type="EnumLong" lengthBit="3"/>
                        <field name="Peak throughput" value="Up to 1 000 octet/s:13" type="EnumLong" lengthBit="4"/>
                        <field name="spare2" value="0" type="Integer" lengthBit="1"/>
                        <field name="Precedence class" value="Normal priority:5" type="EnumLong" lengthBit="3"/>
                        <field name="spare3" value="1" type="Integer" lengthBit="3"/>
                        <field name="Mean throughput" value="Best effort:28" type="EnumLong" lengthBit="5"/>
                     </Bytes></short_QoS_format.C0.BoxedType>
                  <long_QoS_format.C1.BoxedType><Bytes>fe1ccf3a9fcf4f89f7
                        <field name="Allocation/Retention Priority" value="254" type="Integer" length="1"/>
                        <field name="Traffic class" value="Subscribed traffic class / Reserved:0" type="EnumLong" lengthBit="3"/>
                        <field name="Delivery class" value="Reserved:3" type="EnumLong" lengthBit="2"/>
                        <field name="Delivery erroneous SDUs" value="Reserved:4" type="EnumLong" lengthBit="3"/>
                        <field name="Maximum SDU size" value="207" type="Integer" length="1"/>
                        <field name="Maximum bitrate uplink" value="58" type="Integer" length="1"/>
                        <field name="Maximum bitrate downlink" value="159" type="Integer" length="1"/>
                        <field name="SDU error ratio" value="Reserved:12" type="EnumLong" lengthBit="4"/>
                        <field name="Residual BER" value="Reserved:15" type="EnumLong" lengthBit="4"/>
                        <field name="Transfer delay" value="19" type="Integer" lengthBit="6"/>
                        <field name="Traffic handling priority" value="Priority level 3:3" type="EnumLong" lengthBit="2"/>
                        <field name="Guaranteed bitrate uplink" value="137" type="Integer" length="1"/>
                        <field name="Guaranteed bitrate downlink" value="247" type="Integer" length="1"/>
                     </Bytes></long_QoS_format.C1.BoxedType>
               </requested_QoS.C0.Choice>
               <subscribed_QoS.C1.Choice>
                  <short_QoS_format.C0.BoxedType><Bytes>25677e
                        <field name="spare1" value="0" type="Integer" lengthBit="2"/>
                        <field name="Delay class" value="Delay class 4 (best effort):4" type="EnumLong" lengthBit="3"/>
                        <field name="Reliability class" value="Unacknowledged GTP, LLC, and RLC, Unprotected data:5" type="EnumLong" lengthBit="3"/>
                        <field name="Peak throughput" value="Up to 32 000 octet/s:6" type="EnumLong" lengthBit="4"/>
                        <field name="spare2" value="0" type="Integer" lengthBit="1"/>
                        <field name="Precedence class" value="Reserved:7" type="EnumLong" lengthBit="3"/>
                        <field name="spare3" value="3" type="Integer" lengthBit="3"/>
                        <field name="Mean throughput" value="Reserved:30" type="EnumLong" lengthBit="5"/>
                     </Bytes></short_QoS_format.C0.BoxedType>
                  <long_QoS_format.C1.BoxedType><Bytes>92af255434eafeeaf5
                        <field name="Allocation/Retention Priority" value="146" type="Integer" length="1"/>
                        <field name="Traffic class" value="Reserved:5" type="EnumLong" lengthBit="3"/>
                        <field name="Delivery class" value="With delivery order (&apos;yes&apos;):1" type="EnumLong" lengthBit="2"/>
                        <field name="Delivery erroneous SDUs" value="Reserved:7" type="EnumLong" lengthBit="3"/>
                        <field name="Maximum SDU size" value="37" type="Integer" length="1"/>
                        <field name="Maximum bitrate uplink" value="84" type="Integer" length="1"/>
                        <field name="Maximum bitrate downlink" value="52" type="Integer" length="1"/>
                        <field name="SDU error ratio" value="Reserved:14" type="EnumLong" lengthBit="4"/>
                        <field name="Residual BER" value="Reserved:10" type="EnumLong" lengthBit="4"/>
                        <field name="Transfer delay" value="63" type="Integer" lengthBit="6"/>
                        <field name="Traffic handling priority" value="Priority level 2:2" type="EnumLong" lengthBit="2"/>
                        <field name="Guaranteed bitrate uplink" value="234" type="Integer" length="1"/>
                        <field name="Guaranteed bitrate downlink" value="245" type="Integer" length="1"/>
                     </Bytes></long_QoS_format.C1.BoxedType>
               </subscribed_QoS.C1.Choice>
               <negotiated_QoS.C2.Choice>
                  <short_QoS_format.C0.BoxedType><Bytes>51d44d
                        <field name="spare1" value="1" type="Integer" lengthBit="2"/>
                        <field name="Delay class" value="Delay class 2:2" type="EnumLong" lengthBit="3"/>
                        <field name="Reliability class" value="Unused. If received, it shall be interpreted as &apos;010&apos;:1" type="EnumLong" lengthBit="3"/>
                        <field name="Peak throughput" value="Up to 1 000 octet/s:13" type="EnumLong" lengthBit="4"/>
                        <field name="spare2" value="0" type="Integer" lengthBit="1"/>
                        <field name="Precedence class" value="Normal priority:4" type="EnumLong" lengthBit="3"/>
                        <field name="spare3" value="2" type="Integer" lengthBit="3"/>
                        <field name="Mean throughput" value="1000000 octet/h:13" type="EnumLong" lengthBit="5"/>
                     </Bytes></short_QoS_format.C0.BoxedType>
                  <long_QoS_format.C1.BoxedType><Bytes>15cc872af2970138c2
                        <field name="Allocation/Retention Priority" value="21" type="Integer" length="1"/>
                        <field name="Traffic class" value="Reserved:6" type="EnumLong" lengthBit="3"/>
                        <field name="Delivery class" value="With delivery order (&apos;yes&apos;):1" type="EnumLong" lengthBit="2"/>
                        <field name="Delivery erroneous SDUs" value="Reserved:4" type="EnumLong" lengthBit="3"/>
                        <field name="Maximum SDU size" value="135" type="Integer" length="1"/>
                        <field name="Maximum bitrate uplink" value="42" type="Integer" length="1"/>
                        <field name="Maximum bitrate downlink" value="242" type="Integer" length="1"/>
                        <field name="SDU error ratio" value="Reserved:9" type="EnumLong" lengthBit="4"/>
                        <field name="Residual BER" value="1*10 power -5:7" type="EnumLong" lengthBit="4"/>
                        <field name="Transfer delay" value="0" type="Integer" lengthBit="6"/>
                        <field name="Traffic handling priority" value="Priority level 1:1" type="EnumLong" lengthBit="2"/>
                        <field name="Guaranteed bitrate uplink" value="56" type="Integer" length="1"/>
                        <field name="Guaranteed bitrate downlink" value="194" type="Integer" length="1"/>
                     </Bytes></long_QoS_format.C1.BoxedType>
               </negotiated_QoS.C2.Choice>
               <requested_QoS_Extension.C3.Sequence>
                  <supplement_to_long_QoS_format.C0.BoxedType><Bytes>698bf7dd49
                        <field name="spare" value="3" type="Integer" lengthBit="3"/>
                        <field name="Signalling Indication" value="Not optimised for signalling traffic:0" type="EnumLong" lengthBit="1"/>
                        <field name="Source Statistics Descriptor" value="unknown:9" type="EnumLong" lengthBit="4"/>
                        <field name="Maximum bitrate downlink (extended)" value="139" type="Integer" length="1"/>
                        <field name="Guaranteed bitrate downlink (extended)" value="247" type="Integer" length="1"/>
                        <field name="Maximum bitrate uplink (extended)" value="221" type="Integer" length="1"/>
                        <field name="Guaranteed bitrate uplink (extended)" value="73" type="Integer" length="1"/>
                     </Bytes></supplement_to_long_QoS_format.C0.BoxedType>
                  <additionalSupplement.C1.BoxedType><Bytes>6f39
                        <field name="Maximum bitrate uplink (extended)" value="111" type="Integer" length="1"/>
                        <field name="Guaranteed bitrate uplink (extended)" value="57" type="Integer" length="1"/>
                     </Bytes></additionalSupplement.C1.BoxedType>
               </requested_QoS_Extension.C3.Sequence>
               <subscribed_QoS_Extension.C4.Sequence>
                  <supplement_to_long_QoS_format.C0.BoxedType><Bytes>7ec4877b42
                        <field name="spare" value="3" type="Integer" lengthBit="3"/>
                        <field name="Signalling Indication" value="Optimised for signalling traffic:1" type="EnumLong" lengthBit="1"/>
                        <field name="Source Statistics Descriptor" value="unknown:14" type="EnumLong" lengthBit="4"/>
                        <field name="Maximum bitrate downlink (extended)" value="196" type="Integer" length="1"/>
                        <field name="Guaranteed bitrate downlink (extended)" value="135" type="Integer" length="1"/>
                        <field name="Maximum bitrate uplink (extended)" value="123" type="Integer" length="1"/>
                        <field name="Guaranteed bitrate uplink (extended)" value="66" type="Integer" length="1"/>
                     </Bytes></supplement_to_long_QoS_format.C0.BoxedType>
                  <additionalSupplement.C1.BoxedType><Bytes>8c31
                        <field name="Maximum bitrate uplink (extended)" value="140" type="Integer" length="1"/>
                        <field name="Guaranteed bitrate uplink (extended)" value="49" type="Integer" length="1"/>
                     </Bytes></additionalSupplement.C1.BoxedType>
               </subscribed_QoS_Extension.C4.Sequence>
               <negotiated_QoS_Extension.C5.Sequence>
                  <supplement_to_long_QoS_format.C0.BoxedType><Bytes>5bca320d18
                        <field name="spare" value="2" type="Integer" lengthBit="3"/>
                        <field name="Signalling Indication" value="Optimised for signalling traffic:1" type="EnumLong" lengthBit="1"/>
                        <field name="Source Statistics Descriptor" value="unknown:11" type="EnumLong" lengthBit="4"/>
                        <field name="Maximum bitrate downlink (extended)" value="202" type="Integer" length="1"/>
                        <field name="Guaranteed bitrate downlink (extended)" value="50" type="Integer" length="1"/>
                        <field name="Maximum bitrate uplink (extended)" value="13" type="Integer" length="1"/>
                        <field name="Guaranteed bitrate uplink (extended)" value="24" type="Integer" length="1"/>
                     </Bytes></supplement_to_long_QoS_format.C0.BoxedType>
                  <additionalSupplement.C1.BoxedType><Bytes>6a63
                        <field name="Maximum bitrate uplink (extended)" value="106" type="Integer" length="1"/>
                        <field name="Guaranteed bitrate uplink (extended)" value="99" type="Integer" length="1"/>
                     </Bytes></additionalSupplement.C1.BoxedType>
               </negotiated_QoS_Extension.C5.Sequence>
            </qualityOfService.C2.Sequence>
            <locationInformationGPRS.C3.Sequence>
               <cellGlobalIdOrServiceAreaIdOrLAI.C0.Choice>
                  <cellGlobalIdOrServiceAreaIdFixedLength.C0.BoxedType><Bytes>02f016f48cb67c
                        <field name="MMC" value="200,61" type="NumberMMC" length="3"/>
                        <field name="LAC" value="62604" type="Integer" length="2"/>
                        <field name="CI_SAC" value="46716" type="Integer" length="2"/>
                     </Bytes></cellGlobalIdOrServiceAreaIdFixedLength.C0.BoxedType>
                  <laiFixedLength.C1.BoxedType><Bytes>710952a490
                        <field name="MMC" value="179,250" type="NumberMMC" length="3"/>
                        <field name="LAC" value="42128" type="Integer" length="2"/>
                     </Bytes></laiFixedLength.C1.BoxedType>
               </cellGlobalIdOrServiceAreaIdOrLAI.C0.Choice>
               <routeingAreaIdentity.C1.BoxedType><Bytes>2199127128bb
                     <field name="MMC" value="129,219" type="NumberMMC" length="3"/>
                     <field name="LAC" value="28968" type="Integer" length="2"/>
                     <field name="RAC" value="187" type="Integer" length="1"/>
                  </Bytes></routeingAreaIdentity.C1.BoxedType>
               <geographicalInformation.C2.BoxedType><Bytes>7990ea4f5d437c69
                     <field name="TypeOfShape" value="Reserved for future use:7" type="EnumLong" lengthBit="4"/>
                     <field name="spare" value="9" type="Integer" lengthBit="4"/>
                     <field name="DegreesOfLatitude" value="9497167" type="Integer" length="3"/>
                     <field name="DegreesOfLongitude" value="6112124" type="Integer" length="3"/>
                     <field name="UncertaintyCode" value="105" type="Integer" length="1"/>
                  </Bytes></geographicalInformation.C2.BoxedType>
               <sgsn_Number.C3.BoxedType><AddressString.BoxedType><Bytes>7c18312273f3
                        <field name="extension" value="extension:0" type="EnumLong" lengthBit="1"/>
                        <field name="nature of address" value="reserved for extension:7" type="EnumLong" lengthBit="3"/>
                        <field name="numbering plan" value="12" type="EnumLong" lengthBit="4"/>
                        <field name="digits" value="811322373" type="Number_BCD" length="9"/>
                     </Bytes></AddressString.BoxedType></sgsn_Number.C3.BoxedType>
               <selectedLSAIdentity.C4.BoxedType><Bytes>f5a5ab
                     <field name="LSA type" value="Universal LSA number:1" type="EnumLong" lengthBit="1"/>
                     <field name="Identifier" value="7710123" type="Integer" lengthBit="23"/>
                  </Bytes></selectedLSAIdentity.C4.BoxedType>
               <extensionContainer.C5.Sequence>
                  <privateExtensionList.C0.BoxedType>
                     <Collection>
                        <PrivateExtension.Sequence>
                           <extId><ObjectIdentifier>0.1.2109.106.107.16.122.22.15.69.74.62</ObjectIdentifier></extId>
                           <extType>22a1</extType>
                        </PrivateExtension.Sequence>
                        <PrivateExtension.Sequence>
                           <extId><ObjectIdentifier>0.1.2114.122.44.111.52.8.59.94</ObjectIdentifier></extId>
                           <extType>2109e9</extType>
                        </PrivateExtension.Sequence>
                        <PrivateExtension.Sequence>
                           <extId><ObjectIdentifier>0.1.212.88</ObjectIdentifier></extId>
                           <extType>9bcda69274</extType>
                        </PrivateExtension.Sequence>
                     </Collection>
                  </privateExtensionList.C0.BoxedType>
                  <pcs_Extensions.C1.Sequence>
                     
                  </pcs_Extensions.C1.Sequence>
               </extensionContainer.C5.Sequence>
               <sai_Present.C6></sai_Present.C6>
               <geodeticInformation.C7.BoxedType><Bytes>08c59aa55276f67d366a
                     <field name="spare" value="0" type="Integer" lengthBit="4"/>
                     <field name="LPRI" value="location not available (Note):2" type="EnumLong" lengthBit="2"/>
                     <field name="screnning" value="user provided, not verified:0" type="EnumLong" lengthBit="2"/>
                     <field name="ext" value="1" type="Integer" lengthBit="1"/>
                     <field name="TypeOfShape" value="reserved for national use:69" type="EnumLong" lengthBit="7"/>
                     <field name="DegreesOfLatitude" value="10134866" type="Integer" length="3"/>
                     <field name="DegreesOfLongitude" value="7796349" type="Integer" length="3"/>
                     <field name="UncertaintyCode" value="54" type="Integer" length="1"/>
                     <field name="Confidence" value="106" type="Integer" length="1"/>
                  </Bytes></geodeticInformation.C7.BoxedType>
               <currentLocationRetrieved.C8></currentLocationRetrieved.C8>
               <ageOfLocationInformation.C9.BoxedType><Integer>2 minuts:2</Integer></ageOfLocationInformation.C9.BoxedType>
               <userCSGInformation.C10.Sequence>
                  <csg_Id.C0.BoxedType><BitString><BitString value="8308daae03a570d7d35b8362a5" trailing="0"/></BitString></csg_Id.C0.BoxedType>
                  <extensionContainer.C1.Sequence>
                     <privateExtensionList.C0.BoxedType>
                        <Collection>
                           <PrivateExtension.Sequence>
                              <extId><ObjectIdentifier>0.1.251.33.97.73</ObjectIdentifier></extId>
                              <extType>bdf950c2f62495</extType>
                           </PrivateExtension.Sequence>
                           <PrivateExtension.Sequence>
                              <extId><ObjectIdentifier>0.1.243.110.9.90.72.53.85.92.34.42</ObjectIdentifier></extId>
                              <extType>09237d2537</extType>
                           </PrivateExtension.Sequence>
                           <PrivateExtension.Sequence>
                              <extId><ObjectIdentifier>0.1.248</ObjectIdentifier></extId>
                              <extType>d9fffc9435</extType>
                           </PrivateExtension.Sequence>
                        </Collection>
                     </privateExtensionList.C0.BoxedType>
                     <pcs_Extensions.C1.Sequence>
                        
                     </pcs_Extensions.C1.Sequence>
                  </extensionContainer.C1.Sequence>
                  <accessMode.C2>6141d004dec3e1c0e8ee</accessMode.C2>
                  <cmi.C3>ae</cmi.C3>
               </userCSGInformation.C10.Sequence>
            </locationInformationGPRS.C3.Sequence>
            <timeAndTimeZone.C4.BoxedType><Bytes>0000008104405798
                  <field name="value" value="0000001840047589" type="Number_BCD" length="8"/>
               </Bytes></timeAndTimeZone.C4.BoxedType>
            <pDPInitiationType.C5.Enum>
               <EnumType>mSInitiated.0</EnumType>
            </pDPInitiationType.C5.Enum>
            <secondaryPDP_context.C6></secondaryPDP_context.C6>
         </pDPContextEstablishmentSpecificInformation.C4.Sequence>
         <pDPContextEstablishmentAcknowledgementSpecificInformation.C5.Sequence>
            <accessPointName.C0.BoxedType><Bytes>e57c</Bytes></accessPointName.C0.BoxedType>
            <chargingID.C1.BoxedType><Bytes>aa6a5cd8
                  <field name="Charging ID" value="2859097304" type="Integer" length="4"/>
               </Bytes></chargingID.C1.BoxedType>
            <endUserAddress.C2.Sequence>
               <pDPTypeOrganization.C0>1d5fc817947396e3c7</pDPTypeOrganization.C0>
               <pDPTypeNumber.C1>216792f37593aa</pDPTypeNumber.C1>
               <pDPAddress.C2>bf001190</pDPAddress.C2>
            </endUserAddress.C2.Sequence>
            <qualityOfService.C3.Sequence>
               <requested_QoS.C0.Choice>
                  <short_QoS_format.C0.BoxedType><Bytes>4de555
                        <field name="spare1" value="1" type="Integer" lengthBit="2"/>
                        <field name="Delay class" value="Delay class 1:1" type="EnumLong" lengthBit="3"/>
                        <field name="Reliability class" value="Unacknowledged GTP, LLC, and RLC, Unprotected data:5" type="EnumLong" lengthBit="3"/>
                        <field name="Peak throughput" value="Up to 1 000 octet/s:14" type="EnumLong" lengthBit="4"/>
                        <field name="spare2" value="0" type="Integer" lengthBit="1"/>
                        <field name="Precedence class" value="Normal priority:5" type="EnumLong" lengthBit="3"/>
                        <field name="spare3" value="2" type="Integer" lengthBit="3"/>
                        <field name="Mean throughput" value="Best effort:21" type="EnumLong" lengthBit="5"/>
                     </Bytes></short_QoS_format.C0.BoxedType>
                  <long_QoS_format.C1.BoxedType><Bytes>94f1e40ec9af6a4122
                        <field name="Allocation/Retention Priority" value="148" type="Integer" length="1"/>
                        <field name="Traffic class" value="Reserved:7" type="EnumLong" lengthBit="3"/>
                        <field name="Delivery class" value="Without delivery order (&apos;no&apos;):2" type="EnumLong" lengthBit="2"/>
                        <field name="Delivery erroneous SDUs" value="No detect (&apos;-&apos;):1" type="EnumLong" lengthBit="3"/>
                        <field name="Maximum SDU size" value="228" type="Integer" length="1"/>
                        <field name="Maximum bitrate uplink" value="14" type="Integer" length="1"/>
                        <field name="Maximum bitrate downlink" value="201" type="Integer" length="1"/>
                        <field name="SDU error ratio" value="Reserved:10" type="EnumLong" lengthBit="4"/>
                        <field name="Residual BER" value="Reserved:15" type="EnumLong" lengthBit="4"/>
                        <field name="Transfer delay" value="26" type="Integer" lengthBit="6"/>
                        <field name="Traffic handling priority" value="Priority level 2:2" type="EnumLong" lengthBit="2"/>
                        <field name="Guaranteed bitrate uplink" value="65" type="Integer" length="1"/>
                        <field name="Guaranteed bitrate downlink" value="34" type="Integer" length="1"/>
                     </Bytes></long_QoS_format.C1.BoxedType>
               </requested_QoS.C0.Choice>
               <subscribed_QoS.C1.Choice>
                  <short_QoS_format.C0.BoxedType><Bytes>0104a5
                        <field name="spare1" value="0" type="Integer" lengthBit="2"/>
                        <field name="Delay class" value="Subscribed delay class / Reserved:0" type="EnumLong" lengthBit="3"/>
                        <field name="Reliability class" value="Unused. If received, it shall be interpreted as &apos;010&apos;:1" type="EnumLong" lengthBit="3"/>
                        <field name="Peak throughput" value="Subscribed peak throughput / Reserved:0" type="EnumLong" lengthBit="4"/>
                        <field name="spare2" value="0" type="Integer" lengthBit="1"/>
                        <field name="Precedence class" value="Normal priority:4" type="EnumLong" lengthBit="3"/>
                        <field name="spare3" value="5" type="Integer" lengthBit="3"/>
                        <field name="Mean throughput" value="2000 octet/h:5" type="EnumLong" lengthBit="5"/>
                     </Bytes></short_QoS_format.C0.BoxedType>
                  <long_QoS_format.C1.BoxedType><Bytes>fb4203f0319db044a4
                        <field name="Allocation/Retention Priority" value="251" type="Integer" length="1"/>
                        <field name="Traffic class" value="Streaming class:2" type="EnumLong" lengthBit="3"/>
                        <field name="Delivery class" value="Subscribed delivery class / Reserved:0" type="EnumLong" lengthBit="2"/>
                        <field name="Delivery erroneous SDUs" value="Erroneous SDUs are delivered (&apos;yes&apos;):2" type="EnumLong" lengthBit="3"/>
                        <field name="Maximum SDU size" value="3" type="Integer" length="1"/>
                        <field name="Maximum bitrate uplink" value="240" type="Integer" length="1"/>
                        <field name="Maximum bitrate downlink" value="49" type="Integer" length="1"/>
                        <field name="SDU error ratio" value="Reserved:9" type="EnumLong" lengthBit="4"/>
                        <field name="Residual BER" value="Reserved:13" type="EnumLong" lengthBit="4"/>
                        <field name="Transfer delay" value="44" type="Integer" lengthBit="6"/>
                        <field name="Traffic handling priority" value="Subscribed traffic handling priority / Reserved:0" type="EnumLong" lengthBit="2"/>
                        <field name="Guaranteed bitrate uplink" value="68" type="Integer" length="1"/>
                        <field name="Guaranteed bitrate downlink" value="164" type="Integer" length="1"/>
                     </Bytes></long_QoS_format.C1.BoxedType>
               </subscribed_QoS.C1.Choice>
               <negotiated_QoS.C2.Choice>
                  <short_QoS_format.C0.BoxedType><Bytes>45bca9
                        <field name="spare1" value="1" type="Integer" lengthBit="2"/>
                        <field name="Delay class" value="Subscribed delay class / Reserved:0" type="EnumLong" lengthBit="3"/>
                        <field name="Reliability class" value="Unacknowledged GTP, LLC, and RLC, Unprotected data:5" type="EnumLong" lengthBit="3"/>
                        <field name="Peak throughput" value="Up to 1 000 octet/s:11" type="EnumLong" lengthBit="4"/>
                        <field name="spare2" value="1" type="Integer" lengthBit="1"/>
                        <field name="Precedence class" value="Normal priority:4" type="EnumLong" lengthBit="3"/>
                        <field name="spare3" value="5" type="Integer" lengthBit="3"/>
                        <field name="Mean throughput" value="50000 octet/h:9" type="EnumLong" lengthBit="5"/>
                     </Bytes></short_QoS_format.C0.BoxedType>
                  <long_QoS_format.C1.BoxedType><Bytes>f56d87e924dda7e274
                        <field name="Allocation/Retention Priority" value="245" type="Integer" length="1"/>
                        <field name="Traffic class" value="Interactive class:3" type="EnumLong" lengthBit="3"/>
                        <field name="Delivery class" value="With delivery order (&apos;yes&apos;):1" type="EnumLong" lengthBit="2"/>
                        <field name="Delivery erroneous SDUs" value="Reserved:5" type="EnumLong" lengthBit="3"/>
                        <field name="Maximum SDU size" value="135" type="Integer" length="1"/>
                        <field name="Maximum bitrate uplink" value="233" type="Integer" length="1"/>
                        <field name="Maximum bitrate downlink" value="36" type="Integer" length="1"/>
                        <field name="SDU error ratio" value="Reserved:13" type="EnumLong" lengthBit="4"/>
                        <field name="Residual BER" value="Reserved:13" type="EnumLong" lengthBit="4"/>
                        <field name="Transfer delay" value="41" type="Integer" lengthBit="6"/>
                        <field name="Traffic handling priority" value="Priority level 3:3" type="EnumLong" lengthBit="2"/>
                        <field name="Guaranteed bitrate uplink" value="226" type="Integer" length="1"/>
                        <field name="Guaranteed bitrate downlink" value="116" type="Integer" length="1"/>
                     </Bytes></long_QoS_format.C1.BoxedType>
               </negotiated_QoS.C2.Choice>
               <requested_QoS_Extension.C3.Sequence>
                  <supplement_to_long_QoS_format.C0.BoxedType><Bytes>afcb0f9587
                        <field name="spare" value="5" type="Integer" lengthBit="3"/>
                        <field name="Signalling Indication" value="Not optimised for signalling traffic:0" type="EnumLong" lengthBit="1"/>
                        <field name="Source Statistics Descriptor" value="unknown:15" type="EnumLong" lengthBit="4"/>
                        <field name="Maximum bitrate downlink (extended)" value="203" type="Integer" length="1"/>
                        <field name="Guaranteed bitrate downlink (extended)" value="15" type="Integer" length="1"/>
                        <field name="Maximum bitrate uplink (extended)" value="149" type="Integer" length="1"/>
                        <field name="Guaranteed bitrate uplink (extended)" value="135" type="Integer" length="1"/>
                     </Bytes></supplement_to_long_QoS_format.C0.BoxedType>
                  <additionalSupplement.C1.BoxedType><Bytes>9954
                        <field name="Maximum bitrate uplink (extended)" value="153" type="Integer" length="1"/>
                        <field name="Guaranteed bitrate uplink (extended)" value="84" type="Integer" length="1"/>
                     </Bytes></additionalSupplement.C1.BoxedType>
               </requested_QoS_Extension.C3.Sequence>
               <subscribed_QoS_Extension.C4.Sequence>
                  <supplement_to_long_QoS_format.C0.BoxedType><Bytes>88883f9458
                        <field name="spare" value="4" type="Integer" lengthBit="3"/>
                        <field name="Signalling Indication" value="Not optimised for signalling traffic:0" type="EnumLong" lengthBit="1"/>
                        <field name="Source Statistics Descriptor" value="unknown:8" type="EnumLong" lengthBit="4"/>
                        <field name="Maximum bitrate downlink (extended)" value="136" type="Integer" length="1"/>
                        <field name="Guaranteed bitrate downlink (extended)" value="63" type="Integer" length="1"/>
                        <field name="Maximum bitrate uplink (extended)" value="148" type="Integer" length="1"/>
                        <field name="Guaranteed bitrate uplink (extended)" value="88" type="Integer" length="1"/>
                     </Bytes></supplement_to_long_QoS_format.C0.BoxedType>
                  <additionalSupplement.C1.BoxedType><Bytes>fa37
                        <field name="Maximum bitrate uplink (extended)" value="250" type="Integer" length="1"/>
                        <field name="Guaranteed bitrate uplink (extended)" value="55" type="Integer" length="1"/>
                     </Bytes></additionalSupplement.C1.BoxedType>
               </subscribed_QoS_Extension.C4.Sequence>
               <negotiated_QoS_Extension.C5.Sequence>
                  <supplement_to_long_QoS_format.C0.BoxedType><Bytes>4908fa8cdb
                        <field name="spare" value="2" type="Integer" lengthBit="3"/>
                        <field name="Signalling Indication" value="Not optimised for signalling traffic:0" type="EnumLong" lengthBit="1"/>
                        <field name="Source Statistics Descriptor" value="unknown:9" type="EnumLong" lengthBit="4"/>
                        <field name="Maximum bitrate downlink (extended)" value="8" type="Integer" length="1"/>
                        <field name="Guaranteed bitrate downlink (extended)" value="250" type="Integer" length="1"/>
                        <field name="Maximum bitrate uplink (extended)" value="140" type="Integer" length="1"/>
                        <field name="Guaranteed bitrate uplink (extended)" value="219" type="Integer" length="1"/>
                     </Bytes></supplement_to_long_QoS_format.C0.BoxedType>
                  <additionalSupplement.C1.BoxedType><Bytes>67c4
                        <field name="Maximum bitrate uplink (extended)" value="103" type="Integer" length="1"/>
                        <field name="Guaranteed bitrate uplink (extended)" value="196" type="Integer" length="1"/>
                     </Bytes></additionalSupplement.C1.BoxedType>
               </negotiated_QoS_Extension.C5.Sequence>
            </qualityOfService.C3.Sequence>
            <locationInformationGPRS.C4.Sequence>
               <cellGlobalIdOrServiceAreaIdOrLAI.C0.Choice>
                  <cellGlobalIdOrServiceAreaIdFixedLength.C0.BoxedType><Bytes>61f232b64b8bdb
                        <field name="MMC" value="162,23" type="NumberMMC" length="3"/>
                        <field name="LAC" value="46667" type="Integer" length="2"/>
                        <field name="CI_SAC" value="35803" type="Integer" length="2"/>
                     </Bytes></cellGlobalIdOrServiceAreaIdFixedLength.C0.BoxedType>
                  <laiFixedLength.C1.BoxedType><Bytes>12f867ab22
                        <field name="MMC" value="218,76" type="NumberMMC" length="3"/>
                        <field name="LAC" value="43810" type="Integer" length="2"/>
                     </Bytes></laiFixedLength.C1.BoxedType>
               </cellGlobalIdOrServiceAreaIdOrLAI.C0.Choice>
               <routeingAreaIdentity.C1.BoxedType><Bytes>32f953b6517a
                     <field name="MMC" value="239,35" type="NumberMMC" length="3"/>
                     <field name="LAC" value="46673" type="Integer" length="2"/>
                     <field name="RAC" value="122" type="Integer" length="1"/>
                  </Bytes></routeingAreaIdentity.C1.BoxedType>
               <geographicalInformation.C2.BoxedType><Bytes>cd24f012f632e381
                     <field name="TypeOfShape" value="Reserved for future use:12" type="EnumLong" lengthBit="4"/>
                     <field name="spare" value="13" type="Integer" lengthBit="4"/>
                     <field name="DegreesOfLatitude" value="2420754" type="Integer" length="3"/>
                     <field name="DegreesOfLongitude" value="16134883" type="Integer" length="3"/>
                     <field name="UncertaintyCode" value="129" type="Integer" length="1"/>
                  </Bytes></geographicalInformation.C2.BoxedType>
               <sgsn_Number.C3.BoxedType><AddressString.BoxedType><Bytes>f003928575
                        <field name="extension" value="no extension:1" type="EnumLong" lengthBit="1"/>
                        <field name="nature of address" value="reserved for extension:7" type="EnumLong" lengthBit="3"/>
                        <field name="numbering plan" value="unknown:0" type="EnumLong" lengthBit="4"/>
                        <field name="digits" value="30295857" type="Number_BCD" length="8"/>
                     </Bytes></AddressString.BoxedType></sgsn_Number.C3.BoxedType>
               <selectedLSAIdentity.C4.BoxedType><Bytes>db83cc
                     <field name="LSA type" value="Universal LSA number:1" type="EnumLong" lengthBit="1"/>
                     <field name="Identifier" value="5997516" type="Integer" lengthBit="23"/>
                  </Bytes></selectedLSAIdentity.C4.BoxedType>
               <extensionContainer.C5.Sequence>
                  <privateExtensionList.C0.BoxedType>
                     <Collection>
                        <PrivateExtension.Sequence>
                           <extId><ObjectIdentifier>0.1.241.95</ObjectIdentifier></extId>
                           <extType>f17602</extType>
                        </PrivateExtension.Sequence>
                        <PrivateExtension.Sequence>
                           <extId><ObjectIdentifier>0.1.245.49.101.102.7</ObjectIdentifier></extId>
                           <extType>d0bf0bd236b772ba</extType>
                        </PrivateExtension.Sequence>
                        <PrivateExtension.Sequence>
                           <extId><ObjectIdentifier>0.1.289</ObjectIdentifier></extId>
                           <extType>56165a3334e52476</extType>
                        </PrivateExtension.Sequence>
                     </Collection>
                  </privateExtensionList.C0.BoxedType>
                  <pcs_Extensions.C1.Sequence>
                     
                  </pcs_Extensions.C1.Sequence>
               </extensionContainer.C5.Sequence>
               <sai_Present.C6></sai_Present.C6>
               <geodeticInformation.C7.BoxedType><Bytes>4e0296bf573f32b7e6be
                     <field name="spare" value="4" type="Integer" lengthBit="4"/>
                     <field name="LPRI" value="spare:3" type="EnumLong" lengthBit="2"/>
                     <field name="screnning" value="user provided, verified and failed:2" type="EnumLong" lengthBit="2"/>
                     <field name="ext" value="0" type="Integer" lengthBit="1"/>
                     <field name="TypeOfShape" value="point with altitude and uncertainty:2" type="EnumLong" lengthBit="7"/>
                     <field name="DegreesOfLatitude" value="9879383" type="Integer" length="3"/>
                     <field name="DegreesOfLongitude" value="4141751" type="Integer" length="3"/>
                     <field name="UncertaintyCode" value="230" type="Integer" length="1"/>
                     <field name="Confidence" value="190" type="Integer" length="1"/>
                  </Bytes></geodeticInformation.C7.BoxedType>
               <currentLocationRetrieved.C8></currentLocationRetrieved.C8>
               <ageOfLocationInformation.C9.BoxedType><Integer>[1-32766] minuts:1</Integer></ageOfLocationInformation.C9.BoxedType>
               <userCSGInformation.C10.Sequence>
                  <csg_Id.C0.BoxedType><BitString><BitString value="2c590671f574a10a6825db30dc62" trailing="0"/></BitString></csg_Id.C0.BoxedType>
                  <extensionContainer.C1.Sequence>
                     <privateExtensionList.C0.BoxedType>
                        <Collection>
                           <PrivateExtension.Sequence>
                              <extId><ObjectIdentifier>0.1.2124</ObjectIdentifier></extId>
                              <extType>29</extType>
                           </PrivateExtension.Sequence>
                           <PrivateExtension.Sequence>
                              <extId><ObjectIdentifier>0.1.2</ObjectIdentifier></extId>
                              <extType>cfee34a845c749</extType>
                           </PrivateExtension.Sequence>
                           <PrivateExtension.Sequence>
                              <extId><ObjectIdentifier>0.1.2123.39.29.1.75.30.47.73</ObjectIdentifier></extId>
                              <extType>e86398a8</extType>
                           </PrivateExtension.Sequence>
                        </Collection>
                     </privateExtensionList.C0.BoxedType>
                     <pcs_Extensions.C1.Sequence>
                        
                     </pcs_Extensions.C1.Sequence>
                  </extensionContainer.C1.Sequence>
                  <accessMode.C2>d4082e13de</accessMode.C2>
                  <cmi.C3>61878abc</cmi.C3>
               </userCSGInformation.C10.Sequence>
            </locationInformationGPRS.C4.Sequence>
            <timeAndTimeZone.C5.BoxedType><Bytes>00000051552628f6
                  <field name="value" value="000000155562826" type="Number_BCD" length="8"/>
               </Bytes></timeAndTimeZone.C5.BoxedType>
            <gGSNAddress.C6.BoxedType><Bytes>0652250baf
                  <field name="Address type" value="IPV4:0" type="EnumLong" lengthBit="2"/>
                  <field name="AddressLength" value="6" type="Integer" lengthBit="6"/>
                  <field name="IPV4 address" value="82.37.11.175" type="IPV4Address" length="4"/>
               </Bytes></gGSNAddress.C6.BoxedType>
         </pDPContextEstablishmentAcknowledgementSpecificInformation.C5.Sequence>
      </gPRSEventSpecificInformation.C2.Choice>
      <pDPId.C3.BoxedType><Bytes>48c411f88ab64a45</Bytes></pDPId.C3.BoxedType>
   </EventReportGPRSArg.Sequence>
</ASN>