<?xml version="1.0" encoding="ISO-8859-15"?>

<ASN layer="CAP">
   <Ext_ForwFeature.Sequence>
      <basicService.Choice>
         <ext_BearerService.C2.BoxedType><Bytes>bbc15bada9b30e</Bytes></ext_BearerService.C2.BoxedType>
         <ext_Teleservice.C3.BoxedType><Bytes>0f0c8ed5ac
               <field name="Code" value="15" type="EnumLong" length="1"/>
               <field name="Extension data" value="0c8ed5ac" type="Binary" length="4"/>
            </Bytes></ext_Teleservice.C3.BoxedType>
      </basicService.Choice>
      <ss_Status.C4.BoxedType><Bytes>95b48f89c7ea3b</Bytes></ss_Status.C4.BoxedType>
      <forwardedToNumber.C5.BoxedType><AddressString.BoxedType><Bytes>1a2153038731
               <field name="extension" value="extension:0" type="EnumLong" lengthBit="1"/>
               <field name="nature of address" value="international number:1" type="EnumLong" lengthBit="3"/>
               <field name="numbering plan" value="10" type="EnumLong" lengthBit="4"/>
               <field name="digits" value="1235307813" type="Number_BCD" length="10"/>
            </Bytes></AddressString.BoxedType></forwardedToNumber.C5.BoxedType>
      <forwardedToSubaddress.C8.BoxedType><Bytes>d434393a2e342aa716</Bytes></forwardedToSubaddress.C8.BoxedType>
      <forwardingOptions.C6.BoxedType><Bytes>074a3fab353a</Bytes></forwardingOptions.C6.BoxedType>
      <noReplyConditionTime.C7.BoxedType><Integer>1</Integer></noReplyConditionTime.C7.BoxedType>
      <extensionContainer.C9.Sequence>
         <privateExtensionList.C0.BoxedType>
            <Collection>
               <PrivateExtension.Sequence>
                  <extId><ObjectIdentifier>0.1.2120.115.55</ObjectIdentifier></extId>
                  <extType>313f8f8d6a7f9c</extType>
               </PrivateExtension.Sequence>
               <PrivateExtension.Sequence>
                  <extId><ObjectIdentifier>0.1.2127.100.23</ObjectIdentifier></extId>
                  <extType>175ef967b1</extType>
               </PrivateExtension.Sequence>
               <PrivateExtension.Sequence>
                  <extId><ObjectIdentifier>0.1.238.25.43.101.9.73</ObjectIdentifier></extId>
                  <extType>18de1699c72f</extType>
               </PrivateExtension.Sequence>
            </Collection>
         </privateExtensionList.C0.BoxedType>
         <pcs_Extensions.C1.Sequence>
            
         </pcs_Extensions.C1.Sequence>
      </extensionContainer.C9.Sequence>
      <longForwardedToNumber.C10.BoxedType><AddressString.BoxedType><Bytes>b90242847003
               <field name="extension" value="no extension:1" type="EnumLong" lengthBit="1"/>
               <field name="nature of address" value="network specific number:3" type="EnumLong" lengthBit="3"/>
               <field name="numbering plan" value="private numbering plan:9" type="EnumLong" lengthBit="4"/>
               <field name="digits" value="2024480730" type="Number_BCD" length="10"/>
            </Bytes></AddressString.BoxedType></longForwardedToNumber.C10.BoxedType>
   </Ext_ForwFeature.Sequence>
</ASN>