<?xml version="1.0" encoding="ISO-8859-15"?>

<ASN layer="CAP">
   <Ext_SS_Info.Choice>
      <forwardingInfo.C0.Sequence>
         <ss_Code.BoxedType><Bytes>82257043cc8701</Bytes></ss_Code.BoxedType>
         <forwardingFeatureList.BoxedType>
            <Collection>
               <Ext_ForwFeature.Sequence>
                  <basicService.Choice>
                     <ext_BearerService.C2.BoxedType><Bytes>0fda6e</Bytes></ext_BearerService.C2.BoxedType>
                     <ext_Teleservice.C3.BoxedType><Bytes>90003d5608
                           <field name="Code" value="allVoiceGroupCallServices:144" type="EnumLong" length="1"/>
                           <field name="Extension data" value="003d5608" type="Binary" length="4"/>
                        </Bytes></ext_Teleservice.C3.BoxedType>
                  </basicService.Choice>
                  <ss_Status.C4.BoxedType><Bytes>96da3e5be9f332</Bytes></ss_Status.C4.BoxedType>
                  <forwardedToNumber.C5.BoxedType><AddressString.BoxedType><Bytes>100182302277
                           <field name="extension" value="extension:0" type="EnumLong" lengthBit="1"/>
                           <field name="nature of address" value="international number:1" type="EnumLong" lengthBit="3"/>
                           <field name="numbering plan" value="unknown:0" type="EnumLong" lengthBit="4"/>
                           <field name="digits" value="1028032277" type="Number_BCD" length="10"/>
                        </Bytes></AddressString.BoxedType></forwardedToNumber.C5.BoxedType>
                  <forwardedToSubaddress.C8.BoxedType><Bytes>325c4f0bc3e343</Bytes></forwardedToSubaddress.C8.BoxedType>
                  <forwardingOptions.C6.BoxedType><Bytes>aeb2917e551abd7a</Bytes></forwardingOptions.C6.BoxedType>
                  <noReplyConditionTime.C7.BoxedType><Integer>0</Integer></noReplyConditionTime.C7.BoxedType>
                  <extensionContainer.C9.Sequence>
                     <privateExtensionList.C0.BoxedType>
                        <Collection>
                           <PrivateExtension.Sequence>
                              <extId><ObjectIdentifier>0.1.25.83.111.117.20.125.5.26.71</ObjectIdentifier></extId>
                              <extType>c44e46df</extType>
                           </PrivateExtension.Sequence>
                           <PrivateExtension.Sequence>
                              <extId><ObjectIdentifier>0.1.279</ObjectIdentifier></extId>
                              <extType>8a9645</extType>
                           </PrivateExtension.Sequence>
                           <PrivateExtension.Sequence>
                              <extId><ObjectIdentifier>0.1.2</ObjectIdentifier></extId>
                              <extType>3ed8</extType>
                           </PrivateExtension.Sequence>
                        </Collection>
                     </privateExtensionList.C0.BoxedType>
                     <pcs_Extensions.C1.Sequence>
                        
                     </pcs_Extensions.C1.Sequence>
                  </extensionContainer.C9.Sequence>
                  <longForwardedToNumber.C10.BoxedType><AddressString.BoxedType><Bytes>5744839130f7
                           <field name="extension" value="extension:0" type="EnumLong" lengthBit="1"/>
                           <field name="nature of address" value="reserved:5" type="EnumLong" lengthBit="3"/>
                           <field name="numbering plan" value="spare:7" type="EnumLong" lengthBit="4"/>
                           <field name="digits" value="443819037" type="Number_BCD" length="9"/>
                        </Bytes></AddressString.BoxedType></longForwardedToNumber.C10.BoxedType>
               </Ext_ForwFeature.Sequence>
               <Ext_ForwFeature.Sequence>
                  <basicService.Choice>
                     <ext_BearerService.C2.BoxedType><Bytes>ac2a19b1</Bytes></ext_BearerService.C2.BoxedType>
                     <ext_Teleservice.C3.BoxedType><Bytes>8199297b98
                           <field name="Code" value="129" type="EnumLong" length="1"/>
                           <field name="Extension data" value="99297b98" type="Binary" length="4"/>
                        </Bytes></ext_Teleservice.C3.BoxedType>
                  </basicService.Choice>
                  <ss_Status.C4.BoxedType><Bytes>619911ec8e</Bytes></ss_Status.C4.BoxedType>
                  <forwardedToNumber.C5.BoxedType><AddressString.BoxedType><Bytes>b024466807f1
                           <field name="extension" value="no extension:1" type="EnumLong" lengthBit="1"/>
                           <field name="nature of address" value="network specific number:3" type="EnumLong" lengthBit="3"/>
                           <field name="numbering plan" value="unknown:0" type="EnumLong" lengthBit="4"/>
                           <field name="digits" value="426486701" type="Number_BCD" length="9"/>
                        </Bytes></AddressString.BoxedType></forwardedToNumber.C5.BoxedType>
                  <forwardedToSubaddress.C8.BoxedType><Bytes>46f9d91d6b</Bytes></forwardedToSubaddress.C8.BoxedType>
                  <forwardingOptions.C6.BoxedType><Bytes>72ff9230</Bytes></forwardingOptions.C6.BoxedType>
                  <noReplyConditionTime.C7.BoxedType><Integer>1</Integer></noReplyConditionTime.C7.BoxedType>
                  <extensionContainer.C9.Sequence>
                     <privateExtensionList.C0.BoxedType>
                        <Collection>
                           <PrivateExtension.Sequence>
                              <extId><ObjectIdentifier>0.1.298.47.88.33.14</ObjectIdentifier></extId>
                              <extType>fe1c7048eac899b678</extType>
                           </PrivateExtension.Sequence>
                           <PrivateExtension.Sequence>
                              <extId><ObjectIdentifier>0.1.252.21.39.106</ObjectIdentifier></extId>
                              <extType>5bc599438e743d</extType>
                           </PrivateExtension.Sequence>
                           <PrivateExtension.Sequence>
                              <extId><ObjectIdentifier>0.1.241.48.56.69</ObjectIdentifier></extId>
                              <extType>b305</extType>
                           </PrivateExtension.Sequence>
                        </Collection>
                     </privateExtensionList.C0.BoxedType>
                     <pcs_Extensions.C1.Sequence>
                        
                     </pcs_Extensions.C1.Sequence>
                  </extensionContainer.C9.Sequence>
                  <longForwardedToNumber.C10.BoxedType><AddressString.BoxedType><Bytes>f809174606f5
                           <field name="extension" value="no extension:1" type="EnumLong" lengthBit="1"/>
                           <field name="nature of address" value="reserved for extension:7" type="EnumLong" lengthBit="3"/>
                           <field name="numbering plan" value="national numbering plan:8" type="EnumLong" lengthBit="4"/>
                           <field name="digits" value="907164605" type="Number_BCD" length="9"/>
                        </Bytes></AddressString.BoxedType></longForwardedToNumber.C10.BoxedType>
               </Ext_ForwFeature.Sequence>
               <Ext_ForwFeature.Sequence>
                  <basicService.Choice>
                     <ext_BearerService.C2.BoxedType><Bytes>be9f</Bytes></ext_BearerService.C2.BoxedType>
                     <ext_Teleservice.C3.BoxedType><Bytes>361da0cf08
                           <field name="Code" value="54" type="EnumLong" length="1"/>
                           <field name="Extension data" value="1da0cf08" type="Binary" length="4"/>
                        </Bytes></ext_Teleservice.C3.BoxedType>
                  </basicService.Choice>
                  <ss_Status.C4.BoxedType><Bytes>a15befd8</Bytes></ss_Status.C4.BoxedType>
                  <forwardedToNumber.C5.BoxedType><AddressString.BoxedType><Bytes>3f55772125f8
                           <field name="extension" value="extension:0" type="EnumLong" lengthBit="1"/>
                           <field name="nature of address" value="network specific number:3" type="EnumLong" lengthBit="3"/>
                           <field name="numbering plan" value="reserved for extension:15" type="EnumLong" lengthBit="4"/>
                           <field name="digits" value="557712528" type="Number_BCD" length="9"/>
                        </Bytes></AddressString.BoxedType></forwardedToNumber.C5.BoxedType>
                  <forwardedToSubaddress.C8.BoxedType><Bytes>2bdf0ea3e747a5668e</Bytes></forwardedToSubaddress.C8.BoxedType>
                  <forwardingOptions.C6.BoxedType><Bytes>8377ee</Bytes></forwardingOptions.C6.BoxedType>
                  <noReplyConditionTime.C7.BoxedType><Integer>1</Integer></noReplyConditionTime.C7.BoxedType>
                  <extensionContainer.C9.Sequence>
                     <privateExtensionList.C0.BoxedType>
                        <Collection>
                           <PrivateExtension.Sequence>
                              <extId><ObjectIdentifier>0.1.287.60.74.49.87.56.96.2.29.121</ObjectIdentifier></extId>
                              <extType>10579f423602ed40f7</extType>
                           </PrivateExtension.Sequence>
                           <PrivateExtension.Sequence>
                              <extId><ObjectIdentifier>0.1.253.64.68.23.52.82.33.80.13</ObjectIdentifier></extId>
                              <extType>28c1ac009e302c0b5b</extType>
                           </PrivateExtension.Sequence>
                           <PrivateExtension.Sequence>
                              <extId><ObjectIdentifier>0.1.281.68.77.50</ObjectIdentifier></extId>
                              <extType>a0f85a55f0635a</extType>
                           </PrivateExtension.Sequence>
                        </Collection>
                     </privateExtensionList.C0.BoxedType>
                     <pcs_Extensions.C1.Sequence>
                        
                     </pcs_Extensions.C1.Sequence>
                  </extensionContainer.C9.Sequence>
                  <longForwardedToNumber.C10.BoxedType><AddressString.BoxedType><Bytes>3988637749f8
                           <field name="extension" value="extension:0" type="EnumLong" lengthBit="1"/>
                           <field name="nature of address" value="network specific number:3" type="EnumLong" lengthBit="3"/>
                           <field name="numbering plan" value="private numbering plan:9" type="EnumLong" lengthBit="4"/>
                           <field name="digits" value="883677948" type="Number_BCD" length="9"/>
                        </Bytes></AddressString.BoxedType></longForwardedToNumber.C10.BoxedType>
               </Ext_ForwFeature.Sequence>
            </Collection>
         </forwardingFeatureList.BoxedType>
         <extensionContainer.C0.Sequence>
            <privateExtensionList.C0.BoxedType>
               <Collection>
                  <PrivateExtension.Sequence>
                     <extId><ObjectIdentifier>0.1.255.77.94.20.122</ObjectIdentifier></extId>
                     <extType>58bcd29d</extType>
                  </PrivateExtension.Sequence>
                  <PrivateExtension.Sequence>
                     <extId><ObjectIdentifier>0.1.292.11.7.88.15</ObjectIdentifier></extId>
                     <extType>36647b3473f636b1</extType>
                  </PrivateExtension.Sequence>
                  <PrivateExtension.Sequence>
                     <extId><ObjectIdentifier>0.1.215.89.72.31.26.20.69.73</ObjectIdentifier></extId>
                     <extType>cc3b41</extType>
                  </PrivateExtension.Sequence>
               </Collection>
            </privateExtensionList.C0.BoxedType>
            <pcs_Extensions.C1.Sequence>
               
            </pcs_Extensions.C1.Sequence>
         </extensionContainer.C0.Sequence>
      </forwardingInfo.C0.Sequence>
      <callBarringInfo.C1.Sequence>
         <ss_Code.BoxedType><Bytes>95a5ef084bb0c8</Bytes></ss_Code.BoxedType>
         <callBarringFeatureList.BoxedType>
            <Collection>
               <Ext_CallBarringFeature.Sequence>
                  <basicService.Choice>
                     <ext_BearerService.C2.BoxedType><Bytes>4e8d361d8305040a93</Bytes></ext_BearerService.C2.BoxedType>
                     <ext_Teleservice.C3.BoxedType><Bytes>da0030c580
                           <field name="Code" value="plmn-specificTS-A:218" type="EnumLong" length="1"/>
                           <field name="Extension data" value="0030c580" type="Binary" length="4"/>
                        </Bytes></ext_Teleservice.C3.BoxedType>
                  </basicService.Choice>
                  <ss_Status.C4.BoxedType><Bytes>edd9c68e6d657a5f</Bytes></ss_Status.C4.BoxedType>
                  <extensionContainer.Sequence>
                     <privateExtensionList.C0.BoxedType>
                        <Collection>
                           <PrivateExtension.Sequence>
                              <extId><ObjectIdentifier>0.1.2114.6.5.74.21.32.112</ObjectIdentifier></extId>
                              <extType>749d</extType>
                           </PrivateExtension.Sequence>
                           <PrivateExtension.Sequence>
                              <extId><ObjectIdentifier>0.1.2113.56.65</ObjectIdentifier></extId>
                              <extType>5fa677d57f</extType>
                           </PrivateExtension.Sequence>
                           <PrivateExtension.Sequence>
                              <extId><ObjectIdentifier>0.1.292.9.125.17.122.33.74</ObjectIdentifier></extId>
                              <extType>90043b</extType>
                           </PrivateExtension.Sequence>
                        </Collection>
                     </privateExtensionList.C0.BoxedType>
                     <pcs_Extensions.C1.Sequence>
                        
                     </pcs_Extensions.C1.Sequence>
                  </extensionContainer.Sequence>
               </Ext_CallBarringFeature.Sequence>
               <Ext_CallBarringFeature.Sequence>
                  <basicService.Choice>
                     <ext_BearerService.C2.BoxedType><Bytes>54e7f8fb8f6766</Bytes></ext_BearerService.C2.BoxedType>
                     <ext_Teleservice.C3.BoxedType><Bytes>9f0a9ec5a7
                           <field name="Code" value="159" type="EnumLong" length="1"/>
                           <field name="Extension data" value="0a9ec5a7" type="Binary" length="4"/>
                        </Bytes></ext_Teleservice.C3.BoxedType>
                  </basicService.Choice>
                  <ss_Status.C4.BoxedType><Bytes>f0cb86a0d77cb4</Bytes></ss_Status.C4.BoxedType>
                  <extensionContainer.Sequence>
                     <privateExtensionList.C0.BoxedType>
                        <Collection>
                           <PrivateExtension.Sequence>
                              <extId><ObjectIdentifier>0.1.268.75.16.48.57.21.70</ObjectIdentifier></extId>
                              <extType>70d7af2ab8</extType>
                           </PrivateExtension.Sequence>
                           <PrivateExtension.Sequence>
                              <extId><ObjectIdentifier>0.1.279.93.50.22.5.121.106.115.123</ObjectIdentifier></extId>
                              <extType>628750d73511da</extType>
                           </PrivateExtension.Sequence>
                           <PrivateExtension.Sequence>
                              <extId><ObjectIdentifier>0.1.286.19.122.40.33.88.63.73.82</ObjectIdentifier></extId>
                              <extType>3c867cbc</extType>
                           </PrivateExtension.Sequence>
                        </Collection>
                     </privateExtensionList.C0.BoxedType>
                     <pcs_Extensions.C1.Sequence>
                        
                     </pcs_Extensions.C1.Sequence>
                  </extensionContainer.Sequence>
               </Ext_CallBarringFeature.Sequence>
               <Ext_CallBarringFeature.Sequence>
                  <basicService.Choice>
                     <ext_BearerService.C2.BoxedType><Bytes>ed2b27b5dc6c81c130</Bytes></ext_BearerService.C2.BoxedType>
                     <ext_Teleservice.C3.BoxedType><Bytes>f6c68e70b8
                           <field name="Code" value="246" type="EnumLong" length="1"/>
                           <field name="Extension data" value="c68e70b8" type="Binary" length="4"/>
                        </Bytes></ext_Teleservice.C3.BoxedType>
                  </basicService.Choice>
                  <ss_Status.C4.BoxedType><Bytes>c3fcf89f63cc66</Bytes></ss_Status.C4.BoxedType>
                  <extensionContainer.Sequence>
                     <privateExtensionList.C0.BoxedType>
                        <Collection>
                           <PrivateExtension.Sequence>
                              <extId><ObjectIdentifier>0.1.295.87.86.61.15.27.115</ObjectIdentifier></extId>
                              <extType>aefe1b093e98</extType>
                           </PrivateExtension.Sequence>
                           <PrivateExtension.Sequence>
                              <extId><ObjectIdentifier>0.1.29.42.108.27.68.127.114.18.23.10</ObjectIdentifier></extId>
                              <extType>1000a18b97cbf4a331</extType>
                           </PrivateExtension.Sequence>
                           <PrivateExtension.Sequence>
                              <extId><ObjectIdentifier>0.1.281</ObjectIdentifier></extId>
                              <extType>67a60c32c06fd5</extType>
                           </PrivateExtension.Sequence>
                        </Collection>
                     </privateExtensionList.C0.BoxedType>
                     <pcs_Extensions.C1.Sequence>
                        
                     </pcs_Extensions.C1.Sequence>
                  </extensionContainer.Sequence>
               </Ext_CallBarringFeature.Sequence>
            </Collection>
         </callBarringFeatureList.BoxedType>
         <extensionContainer.Sequence>
            <privateExtensionList.C0.BoxedType>
               <Collection>
                  <PrivateExtension.Sequence>
                     <extId><ObjectIdentifier>0.1.278.30.78.38.44.28</ObjectIdentifier></extId>
                     <extType>2eeb085887bf</extType>
                  </PrivateExtension.Sequence>
                  <PrivateExtension.Sequence>
                     <extId><ObjectIdentifier>0.1.288.23.22.35.14.19</ObjectIdentifier></extId>
                     <extType>cf</extType>
                  </PrivateExtension.Sequence>
                  <PrivateExtension.Sequence>
                     <extId><ObjectIdentifier>0.1.239.46.68.30.17.80.30</ObjectIdentifier></extId>
                     <extType>f1</extType>
                  </PrivateExtension.Sequence>
               </Collection>
            </privateExtensionList.C0.BoxedType>
            <pcs_Extensions.C1.Sequence>
               
            </pcs_Extensions.C1.Sequence>
         </extensionContainer.Sequence>
      </callBarringInfo.C1.Sequence>
      <cug_Info.C2.Sequence>
         <cug_SubscriptionList.BoxedType>
            <Collection>
               <CUG_Subscription.Sequence>
                  <cug_Index.BoxedType><Integer>1</Integer></cug_Index.BoxedType>
                  <cug_Interlock.BoxedType><Bytes>4962</Bytes></cug_Interlock.BoxedType>
                  <intraCUG_Options.Enum>
                     <EnumType>cugIC_CallBarred.1</EnumType>
                  </intraCUG_Options.Enum>
                  <basicServiceGroupList.BoxedType>
                     <Collection>
                        <Ext_BasicServiceCode.Choice>
                           <ext_BearerService.C2.BoxedType><Bytes>69b499e0ed</Bytes></ext_BearerService.C2.BoxedType>
                           <ext_Teleservice.C3.BoxedType><Bytes>10360665eb
                                 <field name="Code" value="allSpeechTransmissionServices:16" type="EnumLong" length="1"/>
                                 <field name="Extension data" value="360665eb" type="Binary" length="4"/>
                              </Bytes></ext_Teleservice.C3.BoxedType>
                        </Ext_BasicServiceCode.Choice>
                        <Ext_BasicServiceCode.Choice>
                           <ext_BearerService.C2.BoxedType><Bytes>ccf631e812e5</Bytes></ext_BearerService.C2.BoxedType>
                           <ext_Teleservice.C3.BoxedType><Bytes>ef3182e408
                                 <field name="Code" value="239" type="EnumLong" length="1"/>
                                 <field name="Extension data" value="3182e408" type="Binary" length="4"/>
                              </Bytes></ext_Teleservice.C3.BoxedType>
                        </Ext_BasicServiceCode.Choice>
                        <Ext_BasicServiceCode.Choice>
                           <ext_BearerService.C2.BoxedType><Bytes>a21d5cd20358c00cf3</Bytes></ext_BearerService.C2.BoxedType>
                           <ext_Teleservice.C3.BoxedType><Bytes>e69f45f72b
                                 <field name="Code" value="230" type="EnumLong" length="1"/>
                                 <field name="Extension data" value="9f45f72b" type="Binary" length="4"/>
                              </Bytes></ext_Teleservice.C3.BoxedType>
                        </Ext_BasicServiceCode.Choice>
                     </Collection>
                  </basicServiceGroupList.BoxedType>
                  <extensionContainer.C0.Sequence>
                     <privateExtensionList.C0.BoxedType>
                        <Collection>
                           <PrivateExtension.Sequence>
                              <extId><ObjectIdentifier>0.1.263.43.76.103.95.121.21.20.40.100</ObjectIdentifier></extId>
                              <extType>48f797</extType>
                           </PrivateExtension.Sequence>
                           <PrivateExtension.Sequence>
                              <extId><ObjectIdentifier>0.1.259.128.116.26.72.39.33.8</ObjectIdentifier></extId>
                              <extType>de</extType>
                           </PrivateExtension.Sequence>
                           <PrivateExtension.Sequence>
                              <extId><ObjectIdentifier>0.1.285.45.84</ObjectIdentifier></extId>
                              <extType>b5e5e6a9e2</extType>
                           </PrivateExtension.Sequence>
                        </Collection>
                     </privateExtensionList.C0.BoxedType>
                     <pcs_Extensions.C1.Sequence>
                        
                     </pcs_Extensions.C1.Sequence>
                  </extensionContainer.C0.Sequence>
               </CUG_Subscription.Sequence>
               <CUG_Subscription.Sequence>
                  <cug_Index.BoxedType><Integer>0</Integer></cug_Index.BoxedType>
                  <cug_Interlock.BoxedType><Bytes>288fdffc4b90</Bytes></cug_Interlock.BoxedType>
                  <intraCUG_Options.Enum>
                     <EnumType>noCUG_Restrictions.0</EnumType>
                  </intraCUG_Options.Enum>
                  <basicServiceGroupList.BoxedType>
                     <Collection>
                        <Ext_BasicServiceCode.Choice>
                           <ext_BearerService.C2.BoxedType><Bytes>2c3d11</Bytes></ext_BearerService.C2.BoxedType>
                           <ext_Teleservice.C3.BoxedType><Bytes>1e53ea0a6a
                                 <field name="Code" value="30" type="EnumLong" length="1"/>
                                 <field name="Extension data" value="53ea0a6a" type="Binary" length="4"/>
                              </Bytes></ext_Teleservice.C3.BoxedType>
                        </Ext_BasicServiceCode.Choice>
                        <Ext_BasicServiceCode.Choice>
                           <ext_BearerService.C2.BoxedType><Bytes>0985</Bytes></ext_BearerService.C2.BoxedType>
                           <ext_Teleservice.C3.BoxedType><Bytes>a7e95022b1
                                 <field name="Code" value="167" type="EnumLong" length="1"/>
                                 <field name="Extension data" value="e95022b1" type="Binary" length="4"/>
                              </Bytes></ext_Teleservice.C3.BoxedType>
                        </Ext_BasicServiceCode.Choice>
                        <Ext_BasicServiceCode.Choice>
                           <ext_BearerService.C2.BoxedType><Bytes>21147249d3429f13e7</Bytes></ext_BearerService.C2.BoxedType>
                           <ext_Teleservice.C3.BoxedType><Bytes>ee000019e5
                                 <field name="Code" value="238" type="EnumLong" length="1"/>
                                 <field name="Extension data" value="000019e5" type="Binary" length="4"/>
                              </Bytes></ext_Teleservice.C3.BoxedType>
                        </Ext_BasicServiceCode.Choice>
                     </Collection>
                  </basicServiceGroupList.BoxedType>
                  <extensionContainer.C0.Sequence>
                     <privateExtensionList.C0.BoxedType>
                        <Collection>
                           <PrivateExtension.Sequence>
                              <extId><ObjectIdentifier>0.1.2113.34.99.85.84.45.90.120</ObjectIdentifier></extId>
                              <extType>1ce90a272d</extType>
                           </PrivateExtension.Sequence>
                           <PrivateExtension.Sequence>
                              <extId><ObjectIdentifier>0.1.2110.79.84.95</ObjectIdentifier></extId>
                              <extType>ba6800cc92e01f15af1b</extType>
                           </PrivateExtension.Sequence>
                           <PrivateExtension.Sequence>
                              <extId><ObjectIdentifier>0.1.2120.57.18</ObjectIdentifier></extId>
                              <extType>c6</extType>
                           </PrivateExtension.Sequence>
                        </Collection>
                     </privateExtensionList.C0.BoxedType>
                     <pcs_Extensions.C1.Sequence>
                        
                     </pcs_Extensions.C1.Sequence>
                  </extensionContainer.C0.Sequence>
               </CUG_Subscription.Sequence>
               <CUG_Subscription.Sequence>
                  <cug_Index.BoxedType><Integer>1</Integer></cug_Index.BoxedType>
                  <cug_Interlock.BoxedType><Bytes>1c43d81f5c988f23</Bytes></cug_Interlock.BoxedType>
                  <intraCUG_Options.Enum>
                     <EnumType>cugIC_CallBarred.1</EnumType>
                  </intraCUG_Options.Enum>
                  <basicServiceGroupList.BoxedType>
                     <Collection>
                        <Ext_BasicServiceCode.Choice>
                           <ext_BearerService.C2.BoxedType><Bytes>51d2ea2379b4</Bytes></ext_BearerService.C2.BoxedType>
                           <ext_Teleservice.C3.BoxedType><Bytes>907550364b
                                 <field name="Code" value="allVoiceGroupCallServices:144" type="EnumLong" length="1"/>
                                 <field name="Extension data" value="7550364b" type="Binary" length="4"/>
                              </Bytes></ext_Teleservice.C3.BoxedType>
                        </Ext_BasicServiceCode.Choice>
                        <Ext_BasicServiceCode.Choice>
                           <ext_BearerService.C2.BoxedType><Bytes>883e34</Bytes></ext_BearerService.C2.BoxedType>
                           <ext_Teleservice.C3.BoxedType><Bytes>97aed901b2
                                 <field name="Code" value="151" type="EnumLong" length="1"/>
                                 <field name="Extension data" value="aed901b2" type="Binary" length="4"/>
                              </Bytes></ext_Teleservice.C3.BoxedType>
                        </Ext_BasicServiceCode.Choice>
                        <Ext_BasicServiceCode.Choice>
                           <ext_BearerService.C2.BoxedType><Bytes>0bd478073d</Bytes></ext_BearerService.C2.BoxedType>
                           <ext_Teleservice.C3.BoxedType><Bytes>32001a4f3e
                                 <field name="Code" value="automaticFacsimileGroup3:50" type="EnumLong" length="1"/>
                                 <field name="Extension data" value="001a4f3e" type="Binary" length="4"/>
                              </Bytes></ext_Teleservice.C3.BoxedType>
                        </Ext_BasicServiceCode.Choice>
                     </Collection>
                  </basicServiceGroupList.BoxedType>
                  <extensionContainer.C0.Sequence>
                     <privateExtensionList.C0.BoxedType>
                        <Collection>
                           <PrivateExtension.Sequence>
                              <extId><ObjectIdentifier>0.1.212.56</ObjectIdentifier></extId>
                              <extType>1118a7d3</extType>
                           </PrivateExtension.Sequence>
                           <PrivateExtension.Sequence>
                              <extId><ObjectIdentifier>0.1.2</ObjectIdentifier></extId>
                              <extType>c2</extType>
                           </PrivateExtension.Sequence>
                           <PrivateExtension.Sequence>
                              <extId><ObjectIdentifier>0.1.239.86.74.88.103</ObjectIdentifier></extId>
                              <extType>e97c46</extType>
                           </PrivateExtension.Sequence>
                        </Collection>
                     </privateExtensionList.C0.BoxedType>
                     <pcs_Extensions.C1.Sequence>
                        
                     </pcs_Extensions.C1.Sequence>
                  </extensionContainer.C0.Sequence>
               </CUG_Subscription.Sequence>
            </Collection>
         </cug_SubscriptionList.BoxedType>
         <cug_FeatureList.BoxedType>
            <Collection>
               <CUG_Feature.Sequence>
                  <basicService.Choice>
                     <ext_BearerService.C2.BoxedType><Bytes>5114ed423802</Bytes></ext_BearerService.C2.BoxedType>
                     <ext_Teleservice.C3.BoxedType><Bytes>dd4ed1bab3
                           <field name="Code" value="plmn-specificTS-D:221" type="EnumLong" length="1"/>
                           <field name="Extension data" value="4ed1bab3" type="Binary" length="4"/>
                        </Bytes></ext_Teleservice.C3.BoxedType>
                  </basicService.Choice>
                  <preferentialCUG_Indicator.BoxedType><Integer>0</Integer></preferentialCUG_Indicator.BoxedType>
                  <interCUG_Restrictions.BoxedType><Bytes>235a</Bytes></interCUG_Restrictions.BoxedType>
                  <extensionContainer.Sequence>
                     <privateExtensionList.C0.BoxedType>
                        <Collection>
                           <PrivateExtension.Sequence>
                              <extId><ObjectIdentifier>0.1.272.6.23.98.26</ObjectIdentifier></extId>
                              <extType>fc058b07</extType>
                           </PrivateExtension.Sequence>
                           <PrivateExtension.Sequence>
                              <extId><ObjectIdentifier>0.1.237.117.77.62.10.2.33.123</ObjectIdentifier></extId>
                              <extType>281582ee43f9</extType>
                           </PrivateExtension.Sequence>
                           <PrivateExtension.Sequence>
                              <extId><ObjectIdentifier>0.1.242.91.15.29.72</ObjectIdentifier></extId>
                              <extType>3d22d8f200105f5385</extType>
                           </PrivateExtension.Sequence>
                        </Collection>
                     </privateExtensionList.C0.BoxedType>
                     <pcs_Extensions.C1.Sequence>
                        
                     </pcs_Extensions.C1.Sequence>
                  </extensionContainer.Sequence>
               </CUG_Feature.Sequence>
               <CUG_Feature.Sequence>
                  <basicService.Choice>
                     <ext_BearerService.C2.BoxedType><Bytes>1ab189</Bytes></ext_BearerService.C2.BoxedType>
                     <ext_Teleservice.C3.BoxedType><Bytes>da21c41b90
                           <field name="Code" value="plmn-specificTS-A:218" type="EnumLong" length="1"/>
                           <field name="Extension data" value="21c41b90" type="Binary" length="4"/>
                        </Bytes></ext_Teleservice.C3.BoxedType>
                  </basicService.Choice>
                  <preferentialCUG_Indicator.BoxedType><Integer>1</Integer></preferentialCUG_Indicator.BoxedType>
                  <interCUG_Restrictions.BoxedType><Bytes>36531b71c92ea2</Bytes></interCUG_Restrictions.BoxedType>
                  <extensionContainer.Sequence>
                     <privateExtensionList.C0.BoxedType>
                        <Collection>
                           <PrivateExtension.Sequence>
                              <extId><ObjectIdentifier>0.1.2100.127.122.52.124.126</ObjectIdentifier></extId>
                              <extType>afe0d96b3eb3</extType>
                           </PrivateExtension.Sequence>
                           <PrivateExtension.Sequence>
                              <extId><ObjectIdentifier>0.1.293</ObjectIdentifier></extId>
                              <extType>ffcab3ff6af3</extType>
                           </PrivateExtension.Sequence>
                           <PrivateExtension.Sequence>
                              <extId><ObjectIdentifier>0.1.2119.37.96.34.88.6</ObjectIdentifier></extId>
                              <extType>eb3d</extType>
                           </PrivateExtension.Sequence>
                        </Collection>
                     </privateExtensionList.C0.BoxedType>
                     <pcs_Extensions.C1.Sequence>
                        
                     </pcs_Extensions.C1.Sequence>
                  </extensionContainer.Sequence>
               </CUG_Feature.Sequence>
               <CUG_Feature.Sequence>
                  <basicService.Choice>
                     <ext_BearerService.C2.BoxedType><Bytes>ae4eabe20d</Bytes></ext_BearerService.C2.BoxedType>
                     <ext_Teleservice.C3.BoxedType><Bytes>1d494165c8
                           <field name="Code" value="29" type="EnumLong" length="1"/>
                           <field name="Extension data" value="494165c8" type="Binary" length="4"/>
                        </Bytes></ext_Teleservice.C3.BoxedType>
                  </basicService.Choice>
                  <preferentialCUG_Indicator.BoxedType><Integer>1</Integer></preferentialCUG_Indicator.BoxedType>
                  <interCUG_Restrictions.BoxedType><Bytes>9c80d3bcfc6cfa24eb</Bytes></interCUG_Restrictions.BoxedType>
                  <extensionContainer.Sequence>
                     <privateExtensionList.C0.BoxedType>
                        <Collection>
                           <PrivateExtension.Sequence>
                              <extId><ObjectIdentifier>0.1.251</ObjectIdentifier></extId>
                              <extType>a4d0f59e1cd4d83d</extType>
                           </PrivateExtension.Sequence>
                           <PrivateExtension.Sequence>
                              <extId><ObjectIdentifier>0.1.215.118.55.99</ObjectIdentifier></extId>
                              <extType>ed6d937c1c</extType>
                           </PrivateExtension.Sequence>
                           <PrivateExtension.Sequence>
                              <extId><ObjectIdentifier>0.1.252.39.119.121.13.5.53.80.54</ObjectIdentifier></extId>
                              <extType>486f50</extType>
                           </PrivateExtension.Sequence>
                        </Collection>
                     </privateExtensionList.C0.BoxedType>
                     <pcs_Extensions.C1.Sequence>
                        
                     </pcs_Extensions.C1.Sequence>
                  </extensionContainer.Sequence>
               </CUG_Feature.Sequence>
            </Collection>
         </cug_FeatureList.BoxedType>
         <extensionContainer.C0.Sequence>
            <privateExtensionList.C0.BoxedType>
               <Collection>
                  <PrivateExtension.Sequence>
                     <extId><ObjectIdentifier>0.1.297.124.36.42.25.1.39.85.90.94</ObjectIdentifier></extId>
                     <extType>cce231a90332e7</extType>
                  </PrivateExtension.Sequence>
                  <PrivateExtension.Sequence>
                     <extId><ObjectIdentifier>0.1.276.32.45.107.29</ObjectIdentifier></extId>
                     <extType>9022e544498b21e569</extType>
                  </PrivateExtension.Sequence>
                  <PrivateExtension.Sequence>
                     <extId><ObjectIdentifier>0.1.2101.84.79.101.6</ObjectIdentifier></extId>
                     <extType>6b7ace</extType>
                  </PrivateExtension.Sequence>
               </Collection>
            </privateExtensionList.C0.BoxedType>
            <pcs_Extensions.C1.Sequence>
               
            </pcs_Extensions.C1.Sequence>
         </extensionContainer.C0.Sequence>
      </cug_Info.C2.Sequence>
      <ss_Data.C3.Sequence>
         <ss_Code.BoxedType><Bytes>ae61ea49</Bytes></ss_Code.BoxedType>
         <ss_Status.C4.BoxedType><Bytes>12c5241cf35d</Bytes></ss_Status.C4.BoxedType>
         <ss_SubscriptionOption.Choice>
            <cliRestrictionOption.C2.Enum>
               <EnumType>temporaryDefaultRestricted.1</EnumType>
            </cliRestrictionOption.C2.Enum>
            <overrideCategory.C1.Enum>
               <EnumType>overrideDisabled.1</EnumType>
            </overrideCategory.C1.Enum>
         </ss_SubscriptionOption.Choice>
         <basicServiceGroupList.BoxedType>
            <Collection>
               <Ext_BasicServiceCode.Choice>
                  <ext_BearerService.C2.BoxedType><Bytes>92effb4303a6</Bytes></ext_BearerService.C2.BoxedType>
                  <ext_Teleservice.C3.BoxedType><Bytes>810512406e
                        <field name="Code" value="129" type="EnumLong" length="1"/>
                        <field name="Extension data" value="0512406e" type="Binary" length="4"/>
                     </Bytes></ext_Teleservice.C3.BoxedType>
               </Ext_BasicServiceCode.Choice>
               <Ext_BasicServiceCode.Choice>
                  <ext_BearerService.C2.BoxedType><Bytes>62</Bytes></ext_BearerService.C2.BoxedType>
                  <ext_Teleservice.C3.BoxedType><Bytes>cf22bfc446
                        <field name="Code" value="207" type="EnumLong" length="1"/>
                        <field name="Extension data" value="22bfc446" type="Binary" length="4"/>
                     </Bytes></ext_Teleservice.C3.BoxedType>
               </Ext_BasicServiceCode.Choice>
               <Ext_BasicServiceCode.Choice>
                  <ext_BearerService.C2.BoxedType><Bytes>0e5071eb9687</Bytes></ext_BearerService.C2.BoxedType>
                  <ext_Teleservice.C3.BoxedType><Bytes>c2e045e72a
                        <field name="Code" value="194" type="EnumLong" length="1"/>
                        <field name="Extension data" value="e045e72a" type="Binary" length="4"/>
                     </Bytes></ext_Teleservice.C3.BoxedType>
               </Ext_BasicServiceCode.Choice>
            </Collection>
         </basicServiceGroupList.BoxedType>
         <extensionContainer.C5.Sequence>
            <privateExtensionList.C0.BoxedType>
               <Collection>
                  <PrivateExtension.Sequence>
                     <extId><ObjectIdentifier>0.1.242.87.41.108.121.78</ObjectIdentifier></extId>
                     <extType>3346b5d28c2aa0</extType>
                  </PrivateExtension.Sequence>
                  <PrivateExtension.Sequence>
                     <extId><ObjectIdentifier>0.1.253.128.19</ObjectIdentifier></extId>
                     <extType>ecc4f43a2ec4eaf6ca1d</extType>
                  </PrivateExtension.Sequence>
                  <PrivateExtension.Sequence>
                     <extId><ObjectIdentifier>0.1.225.102.99.121.61.113.10.87</ObjectIdentifier></extId>
                     <extType>4d55d257f4093f</extType>
                  </PrivateExtension.Sequence>
               </Collection>
            </privateExtensionList.C0.BoxedType>
            <pcs_Extensions.C1.Sequence>
               
            </pcs_Extensions.C1.Sequence>
         </extensionContainer.C5.Sequence>
      </ss_Data.C3.Sequence>
      <emlpp_Info.C4.Sequence>
         <maximumentitledPriority.BoxedType><Integer>2</Integer></maximumentitledPriority.BoxedType>
         <defaultPriority.BoxedType><Integer>2</Integer></defaultPriority.BoxedType>
         <extensionContainer.Sequence>
            <privateExtensionList.C0.BoxedType>
               <Collection>
                  <PrivateExtension.Sequence>
                     <extId><ObjectIdentifier>0.1.256.10.57.100.23.102.60.110</ObjectIdentifier></extId>
                     <extType>8bbda1b68c</extType>
                  </PrivateExtension.Sequence>
                  <PrivateExtension.Sequence>
                     <extId><ObjectIdentifier>0.1.2114.7.118.18.71.63.118.72.92</ObjectIdentifier></extId>
                     <extType>f99fb647e931</extType>
                  </PrivateExtension.Sequence>
                  <PrivateExtension.Sequence>
                     <extId><ObjectIdentifier>0.1.255.29.38.20.103.61.37</ObjectIdentifier></extId>
                     <extType>37202fcaa23d9535</extType>
                  </PrivateExtension.Sequence>
               </Collection>
            </privateExtensionList.C0.BoxedType>
            <pcs_Extensions.C1.Sequence>
               
            </pcs_Extensions.C1.Sequence>
         </extensionContainer.Sequence>
      </emlpp_Info.C4.Sequence>
   </Ext_SS_Info.Choice>
</ASN>