<?xml version="1.0" encoding="ISO-8859-15"?>

<ASN layer="CAP">
   <Ext_CallBarringFeature.Sequence>
      <basicService.Choice>
         <ext_BearerService.C2.BoxedType><Bytes>31</Bytes></ext_BearerService.C2.BoxedType>
         <ext_Teleservice.C3.BoxedType><Bytes>30bb180229
               <field name="Code" value="allFacsimileTransmissionServices:48" type="EnumLong" length="1"/>
               <field name="Extension data" value="bb180229" type="Binary" length="4"/>
            </Bytes></ext_Teleservice.C3.BoxedType>
      </basicService.Choice>
      <ss_Status.C4.BoxedType><Bytes>189e13cf14225814ee</Bytes></ss_Status.C4.BoxedType>
      <extensionContainer.Sequence>
         <privateExtensionList.C0.BoxedType>
            <Collection>
               <PrivateExtension.Sequence>
                  <extId><ObjectIdentifier>0.1.286.88.46.72.21.6.119.113</ObjectIdentifier></extId>
                  <extType>7afe124c11316b</extType>
               </PrivateExtension.Sequence>
               <PrivateExtension.Sequence>
                  <extId><ObjectIdentifier>0.1.242.91.32.127.37.49</ObjectIdentifier></extId>
                  <extType>8bbbefc5</extType>
               </PrivateExtension.Sequence>
               <PrivateExtension.Sequence>
                  <extId><ObjectIdentifier>0.1.291.113.3.5.104.12</ObjectIdentifier></extId>
                  <extType>347b53f48888a5</extType>
               </PrivateExtension.Sequence>
            </Collection>
         </privateExtensionList.C0.BoxedType>
         <pcs_Extensions.C1.Sequence>
            
         </pcs_Extensions.C1.Sequence>
      </extensionContainer.Sequence>
   </Ext_CallBarringFeature.Sequence>
</ASN>