<?xml version="1.0" encoding="ISO-8859-15"?>

<ASN layer="CAP">
   <Ext_CwFeature.Sequence>
      <basicService.C1.Choice>
         <ext_BearerService.C2.BoxedType><Bytes>a0f022de38b8</Bytes></ext_BearerService.C2.BoxedType>
         <ext_Teleservice.C3.BoxedType><Bytes>d100209fd8
               <field name="Code" value="plmn-specificTS-1:209" type="EnumLong" length="1"/>
               <field name="Extension data" value="00209fd8" type="Binary" length="4"/>
            </Bytes></ext_Teleservice.C3.BoxedType>
      </basicService.C1.Choice>
      <ss_Status.C2.BoxedType><Bytes>b5d79fe6</Bytes></ss_Status.C2.BoxedType>
   </Ext_CwFeature.Sequence>
</ASN>