<?xml version="1.0" encoding="ISO-8859-15"?>

<ASN layer="CAP">
   <ExternalClient.Sequence>
      <clientIdentity.Sequence>
         <externalAddress.C0.BoxedType><AddressString.BoxedType><Bytes>925124736394
                  <field name="extension" value="no extension:1" type="EnumLong" lengthBit="1"/>
                  <field name="nature of address" value="international number:1" type="EnumLong" lengthBit="3"/>
                  <field name="numbering plan" value="spare:2" type="EnumLong" lengthBit="4"/>
                  <field name="digits" value="1542373649" type="Number_BCD" length="10"/>
               </Bytes></AddressString.BoxedType></externalAddress.C0.BoxedType>
         <extensionContainer.C1.Sequence>
            <privateExtensionList.C0.BoxedType>
               <Collection>
                  <PrivateExtension.Sequence>
                     <extId><ObjectIdentifier>0.1.297.19.107.83.77.3.71</ObjectIdentifier></extId>
                     <extType>ae36</extType>
                  </PrivateExtension.Sequence>
                  <PrivateExtension.Sequence>
                     <extId><ObjectIdentifier>0.1.2</ObjectIdentifier></extId>
                     <extType>8c407370</extType>
                  </PrivateExtension.Sequence>
                  <PrivateExtension.Sequence>
                     <extId><ObjectIdentifier>0.1.215.16</ObjectIdentifier></extId>
                     <extType>dc2e</extType>
                  </PrivateExtension.Sequence>
               </Collection>
            </privateExtensionList.C0.BoxedType>
            <pcs_Extensions.C1.Sequence>
               
            </pcs_Extensions.C1.Sequence>
         </extensionContainer.C1.Sequence>
      </clientIdentity.Sequence>
      <gmlc_Restriction.C0.Enum>
         <EnumType>gmlc_List.0</EnumType>
      </gmlc_Restriction.C0.Enum>
      <notificationToMSUser.C1.Enum>
         <EnumType>notifyAndVerify_LocationNotAllowedIfNoResponse.2</EnumType>
      </notificationToMSUser.C1.Enum>
      <extensionContainer.C2.Sequence>
         <privateExtensionList.C0.BoxedType>
            <Collection>
               <PrivateExtension.Sequence>
                  <extId><ObjectIdentifier>0.1.245.21.93.122.113</ObjectIdentifier></extId>
                  <extType>decb8b6d</extType>
               </PrivateExtension.Sequence>
               <PrivateExtension.Sequence>
                  <extId><ObjectIdentifier>0.1.227.81.48.72.50</ObjectIdentifier></extId>
                  <extType>a2dbe9bf9938a94cca</extType>
               </PrivateExtension.Sequence>
               <PrivateExtension.Sequence>
                  <extId><ObjectIdentifier>0.1.2121.72.91.64.88.65.106.12.102</ObjectIdentifier></extId>
                  <extType>f4</extType>
               </PrivateExtension.Sequence>
            </Collection>
         </privateExtensionList.C0.BoxedType>
         <pcs_Extensions.C1.Sequence>
            
         </pcs_Extensions.C1.Sequence>
      </extensionContainer.C2.Sequence>
   </ExternalClient.Sequence>
</ASN>