<?xml version="1.0" encoding="ISO-8859-15"?>

<ASN layer="CAP">
   <FacilityNotSupParam.Sequence>
      <extensionContainer.Sequence>
         <privateExtensionList.C0.BoxedType>
            <Collection>
               <PrivateExtension.Sequence>
                  <extId><ObjectIdentifier>0.1.2120.39.31.3.17.45</ObjectIdentifier></extId>
                  <extType>b1ad20</extType>
               </PrivateExtension.Sequence>
               <PrivateExtension.Sequence>
                  <extId><ObjectIdentifier>0.1.2108.20.113.118.64</ObjectIdentifier></extId>
                  <extType>61</extType>
               </PrivateExtension.Sequence>
               <PrivateExtension.Sequence>
                  <extId><ObjectIdentifier>0.1.2112</ObjectIdentifier></extId>
                  <extType>a5f0cde956</extType>
               </PrivateExtension.Sequence>
            </Collection>
         </privateExtensionList.C0.BoxedType>
         <pcs_Extensions.C1.Sequence>
            
         </pcs_Extensions.C1.Sequence>
      </extensionContainer.Sequence>
      <shapeOfLocationEstimateNotSupported.C0></shapeOfLocationEstimateNotSupported.C0>
      <neededLcsCapabilityNotSupportedInServingNode.C1></neededLcsCapabilityNotSupportedInServingNode.C1>
   </FacilityNotSupParam.Sequence>
</ASN>