<?xml version="1.0" encoding="ISO-8859-15"?>

<ASN layer="CAP">
   <FailureReportArg.Sequence>
      <imsi.C0.BoxedType><TBCD_STRING.BoxedType><Bytes>69223026
               <field name="digits" value="96220362" type="Number_BCD" length="8"/>
            </Bytes></TBCD_STRING.BoxedType></imsi.C0.BoxedType>
      <ggsn_Number.C1.BoxedType><AddressString.BoxedType><Bytes>9f23230677
               <field name="extension" value="no extension:1" type="EnumLong" lengthBit="1"/>
               <field name="nature of address" value="international number:1" type="EnumLong" lengthBit="3"/>
               <field name="numbering plan" value="reserved for extension:15" type="EnumLong" lengthBit="4"/>
               <field name="digits" value="32326077" type="Number_BCD" length="8"/>
            </Bytes></AddressString.BoxedType></ggsn_Number.C1.BoxedType>
      <ggsn_Address.C2.BoxedType><Bytes>0981e79d0e
            <field name="Address type" value="IPV4:0" type="EnumLong" lengthBit="2"/>
            <field name="AddressLength" value="9" type="Integer" lengthBit="6"/>
            <field name="IPV4 address" value="129.231.157.14" type="IPV4Address" length="4"/>
         </Bytes></ggsn_Address.C2.BoxedType>
      <extensionContainer.C3.Sequence>
         <privateExtensionList.C0.BoxedType>
            <Collection>
               <PrivateExtension.Sequence>
                  <extId><ObjectIdentifier>0.1.277.121</ObjectIdentifier></extId>
                  <extType>3577329758e8a0</extType>
               </PrivateExtension.Sequence>
               <PrivateExtension.Sequence>
                  <extId><ObjectIdentifier>0.1.225.124.92.76.110.64</ObjectIdentifier></extId>
                  <extType>ba312c941443ca9cdd</extType>
               </PrivateExtension.Sequence>
               <PrivateExtension.Sequence>
                  <extId><ObjectIdentifier>0.1.27.7.24.35.11.28.81.32.110</ObjectIdentifier></extId>
                  <extType>1f</extType>
               </PrivateExtension.Sequence>
            </Collection>
         </privateExtensionList.C0.BoxedType>
         <pcs_Extensions.C1.Sequence>
            
         </pcs_Extensions.C1.Sequence>
      </extensionContainer.C3.Sequence>
   </FailureReportArg.Sequence>
</ASN>