<?xml version="1.0" encoding="ISO-8859-15"?>

<ASN layer="CAP">
   <FailureReportRes.Sequence>
      <ggsn_Address.C0.BoxedType><Bytes>4225a180a1
            <field name="Address type" value="IPV6:1" type="EnumLong" lengthBit="2"/>
            <field name="AddressLength" value="2" type="Integer" lengthBit="6"/>
            <field name="IPV4 address" value="37.161.128.161" type="IPV4Address" length="4"/>
         </Bytes></ggsn_Address.C0.BoxedType>
      <extensionContainer.C1.Sequence>
         <privateExtensionList.C0.BoxedType>
            <Collection>
               <PrivateExtension.Sequence>
                  <extId><ObjectIdentifier>0.1.23.25.33.35.72.69.17.108.112</ObjectIdentifier></extId>
                  <extType>a03e9c</extType>
               </PrivateExtension.Sequence>
               <PrivateExtension.Sequence>
                  <extId><ObjectIdentifier>0.1.22.114.116</ObjectIdentifier></extId>
                  <extType>ac87d29990323444</extType>
               </PrivateExtension.Sequence>
               <PrivateExtension.Sequence>
                  <extId><ObjectIdentifier>0.1.2119.49</ObjectIdentifier></extId>
                  <extType>91fb2cee</extType>
               </PrivateExtension.Sequence>
            </Collection>
         </privateExtensionList.C0.BoxedType>
         <pcs_Extensions.C1.Sequence>
            
         </pcs_Extensions.C1.Sequence>
      </extensionContainer.C1.Sequence>
   </FailureReportRes.Sequence>
</ASN>