<?xml version="1.0" encoding="ISO-8859-15"?>

<ASN layer="CAP">
   <ForwardGroupCallSignallingArg.Sequence>
      <imsi.BoxedType><TBCD_STRING.BoxedType><Bytes>8113404534
               <field name="digits" value="1831045443" type="Number_BCD" length="10"/>
            </Bytes></TBCD_STRING.BoxedType></imsi.BoxedType>
      <uplinkRequestAck.C0></uplinkRequestAck.C0>
      <uplinkReleaseIndication.C1></uplinkReleaseIndication.C1>
      <uplinkRejectCommand.C2></uplinkRejectCommand.C2>
      <uplinkSeizedCommand.C3></uplinkSeizedCommand.C3>
      <uplinkReleaseCommand.C4></uplinkReleaseCommand.C4>
      <extensionContainer.Sequence>
         <privateExtensionList.C0.BoxedType>
            <Collection>
               <PrivateExtension.Sequence>
                  <extId><ObjectIdentifier>0.1.245.24.96.89.113.112.74.15.40</ObjectIdentifier></extId>
                  <extType>bcf40b23c3</extType>
               </PrivateExtension.Sequence>
               <PrivateExtension.Sequence>
                  <extId><ObjectIdentifier>0.1.282.110.88.18.125.98.13.100</ObjectIdentifier></extId>
                  <extType>226eddf4cd6c9ebd</extType>
               </PrivateExtension.Sequence>
               <PrivateExtension.Sequence>
                  <extId><ObjectIdentifier>0.1.2</ObjectIdentifier></extId>
                  <extType>4bc1de99</extType>
               </PrivateExtension.Sequence>
            </Collection>
         </privateExtensionList.C0.BoxedType>
         <pcs_Extensions.C1.Sequence>
            
         </pcs_Extensions.C1.Sequence>
      </extensionContainer.Sequence>
      <stateAttributes.C5.Sequence>
         <downlinkAttached.C5></downlinkAttached.C5>
         <uplinkAttached.C6></uplinkAttached.C6>
         <dualCommunication.C7></dualCommunication.C7>
         <callOriginator.C8></callOriginator.C8>
      </stateAttributes.C5.Sequence>
      <talkerPriority.C6.Enum>
         <EnumType>privileged.1</EnumType>
      </talkerPriority.C6.Enum>
      <additionalInfo.C7.BoxedType><BitString><BitString value="b92f323e0704fa99a8afacb2500a90f4c80f" trailing="0"/></BitString></additionalInfo.C7.BoxedType>
      <emergencyModeResetCommandFlag.C8></emergencyModeResetCommandFlag.C8>
      <sm_RP_UI.C9.BoxedType><Bytes>fc1684d4</Bytes></sm_RP_UI.C9.BoxedType>
      <an_APDU.C10.Sequence>
         <accessNetworkProtocolId.Enum>
            <EnumType>ts3G_25413.2</EnumType>
         </accessNetworkProtocolId.Enum>
         <signalInfo.BoxedType><Bytes>8cda0f1bf58b</Bytes></signalInfo.BoxedType>
         <extensionContainer.Sequence>
            <privateExtensionList.C0.BoxedType>
               <Collection>
                  <PrivateExtension.Sequence>
                     <extId><ObjectIdentifier>0.1.225.18.42</ObjectIdentifier></extId>
                     <extType>79d45035fc</extType>
                  </PrivateExtension.Sequence>
                  <PrivateExtension.Sequence>
                     <extId><ObjectIdentifier>0.1.280.16.88.90.119.125</ObjectIdentifier></extId>
                     <extType>374d3bc71611e1</extType>
                  </PrivateExtension.Sequence>
                  <PrivateExtension.Sequence>
                     <extId><ObjectIdentifier>0.1.295.109</ObjectIdentifier></extId>
                     <extType>8a32</extType>
                  </PrivateExtension.Sequence>
               </Collection>
            </privateExtensionList.C0.BoxedType>
            <pcs_Extensions.C1.Sequence>
               
            </pcs_Extensions.C1.Sequence>
         </extensionContainer.Sequence>
      </an_APDU.C10.Sequence>
   </ForwardGroupCallSignallingArg.Sequence>
</ASN>