<?xml version="1.0" encoding="ISO-8859-15"?>

<ASN layer="CAP">
   <ForwardAccessSignalling_Arg.BoxedType><ForwardAccessSignalling_ArgSequenceType.C3.Sequence>
         <an_APDU.Sequence>
            <accessNetworkProtocolId.Enum>
               <EnumType>ts3G_48006.1</EnumType>
            </accessNetworkProtocolId.Enum>
            <signalInfo.BoxedType><Bytes>46796acd</Bytes></signalInfo.BoxedType>
            <extensionContainer.Sequence>
               <privateExtensionList.C0.BoxedType>
                  <Collection>
                     <PrivateExtension.Sequence>
                        <extId><ObjectIdentifier>0.1.243</ObjectIdentifier></extId>
                        <extType>8132aa6b5b89402f</extType>
                     </PrivateExtension.Sequence>
                     <PrivateExtension.Sequence>
                        <extId><ObjectIdentifier>0.1.227.106</ObjectIdentifier></extId>
                        <extType>eaf4622d</extType>
                     </PrivateExtension.Sequence>
                     <PrivateExtension.Sequence>
                        <extId><ObjectIdentifier>0.1.251.57.72.18.69</ObjectIdentifier></extId>
                        <extType>9bbb8cb0a7ae225c</extType>
                     </PrivateExtension.Sequence>
                  </Collection>
               </privateExtensionList.C0.BoxedType>
               <pcs_Extensions.C1.Sequence>
                  
               </pcs_Extensions.C1.Sequence>
            </extensionContainer.Sequence>
         </an_APDU.Sequence>
         <integrityProtectionInfo.C0.BoxedType><Bytes>3a</Bytes></integrityProtectionInfo.C0.BoxedType>
         <encryptionInfo.C1.BoxedType><Bytes>63dd187d9b1655</Bytes></encryptionInfo.C1.BoxedType>
         <keyStatus.C2.Enum>
            <EnumType>new1.1</EnumType>
         </keyStatus.C2.Enum>
         <allowedGSM_Algorithms.C4.BoxedType><Bytes>4b1b131e</Bytes></allowedGSM_Algorithms.C4.BoxedType>
         <allowedUMTS_Algorithms.C5.Sequence>
            <integrityProtectionAlgorithms.C0.BoxedType><Bytes>672031b005</Bytes></integrityProtectionAlgorithms.C0.BoxedType>
            <encryptionAlgorithms.C1.BoxedType><Bytes>129337211d</Bytes></encryptionAlgorithms.C1.BoxedType>
            <extensionContainer.C2.Sequence>
               <privateExtensionList.C0.BoxedType>
                  <Collection>
                     <PrivateExtension.Sequence>
                        <extId><ObjectIdentifier>0.1.2123.60.120.23.15.33.101</ObjectIdentifier></extId>
                        <extType>ec29</extType>
                     </PrivateExtension.Sequence>
                     <PrivateExtension.Sequence>
                        <extId><ObjectIdentifier>0.1.231.67.48.92.58.122.91.12.108</ObjectIdentifier></extId>
                        <extType>003a8a103b539047b3d4</extType>
                     </PrivateExtension.Sequence>
                     <PrivateExtension.Sequence>
                        <extId><ObjectIdentifier>0.1.280.35.124.12.74</ObjectIdentifier></extId>
                        <extType>6f79c561ca</extType>
                     </PrivateExtension.Sequence>
                  </Collection>
               </privateExtensionList.C0.BoxedType>
               <pcs_Extensions.C1.Sequence>
                  
               </pcs_Extensions.C1.Sequence>
            </extensionContainer.C2.Sequence>
         </allowedUMTS_Algorithms.C5.Sequence>
         <radioResourceInformation.C6.BoxedType><Bytes>56a7df</Bytes></radioResourceInformation.C6.BoxedType>
         <extensionContainer.C3.Sequence>
            <privateExtensionList.C0.BoxedType>
               <Collection>
                  <PrivateExtension.Sequence>
                     <extId><ObjectIdentifier>0.1.2121.74.10</ObjectIdentifier></extId>
                     <extType>c673b9bb61</extType>
                  </PrivateExtension.Sequence>
                  <PrivateExtension.Sequence>
                     <extId><ObjectIdentifier>0.1.223.92.102.98</ObjectIdentifier></extId>
                     <extType>52109f58b421</extType>
                  </PrivateExtension.Sequence>
                  <PrivateExtension.Sequence>
                     <extId><ObjectIdentifier>0.1.256.31.106.68.69.73.125.105</ObjectIdentifier></extId>
                     <extType>18545c9a</extType>
                  </PrivateExtension.Sequence>
               </Collection>
            </privateExtensionList.C0.BoxedType>
            <pcs_Extensions.C1.Sequence>
               
            </pcs_Extensions.C1.Sequence>
         </extensionContainer.C3.Sequence>
         <radioResourceList.C7.BoxedType>
            <Collection>
               <RadioResource.Sequence>
                  <radioResourceInformation.BoxedType><Bytes>5f27ae1bde24</Bytes></radioResourceInformation.BoxedType>
                  <rab_Id.BoxedType><Integer>1</Integer></rab_Id.BoxedType>
               </RadioResource.Sequence>
               <RadioResource.Sequence>
                  <radioResourceInformation.BoxedType><Bytes>9e610a97576ad2532a</Bytes></radioResourceInformation.BoxedType>
                  <rab_Id.BoxedType><Integer>1</Integer></rab_Id.BoxedType>
               </RadioResource.Sequence>
               <RadioResource.Sequence>
                  <radioResourceInformation.BoxedType><Bytes>f88f67e5</Bytes></radioResourceInformation.BoxedType>
                  <rab_Id.BoxedType><Integer>0</Integer></rab_Id.BoxedType>
               </RadioResource.Sequence>
            </Collection>
         </radioResourceList.C7.BoxedType>
         <bssmap_ServiceHandover.C9.BoxedType><Bytes>96</Bytes></bssmap_ServiceHandover.C9.BoxedType>
         <ranap_ServiceHandover.C8.BoxedType><Bytes>32e737193650f1c4</Bytes></ranap_ServiceHandover.C8.BoxedType>
         <bssmap_ServiceHandoverList.C10.BoxedType>
            <Collection>
               <BSSMAP_ServiceHandoverInfo.Sequence>
                  <bssmap_ServiceHandover.BoxedType><Bytes>93f95475745eea</Bytes></bssmap_ServiceHandover.BoxedType>
                  <rab_Id.BoxedType><Integer>0</Integer></rab_Id.BoxedType>
               </BSSMAP_ServiceHandoverInfo.Sequence>
               <BSSMAP_ServiceHandoverInfo.Sequence>
                  <bssmap_ServiceHandover.BoxedType><Bytes>cfde</Bytes></bssmap_ServiceHandover.BoxedType>
                  <rab_Id.BoxedType><Integer>1</Integer></rab_Id.BoxedType>
               </BSSMAP_ServiceHandoverInfo.Sequence>
               <BSSMAP_ServiceHandoverInfo.Sequence>
                  <bssmap_ServiceHandover.BoxedType><Bytes>c9ebdc4d398c5f25</Bytes></bssmap_ServiceHandover.BoxedType>
                  <rab_Id.BoxedType><Integer>0</Integer></rab_Id.BoxedType>
               </BSSMAP_ServiceHandoverInfo.Sequence>
            </Collection>
         </bssmap_ServiceHandoverList.C10.BoxedType>
         <currentlyUsedCodec.C11.BoxedType><Bytes>0df1be2a79</Bytes></currentlyUsedCodec.C11.BoxedType>
         <iuSupportedCodecsList.C12.Sequence>
            <utranCodecList.C0.Sequence>
               <codec1.C1.BoxedType><Bytes>975a</Bytes></codec1.C1.BoxedType>
               <codec2.C2.BoxedType><Bytes>3ef8ce13325dea8eda</Bytes></codec2.C2.BoxedType>
               <codec3.C3.BoxedType><Bytes>57aef9fab50f6958</Bytes></codec3.C3.BoxedType>
               <codec4.C4.BoxedType><Bytes>b35125588e1a08b1</Bytes></codec4.C4.BoxedType>
               <codec5.C5.BoxedType><Bytes>55f8a2</Bytes></codec5.C5.BoxedType>
               <codec6.C6.BoxedType><Bytes>2c</Bytes></codec6.C6.BoxedType>
               <codec7.C7.BoxedType><Bytes>f9</Bytes></codec7.C7.BoxedType>
               <codec8.C8.BoxedType><Bytes>5cb3fe226d2638</Bytes></codec8.C8.BoxedType>
               <extensionContainer.C9.Sequence>
                  <privateExtensionList.C0.BoxedType>
                     <Collection>
                        <PrivateExtension.Sequence>
                           <extId><ObjectIdentifier>0.1.212</ObjectIdentifier></extId>
                           <extType>6b58d577</extType>
                        </PrivateExtension.Sequence>
                        <PrivateExtension.Sequence>
                           <extId><ObjectIdentifier>0.1.2111.8.52.24.120.104.50</ObjectIdentifier></extId>
                           <extType>244821147bf9a401</extType>
                        </PrivateExtension.Sequence>
                        <PrivateExtension.Sequence>
                           <extId><ObjectIdentifier>0.1.2112.112.5.121.4</ObjectIdentifier></extId>
                           <extType>27</extType>
                        </PrivateExtension.Sequence>
                     </Collection>
                  </privateExtensionList.C0.BoxedType>
                  <pcs_Extensions.C1.Sequence>
                     
                  </pcs_Extensions.C1.Sequence>
               </extensionContainer.C9.Sequence>
            </utranCodecList.C0.Sequence>
            <geranCodecList.C1.Sequence>
               <codec1.C1.BoxedType><Bytes>c1eee1</Bytes></codec1.C1.BoxedType>
               <codec2.C2.BoxedType><Bytes>c4877d78cb</Bytes></codec2.C2.BoxedType>
               <codec3.C3.BoxedType><Bytes>547fce</Bytes></codec3.C3.BoxedType>
               <codec4.C4.BoxedType><Bytes>9a645a4ca2</Bytes></codec4.C4.BoxedType>
               <codec5.C5.BoxedType><Bytes>fd383f3e258176</Bytes></codec5.C5.BoxedType>
               <codec6.C6.BoxedType><Bytes>eabe</Bytes></codec6.C6.BoxedType>
               <codec7.C7.BoxedType><Bytes>fe7f3aa87b</Bytes></codec7.C7.BoxedType>
               <codec8.C8.BoxedType><Bytes>b9245e5a38faf6</Bytes></codec8.C8.BoxedType>
               <extensionContainer.C9.Sequence>
                  <privateExtensionList.C0.BoxedType>
                     <Collection>
                        <PrivateExtension.Sequence>
                           <extId><ObjectIdentifier>0.1.295.41.31.82.43.121.54.45.93</ObjectIdentifier></extId>
                           <extType>f6d9ccc6bf6d4649</extType>
                        </PrivateExtension.Sequence>
                        <PrivateExtension.Sequence>
                           <extId><ObjectIdentifier>0.1.2105.86.113.66.52.52.88.11.46</ObjectIdentifier></extId>
                           <extType>548f5100c79cdafe</extType>
                        </PrivateExtension.Sequence>
                        <PrivateExtension.Sequence>
                           <extId><ObjectIdentifier>0.1.230.23.21.63.85.112</ObjectIdentifier></extId>
                           <extType>b1c0f133801b14c5</extType>
                        </PrivateExtension.Sequence>
                     </Collection>
                  </privateExtensionList.C0.BoxedType>
                  <pcs_Extensions.C1.Sequence>
                     
                  </pcs_Extensions.C1.Sequence>
               </extensionContainer.C9.Sequence>
            </geranCodecList.C1.Sequence>
            <extensionContainer.C2.Sequence>
               <privateExtensionList.C0.BoxedType>
                  <Collection>
                     <PrivateExtension.Sequence>
                        <extId><ObjectIdentifier>0.1.236</ObjectIdentifier></extId>
                        <extType>74af2e8b0a9423</extType>
                     </PrivateExtension.Sequence>
                     <PrivateExtension.Sequence>
                        <extId><ObjectIdentifier>0.1.217</ObjectIdentifier></extId>
                        <extType>39f1</extType>
                     </PrivateExtension.Sequence>
                     <PrivateExtension.Sequence>
                        <extId><ObjectIdentifier>0.1.239.73.88.102.40.28.17.3.88</ObjectIdentifier></extId>
                        <extType>019207513ccd</extType>
                     </PrivateExtension.Sequence>
                  </Collection>
               </privateExtensionList.C0.BoxedType>
               <pcs_Extensions.C1.Sequence>
                  
               </pcs_Extensions.C1.Sequence>
            </extensionContainer.C2.Sequence>
         </iuSupportedCodecsList.C12.Sequence>
         <rab_ConfigurationIndicator.C13></rab_ConfigurationIndicator.C13>
         <iuSelectedCodec.C14.BoxedType><Bytes>dcf55788</Bytes></iuSelectedCodec.C14.BoxedType>
         <alternativeChannelType.C15.BoxedType><Bytes>b0d0da13f95705</Bytes></alternativeChannelType.C15.BoxedType>
         <tracePropagationList.C17.Sequence>
            <traceReference.C0.BoxedType><Bytes>ddc264dcc854</Bytes></traceReference.C0.BoxedType>
            <traceType.C1.BoxedType><Integer>1</Integer></traceType.C1.BoxedType>
            <traceReference2.C2.BoxedType><Bytes>3900</Bytes></traceReference2.C2.BoxedType>
            <traceRecordingSessionReference.C3.BoxedType><Bytes>641f2126c956</Bytes></traceRecordingSessionReference.C3.BoxedType>
            <rnc_TraceDepth.C4.Enum>
               <EnumType>medium.1</EnumType>
            </rnc_TraceDepth.C4.Enum>
            <rnc_InterfaceList.C5.BoxedType><BitString><BitString value="45787a" trailing="0"/></BitString></rnc_InterfaceList.C5.BoxedType>
            <msc_s_TraceDepth.C6.Enum>
               <EnumType>minimum.0</EnumType>
            </msc_s_TraceDepth.C6.Enum>
            <msc_s_InterfaceList.C7.BoxedType><BitString><BitString value="a4" trailing="0"/></BitString></msc_s_InterfaceList.C7.BoxedType>
            <msc_s_EventList.C8.BoxedType><BitString><BitString value="d733d3146ece8421a6b339385572f16bf16c" trailing="0"/></BitString></msc_s_EventList.C8.BoxedType>
            <mgw_TraceDepth.C9.Enum>
               <EnumType>minimum.0</EnumType>
            </mgw_TraceDepth.C9.Enum>
            <mgw_InterfaceList.C10.BoxedType><BitString><BitString value="ad4e28df0fd6fa617f0cdf519287104834" trailing="0"/></BitString></mgw_InterfaceList.C10.BoxedType>
            <mgw_EventList.C11.BoxedType><BitString><BitString value="a889882b7a1ce4b7eae9c64807" trailing="0"/></BitString></mgw_EventList.C11.BoxedType>
            <rnc_TraceDepthExtension.C12.Enum>
               <EnumType>maximumWithoutVendorSpecificExtension.2</EnumType>
            </rnc_TraceDepthExtension.C12.Enum>
            <msc_s_TraceDepthExtension.C13.Enum>
               <EnumType>mediumWithoutVendorSpecificExtension.1</EnumType>
            </msc_s_TraceDepthExtension.C13.Enum>
            <mgw_TraceDepthExtension.C14.Enum>
               <EnumType>maximumWithoutVendorSpecificExtension.2</EnumType>
            </mgw_TraceDepthExtension.C14.Enum>
         </tracePropagationList.C17.Sequence>
         <aoipSupportedCodecsListAnchor.C18.Sequence>
            <codec1.C1.BoxedType><Bytes>5b2de30755930b2b43</Bytes></codec1.C1.BoxedType>
            <codec2.C2.BoxedType><Bytes>6ad53e</Bytes></codec2.C2.BoxedType>
            <codec3.C3.BoxedType><Bytes>47852fc8</Bytes></codec3.C3.BoxedType>
            <codec4.C4.BoxedType><Bytes>8d8f4e0eec177a9775</Bytes></codec4.C4.BoxedType>
            <codec5.C5.BoxedType><Bytes>07da02</Bytes></codec5.C5.BoxedType>
            <codec6.C6.BoxedType><Bytes>a82a49</Bytes></codec6.C6.BoxedType>
            <codec7.C7.BoxedType><Bytes>d00b</Bytes></codec7.C7.BoxedType>
            <codec8.C8.BoxedType><Bytes>c18d930b221b782b50</Bytes></codec8.C8.BoxedType>
            <extensionContainer.C9.Sequence>
               <privateExtensionList.C0.BoxedType>
                  <Collection>
                     <PrivateExtension.Sequence>
                        <extId><ObjectIdentifier>0.1.266.98.51.26.80.83.96.67</ObjectIdentifier></extId>
                        <extType>37e3da6c</extType>
                     </PrivateExtension.Sequence>
                     <PrivateExtension.Sequence>
                        <extId><ObjectIdentifier>0.1.26.22.47.121.3</ObjectIdentifier></extId>
                        <extType>bf733b69fb270a</extType>
                     </PrivateExtension.Sequence>
                     <PrivateExtension.Sequence>
                        <extId><ObjectIdentifier>0.1.230.39.89.46</ObjectIdentifier></extId>
                        <extType>2c4a55cfa62cc4ceb8</extType>
                     </PrivateExtension.Sequence>
                  </Collection>
               </privateExtensionList.C0.BoxedType>
               <pcs_Extensions.C1.Sequence>
                  
               </pcs_Extensions.C1.Sequence>
            </extensionContainer.C9.Sequence>
         </aoipSupportedCodecsListAnchor.C18.Sequence>
         <aoipSelectedCodecTarget.C19.BoxedType><Bytes>bf3bbb6096981594</Bytes></aoipSelectedCodecTarget.C19.BoxedType>
      </ForwardAccessSignalling_ArgSequenceType.C3.Sequence></ForwardAccessSignalling_Arg.BoxedType>
</ASN>