<?xml version="1.0" encoding="ISO-8859-15"?>

<ASN layer="CAP">
   <ForwardingFeature.Sequence>
      <basicService.Choice>
         <bearerService.C2.BoxedType><Bytes>9fc56ffc5af747</Bytes></bearerService.C2.BoxedType>
         <teleservice.C3.BoxedType><Bytes>72</Bytes></teleservice.C3.BoxedType>
      </basicService.Choice>
      <ss_Status.C4.BoxedType><Bytes>7e7153e7</Bytes></ss_Status.C4.BoxedType>
      <forwardedToNumber.C5.BoxedType><AddressString.BoxedType><Bytes>e007377978f7
               <field name="extension" value="no extension:1" type="EnumLong" lengthBit="1"/>
               <field name="nature of address" value="abbreviated number:6" type="EnumLong" lengthBit="3"/>
               <field name="numbering plan" value="unknown:0" type="EnumLong" lengthBit="4"/>
               <field name="digits" value="707397877" type="Number_BCD" length="9"/>
            </Bytes></AddressString.BoxedType></forwardedToNumber.C5.BoxedType>
      <forwardedToSubaddress.C8.BoxedType><Bytes>40de77</Bytes></forwardedToSubaddress.C8.BoxedType>
      <forwardingOptions.C6.BoxedType><Bytes>61f50b9fe7</Bytes></forwardingOptions.C6.BoxedType>
      <noReplyConditionTime.C7.BoxedType><Integer>1</Integer></noReplyConditionTime.C7.BoxedType>
      <longForwardedToNumber.C9.BoxedType><AddressString.BoxedType><Bytes>a985096036f5
               <field name="extension" value="no extension:1" type="EnumLong" lengthBit="1"/>
               <field name="nature of address" value="national significant number:2" type="EnumLong" lengthBit="3"/>
               <field name="numbering plan" value="private numbering plan:9" type="EnumLong" lengthBit="4"/>
               <field name="digits" value="589006635" type="Number_BCD" length="9"/>
            </Bytes></AddressString.BoxedType></longForwardedToNumber.C9.BoxedType>
   </ForwardingFeature.Sequence>
</ASN>