<?xml version="1.0" encoding="ISO-8859-15"?>

<ASN layer="CAP">
   <GPRS_CamelTDPData.Sequence>
      <gprs_TriggerDetectionPoint.C0.Enum>
         <EnumType>pdp_ContextEstablishmentAcknowledgement.12</EnumType>
      </gprs_TriggerDetectionPoint.C0.Enum>
      <serviceKey.C1.BoxedType><Integer>1</Integer></serviceKey.C1.BoxedType>
      <gsmSCF_Address.C2.BoxedType><AddressString.BoxedType><Bytes>9b1241199541
               <field name="extension" value="no extension:1" type="EnumLong" lengthBit="1"/>
               <field name="nature of address" value="international number:1" type="EnumLong" lengthBit="3"/>
               <field name="numbering plan" value="11" type="EnumLong" lengthBit="4"/>
               <field name="digits" value="2114915914" type="Number_BCD" length="10"/>
            </Bytes></AddressString.BoxedType></gsmSCF_Address.C2.BoxedType>
      <defaultSessionHandling.C3.Enum>
         <EnumType>continueTransaction.0</EnumType>
      </defaultSessionHandling.C3.Enum>
      <extensionContainer.C4.Sequence>
         <privateExtensionList.C0.BoxedType>
            <Collection>
               <PrivateExtension.Sequence>
                  <extId><ObjectIdentifier>0.1.2124.94.26.57.106.40.124.64.3</ObjectIdentifier></extId>
                  <extType>0ffce4ac1198</extType>
               </PrivateExtension.Sequence>
               <PrivateExtension.Sequence>
                  <extId><ObjectIdentifier>0.1.2127.109.122.31.123.85.86</ObjectIdentifier></extId>
                  <extType>5fca</extType>
               </PrivateExtension.Sequence>
               <PrivateExtension.Sequence>
                  <extId><ObjectIdentifier>0.1.252.89.56.17.79.17.68.40.100</ObjectIdentifier></extId>
                  <extType>d04e</extType>
               </PrivateExtension.Sequence>
            </Collection>
         </privateExtensionList.C0.BoxedType>
         <pcs_Extensions.C1.Sequence>
            
         </pcs_Extensions.C1.Sequence>
      </extensionContainer.C4.Sequence>
   </GPRS_CamelTDPData.Sequence>
</ASN>