<?xml version="1.0" encoding="ISO-8859-15"?>

<ASN layer="CAP">
   <IllegalEquipmentParam.Sequence><extensionContainer.Sequence>
         <privateExtensionList.C0.BoxedType>
            <Collection>
               <PrivateExtension.Sequence>
                  <extId><ObjectIdentifier>0.1.245.48.95.14.118.64.107.106</ObjectIdentifier></extId>
                  <extType>1e467a7de43da3</extType>
               </PrivateExtension.Sequence>
               <PrivateExtension.Sequence>
                  <extId><ObjectIdentifier>0.1.246.61.111.62.12.58.112.67.103</ObjectIdentifier></extId>
                  <extType>5937c6efe914236838ab</extType>
               </PrivateExtension.Sequence>
               <PrivateExtension.Sequence>
                  <extId><ObjectIdentifier>0.1.211</ObjectIdentifier></extId>
                  <extType>fc</extType>
               </PrivateExtension.Sequence>
            </Collection>
         </privateExtensionList.C0.BoxedType>
         <pcs_Extensions.C1.Sequence>
            
         </pcs_Extensions.C1.Sequence>
      </extensionContainer.Sequence></IllegalEquipmentParam.Sequence>
</ASN>