<?xml version="1.0" encoding="ISO-8859-15"?>

<ASN layer="CAP">
   <IllegalSS_OperationParam.Sequence><extensionContainer.Sequence>
         <privateExtensionList.C0.BoxedType>
            <Collection>
               <PrivateExtension.Sequence>
                  <extId><ObjectIdentifier>0.1.2121.18.21.41</ObjectIdentifier></extId>
                  <extType>8a16c2e8</extType>
               </PrivateExtension.Sequence>
               <PrivateExtension.Sequence>
                  <extId><ObjectIdentifier>0.1.23.93.101.114.32.29.79.105</ObjectIdentifier></extId>
                  <extType>e4c923</extType>
               </PrivateExtension.Sequence>
               <PrivateExtension.Sequence>
                  <extId><ObjectIdentifier>0.1.2111.34.36</ObjectIdentifier></extId>
                  <extType>079275</extType>
               </PrivateExtension.Sequence>
            </Collection>
         </privateExtensionList.C0.BoxedType>
         <pcs_Extensions.C1.Sequence>
            
         </pcs_Extensions.C1.Sequence>
      </extensionContainer.Sequence></IllegalSS_OperationParam.Sequence>
</ASN>