<?xml version="1.0" encoding="ISO-8859-15"?>

<ASN layer="CAP">
   <IncompatibleTerminalParam.Sequence><extensionContainer.Sequence>
         <privateExtensionList.C0.BoxedType>
            <Collection>
               <PrivateExtension.Sequence>
                  <extId><ObjectIdentifier>0.1.2108.125.26</ObjectIdentifier></extId>
                  <extType>da3027855e32</extType>
               </PrivateExtension.Sequence>
               <PrivateExtension.Sequence>
                  <extId><ObjectIdentifier>0.1.2107.71.126.124.5</ObjectIdentifier></extId>
                  <extType>e27ae9f9a293</extType>
               </PrivateExtension.Sequence>
               <PrivateExtension.Sequence>
                  <extId><ObjectIdentifier>0.1.228.87.118.104.13.64</ObjectIdentifier></extId>
                  <extType>323a5f594cac5eb1</extType>
               </PrivateExtension.Sequence>
            </Collection>
         </privateExtensionList.C0.BoxedType>
         <pcs_Extensions.C1.Sequence>
            
         </pcs_Extensions.C1.Sequence>
      </extensionContainer.Sequence></IncompatibleTerminalParam.Sequence>
</ASN>