<?xml version="1.0" encoding="ISO-8859-15"?>

<ASN layer="CAP">
   <InformationNotAvailableParam.Sequence><extensionContainer.Sequence>
         <privateExtensionList.C0.BoxedType>
            <Collection>
               <PrivateExtension.Sequence>
                  <extId><ObjectIdentifier>0.1.278.29.97.98</ObjectIdentifier></extId>
                  <extType>ea4773f29d</extType>
               </PrivateExtension.Sequence>
               <PrivateExtension.Sequence>
                  <extId><ObjectIdentifier>0.1.252.1.115.46.92</ObjectIdentifier></extId>
                  <extType>71</extType>
               </PrivateExtension.Sequence>
               <PrivateExtension.Sequence>
                  <extId><ObjectIdentifier>0.1.212.14.5</ObjectIdentifier></extId>
                  <extType>281416dc59a8</extType>
               </PrivateExtension.Sequence>
            </Collection>
         </privateExtensionList.C0.BoxedType>
         <pcs_Extensions.C1.Sequence>
            
         </pcs_Extensions.C1.Sequence>
      </extensionContainer.Sequence></InformationNotAvailableParam.Sequence>
</ASN>