<?xml version="1.0" encoding="ISO-8859-15"?>

<ASN layer="CAP">
   <InformServiceCentreArg.Sequence>
      <storedMSISDN.BoxedType><AddressString.BoxedType><Bytes>111184711461
               <field name="extension" value="extension:0" type="EnumLong" lengthBit="1"/>
               <field name="nature of address" value="international number:1" type="EnumLong" lengthBit="3"/>
               <field name="numbering plan" value="ISDN/Telephony Numbering Plan (Rec ITU-T E.164):1" type="EnumLong" lengthBit="4"/>
               <field name="digits" value="1148174116" type="Number_BCD" length="10"/>
            </Bytes></AddressString.BoxedType></storedMSISDN.BoxedType>
      <mw_Status.BoxedType><BitString><BitString value="157783a6e9ddac279051ec3155c66ca4" trailing="0"/></BitString></mw_Status.BoxedType>
      <extensionContainer.Sequence>
         <privateExtensionList.C0.BoxedType>
            <Collection>
               <PrivateExtension.Sequence>
                  <extId><ObjectIdentifier>0.1.267.60.55.29.17.52.72.104.28</ObjectIdentifier></extId>
                  <extType>096336ab</extType>
               </PrivateExtension.Sequence>
               <PrivateExtension.Sequence>
                  <extId><ObjectIdentifier>0.1.2101.56.86.91.43.32.104.89</ObjectIdentifier></extId>
                  <extType>c12b9e8a964a482d74</extType>
               </PrivateExtension.Sequence>
               <PrivateExtension.Sequence>
                  <extId><ObjectIdentifier>0.1.2</ObjectIdentifier></extId>
                  <extType>5372ea3ea9e506f62b75</extType>
               </PrivateExtension.Sequence>
            </Collection>
         </privateExtensionList.C0.BoxedType>
         <pcs_Extensions.C1.Sequence>
            
         </pcs_Extensions.C1.Sequence>
      </extensionContainer.Sequence>
      <absentSubscriberDiagnosticSM.BoxedType><Integer>roaming restriction:2</Integer></absentSubscriberDiagnosticSM.BoxedType>
      <additionalAbsentSubscriberDiagnosticSM.C0.BoxedType><Integer>no paging response via the MSC:0</Integer></additionalAbsentSubscriberDiagnosticSM.C0.BoxedType>
   </InformServiceCentreArg.Sequence>
</ASN>