<?xml version="1.0" encoding="ISO-8859-15"?>

<ASN layer="CAP">
   <InitiateCallAttemptRes.Sequence>
      <supportedCamelPhases.C0.BoxedType><BitString><BitString value="dfddcbdc7717de021d89870a8a" trailing="0"/></BitString></supportedCamelPhases.C0.BoxedType>
      <offeredCamel4Functionalities.C1.BoxedType><BitString><BitString value="af5513fad3413910668863645f2ec23a24ae" trailing="0"/></BitString></offeredCamel4Functionalities.C1.BoxedType>
      <extensions.C2.BoxedType>
         <Collection>
            <ExtensionField.Sequence>
               <type.Choice>
                  <local>3144982926</local>
                  <global><ObjectIdentifier>0.1.2</ObjectIdentifier></global>
               </type.Choice>
               <criticality.nulld.Enum>
                  <EnumType>ignore.0</EnumType>
               </criticality.nulld.Enum>
               <NullObject.C1></NullObject.C1>
            </ExtensionField.Sequence>
            <ExtensionField.Sequence>
               <type.Choice>
                  <local>1228796414</local>
                  <global><ObjectIdentifier>0.1.2113.59.116.58.13.103.125.28.70</ObjectIdentifier></global>
               </type.Choice>
               <criticality.nulld.Enum>
                  <EnumType>ignore.0</EnumType>
               </criticality.nulld.Enum>
               <NullObject.C1></NullObject.C1>
            </ExtensionField.Sequence>
            <ExtensionField.Sequence>
               <type.Choice>
                  <local>2425823170</local>
                  <global><ObjectIdentifier>0.1.262.59.19.89.96.22.15.89</ObjectIdentifier></global>
               </type.Choice>
               <criticality.nulld.Enum>
                  <EnumType>abort.1</EnumType>
               </criticality.nulld.Enum>
               <NullObject.C1></NullObject.C1>
            </ExtensionField.Sequence>
         </Collection>
      </extensions.C2.BoxedType>
      <releaseCallArgExtensionAllowed.C3></releaseCallArgExtensionAllowed.C3>
   </InitiateCallAttemptRes.Sequence>
</ASN>