<?xml version="1.0" encoding="ISO-8859-15"?>

<ASN layer="CAP">
   <InitialDPArgExtensionV2.Sequence>
      <naCarrierInformation.C0.Sequence>
         <naCarrierId.C0.BoxedType><Bytes>28</Bytes></naCarrierId.C0.BoxedType>
         <naCICSelectionType.C1.BoxedType><Bytes>f6528981</Bytes></naCICSelectionType.C1.BoxedType>
      </naCarrierInformation.C0.Sequence>
      <gmscAddress.C1.BoxedType><AddressString.BoxedType><Bytes>909189371745
               <field name="extension" value="no extension:1" type="EnumLong" lengthBit="1"/>
               <field name="nature of address" value="international number:1" type="EnumLong" lengthBit="3"/>
               <field name="numbering plan" value="unknown:0" type="EnumLong" lengthBit="4"/>
               <field name="digits" value="1998737154" type="Number_BCD" length="10"/>
            </Bytes></AddressString.BoxedType></gmscAddress.C1.BoxedType>
   </InitialDPArgExtensionV2.Sequence>
</ASN>