<?xml version="1.0" encoding="ISO-8859-15"?>

<ASN layer="CAP">
   <InitiateCallAttemptArg.Sequence>
      <destinationRoutingAddress.C0.BoxedType>
         <Collection>
            <CalledPartyNumber.BoxedType><Bytes>85648177584149
                  <field name="Odd/even (O/E)" value="odd number of address signals:1" type="EnumLong" lengthBit="1"/>
                  <field name="Nature of address" value="network-specific number (national use):5" type="EnumLong" lengthBit="7"/>
                  <field name="Internal Network Number (INN)" value="routing to internal number allowed:0" type="EnumLong" lengthBit="1"/>
                  <field name="Numbering plan" value="reserved for national use:6" type="EnumLong" lengthBit="3"/>
                  <field name="spare" value="4" type="Integer" lengthBit="4"/>
                  <field name="digits" value="1877851494" type="Number_BCD" length="10"/>
               </Bytes></CalledPartyNumber.BoxedType>
            <CalledPartyNumber.BoxedType><Bytes>5c9b82996905f8
                  <field name="Odd/even (O/E)" value="even number of address signals:0" type="EnumLong" lengthBit="1"/>
                  <field name="Nature of address" value="spare:92" type="EnumLong" lengthBit="7"/>
                  <field name="Internal Network Number (INN)" value="routing to internal number not allowed:1" type="EnumLong" lengthBit="1"/>
                  <field name="Numbering plan" value="ISDN/Telephony Numbering Plan (Rec ITU-T E.164):1" type="EnumLong" lengthBit="3"/>
                  <field name="spare" value="11" type="Integer" lengthBit="4"/>
                  <field name="digits" value="289996508" type="Number_BCD" length="9"/>
               </Bytes></CalledPartyNumber.BoxedType>
            <CalledPartyNumber.BoxedType><Bytes>1ce92183641760
                  <field name="Odd/even (O/E)" value="even number of address signals:0" type="EnumLong" lengthBit="1"/>
                  <field name="Nature of address" value="spare:28" type="EnumLong" lengthBit="7"/>
                  <field name="Internal Network Number (INN)" value="routing to internal number not allowed:1" type="EnumLong" lengthBit="1"/>
                  <field name="Numbering plan" value="reserved for national use:6" type="EnumLong" lengthBit="3"/>
                  <field name="spare" value="9" type="Integer" lengthBit="4"/>
                  <field name="digits" value="1238467106" type="Number_BCD" length="10"/>
               </Bytes></CalledPartyNumber.BoxedType>
         </Collection>
      </destinationRoutingAddress.C0.BoxedType>
      <extensions.C4.BoxedType>
         <Collection>
            <ExtensionField.Sequence>
               <type.Choice>
                  <local>608175560</local>
                  <global><ObjectIdentifier>0.1.280.35.117.78.10</ObjectIdentifier></global>
               </type.Choice>
               <criticality.nulld.Enum>
                  <EnumType>ignore.0</EnumType>
               </criticality.nulld.Enum>
               <NullObject.C1></NullObject.C1>
            </ExtensionField.Sequence>
            <ExtensionField.Sequence>
               <type.Choice>
                  <local>445259243</local>
                  <global><ObjectIdentifier>0.1.221.60.115.14.11.86.89</ObjectIdentifier></global>
               </type.Choice>
               <criticality.nulld.Enum>
                  <EnumType>abort.1</EnumType>
               </criticality.nulld.Enum>
               <NullObject.C1></NullObject.C1>
            </ExtensionField.Sequence>
            <ExtensionField.Sequence>
               <type.Choice>
                  <local>2264790440</local>
                  <global><ObjectIdentifier>0.1.2125.82.9</ObjectIdentifier></global>
               </type.Choice>
               <criticality.nulld.Enum>
                  <EnumType>ignore.0</EnumType>
               </criticality.nulld.Enum>
               <NullObject.C1></NullObject.C1>
            </ExtensionField.Sequence>
         </Collection>
      </extensions.C4.BoxedType>
      <legToBeCreated.C5.Choice>
         <sendingSideID.C0.BoxedType><Bytes>01
               <field name="LegType" value="leg1 LegType:1" type="EnumLong" length="1"/>
            </Bytes></sendingSideID.C0.BoxedType>
         <receivingSideID.C1.BoxedType><Bytes>01
               <field name="LegType" value="leg1 LegType:1" type="EnumLong" length="1"/>
            </Bytes></receivingSideID.C1.BoxedType>
      </legToBeCreated.C5.Choice>
      <newCallSegment.C6.BoxedType><Integer>1</Integer></newCallSegment.C6.BoxedType>
      <callingPartyNumber.C30.BoxedType><Bytes>070128959706
            <field name="Odd/even (O/E)" value="even number of address signals:0" type="EnumLong" lengthBit="1"/>
            <field name="Nature of address" value="network routing number in network-specific number format (national use):7" type="EnumLong" lengthBit="7"/>
            <field name="Number Incomplete (NI)" value="complete:0" type="EnumLong" lengthBit="1"/>
            <field name="Numbering plan" value="spare:0" type="EnumLong" lengthBit="3"/>
            <field name="Address presentation restricted" value="presentation allowed:0" type="EnumLong" lengthBit="2"/>
            <field name="Screening" value="user provided, verified and passed:1" type="EnumLong" lengthBit="2"/>
            <field name="digits" value="82597960" type="Number_BCD" length="8"/>
         </Bytes></callingPartyNumber.C30.BoxedType>
      <callReferenceNumber.C51.BoxedType><Bytes>1a08fa</Bytes></callReferenceNumber.C51.BoxedType>
      <gsmSCFAddress.C52.BoxedType><AddressString.BoxedType><Bytes>d918333042f9
               <field name="extension" value="no extension:1" type="EnumLong" lengthBit="1"/>
               <field name="nature of address" value="reserved:5" type="EnumLong" lengthBit="3"/>
               <field name="numbering plan" value="private numbering plan:9" type="EnumLong" lengthBit="4"/>
               <field name="digits" value="813303249" type="Number_BCD" length="9"/>
            </Bytes></AddressString.BoxedType></gsmSCFAddress.C52.BoxedType>
      <suppress_T_CSI.C53></suppress_T_CSI.C53>
   </InitiateCallAttemptArg.Sequence>
</ASN>