<?xml version="1.0" encoding="ISO-8859-15"?>

<ASN layer="CAP">
   <InitialDPGPRSArg.Sequence>
      <serviceKey.C0.BoxedType><Integer>1</Integer></serviceKey.C0.BoxedType>
      <gPRSEventType.C1.Enum>
         <EnumType>attach.1</EnumType>
      </gPRSEventType.C1.Enum>
      <mSISDN.C2.BoxedType><AddressString.BoxedType><Bytes>733190478594
               <field name="extension" value="extension:0" type="EnumLong" lengthBit="1"/>
               <field name="nature of address" value="reserved for extension:7" type="EnumLong" lengthBit="3"/>
               <field name="numbering plan" value="data numbering plan (ITU-T Rec X.121):3" type="EnumLong" lengthBit="4"/>
               <field name="digits" value="1309745849" type="Number_BCD" length="10"/>
            </Bytes></AddressString.BoxedType></mSISDN.C2.BoxedType>
      <iMSI.C3.BoxedType><TBCD_STRING.BoxedType><Bytes>32934178f2
               <field name="digits" value="233914872" type="Number_BCD" length="9"/>
            </Bytes></TBCD_STRING.BoxedType></iMSI.C3.BoxedType>
      <timeAndTimeZone.C4.BoxedType><Bytes>0000001177581952
            <field name="value" value="0000001177859125" type="Number_BCD" length="8"/>
         </Bytes></timeAndTimeZone.C4.BoxedType>
      <gPRSMSClass.C5.Sequence>
         <mSNetworkCapability.C0.BoxedType><Bytes>cb6a0e5a19b1
               <field name="value" value="cb6a0e5a19b1" type="Binary" length="6"/>
            </Bytes></mSNetworkCapability.C0.BoxedType>
         <mSRadioAccessCapability.C1.BoxedType><Bytes>5cbf441b5e89b6
               <field name="value" value="5cbf441b5e89b6" type="Binary" length="7"/>
            </Bytes></mSRadioAccessCapability.C1.BoxedType>
      </gPRSMSClass.C5.Sequence>
      <endUserAddress.C6.Sequence>
         <pDPTypeOrganization.C0>279758b10d73143cc3</pDPTypeOrganization.C0>
         <pDPTypeNumber.C1>11e6a41144323236709a</pDPTypeNumber.C1>
         <pDPAddress.C2>0dc4469ff9c3</pDPAddress.C2>
      </endUserAddress.C6.Sequence>
      <qualityOfService.C7.Sequence>
         <requested_QoS.C0.Choice>
            <short_QoS_format.C0.BoxedType><Bytes>36a62b
                  <field name="spare1" value="0" type="Integer" lengthBit="2"/>
                  <field name="Delay class" value="Delay class 4 (best effort):6" type="EnumLong" lengthBit="3"/>
                  <field name="Reliability class" value="Unacknowledged GTP, LLC, and RLC, Protected data:6" type="EnumLong" lengthBit="3"/>
                  <field name="Peak throughput" value="Up to 1 000 octet/s:10" type="EnumLong" lengthBit="4"/>
                  <field name="spare2" value="0" type="Integer" lengthBit="1"/>
                  <field name="Precedence class" value="Normal priority:6" type="EnumLong" lengthBit="3"/>
                  <field name="spare3" value="1" type="Integer" lengthBit="3"/>
                  <field name="Mean throughput" value="200000 octet/h:11" type="EnumLong" lengthBit="5"/>
               </Bytes></short_QoS_format.C0.BoxedType>
            <long_QoS_format.C1.BoxedType><Bytes>85a9ec2252fea13a54
                  <field name="Allocation/Retention Priority" value="133" type="Integer" length="1"/>
                  <field name="Traffic class" value="Reserved:5" type="EnumLong" lengthBit="3"/>
                  <field name="Delivery class" value="With delivery order (&apos;yes&apos;):1" type="EnumLong" lengthBit="2"/>
                  <field name="Delivery erroneous SDUs" value="No detect (&apos;-&apos;):1" type="EnumLong" lengthBit="3"/>
                  <field name="Maximum SDU size" value="236" type="Integer" length="1"/>
                  <field name="Maximum bitrate uplink" value="34" type="Integer" length="1"/>
                  <field name="Maximum bitrate downlink" value="82" type="Integer" length="1"/>
                  <field name="SDU error ratio" value="Reserved:15" type="EnumLong" lengthBit="4"/>
                  <field name="Residual BER" value="Reserved:14" type="EnumLong" lengthBit="4"/>
                  <field name="Transfer delay" value="40" type="Integer" lengthBit="6"/>
                  <field name="Traffic handling priority" value="Priority level 1:1" type="EnumLong" lengthBit="2"/>
                  <field name="Guaranteed bitrate uplink" value="58" type="Integer" length="1"/>
                  <field name="Guaranteed bitrate downlink" value="84" type="Integer" length="1"/>
               </Bytes></long_QoS_format.C1.BoxedType>
         </requested_QoS.C0.Choice>
         <subscribed_QoS.C1.Choice>
            <short_QoS_format.C0.BoxedType><Bytes>b1c4ba
                  <field name="spare1" value="2" type="Integer" lengthBit="2"/>
                  <field name="Delay class" value="Delay class 4 (best effort):6" type="EnumLong" lengthBit="3"/>
                  <field name="Reliability class" value="Unused. If received, it shall be interpreted as &apos;010&apos;:1" type="EnumLong" lengthBit="3"/>
                  <field name="Peak throughput" value="Up to 1 000 octet/s:12" type="EnumLong" lengthBit="4"/>
                  <field name="spare2" value="0" type="Integer" lengthBit="1"/>
                  <field name="Precedence class" value="Normal priority:4" type="EnumLong" lengthBit="3"/>
                  <field name="spare3" value="5" type="Integer" lengthBit="3"/>
                  <field name="Mean throughput" value="Best effort:26" type="EnumLong" lengthBit="5"/>
               </Bytes></short_QoS_format.C0.BoxedType>
            <long_QoS_format.C1.BoxedType><Bytes>09dadad5378f35df0e
                  <field name="Allocation/Retention Priority" value="9" type="Integer" length="1"/>
                  <field name="Traffic class" value="Reserved:6" type="EnumLong" lengthBit="3"/>
                  <field name="Delivery class" value="Reserved:3" type="EnumLong" lengthBit="2"/>
                  <field name="Delivery erroneous SDUs" value="Erroneous SDUs are delivered (&apos;yes&apos;):2" type="EnumLong" lengthBit="3"/>
                  <field name="Maximum SDU size" value="218" type="Integer" length="1"/>
                  <field name="Maximum bitrate uplink" value="213" type="Integer" length="1"/>
                  <field name="Maximum bitrate downlink" value="55" type="Integer" length="1"/>
                  <field name="SDU error ratio" value="Reserved:8" type="EnumLong" lengthBit="4"/>
                  <field name="Residual BER" value="Reserved:15" type="EnumLong" lengthBit="4"/>
                  <field name="Transfer delay" value="13" type="Integer" lengthBit="6"/>
                  <field name="Traffic handling priority" value="Priority level 1:1" type="EnumLong" lengthBit="2"/>
                  <field name="Guaranteed bitrate uplink" value="223" type="Integer" length="1"/>
                  <field name="Guaranteed bitrate downlink" value="14" type="Integer" length="1"/>
               </Bytes></long_QoS_format.C1.BoxedType>
         </subscribed_QoS.C1.Choice>
         <negotiated_QoS.C2.Choice>
            <short_QoS_format.C0.BoxedType><Bytes>2dcc54
                  <field name="spare1" value="0" type="Integer" lengthBit="2"/>
                  <field name="Delay class" value="Delay class 4 (best effort):5" type="EnumLong" lengthBit="3"/>
                  <field name="Reliability class" value="Unacknowledged GTP, LLC, and RLC, Unprotected data:5" type="EnumLong" lengthBit="3"/>
                  <field name="Peak throughput" value="Up to 1 000 octet/s:12" type="EnumLong" lengthBit="4"/>
                  <field name="spare2" value="1" type="Integer" lengthBit="1"/>
                  <field name="Precedence class" value="Normal priority:4" type="EnumLong" lengthBit="3"/>
                  <field name="spare3" value="2" type="Integer" lengthBit="3"/>
                  <field name="Mean throughput" value="Best effort:20" type="EnumLong" lengthBit="5"/>
               </Bytes></short_QoS_format.C0.BoxedType>
            <long_QoS_format.C1.BoxedType><Bytes>a73c3d1f508be3351c
                  <field name="Allocation/Retention Priority" value="167" type="Integer" length="1"/>
                  <field name="Traffic class" value="Conversational class:1" type="EnumLong" lengthBit="3"/>
                  <field name="Delivery class" value="Reserved:3" type="EnumLong" lengthBit="2"/>
                  <field name="Delivery erroneous SDUs" value="Reserved:4" type="EnumLong" lengthBit="3"/>
                  <field name="Maximum SDU size" value="61" type="Integer" length="1"/>
                  <field name="Maximum bitrate uplink" value="31" type="Integer" length="1"/>
                  <field name="Maximum bitrate downlink" value="80" type="Integer" length="1"/>
                  <field name="SDU error ratio" value="Reserved:8" type="EnumLong" lengthBit="4"/>
                  <field name="Residual BER" value="Reserved:11" type="EnumLong" lengthBit="4"/>
                  <field name="Transfer delay" value="56" type="Integer" lengthBit="6"/>
                  <field name="Traffic handling priority" value="Priority level 3:3" type="EnumLong" lengthBit="2"/>
                  <field name="Guaranteed bitrate uplink" value="53" type="Integer" length="1"/>
                  <field name="Guaranteed bitrate downlink" value="28" type="Integer" length="1"/>
               </Bytes></long_QoS_format.C1.BoxedType>
         </negotiated_QoS.C2.Choice>
         <requested_QoS_Extension.C3.Sequence>
            <supplement_to_long_QoS_format.C0.BoxedType><Bytes>cf4e44a832
                  <field name="spare" value="6" type="Integer" lengthBit="3"/>
                  <field name="Signalling Indication" value="Not optimised for signalling traffic:0" type="EnumLong" lengthBit="1"/>
                  <field name="Source Statistics Descriptor" value="unknown:15" type="EnumLong" lengthBit="4"/>
                  <field name="Maximum bitrate downlink (extended)" value="78" type="Integer" length="1"/>
                  <field name="Guaranteed bitrate downlink (extended)" value="68" type="Integer" length="1"/>
                  <field name="Maximum bitrate uplink (extended)" value="168" type="Integer" length="1"/>
                  <field name="Guaranteed bitrate uplink (extended)" value="50" type="Integer" length="1"/>
               </Bytes></supplement_to_long_QoS_format.C0.BoxedType>
            <additionalSupplement.C1.BoxedType><Bytes>fb6a
                  <field name="Maximum bitrate uplink (extended)" value="251" type="Integer" length="1"/>
                  <field name="Guaranteed bitrate uplink (extended)" value="106" type="Integer" length="1"/>
               </Bytes></additionalSupplement.C1.BoxedType>
         </requested_QoS_Extension.C3.Sequence>
         <subscribed_QoS_Extension.C4.Sequence>
            <supplement_to_long_QoS_format.C0.BoxedType><Bytes>ceb86fae5b
                  <field name="spare" value="6" type="Integer" lengthBit="3"/>
                  <field name="Signalling Indication" value="Not optimised for signalling traffic:0" type="EnumLong" lengthBit="1"/>
                  <field name="Source Statistics Descriptor" value="unknown:14" type="EnumLong" lengthBit="4"/>
                  <field name="Maximum bitrate downlink (extended)" value="184" type="Integer" length="1"/>
                  <field name="Guaranteed bitrate downlink (extended)" value="111" type="Integer" length="1"/>
                  <field name="Maximum bitrate uplink (extended)" value="174" type="Integer" length="1"/>
                  <field name="Guaranteed bitrate uplink (extended)" value="91" type="Integer" length="1"/>
               </Bytes></supplement_to_long_QoS_format.C0.BoxedType>
            <additionalSupplement.C1.BoxedType><Bytes>f53c
                  <field name="Maximum bitrate uplink (extended)" value="245" type="Integer" length="1"/>
                  <field name="Guaranteed bitrate uplink (extended)" value="60" type="Integer" length="1"/>
               </Bytes></additionalSupplement.C1.BoxedType>
         </subscribed_QoS_Extension.C4.Sequence>
         <negotiated_QoS_Extension.C5.Sequence>
            <supplement_to_long_QoS_format.C0.BoxedType><Bytes>821b6757c3
                  <field name="spare" value="4" type="Integer" lengthBit="3"/>
                  <field name="Signalling Indication" value="Not optimised for signalling traffic:0" type="EnumLong" lengthBit="1"/>
                  <field name="Source Statistics Descriptor" value="unknown:2" type="EnumLong" lengthBit="4"/>
                  <field name="Maximum bitrate downlink (extended)" value="27" type="Integer" length="1"/>
                  <field name="Guaranteed bitrate downlink (extended)" value="103" type="Integer" length="1"/>
                  <field name="Maximum bitrate uplink (extended)" value="87" type="Integer" length="1"/>
                  <field name="Guaranteed bitrate uplink (extended)" value="195" type="Integer" length="1"/>
               </Bytes></supplement_to_long_QoS_format.C0.BoxedType>
            <additionalSupplement.C1.BoxedType><Bytes>56d1
                  <field name="Maximum bitrate uplink (extended)" value="86" type="Integer" length="1"/>
                  <field name="Guaranteed bitrate uplink (extended)" value="209" type="Integer" length="1"/>
               </Bytes></additionalSupplement.C1.BoxedType>
         </negotiated_QoS_Extension.C5.Sequence>
      </qualityOfService.C7.Sequence>
      <accessPointName.C8.BoxedType><Bytes>c9</Bytes></accessPointName.C8.BoxedType>
      <routeingAreaIdentity.C9.BoxedType><Bytes>321402d50373
            <field name="MMC" value="234,201" type="NumberMMC" length="3"/>
            <field name="LAC" value="54531" type="Integer" length="2"/>
            <field name="RAC" value="115" type="Integer" length="1"/>
         </Bytes></routeingAreaIdentity.C9.BoxedType>
      <chargingID.C10.BoxedType><Bytes>788b9b29
            <field name="Charging ID" value="2022415145" type="Integer" length="4"/>
         </Bytes></chargingID.C10.BoxedType>
      <sGSNCapabilities.C11.BoxedType><Bytes>ea95a2081cdfe69f7c</Bytes></sGSNCapabilities.C11.BoxedType>
      <locationInformationGPRS.C12.Sequence>
         <cellGlobalIdOrServiceAreaIdOrLAI.C0.Choice>
            <cellGlobalIdOrServiceAreaIdFixedLength.C0.BoxedType><Bytes>2128915b59865a
                  <field name="MMC" value="128,192" type="NumberMMC" length="3"/>
                  <field name="LAC" value="23385" type="Integer" length="2"/>
                  <field name="CI_SAC" value="34394" type="Integer" length="2"/>
               </Bytes></cellGlobalIdOrServiceAreaIdFixedLength.C0.BoxedType>
            <laiFixedLength.C1.BoxedType><Bytes>9192219e12
                  <field name="MMC" value="192,129" type="NumberMMC" length="3"/>
                  <field name="LAC" value="40466" type="Integer" length="2"/>
               </Bytes></laiFixedLength.C1.BoxedType>
         </cellGlobalIdOrServiceAreaIdOrLAI.C0.Choice>
         <routeingAreaIdentity.C1.BoxedType><Bytes>5178422ccc13
               <field name="MMC" value="158,247" type="NumberMMC" length="3"/>
               <field name="LAC" value="11468" type="Integer" length="2"/>
               <field name="RAC" value="19" type="Integer" length="1"/>
            </Bytes></routeingAreaIdentity.C1.BoxedType>
         <geographicalInformation.C2.BoxedType><Bytes>6796cf8c14d3c938
               <field name="TypeOfShape" value="Reserved for future use:6" type="EnumLong" lengthBit="4"/>
               <field name="spare" value="7" type="Integer" lengthBit="4"/>
               <field name="DegreesOfLatitude" value="9883532" type="Integer" length="3"/>
               <field name="DegreesOfLongitude" value="1364937" type="Integer" length="3"/>
               <field name="UncertaintyCode" value="56" type="Integer" length="1"/>
            </Bytes></geographicalInformation.C2.BoxedType>
         <sgsn_Number.C3.BoxedType><AddressString.BoxedType><Bytes>3d5112750131
                  <field name="extension" value="extension:0" type="EnumLong" lengthBit="1"/>
                  <field name="nature of address" value="network specific number:3" type="EnumLong" lengthBit="3"/>
                  <field name="numbering plan" value="13" type="EnumLong" lengthBit="4"/>
                  <field name="digits" value="1521571013" type="Number_BCD" length="10"/>
               </Bytes></AddressString.BoxedType></sgsn_Number.C3.BoxedType>
         <selectedLSAIdentity.C4.BoxedType><Bytes>9b60da
               <field name="LSA type" value="Universal LSA number:1" type="EnumLong" lengthBit="1"/>
               <field name="Identifier" value="1794266" type="Integer" lengthBit="23"/>
            </Bytes></selectedLSAIdentity.C4.BoxedType>
         <extensionContainer.C5.Sequence>
            <privateExtensionList.C0.BoxedType>
               <Collection>
                  <PrivateExtension.Sequence>
                     <extId><ObjectIdentifier>0.1.2109.110.82.23.100.87</ObjectIdentifier></extId>
                     <extType>14a82121d1c137621b</extType>
                  </PrivateExtension.Sequence>
                  <PrivateExtension.Sequence>
                     <extId><ObjectIdentifier>0.1.231.1.90.125.96</ObjectIdentifier></extId>
                     <extType>02986d511ac6884cc7</extType>
                  </PrivateExtension.Sequence>
                  <PrivateExtension.Sequence>
                     <extId><ObjectIdentifier>0.1.2</ObjectIdentifier></extId>
                     <extType>6258c6081c9ec5eaa8</extType>
                  </PrivateExtension.Sequence>
               </Collection>
            </privateExtensionList.C0.BoxedType>
            <pcs_Extensions.C1.Sequence>
               
            </pcs_Extensions.C1.Sequence>
         </extensionContainer.C5.Sequence>
         <sai_Present.C6></sai_Present.C6>
         <geodeticInformation.C7.BoxedType><Bytes>88cc800b715a66567a44
               <field name="spare" value="8" type="Integer" lengthBit="4"/>
               <field name="LPRI" value="location not available (Note):2" type="EnumLong" lengthBit="2"/>
               <field name="screnning" value="user provided, not verified:0" type="EnumLong" lengthBit="2"/>
               <field name="ext" value="1" type="Integer" lengthBit="1"/>
               <field name="TypeOfShape" value="reserved for national use:76" type="EnumLong" lengthBit="7"/>
               <field name="DegreesOfLatitude" value="8391537" type="Integer" length="3"/>
               <field name="DegreesOfLongitude" value="5924438" type="Integer" length="3"/>
               <field name="UncertaintyCode" value="122" type="Integer" length="1"/>
               <field name="Confidence" value="68" type="Integer" length="1"/>
            </Bytes></geodeticInformation.C7.BoxedType>
         <currentLocationRetrieved.C8></currentLocationRetrieved.C8>
         <ageOfLocationInformation.C9.BoxedType><Integer>2 minuts:2</Integer></ageOfLocationInformation.C9.BoxedType>
         <userCSGInformation.C10.Sequence>
            <csg_Id.C0.BoxedType><BitString><BitString value="a520019e2278db27deb72daecda0bc" trailing="0"/></BitString></csg_Id.C0.BoxedType>
            <extensionContainer.C1.Sequence>
               <privateExtensionList.C0.BoxedType>
                  <Collection>
                     <PrivateExtension.Sequence>
                        <extId><ObjectIdentifier>0.1.2115.33</ObjectIdentifier></extId>
                        <extType>1ae1b9e27a1b7b0391</extType>
                     </PrivateExtension.Sequence>
                     <PrivateExtension.Sequence>
                        <extId><ObjectIdentifier>0.1.222.90.46.91.99</ObjectIdentifier></extId>
                        <extType>035303</extType>
                     </PrivateExtension.Sequence>
                     <PrivateExtension.Sequence>
                        <extId><ObjectIdentifier>0.1.258</ObjectIdentifier></extId>
                        <extType>6e5cbf64293387</extType>
                     </PrivateExtension.Sequence>
                  </Collection>
               </privateExtensionList.C0.BoxedType>
               <pcs_Extensions.C1.Sequence>
                  
               </pcs_Extensions.C1.Sequence>
            </extensionContainer.C1.Sequence>
            <accessMode.C2>ce0e6ee46232</accessMode.C2>
            <cmi.C3>7168b9043b</cmi.C3>
         </userCSGInformation.C10.Sequence>
      </locationInformationGPRS.C12.Sequence>
      <pDPInitiationType.C13.Enum>
         <EnumType>networkInitiated.1</EnumType>
      </pDPInitiationType.C13.Enum>
      <extensions.C14.BoxedType>
         <Collection>
            <ExtensionField.Sequence>
               <type.Choice>
                  <local>3566147215</local>
                  <global><ObjectIdentifier>0.1.236.69.9</ObjectIdentifier></global>
               </type.Choice>
               <criticality.nulld.Enum>
                  <EnumType>abort.1</EnumType>
               </criticality.nulld.Enum>
               <NullObject.C1></NullObject.C1>
            </ExtensionField.Sequence>
            <ExtensionField.Sequence>
               <type.Choice>
                  <local>3617563893</local>
                  <global><ObjectIdentifier>0.1.271.120</ObjectIdentifier></global>
               </type.Choice>
               <criticality.nulld.Enum>
                  <EnumType>abort.1</EnumType>
               </criticality.nulld.Enum>
               <NullObject.C1></NullObject.C1>
            </ExtensionField.Sequence>
            <ExtensionField.Sequence>
               <type.Choice>
                  <local>3889715329</local>
                  <global><ObjectIdentifier>0.1.245.19.17.25.83.69.1.89.68</ObjectIdentifier></global>
               </type.Choice>
               <criticality.nulld.Enum>
                  <EnumType>abort.1</EnumType>
               </criticality.nulld.Enum>
               <NullObject.C1></NullObject.C1>
            </ExtensionField.Sequence>
         </Collection>
      </extensions.C14.BoxedType>
      <gGSNAddress.C15.BoxedType><Bytes>aa38fa0e15
            <field name="Address type" value="2" type="EnumLong" lengthBit="2"/>
            <field name="AddressLength" value="42" type="Integer" lengthBit="6"/>
            <field name="IPV4 address" value="56.250.14.21" type="IPV4Address" length="4"/>
         </Bytes></gGSNAddress.C15.BoxedType>
      <secondaryPDP_context.C16></secondaryPDP_context.C16>
      <iMEI.C17.BoxedType><TBCD_STRING.BoxedType><Bytes>41568026f0
               <field name="digits" value="146508620" type="Number_BCD" length="9"/>
            </Bytes></TBCD_STRING.BoxedType></iMEI.C17.BoxedType>
   </InitialDPGPRSArg.Sequence>
</ASN>