<?xml version="1.0" encoding="ISO-8859-15"?>

<ASN layer="CAP">
   <InitialDPArg.Sequence>
      <serviceKey.C0.BoxedType><Integer>0</Integer></serviceKey.C0.BoxedType>
      <calledPartyNumber.C2.BoxedType><Bytes>20ce6198116880
            <field name="Odd/even (O/E)" value="even number of address signals:0" type="EnumLong" lengthBit="1"/>
            <field name="Nature of address" value="spare:32" type="EnumLong" lengthBit="7"/>
            <field name="Internal Network Number (INN)" value="routing to internal number not allowed:1" type="EnumLong" lengthBit="1"/>
            <field name="Numbering plan" value="Telex numbering plan (ITU-T Recommendation F.69):4" type="EnumLong" lengthBit="3"/>
            <field name="spare" value="14" type="Integer" lengthBit="4"/>
            <field name="digits" value="1689118608" type="Number_BCD" length="10"/>
         </Bytes></calledPartyNumber.C2.BoxedType>
      <callingPartyNumber.C3.BoxedType><Bytes>f1931178568196
            <field name="Odd/even (O/E)" value="odd number of address signals:1" type="EnumLong" lengthBit="1"/>
            <field name="Nature of address" value="reserved for national use:113" type="EnumLong" lengthBit="7"/>
            <field name="Number Incomplete (NI)" value="incomplete:1" type="EnumLong" lengthBit="1"/>
            <field name="Numbering plan" value="ISDN/Telephony Numbering Plan (Rec ITU-T E.164):1" type="EnumLong" lengthBit="3"/>
            <field name="Address presentation restricted" value="presentation allowed:0" type="EnumLong" lengthBit="2"/>
            <field name="Screening" value="network provided:3" type="EnumLong" lengthBit="2"/>
            <field name="digits" value="1187651869" type="Number_BCD" length="10"/>
         </Bytes></callingPartyNumber.C3.BoxedType>
      <callingPartysCategory.C5.BoxedType><Bytes>0b
            <field name="category" value="calling subscriber with priority:11" type="EnumLong" length="1"/>
         </Bytes></callingPartysCategory.C5.BoxedType>
      <cGEncountered.C7.Enum>
         <EnumType>scpOverload.2</EnumType>
      </cGEncountered.C7.Enum>
      <iPSSPCapabilities.C8.BoxedType><Bytes>a86b</Bytes></iPSSPCapabilities.C8.BoxedType>
      <locationNumber.C10.BoxedType><Bytes>853d1181927975
            <field name="Odd/even (O/E)" value="odd number of address signals:1" type="EnumLong" lengthBit="1"/>
            <field name="Nature of address" value="network-specific number (national use):5" type="EnumLong" lengthBit="7"/>
            <field name="Internal Network Number (INN)" value="routing to internal number allowed:0" type="EnumLong" lengthBit="1"/>
            <field name="Numbering plan" value="Data numbering plan (ITU-T Recommendation X.121):3" type="EnumLong" lengthBit="3"/>
            <field name="Address presentation restricted" value="spare:3" type="EnumLong" lengthBit="2"/>
            <field name="Screening" value="user provided, verified and passed:1" type="EnumLong" lengthBit="2"/>
            <field name="digits" value="1118299757" type="Number_BCD" length="10"/>
         </Bytes></locationNumber.C10.BoxedType>
      <originalCalledPartyID.C12.BoxedType><Bytes>aeca66355274f6
            <field name="Odd/even (O/E)" value="odd number of address signals:1" type="EnumLong" lengthBit="1"/>
            <field name="Nature of address" value="spare:46" type="EnumLong" lengthBit="7"/>
            <field name="spare1" value="1" type="Integer" lengthBit="1"/>
            <field name="Numbering plan" value="Telex numbering plan (ITU-T Recommendation F.69):4" type="EnumLong" lengthBit="3"/>
            <field name="Address presentation restricted" value="address not available (national use):2" type="EnumLong" lengthBit="2"/>
            <field name="spare2" value="2" type="Integer" lengthBit="2"/>
            <field name="digits" value="665325476" type="Number_BCD" length="9"/>
         </Bytes></originalCalledPartyID.C12.BoxedType>
      <extensions.C15.BoxedType>
         <Collection>
            <ExtensionField.Sequence>
               <type.Choice>
                  <local>2113681056</local>
                  <global><ObjectIdentifier>0.1.22.28.28.107.78.31.67</ObjectIdentifier></global>
               </type.Choice>
               <criticality.nulld.Enum>
                  <EnumType>ignore.0</EnumType>
               </criticality.nulld.Enum>
               <NullObject.C1></NullObject.C1>
            </ExtensionField.Sequence>
            <ExtensionField.Sequence>
               <type.Choice>
                  <local>3552581361</local>
                  <global><ObjectIdentifier>0.1.2110.53.79.25.124</ObjectIdentifier></global>
               </type.Choice>
               <criticality.nulld.Enum>
                  <EnumType>ignore.0</EnumType>
               </criticality.nulld.Enum>
               <NullObject.C1></NullObject.C1>
            </ExtensionField.Sequence>
            <ExtensionField.Sequence>
               <type.Choice>
                  <local>2946159889</local>
                  <global><ObjectIdentifier>0.1.262.2.58.72.94.16.4.72</ObjectIdentifier></global>
               </type.Choice>
               <criticality.nulld.Enum>
                  <EnumType>abort.1</EnumType>
               </criticality.nulld.Enum>
               <NullObject.C1></NullObject.C1>
            </ExtensionField.Sequence>
         </Collection>
      </extensions.C15.BoxedType>
      <highLayerCompatibility.C23.BoxedType><Bytes>bef8fa79b007</Bytes></highLayerCompatibility.C23.BoxedType>
      <additionalCallingPartyNumber.C25.BoxedType><Digits.BoxedType><Bytes>03e8a831b8391f</Bytes></Digits.BoxedType></additionalCallingPartyNumber.C25.BoxedType>
      <bearerCapability.C27.Choice><bearerCap.C0>a8de1c
            <field name="ext1" value="last octet:1" type="EnumLong" lengthBit="1"/>
            <field name="Coding standard" value="ISO/IEC Standard (Note 1):1" type="EnumLong" lengthBit="2"/>
            <field name="Information transfer capability" value="Unrestricted digital information:8" type="EnumLong" lengthBit="5"/>
            <field name="ext2" value="last octet:1" type="EnumLong" lengthBit="1"/>
            <field name="Transfer mode" value="reserved:2" type="EnumLong" lengthBit="2"/>
            <field name="Information transfer rate" value="reserved:30" type="EnumLong" lengthBit="5"/>
            <field name="ext3" value="continue:0" type="EnumLong" lengthBit="1"/>
            <field name="Layer identifier" value="not applicable:0" type="EnumLong" lengthBit="2"/>
            <field name="User information layer 1 protocol" value="reserved:28" type="EnumLong" lengthBit="5"/>
         </bearerCap.C0></bearerCapability.C27.Choice>
      <eventTypeBCSM.C28.Enum>
         <EnumType>oServiceChange.52</EnumType>
      </eventTypeBCSM.C28.Enum>
      <redirectingPartyID.C29.BoxedType><Bytes>72ca51891105f3
            <field name="Odd/even (O/E)" value="even number of address signals:0" type="EnumLong" lengthBit="1"/>
            <field name="Nature of address" value="reserved for national use:114" type="EnumLong" lengthBit="7"/>
            <field name="spare1" value="1" type="Integer" lengthBit="1"/>
            <field name="Numbering plan" value="Telex numbering plan (ITU-T Recommendation F.69):4" type="EnumLong" lengthBit="3"/>
            <field name="Address presentation restricted" value="address not available (national use):2" type="EnumLong" lengthBit="2"/>
            <field name="spare2" value="2" type="Integer" lengthBit="2"/>
            <field name="digits" value="159811503" type="Number_BCD" length="9"/>
         </Bytes></redirectingPartyID.C29.BoxedType>
      <redirectionInformation.C30.BoxedType><Bytes>52a4
            <field name="Redirecting reason" value="spare:5" type="EnumLong" lengthBit="4"/>
            <field name="spare1" value="0" type="Integer" lengthBit="1"/>
            <field name="Redirecting indicator" value="call rerouted, all redirection information presentation restricted (national use):2" type="EnumLong" lengthBit="3"/>
            <field name="Original redirection reason" value="spare:10" type="EnumLong" lengthBit="4"/>
            <field name="spare2" value="0" type="Integer" lengthBit="1"/>
            <field name="Redirection counter" value="4" type="Integer" lengthBit="3"/>
         </Bytes></redirectionInformation.C30.BoxedType>
      <cause.C17.BoxedType><Bytes>26c60e
            <field name="ext1" value="continue:0" type="EnumLong" lengthBit="1"/>
            <field name="Coding standard" value="ISO/IEC Standard (see Note):1" type="EnumLong" lengthBit="2"/>
            <field name="Spare" value="0" type="Integer" lengthBit="1"/>
            <field name="Location" value="spare:6" type="EnumLong" lengthBit="4"/>
            <field name="ext3" value="last octet:1" type="EnumLong" lengthBit="1"/>
            <field name="Cause value" value="Class 100 service or option not implemented : Only restricted digital information bearer capability is available:70" type="EnumLong" lengthBit="7"/>
            <field name="Diagnostics" value="0e" type="Binary" length="1"/>
         </Bytes></cause.C17.BoxedType>
      <serviceInteractionIndicatorsTwo.C32.Sequence>
         <forwardServiceInteractionInd.C0.Sequence>
            <conferenceTreatmentIndicator.C1>fa1d</conferenceTreatmentIndicator.C1>
            <callDiversionTreatmentIndicator.C2>f4ff8d39</callDiversionTreatmentIndicator.C2>
            <callingPartyRestrictionIndicator.C4>96428e80745b</callingPartyRestrictionIndicator.C4>
         </forwardServiceInteractionInd.C0.Sequence>
         <backwardServiceInteractionInd.C1.Sequence>
            <conferenceTreatmentIndicator.C1>4148b685d5</conferenceTreatmentIndicator.C1>
            <callCompletionTreatmentIndicator.C2>a697c24789fa0d55</callCompletionTreatmentIndicator.C2>
         </backwardServiceInteractionInd.C1.Sequence>
         <bothwayThroughConnectionInd.C2.Enum>
            <EnumType>bothwayPathRequired.0</EnumType>
         </bothwayThroughConnectionInd.C2.Enum>
         <connectedNumberTreatmentInd.C4.Enum>
            <EnumType>presentationRestricted.1</EnumType>
         </connectedNumberTreatmentInd.C4.Enum>
         <nonCUGCall.C13></nonCUGCall.C13>
         <holdTreatmentIndicator.C50>d7ad7f5c6e4e50d6</holdTreatmentIndicator.C50>
         <cwTreatmentIndicator.C51>a853d1</cwTreatmentIndicator.C51>
         <ectTreatmentIndicator.C52>84482fdad4bd838f</ectTreatmentIndicator.C52>
      </serviceInteractionIndicatorsTwo.C32.Sequence>
      <carrier.C37.BoxedType><Bytes>63e1b4e3</Bytes></carrier.C37.BoxedType>
      <cug_Index.C45.BoxedType><Integer>1</Integer></cug_Index.C45.BoxedType>
      <cug_Interlock.C46.BoxedType><Bytes>4a999221602f8898</Bytes></cug_Interlock.C46.BoxedType>
      <cug_OutgoingAccess.C47></cug_OutgoingAccess.C47>
      <iMSI.C50.BoxedType><TBCD_STRING.BoxedType><Bytes>3107425746
               <field name="digits" value="1370247564" type="Number_BCD" length="10"/>
            </Bytes></TBCD_STRING.BoxedType></iMSI.C50.BoxedType>
      <subscriberState.C51.Choice>
         <assumedIdle.C0></assumedIdle.C0>
         <camelBusy.C1></camelBusy.C1>
         <netDetNotReachable.Enum>
            <EnumType>msPurged.0</EnumType>
         </netDetNotReachable.Enum>
         <notProvidedFromVLR.C2></notProvidedFromVLR.C2>
      </subscriberState.C51.Choice>
      <locationInformation.C52.Sequence>
         <ageOfLocationInformation.BoxedType><Integer>[1-32766] minuts:1</Integer></ageOfLocationInformation.BoxedType>
         <geographicalInformation.C0.BoxedType><Bytes>8e3f5c90e3fe0a14
               <field name="TypeOfShape" value="Ellipsoid point with altitude:8" type="EnumLong" lengthBit="4"/>
               <field name="spare" value="14" type="Integer" lengthBit="4"/>
               <field name="DegreesOfLatitude" value="4152464" type="Integer" length="3"/>
               <field name="DegreesOfLongitude" value="14941706" type="Integer" length="3"/>
               <field name="UncertaintyCode" value="20" type="Integer" length="1"/>
            </Bytes></geographicalInformation.C0.BoxedType>
         <vlr_number.C1.BoxedType><AddressString.BoxedType><Bytes>3023868566f4
                  <field name="extension" value="extension:0" type="EnumLong" lengthBit="1"/>
                  <field name="nature of address" value="network specific number:3" type="EnumLong" lengthBit="3"/>
                  <field name="numbering plan" value="unknown:0" type="EnumLong" lengthBit="4"/>
                  <field name="digits" value="326858664" type="Number_BCD" length="9"/>
               </Bytes></AddressString.BoxedType></vlr_number.C1.BoxedType>
         <locationNumber.C2.BoxedType><Bytes>f2b215562043f2
               <field name="Odd/even (O/E)" value="odd number of address signals:1" type="EnumLong" lengthBit="1"/>
               <field name="Nature of address" value="reserved for national use:114" type="EnumLong" lengthBit="7"/>
               <field name="Internal Network Number (INN)" value="routing to internal number not allowed:1" type="EnumLong" lengthBit="1"/>
               <field name="Numbering plan" value="Data numbering plan (ITU-T Recommendation X.121):3" type="EnumLong" lengthBit="3"/>
               <field name="Address presentation restricted" value="presentation allowed:0" type="EnumLong" lengthBit="2"/>
               <field name="Screening" value="reserved:2" type="EnumLong" lengthBit="2"/>
               <field name="digits" value="516502342" type="Number_BCD" length="9"/>
            </Bytes></locationNumber.C2.BoxedType>
         <cellGlobalIdOrServiceAreaIdOrLAI.C3.Choice>
            <cellGlobalIdOrServiceAreaIdFixedLength.C0.BoxedType><Bytes>22f618f973a094
                  <field name="MMC" value="226,81" type="NumberMMC" length="3"/>
                  <field name="LAC" value="63859" type="Integer" length="2"/>
                  <field name="CI_SAC" value="41108" type="Integer" length="2"/>
               </Bytes></cellGlobalIdOrServiceAreaIdFixedLength.C0.BoxedType>
            <laiFixedLength.C1.BoxedType><Bytes>12f028236b
                  <field name="MMC" value="210,82" type="NumberMMC" length="3"/>
                  <field name="LAC" value="9067" type="Integer" length="2"/>
               </Bytes></laiFixedLength.C1.BoxedType>
         </cellGlobalIdOrServiceAreaIdOrLAI.C3.Choice>
         <extensionContainer.C4.Sequence>
            <privateExtensionList.C0.BoxedType>
               <Collection>
                  <PrivateExtension.Sequence>
                     <extId><ObjectIdentifier>0.1.277.55.60.86.102.49.109.84.31</ObjectIdentifier></extId>
                     <extType>0944781caf3e9c</extType>
                  </PrivateExtension.Sequence>
                  <PrivateExtension.Sequence>
                     <extId><ObjectIdentifier>0.1.2115.117.77.61.45</ObjectIdentifier></extId>
                     <extType>28ecc64337ad2e7b</extType>
                  </PrivateExtension.Sequence>
                  <PrivateExtension.Sequence>
                     <extId><ObjectIdentifier>0.1.2128</ObjectIdentifier></extId>
                     <extType>80be265b</extType>
                  </PrivateExtension.Sequence>
               </Collection>
            </privateExtensionList.C0.BoxedType>
            <pcs_Extensions.C1.Sequence>
               
            </pcs_Extensions.C1.Sequence>
         </extensionContainer.C4.Sequence>
         <selectedLSA_Id.C5.BoxedType><Bytes>6fcad5
               <field name="LSA type" value="PLMN significant number:0" type="EnumLong" lengthBit="1"/>
               <field name="Identifier" value="7326421" type="Integer" lengthBit="23"/>
            </Bytes></selectedLSA_Id.C5.BoxedType>
         <msc_Number.C6.BoxedType><AddressString.BoxedType><Bytes>831199659724
                  <field name="extension" value="no extension:1" type="EnumLong" lengthBit="1"/>
                  <field name="nature of address" value="unknown:0" type="EnumLong" lengthBit="3"/>
                  <field name="numbering plan" value="data numbering plan (ITU-T Rec X.121):3" type="EnumLong" lengthBit="4"/>
                  <field name="digits" value="1199567942" type="Number_BCD" length="10"/>
               </Bytes></AddressString.BoxedType></msc_Number.C6.BoxedType>
         <geodeticInformation.C7.BoxedType><Bytes>2a421dac6115574a6180
               <field name="spare" value="2" type="Integer" lengthBit="4"/>
               <field name="LPRI" value="location not available (Note):2" type="EnumLong" lengthBit="2"/>
               <field name="screnning" value="user provided, verified and failed:2" type="EnumLong" lengthBit="2"/>
               <field name="ext" value="0" type="Integer" lengthBit="1"/>
               <field name="TypeOfShape" value="reserved for national use:66" type="EnumLong" lengthBit="7"/>
               <field name="DegreesOfLatitude" value="1944673" type="Integer" length="3"/>
               <field name="DegreesOfLongitude" value="1398602" type="Integer" length="3"/>
               <field name="UncertaintyCode" value="97" type="Integer" length="1"/>
               <field name="Confidence" value="128" type="Integer" length="1"/>
            </Bytes></geodeticInformation.C7.BoxedType>
         <currentLocationRetrieved.C8></currentLocationRetrieved.C8>
         <sai_Present.C9></sai_Present.C9>
         <locationInformationEPS.C10.Sequence>
            <e_utranCellGlobalIdentity.C0.BoxedType><Bytes>5b3c6ae1</Bytes></e_utranCellGlobalIdentity.C0.BoxedType>
            <trackingAreaIdentity.C1.BoxedType><Bytes>78cdf9</Bytes></trackingAreaIdentity.C1.BoxedType>
            <extensionContainer.C2.Sequence>
               <privateExtensionList.C0.BoxedType>
                  <Collection>
                     <PrivateExtension.Sequence>
                        <extId><ObjectIdentifier>0.1.234.23.52.86.22.108.2.59.77</ObjectIdentifier></extId>
                        <extType>294818ce5db50b</extType>
                     </PrivateExtension.Sequence>
                     <PrivateExtension.Sequence>
                        <extId><ObjectIdentifier>0.1.26.71.70.9.99</ObjectIdentifier></extId>
                        <extType>7bdfd8d36fd2</extType>
                     </PrivateExtension.Sequence>
                     <PrivateExtension.Sequence>
                        <extId><ObjectIdentifier>0.1.233.86.35.23.25</ObjectIdentifier></extId>
                        <extType>5422d04d0e</extType>
                     </PrivateExtension.Sequence>
                  </Collection>
               </privateExtensionList.C0.BoxedType>
               <pcs_Extensions.C1.Sequence>
                  
               </pcs_Extensions.C1.Sequence>
            </extensionContainer.C2.Sequence>
            <geographicalInformation.C3.BoxedType><Bytes>3a0561e777156a0d
                  <field name="TypeOfShape" value="Ellipsoid point with uncertainty Ellipse:3" type="EnumLong" lengthBit="4"/>
                  <field name="spare" value="10" type="Integer" lengthBit="4"/>
                  <field name="DegreesOfLatitude" value="352743" type="Integer" length="3"/>
                  <field name="DegreesOfLongitude" value="7804266" type="Integer" length="3"/>
                  <field name="UncertaintyCode" value="13" type="Integer" length="1"/>
               </Bytes></geographicalInformation.C3.BoxedType>
            <geodeticInformation.C4.BoxedType><Bytes>2434c3a8fc1c240ab771
                  <field name="spare" value="2" type="Integer" lengthBit="4"/>
                  <field name="LPRI" value="presentation restricted:1" type="EnumLong" lengthBit="2"/>
                  <field name="screnning" value="user provided, not verified:0" type="EnumLong" lengthBit="2"/>
                  <field name="ext" value="0" type="Integer" lengthBit="1"/>
                  <field name="TypeOfShape" value="spare:52" type="EnumLong" lengthBit="7"/>
                  <field name="DegreesOfLatitude" value="12822780" type="Integer" length="3"/>
                  <field name="DegreesOfLongitude" value="1844234" type="Integer" length="3"/>
                  <field name="UncertaintyCode" value="183" type="Integer" length="1"/>
                  <field name="Confidence" value="113" type="Integer" length="1"/>
               </Bytes></geodeticInformation.C4.BoxedType>
            <currentLocationRetrieved.C5></currentLocationRetrieved.C5>
            <ageOfLocationInformation.C6.BoxedType><Integer>0 minut = currently in contact:0</Integer></ageOfLocationInformation.C6.BoxedType>
            <mme_Name.C7.BoxedType><Bytes>e6b886</Bytes></mme_Name.C7.BoxedType>
         </locationInformationEPS.C10.Sequence>
         <userCSGInformation.C11.Sequence>
            <csg_Id.C0.BoxedType><BitString><BitString value="2dda05" trailing="0"/></BitString></csg_Id.C0.BoxedType>
            <extensionContainer.C1.Sequence>
               <privateExtensionList.C0.BoxedType>
                  <Collection>
                     <PrivateExtension.Sequence>
                        <extId><ObjectIdentifier>0.1.247.120.10.74.47.88.114.86.81</ObjectIdentifier></extId>
                        <extType>fd33f4f8080840dc8f8e</extType>
                     </PrivateExtension.Sequence>
                     <PrivateExtension.Sequence>
                        <extId><ObjectIdentifier>0.1.255.73</ObjectIdentifier></extId>
                        <extType>cb10</extType>
                     </PrivateExtension.Sequence>
                     <PrivateExtension.Sequence>
                        <extId><ObjectIdentifier>0.1.218.20.119.17.14</ObjectIdentifier></extId>
                        <extType>a947ce</extType>
                     </PrivateExtension.Sequence>
                  </Collection>
               </privateExtensionList.C0.BoxedType>
               <pcs_Extensions.C1.Sequence>
                  
               </pcs_Extensions.C1.Sequence>
            </extensionContainer.C1.Sequence>
            <accessMode.C2>2e4b15b50d837c77</accessMode.C2>
            <cmi.C3>5fdf</cmi.C3>
         </userCSGInformation.C11.Sequence>
      </locationInformation.C52.Sequence>
      <ext_basicServiceCode.C53.Choice>
         <ext_BearerService.C2.BoxedType><Bytes>b8a45ea8bc3cb2</Bytes></ext_BearerService.C2.BoxedType>
         <ext_Teleservice.C3.BoxedType><Bytes>3b5dc5d53e
               <field name="Code" value="59" type="EnumLong" length="1"/>
               <field name="Extension data" value="5dc5d53e" type="Binary" length="4"/>
            </Bytes></ext_Teleservice.C3.BoxedType>
      </ext_basicServiceCode.C53.Choice>
      <callReferenceNumber.C54.BoxedType><Bytes>19fe2407872d25</Bytes></callReferenceNumber.C54.BoxedType>
      <mscAddress.C55.BoxedType><AddressString.BoxedType><Bytes>8587397416
               <field name="extension" value="no extension:1" type="EnumLong" lengthBit="1"/>
               <field name="nature of address" value="unknown:0" type="EnumLong" lengthBit="3"/>
               <field name="numbering plan" value="spare:5" type="EnumLong" lengthBit="4"/>
               <field name="digits" value="78934761" type="Number_BCD" length="8"/>
            </Bytes></AddressString.BoxedType></mscAddress.C55.BoxedType>
      <calledPartyBCDNumber.C56.BoxedType><Bytes>d72da821</Bytes></calledPartyBCDNumber.C56.BoxedType>
      <timeAndTimezone.C57.BoxedType><Bytes>0000005127142079
            <field name="value" value="0000001572410297" type="Number_BCD" length="8"/>
         </Bytes></timeAndTimezone.C57.BoxedType>
      <callForwardingSS_Pending.C58></callForwardingSS_Pending.C58>
      <initialDPArgExtension.C59.Sequence>
         <gmscAddress.C0.BoxedType><AddressString.BoxedType><Bytes>2704669881f2
                  <field name="extension" value="extension:0" type="EnumLong" lengthBit="1"/>
                  <field name="nature of address" value="national significant number:2" type="EnumLong" lengthBit="3"/>
                  <field name="numbering plan" value="spare:7" type="EnumLong" lengthBit="4"/>
                  <field name="digits" value="406689182" type="Number_BCD" length="9"/>
               </Bytes></AddressString.BoxedType></gmscAddress.C0.BoxedType>
         <forwardingDestinationNumber.C1.BoxedType><Bytes>70da16430096f9
               <field name="Odd/even (O/E)" value="even number of address signals:0" type="EnumLong" lengthBit="1"/>
               <field name="Nature of address" value="reserved for national use:112" type="EnumLong" lengthBit="7"/>
               <field name="Internal Network Number (INN)" value="routing to internal number not allowed:1" type="EnumLong" lengthBit="1"/>
               <field name="Numbering plan" value="private numbering plan:5" type="EnumLong" lengthBit="3"/>
               <field name="spare" value="10" type="Integer" lengthBit="4"/>
               <field name="digits" value="613400699" type="Number_BCD" length="9"/>
            </Bytes></forwardingDestinationNumber.C1.BoxedType>
         <ms_Classmark2.C2.BoxedType><Bytes>35ab95
               <field name="spare1" value="0" type="Integer" lengthBit="1"/>
               <field name="Revision level" value="Used by GSM phase 2 mobile stations:1" type="EnumLong" lengthBit="2"/>
               <field name="ES IND" value="ES IND option is implemented in the MS (if A/Gb mode supported):1" type="EnumLong" lengthBit="1"/>
               <field name="A5/1 algorithm supported " value="available:0" type="EnumLong" lengthBit="1"/>
               <field name="RF Power Capability" value="reserved:5" type="EnumLong" lengthBit="3"/>
               <field name="spare2" value="1" type="Integer" lengthBit="1"/>
               <field name="PS capability" value="not present:0" type="EnumLong" lengthBit="1"/>
               <field name="SS Screening Indicator" value="for future use :2" type="EnumLong" lengthBit="2"/>
               <field name="SM capability" value="supports:1" type="EnumLong" lengthBit="1"/>
               <field name="VBS notification reception" value="no notification wanted:0" type="EnumLong" lengthBit="1"/>
               <field name="VGCS notification reception" value="notification wanted (if A/Gb mode supported):1" type="EnumLong" lengthBit="1"/>
               <field name="FC Frequency Capability" value="support the E-GSM or R-GSM band (GSM900 only):1" type="EnumLong" lengthBit="1"/>
               <field name="CM3" value="supports:1" type="EnumLong" lengthBit="1"/>
               <field name="spare3" value="0" type="Integer" lengthBit="1"/>
               <field name="LCS VA capability" value="request notification not supported:0" type="EnumLong" lengthBit="1"/>
               <field name="UCS2 treatment" value="no preference for the default alphabet :1" type="EnumLong" lengthBit="1"/>
               <field name="SoLSA" value="does not support:0" type="EnumLong" lengthBit="1"/>
               <field name="CM Service Prompt (CMSP)" value="supported at least one CM protocol:1" type="EnumLong" lengthBit="1"/>
               <field name="A5/3 algorithm supported" value="not available:0" type="EnumLong" lengthBit="1"/>
               <field name="A5/2 algorithm supported" value="Not used:1" type="EnumLong" lengthBit="1"/>
            </Bytes></ms_Classmark2.C2.BoxedType>
         <iMEI.C3.BoxedType><TBCD_STRING.BoxedType><Bytes>31770658f2
                  <field name="digits" value="137760852" type="Number_BCD" length="9"/>
               </Bytes></TBCD_STRING.BoxedType></iMEI.C3.BoxedType>
         <supportedCamelPhases.C4.BoxedType><BitString><BitString value="48e926d7" trailing="0"/></BitString></supportedCamelPhases.C4.BoxedType>
         <offeredCamel4Functionalities.C5.BoxedType><BitString><BitString value="6f36a8a5e3d952b1531719664d09115174d99d" trailing="0"/></BitString></offeredCamel4Functionalities.C5.BoxedType>
         <bearerCapability2.C6.Choice><bearerCap.C0>eaf767
               <field name="ext1" value="last octet:1" type="EnumLong" lengthBit="1"/>
               <field name="Coding standard" value="Standard defined for the network (either public or private) present on the network side of the interface:3" type="EnumLong" lengthBit="2"/>
               <field name="Information transfer capability" value="reserved:10" type="EnumLong" lengthBit="5"/>
               <field name="ext2" value="last octet:1" type="EnumLong" lengthBit="1"/>
               <field name="Transfer mode" value="reserved:3" type="EnumLong" lengthBit="2"/>
               <field name="Information transfer rate" value="1920 kbit/s:23" type="EnumLong" lengthBit="5"/>
               <field name="ext3" value="continue:0" type="EnumLong" lengthBit="1"/>
               <field name="Layer identifier" value="layer 3 ident:3" type="EnumLong" lengthBit="2"/>
               <field name="User information layer 1 protocol" value="Non-ITU-T standardized rate adaption:7" type="EnumLong" lengthBit="5"/>
            </bearerCap.C0></bearerCapability2.C6.Choice>
         <ext_basicServiceCode2.C7.Choice>
            <ext_BearerService.C2.BoxedType><Bytes>829683c32549441e6a</Bytes></ext_BearerService.C2.BoxedType>
            <ext_Teleservice.C3.BoxedType><Bytes>080000cece
                  <field name="Code" value="8" type="EnumLong" length="1"/>
                  <field name="Extension data" value="0000cece" type="Binary" length="4"/>
               </Bytes></ext_Teleservice.C3.BoxedType>
         </ext_basicServiceCode2.C7.Choice>
         <highLayerCompatibility2.C8.BoxedType><Bytes>62998388ab</Bytes></highLayerCompatibility2.C8.BoxedType>
         <lowLayerCompatibility.C9.BoxedType><Bytes>ce49</Bytes></lowLayerCompatibility.C9.BoxedType>
         <lowLayerCompatibility2.C10.BoxedType><Bytes>14bc</Bytes></lowLayerCompatibility2.C10.BoxedType>
         <enhancedDialledServicesAllowed.C11></enhancedDialledServicesAllowed.C11>
         <uu_Data.C12.Sequence>
            <uuIndicator.C0.BoxedType><Bytes>33d4fec5f8465009</Bytes></uuIndicator.C0.BoxedType>
            <uui.C1.BoxedType><Bytes>0167b0</Bytes></uui.C1.BoxedType>
            <uusCFInteraction.C2></uusCFInteraction.C2>
            <extensionContainer.C3.Sequence>
               <privateExtensionList.C0.BoxedType>
                  <Collection>
                     <PrivateExtension.Sequence>
                        <extId><ObjectIdentifier>0.1.266.87.119.8.78.75.19</ObjectIdentifier></extId>
                        <extType>e8e9</extType>
                     </PrivateExtension.Sequence>
                     <PrivateExtension.Sequence>
                        <extId><ObjectIdentifier>0.1.2105.103.120.52.23.86.50.2</ObjectIdentifier></extId>
                        <extType>1f143e2a</extType>
                     </PrivateExtension.Sequence>
                     <PrivateExtension.Sequence>
                        <extId><ObjectIdentifier>0.1.229.122.90</ObjectIdentifier></extId>
                        <extType>74aec63c41</extType>
                     </PrivateExtension.Sequence>
                  </Collection>
               </privateExtensionList.C0.BoxedType>
               <pcs_Extensions.C1.Sequence>
                  
               </pcs_Extensions.C1.Sequence>
            </extensionContainer.C3.Sequence>
         </uu_Data.C12.Sequence>
         <collectInformationAllowed.C13></collectInformationAllowed.C13>
         <releaseCallArgExtensionAllowed.C14></releaseCallArgExtensionAllowed.C14>
      </initialDPArgExtension.C59.Sequence>
   </InitialDPArg.Sequence>
</ASN>