<?xml version="1.0" encoding="ISO-8859-15"?>

<ASN layer="CAP">
   <InitialDPSMSArg.Sequence>
      <serviceKey.C0.BoxedType><Integer>1</Integer></serviceKey.C0.BoxedType>
      <destinationSubscriberNumber.C1.BoxedType><Bytes>90674b</Bytes></destinationSubscriberNumber.C1.BoxedType>
      <callingPartyNumber.C2.BoxedType><AddressString.BoxedType><Bytes>4281023987f0
               <field name="extension" value="extension:0" type="EnumLong" lengthBit="1"/>
               <field name="nature of address" value="subscriber number:4" type="EnumLong" lengthBit="3"/>
               <field name="numbering plan" value="spare:2" type="EnumLong" lengthBit="4"/>
               <field name="digits" value="182093780" type="Number_BCD" length="9"/>
            </Bytes></AddressString.BoxedType></callingPartyNumber.C2.BoxedType>
      <eventTypeSMS.C3.Enum>
         <EnumType>sms_DeliveryRequested.11</EnumType>
      </eventTypeSMS.C3.Enum>
      <iMSI.C4.BoxedType><TBCD_STRING.BoxedType><Bytes>0158099576
               <field name="digits" value="1085905967" type="Number_BCD" length="10"/>
            </Bytes></TBCD_STRING.BoxedType></iMSI.C4.BoxedType>
      <locationInformationMSC.C5.Sequence>
         <ageOfLocationInformation.BoxedType><Integer>2 minuts:2</Integer></ageOfLocationInformation.BoxedType>
         <geographicalInformation.C0.BoxedType><Bytes>3bd816a804a01c21
               <field name="TypeOfShape" value="Ellipsoid point with uncertainty Ellipse:3" type="EnumLong" lengthBit="4"/>
               <field name="spare" value="11" type="Integer" lengthBit="4"/>
               <field name="DegreesOfLatitude" value="14161576" type="Integer" length="3"/>
               <field name="DegreesOfLongitude" value="303132" type="Integer" length="3"/>
               <field name="UncertaintyCode" value="33" type="Integer" length="1"/>
            </Bytes></geographicalInformation.C0.BoxedType>
         <vlr_number.C1.BoxedType><AddressString.BoxedType><Bytes>fb05675239f7
                  <field name="extension" value="no extension:1" type="EnumLong" lengthBit="1"/>
                  <field name="nature of address" value="reserved for extension:7" type="EnumLong" lengthBit="3"/>
                  <field name="numbering plan" value="11" type="EnumLong" lengthBit="4"/>
                  <field name="digits" value="507625937" type="Number_BCD" length="9"/>
               </Bytes></AddressString.BoxedType></vlr_number.C1.BoxedType>
         <locationNumber.C2.BoxedType><Bytes>03c691857127
               <field name="Odd/even (O/E)" value="even number of address signals:0" type="EnumLong" lengthBit="1"/>
               <field name="Nature of address" value="national (significant) number:3" type="EnumLong" lengthBit="7"/>
               <field name="Internal Network Number (INN)" value="routing to internal number not allowed:1" type="EnumLong" lengthBit="1"/>
               <field name="Numbering plan" value="Telex numbering plan (ITU-T Recommendation F.69):4" type="EnumLong" lengthBit="3"/>
               <field name="Address presentation restricted" value="presentation restricted:1" type="EnumLong" lengthBit="2"/>
               <field name="Screening" value="reserved:2" type="EnumLong" lengthBit="2"/>
               <field name="digits" value="19581772" type="Number_BCD" length="8"/>
            </Bytes></locationNumber.C2.BoxedType>
         <cellGlobalIdOrServiceAreaIdOrLAI.C3.Choice>
            <cellGlobalIdOrServiceAreaIdFixedLength.C0.BoxedType><Bytes>512952a0159254
                  <field name="MMC" value="159,252" type="NumberMMC" length="3"/>
                  <field name="LAC" value="40981" type="Integer" length="2"/>
                  <field name="CI_SAC" value="37460" type="Integer" length="2"/>
               </Bytes></cellGlobalIdOrServiceAreaIdFixedLength.C0.BoxedType>
            <laiFixedLength.C1.BoxedType><Bytes>319341bcb6
                  <field name="MMC" value="133,149" type="NumberMMC" length="3"/>
                  <field name="LAC" value="48310" type="Integer" length="2"/>
               </Bytes></laiFixedLength.C1.BoxedType>
         </cellGlobalIdOrServiceAreaIdOrLAI.C3.Choice>
         <extensionContainer.C4.Sequence>
            <privateExtensionList.C0.BoxedType>
               <Collection>
                  <PrivateExtension.Sequence>
                     <extId><ObjectIdentifier>0.1.21.49.33.51</ObjectIdentifier></extId>
                     <extType>8d0ed5d81f</extType>
                  </PrivateExtension.Sequence>
                  <PrivateExtension.Sequence>
                     <extId><ObjectIdentifier>0.1.2116.121.67.76.62.19.127.83.55</ObjectIdentifier></extId>
                     <extType>83e3fd7033</extType>
                  </PrivateExtension.Sequence>
                  <PrivateExtension.Sequence>
                     <extId><ObjectIdentifier>0.1.249.88.54.31.26.21.42.106.104</ObjectIdentifier></extId>
                     <extType>c6ec</extType>
                  </PrivateExtension.Sequence>
               </Collection>
            </privateExtensionList.C0.BoxedType>
            <pcs_Extensions.C1.Sequence>
               
            </pcs_Extensions.C1.Sequence>
         </extensionContainer.C4.Sequence>
         <selectedLSA_Id.C5.BoxedType><Bytes>2fbb1e
               <field name="LSA type" value="PLMN significant number:0" type="EnumLong" lengthBit="1"/>
               <field name="Identifier" value="3128094" type="Integer" lengthBit="23"/>
            </Bytes></selectedLSA_Id.C5.BoxedType>
         <msc_Number.C6.BoxedType><AddressString.BoxedType><Bytes>5f03832714f4
                  <field name="extension" value="extension:0" type="EnumLong" lengthBit="1"/>
                  <field name="nature of address" value="reserved:5" type="EnumLong" lengthBit="3"/>
                  <field name="numbering plan" value="reserved for extension:15" type="EnumLong" lengthBit="4"/>
                  <field name="digits" value="303872414" type="Number_BCD" length="9"/>
               </Bytes></AddressString.BoxedType></msc_Number.C6.BoxedType>
         <geodeticInformation.C7.BoxedType><Bytes>ba02410e749af1b66d93
               <field name="spare" value="11" type="Integer" lengthBit="4"/>
               <field name="LPRI" value="location not available (Note):2" type="EnumLong" lengthBit="2"/>
               <field name="screnning" value="user provided, verified and failed:2" type="EnumLong" lengthBit="2"/>
               <field name="ext" value="0" type="Integer" lengthBit="1"/>
               <field name="TypeOfShape" value="point with altitude and uncertainty:2" type="EnumLong" lengthBit="7"/>
               <field name="DegreesOfLatitude" value="4263540" type="Integer" length="3"/>
               <field name="DegreesOfLongitude" value="10154422" type="Integer" length="3"/>
               <field name="UncertaintyCode" value="109" type="Integer" length="1"/>
               <field name="Confidence" value="147" type="Integer" length="1"/>
            </Bytes></geodeticInformation.C7.BoxedType>
         <currentLocationRetrieved.C8></currentLocationRetrieved.C8>
         <sai_Present.C9></sai_Present.C9>
         <locationInformationEPS.C10.Sequence>
            <e_utranCellGlobalIdentity.C0.BoxedType><Bytes>a8</Bytes></e_utranCellGlobalIdentity.C0.BoxedType>
            <trackingAreaIdentity.C1.BoxedType><Bytes>06f7e9924f77</Bytes></trackingAreaIdentity.C1.BoxedType>
            <extensionContainer.C2.Sequence>
               <privateExtensionList.C0.BoxedType>
                  <Collection>
                     <PrivateExtension.Sequence>
                        <extId><ObjectIdentifier>0.1.286.88.32.57.99.117.76.111.116</ObjectIdentifier></extId>
                        <extType>98a42b73</extType>
                     </PrivateExtension.Sequence>
                     <PrivateExtension.Sequence>
                        <extId><ObjectIdentifier>0.1.26.52.121.70.121.114.28.35.50</ObjectIdentifier></extId>
                        <extType>9da46cb716</extType>
                     </PrivateExtension.Sequence>
                     <PrivateExtension.Sequence>
                        <extId><ObjectIdentifier>0.1.237</ObjectIdentifier></extId>
                        <extType>71f6c62a20</extType>
                     </PrivateExtension.Sequence>
                  </Collection>
               </privateExtensionList.C0.BoxedType>
               <pcs_Extensions.C1.Sequence>
                  
               </pcs_Extensions.C1.Sequence>
            </extensionContainer.C2.Sequence>
            <geographicalInformation.C3.BoxedType><Bytes>0f3489b39cb3e643
                  <field name="TypeOfShape" value="Ellipsoid Point:0" type="EnumLong" lengthBit="4"/>
                  <field name="spare" value="15" type="Integer" lengthBit="4"/>
                  <field name="DegreesOfLatitude" value="3443123" type="Integer" length="3"/>
                  <field name="DegreesOfLongitude" value="10269670" type="Integer" length="3"/>
                  <field name="UncertaintyCode" value="67" type="Integer" length="1"/>
               </Bytes></geographicalInformation.C3.BoxedType>
            <geodeticInformation.C4.BoxedType><Bytes>8884b08d087729b64876
                  <field name="spare" value="8" type="Integer" lengthBit="4"/>
                  <field name="LPRI" value="location not available (Note):2" type="EnumLong" lengthBit="2"/>
                  <field name="screnning" value="user provided, not verified:0" type="EnumLong" lengthBit="2"/>
                  <field name="ext" value="1" type="Integer" lengthBit="1"/>
                  <field name="TypeOfShape" value="ellipsoid circle sector:4" type="EnumLong" lengthBit="7"/>
                  <field name="DegreesOfLatitude" value="11570440" type="Integer" length="3"/>
                  <field name="DegreesOfLongitude" value="7809462" type="Integer" length="3"/>
                  <field name="UncertaintyCode" value="72" type="Integer" length="1"/>
                  <field name="Confidence" value="118" type="Integer" length="1"/>
               </Bytes></geodeticInformation.C4.BoxedType>
            <currentLocationRetrieved.C5></currentLocationRetrieved.C5>
            <ageOfLocationInformation.C6.BoxedType><Integer>0 minut = currently in contact:0</Integer></ageOfLocationInformation.C6.BoxedType>
            <mme_Name.C7.BoxedType><Bytes>c27b76da8f988da5</Bytes></mme_Name.C7.BoxedType>
         </locationInformationEPS.C10.Sequence>
         <userCSGInformation.C11.Sequence>
            <csg_Id.C0.BoxedType><BitString><BitString value="4c470723f82544cdc42c57345b" trailing="0"/></BitString></csg_Id.C0.BoxedType>
            <extensionContainer.C1.Sequence>
               <privateExtensionList.C0.BoxedType>
                  <Collection>
                     <PrivateExtension.Sequence>
                        <extId><ObjectIdentifier>0.1.212.120.120.79.13.60.7.39.93</ObjectIdentifier></extId>
                        <extType>5b59</extType>
                     </PrivateExtension.Sequence>
                     <PrivateExtension.Sequence>
                        <extId><ObjectIdentifier>0.1.286.14.43.79.69.14.118.112.61</ObjectIdentifier></extId>
                        <extType>94</extType>
                     </PrivateExtension.Sequence>
                     <PrivateExtension.Sequence>
                        <extId><ObjectIdentifier>0.1.2114.122</ObjectIdentifier></extId>
                        <extType>8034effd8c</extType>
                     </PrivateExtension.Sequence>
                  </Collection>
               </privateExtensionList.C0.BoxedType>
               <pcs_Extensions.C1.Sequence>
                  
               </pcs_Extensions.C1.Sequence>
            </extensionContainer.C1.Sequence>
            <accessMode.C2>dd6d</accessMode.C2>
            <cmi.C3>b253a1e4977eb6cc0b</cmi.C3>
         </userCSGInformation.C11.Sequence>
      </locationInformationMSC.C5.Sequence>
      <locationInformationGPRS.C6.Sequence>
         <cellGlobalIdOrServiceAreaIdOrLAI.C0.Choice>
            <cellGlobalIdOrServiceAreaIdFixedLength.C0.BoxedType><Bytes>31f956a60b86e8
                  <field name="MMC" value="139,65" type="NumberMMC" length="3"/>
                  <field name="LAC" value="42507" type="Integer" length="2"/>
                  <field name="CI_SAC" value="34536" type="Integer" length="2"/>
               </Bytes></cellGlobalIdOrServiceAreaIdFixedLength.C0.BoxedType>
            <laiFixedLength.C1.BoxedType><Bytes>42666119de
                  <field name="MMC" value="246,166" type="NumberMMC" length="3"/>
                  <field name="LAC" value="6622" type="Integer" length="2"/>
               </Bytes></laiFixedLength.C1.BoxedType>
         </cellGlobalIdOrServiceAreaIdOrLAI.C0.Choice>
         <routeingAreaIdentity.C1.BoxedType><Bytes>01f6818c2ee0
               <field name="MMC" value="106,18" type="NumberMMC" length="3"/>
               <field name="LAC" value="35886" type="Integer" length="2"/>
               <field name="RAC" value="224" type="Integer" length="1"/>
            </Bytes></routeingAreaIdentity.C1.BoxedType>
         <geographicalInformation.C2.BoxedType><Bytes>95f9cf6a8c0b4127
               <field name="TypeOfShape" value="Ellipsoid point with altitude and uncertainty Ellipsoid:9" type="EnumLong" lengthBit="4"/>
               <field name="spare" value="5" type="Integer" lengthBit="4"/>
               <field name="DegreesOfLatitude" value="16371562" type="Integer" length="3"/>
               <field name="DegreesOfLongitude" value="9177921" type="Integer" length="3"/>
               <field name="UncertaintyCode" value="39" type="Integer" length="1"/>
            </Bytes></geographicalInformation.C2.BoxedType>
         <sgsn_Number.C3.BoxedType><AddressString.BoxedType><Bytes>e06108745094
                  <field name="extension" value="no extension:1" type="EnumLong" lengthBit="1"/>
                  <field name="nature of address" value="abbreviated number:6" type="EnumLong" lengthBit="3"/>
                  <field name="numbering plan" value="unknown:0" type="EnumLong" lengthBit="4"/>
                  <field name="digits" value="1680470549" type="Number_BCD" length="10"/>
               </Bytes></AddressString.BoxedType></sgsn_Number.C3.BoxedType>
         <selectedLSAIdentity.C4.BoxedType><Bytes>78fee2
               <field name="LSA type" value="PLMN significant number:0" type="EnumLong" lengthBit="1"/>
               <field name="Identifier" value="7929570" type="Integer" lengthBit="23"/>
            </Bytes></selectedLSAIdentity.C4.BoxedType>
         <extensionContainer.C5.Sequence>
            <privateExtensionList.C0.BoxedType>
               <Collection>
                  <PrivateExtension.Sequence>
                     <extId><ObjectIdentifier>0.1.222.35.125</ObjectIdentifier></extId>
                     <extType>90475ca4a1</extType>
                  </PrivateExtension.Sequence>
                  <PrivateExtension.Sequence>
                     <extId><ObjectIdentifier>0.1.2</ObjectIdentifier></extId>
                     <extType>e0df8995</extType>
                  </PrivateExtension.Sequence>
                  <PrivateExtension.Sequence>
                     <extId><ObjectIdentifier>0.1.247</ObjectIdentifier></extId>
                     <extType>aedd</extType>
                  </PrivateExtension.Sequence>
               </Collection>
            </privateExtensionList.C0.BoxedType>
            <pcs_Extensions.C1.Sequence>
               
            </pcs_Extensions.C1.Sequence>
         </extensionContainer.C5.Sequence>
         <sai_Present.C6></sai_Present.C6>
         <geodeticInformation.C7.BoxedType><Bytes>e67317233bb0423775fb
               <field name="spare" value="14" type="Integer" lengthBit="4"/>
               <field name="LPRI" value="presentation restricted:1" type="EnumLong" lengthBit="2"/>
               <field name="screnning" value="user provided, verified and failed:2" type="EnumLong" lengthBit="2"/>
               <field name="ext" value="0" type="Integer" lengthBit="1"/>
               <field name="TypeOfShape" value="reserved for national use:115" type="EnumLong" lengthBit="7"/>
               <field name="DegreesOfLatitude" value="1516347" type="Integer" length="3"/>
               <field name="DegreesOfLongitude" value="11551287" type="Integer" length="3"/>
               <field name="UncertaintyCode" value="117" type="Integer" length="1"/>
               <field name="Confidence" value="251" type="Integer" length="1"/>
            </Bytes></geodeticInformation.C7.BoxedType>
         <currentLocationRetrieved.C8></currentLocationRetrieved.C8>
         <ageOfLocationInformation.C9.BoxedType><Integer>0 minut = currently in contact:0</Integer></ageOfLocationInformation.C9.BoxedType>
         <userCSGInformation.C10.Sequence>
            <csg_Id.C0.BoxedType><BitString><BitString value="b4489c0ad8ca8e9d36d6fbb19ce8c06ee1c06f" trailing="0"/></BitString></csg_Id.C0.BoxedType>
            <extensionContainer.C1.Sequence>
               <privateExtensionList.C0.BoxedType>
                  <Collection>
                     <PrivateExtension.Sequence>
                        <extId><ObjectIdentifier>0.1.210.108.4.58.66.27.3</ObjectIdentifier></extId>
                        <extType>edc59d58bd</extType>
                     </PrivateExtension.Sequence>
                     <PrivateExtension.Sequence>
                        <extId><ObjectIdentifier>0.1.255.51.45.79.39.75.83.107.66.27</ObjectIdentifier></extId>
                        <extType>78a38c0815a569f6</extType>
                     </PrivateExtension.Sequence>
                     <PrivateExtension.Sequence>
                        <extId><ObjectIdentifier>0.1.268.6.47</ObjectIdentifier></extId>
                        <extType>24a70033968d</extType>
                     </PrivateExtension.Sequence>
                  </Collection>
               </privateExtensionList.C0.BoxedType>
               <pcs_Extensions.C1.Sequence>
                  
               </pcs_Extensions.C1.Sequence>
            </extensionContainer.C1.Sequence>
            <accessMode.C2>097f</accessMode.C2>
            <cmi.C3>dfb9504fafe3</cmi.C3>
         </userCSGInformation.C10.Sequence>
      </locationInformationGPRS.C6.Sequence>
      <sMSCAddress.C7.BoxedType><AddressString.BoxedType><Bytes>5658770192f8
               <field name="extension" value="extension:0" type="EnumLong" lengthBit="1"/>
               <field name="nature of address" value="reserved:5" type="EnumLong" lengthBit="3"/>
               <field name="numbering plan" value="land mobile numbering plan (ITU-T Rec E.212):6" type="EnumLong" lengthBit="4"/>
               <field name="digits" value="857710298" type="Number_BCD" length="9"/>
            </Bytes></AddressString.BoxedType></sMSCAddress.C7.BoxedType>
      <timeAndTimezone.C8.BoxedType><Bytes>00000037587496f1
            <field name="value" value="000000738547691" type="Number_BCD" length="8"/>
         </Bytes></timeAndTimezone.C8.BoxedType>
      <tPShortMessageSpecificInfo.C9.BoxedType><Bytes>e5d7f764</Bytes></tPShortMessageSpecificInfo.C9.BoxedType>
      <tPProtocolIdentifier.C10.BoxedType><Bytes>188b4d4dd087c58b4150</Bytes></tPProtocolIdentifier.C10.BoxedType>
      <tPDataCodingScheme.C11.BoxedType><Bytes>50aa49</Bytes></tPDataCodingScheme.C11.BoxedType>
      <tPValidityPeriod.C12.BoxedType><Bytes>7c8f2e98</Bytes></tPValidityPeriod.C12.BoxedType>
      <extensions.C13.BoxedType>
         <Collection>
            <ExtensionField.Sequence>
               <type.Choice>
                  <local>2654033925</local>
                  <global><ObjectIdentifier>0.1.2126</ObjectIdentifier></global>
               </type.Choice>
               <criticality.nulld.Enum>
                  <EnumType>ignore.0</EnumType>
               </criticality.nulld.Enum>
               <NullObject.C1></NullObject.C1>
            </ExtensionField.Sequence>
            <ExtensionField.Sequence>
               <type.Choice>
                  <local>1617696568</local>
                  <global><ObjectIdentifier>0.1.286.15.87.117</ObjectIdentifier></global>
               </type.Choice>
               <criticality.nulld.Enum>
                  <EnumType>ignore.0</EnumType>
               </criticality.nulld.Enum>
               <NullObject.C1></NullObject.C1>
            </ExtensionField.Sequence>
            <ExtensionField.Sequence>
               <type.Choice>
                  <local>3719971431</local>
                  <global><ObjectIdentifier>0.1.263.112.56.108.3.122.8</ObjectIdentifier></global>
               </type.Choice>
               <criticality.nulld.Enum>
                  <EnumType>ignore.0</EnumType>
               </criticality.nulld.Enum>
               <NullObject.C1></NullObject.C1>
            </ExtensionField.Sequence>
         </Collection>
      </extensions.C13.BoxedType>
      <smsReferenceNumber.C14.BoxedType><Bytes>1217060c61db</Bytes></smsReferenceNumber.C14.BoxedType>
      <mscAddress.C15.BoxedType><AddressString.BoxedType><Bytes>dc42025787f6
               <field name="extension" value="no extension:1" type="EnumLong" lengthBit="1"/>
               <field name="nature of address" value="reserved:5" type="EnumLong" lengthBit="3"/>
               <field name="numbering plan" value="12" type="EnumLong" lengthBit="4"/>
               <field name="digits" value="242075786" type="Number_BCD" length="9"/>
            </Bytes></AddressString.BoxedType></mscAddress.C15.BoxedType>
      <sgsn_Number.C16.BoxedType><AddressString.BoxedType><Bytes>2f7159467355
               <field name="extension" value="extension:0" type="EnumLong" lengthBit="1"/>
               <field name="nature of address" value="national significant number:2" type="EnumLong" lengthBit="3"/>
               <field name="numbering plan" value="reserved for extension:15" type="EnumLong" lengthBit="4"/>
               <field name="digits" value="1795643755" type="Number_BCD" length="10"/>
            </Bytes></AddressString.BoxedType></sgsn_Number.C16.BoxedType>
      <ms_Classmark2.C17.BoxedType><Bytes>9359ba
            <field name="spare1" value="1" type="Integer" lengthBit="1"/>
            <field name="Revision level" value="Reserved for GSM phase 1:0" type="EnumLong" lengthBit="2"/>
            <field name="ES IND" value="ES IND option is implemented in the MS (if A/Gb mode supported):1" type="EnumLong" lengthBit="1"/>
            <field name="A5/1 algorithm supported " value="available:0" type="EnumLong" lengthBit="1"/>
            <field name="RF Power Capability" value="class 3 (GSM):3" type="EnumLong" lengthBit="3"/>
            <field name="spare2" value="0" type="Integer" lengthBit="1"/>
            <field name="PS capability" value="present (if A/Gb mode supported):1" type="EnumLong" lengthBit="1"/>
            <field name="SS Screening Indicator" value="capability of handling of ellipsis notation and phase 2 error handling:1" type="EnumLong" lengthBit="2"/>
            <field name="SM capability" value="supports:1" type="EnumLong" lengthBit="1"/>
            <field name="VBS notification reception" value="no notification wanted:0" type="EnumLong" lengthBit="1"/>
            <field name="VGCS notification reception" value="no notification wanted:0" type="EnumLong" lengthBit="1"/>
            <field name="FC Frequency Capability" value="support the E-GSM or R-GSM band (GSM900 only):1" type="EnumLong" lengthBit="1"/>
            <field name="CM3" value="supports:1" type="EnumLong" lengthBit="1"/>
            <field name="spare3" value="0" type="Integer" lengthBit="1"/>
            <field name="LCS VA capability" value="request notification supported:1" type="EnumLong" lengthBit="1"/>
            <field name="UCS2 treatment" value="no preference for the default alphabet :1" type="EnumLong" lengthBit="1"/>
            <field name="SoLSA" value="supports (if A/Gb mode supported):1" type="EnumLong" lengthBit="1"/>
            <field name="CM Service Prompt (CMSP)" value="not supported:0" type="EnumLong" lengthBit="1"/>
            <field name="A5/3 algorithm supported" value="available (if A/Gb mode supported):1" type="EnumLong" lengthBit="1"/>
            <field name="A5/2 algorithm supported" value="not available:0" type="EnumLong" lengthBit="1"/>
         </Bytes></ms_Classmark2.C17.BoxedType>
      <gPRSMSClass.C18.Sequence>
         <mSNetworkCapability.C0.BoxedType><Bytes>0e1cff86ede9
               <field name="value" value="0e1cff86ede9" type="Binary" length="6"/>
            </Bytes></mSNetworkCapability.C0.BoxedType>
         <mSRadioAccessCapability.C1.BoxedType><Bytes>9813
               <field name="value" value="9813" type="Binary" length="2"/>
            </Bytes></mSRadioAccessCapability.C1.BoxedType>
      </gPRSMSClass.C18.Sequence>
      <iMEI.C19.BoxedType><TBCD_STRING.BoxedType><Bytes>02350299f3
               <field name="digits" value="205320993" type="Number_BCD" length="9"/>
            </Bytes></TBCD_STRING.BoxedType></iMEI.C19.BoxedType>
      <calledPartyNumber.C20.BoxedType><AddressString.BoxedType><Bytes>d73149351964
               <field name="extension" value="no extension:1" type="EnumLong" lengthBit="1"/>
               <field name="nature of address" value="reserved:5" type="EnumLong" lengthBit="3"/>
               <field name="numbering plan" value="spare:7" type="EnumLong" lengthBit="4"/>
               <field name="digits" value="1394539146" type="Number_BCD" length="10"/>
            </Bytes></AddressString.BoxedType></calledPartyNumber.C20.BoxedType>
   </InitialDPSMSArg.Sequence>
</ASN>