<?xml version="1.0" encoding="ISO-8859-15"?>

<ASN layer="CAP">
   <InterrogateSS_Res.Choice>
      <ss_Status.C0.BoxedType><Bytes>90ba888f77a55f22ed</Bytes></ss_Status.C0.BoxedType>
      <basicServiceGroupList.C2.BoxedType>
         <Collection>
            <BasicServiceCode.Choice>
               <bearerService.C2.BoxedType><Bytes>a81c6fde3c139655ee</Bytes></bearerService.C2.BoxedType>
               <teleservice.C3.BoxedType><Bytes>789b6267d9e9</Bytes></teleservice.C3.BoxedType>
            </BasicServiceCode.Choice>
            <BasicServiceCode.Choice>
               <bearerService.C2.BoxedType><Bytes>5db5e430b715eab397d6</Bytes></bearerService.C2.BoxedType>
               <teleservice.C3.BoxedType><Bytes>84</Bytes></teleservice.C3.BoxedType>
            </BasicServiceCode.Choice>
            <BasicServiceCode.Choice>
               <bearerService.C2.BoxedType><Bytes>0783524d709a75</Bytes></bearerService.C2.BoxedType>
               <teleservice.C3.BoxedType><Bytes>f7</Bytes></teleservice.C3.BoxedType>
            </BasicServiceCode.Choice>
         </Collection>
      </basicServiceGroupList.C2.BoxedType>
      <forwardingFeatureList.C3.BoxedType>
         <Collection>
            <ForwardingFeature.Sequence>
               <basicService.Choice>
                  <bearerService.C2.BoxedType><Bytes>385d5157</Bytes></bearerService.C2.BoxedType>
                  <teleservice.C3.BoxedType><Bytes>42a7db2e52</Bytes></teleservice.C3.BoxedType>
               </basicService.Choice>
               <ss_Status.C4.BoxedType><Bytes>14c5ff88d0</Bytes></ss_Status.C4.BoxedType>
               <forwardedToNumber.C5.BoxedType><AddressString.BoxedType><Bytes>260121359232
                        <field name="extension" value="extension:0" type="EnumLong" lengthBit="1"/>
                        <field name="nature of address" value="national significant number:2" type="EnumLong" lengthBit="3"/>
                        <field name="numbering plan" value="land mobile numbering plan (ITU-T Rec E.212):6" type="EnumLong" lengthBit="4"/>
                        <field name="digits" value="1012532923" type="Number_BCD" length="10"/>
                     </Bytes></AddressString.BoxedType></forwardedToNumber.C5.BoxedType>
               <forwardedToSubaddress.C8.BoxedType><Bytes>5c1d4d7ea5</Bytes></forwardedToSubaddress.C8.BoxedType>
               <forwardingOptions.C6.BoxedType><Bytes>7c2010e8</Bytes></forwardingOptions.C6.BoxedType>
               <noReplyConditionTime.C7.BoxedType><Integer>1</Integer></noReplyConditionTime.C7.BoxedType>
               <longForwardedToNumber.C9.BoxedType><AddressString.BoxedType><Bytes>f86129655412
                        <field name="extension" value="no extension:1" type="EnumLong" lengthBit="1"/>
                        <field name="nature of address" value="reserved for extension:7" type="EnumLong" lengthBit="3"/>
                        <field name="numbering plan" value="national numbering plan:8" type="EnumLong" lengthBit="4"/>
                        <field name="digits" value="1692564521" type="Number_BCD" length="10"/>
                     </Bytes></AddressString.BoxedType></longForwardedToNumber.C9.BoxedType>
            </ForwardingFeature.Sequence>
            <ForwardingFeature.Sequence>
               <basicService.Choice>
                  <bearerService.C2.BoxedType><Bytes>e7ebf53180</Bytes></bearerService.C2.BoxedType>
                  <teleservice.C3.BoxedType><Bytes>a1543965</Bytes></teleservice.C3.BoxedType>
               </basicService.Choice>
               <ss_Status.C4.BoxedType><Bytes>80b761de67a51e41</Bytes></ss_Status.C4.BoxedType>
               <forwardedToNumber.C5.BoxedType><AddressString.BoxedType><Bytes>4281756799f6
                        <field name="extension" value="extension:0" type="EnumLong" lengthBit="1"/>
                        <field name="nature of address" value="subscriber number:4" type="EnumLong" lengthBit="3"/>
                        <field name="numbering plan" value="spare:2" type="EnumLong" lengthBit="4"/>
                        <field name="digits" value="185776996" type="Number_BCD" length="9"/>
                     </Bytes></AddressString.BoxedType></forwardedToNumber.C5.BoxedType>
               <forwardedToSubaddress.C8.BoxedType><Bytes>910ba9</Bytes></forwardedToSubaddress.C8.BoxedType>
               <forwardingOptions.C6.BoxedType><Bytes>5e21e99b7e72714d</Bytes></forwardingOptions.C6.BoxedType>
               <noReplyConditionTime.C7.BoxedType><Integer>2</Integer></noReplyConditionTime.C7.BoxedType>
               <longForwardedToNumber.C9.BoxedType><AddressString.BoxedType><Bytes>2609494562
                        <field name="extension" value="extension:0" type="EnumLong" lengthBit="1"/>
                        <field name="nature of address" value="national significant number:2" type="EnumLong" lengthBit="3"/>
                        <field name="numbering plan" value="land mobile numbering plan (ITU-T Rec E.212):6" type="EnumLong" lengthBit="4"/>
                        <field name="digits" value="90945426" type="Number_BCD" length="8"/>
                     </Bytes></AddressString.BoxedType></longForwardedToNumber.C9.BoxedType>
            </ForwardingFeature.Sequence>
            <ForwardingFeature.Sequence>
               <basicService.Choice>
                  <bearerService.C2.BoxedType><Bytes>81</Bytes></bearerService.C2.BoxedType>
                  <teleservice.C3.BoxedType><Bytes>fc112b2b1a</Bytes></teleservice.C3.BoxedType>
               </basicService.Choice>
               <ss_Status.C4.BoxedType><Bytes>d62ca1c3</Bytes></ss_Status.C4.BoxedType>
               <forwardedToNumber.C5.BoxedType><AddressString.BoxedType><Bytes>0336873517f1
                        <field name="extension" value="extension:0" type="EnumLong" lengthBit="1"/>
                        <field name="nature of address" value="unknown:0" type="EnumLong" lengthBit="3"/>
                        <field name="numbering plan" value="data numbering plan (ITU-T Rec X.121):3" type="EnumLong" lengthBit="4"/>
                        <field name="digits" value="637853711" type="Number_BCD" length="9"/>
                     </Bytes></AddressString.BoxedType></forwardedToNumber.C5.BoxedType>
               <forwardedToSubaddress.C8.BoxedType><Bytes>2adc93</Bytes></forwardedToSubaddress.C8.BoxedType>
               <forwardingOptions.C6.BoxedType><Bytes>c63c487bcc06</Bytes></forwardingOptions.C6.BoxedType>
               <noReplyConditionTime.C7.BoxedType><Integer>2</Integer></noReplyConditionTime.C7.BoxedType>
               <longForwardedToNumber.C9.BoxedType><AddressString.BoxedType><Bytes>275116206060
                        <field name="extension" value="extension:0" type="EnumLong" lengthBit="1"/>
                        <field name="nature of address" value="national significant number:2" type="EnumLong" lengthBit="3"/>
                        <field name="numbering plan" value="spare:7" type="EnumLong" lengthBit="4"/>
                        <field name="digits" value="1561020606" type="Number_BCD" length="10"/>
                     </Bytes></AddressString.BoxedType></longForwardedToNumber.C9.BoxedType>
            </ForwardingFeature.Sequence>
         </Collection>
      </forwardingFeatureList.C3.BoxedType>
      <genericServiceInfo.C4.Sequence>
         <ss_Status.BoxedType><Bytes>8843dbc7</Bytes></ss_Status.BoxedType>
         <cliRestrictionOption.Enum>
            <EnumType>temporaryDefaultRestricted.1</EnumType>
         </cliRestrictionOption.Enum>
         <maximumEntitledPriority.C0.BoxedType><Integer>0</Integer></maximumEntitledPriority.C0.BoxedType>
         <defaultPriority.C1.BoxedType><Integer>1</Integer></defaultPriority.C1.BoxedType>
         <ccbs_FeatureList.C2.BoxedType>
            <Collection>
               <CCBS_Feature.Sequence>
                  <ccbs_Index.C0.BoxedType><Integer>1</Integer></ccbs_Index.C0.BoxedType>
                  <b_subscriberNumber.C1.BoxedType><AddressString.BoxedType><Bytes>6f2106362412
                           <field name="extension" value="extension:0" type="EnumLong" lengthBit="1"/>
                           <field name="nature of address" value="abbreviated number:6" type="EnumLong" lengthBit="3"/>
                           <field name="numbering plan" value="reserved for extension:15" type="EnumLong" lengthBit="4"/>
                           <field name="digits" value="1260634221" type="Number_BCD" length="10"/>
                        </Bytes></AddressString.BoxedType></b_subscriberNumber.C1.BoxedType>
                  <b_subscriberSubaddress.C2.BoxedType><Bytes>fdfa0a</Bytes></b_subscriberSubaddress.C2.BoxedType>
                  <basicServiceGroup.C3.Choice>
                     <bearerService.C2.BoxedType><Bytes>81d469</Bytes></bearerService.C2.BoxedType>
                     <teleservice.C3.BoxedType><Bytes>5bd716d1ddfda00b</Bytes></teleservice.C3.BoxedType>
                  </basicServiceGroup.C3.Choice>
               </CCBS_Feature.Sequence>
               <CCBS_Feature.Sequence>
                  <ccbs_Index.C0.BoxedType><Integer>2</Integer></ccbs_Index.C0.BoxedType>
                  <b_subscriberNumber.C1.BoxedType><AddressString.BoxedType><Bytes>2379532379f5
                           <field name="extension" value="extension:0" type="EnumLong" lengthBit="1"/>
                           <field name="nature of address" value="national significant number:2" type="EnumLong" lengthBit="3"/>
                           <field name="numbering plan" value="data numbering plan (ITU-T Rec X.121):3" type="EnumLong" lengthBit="4"/>
                           <field name="digits" value="973532975" type="Number_BCD" length="9"/>
                        </Bytes></AddressString.BoxedType></b_subscriberNumber.C1.BoxedType>
                  <b_subscriberSubaddress.C2.BoxedType><Bytes>752c44</Bytes></b_subscriberSubaddress.C2.BoxedType>
                  <basicServiceGroup.C3.Choice>
                     <bearerService.C2.BoxedType><Bytes>7407c7</Bytes></bearerService.C2.BoxedType>
                     <teleservice.C3.BoxedType><Bytes>9fd03388d1b8</Bytes></teleservice.C3.BoxedType>
                  </basicServiceGroup.C3.Choice>
               </CCBS_Feature.Sequence>
               <CCBS_Feature.Sequence>
                  <ccbs_Index.C0.BoxedType><Integer>1</Integer></ccbs_Index.C0.BoxedType>
                  <b_subscriberNumber.C1.BoxedType><AddressString.BoxedType><Bytes>b81139118560
                           <field name="extension" value="no extension:1" type="EnumLong" lengthBit="1"/>
                           <field name="nature of address" value="network specific number:3" type="EnumLong" lengthBit="3"/>
                           <field name="numbering plan" value="national numbering plan:8" type="EnumLong" lengthBit="4"/>
                           <field name="digits" value="1193115806" type="Number_BCD" length="10"/>
                        </Bytes></AddressString.BoxedType></b_subscriberNumber.C1.BoxedType>
                  <b_subscriberSubaddress.C2.BoxedType><Bytes>cac7e77039f1a5d7e999</Bytes></b_subscriberSubaddress.C2.BoxedType>
                  <basicServiceGroup.C3.Choice>
                     <bearerService.C2.BoxedType><Bytes>8da6</Bytes></bearerService.C2.BoxedType>
                     <teleservice.C3.BoxedType><Bytes>515006ca649c2e62</Bytes></teleservice.C3.BoxedType>
                  </basicServiceGroup.C3.Choice>
               </CCBS_Feature.Sequence>
            </Collection>
         </ccbs_FeatureList.C2.BoxedType>
         <nbrSB.C3.BoxedType><Integer>2</Integer></nbrSB.C3.BoxedType>
         <nbrUser.C4.BoxedType><Integer>2</Integer></nbrUser.C4.BoxedType>
         <nbrSN.C5.BoxedType><Integer>1</Integer></nbrSN.C5.BoxedType>
      </genericServiceInfo.C4.Sequence>
   </InterrogateSS_Res.Choice>
</ASN>