<?xml version="1.0" encoding="ISO-8859-15"?>

<ASN layer="CAP">
   <IST_CommandArg.Sequence>
      <imsi.C0.BoxedType><TBCD_STRING.BoxedType><Bytes>8104892759
               <field name="digits" value="1840987295" type="Number_BCD" length="10"/>
            </Bytes></TBCD_STRING.BoxedType></imsi.C0.BoxedType>
      <extensionContainer.C1.Sequence>
         <privateExtensionList.C0.BoxedType>
            <Collection>
               <PrivateExtension.Sequence>
                  <extId><ObjectIdentifier>0.1.249.18.44.25.41.115.96.27.40.98</ObjectIdentifier></extId>
                  <extType>91</extType>
               </PrivateExtension.Sequence>
               <PrivateExtension.Sequence>
                  <extId><ObjectIdentifier>0.1.2127.31.9.57.106.63.58.3.44</ObjectIdentifier></extId>
                  <extType>87ba11342eb4</extType>
               </PrivateExtension.Sequence>
               <PrivateExtension.Sequence>
                  <extId><ObjectIdentifier>0.1.2116.39.54.84.120.43.16.76.68</ObjectIdentifier></extId>
                  <extType>74a13113ec25b570</extType>
               </PrivateExtension.Sequence>
            </Collection>
         </privateExtensionList.C0.BoxedType>
         <pcs_Extensions.C1.Sequence>
            
         </pcs_Extensions.C1.Sequence>
      </extensionContainer.C1.Sequence>
   </IST_CommandArg.Sequence>
</ASN>