<?xml version="1.0" encoding="ISO-8859-15"?>

<ASN layer="CAP">
   <IST_AlertArg.Sequence>
      <imsi.C0.BoxedType><TBCD_STRING.BoxedType><Bytes>97151290f3
               <field name="digits" value="795121093" type="Number_BCD" length="9"/>
            </Bytes></TBCD_STRING.BoxedType></imsi.C0.BoxedType>
      <extensionContainer.C1.Sequence>
         <privateExtensionList.C0.BoxedType>
            <Collection>
               <PrivateExtension.Sequence>
                  <extId><ObjectIdentifier>0.1.2115.40.23.29.71.62</ObjectIdentifier></extId>
                  <extType>99cc</extType>
               </PrivateExtension.Sequence>
               <PrivateExtension.Sequence>
                  <extId><ObjectIdentifier>0.1.2124.34</ObjectIdentifier></extId>
                  <extType>87f2cdba9d6c53</extType>
               </PrivateExtension.Sequence>
               <PrivateExtension.Sequence>
                  <extId><ObjectIdentifier>0.1.292.122</ObjectIdentifier></extId>
                  <extType>c734d9ec</extType>
               </PrivateExtension.Sequence>
            </Collection>
         </privateExtensionList.C0.BoxedType>
         <pcs_Extensions.C1.Sequence>
            
         </pcs_Extensions.C1.Sequence>
      </extensionContainer.C1.Sequence>
   </IST_AlertArg.Sequence>
</ASN>