<?xml version="1.0" encoding="ISO-8859-15"?>

<ASN layer="CAP">
   <IST_CommandRes.Sequence><extensionContainer.Sequence>
         <privateExtensionList.C0.BoxedType>
            <Collection>
               <PrivateExtension.Sequence>
                  <extId><ObjectIdentifier>0.1.271.97.61.61.84.1</ObjectIdentifier></extId>
                  <extType>aa041f0f8243</extType>
               </PrivateExtension.Sequence>
               <PrivateExtension.Sequence>
                  <extId><ObjectIdentifier>0.1.2126.7.2.31.6.76.105.43</ObjectIdentifier></extId>
                  <extType>656e76b7d40a82</extType>
               </PrivateExtension.Sequence>
               <PrivateExtension.Sequence>
                  <extId><ObjectIdentifier>0.1.253.36.116.116.32.108.75.4.47</ObjectIdentifier></extId>
                  <extType>c121</extType>
               </PrivateExtension.Sequence>
            </Collection>
         </privateExtensionList.C0.BoxedType>
         <pcs_Extensions.C1.Sequence>
            
         </pcs_Extensions.C1.Sequence>
      </extensionContainer.Sequence></IST_CommandRes.Sequence>
</ASN>