<?xml version="1.0" encoding="ISO-8859-15"?>

<ASN layer="CAP">
   <LCS_LocationUpdateArg.Sequence>
      <referenceNumber.C0.BoxedType><Bytes>82
            <field name="LCS_ReferenceNumber" value="130" type="Integer" length="1"/>
         </Bytes></referenceNumber.C0.BoxedType>
      <add_LocationEstimate.C1.BoxedType><Bytes>72f52dd88666a3e1a7f9fed2ee
            <field name="TypeOfShape" value="Reserved for future use:7" type="EnumLong" lengthBit="4"/>
            <field name="spare" value="2" type="Integer" lengthBit="4"/>
            <field name="DegreesOfLatitude" value="16068056" type="Integer" length="3"/>
            <field name="DegreesOfLongitude" value="8808099" type="Integer" length="3"/>
            <field name="InnerRadius" value="225" type="Integer" length="1"/>
            <field name="UncertaintyRadius" value="43001" type="Integer" length="2"/>
            <field name="OffsetAngle" value="254" type="Integer" length="1"/>
            <field name="IncludedAngle" value="210" type="Integer" length="1"/>
            <field name="Confidence" value="238" type="Integer" length="1"/>
         </Bytes></add_LocationEstimate.C1.BoxedType>
      <velocityEstimate.C2.BoxedType><Bytes>62c68ded45</Bytes></velocityEstimate.C2.BoxedType>
      <sequenceNumber.C3.BoxedType><Integer>2</Integer></sequenceNumber.C3.BoxedType>
   </LCS_LocationUpdateArg.Sequence>
</ASN>