<?xml version="1.0" encoding="ISO-8859-15"?>

<ASN layer="CAP">
   <LCS_AreaEventRequestArg.Sequence>
      <referenceNumber.C0.BoxedType><Bytes>fb
            <field name="LCS_ReferenceNumber" value="251" type="Integer" length="1"/>
         </Bytes></referenceNumber.C0.BoxedType>
      <h_gmlc_address.C1.BoxedType><Bytes>15f519a74a
            <field name="Address type" value="IPV4:0" type="EnumLong" lengthBit="2"/>
            <field name="AddressLength" value="21" type="Integer" lengthBit="6"/>
            <field name="IPV4 address" value="245.25.167.74" type="IPV4Address" length="4"/>
         </Bytes></h_gmlc_address.C1.BoxedType>
      <deferredLocationEventType.C3.BoxedType><BitString><BitString value="d2391e" trailing="0"/></BitString></deferredLocationEventType.C3.BoxedType>
      <areaEventInfo.C4.Sequence>
         <areaDefinition.C0.Sequence><areaList.C0.BoxedType>
               <Collection>
                  <Area.Sequence>
                     <areaType.C0.Enum>
                        <EnumType>utranCellId.5</EnumType>
                     </areaType.C0.Enum>
                     <areaIdentification.C1.BoxedType><Bytes>819002eabaeefce8
                           <field name="MMC" value="180,209" type="NumberMMC" length="3"/>
                           <field name="LAC" value="60090" type="Integer" length="2"/>
                           <field name="RAC" value="238" type="Integer" length="1"/>
                           <field name="CI" value="64744" type="Integer" length="2"/>
                        </Bytes></areaIdentification.C1.BoxedType>
                  </Area.Sequence>
                  <Area.Sequence>
                     <areaType.C0.Enum>
                        <EnumType>plmnId.1</EnumType>
                     </areaType.C0.Enum>
                     <areaIdentification.C1.BoxedType><Bytes>213652f3a94fba2b
                           <field name="MMC" value="126,253" type="NumberMMC" length="3"/>
                           <field name="LAC" value="62377" type="Integer" length="2"/>
                           <field name="RAC" value="79" type="Integer" length="1"/>
                           <field name="CI" value="47659" type="Integer" length="2"/>
                        </Bytes></areaIdentification.C1.BoxedType>
                  </Area.Sequence>
                  <Area.Sequence>
                     <areaType.C0.Enum>
                        <EnumType>plmnId.1</EnumType>
                     </areaType.C0.Enum>
                     <areaIdentification.C1.BoxedType><Bytes>71f858ff01e1c0a3
                           <field name="MMC" value="178,85" type="NumberMMC" length="3"/>
                           <field name="LAC" value="65281" type="Integer" length="2"/>
                           <field name="RAC" value="225" type="Integer" length="1"/>
                           <field name="CI" value="49315" type="Integer" length="2"/>
                        </Bytes></areaIdentification.C1.BoxedType>
                  </Area.Sequence>
               </Collection>
            </areaList.C0.BoxedType></areaDefinition.C0.Sequence>
         <occurrenceInfo.C1.Enum>
            <EnumType>multipleTimeEvent.1</EnumType>
         </occurrenceInfo.C1.Enum>
         <intervalTime.C2.BoxedType><Integer>1</Integer></intervalTime.C2.BoxedType>
      </areaEventInfo.C4.Sequence>
   </LCS_AreaEventRequestArg.Sequence>
</ASN>