<?xml version="1.0" encoding="ISO-8859-15"?>

<ASN layer="CAP">
   <LCS_PeriodicLocationRequestArg.Sequence>
      <referenceNumber.C0.BoxedType><Bytes>6c
            <field name="LCS_ReferenceNumber" value="108" type="Integer" length="1"/>
         </Bytes></referenceNumber.C0.BoxedType>
      <periodicLDRInfo.C1.Sequence>
         <reportingAmount.BoxedType><Integer>2</Integer></reportingAmount.BoxedType>
         <reportingInterval.BoxedType><Integer>1</Integer></reportingInterval.BoxedType>
      </periodicLDRInfo.C1.Sequence>
      <lcsClientExternalID.C2.Sequence>
         <externalAddress.C0.BoxedType><AddressString.BoxedType><Bytes>f176050321f0
                  <field name="extension" value="no extension:1" type="EnumLong" lengthBit="1"/>
                  <field name="nature of address" value="reserved for extension:7" type="EnumLong" lengthBit="3"/>
                  <field name="numbering plan" value="ISDN/Telephony Numbering Plan (Rec ITU-T E.164):1" type="EnumLong" lengthBit="4"/>
                  <field name="digits" value="675030120" type="Number_BCD" length="9"/>
               </Bytes></AddressString.BoxedType></externalAddress.C0.BoxedType>
         <extensionContainer.C1.Sequence>
            <privateExtensionList.C0.BoxedType>
               <Collection>
                  <PrivateExtension.Sequence>
                     <extId><ObjectIdentifier>0.1.245.62.30.99.65.84.39</ObjectIdentifier></extId>
                     <extType>38b0</extType>
                  </PrivateExtension.Sequence>
                  <PrivateExtension.Sequence>
                     <extId><ObjectIdentifier>0.1.262.100.106.125.40.17.21</ObjectIdentifier></extId>
                     <extType>32aa2c6397a1de4784</extType>
                  </PrivateExtension.Sequence>
                  <PrivateExtension.Sequence>
                     <extId><ObjectIdentifier>0.1.231.110.99.4.118.41.54.75</ObjectIdentifier></extId>
                     <extType>31b20c9b7044a7</extType>
                  </PrivateExtension.Sequence>
               </Collection>
            </privateExtensionList.C0.BoxedType>
            <pcs_Extensions.C1.Sequence>
               
            </pcs_Extensions.C1.Sequence>
         </extensionContainer.C1.Sequence>
      </lcsClientExternalID.C2.Sequence>
      <qoS.C3.Sequence>
         <horizontal_accuracy.C0.BoxedType><Bytes>15
               <field name="Accuracy" value="NA2:21" type="EnumLong" length="1"/>
            </Bytes></horizontal_accuracy.C0.BoxedType>
         <verticalCoordinateRequest.C1></verticalCoordinateRequest.C1>
         <vertical_accuracy.C2.BoxedType><Bytes>3c
               <field name="Accuracy" value="3 km:60" type="EnumLong" length="1"/>
            </Bytes></vertical_accuracy.C2.BoxedType>
         <responseTime.C3.Sequence><responseTimeCategory.Enum>
               <EnumType>delaytolerant.1</EnumType>
            </responseTimeCategory.Enum></responseTime.C3.Sequence>
         <extensionContainer.C4.Sequence>
            <privateExtensionList.C0.BoxedType>
               <Collection>
                  <PrivateExtension.Sequence>
                     <extId><ObjectIdentifier>0.1.274.117.55.79.33.80.46.87.99.108</ObjectIdentifier></extId>
                     <extType>5ec7890ba67b5740</extType>
                  </PrivateExtension.Sequence>
                  <PrivateExtension.Sequence>
                     <extId><ObjectIdentifier>0.1.256.29.25.30.35.112.88</ObjectIdentifier></extId>
                     <extType>55ffaeaa81537d1e</extType>
                  </PrivateExtension.Sequence>
                  <PrivateExtension.Sequence>
                     <extId><ObjectIdentifier>0.1.243.81.75.60.12.121</ObjectIdentifier></extId>
                     <extType>c27f15e163474b3dce</extType>
                  </PrivateExtension.Sequence>
               </Collection>
            </privateExtensionList.C0.BoxedType>
            <pcs_Extensions.C1.Sequence>
               
            </pcs_Extensions.C1.Sequence>
         </extensionContainer.C4.Sequence>
         <velocityRequest.C5></velocityRequest.C5>
      </qoS.C3.Sequence>
      <h_gmlc_address.C4.BoxedType><Bytes>b965fe07e4
            <field name="Address type" value="2" type="EnumLong" lengthBit="2"/>
            <field name="AddressLength" value="57" type="Integer" lengthBit="6"/>
            <field name="IPV4 address" value="101.254.7.228" type="IPV4Address" length="4"/>
         </Bytes></h_gmlc_address.C4.BoxedType>
      <mo_lrShortCircuit.C5></mo_lrShortCircuit.C5>
      <reportingPLMNList.C6.Sequence>
         <plmn_ListPrioritized.C0></plmn_ListPrioritized.C0>
         <plmn_List.C1.BoxedType>
            <Collection>
               <ReportingPLMN.Sequence>
                  <plmn_Id.C0.BoxedType><Bytes>253430205f8aaea7b4</Bytes></plmn_Id.C0.BoxedType>
                  <ran_Technology.C1.Enum>
                     <EnumType>umts.1</EnumType>
                  </ran_Technology.C1.Enum>
                  <ran_PeriodicLocationSupport.C2></ran_PeriodicLocationSupport.C2>
               </ReportingPLMN.Sequence>
               <ReportingPLMN.Sequence>
                  <plmn_Id.C0.BoxedType><Bytes>e74279a28a333e2c70</Bytes></plmn_Id.C0.BoxedType>
                  <ran_Technology.C1.Enum>
                     <EnumType>umts.1</EnumType>
                  </ran_Technology.C1.Enum>
                  <ran_PeriodicLocationSupport.C2></ran_PeriodicLocationSupport.C2>
               </ReportingPLMN.Sequence>
               <ReportingPLMN.Sequence>
                  <plmn_Id.C0.BoxedType><Bytes>e4bb</Bytes></plmn_Id.C0.BoxedType>
                  <ran_Technology.C1.Enum>
                     <EnumType>gsm.0</EnumType>
                  </ran_Technology.C1.Enum>
                  <ran_PeriodicLocationSupport.C2></ran_PeriodicLocationSupport.C2>
               </ReportingPLMN.Sequence>
            </Collection>
         </plmn_List.C1.BoxedType>
      </reportingPLMNList.C6.Sequence>
   </LCS_PeriodicLocationRequestArg.Sequence>
</ASN>