<?xml version="1.0" encoding="ISO-8859-15"?>

<ASN layer="CAP">
   <LCS_PrivacyClass.Sequence>
      <ss_Code.BoxedType><Bytes>80c01f1a</Bytes></ss_Code.BoxedType>
      <ss_Status.BoxedType><Bytes>b7296ffe02670edd1a</Bytes></ss_Status.BoxedType>
      <notificationToMSUser.C0.Enum>
         <EnumType>notifyAndVerify_LocationNotAllowedIfNoResponse.2</EnumType>
      </notificationToMSUser.C0.Enum>
      <externalClientList.C1.BoxedType>
         <Collection>
            <ExternalClient.Sequence>
               <clientIdentity.Sequence>
                  <externalAddress.C0.BoxedType><AddressString.BoxedType><Bytes>2901382447f0
                           <field name="extension" value="extension:0" type="EnumLong" lengthBit="1"/>
                           <field name="nature of address" value="national significant number:2" type="EnumLong" lengthBit="3"/>
                           <field name="numbering plan" value="private numbering plan:9" type="EnumLong" lengthBit="4"/>
                           <field name="digits" value="108342740" type="Number_BCD" length="9"/>
                        </Bytes></AddressString.BoxedType></externalAddress.C0.BoxedType>
                  <extensionContainer.C1.Sequence>
                     <privateExtensionList.C0.BoxedType>
                        <Collection>
                           <PrivateExtension.Sequence>
                              <extId><ObjectIdentifier>0.1.256.103.101.44</ObjectIdentifier></extId>
                              <extType>137f09</extType>
                           </PrivateExtension.Sequence>
                           <PrivateExtension.Sequence>
                              <extId><ObjectIdentifier>0.1.295.70</ObjectIdentifier></extId>
                              <extType>44f175dd00cfcb2fa6</extType>
                           </PrivateExtension.Sequence>
                           <PrivateExtension.Sequence>
                              <extId><ObjectIdentifier>0.1.216.41.126.68.17.67.104.24.74</ObjectIdentifier></extId>
                              <extType>53e7419d46</extType>
                           </PrivateExtension.Sequence>
                        </Collection>
                     </privateExtensionList.C0.BoxedType>
                     <pcs_Extensions.C1.Sequence>
                        
                     </pcs_Extensions.C1.Sequence>
                  </extensionContainer.C1.Sequence>
               </clientIdentity.Sequence>
               <gmlc_Restriction.C0.Enum>
                  <EnumType>home_Country.1</EnumType>
               </gmlc_Restriction.C0.Enum>
               <notificationToMSUser.C1.Enum>
                  <EnumType>notifyAndVerify_LocationNotAllowedIfNoResponse.2</EnumType>
               </notificationToMSUser.C1.Enum>
               <extensionContainer.C2.Sequence>
                  <privateExtensionList.C0.BoxedType>
                     <Collection>
                        <PrivateExtension.Sequence>
                           <extId><ObjectIdentifier>0.1.297.64</ObjectIdentifier></extId>
                           <extType>3f0318fa620308</extType>
                        </PrivateExtension.Sequence>
                        <PrivateExtension.Sequence>
                           <extId><ObjectIdentifier>0.1.227.98.2.92.17.100.20.32</ObjectIdentifier></extId>
                           <extType>ac</extType>
                        </PrivateExtension.Sequence>
                        <PrivateExtension.Sequence>
                           <extId><ObjectIdentifier>0.1.2125.13.56.31.49.126.77.105</ObjectIdentifier></extId>
                           <extType>3b</extType>
                        </PrivateExtension.Sequence>
                     </Collection>
                  </privateExtensionList.C0.BoxedType>
                  <pcs_Extensions.C1.Sequence>
                     
                  </pcs_Extensions.C1.Sequence>
               </extensionContainer.C2.Sequence>
            </ExternalClient.Sequence>
            <ExternalClient.Sequence>
               <clientIdentity.Sequence>
                  <externalAddress.C0.BoxedType><AddressString.BoxedType><Bytes>a44166474592
                           <field name="extension" value="no extension:1" type="EnumLong" lengthBit="1"/>
                           <field name="nature of address" value="national significant number:2" type="EnumLong" lengthBit="3"/>
                           <field name="numbering plan" value="telex numbering plan (ITU-T Rec F.69):4" type="EnumLong" lengthBit="4"/>
                           <field name="digits" value="1466745429" type="Number_BCD" length="10"/>
                        </Bytes></AddressString.BoxedType></externalAddress.C0.BoxedType>
                  <extensionContainer.C1.Sequence>
                     <privateExtensionList.C0.BoxedType>
                        <Collection>
                           <PrivateExtension.Sequence>
                              <extId><ObjectIdentifier>0.1.28.65.85.35</ObjectIdentifier></extId>
                              <extType>b6f0c3</extType>
                           </PrivateExtension.Sequence>
                           <PrivateExtension.Sequence>
                              <extId><ObjectIdentifier>0.1.271.127.45.5.118.10</ObjectIdentifier></extId>
                              <extType>07</extType>
                           </PrivateExtension.Sequence>
                           <PrivateExtension.Sequence>
                              <extId><ObjectIdentifier>0.1.22.74.109.56.97</ObjectIdentifier></extId>
                              <extType>72</extType>
                           </PrivateExtension.Sequence>
                        </Collection>
                     </privateExtensionList.C0.BoxedType>
                     <pcs_Extensions.C1.Sequence>
                        
                     </pcs_Extensions.C1.Sequence>
                  </extensionContainer.C1.Sequence>
               </clientIdentity.Sequence>
               <gmlc_Restriction.C0.Enum>
                  <EnumType>gmlc_List.0</EnumType>
               </gmlc_Restriction.C0.Enum>
               <notificationToMSUser.C1.Enum>
                  <EnumType>notifyAndVerify_LocationNotAllowedIfNoResponse.2</EnumType>
               </notificationToMSUser.C1.Enum>
               <extensionContainer.C2.Sequence>
                  <privateExtensionList.C0.BoxedType>
                     <Collection>
                        <PrivateExtension.Sequence>
                           <extId><ObjectIdentifier>0.1.229.95.21.69.126.86.68</ObjectIdentifier></extId>
                           <extType>43a11e87e30340</extType>
                        </PrivateExtension.Sequence>
                        <PrivateExtension.Sequence>
                           <extId><ObjectIdentifier>0.1.23</ObjectIdentifier></extId>
                           <extType>854b6cafc0</extType>
                        </PrivateExtension.Sequence>
                        <PrivateExtension.Sequence>
                           <extId><ObjectIdentifier>0.1.2127.42.3</ObjectIdentifier></extId>
                           <extType>d44b</extType>
                        </PrivateExtension.Sequence>
                     </Collection>
                  </privateExtensionList.C0.BoxedType>
                  <pcs_Extensions.C1.Sequence>
                     
                  </pcs_Extensions.C1.Sequence>
               </extensionContainer.C2.Sequence>
            </ExternalClient.Sequence>
            <ExternalClient.Sequence>
               <clientIdentity.Sequence>
                  <externalAddress.C0.BoxedType><AddressString.BoxedType><Bytes>5026471336f7
                           <field name="extension" value="extension:0" type="EnumLong" lengthBit="1"/>
                           <field name="nature of address" value="reserved:5" type="EnumLong" lengthBit="3"/>
                           <field name="numbering plan" value="unknown:0" type="EnumLong" lengthBit="4"/>
                           <field name="digits" value="627431637" type="Number_BCD" length="9"/>
                        </Bytes></AddressString.BoxedType></externalAddress.C0.BoxedType>
                  <extensionContainer.C1.Sequence>
                     <privateExtensionList.C0.BoxedType>
                        <Collection>
                           <PrivateExtension.Sequence>
                              <extId><ObjectIdentifier>0.1.296.100.83.61.49.67.51.39</ObjectIdentifier></extId>
                              <extType>d5e5</extType>
                           </PrivateExtension.Sequence>
                           <PrivateExtension.Sequence>
                              <extId><ObjectIdentifier>0.1.2</ObjectIdentifier></extId>
                              <extType>811da58d351a05</extType>
                           </PrivateExtension.Sequence>
                           <PrivateExtension.Sequence>
                              <extId><ObjectIdentifier>0.1.2119.109.67.119.38.50</ObjectIdentifier></extId>
                              <extType>aad09ee15819</extType>
                           </PrivateExtension.Sequence>
                        </Collection>
                     </privateExtensionList.C0.BoxedType>
                     <pcs_Extensions.C1.Sequence>
                        
                     </pcs_Extensions.C1.Sequence>
                  </extensionContainer.C1.Sequence>
               </clientIdentity.Sequence>
               <gmlc_Restriction.C0.Enum>
                  <EnumType>gmlc_List.0</EnumType>
               </gmlc_Restriction.C0.Enum>
               <notificationToMSUser.C1.Enum>
                  <EnumType>notifyAndVerify_LocationAllowedIfNoResponse.1</EnumType>
               </notificationToMSUser.C1.Enum>
               <extensionContainer.C2.Sequence>
                  <privateExtensionList.C0.BoxedType>
                     <Collection>
                        <PrivateExtension.Sequence>
                           <extId><ObjectIdentifier>0.1.2110.1.57</ObjectIdentifier></extId>
                           <extType>a8c3</extType>
                        </PrivateExtension.Sequence>
                        <PrivateExtension.Sequence>
                           <extId><ObjectIdentifier>0.1.243.106.4.86.67.119.31.90</ObjectIdentifier></extId>
                           <extType>ef9b8739</extType>
                        </PrivateExtension.Sequence>
                        <PrivateExtension.Sequence>
                           <extId><ObjectIdentifier>0.1.213.78.8.50.74.45.32</ObjectIdentifier></extId>
                           <extType>23fa2991beda6c76cc</extType>
                        </PrivateExtension.Sequence>
                     </Collection>
                  </privateExtensionList.C0.BoxedType>
                  <pcs_Extensions.C1.Sequence>
                     
                  </pcs_Extensions.C1.Sequence>
               </extensionContainer.C2.Sequence>
            </ExternalClient.Sequence>
         </Collection>
      </externalClientList.C1.BoxedType>
      <plmnClientList.C2.BoxedType>
         <Collection>
            <LCSClientInternalID.Enum>
               <EnumType>o_andM_HPLMN.1</EnumType>
            </LCSClientInternalID.Enum>
            <LCSClientInternalID.Enum>
               <EnumType>anonymousLocation.3</EnumType>
            </LCSClientInternalID.Enum>
            <LCSClientInternalID.Enum>
               <EnumType>targetMSsubscribedService.4</EnumType>
            </LCSClientInternalID.Enum>
         </Collection>
      </plmnClientList.C2.BoxedType>
      <extensionContainer.C3.Sequence>
         <privateExtensionList.C0.BoxedType>
            <Collection>
               <PrivateExtension.Sequence>
                  <extId><ObjectIdentifier>0.1.2127.118.120.54.26.83.33.110.86.52</ObjectIdentifier></extId>
                  <extType>64</extType>
               </PrivateExtension.Sequence>
               <PrivateExtension.Sequence>
                  <extId><ObjectIdentifier>0.1.259.17.48</ObjectIdentifier></extId>
                  <extType>f4ff25150bd7</extType>
               </PrivateExtension.Sequence>
               <PrivateExtension.Sequence>
                  <extId><ObjectIdentifier>0.1.271.52.31.111.40.45</ObjectIdentifier></extId>
                  <extType>fe</extType>
               </PrivateExtension.Sequence>
            </Collection>
         </privateExtensionList.C0.BoxedType>
         <pcs_Extensions.C1.Sequence>
            
         </pcs_Extensions.C1.Sequence>
      </extensionContainer.C3.Sequence>
      <ext_externalClientList.C4.BoxedType>
         <Collection>
            <ExternalClient.Sequence>
               <clientIdentity.Sequence>
                  <externalAddress.C0.BoxedType><AddressString.BoxedType><Bytes>342199216920
                           <field name="extension" value="extension:0" type="EnumLong" lengthBit="1"/>
                           <field name="nature of address" value="network specific number:3" type="EnumLong" lengthBit="3"/>
                           <field name="numbering plan" value="telex numbering plan (ITU-T Rec F.69):4" type="EnumLong" lengthBit="4"/>
                           <field name="digits" value="1299129602" type="Number_BCD" length="10"/>
                        </Bytes></AddressString.BoxedType></externalAddress.C0.BoxedType>
                  <extensionContainer.C1.Sequence>
                     <privateExtensionList.C0.BoxedType>
                        <Collection>
                           <PrivateExtension.Sequence>
                              <extId><ObjectIdentifier>0.1.2106.117.34.85.108.25.50.48</ObjectIdentifier></extId>
                              <extType>bbf2857c4bb3bed6556e</extType>
                           </PrivateExtension.Sequence>
                           <PrivateExtension.Sequence>
                              <extId><ObjectIdentifier>0.1.246.123.44.102.91</ObjectIdentifier></extId>
                              <extType>7b96b370a8e94d</extType>
                           </PrivateExtension.Sequence>
                           <PrivateExtension.Sequence>
                              <extId><ObjectIdentifier>0.1.279</ObjectIdentifier></extId>
                              <extType>1af2dc191b7ab37472d9</extType>
                           </PrivateExtension.Sequence>
                        </Collection>
                     </privateExtensionList.C0.BoxedType>
                     <pcs_Extensions.C1.Sequence>
                        
                     </pcs_Extensions.C1.Sequence>
                  </extensionContainer.C1.Sequence>
               </clientIdentity.Sequence>
               <gmlc_Restriction.C0.Enum>
                  <EnumType>home_Country.1</EnumType>
               </gmlc_Restriction.C0.Enum>
               <notificationToMSUser.C1.Enum>
                  <EnumType>notifyAndVerify_LocationNotAllowedIfNoResponse.2</EnumType>
               </notificationToMSUser.C1.Enum>
               <extensionContainer.C2.Sequence>
                  <privateExtensionList.C0.BoxedType>
                     <Collection>
                        <PrivateExtension.Sequence>
                           <extId><ObjectIdentifier>0.1.289.105.118.0.105.54</ObjectIdentifier></extId>
                           <extType>7eec5cea1515c1</extType>
                        </PrivateExtension.Sequence>
                        <PrivateExtension.Sequence>
                           <extId><ObjectIdentifier>0.1.297.30.51.50</ObjectIdentifier></extId>
                           <extType>dab46cf340fdf772</extType>
                        </PrivateExtension.Sequence>
                        <PrivateExtension.Sequence>
                           <extId><ObjectIdentifier>0.1.2124.47.59.0</ObjectIdentifier></extId>
                           <extType>82543063eb</extType>
                        </PrivateExtension.Sequence>
                     </Collection>
                  </privateExtensionList.C0.BoxedType>
                  <pcs_Extensions.C1.Sequence>
                     
                  </pcs_Extensions.C1.Sequence>
               </extensionContainer.C2.Sequence>
            </ExternalClient.Sequence>
            <ExternalClient.Sequence>
               <clientIdentity.Sequence>
                  <externalAddress.C0.BoxedType><AddressString.BoxedType><Bytes>2f4113138168
                           <field name="extension" value="extension:0" type="EnumLong" lengthBit="1"/>
                           <field name="nature of address" value="national significant number:2" type="EnumLong" lengthBit="3"/>
                           <field name="numbering plan" value="reserved for extension:15" type="EnumLong" lengthBit="4"/>
                           <field name="digits" value="1431311886" type="Number_BCD" length="10"/>
                        </Bytes></AddressString.BoxedType></externalAddress.C0.BoxedType>
                  <extensionContainer.C1.Sequence>
                     <privateExtensionList.C0.BoxedType>
                        <Collection>
                           <PrivateExtension.Sequence>
                              <extId><ObjectIdentifier>0.1.254.124.44.116.44.109.54</ObjectIdentifier></extId>
                              <extType>19ec</extType>
                           </PrivateExtension.Sequence>
                           <PrivateExtension.Sequence>
                              <extId><ObjectIdentifier>0.1.216.14.84</ObjectIdentifier></extId>
                              <extType>da0565176c</extType>
                           </PrivateExtension.Sequence>
                           <PrivateExtension.Sequence>
                              <extId><ObjectIdentifier>0.1.275.91.48.55.50.22.125.80.53.8</ObjectIdentifier></extId>
                              <extType>37</extType>
                           </PrivateExtension.Sequence>
                        </Collection>
                     </privateExtensionList.C0.BoxedType>
                     <pcs_Extensions.C1.Sequence>
                        
                     </pcs_Extensions.C1.Sequence>
                  </extensionContainer.C1.Sequence>
               </clientIdentity.Sequence>
               <gmlc_Restriction.C0.Enum>
                  <EnumType>home_Country.1</EnumType>
               </gmlc_Restriction.C0.Enum>
               <notificationToMSUser.C1.Enum>
                  <EnumType>notifyAndVerify_LocationNotAllowedIfNoResponse.2</EnumType>
               </notificationToMSUser.C1.Enum>
               <extensionContainer.C2.Sequence>
                  <privateExtensionList.C0.BoxedType>
                     <Collection>
                        <PrivateExtension.Sequence>
                           <extId><ObjectIdentifier>0.1.25.22.20.14.56.60.51.24.107</ObjectIdentifier></extId>
                           <extType>e01b</extType>
                        </PrivateExtension.Sequence>
                        <PrivateExtension.Sequence>
                           <extId><ObjectIdentifier>0.1.252.48.4.116</ObjectIdentifier></extId>
                           <extType>8d978f</extType>
                        </PrivateExtension.Sequence>
                        <PrivateExtension.Sequence>
                           <extId><ObjectIdentifier>0.1.215.59.77.81.102.38.98.59.109</ObjectIdentifier></extId>
                           <extType>05d5dbe01d00</extType>
                        </PrivateExtension.Sequence>
                     </Collection>
                  </privateExtensionList.C0.BoxedType>
                  <pcs_Extensions.C1.Sequence>
                     
                  </pcs_Extensions.C1.Sequence>
               </extensionContainer.C2.Sequence>
            </ExternalClient.Sequence>
            <ExternalClient.Sequence>
               <clientIdentity.Sequence>
                  <externalAddress.C0.BoxedType><AddressString.BoxedType><Bytes>907166416672
                           <field name="extension" value="no extension:1" type="EnumLong" lengthBit="1"/>
                           <field name="nature of address" value="international number:1" type="EnumLong" lengthBit="3"/>
                           <field name="numbering plan" value="unknown:0" type="EnumLong" lengthBit="4"/>
                           <field name="digits" value="1766146627" type="Number_BCD" length="10"/>
                        </Bytes></AddressString.BoxedType></externalAddress.C0.BoxedType>
                  <extensionContainer.C1.Sequence>
                     <privateExtensionList.C0.BoxedType>
                        <Collection>
                           <PrivateExtension.Sequence>
                              <extId><ObjectIdentifier>0.1.216.77.20.44.111</ObjectIdentifier></extId>
                              <extType>855a752feee78c87</extType>
                           </PrivateExtension.Sequence>
                           <PrivateExtension.Sequence>
                              <extId><ObjectIdentifier>0.1.260.98.8.40.88.71</ObjectIdentifier></extId>
                              <extType>c8e8</extType>
                           </PrivateExtension.Sequence>
                           <PrivateExtension.Sequence>
                              <extId><ObjectIdentifier>0.1.299</ObjectIdentifier></extId>
                              <extType>eb5a6f06</extType>
                           </PrivateExtension.Sequence>
                        </Collection>
                     </privateExtensionList.C0.BoxedType>
                     <pcs_Extensions.C1.Sequence>
                        
                     </pcs_Extensions.C1.Sequence>
                  </extensionContainer.C1.Sequence>
               </clientIdentity.Sequence>
               <gmlc_Restriction.C0.Enum>
                  <EnumType>home_Country.1</EnumType>
               </gmlc_Restriction.C0.Enum>
               <notificationToMSUser.C1.Enum>
                  <EnumType>notifyAndVerify_LocationNotAllowedIfNoResponse.2</EnumType>
               </notificationToMSUser.C1.Enum>
               <extensionContainer.C2.Sequence>
                  <privateExtensionList.C0.BoxedType>
                     <Collection>
                        <PrivateExtension.Sequence>
                           <extId><ObjectIdentifier>0.1.230.65.40.60.13.71.67.37.94</ObjectIdentifier></extId>
                           <extType>12</extType>
                        </PrivateExtension.Sequence>
                        <PrivateExtension.Sequence>
                           <extId><ObjectIdentifier>0.1.234.38.25.87.95.74.41.108.118.44</ObjectIdentifier></extId>
                           <extType>dcdf1fd897f8</extType>
                        </PrivateExtension.Sequence>
                        <PrivateExtension.Sequence>
                           <extId><ObjectIdentifier>0.1.281</ObjectIdentifier></extId>
                           <extType>8d0a3af3</extType>
                        </PrivateExtension.Sequence>
                     </Collection>
                  </privateExtensionList.C0.BoxedType>
                  <pcs_Extensions.C1.Sequence>
                     
                  </pcs_Extensions.C1.Sequence>
               </extensionContainer.C2.Sequence>
            </ExternalClient.Sequence>
         </Collection>
      </ext_externalClientList.C4.BoxedType>
      <serviceTypeList.C5.BoxedType>
         <Collection>
            <ServiceType.Sequence>
               <serviceTypeIdentity.BoxedType><Integer>1</Integer></serviceTypeIdentity.BoxedType>
               <gmlc_Restriction.C0.Enum>
                  <EnumType>gmlc_List.0</EnumType>
               </gmlc_Restriction.C0.Enum>
               <notificationToMSUser.C1.Enum>
                  <EnumType>notifyAndVerify_LocationNotAllowedIfNoResponse.2</EnumType>
               </notificationToMSUser.C1.Enum>
               <extensionContainer.C2.Sequence>
                  <privateExtensionList.C0.BoxedType>
                     <Collection>
                        <PrivateExtension.Sequence>
                           <extId><ObjectIdentifier>0.1.242.25.107.2</ObjectIdentifier></extId>
                           <extType>17238cd968</extType>
                        </PrivateExtension.Sequence>
                        <PrivateExtension.Sequence>
                           <extId><ObjectIdentifier>0.1.29.85.119.48</ObjectIdentifier></extId>
                           <extType>c0b3c408ae8c</extType>
                        </PrivateExtension.Sequence>
                        <PrivateExtension.Sequence>
                           <extId><ObjectIdentifier>0.1.281.14.81.105.44</ObjectIdentifier></extId>
                           <extType>56c9ef2cce51cf</extType>
                        </PrivateExtension.Sequence>
                     </Collection>
                  </privateExtensionList.C0.BoxedType>
                  <pcs_Extensions.C1.Sequence>
                     
                  </pcs_Extensions.C1.Sequence>
               </extensionContainer.C2.Sequence>
            </ServiceType.Sequence>
            <ServiceType.Sequence>
               <serviceTypeIdentity.BoxedType><Integer>1</Integer></serviceTypeIdentity.BoxedType>
               <gmlc_Restriction.C0.Enum>
                  <EnumType>gmlc_List.0</EnumType>
               </gmlc_Restriction.C0.Enum>
               <notificationToMSUser.C1.Enum>
                  <EnumType>locationNotAllowed.3</EnumType>
               </notificationToMSUser.C1.Enum>
               <extensionContainer.C2.Sequence>
                  <privateExtensionList.C0.BoxedType>
                     <Collection>
                        <PrivateExtension.Sequence>
                           <extId><ObjectIdentifier>0.1.2111</ObjectIdentifier></extId>
                           <extType>43c93513b2</extType>
                        </PrivateExtension.Sequence>
                        <PrivateExtension.Sequence>
                           <extId><ObjectIdentifier>0.1.259.106.89.40.98.31.6.45.120</ObjectIdentifier></extId>
                           <extType>e9c9</extType>
                        </PrivateExtension.Sequence>
                        <PrivateExtension.Sequence>
                           <extId><ObjectIdentifier>0.1.224.36.84.73.26</ObjectIdentifier></extId>
                           <extType>0842</extType>
                        </PrivateExtension.Sequence>
                     </Collection>
                  </privateExtensionList.C0.BoxedType>
                  <pcs_Extensions.C1.Sequence>
                     
                  </pcs_Extensions.C1.Sequence>
               </extensionContainer.C2.Sequence>
            </ServiceType.Sequence>
            <ServiceType.Sequence>
               <serviceTypeIdentity.BoxedType><Integer>1</Integer></serviceTypeIdentity.BoxedType>
               <gmlc_Restriction.C0.Enum>
                  <EnumType>home_Country.1</EnumType>
               </gmlc_Restriction.C0.Enum>
               <notificationToMSUser.C1.Enum>
                  <EnumType>notifyAndVerify_LocationNotAllowedIfNoResponse.2</EnumType>
               </notificationToMSUser.C1.Enum>
               <extensionContainer.C2.Sequence>
                  <privateExtensionList.C0.BoxedType>
                     <Collection>
                        <PrivateExtension.Sequence>
                           <extId><ObjectIdentifier>0.1.263.106.48.84.57.24.54.10</ObjectIdentifier></extId>
                           <extType>7fed</extType>
                        </PrivateExtension.Sequence>
                        <PrivateExtension.Sequence>
                           <extId><ObjectIdentifier>0.1.248.7.119.115.97</ObjectIdentifier></extId>
                           <extType>941569fc6543971753bb</extType>
                        </PrivateExtension.Sequence>
                        <PrivateExtension.Sequence>
                           <extId><ObjectIdentifier>0.1.254.0.108.83.18.70.7.90</ObjectIdentifier></extId>
                           <extType>187eecf94a0aea</extType>
                        </PrivateExtension.Sequence>
                     </Collection>
                  </privateExtensionList.C0.BoxedType>
                  <pcs_Extensions.C1.Sequence>
                     
                  </pcs_Extensions.C1.Sequence>
               </extensionContainer.C2.Sequence>
            </ServiceType.Sequence>
         </Collection>
      </serviceTypeList.C5.BoxedType>
   </LCS_PrivacyClass.Sequence>
</ASN>