<?xml version="1.0" encoding="ISO-8859-15"?>

<ASN layer="CAP">
   <LCS_AreaEventReportArg.Sequence>
      <referenceNumber.C0.BoxedType><Bytes>54
            <field name="LCS_ReferenceNumber" value="84" type="Integer" length="1"/>
         </Bytes></referenceNumber.C0.BoxedType>
      <h_gmlc_address.C1.BoxedType><Bytes>2f6ed1a7f7
            <field name="Address type" value="IPV4:0" type="EnumLong" lengthBit="2"/>
            <field name="AddressLength" value="47" type="Integer" lengthBit="6"/>
            <field name="IPV4 address" value="110.209.167.247" type="IPV4Address" length="4"/>
         </Bytes></h_gmlc_address.C1.BoxedType>
   </LCS_AreaEventReportArg.Sequence>
</ASN>