<?xml version="1.0" encoding="ISO-8859-15"?>

<ASN layer="CAP">
   <LCS_MOLRRes.Sequence>
      <locationEstimate.C0.BoxedType><Bytes>5a9ce7e82591b1ddce701f2de3f6
            <field name="TypeOfShape" value="Polygon:5" type="EnumLong" lengthBit="4"/>
            <field name="spare" value="10" type="Integer" lengthBit="4"/>
            <field name="DegreesOfLatitude" value="10282984" type="Integer" length="3"/>
            <field name="DegreesOfLongitude" value="2462129" type="Integer" length="3"/>
            <field name="Altitude" value="56782" type="Integer" length="2"/>
            <field name="UncertaintySemi-MajorAxis" value="112" type="Integer" length="1"/>
            <field name="UncertaintySemi-MinorAxis" value="31" type="Integer" length="1"/>
            <field name="AngleOfMajorAxis" value="45" type="Integer" length="1"/>
            <field name="UncertaintyAltitude" value="227" type="Integer" length="1"/>
            <field name="Confidence" value="246" type="Integer" length="1"/>
         </Bytes></locationEstimate.C0.BoxedType>
      <decipheringKeys.C1.BoxedType><Bytes>09e4442ce4505ef2fc</Bytes></decipheringKeys.C1.BoxedType>
      <add_LocationEstimate.C2.BoxedType><Bytes>dbd93696136d6a6f29849d8935
            <field name="TypeOfShape" value="Reserved for future use:13" type="EnumLong" lengthBit="4"/>
            <field name="spare" value="11" type="Integer" lengthBit="4"/>
            <field name="DegreesOfLatitude" value="14235286" type="Integer" length="3"/>
            <field name="DegreesOfLongitude" value="1273194" type="Integer" length="3"/>
            <field name="InnerRadius" value="111" type="Integer" length="1"/>
            <field name="UncertaintyRadius" value="10628" type="Integer" length="2"/>
            <field name="OffsetAngle" value="157" type="Integer" length="1"/>
            <field name="IncludedAngle" value="137" type="Integer" length="1"/>
            <field name="Confidence" value="53" type="Integer" length="1"/>
         </Bytes></add_LocationEstimate.C2.BoxedType>
      <velocityEstimate.C3.BoxedType><Bytes>e1fbd0f4620ae8</Bytes></velocityEstimate.C3.BoxedType>
      <referenceNumber.C4.BoxedType><Bytes>ef
            <field name="LCS_ReferenceNumber" value="239" type="Integer" length="1"/>
         </Bytes></referenceNumber.C4.BoxedType>
      <h_gmlc_address.C5.BoxedType><Bytes>17a49b9167
            <field name="Address type" value="IPV4:0" type="EnumLong" lengthBit="2"/>
            <field name="AddressLength" value="23" type="Integer" lengthBit="6"/>
            <field name="IPV4 address" value="164.155.145.103" type="IPV4Address" length="4"/>
         </Bytes></h_gmlc_address.C5.BoxedType>
      <mo_lrShortCircuit.C6></mo_lrShortCircuit.C6>
      <reportingPLMNList.C7.Sequence>
         <plmn_ListPrioritized.C0></plmn_ListPrioritized.C0>
         <plmn_List.C1.BoxedType>
            <Collection>
               <ReportingPLMN.Sequence>
                  <plmn_Id.C0.BoxedType><Bytes>7c650af3</Bytes></plmn_Id.C0.BoxedType>
                  <ran_Technology.C1.Enum>
                     <EnumType>umts.1</EnumType>
                  </ran_Technology.C1.Enum>
                  <ran_PeriodicLocationSupport.C2></ran_PeriodicLocationSupport.C2>
               </ReportingPLMN.Sequence>
               <ReportingPLMN.Sequence>
                  <plmn_Id.C0.BoxedType><Bytes>c785b0</Bytes></plmn_Id.C0.BoxedType>
                  <ran_Technology.C1.Enum>
                     <EnumType>gsm.0</EnumType>
                  </ran_Technology.C1.Enum>
                  <ran_PeriodicLocationSupport.C2></ran_PeriodicLocationSupport.C2>
               </ReportingPLMN.Sequence>
               <ReportingPLMN.Sequence>
                  <plmn_Id.C0.BoxedType><Bytes>ffc6d5e08428cafd</Bytes></plmn_Id.C0.BoxedType>
                  <ran_Technology.C1.Enum>
                     <EnumType>gsm.0</EnumType>
                  </ran_Technology.C1.Enum>
                  <ran_PeriodicLocationSupport.C2></ran_PeriodicLocationSupport.C2>
               </ReportingPLMN.Sequence>
            </Collection>
         </plmn_List.C1.BoxedType>
      </reportingPLMNList.C7.Sequence>
   </LCS_MOLRRes.Sequence>
</ASN>