<?xml version="1.0" encoding="ISO-8859-15"?>

<ASN layer="CAP">
   <LCS_MOLRArg.Sequence>
      <molr_Type.C0.Enum>
         <EnumType>deferredMt_lrOrmo_lrCancellation.6</EnumType>
      </molr_Type.C0.Enum>
      <locationMethod.C1.Enum>
         <EnumType>assistedGPS.2</EnumType>
      </locationMethod.C1.Enum>
      <lcs_QoS.C2.Sequence>
         <horizontal_accuracy.C0.BoxedType><Bytes>3c
               <field name="Accuracy" value="3 km:60" type="EnumLong" length="1"/>
            </Bytes></horizontal_accuracy.C0.BoxedType>
         <verticalCoordinateRequest.C1></verticalCoordinateRequest.C1>
         <vertical_accuracy.C2.BoxedType><Bytes>bc
               <field name="Accuracy" value="Reserved:188" type="EnumLong" length="1"/>
            </Bytes></vertical_accuracy.C2.BoxedType>
         <responseTime.C3.Sequence><responseTimeCategory.Enum>
               <EnumType>delaytolerant.1</EnumType>
            </responseTimeCategory.Enum></responseTime.C3.Sequence>
         <extensionContainer.C4.Sequence>
            <privateExtensionList.C0.BoxedType>
               <Collection>
                  <PrivateExtension.Sequence>
                     <extId><ObjectIdentifier>0.1.2</ObjectIdentifier></extId>
                     <extType>c6a7a6e6</extType>
                  </PrivateExtension.Sequence>
                  <PrivateExtension.Sequence>
                     <extId><ObjectIdentifier>0.1.210</ObjectIdentifier></extId>
                     <extType>cc5f0051f8adde7e</extType>
                  </PrivateExtension.Sequence>
                  <PrivateExtension.Sequence>
                     <extId><ObjectIdentifier>0.1.226.97.18.106.6.16</ObjectIdentifier></extId>
                     <extType>5eea8d511d4ff0</extType>
                  </PrivateExtension.Sequence>
               </Collection>
            </privateExtensionList.C0.BoxedType>
            <pcs_Extensions.C1.Sequence>
               
            </pcs_Extensions.C1.Sequence>
         </extensionContainer.C4.Sequence>
         <velocityRequest.C5></velocityRequest.C5>
      </lcs_QoS.C2.Sequence>
      <lcsClientExternalID.C3.Sequence>
         <externalAddress.C0.BoxedType><AddressString.BoxedType><Bytes>6c9159430919
                  <field name="extension" value="extension:0" type="EnumLong" lengthBit="1"/>
                  <field name="nature of address" value="abbreviated number:6" type="EnumLong" lengthBit="3"/>
                  <field name="numbering plan" value="12" type="EnumLong" lengthBit="4"/>
                  <field name="digits" value="1995349091" type="Number_BCD" length="10"/>
               </Bytes></AddressString.BoxedType></externalAddress.C0.BoxedType>
         <extensionContainer.C1.Sequence>
            <privateExtensionList.C0.BoxedType>
               <Collection>
                  <PrivateExtension.Sequence>
                     <extId><ObjectIdentifier>0.1.221</ObjectIdentifier></extId>
                     <extType>0111889807378006d2f3</extType>
                  </PrivateExtension.Sequence>
                  <PrivateExtension.Sequence>
                     <extId><ObjectIdentifier>0.1.268.125.45.49.104</ObjectIdentifier></extId>
                     <extType>b74779</extType>
                  </PrivateExtension.Sequence>
                  <PrivateExtension.Sequence>
                     <extId><ObjectIdentifier>0.1.299.125.100.123.86</ObjectIdentifier></extId>
                     <extType>bd2e4b33</extType>
                  </PrivateExtension.Sequence>
               </Collection>
            </privateExtensionList.C0.BoxedType>
            <pcs_Extensions.C1.Sequence>
               
            </pcs_Extensions.C1.Sequence>
         </extensionContainer.C1.Sequence>
      </lcsClientExternalID.C3.Sequence>
      <mlc_Number.C4.BoxedType><AddressString.BoxedType><Bytes>130290650664
               <field name="extension" value="extension:0" type="EnumLong" lengthBit="1"/>
               <field name="nature of address" value="international number:1" type="EnumLong" lengthBit="3"/>
               <field name="numbering plan" value="data numbering plan (ITU-T Rec X.121):3" type="EnumLong" lengthBit="4"/>
               <field name="digits" value="2009566046" type="Number_BCD" length="10"/>
            </Bytes></AddressString.BoxedType></mlc_Number.C4.BoxedType>
      <gpsAssistanceData.C5.BoxedType><Bytes>2fd18021f3a4ff</Bytes></gpsAssistanceData.C5.BoxedType>
      <supportedGADShapes.C6.BoxedType><BitString><BitString value="16b40d92ad0a805d" trailing="0"/></BitString></supportedGADShapes.C6.BoxedType>
      <lcsServiceTypeID.C7.BoxedType><Integer>2</Integer></lcsServiceTypeID.C7.BoxedType>
      <ageOfLocationInfo.C8.BoxedType><Integer>[1-32766] minuts:1</Integer></ageOfLocationInfo.C8.BoxedType>
      <locationType.C9.Sequence>
         <locationEstimateType.C0.Enum>
            <EnumType>activateDeferredLocation.3</EnumType>
         </locationEstimateType.C0.Enum>
         <deferredLocationEventType.C1.BoxedType><BitString><BitString value="ae9060a35216315f75eed1dffe3ee14a" trailing="0"/></BitString></deferredLocationEventType.C1.BoxedType>
      </locationType.C9.Sequence>
      <pseudonymIndicator.C10></pseudonymIndicator.C10>
      <h_gmlc_address.C11.BoxedType><Bytes>220e924ade
            <field name="Address type" value="IPV4:0" type="EnumLong" lengthBit="2"/>
            <field name="AddressLength" value="34" type="Integer" lengthBit="6"/>
            <field name="IPV4 address" value="14.146.74.222" type="IPV4Address" length="4"/>
         </Bytes></h_gmlc_address.C11.BoxedType>
      <locationEstimate.C12.BoxedType><Bytes>d3eaf62ae87cebcd476c347303c1
            <field name="TypeOfShape" value="Reserved for future use:13" type="EnumLong" lengthBit="4"/>
            <field name="spare" value="3" type="Integer" lengthBit="4"/>
            <field name="DegreesOfLatitude" value="15398442" type="Integer" length="3"/>
            <field name="DegreesOfLongitude" value="15236331" type="Integer" length="3"/>
            <field name="Altitude" value="52551" type="Integer" length="2"/>
            <field name="UncertaintySemi-MajorAxis" value="108" type="Integer" length="1"/>
            <field name="UncertaintySemi-MinorAxis" value="52" type="Integer" length="1"/>
            <field name="AngleOfMajorAxis" value="115" type="Integer" length="1"/>
            <field name="UncertaintyAltitude" value="3" type="Integer" length="1"/>
            <field name="Confidence" value="193" type="Integer" length="1"/>
         </Bytes></locationEstimate.C12.BoxedType>
      <velocityEstimate.C13.BoxedType><Bytes>6259fd</Bytes></velocityEstimate.C13.BoxedType>
      <referenceNumber.C14.BoxedType><Bytes>98
            <field name="LCS_ReferenceNumber" value="152" type="Integer" length="1"/>
         </Bytes></referenceNumber.C14.BoxedType>
      <periodicLDRInfo.C15.Sequence>
         <reportingAmount.BoxedType><Integer>2</Integer></reportingAmount.BoxedType>
         <reportingInterval.BoxedType><Integer>0</Integer></reportingInterval.BoxedType>
      </periodicLDRInfo.C15.Sequence>
      <locationUpdateRequest.C16></locationUpdateRequest.C16>
      <sequenceNumber.C17.BoxedType><Integer>0</Integer></sequenceNumber.C17.BoxedType>
      <terminationCause.C18.Enum>
         <EnumType>uETermination.1</EnumType>
      </terminationCause.C18.Enum>
      <mo_lrShortCircuit.C19></mo_lrShortCircuit.C19>
      <ganssAssistanceData.C20.BoxedType><Bytes>8efb3334</Bytes></ganssAssistanceData.C20.BoxedType>
      <multiplePositioningProtocolPDUs.C21.BoxedType>
         <Collection>
            <PositioningProtocolPDU.BoxedType><Bytes>5728</Bytes></PositioningProtocolPDU.BoxedType>
            <PositioningProtocolPDU.BoxedType><Bytes>4645303daf</Bytes></PositioningProtocolPDU.BoxedType>
            <PositioningProtocolPDU.BoxedType><Bytes>d34dff262cb6e8c9</Bytes></PositioningProtocolPDU.BoxedType>
         </Collection>
      </multiplePositioningProtocolPDUs.C21.BoxedType>
   </LCS_MOLRArg.Sequence>
</ASN>