<?xml version="1.0" encoding="ISO-8859-15"?>

<ASN layer="CAP">
   <LCS_PeriodicLocationCancellationArg.Sequence>
      <referenceNumber.C0.BoxedType><Bytes>d7
            <field name="LCS_ReferenceNumber" value="215" type="Integer" length="1"/>
         </Bytes></referenceNumber.C0.BoxedType>
      <h_gmlc_address.C1.BoxedType><Bytes>26219df322
            <field name="Address type" value="IPV4:0" type="EnumLong" lengthBit="2"/>
            <field name="AddressLength" value="38" type="Integer" lengthBit="6"/>
            <field name="IPV4 address" value="33.157.243.34" type="IPV4Address" length="4"/>
         </Bytes></h_gmlc_address.C1.BoxedType>
   </LCS_PeriodicLocationCancellationArg.Sequence>
</ASN>