<?xml version="1.0" encoding="ISO-8859-15"?>

<ASN layer="CAP">
   <LCS_AreaEventCancellationArg.Sequence>
      <referenceNumber.C0.BoxedType><Bytes>64
            <field name="LCS_ReferenceNumber" value="100" type="Integer" length="1"/>
         </Bytes></referenceNumber.C0.BoxedType>
      <h_gmlc_address.C1.BoxedType><Bytes>821af16109
            <field name="Address type" value="2" type="EnumLong" lengthBit="2"/>
            <field name="AddressLength" value="2" type="Integer" lengthBit="6"/>
            <field name="IPV4 address" value="26.241.97.9" type="IPV4Address" length="4"/>
         </Bytes></h_gmlc_address.C1.BoxedType>
   </LCS_AreaEventCancellationArg.Sequence>
</ASN>