<?xml version="1.0" encoding="ISO-8859-15"?>

<ASN layer="CAP">
   <LocationNotificationArg.Sequence>
      <notificationType.C0.Enum>
         <EnumType>locationNotAllowed.3</EnumType>
      </notificationType.C0.Enum>
      <locationType.C1.Sequence>
         <locationEstimateType.C0.Enum>
            <EnumType>currentOrLastKnownLocation.1</EnumType>
         </locationEstimateType.C0.Enum>
         <deferredLocationEventType.C1.BoxedType><BitString><BitString value="a3e906eb03290d95ef20d566f58e" trailing="0"/></BitString></deferredLocationEventType.C1.BoxedType>
      </locationType.C1.Sequence>
      <lcsClientExternalID.C2.Sequence>
         <externalAddress.C0.BoxedType><AddressString.BoxedType><Bytes>ff0256401382
                  <field name="extension" value="no extension:1" type="EnumLong" lengthBit="1"/>
                  <field name="nature of address" value="reserved for extension:7" type="EnumLong" lengthBit="3"/>
                  <field name="numbering plan" value="reserved for extension:15" type="EnumLong" lengthBit="4"/>
                  <field name="digits" value="2065043128" type="Number_BCD" length="10"/>
               </Bytes></AddressString.BoxedType></externalAddress.C0.BoxedType>
         <extensionContainer.C1.Sequence>
            <privateExtensionList.C0.BoxedType>
               <Collection>
                  <PrivateExtension.Sequence>
                     <extId><ObjectIdentifier>0.1.259.110.113.116.117.4.50.50.58</ObjectIdentifier></extId>
                     <extType>548f227a4be2efbc</extType>
                  </PrivateExtension.Sequence>
                  <PrivateExtension.Sequence>
                     <extId><ObjectIdentifier>0.1.28</ObjectIdentifier></extId>
                     <extType>887487d0d6307fc3a6</extType>
                  </PrivateExtension.Sequence>
                  <PrivateExtension.Sequence>
                     <extId><ObjectIdentifier>0.1.260</ObjectIdentifier></extId>
                     <extType>861f5f</extType>
                  </PrivateExtension.Sequence>
               </Collection>
            </privateExtensionList.C0.BoxedType>
            <pcs_Extensions.C1.Sequence>
               
            </pcs_Extensions.C1.Sequence>
         </extensionContainer.C1.Sequence>
      </lcsClientExternalID.C2.Sequence>
      <lcsClientName.C3.Sequence>
         <dataCodingScheme.C0.BoxedType><Bytes>3f
               <field name="Coding Group Bits" value="Language using the GSM 7 bit default alphabet #3:3" type="EnumLong" lengthBit="4"/>
               <field name="Alphabet" value="Reserved:3" type="EnumLong" lengthBit="2"/>
               <field name="Message Class" value="Class 3 Default meaning TE specific:3" type="EnumLong" lengthBit="2"/>
            </Bytes></dataCodingScheme.C0.BoxedType>
         <nameString.C2.BoxedType><USSD_String.BoxedType><Bytes>107b
                  <field name="binary" value="107b" type="Binary" length="2"/>
               </Bytes></USSD_String.BoxedType></nameString.C2.BoxedType>
         <lcs_FormatIndicator.C3.Enum>
            <EnumType>url.3</EnumType>
         </lcs_FormatIndicator.C3.Enum>
      </lcsClientName.C3.Sequence>
      <lcsRequestorID.C4.Sequence>
         <dataCodingScheme.C0.BoxedType><Bytes>a0
               <field name="Coding Group Bits" value="Reserved coding groups:10" type="EnumLong" lengthBit="4"/>
               <field name="Alphabet" value="Default alphabet {SCGSM}:0" type="EnumLong" lengthBit="2"/>
               <field name="Message Class" value="Class 0:0" type="EnumLong" lengthBit="2"/>
            </Bytes></dataCodingScheme.C0.BoxedType>
         <requestorIDString.C1.BoxedType><USSD_String.BoxedType><Bytes>7542ded126
                  <field name="binary" value="7542ded126" type="Binary" length="5"/>
               </Bytes></USSD_String.BoxedType></requestorIDString.C1.BoxedType>
         <lcs_FormatIndicator.C2.Enum>
            <EnumType>e_mailAddress.1</EnumType>
         </lcs_FormatIndicator.C2.Enum>
      </lcsRequestorID.C4.Sequence>
      <lcsCodeword.C5.Sequence>
         <dataCodingScheme.C0.BoxedType><Bytes>f1
               <field name="Coding Group Bits" value="Data coding / message handling :15" type="EnumLong" lengthBit="4"/>
               <field name="Alphabet" value="Default alphabet {SCGSM}:0" type="EnumLong" lengthBit="2"/>
               <field name="Message Class" value="Class 1 Default meaning ME-specific:1" type="EnumLong" lengthBit="2"/>
            </Bytes></dataCodingScheme.C0.BoxedType>
         <lcsCodewordString.C1.BoxedType><USSD_String.BoxedType><Bytes>2316ec0d90237f34e06c
                  <field name="binary" value="2316ec0d90237f34e06c" type="Binary" length="10"/>
               </Bytes></USSD_String.BoxedType></lcsCodewordString.C1.BoxedType>
      </lcsCodeword.C5.Sequence>
      <lcsServiceTypeID.C6.BoxedType><Integer>2</Integer></lcsServiceTypeID.C6.BoxedType>
   </LocationNotificationArg.Sequence>
</ASN>