<?xml version="1.0" encoding="ISO-8859-15"?>

<ASN layer="CAP">
   <LSAData.Sequence>
      <lsaIdentity.C0.BoxedType><Bytes>98a8f2
            <field name="LSA type" value="Universal LSA number:1" type="EnumLong" lengthBit="1"/>
            <field name="Identifier" value="1616114" type="Integer" lengthBit="23"/>
         </Bytes></lsaIdentity.C0.BoxedType>
      <lsaAttributes.C1.BoxedType><Bytes>2643dca3b8</Bytes></lsaAttributes.C1.BoxedType>
      <lsaActiveModeIndicator.C2></lsaActiveModeIndicator.C2>
      <extensionContainer.C3.Sequence>
         <privateExtensionList.C0.BoxedType>
            <Collection>
               <PrivateExtension.Sequence>
                  <extId><ObjectIdentifier>0.1.22.89.56.77.55.76.32.58.68</ObjectIdentifier></extId>
                  <extType>5e803b77</extType>
               </PrivateExtension.Sequence>
               <PrivateExtension.Sequence>
                  <extId><ObjectIdentifier>0.1.239.34.99</ObjectIdentifier></extId>
                  <extType>9d9b1440e5a9a6b2de75</extType>
               </PrivateExtension.Sequence>
               <PrivateExtension.Sequence>
                  <extId><ObjectIdentifier>0.1.2119.110.87.97.7.9</ObjectIdentifier></extId>
                  <extType>bd574a4b</extType>
               </PrivateExtension.Sequence>
            </Collection>
         </privateExtensionList.C0.BoxedType>
         <pcs_Extensions.C1.Sequence>
            
         </pcs_Extensions.C1.Sequence>
      </extensionContainer.C3.Sequence>
   </LSAData.Sequence>
</ASN>