<?xml version="1.0" encoding="ISO-8859-15"?>

<ASN layer="CAP">
   <MessageWaitListFullParam.Sequence><extensionContainer.Sequence>
         <privateExtensionList.C0.BoxedType>
            <Collection>
               <PrivateExtension.Sequence>
                  <extId><ObjectIdentifier>0.1.249.88.112</ObjectIdentifier></extId>
                  <extType>a6ca</extType>
               </PrivateExtension.Sequence>
               <PrivateExtension.Sequence>
                  <extId><ObjectIdentifier>0.1.288.21.91.26.101.67.6.6.67.89</ObjectIdentifier></extId>
                  <extType>57</extType>
               </PrivateExtension.Sequence>
               <PrivateExtension.Sequence>
                  <extId><ObjectIdentifier>0.1.2127.5</ObjectIdentifier></extId>
                  <extType>7a5806c95d06e9</extType>
               </PrivateExtension.Sequence>
            </Collection>
         </privateExtensionList.C0.BoxedType>
         <pcs_Extensions.C1.Sequence>
            
         </pcs_Extensions.C1.Sequence>
      </extensionContainer.Sequence></MessageWaitListFullParam.Sequence>
</ASN>