<?xml version="1.0" encoding="ISO-8859-15"?>

<ASN layer="CAP">
   <MetDPCriterion.Choice>
      <enteringCellGlobalId.C0.BoxedType><Bytes>61f693c9b0505f
            <field name="MMC" value="166,39" type="NumberMMC" length="3"/>
            <field name="LAC" value="51632" type="Integer" length="2"/>
            <field name="CI_SAC" value="20575" type="Integer" length="2"/>
         </Bytes></enteringCellGlobalId.C0.BoxedType>
      <leavingCellGlobalId.C1.BoxedType><Bytes>816641bb67a4cb
            <field name="MMC" value="186,146" type="NumberMMC" length="3"/>
            <field name="LAC" value="47975" type="Integer" length="2"/>
            <field name="CI_SAC" value="42187" type="Integer" length="2"/>
         </Bytes></leavingCellGlobalId.C1.BoxedType>
      <enteringServiceAreaId.C2.BoxedType><Bytes>129851c25a690f
            <field name="MMC" value="218,159" type="NumberMMC" length="3"/>
            <field name="LAC" value="49754" type="Integer" length="2"/>
            <field name="CI_SAC" value="26895" type="Integer" length="2"/>
         </Bytes></enteringServiceAreaId.C2.BoxedType>
      <leavingServiceAreaId.C3.BoxedType><Bytes>712901b9d4e3aa
            <field name="MMC" value="179,102" type="NumberMMC" length="3"/>
            <field name="LAC" value="47572" type="Integer" length="2"/>
            <field name="CI_SAC" value="58282" type="Integer" length="2"/>
         </Bytes></leavingServiceAreaId.C3.BoxedType>
      <enteringLocationAreaId.C4.BoxedType><Bytes>01991116b0
            <field name="MMC" value="109,119" type="NumberMMC" length="3"/>
            <field name="LAC" value="5808" type="Integer" length="2"/>
         </Bytes></enteringLocationAreaId.C4.BoxedType>
      <leavingLocationAreaId.C5.BoxedType><Bytes>51f658500d
            <field name="MMC" value="156,85" type="NumberMMC" length="3"/>
            <field name="LAC" value="20493" type="Integer" length="2"/>
         </Bytes></leavingLocationAreaId.C5.BoxedType>
      <inter_SystemHandOverToUMTS.C6></inter_SystemHandOverToUMTS.C6>
      <inter_SystemHandOverToGSM.C7></inter_SystemHandOverToGSM.C7>
      <inter_PLMNHandOver.C8></inter_PLMNHandOver.C8>
      <inter_MSCHandOver.C9></inter_MSCHandOver.C9>
      <metDPCriterionAlt.C10.Sequence>
         
      </metDPCriterionAlt.C10.Sequence>
   </MetDPCriterion.Choice>
</ASN>