<?xml version="1.0" encoding="ISO-8859-15"?>

<ASN layer="CAP">
   <MM_EventNotSupported_Param.Sequence><extensionContainer.Sequence>
         <privateExtensionList.C0.BoxedType>
            <Collection>
               <PrivateExtension.Sequence>
                  <extId><ObjectIdentifier>0.1.2104.1.108.112.67.54</ObjectIdentifier></extId>
                  <extType>ff5a</extType>
               </PrivateExtension.Sequence>
               <PrivateExtension.Sequence>
                  <extId><ObjectIdentifier>0.1.2110.110.14.74</ObjectIdentifier></extId>
                  <extType>e5651f</extType>
               </PrivateExtension.Sequence>
               <PrivateExtension.Sequence>
                  <extId><ObjectIdentifier>0.1.293.120.31.83.19</ObjectIdentifier></extId>
                  <extType>e92e30bed49c8ea11b8b</extType>
               </PrivateExtension.Sequence>
            </Collection>
         </privateExtensionList.C0.BoxedType>
         <pcs_Extensions.C1.Sequence>
            
         </pcs_Extensions.C1.Sequence>
      </extensionContainer.Sequence></MM_EventNotSupported_Param.Sequence>
</ASN>