<?xml version="1.0" encoding="ISO-8859-15"?>

<ASN layer="CAP">
   <MO_ForwardSM_Arg.Sequence>
      <sm_RP_DA.Choice>
         <imsi.C0.BoxedType><TBCD_STRING.BoxedType><Bytes>7112454483
                  <field name="digits" value="1721544438" type="Number_BCD" length="10"/>
               </Bytes></TBCD_STRING.BoxedType></imsi.C0.BoxedType>
         <lmsi.C1.BoxedType><Bytes>7101f2948d93
               <field name="digits" value="7101f2948d93" type="Binary" length="6"/>
            </Bytes></lmsi.C1.BoxedType>
         <serviceCentreAddressDA.C4.BoxedType><Bytes>a81157175610
               <field name="extension" value="no extension:1" type="EnumLong" lengthBit="1"/>
               <field name="nature of address" value="national significant number:2" type="EnumLong" lengthBit="3"/>
               <field name="numbering plan" value="national numbering plan:8" type="EnumLong" lengthBit="4"/>
               <field name="digits" value="1175716501" type="Number_BCD" length="10"/>
            </Bytes></serviceCentreAddressDA.C4.BoxedType>
         <noSM_RP_DA.C5></noSM_RP_DA.C5>
      </sm_RP_DA.Choice>
      <sm_RP_OA.Choice>
         <msisdn.C2.BoxedType><AddressString.BoxedType><Bytes>182127055194
                  <field name="extension" value="extension:0" type="EnumLong" lengthBit="1"/>
                  <field name="nature of address" value="international number:1" type="EnumLong" lengthBit="3"/>
                  <field name="numbering plan" value="national numbering plan:8" type="EnumLong" lengthBit="4"/>
                  <field name="digits" value="1272501549" type="Number_BCD" length="10"/>
               </Bytes></AddressString.BoxedType></msisdn.C2.BoxedType>
         <serviceCentreAddressOA.C4.BoxedType><Bytes>d334482825f7
               <field name="extension" value="no extension:1" type="EnumLong" lengthBit="1"/>
               <field name="nature of address" value="reserved:5" type="EnumLong" lengthBit="3"/>
               <field name="numbering plan" value="data numbering plan (ITU-T Rec X.121):3" type="EnumLong" lengthBit="4"/>
               <field name="digits" value="438482527" type="Number_BCD" length="9"/>
            </Bytes></serviceCentreAddressOA.C4.BoxedType>
         <noSM_RP_OA.C5></noSM_RP_OA.C5>
      </sm_RP_OA.Choice>
      <sm_RP_UI.BoxedType><Bytes>016c32d4ad93</Bytes></sm_RP_UI.BoxedType>
      <extensionContainer.Sequence>
         <privateExtensionList.C0.BoxedType>
            <Collection>
               <PrivateExtension.Sequence>
                  <extId><ObjectIdentifier>0.1.211.90.54.9.42.55.65.33.70</ObjectIdentifier></extId>
                  <extType>14</extType>
               </PrivateExtension.Sequence>
               <PrivateExtension.Sequence>
                  <extId><ObjectIdentifier>0.1.235.43.43.105</ObjectIdentifier></extId>
                  <extType>3ca97ae27d80b3</extType>
               </PrivateExtension.Sequence>
               <PrivateExtension.Sequence>
                  <extId><ObjectIdentifier>0.1.22.96.65.37.108.116</ObjectIdentifier></extId>
                  <extType>20225c685e321136</extType>
               </PrivateExtension.Sequence>
            </Collection>
         </privateExtensionList.C0.BoxedType>
         <pcs_Extensions.C1.Sequence>
            
         </pcs_Extensions.C1.Sequence>
      </extensionContainer.Sequence>
      <imsi.BoxedType><TBCD_STRING.BoxedType><Bytes>02544046f5
               <field name="digits" value="204504645" type="Number_BCD" length="9"/>
            </Bytes></TBCD_STRING.BoxedType></imsi.BoxedType>
      <correlationID.C0.Sequence>
         <hlr_id.C0.BoxedType><IMSI.BoxedType><TBCD_STRING.BoxedType><Bytes>3115050388
                     <field name="digits" value="1351503088" type="Number_BCD" length="10"/>
                  </Bytes></TBCD_STRING.BoxedType></IMSI.BoxedType></hlr_id.C0.BoxedType>
         <sip_uri_A.C1.BoxedType><Bytes>52d67af19585</Bytes></sip_uri_A.C1.BoxedType>
         <sip_uri_B.C2.BoxedType><Bytes>838d</Bytes></sip_uri_B.C2.BoxedType>
      </correlationID.C0.Sequence>
      <sm_DeliveryOutcome.C1.Enum>
         <EnumType>memoryCapacityExceeded.0</EnumType>
      </sm_DeliveryOutcome.C1.Enum>
   </MO_ForwardSM_Arg.Sequence>
</ASN>