<?xml version="1.0" encoding="ISO-8859-15"?>

<ASN layer="CAP">
   <MO_ForwardSM_Res.Sequence>
      <sm_RP_UI.BoxedType><Bytes>c06dd2e2ba</Bytes></sm_RP_UI.BoxedType>
      <extensionContainer.Sequence>
         <privateExtensionList.C0.BoxedType>
            <Collection>
               <PrivateExtension.Sequence>
                  <extId><ObjectIdentifier>0.1.251.113.113</ObjectIdentifier></extId>
                  <extType>c1171b87d5518962</extType>
               </PrivateExtension.Sequence>
               <PrivateExtension.Sequence>
                  <extId><ObjectIdentifier>0.1.286.29.72.49.53.58</ObjectIdentifier></extId>
                  <extType>fee0f6cc52</extType>
               </PrivateExtension.Sequence>
               <PrivateExtension.Sequence>
                  <extId><ObjectIdentifier>0.1.29.85.103.103.118.116.79.86</ObjectIdentifier></extId>
                  <extType>dc7d</extType>
               </PrivateExtension.Sequence>
            </Collection>
         </privateExtensionList.C0.BoxedType>
         <pcs_Extensions.C1.Sequence>
            
         </pcs_Extensions.C1.Sequence>
      </extensionContainer.Sequence>
   </MO_ForwardSM_Res.Sequence>
</ASN>