<?xml version="1.0" encoding="ISO-8859-15"?>

<ASN layer="CAP">
   <MOLR_Class.Sequence>
      <ss_Code.BoxedType><Bytes>6bfca221</Bytes></ss_Code.BoxedType>
      <ss_Status.BoxedType><Bytes>e101d7ead0</Bytes></ss_Status.BoxedType>
      <extensionContainer.C0.Sequence>
         <privateExtensionList.C0.BoxedType>
            <Collection>
               <PrivateExtension.Sequence>
                  <extId><ObjectIdentifier>0.1.299.77</ObjectIdentifier></extId>
                  <extType>97d13dc24e5981</extType>
               </PrivateExtension.Sequence>
               <PrivateExtension.Sequence>
                  <extId><ObjectIdentifier>0.1.2102.33.72.94.60</ObjectIdentifier></extId>
                  <extType>84c0</extType>
               </PrivateExtension.Sequence>
               <PrivateExtension.Sequence>
                  <extId><ObjectIdentifier>0.1.250</ObjectIdentifier></extId>
                  <extType>5d51</extType>
               </PrivateExtension.Sequence>
            </Collection>
         </privateExtensionList.C0.BoxedType>
         <pcs_Extensions.C1.Sequence>
            
         </pcs_Extensions.C1.Sequence>
      </extensionContainer.C0.Sequence>
   </MOLR_Class.Sequence>
</ASN>