<?xml version="1.0" encoding="ISO-8859-15"?>

<ASN layer="CAP">
   <MoveLegArg.Sequence>
      <legIDToMove.C0.Choice>
         <sendingSideID.C0.BoxedType><Bytes>02
               <field name="LegType" value="leg2 LegType:2" type="EnumLong" length="1"/>
            </Bytes></sendingSideID.C0.BoxedType>
         <receivingSideID.C1.BoxedType><Bytes>a5
               <field name="LegType" value="165" type="EnumLong" length="1"/>
            </Bytes></receivingSideID.C1.BoxedType>
      </legIDToMove.C0.Choice>
      <extensions.C2.BoxedType>
         <Collection>
            <ExtensionField.Sequence>
               <type.Choice>
                  <local>729877811</local>
                  <global><ObjectIdentifier>0.1.248.15.11.92.87.75.111.105.83.82</ObjectIdentifier></global>
               </type.Choice>
               <criticality.nulld.Enum>
                  <EnumType>ignore.0</EnumType>
               </criticality.nulld.Enum>
               <NullObject.C1></NullObject.C1>
            </ExtensionField.Sequence>
            <ExtensionField.Sequence>
               <type.Choice>
                  <local>2500768825</local>
                  <global><ObjectIdentifier>0.1.2109.55.48.81.83.60</ObjectIdentifier></global>
               </type.Choice>
               <criticality.nulld.Enum>
                  <EnumType>ignore.0</EnumType>
               </criticality.nulld.Enum>
               <NullObject.C1></NullObject.C1>
            </ExtensionField.Sequence>
            <ExtensionField.Sequence>
               <type.Choice>
                  <local>1370799942</local>
                  <global><ObjectIdentifier>0.1.291.78</ObjectIdentifier></global>
               </type.Choice>
               <criticality.nulld.Enum>
                  <EnumType>ignore.0</EnumType>
               </criticality.nulld.Enum>
               <NullObject.C1></NullObject.C1>
            </ExtensionField.Sequence>
         </Collection>
      </extensions.C2.BoxedType>
   </MoveLegArg.Sequence>
</ASN>