<?xml version="1.0" encoding="ISO-8859-15"?>

<ASN layer="CAP">
   <MSISDN_BS.Sequence>
      <msisdn.BoxedType><AddressString.BoxedType><Bytes>d71261368444
               <field name="extension" value="no extension:1" type="EnumLong" lengthBit="1"/>
               <field name="nature of address" value="reserved:5" type="EnumLong" lengthBit="3"/>
               <field name="numbering plan" value="spare:7" type="EnumLong" lengthBit="4"/>
               <field name="digits" value="2116634844" type="Number_BCD" length="10"/>
            </Bytes></AddressString.BoxedType></msisdn.BoxedType>
      <basicServiceList.C0.BoxedType>
         <Collection>
            <Ext_BasicServiceCode.Choice>
               <ext_BearerService.C2.BoxedType><Bytes>8240f9c5f4b8a491153d</Bytes></ext_BearerService.C2.BoxedType>
               <ext_Teleservice.C3.BoxedType><Bytes>a300007849
                     <field name="Code" value="163" type="EnumLong" length="1"/>
                     <field name="Extension data" value="00007849" type="Binary" length="4"/>
                  </Bytes></ext_Teleservice.C3.BoxedType>
            </Ext_BasicServiceCode.Choice>
            <Ext_BasicServiceCode.Choice>
               <ext_BearerService.C2.BoxedType><Bytes>3dbe37525b29</Bytes></ext_BearerService.C2.BoxedType>
               <ext_Teleservice.C3.BoxedType><Bytes>dd00128905
                     <field name="Code" value="plmn-specificTS-D:221" type="EnumLong" length="1"/>
                     <field name="Extension data" value="00128905" type="Binary" length="4"/>
                  </Bytes></ext_Teleservice.C3.BoxedType>
            </Ext_BasicServiceCode.Choice>
            <Ext_BasicServiceCode.Choice>
               <ext_BearerService.C2.BoxedType><Bytes>0242d69b65</Bytes></ext_BearerService.C2.BoxedType>
               <ext_Teleservice.C3.BoxedType><Bytes>1f647920c4
                     <field name="Code" value="31" type="EnumLong" length="1"/>
                     <field name="Extension data" value="647920c4" type="Binary" length="4"/>
                  </Bytes></ext_Teleservice.C3.BoxedType>
            </Ext_BasicServiceCode.Choice>
         </Collection>
      </basicServiceList.C0.BoxedType>
      <extensionContainer.C1.Sequence>
         <privateExtensionList.C0.BoxedType>
            <Collection>
               <PrivateExtension.Sequence>
                  <extId><ObjectIdentifier>0.1.244.74.6.87</ObjectIdentifier></extId>
                  <extType>b619e86652</extType>
               </PrivateExtension.Sequence>
               <PrivateExtension.Sequence>
                  <extId><ObjectIdentifier>0.1.238.15</ObjectIdentifier></extId>
                  <extType>27d9</extType>
               </PrivateExtension.Sequence>
               <PrivateExtension.Sequence>
                  <extId><ObjectIdentifier>0.1.245.57.64.120.125.62.24.88.34.33</ObjectIdentifier></extId>
                  <extType>70818238df3a</extType>
               </PrivateExtension.Sequence>
            </Collection>
         </privateExtensionList.C0.BoxedType>
         <pcs_Extensions.C1.Sequence>
            
         </pcs_Extensions.C1.Sequence>
      </extensionContainer.C1.Sequence>
   </MSISDN_BS.Sequence>
</ASN>