<?xml version="1.0" encoding="ISO-8859-15"?>

<ASN layer="CAP">
   <MT_ForwardSM_VGCS_Res.Sequence>
      <sm_RP_UI.C0.BoxedType><Bytes>e752</Bytes></sm_RP_UI.C0.BoxedType>
      <dispatcherList.C1.BoxedType>
         <Collection>
            <ISDN_AddressString.BoxedType><AddressString.BoxedType><Bytes>b9084051f5
                     <field name="extension" value="no extension:1" type="EnumLong" lengthBit="1"/>
                     <field name="nature of address" value="network specific number:3" type="EnumLong" lengthBit="3"/>
                     <field name="numbering plan" value="private numbering plan:9" type="EnumLong" lengthBit="4"/>
                     <field name="digits" value="8004155" type="Number_BCD" length="7"/>
                  </Bytes></AddressString.BoxedType></ISDN_AddressString.BoxedType>
            <ISDN_AddressString.BoxedType><AddressString.BoxedType><Bytes>9f6179799842
                     <field name="extension" value="no extension:1" type="EnumLong" lengthBit="1"/>
                     <field name="nature of address" value="international number:1" type="EnumLong" lengthBit="3"/>
                     <field name="numbering plan" value="reserved for extension:15" type="EnumLong" lengthBit="4"/>
                     <field name="digits" value="1697978924" type="Number_BCD" length="10"/>
                  </Bytes></AddressString.BoxedType></ISDN_AddressString.BoxedType>
            <ISDN_AddressString.BoxedType><AddressString.BoxedType><Bytes>1071749319f5
                     <field name="extension" value="extension:0" type="EnumLong" lengthBit="1"/>
                     <field name="nature of address" value="international number:1" type="EnumLong" lengthBit="3"/>
                     <field name="numbering plan" value="unknown:0" type="EnumLong" lengthBit="4"/>
                     <field name="digits" value="174739915" type="Number_BCD" length="9"/>
                  </Bytes></AddressString.BoxedType></ISDN_AddressString.BoxedType>
         </Collection>
      </dispatcherList.C1.BoxedType>
      <ongoingCall></ongoingCall>
      <extensionContainer.C2.Sequence>
         <privateExtensionList.C0.BoxedType>
            <Collection>
               <PrivateExtension.Sequence>
                  <extId><ObjectIdentifier>0.1.245.65.77.88.63</ObjectIdentifier></extId>
                  <extType>a607</extType>
               </PrivateExtension.Sequence>
               <PrivateExtension.Sequence>
                  <extId><ObjectIdentifier>0.1.2</ObjectIdentifier></extId>
                  <extType>97ed90841dc46b8ac7a9</extType>
               </PrivateExtension.Sequence>
               <PrivateExtension.Sequence>
                  <extId><ObjectIdentifier>0.1.2106.58.34.24.60.5.3.34</ObjectIdentifier></extId>
                  <extType>439f047d41252c083305</extType>
               </PrivateExtension.Sequence>
            </Collection>
         </privateExtensionList.C0.BoxedType>
         <pcs_Extensions.C1.Sequence>
            
         </pcs_Extensions.C1.Sequence>
      </extensionContainer.C2.Sequence>
      <additionalDispatcherList.C3.BoxedType>
         <Collection>
            <ISDN_AddressString.BoxedType><AddressString.BoxedType><Bytes>1f3134052399
                     <field name="extension" value="extension:0" type="EnumLong" lengthBit="1"/>
                     <field name="nature of address" value="international number:1" type="EnumLong" lengthBit="3"/>
                     <field name="numbering plan" value="reserved for extension:15" type="EnumLong" lengthBit="4"/>
                     <field name="digits" value="1343503299" type="Number_BCD" length="10"/>
                  </Bytes></AddressString.BoxedType></ISDN_AddressString.BoxedType>
            <ISDN_AddressString.BoxedType><AddressString.BoxedType><Bytes>6242688754f9
                     <field name="extension" value="extension:0" type="EnumLong" lengthBit="1"/>
                     <field name="nature of address" value="abbreviated number:6" type="EnumLong" lengthBit="3"/>
                     <field name="numbering plan" value="spare:2" type="EnumLong" lengthBit="4"/>
                     <field name="digits" value="248678459" type="Number_BCD" length="9"/>
                  </Bytes></AddressString.BoxedType></ISDN_AddressString.BoxedType>
            <ISDN_AddressString.BoxedType><AddressString.BoxedType><Bytes>3c63489066f6
                     <field name="extension" value="extension:0" type="EnumLong" lengthBit="1"/>
                     <field name="nature of address" value="network specific number:3" type="EnumLong" lengthBit="3"/>
                     <field name="numbering plan" value="12" type="EnumLong" lengthBit="4"/>
                     <field name="digits" value="368409666" type="Number_BCD" length="9"/>
                  </Bytes></AddressString.BoxedType></ISDN_AddressString.BoxedType>
         </Collection>
      </additionalDispatcherList.C3.BoxedType>
   </MT_ForwardSM_VGCS_Res.Sequence>
</ASN>