<?xml version="1.0" encoding="ISO-8859-15"?>

<ASN layer="CAP">
   <MT_ForwardSM_Arg.Sequence>
      <sm_RP_DA.Choice>
         <imsi.C0.BoxedType><TBCD_STRING.BoxedType><Bytes>0186655269
                  <field name="digits" value="1068562596" type="Number_BCD" length="10"/>
               </Bytes></TBCD_STRING.BoxedType></imsi.C0.BoxedType>
         <lmsi.C1.BoxedType><Bytes>11fbe29a768742de
               <field name="digits" value="11fbe29a768742de" type="Binary" length="8"/>
            </Bytes></lmsi.C1.BoxedType>
         <serviceCentreAddressDA.C4.BoxedType><Bytes>e401939193f6
               <field name="extension" value="no extension:1" type="EnumLong" lengthBit="1"/>
               <field name="nature of address" value="abbreviated number:6" type="EnumLong" lengthBit="3"/>
               <field name="numbering plan" value="telex numbering plan (ITU-T Rec F.69):4" type="EnumLong" lengthBit="4"/>
               <field name="digits" value="103919396" type="Number_BCD" length="9"/>
            </Bytes></serviceCentreAddressDA.C4.BoxedType>
         <noSM_RP_DA.C5></noSM_RP_DA.C5>
      </sm_RP_DA.Choice>
      <sm_RP_OA.Choice>
         <msisdn.C2.BoxedType><AddressString.BoxedType><Bytes>6a9191134504
                  <field name="extension" value="extension:0" type="EnumLong" lengthBit="1"/>
                  <field name="nature of address" value="abbreviated number:6" type="EnumLong" lengthBit="3"/>
                  <field name="numbering plan" value="10" type="EnumLong" lengthBit="4"/>
                  <field name="digits" value="1919315440" type="Number_BCD" length="10"/>
               </Bytes></AddressString.BoxedType></msisdn.C2.BoxedType>
         <serviceCentreAddressOA.C4.BoxedType><Bytes>3442684918f0
               <field name="extension" value="extension:0" type="EnumLong" lengthBit="1"/>
               <field name="nature of address" value="network specific number:3" type="EnumLong" lengthBit="3"/>
               <field name="numbering plan" value="telex numbering plan (ITU-T Rec F.69):4" type="EnumLong" lengthBit="4"/>
               <field name="digits" value="248694810" type="Number_BCD" length="9"/>
            </Bytes></serviceCentreAddressOA.C4.BoxedType>
         <noSM_RP_OA.C5></noSM_RP_OA.C5>
      </sm_RP_OA.Choice>
      <sm_RP_UI.BoxedType><Bytes>a0c97e49285a169a</Bytes></sm_RP_UI.BoxedType>
      <moreMessagesToSend></moreMessagesToSend>
      <extensionContainer.Sequence>
         <privateExtensionList.C0.BoxedType>
            <Collection>
               <PrivateExtension.Sequence>
                  <extId><ObjectIdentifier>0.1.22.8.109.125.16.104.32.70</ObjectIdentifier></extId>
                  <extType>7b4ff7</extType>
               </PrivateExtension.Sequence>
               <PrivateExtension.Sequence>
                  <extId><ObjectIdentifier>0.1.261.93.114.10.19</ObjectIdentifier></extId>
                  <extType>28b5f7fe87eb8d20c972</extType>
               </PrivateExtension.Sequence>
               <PrivateExtension.Sequence>
                  <extId><ObjectIdentifier>0.1.290.61.93.36.2.0.124.93.60</ObjectIdentifier></extId>
                  <extType>0dd7f371a00891052f92</extType>
               </PrivateExtension.Sequence>
            </Collection>
         </privateExtensionList.C0.BoxedType>
         <pcs_Extensions.C1.Sequence>
            
         </pcs_Extensions.C1.Sequence>
      </extensionContainer.Sequence>
      <smDeliveryTimer.BoxedType><Integer>1</Integer></smDeliveryTimer.BoxedType>
      <smDeliveryStartTime.BoxedType><Bytes>d3f9</Bytes></smDeliveryStartTime.BoxedType>
      <smsOverIP_OnlyIndicator.C0></smsOverIP_OnlyIndicator.C0>
      <correlationID.C1.Sequence>
         <hlr_id.C0.BoxedType><IMSI.BoxedType><TBCD_STRING.BoxedType><Bytes>0155455048
                     <field name="digits" value="1055540584" type="Number_BCD" length="10"/>
                  </Bytes></TBCD_STRING.BoxedType></IMSI.BoxedType></hlr_id.C0.BoxedType>
         <sip_uri_A.C1.BoxedType><Bytes>ee7402</Bytes></sip_uri_A.C1.BoxedType>
         <sip_uri_B.C2.BoxedType><Bytes>2bf8f5d108</Bytes></sip_uri_B.C2.BoxedType>
      </correlationID.C1.Sequence>
   </MT_ForwardSM_Arg.Sequence>
</ASN>