<?xml version="1.0" encoding="ISO-8859-15"?>

<ASN layer="CAP">
   <MT_ForwardSM_Res.Sequence>
      <sm_RP_UI.BoxedType><Bytes>a3ff53</Bytes></sm_RP_UI.BoxedType>
      <extensionContainer.Sequence>
         <privateExtensionList.C0.BoxedType>
            <Collection>
               <PrivateExtension.Sequence>
                  <extId><ObjectIdentifier>0.1.2109.12</ObjectIdentifier></extId>
                  <extType>8eb7ba9d3c7d99f9</extType>
               </PrivateExtension.Sequence>
               <PrivateExtension.Sequence>
                  <extId><ObjectIdentifier>0.1.293.44.69.71.124.103.7.81</ObjectIdentifier></extId>
                  <extType>bd</extType>
               </PrivateExtension.Sequence>
               <PrivateExtension.Sequence>
                  <extId><ObjectIdentifier>0.1.228.78.72.58</ObjectIdentifier></extId>
                  <extType>ce5e0dae3b771b</extType>
               </PrivateExtension.Sequence>
            </Collection>
         </privateExtensionList.C0.BoxedType>
         <pcs_Extensions.C1.Sequence>
            
         </pcs_Extensions.C1.Sequence>
      </extensionContainer.Sequence>
   </MT_ForwardSM_Res.Sequence>
</ASN>