<?xml version="1.0" encoding="ISO-8859-15"?>

<ASN layer="CAP">
   <MT_ForwardSM_VGCS_Arg.Sequence>
      <asciCallReference.BoxedType><TBCD_STRING.BoxedType><Bytes>9135152324
               <field name="digits" value="1953513242" type="Number_BCD" length="10"/>
            </Bytes></TBCD_STRING.BoxedType></asciCallReference.BoxedType>
      <sm_RP_OA.Choice>
         <msisdn.C2.BoxedType><AddressString.BoxedType><Bytes>6649014760f7
                  <field name="extension" value="extension:0" type="EnumLong" lengthBit="1"/>
                  <field name="nature of address" value="abbreviated number:6" type="EnumLong" lengthBit="3"/>
                  <field name="numbering plan" value="land mobile numbering plan (ITU-T Rec E.212):6" type="EnumLong" lengthBit="4"/>
                  <field name="digits" value="941074067" type="Number_BCD" length="9"/>
               </Bytes></AddressString.BoxedType></msisdn.C2.BoxedType>
         <serviceCentreAddressOA.C4.BoxedType><Bytes>561251246886
               <field name="extension" value="extension:0" type="EnumLong" lengthBit="1"/>
               <field name="nature of address" value="reserved:5" type="EnumLong" lengthBit="3"/>
               <field name="numbering plan" value="land mobile numbering plan (ITU-T Rec E.212):6" type="EnumLong" lengthBit="4"/>
               <field name="digits" value="2115428668" type="Number_BCD" length="10"/>
            </Bytes></serviceCentreAddressOA.C4.BoxedType>
         <noSM_RP_OA.C5></noSM_RP_OA.C5>
      </sm_RP_OA.Choice>
      <sm_RP_UI.BoxedType><Bytes>def6eb48bb21e069ed</Bytes></sm_RP_UI.BoxedType>
      <extensionContainer.Sequence>
         <privateExtensionList.C0.BoxedType>
            <Collection>
               <PrivateExtension.Sequence>
                  <extId><ObjectIdentifier>0.1.217.56.5.92</ObjectIdentifier></extId>
                  <extType>f4586b6ca53a15</extType>
               </PrivateExtension.Sequence>
               <PrivateExtension.Sequence>
                  <extId><ObjectIdentifier>0.1.2100.93.6.97.38</ObjectIdentifier></extId>
                  <extType>11491b6c6788143993</extType>
               </PrivateExtension.Sequence>
               <PrivateExtension.Sequence>
                  <extId><ObjectIdentifier>0.1.239.114.25.103.75.30</ObjectIdentifier></extId>
                  <extType>eeaac5faa4686b</extType>
               </PrivateExtension.Sequence>
            </Collection>
         </privateExtensionList.C0.BoxedType>
         <pcs_Extensions.C1.Sequence>
            
         </pcs_Extensions.C1.Sequence>
      </extensionContainer.Sequence>
   </MT_ForwardSM_VGCS_Arg.Sequence>
</ASN>