<?xml version="1.0" encoding="ISO-8859-15"?>

<ASN layer="CAP">
   <MT_smsCAMELTDP_Criteria.Sequence>
      <sms_TriggerDetectionPoint.Enum>
         <EnumType>sms_DeliveryRequest.2</EnumType>
      </sms_TriggerDetectionPoint.Enum>
      <tpdu_TypeCriterion.C0.BoxedType>
         <Collection>
            <MT_SMS_TPDU_Type.Enum>
               <EnumType>sms_DELIVER.0</EnumType>
            </MT_SMS_TPDU_Type.Enum>
            <MT_SMS_TPDU_Type.Enum>
               <EnumType>sms_DELIVER.0</EnumType>
            </MT_SMS_TPDU_Type.Enum>
            <MT_SMS_TPDU_Type.Enum>
               <EnumType>sms_SUBMIT_REPORT.1</EnumType>
            </MT_SMS_TPDU_Type.Enum>
         </Collection>
      </tpdu_TypeCriterion.C0.BoxedType>
   </MT_smsCAMELTDP_Criteria.Sequence>
</ASN>