<?xml version="1.0" encoding="ISO-8859-15"?>

<ASN layer="CAP">
   <NoGroupCallNbParam.Sequence><extensionContainer.Sequence>
         <privateExtensionList.C0.BoxedType>
            <Collection>
               <PrivateExtension.Sequence>
                  <extId><ObjectIdentifier>0.1.2105.82.75.62</ObjectIdentifier></extId>
                  <extType>afcf30465a</extType>
               </PrivateExtension.Sequence>
               <PrivateExtension.Sequence>
                  <extId><ObjectIdentifier>0.1.237.90.73.17</ObjectIdentifier></extId>
                  <extType>f148fcf433</extType>
               </PrivateExtension.Sequence>
               <PrivateExtension.Sequence>
                  <extId><ObjectIdentifier>0.1.216</ObjectIdentifier></extId>
                  <extType>fc105c846f252c</extType>
               </PrivateExtension.Sequence>
            </Collection>
         </privateExtensionList.C0.BoxedType>
         <pcs_Extensions.C1.Sequence>
            
         </pcs_Extensions.C1.Sequence>
      </extensionContainer.Sequence></NoGroupCallNbParam.Sequence>
</ASN>