<?xml version="1.0" encoding="ISO-8859-15"?>

<ASN layer="CAP">
   <NoRoamingNbParam.Sequence><extensionContainer.Sequence>
         <privateExtensionList.C0.BoxedType>
            <Collection>
               <PrivateExtension.Sequence>
                  <extId><ObjectIdentifier>0.1.250.4.108.8.45.69</ObjectIdentifier></extId>
                  <extType>5fd5b1</extType>
               </PrivateExtension.Sequence>
               <PrivateExtension.Sequence>
                  <extId><ObjectIdentifier>0.1.2117.83.68.36</ObjectIdentifier></extId>
                  <extType>29a13da3fd6c92</extType>
               </PrivateExtension.Sequence>
               <PrivateExtension.Sequence>
                  <extId><ObjectIdentifier>0.1.29.37.82.35.43.98.27.61.123</ObjectIdentifier></extId>
                  <extType>3ecfc28b25</extType>
               </PrivateExtension.Sequence>
            </Collection>
         </privateExtensionList.C0.BoxedType>
         <pcs_Extensions.C1.Sequence>
            
         </pcs_Extensions.C1.Sequence>
      </extensionContainer.Sequence></NoRoamingNbParam.Sequence>
</ASN>