<?xml version="1.0" encoding="ISO-8859-15"?>

<ASN layer="CAP">
   <NoteMsPresentForGprsArg.Sequence>
      <imsi.C0.BoxedType><TBCD_STRING.BoxedType><Bytes>9127377861
               <field name="digits" value="1972738716" type="Number_BCD" length="10"/>
            </Bytes></TBCD_STRING.BoxedType></imsi.C0.BoxedType>
      <sgsn_Address.C1.BoxedType><Bytes>e2a99f21dd
            <field name="Address type" value="3" type="EnumLong" lengthBit="2"/>
            <field name="AddressLength" value="34" type="Integer" lengthBit="6"/>
            <field name="IPV4 address" value="169.159.33.221" type="IPV4Address" length="4"/>
         </Bytes></sgsn_Address.C1.BoxedType>
      <ggsn_Address.C2.BoxedType><Bytes>7506594513
            <field name="Address type" value="IPV6:1" type="EnumLong" lengthBit="2"/>
            <field name="AddressLength" value="53" type="Integer" lengthBit="6"/>
            <field name="IPV4 address" value="6.89.69.19" type="IPV4Address" length="4"/>
         </Bytes></ggsn_Address.C2.BoxedType>
      <extensionContainer.C3.Sequence>
         <privateExtensionList.C0.BoxedType>
            <Collection>
               <PrivateExtension.Sequence>
                  <extId><ObjectIdentifier>0.1.210.3.17.104.61.93.111.102.16.103</ObjectIdentifier></extId>
                  <extType>a2675cc7</extType>
               </PrivateExtension.Sequence>
               <PrivateExtension.Sequence>
                  <extId><ObjectIdentifier>0.1.2</ObjectIdentifier></extId>
                  <extType>c315fd34bb</extType>
               </PrivateExtension.Sequence>
               <PrivateExtension.Sequence>
                  <extId><ObjectIdentifier>0.1.2117.108.45.122.50.82.67</ObjectIdentifier></extId>
                  <extType>d1d8</extType>
               </PrivateExtension.Sequence>
            </Collection>
         </privateExtensionList.C0.BoxedType>
         <pcs_Extensions.C1.Sequence>
            
         </pcs_Extensions.C1.Sequence>
      </extensionContainer.C3.Sequence>
   </NoteMsPresentForGprsArg.Sequence>
</ASN>