<?xml version="1.0" encoding="ISO-8859-15"?>

<ASN layer="CAP">
   <NoteMM_EventArg.Sequence>
      <serviceKey.BoxedType><Integer>1</Integer></serviceKey.BoxedType>
      <eventMet.C0.BoxedType><Bytes>28e2140e8a930be550</Bytes></eventMet.C0.BoxedType>
      <imsi.C1.BoxedType><TBCD_STRING.BoxedType><Bytes>65376767f9
               <field name="digits" value="567376769" type="Number_BCD" length="9"/>
            </Bytes></TBCD_STRING.BoxedType></imsi.C1.BoxedType>
      <msisdn.C2.BoxedType><AddressString.BoxedType><Bytes>f762568367
               <field name="extension" value="no extension:1" type="EnumLong" lengthBit="1"/>
               <field name="nature of address" value="reserved for extension:7" type="EnumLong" lengthBit="3"/>
               <field name="numbering plan" value="spare:7" type="EnumLong" lengthBit="4"/>
               <field name="digits" value="26653876" type="Number_BCD" length="8"/>
            </Bytes></AddressString.BoxedType></msisdn.C2.BoxedType>
      <locationInformation.C3.Sequence>
         <ageOfLocationInformation.BoxedType><Integer>2 minuts:2</Integer></ageOfLocationInformation.BoxedType>
         <geographicalInformation.C0.BoxedType><Bytes>b0e143e777ea0722
               <field name="TypeOfShape" value="Reserved for future use:11" type="EnumLong" lengthBit="4"/>
               <field name="spare" value="0" type="Integer" lengthBit="4"/>
               <field name="DegreesOfLatitude" value="14762983" type="Integer" length="3"/>
               <field name="DegreesOfLongitude" value="7858695" type="Integer" length="3"/>
               <field name="UncertaintyCode" value="34" type="Integer" length="1"/>
            </Bytes></geographicalInformation.C0.BoxedType>
         <vlr_number.C1.BoxedType><AddressString.BoxedType><Bytes>537101720563
                  <field name="extension" value="extension:0" type="EnumLong" lengthBit="1"/>
                  <field name="nature of address" value="reserved:5" type="EnumLong" lengthBit="3"/>
                  <field name="numbering plan" value="data numbering plan (ITU-T Rec X.121):3" type="EnumLong" lengthBit="4"/>
                  <field name="digits" value="1710275036" type="Number_BCD" length="10"/>
               </Bytes></AddressString.BoxedType></vlr_number.C1.BoxedType>
         <locationNumber.C2.BoxedType><Bytes>d14a2175904987
               <field name="Odd/even (O/E)" value="odd number of address signals:1" type="EnumLong" lengthBit="1"/>
               <field name="Nature of address" value="spare:81" type="EnumLong" lengthBit="7"/>
               <field name="Internal Network Number (INN)" value="routing to internal number allowed:0" type="EnumLong" lengthBit="1"/>
               <field name="Numbering plan" value="Telex numbering plan (ITU-T Recommendation F.69):4" type="EnumLong" lengthBit="3"/>
               <field name="Address presentation restricted" value="address not available (national use):2" type="EnumLong" lengthBit="2"/>
               <field name="Screening" value="reserved:2" type="EnumLong" lengthBit="2"/>
               <field name="digits" value="1257099478" type="Number_BCD" length="10"/>
            </Bytes></locationNumber.C2.BoxedType>
         <cellGlobalIdOrServiceAreaIdOrLAI.C3.Choice>
            <cellGlobalIdOrServiceAreaIdFixedLength.C0.BoxedType><Bytes>11f157d4a86c3a
                  <field name="MMC" value="111,75" type="NumberMMC" length="3"/>
                  <field name="LAC" value="54440" type="Integer" length="2"/>
                  <field name="CI_SAC" value="27706" type="Integer" length="2"/>
               </Bytes></cellGlobalIdOrServiceAreaIdFixedLength.C0.BoxedType>
            <laiFixedLength.C1.BoxedType><Bytes>324202528a
                  <field name="MMC" value="232,204" type="NumberMMC" length="3"/>
                  <field name="LAC" value="21130" type="Integer" length="2"/>
               </Bytes></laiFixedLength.C1.BoxedType>
         </cellGlobalIdOrServiceAreaIdOrLAI.C3.Choice>
         <extensionContainer.C4.Sequence>
            <privateExtensionList.C0.BoxedType>
               <Collection>
                  <PrivateExtension.Sequence>
                     <extId><ObjectIdentifier>0.1.292.3.97.46.92.28.116.24.27</ObjectIdentifier></extId>
                     <extType>81f8bba6</extType>
                  </PrivateExtension.Sequence>
                  <PrivateExtension.Sequence>
                     <extId><ObjectIdentifier>0.1.225.32.4.124.40</ObjectIdentifier></extId>
                     <extType>4660e30db0</extType>
                  </PrivateExtension.Sequence>
                  <PrivateExtension.Sequence>
                     <extId><ObjectIdentifier>0.1.248.121.120.84.109.15.45</ObjectIdentifier></extId>
                     <extType>21dd60c1008f073a</extType>
                  </PrivateExtension.Sequence>
               </Collection>
            </privateExtensionList.C0.BoxedType>
            <pcs_Extensions.C1.Sequence>
               
            </pcs_Extensions.C1.Sequence>
         </extensionContainer.C4.Sequence>
         <selectedLSA_Id.C5.BoxedType><Bytes>c6e8cd
               <field name="LSA type" value="Universal LSA number:1" type="EnumLong" lengthBit="1"/>
               <field name="Identifier" value="4647117" type="Integer" lengthBit="23"/>
            </Bytes></selectedLSA_Id.C5.BoxedType>
         <msc_Number.C6.BoxedType><AddressString.BoxedType><Bytes>c19100959563
                  <field name="extension" value="no extension:1" type="EnumLong" lengthBit="1"/>
                  <field name="nature of address" value="subscriber number:4" type="EnumLong" lengthBit="3"/>
                  <field name="numbering plan" value="ISDN/Telephony Numbering Plan (Rec ITU-T E.164):1" type="EnumLong" lengthBit="4"/>
                  <field name="digits" value="1900595936" type="Number_BCD" length="10"/>
               </Bytes></AddressString.BoxedType></msc_Number.C6.BoxedType>
         <geodeticInformation.C7.BoxedType><Bytes>fbd2e18939cec8e682ef
               <field name="spare" value="15" type="Integer" lengthBit="4"/>
               <field name="LPRI" value="location not available (Note):2" type="EnumLong" lengthBit="2"/>
               <field name="screnning" value="network provided:3" type="EnumLong" lengthBit="2"/>
               <field name="ext" value="1" type="Integer" lengthBit="1"/>
               <field name="TypeOfShape" value="reserved for national use:82" type="EnumLong" lengthBit="7"/>
               <field name="DegreesOfLatitude" value="14780729" type="Integer" length="3"/>
               <field name="DegreesOfLongitude" value="13551846" type="Integer" length="3"/>
               <field name="UncertaintyCode" value="130" type="Integer" length="1"/>
               <field name="Confidence" value="239" type="Integer" length="1"/>
            </Bytes></geodeticInformation.C7.BoxedType>
         <currentLocationRetrieved.C8></currentLocationRetrieved.C8>
         <sai_Present.C9></sai_Present.C9>
         <locationInformationEPS.C10.Sequence>
            <e_utranCellGlobalIdentity.C0.BoxedType><Bytes>088bcb3db346b0ab2f91</Bytes></e_utranCellGlobalIdentity.C0.BoxedType>
            <trackingAreaIdentity.C1.BoxedType><Bytes>8a9f902b22bdba9935</Bytes></trackingAreaIdentity.C1.BoxedType>
            <extensionContainer.C2.Sequence>
               <privateExtensionList.C0.BoxedType>
                  <Collection>
                     <PrivateExtension.Sequence>
                        <extId><ObjectIdentifier>0.1.2106</ObjectIdentifier></extId>
                        <extType>f03eb1a020125a0c87</extType>
                     </PrivateExtension.Sequence>
                     <PrivateExtension.Sequence>
                        <extId><ObjectIdentifier>0.1.221.63.12.48.116</ObjectIdentifier></extId>
                        <extType>674f40</extType>
                     </PrivateExtension.Sequence>
                     <PrivateExtension.Sequence>
                        <extId><ObjectIdentifier>0.1.274.109.3.44.98.80</ObjectIdentifier></extId>
                        <extType>bd2d</extType>
                     </PrivateExtension.Sequence>
                  </Collection>
               </privateExtensionList.C0.BoxedType>
               <pcs_Extensions.C1.Sequence>
                  
               </pcs_Extensions.C1.Sequence>
            </extensionContainer.C2.Sequence>
            <geographicalInformation.C3.BoxedType><Bytes>845e3aac68f11451
                  <field name="TypeOfShape" value="Ellipsoid point with altitude:8" type="EnumLong" lengthBit="4"/>
                  <field name="spare" value="4" type="Integer" lengthBit="4"/>
                  <field name="DegreesOfLatitude" value="6175404" type="Integer" length="3"/>
                  <field name="DegreesOfLongitude" value="6877460" type="Integer" length="3"/>
                  <field name="UncertaintyCode" value="81" type="Integer" length="1"/>
               </Bytes></geographicalInformation.C3.BoxedType>
            <geodeticInformation.C4.BoxedType><Bytes>45088df72ea1daa6ae24
                  <field name="spare" value="4" type="Integer" lengthBit="4"/>
                  <field name="LPRI" value="presentation restricted:1" type="EnumLong" lengthBit="2"/>
                  <field name="screnning" value="user provided, verified and passed:1" type="EnumLong" lengthBit="2"/>
                  <field name="ext" value="0" type="Integer" lengthBit="1"/>
                  <field name="TypeOfShape" value="spare:8" type="EnumLong" lengthBit="7"/>
                  <field name="DegreesOfLatitude" value="9303854" type="Integer" length="3"/>
                  <field name="DegreesOfLongitude" value="10607270" type="Integer" length="3"/>
                  <field name="UncertaintyCode" value="174" type="Integer" length="1"/>
                  <field name="Confidence" value="36" type="Integer" length="1"/>
               </Bytes></geodeticInformation.C4.BoxedType>
            <currentLocationRetrieved.C5></currentLocationRetrieved.C5>
            <ageOfLocationInformation.C6.BoxedType><Integer>0 minut = currently in contact:0</Integer></ageOfLocationInformation.C6.BoxedType>
            <mme_Name.C7.BoxedType><Bytes>9e3fb365</Bytes></mme_Name.C7.BoxedType>
         </locationInformationEPS.C10.Sequence>
         <userCSGInformation.C11.Sequence>
            <csg_Id.C0.BoxedType><BitString><BitString value="c0edacdf7b6ea5381f296a586c" trailing="0"/></BitString></csg_Id.C0.BoxedType>
            <extensionContainer.C1.Sequence>
               <privateExtensionList.C0.BoxedType>
                  <Collection>
                     <PrivateExtension.Sequence>
                        <extId><ObjectIdentifier>0.1.258.112.117.56.128.43.80</ObjectIdentifier></extId>
                        <extType>a042</extType>
                     </PrivateExtension.Sequence>
                     <PrivateExtension.Sequence>
                        <extId><ObjectIdentifier>0.1.2127.60.8.128.51</ObjectIdentifier></extId>
                        <extType>a4f80d8c8082</extType>
                     </PrivateExtension.Sequence>
                     <PrivateExtension.Sequence>
                        <extId><ObjectIdentifier>0.1.27.6</ObjectIdentifier></extId>
                        <extType>efc475</extType>
                     </PrivateExtension.Sequence>
                  </Collection>
               </privateExtensionList.C0.BoxedType>
               <pcs_Extensions.C1.Sequence>
                  
               </pcs_Extensions.C1.Sequence>
            </extensionContainer.C1.Sequence>
            <accessMode.C2>f917</accessMode.C2>
            <cmi.C3>734bf48e</cmi.C3>
         </userCSGInformation.C11.Sequence>
      </locationInformation.C3.Sequence>
      <supportedCAMELPhases.C5.BoxedType><BitString><BitString value="4686917f0081e8916ef1a0c865f26fda18a887" trailing="0"/></BitString></supportedCAMELPhases.C5.BoxedType>
      <extensionContainer.C6.Sequence>
         <privateExtensionList.C0.BoxedType>
            <Collection>
               <PrivateExtension.Sequence>
                  <extId><ObjectIdentifier>0.1.255.85.60.31.111</ObjectIdentifier></extId>
                  <extType>01</extType>
               </PrivateExtension.Sequence>
               <PrivateExtension.Sequence>
                  <extId><ObjectIdentifier>0.1.221.57.77.64.93.103.23</ObjectIdentifier></extId>
                  <extType>55e255b3f2d3</extType>
               </PrivateExtension.Sequence>
               <PrivateExtension.Sequence>
                  <extId><ObjectIdentifier>0.1.2115.60.65.95.82.23.52</ObjectIdentifier></extId>
                  <extType>e243</extType>
               </PrivateExtension.Sequence>
            </Collection>
         </privateExtensionList.C0.BoxedType>
         <pcs_Extensions.C1.Sequence>
            
         </pcs_Extensions.C1.Sequence>
      </extensionContainer.C6.Sequence>
      <locationInformationGPRS.C7.Sequence>
         <cellGlobalIdOrServiceAreaIdOrLAI.C0.Choice>
            <cellGlobalIdOrServiceAreaIdFixedLength.C0.BoxedType><Bytes>0225210393d7de
                  <field name="MMC" value="205,122" type="NumberMMC" length="3"/>
                  <field name="LAC" value="915" type="Integer" length="2"/>
                  <field name="CI_SAC" value="55262" type="Integer" length="2"/>
               </Bytes></cellGlobalIdOrServiceAreaIdFixedLength.C0.BoxedType>
            <laiFixedLength.C1.BoxedType><Bytes>411512c270
                  <field name="MMC" value="145,211" type="NumberMMC" length="3"/>
                  <field name="LAC" value="49776" type="Integer" length="2"/>
               </Bytes></laiFixedLength.C1.BoxedType>
         </cellGlobalIdOrServiceAreaIdOrLAI.C0.Choice>
         <routeingAreaIdentity.C1.BoxedType><Bytes>518761ad1d9a
               <field name="MMC" value="157,168" type="NumberMMC" length="3"/>
               <field name="LAC" value="44317" type="Integer" length="2"/>
               <field name="RAC" value="154" type="Integer" length="1"/>
            </Bytes></routeingAreaIdentity.C1.BoxedType>
         <geographicalInformation.C2.BoxedType><Bytes>c06944fd8ed9e679
               <field name="TypeOfShape" value="Reserved for future use:12" type="EnumLong" lengthBit="4"/>
               <field name="spare" value="0" type="Integer" lengthBit="4"/>
               <field name="DegreesOfLatitude" value="6898941" type="Integer" length="3"/>
               <field name="DegreesOfLongitude" value="9361894" type="Integer" length="3"/>
               <field name="UncertaintyCode" value="121" type="Integer" length="1"/>
            </Bytes></geographicalInformation.C2.BoxedType>
         <sgsn_Number.C3.BoxedType><AddressString.BoxedType><Bytes>698186542805
                  <field name="extension" value="extension:0" type="EnumLong" lengthBit="1"/>
                  <field name="nature of address" value="abbreviated number:6" type="EnumLong" lengthBit="3"/>
                  <field name="numbering plan" value="private numbering plan:9" type="EnumLong" lengthBit="4"/>
                  <field name="digits" value="1868458250" type="Number_BCD" length="10"/>
               </Bytes></AddressString.BoxedType></sgsn_Number.C3.BoxedType>
         <selectedLSAIdentity.C4.BoxedType><Bytes>4d2274
               <field name="LSA type" value="PLMN significant number:0" type="EnumLong" lengthBit="1"/>
               <field name="Identifier" value="5055092" type="Integer" lengthBit="23"/>
            </Bytes></selectedLSAIdentity.C4.BoxedType>
         <extensionContainer.C5.Sequence>
            <privateExtensionList.C0.BoxedType>
               <Collection>
                  <PrivateExtension.Sequence>
                     <extId><ObjectIdentifier>0.1.298.9.71.125.5</ObjectIdentifier></extId>
                     <extType>8ba1a6874b0e56fc3747</extType>
                  </PrivateExtension.Sequence>
                  <PrivateExtension.Sequence>
                     <extId><ObjectIdentifier>0.1.244.57.85.28.40.26</ObjectIdentifier></extId>
                     <extType>d0e7e5d9191e3bc2a2</extType>
                  </PrivateExtension.Sequence>
                  <PrivateExtension.Sequence>
                     <extId><ObjectIdentifier>0.1.236.43.100</ObjectIdentifier></extId>
                     <extType>6f</extType>
                  </PrivateExtension.Sequence>
               </Collection>
            </privateExtensionList.C0.BoxedType>
            <pcs_Extensions.C1.Sequence>
               
            </pcs_Extensions.C1.Sequence>
         </extensionContainer.C5.Sequence>
         <sai_Present.C6></sai_Present.C6>
         <geodeticInformation.C7.BoxedType><Bytes>a7ffdd24918b36726bc8
               <field name="spare" value="10" type="Integer" lengthBit="4"/>
               <field name="LPRI" value="presentation restricted:1" type="EnumLong" lengthBit="2"/>
               <field name="screnning" value="network provided:3" type="EnumLong" lengthBit="2"/>
               <field name="ext" value="1" type="Integer" lengthBit="1"/>
               <field name="TypeOfShape" value="reserved for future expansion:127" type="EnumLong" lengthBit="7"/>
               <field name="DegreesOfLatitude" value="14492817" type="Integer" length="3"/>
               <field name="DegreesOfLongitude" value="9123442" type="Integer" length="3"/>
               <field name="UncertaintyCode" value="107" type="Integer" length="1"/>
               <field name="Confidence" value="200" type="Integer" length="1"/>
            </Bytes></geodeticInformation.C7.BoxedType>
         <currentLocationRetrieved.C8></currentLocationRetrieved.C8>
         <ageOfLocationInformation.C9.BoxedType><Integer>0 minut = currently in contact:0</Integer></ageOfLocationInformation.C9.BoxedType>
         <userCSGInformation.C10.Sequence>
            <csg_Id.C0.BoxedType><BitString><BitString value="277b39a89618aa7eab66252aafe8fda9c8c1" trailing="0"/></BitString></csg_Id.C0.BoxedType>
            <extensionContainer.C1.Sequence>
               <privateExtensionList.C0.BoxedType>
                  <Collection>
                     <PrivateExtension.Sequence>
                        <extId><ObjectIdentifier>0.1.260.111.29.33.112.48.97.55.120</ObjectIdentifier></extId>
                        <extType>3ae19fcf5731</extType>
                     </PrivateExtension.Sequence>
                     <PrivateExtension.Sequence>
                        <extId><ObjectIdentifier>0.1.21.61.80.83.62.101.93.72</ObjectIdentifier></extId>
                        <extType>f4cc04</extType>
                     </PrivateExtension.Sequence>
                     <PrivateExtension.Sequence>
                        <extId><ObjectIdentifier>0.1.220</ObjectIdentifier></extId>
                        <extType>ae</extType>
                     </PrivateExtension.Sequence>
                  </Collection>
               </privateExtensionList.C0.BoxedType>
               <pcs_Extensions.C1.Sequence>
                  
               </pcs_Extensions.C1.Sequence>
            </extensionContainer.C1.Sequence>
            <accessMode.C2>2421e0a6411bf2cba5</accessMode.C2>
            <cmi.C3>b589f645d179a3ca10</cmi.C3>
         </userCSGInformation.C10.Sequence>
      </locationInformationGPRS.C7.Sequence>
      <offeredCamel4Functionalities.C8.BoxedType><BitString><BitString value="b4f267a18acbf1f476539e" trailing="0"/></BitString></offeredCamel4Functionalities.C8.BoxedType>
   </NoteMM_EventArg.Sequence>
</ASN>