<?xml version="1.0" encoding="ISO-8859-15"?>

<ASN layer="CAP">
   <NoteMsPresentForGprsRes.Sequence><extensionContainer.C0.Sequence>
         <privateExtensionList.C0.BoxedType>
            <Collection>
               <PrivateExtension.Sequence>
                  <extId><ObjectIdentifier>0.1.278.5.74.11.22.99</ObjectIdentifier></extId>
                  <extType>5e515f</extType>
               </PrivateExtension.Sequence>
               <PrivateExtension.Sequence>
                  <extId><ObjectIdentifier>0.1.242</ObjectIdentifier></extId>
                  <extType>b79ac6840f5e3f18</extType>
               </PrivateExtension.Sequence>
               <PrivateExtension.Sequence>
                  <extId><ObjectIdentifier>0.1.278.49.28.41.99.86.26</ObjectIdentifier></extId>
                  <extType>0fd0d83445542937b2</extType>
               </PrivateExtension.Sequence>
            </Collection>
         </privateExtensionList.C0.BoxedType>
         <pcs_Extensions.C1.Sequence>
            
         </pcs_Extensions.C1.Sequence>
      </extensionContainer.C0.Sequence></NoteMsPresentForGprsRes.Sequence>
</ASN>