<?xml version="1.0" encoding="ISO-8859-15"?>

<ASN layer="CAP">
   <NotifySS_Arg.Sequence>
      <ss_Code.C1.BoxedType><Bytes>6d76</Bytes></ss_Code.C1.BoxedType>
      <ss_Status.C4.BoxedType><Bytes>c80d4ad91f4364ec</Bytes></ss_Status.C4.BoxedType>
      <ss_Notification.C5.BoxedType><Bytes>c9dd4cd7a6c800ed</Bytes></ss_Notification.C5.BoxedType>
      <callIsWaiting_Indicator.C14></callIsWaiting_Indicator.C14>
      <callOnHold_Indicator.C15.Enum>
         <EnumType>callRetrieved.0</EnumType>
      </callOnHold_Indicator.C15.Enum>
      <mpty_Indicator.C16></mpty_Indicator.C16>
      <cug_Index.C17.BoxedType><Integer>1</Integer></cug_Index.C17.BoxedType>
      <clirSuppressionRejected.C18></clirSuppressionRejected.C18>
      <ect_Indicator.C19.Sequence>
         <ect_CallState.C0.Enum>
            <EnumType>active.1</EnumType>
         </ect_CallState.C0.Enum>
         <rdn.C1.Choice>
            <presentationAllowedAddress.C0.Sequence>
               <partyNumber.C0.BoxedType><AddressString.BoxedType><Bytes>b37160582878
                        <field name="extension" value="no extension:1" type="EnumLong" lengthBit="1"/>
                        <field name="nature of address" value="network specific number:3" type="EnumLong" lengthBit="3"/>
                        <field name="numbering plan" value="data numbering plan (ITU-T Rec X.121):3" type="EnumLong" lengthBit="4"/>
                        <field name="digits" value="1706858287" type="Number_BCD" length="10"/>
                     </Bytes></AddressString.BoxedType></partyNumber.C0.BoxedType>
               <partyNumberSubaddress.C1.BoxedType><Bytes>e9267c8603b514</Bytes></partyNumberSubaddress.C1.BoxedType>
            </presentationAllowedAddress.C0.Sequence>
            <presentationRestricted.C1></presentationRestricted.C1>
            <numberNotAvailableDueToInterworking.C2></numberNotAvailableDueToInterworking.C2>
            <presentationRestrictedAddress.C3.Sequence>
               <partyNumber.C0.BoxedType><AddressString.BoxedType><Bytes>043132345598
                        <field name="extension" value="extension:0" type="EnumLong" lengthBit="1"/>
                        <field name="nature of address" value="unknown:0" type="EnumLong" lengthBit="3"/>
                        <field name="numbering plan" value="telex numbering plan (ITU-T Rec F.69):4" type="EnumLong" lengthBit="4"/>
                        <field name="digits" value="1323435589" type="Number_BCD" length="10"/>
                     </Bytes></AddressString.BoxedType></partyNumber.C0.BoxedType>
               <partyNumberSubaddress.C1.BoxedType><Bytes>177c9543035868</Bytes></partyNumberSubaddress.C1.BoxedType>
            </presentationRestrictedAddress.C3.Sequence>
         </rdn.C1.Choice>
      </ect_Indicator.C19.Sequence>
      <nameIndicator.C20.Sequence><callingName.C0.Choice>
            <namePresentationAllowed.C0.Sequence>
               <dataCodingScheme.C0.BoxedType><Bytes>6e
                     <field name="Coding Group Bits" value="General Data Coding indication:6" type="EnumLong" lengthBit="4"/>
                     <field name="Alphabet" value="Reserved:3" type="EnumLong" lengthBit="2"/>
                     <field name="Message Class" value="Class 2 (U)SIM specific message:2" type="EnumLong" lengthBit="2"/>
                  </Bytes></dataCodingScheme.C0.BoxedType>
               <lengthInCharacters.C1>1507293882</lengthInCharacters.C1>
               <nameString.C2.BoxedType><Bytes>ab42f2e2535b932c3cf9
                     <field name="binary" value="ab42f2e2535b932c3cf9" type="Binary" length="10"/>
                  </Bytes></nameString.C2.BoxedType>
            </namePresentationAllowed.C0.Sequence>
            <presentationRestricted.C1></presentationRestricted.C1>
            <nameUnavailable.C2></nameUnavailable.C2>
            <namePresentationRestricted.C3.Sequence>
               <dataCodingScheme.C0.BoxedType><Bytes>e4
                     <field name="Coding Group Bits" value="Defined by the WAP Forum:14" type="EnumLong" lengthBit="4"/>
                     <field name="Alphabet" value="8 bit data {UTF-8}:1" type="EnumLong" lengthBit="2"/>
                     <field name="Message Class" value="Class 0:0" type="EnumLong" lengthBit="2"/>
                  </Bytes></dataCodingScheme.C0.BoxedType>
               <lengthInCharacters.C1>2332298087</lengthInCharacters.C1>
               <nameString.C2.BoxedType><Bytes>c41f9edb3e0718fc
                     <field name="binary" value="c41f9edb3e0718fc" type="Binary" length="8"/>
                  </Bytes></nameString.C2.BoxedType>
            </namePresentationRestricted.C3.Sequence>
         </callingName.C0.Choice></nameIndicator.C20.Sequence>
      <ccbs_Feature.C21.Sequence>
         <ccbs_Index.C0.BoxedType><Integer>0</Integer></ccbs_Index.C0.BoxedType>
         <b_subscriberNumber.C1.BoxedType><AddressString.BoxedType><Bytes>1419581917f0
                  <field name="extension" value="extension:0" type="EnumLong" lengthBit="1"/>
                  <field name="nature of address" value="international number:1" type="EnumLong" lengthBit="3"/>
                  <field name="numbering plan" value="telex numbering plan (ITU-T Rec F.69):4" type="EnumLong" lengthBit="4"/>
                  <field name="digits" value="918591710" type="Number_BCD" length="9"/>
               </Bytes></AddressString.BoxedType></b_subscriberNumber.C1.BoxedType>
         <b_subscriberSubaddress.C2.BoxedType><Bytes>d439b6b84675a9e5</Bytes></b_subscriberSubaddress.C2.BoxedType>
         <basicServiceGroup.C3.Choice>
            <bearerService.C2.BoxedType><Bytes>f31bd1927c</Bytes></bearerService.C2.BoxedType>
            <teleservice.C3.BoxedType><Bytes>9d6f9f89f1fa771f91</Bytes></teleservice.C3.BoxedType>
         </basicServiceGroup.C3.Choice>
      </ccbs_Feature.C21.Sequence>
      <alertingPattern.C22.BoxedType><Bytes>91cdf49a405f</Bytes></alertingPattern.C22.BoxedType>
      <multicall_Indicator.C23.Enum>
         <EnumType>nbr_Userexceeded.1</EnumType>
      </multicall_Indicator.C23.Enum>
   </NotifySS_Arg.Sequence>
</ASN>