<?xml version="1.0" encoding="ISO-8859-15"?>

<ASN layer="CAP">
   <O_BcsmCamelTDPData.Sequence>
      <o_BcsmTriggerDetectionPoint.Enum>
         <EnumType>collectedInfo.2</EnumType>
      </o_BcsmTriggerDetectionPoint.Enum>
      <serviceKey.BoxedType><Integer>0</Integer></serviceKey.BoxedType>
      <gsmSCF_Address.C0.BoxedType><AddressString.BoxedType><Bytes>df5132653749
               <field name="extension" value="no extension:1" type="EnumLong" lengthBit="1"/>
               <field name="nature of address" value="reserved:5" type="EnumLong" lengthBit="3"/>
               <field name="numbering plan" value="reserved for extension:15" type="EnumLong" lengthBit="4"/>
               <field name="digits" value="1523567394" type="Number_BCD" length="10"/>
            </Bytes></AddressString.BoxedType></gsmSCF_Address.C0.BoxedType>
      <defaultCallHandling.C1.Enum>
         <EnumType>releaseCall.1</EnumType>
      </defaultCallHandling.C1.Enum>
      <extensionContainer.C2.Sequence>
         <privateExtensionList.C0.BoxedType>
            <Collection>
               <PrivateExtension.Sequence>
                  <extId><ObjectIdentifier>0.1.286.99.108.21.119.114.110.32.84</ObjectIdentifier></extId>
                  <extType>13695575f7d1</extType>
               </PrivateExtension.Sequence>
               <PrivateExtension.Sequence>
                  <extId><ObjectIdentifier>0.1.213.57.48.95.12.89.107.7.85.123</ObjectIdentifier></extId>
                  <extType>9a52540af3a8249038</extType>
               </PrivateExtension.Sequence>
               <PrivateExtension.Sequence>
                  <extId><ObjectIdentifier>0.1.292.104.101.113</ObjectIdentifier></extId>
                  <extType>2b1f5a069e5b2fc0</extType>
               </PrivateExtension.Sequence>
            </Collection>
         </privateExtensionList.C0.BoxedType>
         <pcs_Extensions.C1.Sequence>
            
         </pcs_Extensions.C1.Sequence>
      </extensionContainer.C2.Sequence>
   </O_BcsmCamelTDPData.Sequence>
</ASN>