<?xml version="1.0" encoding="ISO-8859-15"?>

<ASN layer="CAP">
   <O_BcsmCamelTDP_Criteria.Sequence>
      <o_BcsmTriggerDetectionPoint.Enum>
         <EnumType>routeSelectFailure.4</EnumType>
      </o_BcsmTriggerDetectionPoint.Enum>
      <destinationNumberCriteria.C0.Sequence>
         <matchType.C0.Enum>
            <EnumType>enabling.1</EnumType>
         </matchType.C0.Enum>
         <destinationNumberList.C1.BoxedType>
            <Collection>
               <ISDN_AddressString.BoxedType><AddressString.BoxedType><Bytes>859115166493
                        <field name="extension" value="no extension:1" type="EnumLong" lengthBit="1"/>
                        <field name="nature of address" value="unknown:0" type="EnumLong" lengthBit="3"/>
                        <field name="numbering plan" value="spare:5" type="EnumLong" lengthBit="4"/>
                        <field name="digits" value="1951614639" type="Number_BCD" length="10"/>
                     </Bytes></AddressString.BoxedType></ISDN_AddressString.BoxedType>
               <ISDN_AddressString.BoxedType><AddressString.BoxedType><Bytes>f40141736927
                        <field name="extension" value="no extension:1" type="EnumLong" lengthBit="1"/>
                        <field name="nature of address" value="reserved for extension:7" type="EnumLong" lengthBit="3"/>
                        <field name="numbering plan" value="telex numbering plan (ITU-T Rec F.69):4" type="EnumLong" lengthBit="4"/>
                        <field name="digits" value="1014379672" type="Number_BCD" length="10"/>
                     </Bytes></AddressString.BoxedType></ISDN_AddressString.BoxedType>
               <ISDN_AddressString.BoxedType><AddressString.BoxedType><Bytes>d66112531571
                        <field name="extension" value="no extension:1" type="EnumLong" lengthBit="1"/>
                        <field name="nature of address" value="reserved:5" type="EnumLong" lengthBit="3"/>
                        <field name="numbering plan" value="land mobile numbering plan (ITU-T Rec E.212):6" type="EnumLong" lengthBit="4"/>
                        <field name="digits" value="1621355117" type="Number_BCD" length="10"/>
                     </Bytes></AddressString.BoxedType></ISDN_AddressString.BoxedType>
            </Collection>
         </destinationNumberList.C1.BoxedType>
         <destinationNumberLengthList.C2.BoxedType>
            <Collection>
               <Integer>0</Integer>
               <Integer>1</Integer>
               <Integer>1</Integer>
            </Collection>
         </destinationNumberLengthList.C2.BoxedType>
      </destinationNumberCriteria.C0.Sequence>
      <basicServiceCriteria.C1.BoxedType>
         <Collection>
            <Ext_BasicServiceCode.Choice>
               <ext_BearerService.C2.BoxedType><Bytes>18f8788a0b9808</Bytes></ext_BearerService.C2.BoxedType>
               <ext_Teleservice.C3.BoxedType><Bytes>1f1732ece3
                     <field name="Code" value="31" type="EnumLong" length="1"/>
                     <field name="Extension data" value="1732ece3" type="Binary" length="4"/>
                  </Bytes></ext_Teleservice.C3.BoxedType>
            </Ext_BasicServiceCode.Choice>
            <Ext_BasicServiceCode.Choice>
               <ext_BearerService.C2.BoxedType><Bytes>80</Bytes></ext_BearerService.C2.BoxedType>
               <ext_Teleservice.C3.BoxedType><Bytes>7be58e260e
                     <field name="Code" value="123" type="EnumLong" length="1"/>
                     <field name="Extension data" value="e58e260e" type="Binary" length="4"/>
                  </Bytes></ext_Teleservice.C3.BoxedType>
            </Ext_BasicServiceCode.Choice>
            <Ext_BasicServiceCode.Choice>
               <ext_BearerService.C2.BoxedType><Bytes>4a8bec</Bytes></ext_BearerService.C2.BoxedType>
               <ext_Teleservice.C3.BoxedType><Bytes>28000053f6
                     <field name="Code" value="40" type="EnumLong" length="1"/>
                     <field name="Extension data" value="000053f6" type="Binary" length="4"/>
                  </Bytes></ext_Teleservice.C3.BoxedType>
            </Ext_BasicServiceCode.Choice>
         </Collection>
      </basicServiceCriteria.C1.BoxedType>
      <callTypeCriteria.C2.Enum>
         <EnumType>forwarded.0</EnumType>
      </callTypeCriteria.C2.Enum>
      <o_CauseValueCriteria.C3.BoxedType>
         <Collection>
            <CauseValue.BoxedType><Bytes>28cf830dc1</Bytes></CauseValue.BoxedType>
            <CauseValue.BoxedType><Bytes>2b7683921350157c</Bytes></CauseValue.BoxedType>
            <CauseValue.BoxedType><Bytes>b115</Bytes></CauseValue.BoxedType>
         </Collection>
      </o_CauseValueCriteria.C3.BoxedType>
      <extensionContainer.C4.Sequence>
         <privateExtensionList.C0.BoxedType>
            <Collection>
               <PrivateExtension.Sequence>
                  <extId><ObjectIdentifier>0.1.243.5.104.57.18.68.91.76.23</ObjectIdentifier></extId>
                  <extType>5a5d635018</extType>
               </PrivateExtension.Sequence>
               <PrivateExtension.Sequence>
                  <extId><ObjectIdentifier>0.1.268.9.106.22.53.98</ObjectIdentifier></extId>
                  <extType>fca03cba818b61</extType>
               </PrivateExtension.Sequence>
               <PrivateExtension.Sequence>
                  <extId><ObjectIdentifier>0.1.2</ObjectIdentifier></extId>
                  <extType>d2cecf26943e</extType>
               </PrivateExtension.Sequence>
            </Collection>
         </privateExtensionList.C0.BoxedType>
         <pcs_Extensions.C1.Sequence>
            
         </pcs_Extensions.C1.Sequence>
      </extensionContainer.C4.Sequence>
   </O_BcsmCamelTDP_Criteria.Sequence>
</ASN>