<?xml version="1.0" encoding="ISO-8859-15"?>

<ASN layer="CAP">
   <OngoingGroupCallParam.Sequence><extensionContainer.Sequence>
         <privateExtensionList.C0.BoxedType>
            <Collection>
               <PrivateExtension.Sequence>
                  <extId><ObjectIdentifier>0.1.279.5</ObjectIdentifier></extId>
                  <extType>d4ed494270d5</extType>
               </PrivateExtension.Sequence>
               <PrivateExtension.Sequence>
                  <extId><ObjectIdentifier>0.1.245.84.57.42</ObjectIdentifier></extId>
                  <extType>08a965218abc4a</extType>
               </PrivateExtension.Sequence>
               <PrivateExtension.Sequence>
                  <extId><ObjectIdentifier>0.1.249.95.93.102.65</ObjectIdentifier></extId>
                  <extType>dad395</extType>
               </PrivateExtension.Sequence>
            </Collection>
         </privateExtensionList.C0.BoxedType>
         <pcs_Extensions.C1.Sequence>
            
         </pcs_Extensions.C1.Sequence>
      </extensionContainer.Sequence></OngoingGroupCallParam.Sequence>
</ASN>