<?xml version="1.0" encoding="ISO-8859-15"?>

<ASN layer="CAP">
   <PDP_ContextInfo.Sequence>
      <pdp_ContextIdentifier.C0.BoxedType><Integer>1</Integer></pdp_ContextIdentifier.C0.BoxedType>
      <pdp_ContextActive.C1></pdp_ContextActive.C1>
      <pdp_Type.C2.BoxedType><Bytes>6c6e
            <field name="spare" value="6" type="Integer" lengthBit="4"/>
            <field name="PDP type organisation" value="reserved:12" type="EnumLong" lengthBit="4"/>
            <field name="PDP type number" value="110" type="EnumLong" length="1"/>
         </Bytes></pdp_Type.C2.BoxedType>
      <pdp_Address.C3.BoxedType><Bytes>57c55ad7
            <field name="IPV4  address" value="87.197.90.215" type="IPV4Address" length="4"/>
         </Bytes></pdp_Address.C3.BoxedType>
      <apn_Subscribed.C4.BoxedType><Bytes>5365
            <field name="DNS string" value="Se" type="String" length="2"/>
         </Bytes></apn_Subscribed.C4.BoxedType>
      <apn_InUse.C5.BoxedType><Bytes>7243435662636853
            <field name="DNS string" value="rCCVbchS" type="String" length="8"/>
         </Bytes></apn_InUse.C5.BoxedType>
      <nsapi.C6.BoxedType><Integer>1</Integer></nsapi.C6.BoxedType>
      <transactionId.C7.BoxedType><Bytes>289f
            <field name="TI flag" value="The message is sent from the side that originates the TI:0" type="EnumLong" lengthBit="1"/>
            <field name="TIO" value="2" type="Integer" lengthBit="3"/>
            <field name="NA" value="8" type="Integer" lengthBit="4"/>
            <field name="Ext" value="1" type="Integer" lengthBit="1"/>
            <field name="TIE" value="31" type="Integer" lengthBit="7"/>
         </Bytes></transactionId.C7.BoxedType>
      <teid_ForGnAndGp.C8.BoxedType><Bytes>3bc59f86
            <field name="TEID" value="1002807174" type="Integer" length="4"/>
         </Bytes></teid_ForGnAndGp.C8.BoxedType>
      <teid_ForIu.C9.BoxedType><Bytes>4295587d
            <field name="TEID" value="1117083773" type="Integer" length="4"/>
         </Bytes></teid_ForIu.C9.BoxedType>
      <ggsn_Address.C10.BoxedType><Bytes>139889bb70
            <field name="Address type" value="IPV4:0" type="EnumLong" lengthBit="2"/>
            <field name="AddressLength" value="19" type="Integer" lengthBit="6"/>
            <field name="IPV4 address" value="152.137.187.112" type="IPV4Address" length="4"/>
         </Bytes></ggsn_Address.C10.BoxedType>
      <qos_Subscribed.C11.BoxedType><Bytes>18ccc0bdf8aa4a5929
            <field name="Allocation/Retention Priority" value="24" type="Integer" length="1"/>
            <field name="Traffic class" value="Reserved:6" type="EnumLong" lengthBit="3"/>
            <field name="Delivery class" value="With delivery order (&apos;yes&apos;):1" type="EnumLong" lengthBit="2"/>
            <field name="Delivery erroneous SDUs" value="Reserved:4" type="EnumLong" lengthBit="3"/>
            <field name="Maximum SDU size" value="192" type="Integer" length="1"/>
            <field name="Maximum bitrate uplink" value="189" type="Integer" length="1"/>
            <field name="Maximum bitrate downlink" value="248" type="Integer" length="1"/>
            <field name="SDU error ratio" value="Reserved:10" type="EnumLong" lengthBit="4"/>
            <field name="Residual BER" value="Reserved:10" type="EnumLong" lengthBit="4"/>
            <field name="Transfer delay" value="18" type="Integer" lengthBit="6"/>
            <field name="Traffic handling priority" value="Priority level 2:2" type="EnumLong" lengthBit="2"/>
            <field name="Guaranteed bitrate uplink" value="89" type="Integer" length="1"/>
            <field name="Guaranteed bitrate downlink" value="41" type="Integer" length="1"/>
         </Bytes></qos_Subscribed.C11.BoxedType>
      <qos_Requested.C12.BoxedType><Bytes>a7ac8d60c49dadc78b
            <field name="Allocation/Retention Priority" value="167" type="Integer" length="1"/>
            <field name="Traffic class" value="Reserved:5" type="EnumLong" lengthBit="3"/>
            <field name="Delivery class" value="With delivery order (&apos;yes&apos;):1" type="EnumLong" lengthBit="2"/>
            <field name="Delivery erroneous SDUs" value="Reserved:4" type="EnumLong" lengthBit="3"/>
            <field name="Maximum SDU size" value="141" type="Integer" length="1"/>
            <field name="Maximum bitrate uplink" value="96" type="Integer" length="1"/>
            <field name="Maximum bitrate downlink" value="196" type="Integer" length="1"/>
            <field name="SDU error ratio" value="Reserved:9" type="EnumLong" lengthBit="4"/>
            <field name="Residual BER" value="Reserved:13" type="EnumLong" lengthBit="4"/>
            <field name="Transfer delay" value="43" type="Integer" lengthBit="6"/>
            <field name="Traffic handling priority" value="Priority level 1:1" type="EnumLong" lengthBit="2"/>
            <field name="Guaranteed bitrate uplink" value="199" type="Integer" length="1"/>
            <field name="Guaranteed bitrate downlink" value="139" type="Integer" length="1"/>
         </Bytes></qos_Requested.C12.BoxedType>
      <qos_Negotiated.C13.BoxedType><Bytes>0ab160b842ebf21785
            <field name="Allocation/Retention Priority" value="10" type="Integer" length="1"/>
            <field name="Traffic class" value="Reserved:5" type="EnumLong" lengthBit="3"/>
            <field name="Delivery class" value="Without delivery order (&apos;no&apos;):2" type="EnumLong" lengthBit="2"/>
            <field name="Delivery erroneous SDUs" value="No detect (&apos;-&apos;):1" type="EnumLong" lengthBit="3"/>
            <field name="Maximum SDU size" value="96" type="Integer" length="1"/>
            <field name="Maximum bitrate uplink" value="184" type="Integer" length="1"/>
            <field name="Maximum bitrate downlink" value="66" type="Integer" length="1"/>
            <field name="SDU error ratio" value="Reserved:14" type="EnumLong" lengthBit="4"/>
            <field name="Residual BER" value="Reserved:11" type="EnumLong" lengthBit="4"/>
            <field name="Transfer delay" value="60" type="Integer" lengthBit="6"/>
            <field name="Traffic handling priority" value="Priority level 2:2" type="EnumLong" lengthBit="2"/>
            <field name="Guaranteed bitrate uplink" value="23" type="Integer" length="1"/>
            <field name="Guaranteed bitrate downlink" value="133" type="Integer" length="1"/>
         </Bytes></qos_Negotiated.C13.BoxedType>
      <chargingId.C14.BoxedType><Bytes>2028a0e8
            <field name="Charging ID" value="539533544" type="Integer" length="4"/>
         </Bytes></chargingId.C14.BoxedType>
      <chargingCharacteristics.C15.BoxedType><Bytes>b23d
            <field name="Reserved" value="11" type="Integer" lengthBit="4"/>
            <field name="N flag" value="0" type="Integer" lengthBit="1"/>
            <field name="P flag" value="0" type="Integer" lengthBit="1"/>
            <field name="F flag" value="1" type="Integer" lengthBit="1"/>
            <field name="H flag" value="0" type="Integer" lengthBit="1"/>
            <field name="Charging Value" value="61" type="Integer" length="1"/>
         </Bytes></chargingCharacteristics.C15.BoxedType>
      <rnc_Address.C16.BoxedType><Bytes>4d56436e09
            <field name="Address type" value="IPV6:1" type="EnumLong" lengthBit="2"/>
            <field name="AddressLength" value="13" type="Integer" lengthBit="6"/>
            <field name="IPV4 address" value="86.67.110.9" type="IPV4Address" length="4"/>
         </Bytes></rnc_Address.C16.BoxedType>
      <extensionContainer.C17.Sequence>
         <privateExtensionList.C0.BoxedType>
            <Collection>
               <PrivateExtension.Sequence>
                  <extId><ObjectIdentifier>0.1.2107.59.96.114.10</ObjectIdentifier></extId>
                  <extType>62c287</extType>
               </PrivateExtension.Sequence>
               <PrivateExtension.Sequence>
                  <extId><ObjectIdentifier>0.1.2107.36.40.63.31.114.39</ObjectIdentifier></extId>
                  <extType>8a3daf59a4888574bf</extType>
               </PrivateExtension.Sequence>
               <PrivateExtension.Sequence>
                  <extId><ObjectIdentifier>0.1.229.23.25.118.31.65.126.46.113.75</ObjectIdentifier></extId>
                  <extType>1565de617917731e</extType>
               </PrivateExtension.Sequence>
            </Collection>
         </privateExtensionList.C0.BoxedType>
         <pcs_Extensions.C1.Sequence>
            
         </pcs_Extensions.C1.Sequence>
      </extensionContainer.C17.Sequence>
      <qos2_Subscribed.C18.BoxedType><Bytes>4261141086
            <field name="spare" value="2" type="Integer" lengthBit="3"/>
            <field name="Signalling Indication" value="Not optimised for signalling traffic:0" type="EnumLong" lengthBit="1"/>
            <field name="Source Statistics Descriptor" value="unknown:2" type="EnumLong" lengthBit="4"/>
            <field name="Maximum bitrate downlink (extended)" value="97" type="Integer" length="1"/>
            <field name="Guaranteed bitrate downlink (extended)" value="20" type="Integer" length="1"/>
            <field name="Maximum bitrate uplink (extended)" value="16" type="Integer" length="1"/>
            <field name="Guaranteed bitrate uplink (extended)" value="134" type="Integer" length="1"/>
         </Bytes></qos2_Subscribed.C18.BoxedType>
      <qos2_Requested.C19.BoxedType><Bytes>9264fc7fbb
            <field name="spare" value="4" type="Integer" lengthBit="3"/>
            <field name="Signalling Indication" value="Optimised for signalling traffic:1" type="EnumLong" lengthBit="1"/>
            <field name="Source Statistics Descriptor" value="unknown:2" type="EnumLong" lengthBit="4"/>
            <field name="Maximum bitrate downlink (extended)" value="100" type="Integer" length="1"/>
            <field name="Guaranteed bitrate downlink (extended)" value="252" type="Integer" length="1"/>
            <field name="Maximum bitrate uplink (extended)" value="127" type="Integer" length="1"/>
            <field name="Guaranteed bitrate uplink (extended)" value="187" type="Integer" length="1"/>
         </Bytes></qos2_Requested.C19.BoxedType>
      <qos2_Negotiated.C20.BoxedType><Bytes>6a0b2a0ba8
            <field name="spare" value="3" type="Integer" lengthBit="3"/>
            <field name="Signalling Indication" value="Not optimised for signalling traffic:0" type="EnumLong" lengthBit="1"/>
            <field name="Source Statistics Descriptor" value="unknown:10" type="EnumLong" lengthBit="4"/>
            <field name="Maximum bitrate downlink (extended)" value="11" type="Integer" length="1"/>
            <field name="Guaranteed bitrate downlink (extended)" value="42" type="Integer" length="1"/>
            <field name="Maximum bitrate uplink (extended)" value="11" type="Integer" length="1"/>
            <field name="Guaranteed bitrate uplink (extended)" value="168" type="Integer" length="1"/>
         </Bytes></qos2_Negotiated.C20.BoxedType>
      <qos3_Subscribed.C21.BoxedType><Bytes>a457
            <field name="Maximum bitrate uplink (extended)" value="164" type="Integer" length="1"/>
            <field name="Guaranteed bitrate uplink (extended)" value="87" type="Integer" length="1"/>
         </Bytes></qos3_Subscribed.C21.BoxedType>
      <qos3_Requested.C22.BoxedType><Bytes>85f6
            <field name="Maximum bitrate uplink (extended)" value="133" type="Integer" length="1"/>
            <field name="Guaranteed bitrate uplink (extended)" value="246" type="Integer" length="1"/>
         </Bytes></qos3_Requested.C22.BoxedType>
      <qos3_Negotiated.C23.BoxedType><Bytes>9858
            <field name="Maximum bitrate uplink (extended)" value="152" type="Integer" length="1"/>
            <field name="Guaranteed bitrate uplink (extended)" value="88" type="Integer" length="1"/>
         </Bytes></qos3_Negotiated.C23.BoxedType>
      <qos4_Subscribed.C25.BoxedType><Bytes>7a63b35ff1d6</Bytes></qos4_Subscribed.C25.BoxedType>
      <qos4_Requested.C26.BoxedType><Bytes>698079</Bytes></qos4_Requested.C26.BoxedType>
      <qos4_Negotiated.C27.BoxedType><Bytes>055a</Bytes></qos4_Negotiated.C27.BoxedType>
      <ext_pdp_Type.C28.BoxedType><Bytes>e2</Bytes></ext_pdp_Type.C28.BoxedType>
      <ext_pdp_Address.C29.BoxedType><Bytes>d165d606
            <field name="IPV4  address" value="209.101.214.6" type="IPV4Address" length="4"/>
         </Bytes></ext_pdp_Address.C29.BoxedType>
   </PDP_ContextInfo.Sequence>
</ASN>