<?xml version="1.0" encoding="ISO-8859-15"?>

<ASN layer="CAP">
   <PDP_Context.Sequence>
      <pdp_ContextId.BoxedType><Integer>0</Integer></pdp_ContextId.BoxedType>
      <pdp_Type.C16.BoxedType><Bytes>788d
            <field name="spare" value="7" type="Integer" lengthBit="4"/>
            <field name="PDP type organisation" value="reserved:8" type="EnumLong" lengthBit="4"/>
            <field name="PDP type number" value="IPV4V6:141" type="EnumLong" length="1"/>
         </Bytes></pdp_Type.C16.BoxedType>
      <pdp_Address.C17.BoxedType><Bytes>e927c12f
            <field name="IPV4  address" value="233.39.193.47" type="IPV4Address" length="4"/>
         </Bytes></pdp_Address.C17.BoxedType>
      <qos_Subscribed.C18.BoxedType><Bytes>e5b697
            <field name="spare1" value="3" type="Integer" lengthBit="2"/>
            <field name="Delay class" value="Delay class 4 (best effort):4" type="EnumLong" lengthBit="3"/>
            <field name="Reliability class" value="Unacknowledged GTP, LLC, and RLC, Unprotected data:5" type="EnumLong" lengthBit="3"/>
            <field name="Peak throughput" value="Up to 1 000 octet/s:11" type="EnumLong" lengthBit="4"/>
            <field name="spare2" value="0" type="Integer" lengthBit="1"/>
            <field name="Precedence class" value="Normal priority:6" type="EnumLong" lengthBit="3"/>
            <field name="spare3" value="4" type="Integer" lengthBit="3"/>
            <field name="Mean throughput" value="Best effort:23" type="EnumLong" lengthBit="5"/>
         </Bytes></qos_Subscribed.C18.BoxedType>
      <vplmnAddressAllowed.C19></vplmnAddressAllowed.C19>
      <apn.C20.BoxedType><Bytes>53784c5250
            <field name="DNS string" value="SxLRP" type="String" length="5"/>
         </Bytes></apn.C20.BoxedType>
      <extensionContainer.C21.Sequence>
         <privateExtensionList.C0.BoxedType>
            <Collection>
               <PrivateExtension.Sequence>
                  <extId><ObjectIdentifier>0.1.287</ObjectIdentifier></extId>
                  <extType>3be7621f52</extType>
               </PrivateExtension.Sequence>
               <PrivateExtension.Sequence>
                  <extId><ObjectIdentifier>0.1.2124.19.47.45.125.107.61</ObjectIdentifier></extId>
                  <extType>fb8cd2b12f1888420623</extType>
               </PrivateExtension.Sequence>
               <PrivateExtension.Sequence>
                  <extId><ObjectIdentifier>0.1.291.64.26.51.117.36</ObjectIdentifier></extId>
                  <extType>255f7dcd36af9060d1</extType>
               </PrivateExtension.Sequence>
            </Collection>
         </privateExtensionList.C0.BoxedType>
         <pcs_Extensions.C1.Sequence>
            
         </pcs_Extensions.C1.Sequence>
      </extensionContainer.C21.Sequence>
      <ext_QoS_Subscribed.C0.BoxedType><Bytes>376f95be94d12511c1
            <field name="Allocation/Retention Priority" value="55" type="Integer" length="1"/>
            <field name="Traffic class" value="Interactive class:3" type="EnumLong" lengthBit="3"/>
            <field name="Delivery class" value="With delivery order (&apos;yes&apos;):1" type="EnumLong" lengthBit="2"/>
            <field name="Delivery erroneous SDUs" value="Reserved:7" type="EnumLong" lengthBit="3"/>
            <field name="Maximum SDU size" value="149" type="Integer" length="1"/>
            <field name="Maximum bitrate uplink" value="190" type="Integer" length="1"/>
            <field name="Maximum bitrate downlink" value="148" type="Integer" length="1"/>
            <field name="SDU error ratio" value="Reserved:13" type="EnumLong" lengthBit="4"/>
            <field name="Residual BER" value="5*10 power -2:1" type="EnumLong" lengthBit="4"/>
            <field name="Transfer delay" value="9" type="Integer" lengthBit="6"/>
            <field name="Traffic handling priority" value="Priority level 1:1" type="EnumLong" lengthBit="2"/>
            <field name="Guaranteed bitrate uplink" value="17" type="Integer" length="1"/>
            <field name="Guaranteed bitrate downlink" value="193" type="Integer" length="1"/>
         </Bytes></ext_QoS_Subscribed.C0.BoxedType>
      <pdp_ChargingCharacteristics.C1.BoxedType><Bytes>4788
            <field name="Reserved" value="4" type="Integer" lengthBit="4"/>
            <field name="N flag" value="0" type="Integer" lengthBit="1"/>
            <field name="P flag" value="1" type="Integer" lengthBit="1"/>
            <field name="F flag" value="1" type="Integer" lengthBit="1"/>
            <field name="H flag" value="1" type="Integer" lengthBit="1"/>
            <field name="Charging Value" value="136" type="Integer" length="1"/>
         </Bytes></pdp_ChargingCharacteristics.C1.BoxedType>
      <ext2_QoS_Subscribed.C2.BoxedType><Bytes>adf5d648ef
            <field name="spare" value="5" type="Integer" lengthBit="3"/>
            <field name="Signalling Indication" value="Not optimised for signalling traffic:0" type="EnumLong" lengthBit="1"/>
            <field name="Source Statistics Descriptor" value="unknown:13" type="EnumLong" lengthBit="4"/>
            <field name="Maximum bitrate downlink (extended)" value="245" type="Integer" length="1"/>
            <field name="Guaranteed bitrate downlink (extended)" value="214" type="Integer" length="1"/>
            <field name="Maximum bitrate uplink (extended)" value="72" type="Integer" length="1"/>
            <field name="Guaranteed bitrate uplink (extended)" value="239" type="Integer" length="1"/>
         </Bytes></ext2_QoS_Subscribed.C2.BoxedType>
      <ext3_QoS_Subscribed.C3.BoxedType><Bytes>b53d
            <field name="Maximum bitrate uplink (extended)" value="181" type="Integer" length="1"/>
            <field name="Guaranteed bitrate uplink (extended)" value="61" type="Integer" length="1"/>
         </Bytes></ext3_QoS_Subscribed.C3.BoxedType>
      <ext4_QoS_Subscribed.C4.BoxedType><Bytes>637d</Bytes></ext4_QoS_Subscribed.C4.BoxedType>
      <apn_oi_Replacement.C5.BoxedType><Bytes>80119b</Bytes></apn_oi_Replacement.C5.BoxedType>
      <ext_pdp_Type.C6.BoxedType><Bytes>b24dc806f92b376c93</Bytes></ext_pdp_Type.C6.BoxedType>
      <ext_pdp_Address.C7.BoxedType><Bytes>36e0aea9
            <field name="IPV4  address" value="54.224.174.169" type="IPV4Address" length="4"/>
         </Bytes></ext_pdp_Address.C7.BoxedType>
      <ambr.C10.Sequence>
         <max_RequestedBandwidth_UL.C0.BoxedType><Long>1005384134</Long></max_RequestedBandwidth_UL.C0.BoxedType>
         <max_RequestedBandwidth_DL.C1.BoxedType><Long>142200501</Long></max_RequestedBandwidth_DL.C1.BoxedType>
         <extensionContainer.C2.Sequence>
            <privateExtensionList.C0.BoxedType>
               <Collection>
                  <PrivateExtension.Sequence>
                     <extId><ObjectIdentifier>0.1.278</ObjectIdentifier></extId>
                     <extType>b0386d805e</extType>
                  </PrivateExtension.Sequence>
                  <PrivateExtension.Sequence>
                     <extId><ObjectIdentifier>0.1.2106.122.19.94.25.13.24</ObjectIdentifier></extId>
                     <extType>0c1f8c</extType>
                  </PrivateExtension.Sequence>
                  <PrivateExtension.Sequence>
                     <extId><ObjectIdentifier>0.1.2105.7.8.82.0.6.108.49</ObjectIdentifier></extId>
                     <extType>77d3ec63bd</extType>
                  </PrivateExtension.Sequence>
               </Collection>
            </privateExtensionList.C0.BoxedType>
            <pcs_Extensions.C1.Sequence>
               
            </pcs_Extensions.C1.Sequence>
         </extensionContainer.C2.Sequence>
      </ambr.C10.Sequence>
      <sipto_Permission.C8.Enum>
         <EnumType>siptoAboveRanAllowed.0</EnumType>
      </sipto_Permission.C8.Enum>
      <lipa_Permission.C9.Enum>
         <EnumType>lipaOnly.1</EnumType>
      </lipa_Permission.C9.Enum>
      <restoration_Priority.C11.BoxedType><Bytes>4677</Bytes></restoration_Priority.C11.BoxedType>
      <sipto_local_network_Permission.C12.Enum>
         <EnumType>siptoAtLocalNetworkNotAllowed.1</EnumType>
      </sipto_local_network_Permission.C12.Enum>
   </PDP_Context.Sequence>
</ASN>