<?xml version="1.0" encoding="ISO-8859-15"?>

<ASN layer="CAP">
   <PlayAnnouncementArg.Sequence>
      <informationToSend.C0.Choice>
         <inbandInfo.C0.Sequence>
            <messageID.C0.Choice>
               <elementaryMessageID.C0.BoxedType><Integer>1</Integer></elementaryMessageID.C0.BoxedType>
               <text.C1.Sequence>
                  <messageContent.C0>nDs</messageContent.C0>
                  <attributes.C1>7079595efe1e956ad2</attributes.C1>
               </text.C1.Sequence>
               <Collection>
                  <elementaryMessageIDs.C29.BoxedType><Integer>2</Integer></elementaryMessageIDs.C29.BoxedType>
                  <elementaryMessageIDs.C29.BoxedType><Integer>2</Integer></elementaryMessageIDs.C29.BoxedType>
                  <elementaryMessageIDs.C29.BoxedType><Integer>0</Integer></elementaryMessageIDs.C29.BoxedType>
               </Collection>
            
               <variableMessage.C30.Sequence>
                  <elementaryMessageID.C0.BoxedType><Integer>1</Integer></elementaryMessageID.C0.BoxedType>
                  <Collection>
                     <variableParts.C1.Choice>
                        <integer.C0.BoxedType><Integer>2</Integer></integer.C0.BoxedType>
                        <number.C1.BoxedType><Bytes>3962</Bytes></number.C1.BoxedType>
                        <time.C2>28d6e44a5f179e</time.C2>
                        <date.C3>acb9766eada6</date.C3>
                        <price.C4>47a3d0ae6a</price.C4>
                     </variableParts.C1.Choice>
                     <variableParts.C1.Choice>
                        <integer.C0.BoxedType><Integer>1</Integer></integer.C0.BoxedType>
                        <number.C1.BoxedType><Bytes>b9f2cdc7a93f8f</Bytes></number.C1.BoxedType>
                        <time.C2>39c54d2923a9</time.C2>
                        <date.C3>ace1cd7fc051cea6</date.C3>
                        <price.C4>b0c98f</price.C4>
                     </variableParts.C1.Choice>
                     <variableParts.C1.Choice>
                        <integer.C0.BoxedType><Integer>1</Integer></integer.C0.BoxedType>
                        <number.C1.BoxedType><Bytes>91d3d21b54</Bytes></number.C1.BoxedType>
                        <time.C2>b9bf13</time.C2>
                        <date.C3>4a4e1160e8f2b96c</date.C3>
                        <price.C4>186821cbbb28</price.C4>
                     </variableParts.C1.Choice>
                  </Collection>
               
               </variableMessage.C30.Sequence>
            </messageID.C0.Choice>
            <numberOfRepetitions.C1>1</numberOfRepetitions.C1>
            <duration.C2>1</duration.C2>
            <interval.C3>2</interval.C3>
         </inbandInfo.C0.Sequence>
         <tone.C1.Sequence>
            <toneID.C0.BoxedType><Integer>1</Integer></toneID.C0.BoxedType>
            <duration.C1.BoxedType><Integer>2</Integer></duration.C1.BoxedType>
         </tone.C1.Sequence>
      </informationToSend.C0.Choice>
      <disconnectFromIPForbidden.C1d>false:0</disconnectFromIPForbidden.C1d>
      <requestAnnouncementCompleteNotification.C2d>false:0</requestAnnouncementCompleteNotification.C2d>
      <extensions.C3.BoxedType>
         <Collection>
            <ExtensionField.Sequence>
               <type.Choice>
                  <local>2946400330</local>
                  <global><ObjectIdentifier>0.1.258.78.108.71</ObjectIdentifier></global>
               </type.Choice>
               <criticality.nulld.Enum>
                  <EnumType>abort.1</EnumType>
               </criticality.nulld.Enum>
               <NullObject.C1></NullObject.C1>
            </ExtensionField.Sequence>
            <ExtensionField.Sequence>
               <type.Choice>
                  <local>1888170088</local>
                  <global><ObjectIdentifier>0.1.256.17.108</ObjectIdentifier></global>
               </type.Choice>
               <criticality.nulld.Enum>
                  <EnumType>abort.1</EnumType>
               </criticality.nulld.Enum>
               <NullObject.C1></NullObject.C1>
            </ExtensionField.Sequence>
            <ExtensionField.Sequence>
               <type.Choice>
                  <local>366970192</local>
                  <global><ObjectIdentifier>0.1.262.17.125.52.45.40.123.12</ObjectIdentifier></global>
               </type.Choice>
               <criticality.nulld.Enum>
                  <EnumType>abort.1</EnumType>
               </criticality.nulld.Enum>
               <NullObject.C1></NullObject.C1>
            </ExtensionField.Sequence>
         </Collection>
      </extensions.C3.BoxedType>
      <callSegmentID.C5.BoxedType><Integer>1</Integer></callSegmentID.C5.BoxedType>
      <requestAnnouncementStartedNotification.C51d>false:0</requestAnnouncementStartedNotification.C51d>
   </PlayAnnouncementArg.Sequence>
</ASN>