<?xml version="1.0" encoding="ISO-8859-15"?>

<ASN layer="CAP">
   <PlayToneArg.Sequence>
      <legOrCallSegment.C0.Choice>
         <callSegmentID.C0.BoxedType><Integer>1</Integer></callSegmentID.C0.BoxedType>
         <legID.C1.Choice>
            <sendingSideID.C0.BoxedType><Bytes>02
                  <field name="LegType" value="leg2 LegType:2" type="EnumLong" length="1"/>
               </Bytes></sendingSideID.C0.BoxedType>
            <receivingSideID.C1.BoxedType><Bytes>7d
                  <field name="LegType" value="125" type="EnumLong" length="1"/>
               </Bytes></receivingSideID.C1.BoxedType>
         </legID.C1.Choice>
      </legOrCallSegment.C0.Choice>
      <bursts.C1.Sequence>
         <numberOfBursts.C0d>0</numberOfBursts.C0d>
         <burstInterval.C1d>1</burstInterval.C1d>
         <numberOfTonesInBurst.C2d>2</numberOfTonesInBurst.C2d>
         <toneDuration.C3d>1</toneDuration.C3d>
         <toneInterval.C4d>0</toneInterval.C4d>
      </bursts.C1.Sequence>
      <extensions.C2.BoxedType>
         <Collection>
            <ExtensionField.Sequence>
               <type.Choice>
                  <local>3910523144</local>
                  <global><ObjectIdentifier>0.1.251.15</ObjectIdentifier></global>
               </type.Choice>
               <criticality.nulld.Enum>
                  <EnumType>abort.1</EnumType>
               </criticality.nulld.Enum>
               <NullObject.C1></NullObject.C1>
            </ExtensionField.Sequence>
            <ExtensionField.Sequence>
               <type.Choice>
                  <local>3974353228</local>
                  <global><ObjectIdentifier>0.1.254.26</ObjectIdentifier></global>
               </type.Choice>
               <criticality.nulld.Enum>
                  <EnumType>ignore.0</EnumType>
               </criticality.nulld.Enum>
               <NullObject.C1></NullObject.C1>
            </ExtensionField.Sequence>
            <ExtensionField.Sequence>
               <type.Choice>
                  <local>2693986607</local>
                  <global><ObjectIdentifier>0.1.2</ObjectIdentifier></global>
               </type.Choice>
               <criticality.nulld.Enum>
                  <EnumType>ignore.0</EnumType>
               </criticality.nulld.Enum>
               <NullObject.C1></NullObject.C1>
            </ExtensionField.Sequence>
         </Collection>
      </extensions.C2.BoxedType>
   </PlayToneArg.Sequence>
</ASN>