<?xml version="1.0" encoding="ISO-8859-15"?>

<ASN layer="CAP">
   <PositionMethodFailure_Param.Sequence>
      <positionMethodFailure_Diagnostic.C0.Enum>
         <EnumType>insufficientMeasurementData.2</EnumType>
      </positionMethodFailure_Diagnostic.C0.Enum>
      <extensionContainer.C1.Sequence>
         <privateExtensionList.C0.BoxedType>
            <Collection>
               <PrivateExtension.Sequence>
                  <extId><ObjectIdentifier>0.1.272.76.11.114.52.19.87.121.59.6</ObjectIdentifier></extId>
                  <extType>82e5</extType>
               </PrivateExtension.Sequence>
               <PrivateExtension.Sequence>
                  <extId><ObjectIdentifier>0.1.266.27.127.122.97.123</ObjectIdentifier></extId>
                  <extType>8913</extType>
               </PrivateExtension.Sequence>
               <PrivateExtension.Sequence>
                  <extId><ObjectIdentifier>0.1.26.57.126.85.115.36</ObjectIdentifier></extId>
                  <extType>8532</extType>
               </PrivateExtension.Sequence>
            </Collection>
         </privateExtensionList.C0.BoxedType>
         <pcs_Extensions.C1.Sequence>
            
         </pcs_Extensions.C1.Sequence>
      </extensionContainer.C1.Sequence>
   </PositionMethodFailure_Param.Sequence>
</ASN>