<?xml version="1.0" encoding="ISO-8859-15"?>

<ASN layer="CAP">
   <PrepareGroupCallRes.Sequence>
      <groupCallNumber.BoxedType><AddressString.BoxedType><Bytes>7427077034f8
               <field name="extension" value="extension:0" type="EnumLong" lengthBit="1"/>
               <field name="nature of address" value="reserved for extension:7" type="EnumLong" lengthBit="3"/>
               <field name="numbering plan" value="telex numbering plan (ITU-T Rec F.69):4" type="EnumLong" lengthBit="4"/>
               <field name="digits" value="727007438" type="Number_BCD" length="9"/>
            </Bytes></AddressString.BoxedType></groupCallNumber.BoxedType>
      <extensionContainer.Sequence>
         <privateExtensionList.C0.BoxedType>
            <Collection>
               <PrivateExtension.Sequence>
                  <extId><ObjectIdentifier>0.1.247.69.92.36.6.109</ObjectIdentifier></extId>
                  <extType>a63cce579c64c9</extType>
               </PrivateExtension.Sequence>
               <PrivateExtension.Sequence>
                  <extId><ObjectIdentifier>0.1.246.124</ObjectIdentifier></extId>
                  <extType>e8</extType>
               </PrivateExtension.Sequence>
               <PrivateExtension.Sequence>
                  <extId><ObjectIdentifier>0.1.237.87.104.87.123.68</ObjectIdentifier></extId>
                  <extType>e9be12fb233601d3</extType>
               </PrivateExtension.Sequence>
            </Collection>
         </privateExtensionList.C0.BoxedType>
         <pcs_Extensions.C1.Sequence>
            
         </pcs_Extensions.C1.Sequence>
      </extensionContainer.Sequence>
   </PrepareGroupCallRes.Sequence>
</ASN>