<?xml version="1.0" encoding="ISO-8859-15"?>

<ASN layer="CAP">
   <PrepareSubsequentHO_Arg.BoxedType><PrepareSubsequentHO_ArgSequenceType.C3.Sequence>
         <targetCellId.C0.BoxedType><Bytes>0149b59c2045</Bytes></targetCellId.C0.BoxedType>
         <targetMSC_Number.C1.BoxedType><AddressString.BoxedType><Bytes>3462431904f9
                  <field name="extension" value="extension:0" type="EnumLong" lengthBit="1"/>
                  <field name="nature of address" value="network specific number:3" type="EnumLong" lengthBit="3"/>
                  <field name="numbering plan" value="telex numbering plan (ITU-T Rec F.69):4" type="EnumLong" lengthBit="4"/>
                  <field name="digits" value="263491409" type="Number_BCD" length="9"/>
               </Bytes></AddressString.BoxedType></targetMSC_Number.C1.BoxedType>
         <targetRNCId.C2.BoxedType><Bytes>f150039c</Bytes></targetRNCId.C2.BoxedType>
         <an_APDU.C3.Sequence>
            <accessNetworkProtocolId.Enum>
               <EnumType>ts3G_48006.1</EnumType>
            </accessNetworkProtocolId.Enum>
            <signalInfo.BoxedType><Bytes>ce297ecca18b32aa</Bytes></signalInfo.BoxedType>
            <extensionContainer.Sequence>
               <privateExtensionList.C0.BoxedType>
                  <Collection>
                     <PrivateExtension.Sequence>
                        <extId><ObjectIdentifier>0.1.210.39.5.57.21.55.45.24</ObjectIdentifier></extId>
                        <extType>90e4ef67ba8401ed02</extType>
                     </PrivateExtension.Sequence>
                     <PrivateExtension.Sequence>
                        <extId><ObjectIdentifier>0.1.243.108.90.78.21.65</ObjectIdentifier></extId>
                        <extType>a44b18255b7b5d</extType>
                     </PrivateExtension.Sequence>
                     <PrivateExtension.Sequence>
                        <extId><ObjectIdentifier>0.1.29.44.60.22.97.33.58</ObjectIdentifier></extId>
                        <extType>37fb455038</extType>
                     </PrivateExtension.Sequence>
                  </Collection>
               </privateExtensionList.C0.BoxedType>
               <pcs_Extensions.C1.Sequence>
                  
               </pcs_Extensions.C1.Sequence>
            </extensionContainer.Sequence>
         </an_APDU.C3.Sequence>
         <selectedRab_Id.C4.BoxedType><Integer>2</Integer></selectedRab_Id.C4.BoxedType>
         <extensionContainer.C5.Sequence>
            <privateExtensionList.C0.BoxedType>
               <Collection>
                  <PrivateExtension.Sequence>
                     <extId><ObjectIdentifier>0.1.247.79.20</ObjectIdentifier></extId>
                     <extType>ef67c2f509</extType>
                  </PrivateExtension.Sequence>
                  <PrivateExtension.Sequence>
                     <extId><ObjectIdentifier>0.1.260.3.52.45.78</ObjectIdentifier></extId>
                     <extType>c8ef263b00</extType>
                  </PrivateExtension.Sequence>
                  <PrivateExtension.Sequence>
                     <extId><ObjectIdentifier>0.1.277.65.39.113.108.6.16</ObjectIdentifier></extId>
                     <extType>af837f95ae06</extType>
                  </PrivateExtension.Sequence>
               </Collection>
            </privateExtensionList.C0.BoxedType>
            <pcs_Extensions.C1.Sequence>
               
            </pcs_Extensions.C1.Sequence>
         </extensionContainer.C5.Sequence>
         <geran_classmark.C6.BoxedType><Bytes>b54a95</Bytes></geran_classmark.C6.BoxedType>
         <rab_ConfigurationIndicator.C7></rab_ConfigurationIndicator.C7>
      </PrepareSubsequentHO_ArgSequenceType.C3.Sequence></PrepareSubsequentHO_Arg.BoxedType>
</ASN>