<?xml version="1.0" encoding="ISO-8859-15"?>

<ASN layer="CAP">
   <PrepareGroupCallArg.Sequence>
      <teleservice.BoxedType><Bytes>df00000803
            <field name="Code" value="plmn-specificTS-F:223" type="EnumLong" length="1"/>
            <field name="Extension data" value="00000803" type="Binary" length="4"/>
         </Bytes></teleservice.BoxedType>
      <asciCallReference.BoxedType><TBCD_STRING.BoxedType><Bytes>36863686f0
               <field name="digits" value="636863680" type="Number_BCD" length="9"/>
            </Bytes></TBCD_STRING.BoxedType></asciCallReference.BoxedType>
      <codec_Info.BoxedType><Bytes>98a437</Bytes></codec_Info.BoxedType>
      <cipheringAlgorithm.BoxedType><Bytes>2ff71e5c</Bytes></cipheringAlgorithm.BoxedType>
      <groupKeyNumber_Vk_Id.C0.BoxedType><Integer>2</Integer></groupKeyNumber_Vk_Id.C0.BoxedType>
      <groupKey.C1.BoxedType><Bytes>b53aa07a5240b03564</Bytes></groupKey.C1.BoxedType>
      <priority.C2.BoxedType><Integer>1</Integer></priority.C2.BoxedType>
      <uplinkFree.C3></uplinkFree.C3>
      <extensionContainer.C4.Sequence>
         <privateExtensionList.C0.BoxedType>
            <Collection>
               <PrivateExtension.Sequence>
                  <extId><ObjectIdentifier>0.1.296.45.86.37.114.89.51.91.15</ObjectIdentifier></extId>
                  <extType>21e3a665</extType>
               </PrivateExtension.Sequence>
               <PrivateExtension.Sequence>
                  <extId><ObjectIdentifier>0.1.268.29.20.106.125.52.12.37.45.49</ObjectIdentifier></extId>
                  <extType>da0c1c</extType>
               </PrivateExtension.Sequence>
               <PrivateExtension.Sequence>
                  <extId><ObjectIdentifier>0.1.2101.107</ObjectIdentifier></extId>
                  <extType>f0eac97cc9d31152</extType>
               </PrivateExtension.Sequence>
            </Collection>
         </privateExtensionList.C0.BoxedType>
         <pcs_Extensions.C1.Sequence>
            
         </pcs_Extensions.C1.Sequence>
      </extensionContainer.C4.Sequence>
      <vstk.C5.BoxedType><Bytes>77bb</Bytes></vstk.C5.BoxedType>
      <vstk_rand.C6.BoxedType><Bytes>8d4cadc34bdd13</Bytes></vstk_rand.C6.BoxedType>
      <talkerChannelParameter.C7></talkerChannelParameter.C7>
      <uplinkReplyIndicator.C8></uplinkReplyIndicator.C8>
   </PrepareGroupCallArg.Sequence>
</ASN>