<?xml version="1.0" encoding="ISO-8859-15"?>

<ASN layer="CAP">
   <PrepareHO_Arg.BoxedType><PrepareHO_ArgSequenceType.C3.Sequence>
         <targetCellId.C0.BoxedType><Bytes>9eb24d4c707e01eabe</Bytes></targetCellId.C0.BoxedType>
         <ho_NumberNotRequired></ho_NumberNotRequired>
         <targetRNCId.C1.BoxedType><Bytes>bfb48d</Bytes></targetRNCId.C1.BoxedType>
         <an_APDU.C2.Sequence>
            <accessNetworkProtocolId.Enum>
               <EnumType>ts3G_25413.2</EnumType>
            </accessNetworkProtocolId.Enum>
            <signalInfo.BoxedType><Bytes>a411cecff014</Bytes></signalInfo.BoxedType>
            <extensionContainer.Sequence>
               <privateExtensionList.C0.BoxedType>
                  <Collection>
                     <PrivateExtension.Sequence>
                        <extId><ObjectIdentifier>0.1.2</ObjectIdentifier></extId>
                        <extType>1046ed43d86dba239c</extType>
                     </PrivateExtension.Sequence>
                     <PrivateExtension.Sequence>
                        <extId><ObjectIdentifier>0.1.2109</ObjectIdentifier></extId>
                        <extType>20dc7d111da611</extType>
                     </PrivateExtension.Sequence>
                     <PrivateExtension.Sequence>
                        <extId><ObjectIdentifier>0.1.214.14.62.39.123.106.94</ObjectIdentifier></extId>
                        <extType>1bac820a3904270a</extType>
                     </PrivateExtension.Sequence>
                  </Collection>
               </privateExtensionList.C0.BoxedType>
               <pcs_Extensions.C1.Sequence>
                  
               </pcs_Extensions.C1.Sequence>
            </extensionContainer.Sequence>
         </an_APDU.C2.Sequence>
         <multipleBearerRequested.C3></multipleBearerRequested.C3>
         <imsi.C4.BoxedType><TBCD_STRING.BoxedType><Bytes>2122800532
                  <field name="digits" value="1222085023" type="Number_BCD" length="10"/>
               </Bytes></TBCD_STRING.BoxedType></imsi.C4.BoxedType>
         <integrityProtectionInfo.C5.BoxedType><Bytes>44ba39</Bytes></integrityProtectionInfo.C5.BoxedType>
         <encryptionInfo.C6.BoxedType><Bytes>04790580fb4b0e2b07</Bytes></encryptionInfo.C6.BoxedType>
         <radioResourceInformation.C7.BoxedType><Bytes>fd803717b739706ba101</Bytes></radioResourceInformation.C7.BoxedType>
         <allowedGSM_Algorithms.C9.BoxedType><Bytes>5e4c9a053f45b2f8</Bytes></allowedGSM_Algorithms.C9.BoxedType>
         <allowedUMTS_Algorithms.C10.Sequence>
            <integrityProtectionAlgorithms.C0.BoxedType><Bytes>ce7b8811</Bytes></integrityProtectionAlgorithms.C0.BoxedType>
            <encryptionAlgorithms.C1.BoxedType><Bytes>2e7f010fe5</Bytes></encryptionAlgorithms.C1.BoxedType>
            <extensionContainer.C2.Sequence>
               <privateExtensionList.C0.BoxedType>
                  <Collection>
                     <PrivateExtension.Sequence>
                        <extId><ObjectIdentifier>0.1.277.81.39.1.64.11.99</ObjectIdentifier></extId>
                        <extType>63b7ef</extType>
                     </PrivateExtension.Sequence>
                     <PrivateExtension.Sequence>
                        <extId><ObjectIdentifier>0.1.2105.124.53.91.17.40.114.120.77</ObjectIdentifier></extId>
                        <extType>a924be5dc3523555</extType>
                     </PrivateExtension.Sequence>
                     <PrivateExtension.Sequence>
                        <extId><ObjectIdentifier>0.1.239.111.49.22.37.124.66.13</ObjectIdentifier></extId>
                        <extType>82d880052b</extType>
                     </PrivateExtension.Sequence>
                  </Collection>
               </privateExtensionList.C0.BoxedType>
               <pcs_Extensions.C1.Sequence>
                  
               </pcs_Extensions.C1.Sequence>
            </extensionContainer.C2.Sequence>
         </allowedUMTS_Algorithms.C10.Sequence>
         <radioResourceList.C11.BoxedType>
            <Collection>
               <RadioResource.Sequence>
                  <radioResourceInformation.BoxedType><Bytes>b1621cd1750406</Bytes></radioResourceInformation.BoxedType>
                  <rab_Id.BoxedType><Integer>0</Integer></rab_Id.BoxedType>
               </RadioResource.Sequence>
               <RadioResource.Sequence>
                  <radioResourceInformation.BoxedType><Bytes>67e09942</Bytes></radioResourceInformation.BoxedType>
                  <rab_Id.BoxedType><Integer>0</Integer></rab_Id.BoxedType>
               </RadioResource.Sequence>
               <RadioResource.Sequence>
                  <radioResourceInformation.BoxedType><Bytes>982dac988dc5</Bytes></radioResourceInformation.BoxedType>
                  <rab_Id.BoxedType><Integer>2</Integer></rab_Id.BoxedType>
               </RadioResource.Sequence>
            </Collection>
         </radioResourceList.C11.BoxedType>
         <extensionContainer.C8.Sequence>
            <privateExtensionList.C0.BoxedType>
               <Collection>
                  <PrivateExtension.Sequence>
                     <extId><ObjectIdentifier>0.1.248.13</ObjectIdentifier></extId>
                     <extType>3a783136eab0d8</extType>
                  </PrivateExtension.Sequence>
                  <PrivateExtension.Sequence>
                     <extId><ObjectIdentifier>0.1.296.122.43.106</ObjectIdentifier></extId>
                     <extType>ece7124a</extType>
                  </PrivateExtension.Sequence>
                  <PrivateExtension.Sequence>
                     <extId><ObjectIdentifier>0.1.253.104.74.71.36.86</ObjectIdentifier></extId>
                     <extType>0cf47b8634</extType>
                  </PrivateExtension.Sequence>
               </Collection>
            </privateExtensionList.C0.BoxedType>
            <pcs_Extensions.C1.Sequence>
               
            </pcs_Extensions.C1.Sequence>
         </extensionContainer.C8.Sequence>
         <rab_Id.C12.BoxedType><Integer>1</Integer></rab_Id.C12.BoxedType>
         <bssmap_ServiceHandover.C13.BoxedType><Bytes>01cea0</Bytes></bssmap_ServiceHandover.C13.BoxedType>
         <ranap_ServiceHandover.C14.BoxedType><Bytes>28315db55f842c3663</Bytes></ranap_ServiceHandover.C14.BoxedType>
         <bssmap_ServiceHandoverList.C15.BoxedType>
            <Collection>
               <BSSMAP_ServiceHandoverInfo.Sequence>
                  <bssmap_ServiceHandover.BoxedType><Bytes>35cbc2a35876999898da</Bytes></bssmap_ServiceHandover.BoxedType>
                  <rab_Id.BoxedType><Integer>1</Integer></rab_Id.BoxedType>
               </BSSMAP_ServiceHandoverInfo.Sequence>
               <BSSMAP_ServiceHandoverInfo.Sequence>
                  <bssmap_ServiceHandover.BoxedType><Bytes>a4a954</Bytes></bssmap_ServiceHandover.BoxedType>
                  <rab_Id.BoxedType><Integer>2</Integer></rab_Id.BoxedType>
               </BSSMAP_ServiceHandoverInfo.Sequence>
               <BSSMAP_ServiceHandoverInfo.Sequence>
                  <bssmap_ServiceHandover.BoxedType><Bytes>533a</Bytes></bssmap_ServiceHandover.BoxedType>
                  <rab_Id.BoxedType><Integer>2</Integer></rab_Id.BoxedType>
               </BSSMAP_ServiceHandoverInfo.Sequence>
            </Collection>
         </bssmap_ServiceHandoverList.C15.BoxedType>
         <asciCallReference.C20.BoxedType><TBCD_STRING.BoxedType><Bytes>08307490f3
                  <field name="digits" value="800347093" type="Number_BCD" length="9"/>
               </Bytes></TBCD_STRING.BoxedType></asciCallReference.C20.BoxedType>
         <geran_classmark.C16.BoxedType><Bytes>adaa6f4158</Bytes></geran_classmark.C16.BoxedType>
         <iuCurrentlyUsedCodec.C17.BoxedType><Bytes>5f</Bytes></iuCurrentlyUsedCodec.C17.BoxedType>
         <iuSupportedCodecsList.C18.Sequence>
            <utranCodecList.C0.Sequence>
               <codec1.C1.BoxedType><Bytes>49</Bytes></codec1.C1.BoxedType>
               <codec2.C2.BoxedType><Bytes>f4465db77825f9</Bytes></codec2.C2.BoxedType>
               <codec3.C3.BoxedType><Bytes>33cab920a4cf86</Bytes></codec3.C3.BoxedType>
               <codec4.C4.BoxedType><Bytes>ba0ab1</Bytes></codec4.C4.BoxedType>
               <codec5.C5.BoxedType><Bytes>08d9511c</Bytes></codec5.C5.BoxedType>
               <codec6.C6.BoxedType><Bytes>0eae5040d432</Bytes></codec6.C6.BoxedType>
               <codec7.C7.BoxedType><Bytes>525a11</Bytes></codec7.C7.BoxedType>
               <codec8.C8.BoxedType><Bytes>33d967c82e</Bytes></codec8.C8.BoxedType>
               <extensionContainer.C9.Sequence>
                  <privateExtensionList.C0.BoxedType>
                     <Collection>
                        <PrivateExtension.Sequence>
                           <extId><ObjectIdentifier>0.1.290.77.61.88.89</ObjectIdentifier></extId>
                           <extType>de64e4834c</extType>
                        </PrivateExtension.Sequence>
                        <PrivateExtension.Sequence>
                           <extId><ObjectIdentifier>0.1.292.27</ObjectIdentifier></extId>
                           <extType>14dd1b5b7cee5b25ba</extType>
                        </PrivateExtension.Sequence>
                        <PrivateExtension.Sequence>
                           <extId><ObjectIdentifier>0.1.271.89.0.35.104</ObjectIdentifier></extId>
                           <extType>235736a5653698f97b</extType>
                        </PrivateExtension.Sequence>
                     </Collection>
                  </privateExtensionList.C0.BoxedType>
                  <pcs_Extensions.C1.Sequence>
                     
                  </pcs_Extensions.C1.Sequence>
               </extensionContainer.C9.Sequence>
            </utranCodecList.C0.Sequence>
            <geranCodecList.C1.Sequence>
               <codec1.C1.BoxedType><Bytes>6f21c9</Bytes></codec1.C1.BoxedType>
               <codec2.C2.BoxedType><Bytes>67c4e5b2c6</Bytes></codec2.C2.BoxedType>
               <codec3.C3.BoxedType><Bytes>c9a56c8b18070389293c</Bytes></codec3.C3.BoxedType>
               <codec4.C4.BoxedType><Bytes>992d8071348109ec</Bytes></codec4.C4.BoxedType>
               <codec5.C5.BoxedType><Bytes>e3dfce928fa965</Bytes></codec5.C5.BoxedType>
               <codec6.C6.BoxedType><Bytes>070dfd0017a1c4</Bytes></codec6.C6.BoxedType>
               <codec7.C7.BoxedType><Bytes>1e42f4d8322bcf4c</Bytes></codec7.C7.BoxedType>
               <codec8.C8.BoxedType><Bytes>550ad9ff5874</Bytes></codec8.C8.BoxedType>
               <extensionContainer.C9.Sequence>
                  <privateExtensionList.C0.BoxedType>
                     <Collection>
                        <PrivateExtension.Sequence>
                           <extId><ObjectIdentifier>0.1.27.21.65</ObjectIdentifier></extId>
                           <extType>61be2a410f6783</extType>
                        </PrivateExtension.Sequence>
                        <PrivateExtension.Sequence>
                           <extId><ObjectIdentifier>0.1.239.73.22.46</ObjectIdentifier></extId>
                           <extType>a692211dd09a5cf1</extType>
                        </PrivateExtension.Sequence>
                        <PrivateExtension.Sequence>
                           <extId><ObjectIdentifier>0.1.2101.15</ObjectIdentifier></extId>
                           <extType>6d</extType>
                        </PrivateExtension.Sequence>
                     </Collection>
                  </privateExtensionList.C0.BoxedType>
                  <pcs_Extensions.C1.Sequence>
                     
                  </pcs_Extensions.C1.Sequence>
               </extensionContainer.C9.Sequence>
            </geranCodecList.C1.Sequence>
            <extensionContainer.C2.Sequence>
               <privateExtensionList.C0.BoxedType>
                  <Collection>
                     <PrivateExtension.Sequence>
                        <extId><ObjectIdentifier>0.1.219.77.89.115.128.28.27</ObjectIdentifier></extId>
                        <extType>853feea7ec17</extType>
                     </PrivateExtension.Sequence>
                     <PrivateExtension.Sequence>
                        <extId><ObjectIdentifier>0.1.232.87.7.30.99.100.127</ObjectIdentifier></extId>
                        <extType>9d945ebdc191</extType>
                     </PrivateExtension.Sequence>
                     <PrivateExtension.Sequence>
                        <extId><ObjectIdentifier>0.1.2100.125.35.19.61</ObjectIdentifier></extId>
                        <extType>e75c5c548ef2971b6c</extType>
                     </PrivateExtension.Sequence>
                  </Collection>
               </privateExtensionList.C0.BoxedType>
               <pcs_Extensions.C1.Sequence>
                  
               </pcs_Extensions.C1.Sequence>
            </extensionContainer.C2.Sequence>
         </iuSupportedCodecsList.C18.Sequence>
         <rab_ConfigurationIndicator.C19></rab_ConfigurationIndicator.C19>
         <uesbi_Iu.C21.Sequence>
            <uesbi_IuA.C0.BoxedType><BitString><BitString value="f36f9e6c10" trailing="0"/></BitString></uesbi_IuA.C0.BoxedType>
            <uesbi_IuB.C1.BoxedType><BitString><BitString value="fc83" trailing="0"/></BitString></uesbi_IuB.C1.BoxedType>
         </uesbi_Iu.C21.Sequence>
         <imeisv.C22.BoxedType><TBCD_STRING.BoxedType><Bytes>6129871803
                  <field name="digits" value="1692788130" type="Number_BCD" length="10"/>
               </Bytes></TBCD_STRING.BoxedType></imeisv.C22.BoxedType>
         <alternativeChannelType.C23.BoxedType><Bytes>44a9e6efd60bb7a7</Bytes></alternativeChannelType.C23.BoxedType>
         <tracePropagationList.C25.Sequence>
            <traceReference.C0.BoxedType><Bytes>9c2b1de48a43ae0b</Bytes></traceReference.C0.BoxedType>
            <traceType.C1.BoxedType><Integer>1</Integer></traceType.C1.BoxedType>
            <traceReference2.C2.BoxedType><Bytes>4d3f</Bytes></traceReference2.C2.BoxedType>
            <traceRecordingSessionReference.C3.BoxedType><Bytes>3b3c6d29fc53b1b4</Bytes></traceRecordingSessionReference.C3.BoxedType>
            <rnc_TraceDepth.C4.Enum>
               <EnumType>medium.1</EnumType>
            </rnc_TraceDepth.C4.Enum>
            <rnc_InterfaceList.C5.BoxedType><BitString><BitString value="2a582d5dcd934e40536332fb" trailing="0"/></BitString></rnc_InterfaceList.C5.BoxedType>
            <msc_s_TraceDepth.C6.Enum>
               <EnumType>medium.1</EnumType>
            </msc_s_TraceDepth.C6.Enum>
            <msc_s_InterfaceList.C7.BoxedType><BitString><BitString value="ddbe55eacc" trailing="0"/></BitString></msc_s_InterfaceList.C7.BoxedType>
            <msc_s_EventList.C8.BoxedType><BitString><BitString value="1ce9eb594dd629d7f6ae" trailing="0"/></BitString></msc_s_EventList.C8.BoxedType>
            <mgw_TraceDepth.C9.Enum>
               <EnumType>medium.1</EnumType>
            </mgw_TraceDepth.C9.Enum>
            <mgw_InterfaceList.C10.BoxedType><BitString><BitString value="02b983c64629b80a" trailing="0"/></BitString></mgw_InterfaceList.C10.BoxedType>
            <mgw_EventList.C11.BoxedType><BitString><BitString value="62ea6522c828855ba0f5a3cd6774b6d2" trailing="0"/></BitString></mgw_EventList.C11.BoxedType>
            <rnc_TraceDepthExtension.C12.Enum>
               <EnumType>minimumWithoutVendorSpecificExtension.0</EnumType>
            </rnc_TraceDepthExtension.C12.Enum>
            <msc_s_TraceDepthExtension.C13.Enum>
               <EnumType>maximumWithoutVendorSpecificExtension.2</EnumType>
            </msc_s_TraceDepthExtension.C13.Enum>
            <mgw_TraceDepthExtension.C14.Enum>
               <EnumType>mediumWithoutVendorSpecificExtension.1</EnumType>
            </mgw_TraceDepthExtension.C14.Enum>
         </tracePropagationList.C25.Sequence>
         <aoipSupportedCodecsListAnchor.C26.Sequence>
            <codec1.C1.BoxedType><Bytes>f364701541</Bytes></codec1.C1.BoxedType>
            <codec2.C2.BoxedType><Bytes>8221c28ef5</Bytes></codec2.C2.BoxedType>
            <codec3.C3.BoxedType><Bytes>547d9b61a0</Bytes></codec3.C3.BoxedType>
            <codec4.C4.BoxedType><Bytes>58922da224dd</Bytes></codec4.C4.BoxedType>
            <codec5.C5.BoxedType><Bytes>a1e46d740c7393e39d</Bytes></codec5.C5.BoxedType>
            <codec6.C6.BoxedType><Bytes>b5e767f3f7ab</Bytes></codec6.C6.BoxedType>
            <codec7.C7.BoxedType><Bytes>a9f897ca9ab43092</Bytes></codec7.C7.BoxedType>
            <codec8.C8.BoxedType><Bytes>e95d48f9c1ed34ce</Bytes></codec8.C8.BoxedType>
            <extensionContainer.C9.Sequence>
               <privateExtensionList.C0.BoxedType>
                  <Collection>
                     <PrivateExtension.Sequence>
                        <extId><ObjectIdentifier>0.1.258</ObjectIdentifier></extId>
                        <extType>1f3c110f4ed00f11d7</extType>
                     </PrivateExtension.Sequence>
                     <PrivateExtension.Sequence>
                        <extId><ObjectIdentifier>0.1.24</ObjectIdentifier></extId>
                        <extType>328c619c9838</extType>
                     </PrivateExtension.Sequence>
                     <PrivateExtension.Sequence>
                        <extId><ObjectIdentifier>0.1.2124.120.102.10.112.85.8</ObjectIdentifier></extId>
                        <extType>00d314b9e469eff0a3</extType>
                     </PrivateExtension.Sequence>
                  </Collection>
               </privateExtensionList.C0.BoxedType>
               <pcs_Extensions.C1.Sequence>
                  
               </pcs_Extensions.C1.Sequence>
            </extensionContainer.C9.Sequence>
         </aoipSupportedCodecsListAnchor.C26.Sequence>
         <regionalSubscriptionData.C27.BoxedType>
            <Collection>
               <ZoneCode.BoxedType><Bytes>320d2737d5</Bytes></ZoneCode.BoxedType>
               <ZoneCode.BoxedType><Bytes>b2c5d4818fe82cb367</Bytes></ZoneCode.BoxedType>
               <ZoneCode.BoxedType><Bytes>5615cc88</Bytes></ZoneCode.BoxedType>
            </Collection>
         </regionalSubscriptionData.C27.BoxedType>
         <lclsGlobalCallReference.C28.BoxedType><Bytes>b19b8258f3f39b76ce3e</Bytes></lclsGlobalCallReference.C28.BoxedType>
         <lcls_Negotiation.C29.BoxedType><BitString><BitString value="daeefc4f34a764" trailing="0"/></BitString></lcls_Negotiation.C29.BoxedType>
         <lcls_Configuration_Preference.C30.BoxedType><BitString><BitString value="684cf48e" trailing="0"/></BitString></lcls_Configuration_Preference.C30.BoxedType>
         <csg_SubscriptionDataList.C31.BoxedType>
            <Collection>
               <CSG_SubscriptionData.Sequence>
                  <csg_Id.BoxedType><BitString><BitString value="1000" trailing="0"/></BitString></csg_Id.BoxedType>
                  <expirationDate.BoxedType><Bytes>1aa945fa4f</Bytes></expirationDate.BoxedType>
                  <extensionContainer.Sequence>
                     <privateExtensionList.C0.BoxedType>
                        <Collection>
                           <PrivateExtension.Sequence>
                              <extId><ObjectIdentifier>0.1.275.125.11.108.1.128.60</ObjectIdentifier></extId>
                              <extType>21d1</extType>
                           </PrivateExtension.Sequence>
                           <PrivateExtension.Sequence>
                              <extId><ObjectIdentifier>0.1.263.8.69.93.39.76.84</ObjectIdentifier></extId>
                              <extType>f577c8e36390</extType>
                           </PrivateExtension.Sequence>
                           <PrivateExtension.Sequence>
                              <extId><ObjectIdentifier>0.1.260.82.1.47.87</ObjectIdentifier></extId>
                              <extType>c38cd643e53697ca</extType>
                           </PrivateExtension.Sequence>
                        </Collection>
                     </privateExtensionList.C0.BoxedType>
                     <pcs_Extensions.C1.Sequence>
                        
                     </pcs_Extensions.C1.Sequence>
                  </extensionContainer.Sequence>
                  <lipa_AllowedAPNList.C0.BoxedType>
                     <Collection>
                        <APN.BoxedType><Bytes>52344b376e37
                              <field name="DNS string" value="R4K7n7" type="String" length="6"/>
                           </Bytes></APN.BoxedType>
                        <APN.BoxedType><Bytes>42684b6a43376a79
                              <field name="DNS string" value="BhKjC7jy" type="String" length="8"/>
                           </Bytes></APN.BoxedType>
                        <APN.BoxedType><Bytes>6b784d795166426b747a
                              <field name="DNS string" value="kxMyQfBktz" type="String" length="10"/>
                           </Bytes></APN.BoxedType>
                     </Collection>
                  </lipa_AllowedAPNList.C0.BoxedType>
                  <plmn_Id.C1.BoxedType><Bytes>88e7e4</Bytes></plmn_Id.C1.BoxedType>
               </CSG_SubscriptionData.Sequence>
               <CSG_SubscriptionData.Sequence>
                  <csg_Id.BoxedType><BitString><BitString value="2c0647a7064e7ad909" trailing="0"/></BitString></csg_Id.BoxedType>
                  <expirationDate.BoxedType><Bytes>dbfa685ce69648</Bytes></expirationDate.BoxedType>
                  <extensionContainer.Sequence>
                     <privateExtensionList.C0.BoxedType>
                        <Collection>
                           <PrivateExtension.Sequence>
                              <extId><ObjectIdentifier>0.1.2119.74.84.2.89.62</ObjectIdentifier></extId>
                              <extType>77bf01502f</extType>
                           </PrivateExtension.Sequence>
                           <PrivateExtension.Sequence>
                              <extId><ObjectIdentifier>0.1.2121</ObjectIdentifier></extId>
                              <extType>c242bb57c7</extType>
                           </PrivateExtension.Sequence>
                           <PrivateExtension.Sequence>
                              <extId><ObjectIdentifier>0.1.224.21.17.119.80.7.98.98</ObjectIdentifier></extId>
                              <extType>584801c4</extType>
                           </PrivateExtension.Sequence>
                        </Collection>
                     </privateExtensionList.C0.BoxedType>
                     <pcs_Extensions.C1.Sequence>
                        
                     </pcs_Extensions.C1.Sequence>
                  </extensionContainer.Sequence>
                  <lipa_AllowedAPNList.C0.BoxedType>
                     <Collection>
                        <APN.BoxedType><Bytes>734236
                              <field name="DNS string" value="sB6" type="String" length="3"/>
                           </Bytes></APN.BoxedType>
                        <APN.BoxedType><Bytes>7673677757797165
                              <field name="DNS string" value="vsgwWyqe" type="String" length="8"/>
                           </Bytes></APN.BoxedType>
                        <APN.BoxedType><Bytes>614a67
                              <field name="DNS string" value="aJg" type="String" length="3"/>
                           </Bytes></APN.BoxedType>
                     </Collection>
                  </lipa_AllowedAPNList.C0.BoxedType>
                  <plmn_Id.C1.BoxedType><Bytes>98fd49</Bytes></plmn_Id.C1.BoxedType>
               </CSG_SubscriptionData.Sequence>
               <CSG_SubscriptionData.Sequence>
                  <csg_Id.BoxedType><BitString><BitString value="3b99420ad165f76eecb1d68cb15b699fff8217" trailing="0"/></BitString></csg_Id.BoxedType>
                  <expirationDate.BoxedType><Bytes>2fb0908cebd9970d49</Bytes></expirationDate.BoxedType>
                  <extensionContainer.Sequence>
                     <privateExtensionList.C0.BoxedType>
                        <Collection>
                           <PrivateExtension.Sequence>
                              <extId><ObjectIdentifier>0.1.2119.103.75.37.19.36.126.57.114</ObjectIdentifier></extId>
                              <extType>edb1c81cb0fcee20c857</extType>
                           </PrivateExtension.Sequence>
                           <PrivateExtension.Sequence>
                              <extId><ObjectIdentifier>0.1.25.83.108.100.78</ObjectIdentifier></extId>
                              <extType>16b446</extType>
                           </PrivateExtension.Sequence>
                           <PrivateExtension.Sequence>
                              <extId><ObjectIdentifier>0.1.214.8.48</ObjectIdentifier></extId>
                              <extType>0eba2a23</extType>
                           </PrivateExtension.Sequence>
                        </Collection>
                     </privateExtensionList.C0.BoxedType>
                     <pcs_Extensions.C1.Sequence>
                        
                     </pcs_Extensions.C1.Sequence>
                  </extensionContainer.Sequence>
                  <lipa_AllowedAPNList.C0.BoxedType>
                     <Collection>
                        <APN.BoxedType><Bytes>466e5537457764627a
                              <field name="DNS string" value="FnU7Ewdbz" type="String" length="9"/>
                           </Bytes></APN.BoxedType>
                        <APN.BoxedType><Bytes>3652484f774a783936
                              <field name="DNS string" value="6RHOwJx96" type="String" length="9"/>
                           </Bytes></APN.BoxedType>
                        <APN.BoxedType><Bytes>69457673584a4964
                              <field name="DNS string" value="iEvsXJId" type="String" length="8"/>
                           </Bytes></APN.BoxedType>
                     </Collection>
                  </lipa_AllowedAPNList.C0.BoxedType>
                  <plmn_Id.C1.BoxedType><Bytes>a596</Bytes></plmn_Id.C1.BoxedType>
               </CSG_SubscriptionData.Sequence>
            </Collection>
         </csg_SubscriptionDataList.C31.BoxedType>
      </PrepareHO_ArgSequenceType.C3.Sequence></PrepareHO_Arg.BoxedType>
</ASN>