<?xml version="1.0" encoding="ISO-8859-15"?>

<ASN layer="CAP">
   <PrepareHO_Res.BoxedType><PrepareHO_ResSequenceType.C3.Sequence>
         <handoverNumber.C0.BoxedType><AddressString.BoxedType><Bytes>5904795054f0
                  <field name="extension" value="extension:0" type="EnumLong" lengthBit="1"/>
                  <field name="nature of address" value="reserved:5" type="EnumLong" lengthBit="3"/>
                  <field name="numbering plan" value="private numbering plan:9" type="EnumLong" lengthBit="4"/>
                  <field name="digits" value="409705450" type="Number_BCD" length="9"/>
               </Bytes></AddressString.BoxedType></handoverNumber.C0.BoxedType>
         <relocationNumberList.C1.BoxedType>
            <Collection>
               <RelocationNumber.Sequence>
                  <handoverNumber.BoxedType><AddressString.BoxedType><Bytes>497143852745
                           <field name="extension" value="extension:0" type="EnumLong" lengthBit="1"/>
                           <field name="nature of address" value="subscriber number:4" type="EnumLong" lengthBit="3"/>
                           <field name="numbering plan" value="private numbering plan:9" type="EnumLong" lengthBit="4"/>
                           <field name="digits" value="1734587254" type="Number_BCD" length="10"/>
                        </Bytes></AddressString.BoxedType></handoverNumber.BoxedType>
                  <rab_Id.BoxedType><Integer>0</Integer></rab_Id.BoxedType>
               </RelocationNumber.Sequence>
               <RelocationNumber.Sequence>
                  <handoverNumber.BoxedType><AddressString.BoxedType><Bytes>2805834781f5
                           <field name="extension" value="extension:0" type="EnumLong" lengthBit="1"/>
                           <field name="nature of address" value="national significant number:2" type="EnumLong" lengthBit="3"/>
                           <field name="numbering plan" value="national numbering plan:8" type="EnumLong" lengthBit="4"/>
                           <field name="digits" value="503874185" type="Number_BCD" length="9"/>
                        </Bytes></AddressString.BoxedType></handoverNumber.BoxedType>
                  <rab_Id.BoxedType><Integer>2</Integer></rab_Id.BoxedType>
               </RelocationNumber.Sequence>
               <RelocationNumber.Sequence>
                  <handoverNumber.BoxedType><AddressString.BoxedType><Bytes>f186629346f0
                           <field name="extension" value="no extension:1" type="EnumLong" lengthBit="1"/>
                           <field name="nature of address" value="reserved for extension:7" type="EnumLong" lengthBit="3"/>
                           <field name="numbering plan" value="ISDN/Telephony Numbering Plan (Rec ITU-T E.164):1" type="EnumLong" lengthBit="4"/>
                           <field name="digits" value="682639640" type="Number_BCD" length="9"/>
                        </Bytes></AddressString.BoxedType></handoverNumber.BoxedType>
                  <rab_Id.BoxedType><Integer>2</Integer></rab_Id.BoxedType>
               </RelocationNumber.Sequence>
            </Collection>
         </relocationNumberList.C1.BoxedType>
         <an_APDU.C2.Sequence>
            <accessNetworkProtocolId.Enum>
               <EnumType>ts3G_48006.1</EnumType>
            </accessNetworkProtocolId.Enum>
            <signalInfo.BoxedType><Bytes>d5f8045d085d9e</Bytes></signalInfo.BoxedType>
            <extensionContainer.Sequence>
               <privateExtensionList.C0.BoxedType>
                  <Collection>
                     <PrivateExtension.Sequence>
                        <extId><ObjectIdentifier>0.1.2</ObjectIdentifier></extId>
                        <extType>3788012bbc67ee7c</extType>
                     </PrivateExtension.Sequence>
                     <PrivateExtension.Sequence>
                        <extId><ObjectIdentifier>0.1.295.115.68.35.50.104.86.91.53</ObjectIdentifier></extId>
                        <extType>836cb398ec4fe9</extType>
                     </PrivateExtension.Sequence>
                     <PrivateExtension.Sequence>
                        <extId><ObjectIdentifier>0.1.288.108.28.48.75.29.105.20.50</ObjectIdentifier></extId>
                        <extType>b386e0d426</extType>
                     </PrivateExtension.Sequence>
                  </Collection>
               </privateExtensionList.C0.BoxedType>
               <pcs_Extensions.C1.Sequence>
                  
               </pcs_Extensions.C1.Sequence>
            </extensionContainer.Sequence>
         </an_APDU.C2.Sequence>
         <multicallBearerInfo.C3.BoxedType><Integer>1</Integer></multicallBearerInfo.C3.BoxedType>
         <multipleBearerNotSupported></multipleBearerNotSupported>
         <selectedUMTS_Algorithms.C5.Sequence>
            <integrityProtectionAlgorithm.C0.BoxedType><Bytes>0621efa007ab4c</Bytes></integrityProtectionAlgorithm.C0.BoxedType>
            <encryptionAlgorithm.C1.BoxedType><Bytes>5e9a5e92ac4ab7</Bytes></encryptionAlgorithm.C1.BoxedType>
            <extensionContainer.C2.Sequence>
               <privateExtensionList.C0.BoxedType>
                  <Collection>
                     <PrivateExtension.Sequence>
                        <extId><ObjectIdentifier>0.1.2123.60</ObjectIdentifier></extId>
                        <extType>1a9905d90248</extType>
                     </PrivateExtension.Sequence>
                     <PrivateExtension.Sequence>
                        <extId><ObjectIdentifier>0.1.233</ObjectIdentifier></extId>
                        <extType>1b2ff464</extType>
                     </PrivateExtension.Sequence>
                     <PrivateExtension.Sequence>
                        <extId><ObjectIdentifier>0.1.2</ObjectIdentifier></extId>
                        <extType>a3b9ed18081a</extType>
                     </PrivateExtension.Sequence>
                  </Collection>
               </privateExtensionList.C0.BoxedType>
               <pcs_Extensions.C1.Sequence>
                  
               </pcs_Extensions.C1.Sequence>
            </extensionContainer.C2.Sequence>
         </selectedUMTS_Algorithms.C5.Sequence>
         <chosenRadioResourceInformation.C6.Sequence>
            <chosenChannelInfo.C0.BoxedType><Bytes>3f3b2c039c</Bytes></chosenChannelInfo.C0.BoxedType>
            <chosenSpeechVersion.C1.BoxedType><Bytes>83a6b6cea8</Bytes></chosenSpeechVersion.C1.BoxedType>
         </chosenRadioResourceInformation.C6.Sequence>
         <extensionContainer.C4.Sequence>
            <privateExtensionList.C0.BoxedType>
               <Collection>
                  <PrivateExtension.Sequence>
                     <extId><ObjectIdentifier>0.1.27.50.71.49</ObjectIdentifier></extId>
                     <extType>e24adfcfa99d5be7baaf</extType>
                  </PrivateExtension.Sequence>
                  <PrivateExtension.Sequence>
                     <extId><ObjectIdentifier>0.1.2121.7.78.100.34.95.116.20</ObjectIdentifier></extId>
                     <extType>08fe9700e5</extType>
                  </PrivateExtension.Sequence>
                  <PrivateExtension.Sequence>
                     <extId><ObjectIdentifier>0.1.246.44.71.36.30.91.79</ObjectIdentifier></extId>
                     <extType>fb7f1d72047d3e9608eb</extType>
                  </PrivateExtension.Sequence>
               </Collection>
            </privateExtensionList.C0.BoxedType>
            <pcs_Extensions.C1.Sequence>
               
            </pcs_Extensions.C1.Sequence>
         </extensionContainer.C4.Sequence>
         <iuSelectedCodec.C7.BoxedType><Bytes>1b5ba28f7d4ee4d4</Bytes></iuSelectedCodec.C7.BoxedType>
         <iuAvailableCodecsList.C8.Sequence>
            <codec1.C1.BoxedType><Bytes>4266604e9a10fda652</Bytes></codec1.C1.BoxedType>
            <codec2.C2.BoxedType><Bytes>38b02f24123b22</Bytes></codec2.C2.BoxedType>
            <codec3.C3.BoxedType><Bytes>dd49</Bytes></codec3.C3.BoxedType>
            <codec4.C4.BoxedType><Bytes>972baf3a21c9b4a8</Bytes></codec4.C4.BoxedType>
            <codec5.C5.BoxedType><Bytes>63b836fadfdfe43a</Bytes></codec5.C5.BoxedType>
            <codec6.C6.BoxedType><Bytes>60e0de73564e90b7e8</Bytes></codec6.C6.BoxedType>
            <codec7.C7.BoxedType><Bytes>b08fff0e</Bytes></codec7.C7.BoxedType>
            <codec8.C8.BoxedType><Bytes>346848311fbce7723cb5</Bytes></codec8.C8.BoxedType>
            <extensionContainer.C9.Sequence>
               <privateExtensionList.C0.BoxedType>
                  <Collection>
                     <PrivateExtension.Sequence>
                        <extId><ObjectIdentifier>0.1.292.80</ObjectIdentifier></extId>
                        <extType>72b5f66dca8e85b1</extType>
                     </PrivateExtension.Sequence>
                     <PrivateExtension.Sequence>
                        <extId><ObjectIdentifier>0.1.291.128.0.59.58</ObjectIdentifier></extId>
                        <extType>bad90e0d50b0f382</extType>
                     </PrivateExtension.Sequence>
                     <PrivateExtension.Sequence>
                        <extId><ObjectIdentifier>0.1.257.26.110.102.94.24.108.12.30.110</ObjectIdentifier></extId>
                        <extType>b24a02e0</extType>
                     </PrivateExtension.Sequence>
                  </Collection>
               </privateExtensionList.C0.BoxedType>
               <pcs_Extensions.C1.Sequence>
                  
               </pcs_Extensions.C1.Sequence>
            </extensionContainer.C9.Sequence>
         </iuAvailableCodecsList.C8.Sequence>
         <aoipSelectedCodecTarget.C9.BoxedType><Bytes>a31d5407</Bytes></aoipSelectedCodecTarget.C9.BoxedType>
         <aoipAvailableCodecsListMap.C10.Sequence>
            <codec1.C1.BoxedType><Bytes>cddd14f6b1fc</Bytes></codec1.C1.BoxedType>
            <codec2.C2.BoxedType><Bytes>0b319397df6fb1c290</Bytes></codec2.C2.BoxedType>
            <codec3.C3.BoxedType><Bytes>f97ae4d537479558</Bytes></codec3.C3.BoxedType>
            <codec4.C4.BoxedType><Bytes>66a8fe37b5dbf93a08</Bytes></codec4.C4.BoxedType>
            <codec5.C5.BoxedType><Bytes>1a3aa608</Bytes></codec5.C5.BoxedType>
            <codec6.C6.BoxedType><Bytes>0df44d024f7537810b</Bytes></codec6.C6.BoxedType>
            <codec7.C7.BoxedType><Bytes>371ecc82d7</Bytes></codec7.C7.BoxedType>
            <codec8.C8.BoxedType><Bytes>e1dafc1d97f35578cd</Bytes></codec8.C8.BoxedType>
            <extensionContainer.C9.Sequence>
               <privateExtensionList.C0.BoxedType>
                  <Collection>
                     <PrivateExtension.Sequence>
                        <extId><ObjectIdentifier>0.1.251.118.105.98.22.107.59.116.89.7</ObjectIdentifier></extId>
                        <extType>5015e2850a75</extType>
                     </PrivateExtension.Sequence>
                     <PrivateExtension.Sequence>
                        <extId><ObjectIdentifier>0.1.291</ObjectIdentifier></extId>
                        <extType>9653bd6c</extType>
                     </PrivateExtension.Sequence>
                     <PrivateExtension.Sequence>
                        <extId><ObjectIdentifier>0.1.2115.90.83.72.8</ObjectIdentifier></extId>
                        <extType>0d5915817a</extType>
                     </PrivateExtension.Sequence>
                  </Collection>
               </privateExtensionList.C0.BoxedType>
               <pcs_Extensions.C1.Sequence>
                  
               </pcs_Extensions.C1.Sequence>
            </extensionContainer.C9.Sequence>
         </aoipAvailableCodecsListMap.C10.Sequence>
      </PrepareHO_ResSequenceType.C3.Sequence></PrepareHO_Res.BoxedType>
</ASN>