<?xml version="1.0" encoding="ISO-8859-15"?>

<ASN layer="CAP">
   <ProcessAccessSignalling_Arg.BoxedType><ProcessAccessSignalling_ArgSequenceType.C3.Sequence>
         <an_APDU.Sequence>
            <accessNetworkProtocolId.Enum>
               <EnumType>ts3G_25413.2</EnumType>
            </accessNetworkProtocolId.Enum>
            <signalInfo.BoxedType><Bytes>b93482b5</Bytes></signalInfo.BoxedType>
            <extensionContainer.Sequence>
               <privateExtensionList.C0.BoxedType>
                  <Collection>
                     <PrivateExtension.Sequence>
                        <extId><ObjectIdentifier>0.1.229.97.125.108.67.115</ObjectIdentifier></extId>
                        <extType>e963</extType>
                     </PrivateExtension.Sequence>
                     <PrivateExtension.Sequence>
                        <extId><ObjectIdentifier>0.1.2110.13.51.74.38</ObjectIdentifier></extId>
                        <extType>ac438d7300a0df</extType>
                     </PrivateExtension.Sequence>
                     <PrivateExtension.Sequence>
                        <extId><ObjectIdentifier>0.1.236.82</ObjectIdentifier></extId>
                        <extType>e7412a525c187a</extType>
                     </PrivateExtension.Sequence>
                  </Collection>
               </privateExtensionList.C0.BoxedType>
               <pcs_Extensions.C1.Sequence>
                  
               </pcs_Extensions.C1.Sequence>
            </extensionContainer.Sequence>
         </an_APDU.Sequence>
         <selectedUMTS_Algorithms.C1.Sequence>
            <integrityProtectionAlgorithm.C0.BoxedType><Bytes>724b94</Bytes></integrityProtectionAlgorithm.C0.BoxedType>
            <encryptionAlgorithm.C1.BoxedType><Bytes>617fd63c519a24</Bytes></encryptionAlgorithm.C1.BoxedType>
            <extensionContainer.C2.Sequence>
               <privateExtensionList.C0.BoxedType>
                  <Collection>
                     <PrivateExtension.Sequence>
                        <extId><ObjectIdentifier>0.1.269.77.65.123.43.23.103.69</ObjectIdentifier></extId>
                        <extType>b75d</extType>
                     </PrivateExtension.Sequence>
                     <PrivateExtension.Sequence>
                        <extId><ObjectIdentifier>0.1.243.13.20.94.54</ObjectIdentifier></extId>
                        <extType>6b5d8f705d5de9</extType>
                     </PrivateExtension.Sequence>
                     <PrivateExtension.Sequence>
                        <extId><ObjectIdentifier>0.1.230.69.93.101.54</ObjectIdentifier></extId>
                        <extType>21d8</extType>
                     </PrivateExtension.Sequence>
                  </Collection>
               </privateExtensionList.C0.BoxedType>
               <pcs_Extensions.C1.Sequence>
                  
               </pcs_Extensions.C1.Sequence>
            </extensionContainer.C2.Sequence>
         </selectedUMTS_Algorithms.C1.Sequence>
         <selectedGSM_Algorithm.C2.BoxedType><Bytes>45</Bytes></selectedGSM_Algorithm.C2.BoxedType>
         <chosenRadioResourceInformation.C3.Sequence>
            <chosenChannelInfo.C0.BoxedType><Bytes>bb424a217d4bc219c1dd</Bytes></chosenChannelInfo.C0.BoxedType>
            <chosenSpeechVersion.C1.BoxedType><Bytes>01eb46afaca33dd5c91e</Bytes></chosenSpeechVersion.C1.BoxedType>
         </chosenRadioResourceInformation.C3.Sequence>
         <selectedRab_Id.C4.BoxedType><Integer>1</Integer></selectedRab_Id.C4.BoxedType>
         <extensionContainer.C0.Sequence>
            <privateExtensionList.C0.BoxedType>
               <Collection>
                  <PrivateExtension.Sequence>
                     <extId><ObjectIdentifier>0.1.2127.22.70.104.99.78</ObjectIdentifier></extId>
                     <extType>15fae7018ce4c8e49f</extType>
                  </PrivateExtension.Sequence>
                  <PrivateExtension.Sequence>
                     <extId><ObjectIdentifier>0.1.213.9.104.32</ObjectIdentifier></extId>
                     <extType>5cb1a1a56b94e0</extType>
                  </PrivateExtension.Sequence>
                  <PrivateExtension.Sequence>
                     <extId><ObjectIdentifier>0.1.2114.47.59.77.58.7</ObjectIdentifier></extId>
                     <extType>a6b13323139f</extType>
                  </PrivateExtension.Sequence>
               </Collection>
            </privateExtensionList.C0.BoxedType>
            <pcs_Extensions.C1.Sequence>
               
            </pcs_Extensions.C1.Sequence>
         </extensionContainer.C0.Sequence>
         <iUSelectedCodec.C5.BoxedType><Bytes>3ca3</Bytes></iUSelectedCodec.C5.BoxedType>
         <iuAvailableCodecsList.C6.Sequence>
            <codec1.C1.BoxedType><Bytes>81</Bytes></codec1.C1.BoxedType>
            <codec2.C2.BoxedType><Bytes>77c9b4c65da3</Bytes></codec2.C2.BoxedType>
            <codec3.C3.BoxedType><Bytes>a8a22fcc</Bytes></codec3.C3.BoxedType>
            <codec4.C4.BoxedType><Bytes>abe63fd16b7e</Bytes></codec4.C4.BoxedType>
            <codec5.C5.BoxedType><Bytes>7ff83c633a</Bytes></codec5.C5.BoxedType>
            <codec6.C6.BoxedType><Bytes>6210de58b021</Bytes></codec6.C6.BoxedType>
            <codec7.C7.BoxedType><Bytes>20b02c49</Bytes></codec7.C7.BoxedType>
            <codec8.C8.BoxedType><Bytes>7744326807324046</Bytes></codec8.C8.BoxedType>
            <extensionContainer.C9.Sequence>
               <privateExtensionList.C0.BoxedType>
                  <Collection>
                     <PrivateExtension.Sequence>
                        <extId><ObjectIdentifier>0.1.28.43.48.121.47.45</ObjectIdentifier></extId>
                        <extType>c7bb6895c2</extType>
                     </PrivateExtension.Sequence>
                     <PrivateExtension.Sequence>
                        <extId><ObjectIdentifier>0.1.26.76.113.116.26.123.94</ObjectIdentifier></extId>
                        <extType>05a371d88bb6</extType>
                     </PrivateExtension.Sequence>
                     <PrivateExtension.Sequence>
                        <extId><ObjectIdentifier>0.1.22.87.29.105.94.107.92.87</ObjectIdentifier></extId>
                        <extType>d892c11afe</extType>
                     </PrivateExtension.Sequence>
                  </Collection>
               </privateExtensionList.C0.BoxedType>
               <pcs_Extensions.C1.Sequence>
                  
               </pcs_Extensions.C1.Sequence>
            </extensionContainer.C9.Sequence>
         </iuAvailableCodecsList.C6.Sequence>
         <aoipSelectedCodecTarget.C7.BoxedType><Bytes>b9cc</Bytes></aoipSelectedCodecTarget.C7.BoxedType>
         <aoipAvailableCodecsListMap.C8.Sequence>
            <codec1.C1.BoxedType><Bytes>d0246a9a58b8</Bytes></codec1.C1.BoxedType>
            <codec2.C2.BoxedType><Bytes>5aedd1c3119ba8f484</Bytes></codec2.C2.BoxedType>
            <codec3.C3.BoxedType><Bytes>3afe3f21</Bytes></codec3.C3.BoxedType>
            <codec4.C4.BoxedType><Bytes>6b96aa</Bytes></codec4.C4.BoxedType>
            <codec5.C5.BoxedType><Bytes>0dd86f78e79bdb73</Bytes></codec5.C5.BoxedType>
            <codec6.C6.BoxedType><Bytes>77</Bytes></codec6.C6.BoxedType>
            <codec7.C7.BoxedType><Bytes>e98aa9f995b77353</Bytes></codec7.C7.BoxedType>
            <codec8.C8.BoxedType><Bytes>5acbf0a817</Bytes></codec8.C8.BoxedType>
            <extensionContainer.C9.Sequence>
               <privateExtensionList.C0.BoxedType>
                  <Collection>
                     <PrivateExtension.Sequence>
                        <extId><ObjectIdentifier>0.1.236.18.80.65.97.104.68</ObjectIdentifier></extId>
                        <extType>6eb15e3e534f35</extType>
                     </PrivateExtension.Sequence>
                     <PrivateExtension.Sequence>
                        <extId><ObjectIdentifier>0.1.23.95</ObjectIdentifier></extId>
                        <extType>bb9bec61e2d4d79fe2af</extType>
                     </PrivateExtension.Sequence>
                     <PrivateExtension.Sequence>
                        <extId><ObjectIdentifier>0.1.299.10.37.22.94.109.64</ObjectIdentifier></extId>
                        <extType>73c902f0077152e253</extType>
                     </PrivateExtension.Sequence>
                  </Collection>
               </privateExtensionList.C0.BoxedType>
               <pcs_Extensions.C1.Sequence>
                  
               </pcs_Extensions.C1.Sequence>
            </extensionContainer.C9.Sequence>
         </aoipAvailableCodecsListMap.C8.Sequence>
      </ProcessAccessSignalling_ArgSequenceType.C3.Sequence></ProcessAccessSignalling_Arg.BoxedType>
</ASN>