<?xml version="1.0" encoding="ISO-8859-15"?>

<ASN layer="CAP">
   <ProcessGroupCallSignallingArg.Sequence>
      <uplinkRequest.C0></uplinkRequest.C0>
      <uplinkReleaseIndication.C1></uplinkReleaseIndication.C1>
      <releaseGroupCall.C2></releaseGroupCall.C2>
      <extensionContainer.Sequence>
         <privateExtensionList.C0.BoxedType>
            <Collection>
               <PrivateExtension.Sequence>
                  <extId><ObjectIdentifier>0.1.2121.110.39.8.41</ObjectIdentifier></extId>
                  <extType>2bd7772d5eb5eb1f</extType>
               </PrivateExtension.Sequence>
               <PrivateExtension.Sequence>
                  <extId><ObjectIdentifier>0.1.249.99.29.95.37.100.103.57.37.51</ObjectIdentifier></extId>
                  <extType>e8</extType>
               </PrivateExtension.Sequence>
               <PrivateExtension.Sequence>
                  <extId><ObjectIdentifier>0.1.292.104.5.11.49.77.30.11.50.40</ObjectIdentifier></extId>
                  <extType>582547</extType>
               </PrivateExtension.Sequence>
            </Collection>
         </privateExtensionList.C0.BoxedType>
         <pcs_Extensions.C1.Sequence>
            
         </pcs_Extensions.C1.Sequence>
      </extensionContainer.Sequence>
      <talkerPriority.C3.Enum>
         <EnumType>privileged.1</EnumType>
      </talkerPriority.C3.Enum>
      <additionalInfo.C4.BoxedType><BitString><BitString value="3fdccb" trailing="0"/></BitString></additionalInfo.C4.BoxedType>
      <emergencyModeResetCommandFlag.C5></emergencyModeResetCommandFlag.C5>
      <an_APDU.C6.Sequence>
         <accessNetworkProtocolId.Enum>
            <EnumType>ts3G_25413.2</EnumType>
         </accessNetworkProtocolId.Enum>
         <signalInfo.BoxedType><Bytes>66b92e1e75</Bytes></signalInfo.BoxedType>
         <extensionContainer.Sequence>
            <privateExtensionList.C0.BoxedType>
               <Collection>
                  <PrivateExtension.Sequence>
                     <extId><ObjectIdentifier>0.1.299.82.23.17.52.44.95</ObjectIdentifier></extId>
                     <extType>0a841c4b4569</extType>
                  </PrivateExtension.Sequence>
                  <PrivateExtension.Sequence>
                     <extId><ObjectIdentifier>0.1.2114.65.51.106.77</ObjectIdentifier></extId>
                     <extType>630d165957ddfd4929</extType>
                  </PrivateExtension.Sequence>
                  <PrivateExtension.Sequence>
                     <extId><ObjectIdentifier>0.1.297.103.95.81.57.21.57.39</ObjectIdentifier></extId>
                     <extType>23c1</extType>
                  </PrivateExtension.Sequence>
               </Collection>
            </privateExtensionList.C0.BoxedType>
            <pcs_Extensions.C1.Sequence>
               
            </pcs_Extensions.C1.Sequence>
         </extensionContainer.Sequence>
      </an_APDU.C6.Sequence>
   </ProcessGroupCallSignallingArg.Sequence>
</ASN>