<?xml version="1.0" encoding="ISO-8859-15"?>

<ASN layer="CAP">
   <PromptAndCollectUserInformationArg.Sequence>
      <collectedInfo.C0.Choice><collectedDigits.C0.Sequence>
            <minimumNbOfDigits.C0d>1</minimumNbOfDigits.C0d>
            <maximumNbOfDigits.C1>2</maximumNbOfDigits.C1>
            <endOfReplyDigit.C2>aa86191ab022d2</endOfReplyDigit.C2>
            <cancelDigit.C3>1350b31e211c</cancelDigit.C3>
            <startDigit.C4>bbdb2b</startDigit.C4>
            <firstDigitTimeOut.C5>2</firstDigitTimeOut.C5>
            <interDigitTimeOut.C6>0</interDigitTimeOut.C6>
            <errorTreatment.C7d.Enum>
               <EnumType>stdErrorAndInfo.0</EnumType>
            </errorTreatment.C7d.Enum>
            <interruptableAnnInd.C8d>true:1</interruptableAnnInd.C8d>
            <voiceInformation.C9d>true:1</voiceInformation.C9d>
            <voiceBack.C10d>true:1</voiceBack.C10d>
         </collectedDigits.C0.Sequence></collectedInfo.C0.Choice>
      <disconnectFromIPForbidden.C1d>false:0</disconnectFromIPForbidden.C1d>
      <informationToSend.C2.Choice>
         <inbandInfo.C0.Sequence>
            <messageID.C0.Choice>
               <elementaryMessageID.C0.BoxedType><Integer>0</Integer></elementaryMessageID.C0.BoxedType>
               <text.C1.Sequence>
                  <messageContent.C0>CYcykQ3WlSIhpFmZMF</messageContent.C0>
                  <attributes.C1>a776e8accc040379f3</attributes.C1>
               </text.C1.Sequence>
               <Collection>
                  <elementaryMessageIDs.C29.BoxedType><Integer>0</Integer></elementaryMessageIDs.C29.BoxedType>
                  <elementaryMessageIDs.C29.BoxedType><Integer>0</Integer></elementaryMessageIDs.C29.BoxedType>
                  <elementaryMessageIDs.C29.BoxedType><Integer>2</Integer></elementaryMessageIDs.C29.BoxedType>
               </Collection>
            
               <variableMessage.C30.Sequence>
                  <elementaryMessageID.C0.BoxedType><Integer>0</Integer></elementaryMessageID.C0.BoxedType>
                  <Collection>
                     <variableParts.C1.Choice>
                        <integer.C0.BoxedType><Integer>2</Integer></integer.C0.BoxedType>
                        <number.C1.BoxedType><Bytes>0e47</Bytes></number.C1.BoxedType>
                        <time.C2>39692a6ab70b57c90a</time.C2>
                        <date.C3>aba17cdde52ce18d11</date.C3>
                        <price.C4>55</price.C4>
                     </variableParts.C1.Choice>
                     <variableParts.C1.Choice>
                        <integer.C0.BoxedType><Integer>1</Integer></integer.C0.BoxedType>
                        <number.C1.BoxedType><Bytes>1e</Bytes></number.C1.BoxedType>
                        <time.C2>4279018abd</time.C2>
                        <date.C3>df75cf</date.C3>
                        <price.C4>1085ab847fe9e9ca</price.C4>
                     </variableParts.C1.Choice>
                     <variableParts.C1.Choice>
                        <integer.C0.BoxedType><Integer>2</Integer></integer.C0.BoxedType>
                        <number.C1.BoxedType><Bytes>b8d621e387b951a794ba</Bytes></number.C1.BoxedType>
                        <time.C2>b38ee0d64054</time.C2>
                        <date.C3>8b0bd16ab2ef4953b388</date.C3>
                        <price.C4>5d4dd7e5122ebe388526</price.C4>
                     </variableParts.C1.Choice>
                  </Collection>
               
               </variableMessage.C30.Sequence>
            </messageID.C0.Choice>
            <numberOfRepetitions.C1>0</numberOfRepetitions.C1>
            <duration.C2>2</duration.C2>
            <interval.C3>1</interval.C3>
         </inbandInfo.C0.Sequence>
         <tone.C1.Sequence>
            <toneID.C0.BoxedType><Integer>0</Integer></toneID.C0.BoxedType>
            <duration.C1.BoxedType><Integer>0</Integer></duration.C1.BoxedType>
         </tone.C1.Sequence>
      </informationToSend.C2.Choice>
      <extensions.C3.BoxedType>
         <Collection>
            <ExtensionField.Sequence>
               <type.Choice>
                  <local>3258156584</local>
                  <global><ObjectIdentifier>0.1.2120.48.25.56.61.59</ObjectIdentifier></global>
               </type.Choice>
               <criticality.nulld.Enum>
                  <EnumType>abort.1</EnumType>
               </criticality.nulld.Enum>
               <NullObject.C1></NullObject.C1>
            </ExtensionField.Sequence>
            <ExtensionField.Sequence>
               <type.Choice>
                  <local>3422229953</local>
                  <global><ObjectIdentifier>0.1.252.126.70.86</ObjectIdentifier></global>
               </type.Choice>
               <criticality.nulld.Enum>
                  <EnumType>ignore.0</EnumType>
               </criticality.nulld.Enum>
               <NullObject.C1></NullObject.C1>
            </ExtensionField.Sequence>
            <ExtensionField.Sequence>
               <type.Choice>
                  <local>3118793311</local>
                  <global><ObjectIdentifier>0.1.243.50.60.121.113</ObjectIdentifier></global>
               </type.Choice>
               <criticality.nulld.Enum>
                  <EnumType>abort.1</EnumType>
               </criticality.nulld.Enum>
               <NullObject.C1></NullObject.C1>
            </ExtensionField.Sequence>
         </Collection>
      </extensions.C3.BoxedType>
      <callSegmentID.C4.BoxedType><Integer>1</Integer></callSegmentID.C4.BoxedType>
      <requestAnnouncementStartedNotification.C51d>false:0</requestAnnouncementStartedNotification.C51d>
   </PromptAndCollectUserInformationArg.Sequence>
</ASN>