<?xml version="1.0" encoding="ISO-8859-15"?>

<ASN layer="CAP">
   <ProvideRoamingNumberRes.Sequence>
      <roamingNumber.BoxedType><AddressString.BoxedType><Bytes>df06056619f5
               <field name="extension" value="no extension:1" type="EnumLong" lengthBit="1"/>
               <field name="nature of address" value="reserved:5" type="EnumLong" lengthBit="3"/>
               <field name="numbering plan" value="reserved for extension:15" type="EnumLong" lengthBit="4"/>
               <field name="digits" value="605066915" type="Number_BCD" length="9"/>
            </Bytes></AddressString.BoxedType></roamingNumber.BoxedType>
      <extensionContainer.Sequence>
         <privateExtensionList.C0.BoxedType>
            <Collection>
               <PrivateExtension.Sequence>
                  <extId><ObjectIdentifier>0.1.2110.126.67</ObjectIdentifier></extId>
                  <extType>dae4</extType>
               </PrivateExtension.Sequence>
               <PrivateExtension.Sequence>
                  <extId><ObjectIdentifier>0.1.211.115.52.5.118.105.39.89.31.33</ObjectIdentifier></extId>
                  <extType>61ee</extType>
               </PrivateExtension.Sequence>
               <PrivateExtension.Sequence>
                  <extId><ObjectIdentifier>0.1.2</ObjectIdentifier></extId>
                  <extType>ab</extType>
               </PrivateExtension.Sequence>
            </Collection>
         </privateExtensionList.C0.BoxedType>
         <pcs_Extensions.C1.Sequence>
            
         </pcs_Extensions.C1.Sequence>
      </extensionContainer.Sequence>
      <releaseResourcesSupported></releaseResourcesSupported>
      <vmsc_Address.BoxedType><AddressString.BoxedType><Bytes>ef74667228f1
               <field name="extension" value="no extension:1" type="EnumLong" lengthBit="1"/>
               <field name="nature of address" value="abbreviated number:6" type="EnumLong" lengthBit="3"/>
               <field name="numbering plan" value="reserved for extension:15" type="EnumLong" lengthBit="4"/>
               <field name="digits" value="476627821" type="Number_BCD" length="9"/>
            </Bytes></AddressString.BoxedType></vmsc_Address.BoxedType>
   </ProvideRoamingNumberRes.Sequence>
</ASN>