<?xml version="1.0" encoding="ISO-8859-15"?>

<ASN layer="CAP">
   <ProvideRoamingNumberArg.Sequence>
      <imsi.C0.BoxedType><TBCD_STRING.BoxedType><Bytes>77455129f8
               <field name="digits" value="775415928" type="Number_BCD" length="9"/>
            </Bytes></TBCD_STRING.BoxedType></imsi.C0.BoxedType>
      <msc_Number.C1.BoxedType><AddressString.BoxedType><Bytes>8d6103393273
               <field name="extension" value="no extension:1" type="EnumLong" lengthBit="1"/>
               <field name="nature of address" value="unknown:0" type="EnumLong" lengthBit="3"/>
               <field name="numbering plan" value="13" type="EnumLong" lengthBit="4"/>
               <field name="digits" value="1630932337" type="Number_BCD" length="10"/>
            </Bytes></AddressString.BoxedType></msc_Number.C1.BoxedType>
      <msisdn.C2.BoxedType><AddressString.BoxedType><Bytes>3329754158f3
               <field name="extension" value="extension:0" type="EnumLong" lengthBit="1"/>
               <field name="nature of address" value="network specific number:3" type="EnumLong" lengthBit="3"/>
               <field name="numbering plan" value="data numbering plan (ITU-T Rec X.121):3" type="EnumLong" lengthBit="4"/>
               <field name="digits" value="925714853" type="Number_BCD" length="9"/>
            </Bytes></AddressString.BoxedType></msisdn.C2.BoxedType>
      <lmsi.C4.BoxedType><Bytes>d6960ff71424e5
            <field name="digits" value="d6960ff71424e5" type="Binary" length="7"/>
         </Bytes></lmsi.C4.BoxedType>
      <gsm_BearerCapability.C5.Sequence>
         <protocolId.Enum>
            <EnumType>gsm_0806.2</EnumType>
         </protocolId.Enum>
         <signalInfo.BoxedType><Bytes>9ab89a61c7</Bytes></signalInfo.BoxedType>
         <extensionContainer.Sequence>
            <privateExtensionList.C0.BoxedType>
               <Collection>
                  <PrivateExtension.Sequence>
                     <extId><ObjectIdentifier>0.1.261.120</ObjectIdentifier></extId>
                     <extType>ce339dc4</extType>
                  </PrivateExtension.Sequence>
                  <PrivateExtension.Sequence>
                     <extId><ObjectIdentifier>0.1.216.116.46.1.112</ObjectIdentifier></extId>
                     <extType>11aa2f</extType>
                  </PrivateExtension.Sequence>
                  <PrivateExtension.Sequence>
                     <extId><ObjectIdentifier>0.1.263.43.67.118</ObjectIdentifier></extId>
                     <extType>7e17bd330a56</extType>
                  </PrivateExtension.Sequence>
               </Collection>
            </privateExtensionList.C0.BoxedType>
            <pcs_Extensions.C1.Sequence>
               
            </pcs_Extensions.C1.Sequence>
         </extensionContainer.Sequence>
      </gsm_BearerCapability.C5.Sequence>
      <networkSignalInfo.C6.Sequence>
         <protocolId.Enum>
            <EnumType>ets_300102_1.4</EnumType>
         </protocolId.Enum>
         <signalInfo.BoxedType><Bytes>0815752905be0d7a</Bytes></signalInfo.BoxedType>
         <extensionContainer.Sequence>
            <privateExtensionList.C0.BoxedType>
               <Collection>
                  <PrivateExtension.Sequence>
                     <extId><ObjectIdentifier>0.1.218.111</ObjectIdentifier></extId>
                     <extType>dd7010cb7ad80f57</extType>
                  </PrivateExtension.Sequence>
                  <PrivateExtension.Sequence>
                     <extId><ObjectIdentifier>0.1.251.57.127</ObjectIdentifier></extId>
                     <extType>ea6b5e1584af</extType>
                  </PrivateExtension.Sequence>
                  <PrivateExtension.Sequence>
                     <extId><ObjectIdentifier>0.1.218.28.91</ObjectIdentifier></extId>
                     <extType>cdf8bc80ac4797eb</extType>
                  </PrivateExtension.Sequence>
               </Collection>
            </privateExtensionList.C0.BoxedType>
            <pcs_Extensions.C1.Sequence>
               
            </pcs_Extensions.C1.Sequence>
         </extensionContainer.Sequence>
      </networkSignalInfo.C6.Sequence>
      <suppressionOfAnnouncement.C7.Null>
         
      </suppressionOfAnnouncement.C7.Null>
      <gmsc_Address.C8.BoxedType><AddressString.BoxedType><Bytes>5c69869575
               <field name="extension" value="extension:0" type="EnumLong" lengthBit="1"/>
               <field name="nature of address" value="reserved:5" type="EnumLong" lengthBit="3"/>
               <field name="numbering plan" value="12" type="EnumLong" lengthBit="4"/>
               <field name="digits" value="96685957" type="Number_BCD" length="8"/>
            </Bytes></AddressString.BoxedType></gmsc_Address.C8.BoxedType>
      <callReferenceNumber.C9.BoxedType><Bytes>0fa3b5d668cf</Bytes></callReferenceNumber.C9.BoxedType>
      <or_Interrogation.C10></or_Interrogation.C10>
      <extensionContainer.C11.Sequence>
         <privateExtensionList.C0.BoxedType>
            <Collection>
               <PrivateExtension.Sequence>
                  <extId><ObjectIdentifier>0.1.281.74.127.31.128.55.0.89.127</ObjectIdentifier></extId>
                  <extType>b8c7989da5</extType>
               </PrivateExtension.Sequence>
               <PrivateExtension.Sequence>
                  <extId><ObjectIdentifier>0.1.231.12</ObjectIdentifier></extId>
                  <extType>7df3158e51ed23</extType>
               </PrivateExtension.Sequence>
               <PrivateExtension.Sequence>
                  <extId><ObjectIdentifier>0.1.247.128.80.64</ObjectIdentifier></extId>
                  <extType>ea6dd5e556e4510f</extType>
               </PrivateExtension.Sequence>
            </Collection>
         </privateExtensionList.C0.BoxedType>
         <pcs_Extensions.C1.Sequence>
            
         </pcs_Extensions.C1.Sequence>
      </extensionContainer.C11.Sequence>
      <alertingPattern.C12.BoxedType><Bytes>dd830e21</Bytes></alertingPattern.C12.BoxedType>
      <ccbs_Call.C13></ccbs_Call.C13>
      <supportedCamelPhasesInInterrogatingNode.C15.BoxedType><BitString><BitString value="27" trailing="0"/></BitString></supportedCamelPhasesInInterrogatingNode.C15.BoxedType>
      <additionalSignalInfo.C14.Sequence>
         <ext_ProtocolId.Enum>
            <EnumType>ets_300356.1</EnumType>
         </ext_ProtocolId.Enum>
         <signalInfo.BoxedType><Bytes>e388b2af6d9741d854</Bytes></signalInfo.BoxedType>
         <extensionContainer.Sequence>
            <privateExtensionList.C0.BoxedType>
               <Collection>
                  <PrivateExtension.Sequence>
                     <extId><ObjectIdentifier>0.1.268.41.39.97.4.5.113.34</ObjectIdentifier></extId>
                     <extType>5e495acd04724d</extType>
                  </PrivateExtension.Sequence>
                  <PrivateExtension.Sequence>
                     <extId><ObjectIdentifier>0.1.292.75.20.107.84</ObjectIdentifier></extId>
                     <extType>5d1a16bf</extType>
                  </PrivateExtension.Sequence>
                  <PrivateExtension.Sequence>
                     <extId><ObjectIdentifier>0.1.292.103.32</ObjectIdentifier></extId>
                     <extType>4f55</extType>
                  </PrivateExtension.Sequence>
               </Collection>
            </privateExtensionList.C0.BoxedType>
            <pcs_Extensions.C1.Sequence>
               
            </pcs_Extensions.C1.Sequence>
         </extensionContainer.Sequence>
      </additionalSignalInfo.C14.Sequence>
      <orNotSupportedInGMSC.C16></orNotSupportedInGMSC.C16>
      <pre_pagingSupported.C17></pre_pagingSupported.C17>
      <longFTN_Supported.C18></longFTN_Supported.C18>
      <suppress_VT_CSI.C19></suppress_VT_CSI.C19>
      <offeredCamel4CSIsInInterrogatingNode.C20.BoxedType><BitString><BitString value="d05452d51da53e512269d01de14808" trailing="0"/></BitString></offeredCamel4CSIsInInterrogatingNode.C20.BoxedType>
      <mtRoamingRetrySupported.C21></mtRoamingRetrySupported.C21>
      <pagingArea.C22.BoxedType>
         <Collection>
            <LocationArea.Choice>
               <laiFixedLength.C0.BoxedType><Bytes>02f3934689
                     <field name="MMC" value="203,39" type="NumberMMC" length="3"/>
                     <field name="LAC" value="18057" type="Integer" length="2"/>
                  </Bytes></laiFixedLength.C0.BoxedType>
               <lac.C1.BoxedType><Bytes>0cf0</Bytes></lac.C1.BoxedType>
            </LocationArea.Choice>
            <LocationArea.Choice>
               <laiFixedLength.C0.BoxedType><Bytes>21f113ea01
                     <field name="MMC" value="121,31" type="NumberMMC" length="3"/>
                     <field name="LAC" value="59905" type="Integer" length="2"/>
                  </Bytes></laiFixedLength.C0.BoxedType>
               <lac.C1.BoxedType><Bytes>f0e24eab6f103f62</Bytes></lac.C1.BoxedType>
            </LocationArea.Choice>
            <LocationArea.Choice>
               <laiFixedLength.C0.BoxedType><Bytes>4215115ad7
                     <field name="MMC" value="245,111" type="NumberMMC" length="3"/>
                     <field name="LAC" value="23255" type="Integer" length="2"/>
                  </Bytes></laiFixedLength.C0.BoxedType>
               <lac.C1.BoxedType><Bytes>bb068edc15a187</Bytes></lac.C1.BoxedType>
            </LocationArea.Choice>
         </Collection>
      </pagingArea.C22.BoxedType>
      <callPriority.C23.BoxedType><Integer>1</Integer></callPriority.C23.BoxedType>
      <mtrf_Indicator.C24></mtrf_Indicator.C24>
      <oldMSC_Number.C25.BoxedType><AddressString.BoxedType><Bytes>382160618160
               <field name="extension" value="extension:0" type="EnumLong" lengthBit="1"/>
               <field name="nature of address" value="network specific number:3" type="EnumLong" lengthBit="3"/>
               <field name="numbering plan" value="national numbering plan:8" type="EnumLong" lengthBit="4"/>
               <field name="digits" value="1206161806" type="Number_BCD" length="10"/>
            </Bytes></AddressString.BoxedType></oldMSC_Number.C25.BoxedType>
      <lastUsedLtePLMN_Id.C26.BoxedType><Bytes>a76b</Bytes></lastUsedLtePLMN_Id.C26.BoxedType>
   </ProvideRoamingNumberArg.Sequence>
</ASN>