<?xml version="1.0" encoding="ISO-8859-15"?>

<ASN layer="CAP">
   <PurgeMS_Arg.BoxedType><PurgeMS_ArgSequenceType.C3.Sequence>
         <imsi.BoxedType><TBCD_STRING.BoxedType><Bytes>89156627f5
                  <field name="digits" value="985166725" type="Number_BCD" length="9"/>
               </Bytes></TBCD_STRING.BoxedType></imsi.BoxedType>
         <vlr_Number.C0.BoxedType><AddressString.BoxedType><Bytes>9f0196833776
                  <field name="extension" value="no extension:1" type="EnumLong" lengthBit="1"/>
                  <field name="nature of address" value="international number:1" type="EnumLong" lengthBit="3"/>
                  <field name="numbering plan" value="reserved for extension:15" type="EnumLong" lengthBit="4"/>
                  <field name="digits" value="1069387367" type="Number_BCD" length="10"/>
               </Bytes></AddressString.BoxedType></vlr_Number.C0.BoxedType>
         <sgsn_Number.C1.BoxedType><AddressString.BoxedType><Bytes>541198928471
                  <field name="extension" value="extension:0" type="EnumLong" lengthBit="1"/>
                  <field name="nature of address" value="reserved:5" type="EnumLong" lengthBit="3"/>
                  <field name="numbering plan" value="telex numbering plan (ITU-T Rec F.69):4" type="EnumLong" lengthBit="4"/>
                  <field name="digits" value="1189294817" type="Number_BCD" length="10"/>
               </Bytes></AddressString.BoxedType></sgsn_Number.C1.BoxedType>
         <extensionContainer.Sequence>
            <privateExtensionList.C0.BoxedType>
               <Collection>
                  <PrivateExtension.Sequence>
                     <extId><ObjectIdentifier>0.1.267.105.41.55.88.49</ObjectIdentifier></extId>
                     <extType>b5931f9c5c0507</extType>
                  </PrivateExtension.Sequence>
                  <PrivateExtension.Sequence>
                     <extId><ObjectIdentifier>0.1.233.100.10.76.72</ObjectIdentifier></extId>
                     <extType>829f</extType>
                  </PrivateExtension.Sequence>
                  <PrivateExtension.Sequence>
                     <extId><ObjectIdentifier>0.1.212.120</ObjectIdentifier></extId>
                     <extType>1bdb68a4ef24476a39</extType>
                  </PrivateExtension.Sequence>
               </Collection>
            </privateExtensionList.C0.BoxedType>
            <pcs_Extensions.C1.Sequence>
               
            </pcs_Extensions.C1.Sequence>
         </extensionContainer.Sequence>
         <locationInformation.C2.Sequence>
            <ageOfLocationInformation.BoxedType><Integer>[1-32766] minuts:1</Integer></ageOfLocationInformation.BoxedType>
            <geographicalInformation.C0.BoxedType><Bytes>050be0280e0e889f
                  <field name="TypeOfShape" value="Ellipsoid Point:0" type="EnumLong" lengthBit="4"/>
                  <field name="spare" value="5" type="Integer" lengthBit="4"/>
                  <field name="DegreesOfLatitude" value="778280" type="Integer" length="3"/>
                  <field name="DegreesOfLongitude" value="921224" type="Integer" length="3"/>
                  <field name="UncertaintyCode" value="159" type="Integer" length="1"/>
               </Bytes></geographicalInformation.C0.BoxedType>
            <vlr_number.C1.BoxedType><AddressString.BoxedType><Bytes>1a66154757
                     <field name="extension" value="extension:0" type="EnumLong" lengthBit="1"/>
                     <field name="nature of address" value="international number:1" type="EnumLong" lengthBit="3"/>
                     <field name="numbering plan" value="10" type="EnumLong" lengthBit="4"/>
                     <field name="digits" value="66517475" type="Number_BCD" length="8"/>
                  </Bytes></AddressString.BoxedType></vlr_number.C1.BoxedType>
            <locationNumber.C2.BoxedType><Bytes>779b0200352595
                  <field name="Odd/even (O/E)" value="even number of address signals:0" type="EnumLong" lengthBit="1"/>
                  <field name="Nature of address" value="reserved for national use:119" type="EnumLong" lengthBit="7"/>
                  <field name="Internal Network Number (INN)" value="routing to internal number not allowed:1" type="EnumLong" lengthBit="1"/>
                  <field name="Numbering plan" value="ISDN/Telephony Numbering Plan (Rec ITU-T E.164):1" type="EnumLong" lengthBit="3"/>
                  <field name="Address presentation restricted" value="address not available (national use):2" type="EnumLong" lengthBit="2"/>
                  <field name="Screening" value="network provided:3" type="EnumLong" lengthBit="2"/>
                  <field name="digits" value="2000535259" type="Number_BCD" length="10"/>
               </Bytes></locationNumber.C2.BoxedType>
            <cellGlobalIdOrServiceAreaIdOrLAI.C3.Choice>
               <cellGlobalIdOrServiceAreaIdFixedLength.C0.BoxedType><Bytes>110361ff738c48
                     <field name="MMC" value="113,160" type="NumberMMC" length="3"/>
                     <field name="LAC" value="65395" type="Integer" length="2"/>
                     <field name="CI_SAC" value="35912" type="Integer" length="2"/>
                  </Bytes></cellGlobalIdOrServiceAreaIdFixedLength.C0.BoxedType>
               <laiFixedLength.C1.BoxedType><Bytes>917141356a
                     <field name="MMC" value="191,147" type="NumberMMC" length="3"/>
                     <field name="LAC" value="13674" type="Integer" length="2"/>
                  </Bytes></laiFixedLength.C1.BoxedType>
            </cellGlobalIdOrServiceAreaIdOrLAI.C3.Choice>
            <extensionContainer.C4.Sequence>
               <privateExtensionList.C0.BoxedType>
                  <Collection>
                     <PrivateExtension.Sequence>
                        <extId><ObjectIdentifier>0.1.271.49.109.53.117.53</ObjectIdentifier></extId>
                        <extType>88f6855c8d8f</extType>
                     </PrivateExtension.Sequence>
                     <PrivateExtension.Sequence>
                        <extId><ObjectIdentifier>0.1.2</ObjectIdentifier></extId>
                        <extType>1956bd70181112</extType>
                     </PrivateExtension.Sequence>
                     <PrivateExtension.Sequence>
                        <extId><ObjectIdentifier>0.1.292.3</ObjectIdentifier></extId>
                        <extType>6a5925c35a5e7e150761</extType>
                     </PrivateExtension.Sequence>
                  </Collection>
               </privateExtensionList.C0.BoxedType>
               <pcs_Extensions.C1.Sequence>
                  
               </pcs_Extensions.C1.Sequence>
            </extensionContainer.C4.Sequence>
            <selectedLSA_Id.C5.BoxedType><Bytes>f76ee1
                  <field name="LSA type" value="Universal LSA number:1" type="EnumLong" lengthBit="1"/>
                  <field name="Identifier" value="7827169" type="Integer" lengthBit="23"/>
               </Bytes></selectedLSA_Id.C5.BoxedType>
            <msc_Number.C6.BoxedType><AddressString.BoxedType><Bytes>a36144666491
                     <field name="extension" value="no extension:1" type="EnumLong" lengthBit="1"/>
                     <field name="nature of address" value="national significant number:2" type="EnumLong" lengthBit="3"/>
                     <field name="numbering plan" value="data numbering plan (ITU-T Rec X.121):3" type="EnumLong" lengthBit="4"/>
                     <field name="digits" value="1644664619" type="Number_BCD" length="10"/>
                  </Bytes></AddressString.BoxedType></msc_Number.C6.BoxedType>
            <geodeticInformation.C7.BoxedType><Bytes>e685d1e095ab31e13e11
                  <field name="spare" value="14" type="Integer" lengthBit="4"/>
                  <field name="LPRI" value="presentation restricted:1" type="EnumLong" lengthBit="2"/>
                  <field name="screnning" value="user provided, verified and failed:2" type="EnumLong" lengthBit="2"/>
                  <field name="ext" value="1" type="Integer" lengthBit="1"/>
                  <field name="TypeOfShape" value="polygon:5" type="EnumLong" lengthBit="7"/>
                  <field name="DegreesOfLatitude" value="13754517" type="Integer" length="3"/>
                  <field name="DegreesOfLongitude" value="11219425" type="Integer" length="3"/>
                  <field name="UncertaintyCode" value="62" type="Integer" length="1"/>
                  <field name="Confidence" value="17" type="Integer" length="1"/>
               </Bytes></geodeticInformation.C7.BoxedType>
            <currentLocationRetrieved.C8></currentLocationRetrieved.C8>
            <sai_Present.C9></sai_Present.C9>
            <locationInformationEPS.C10.Sequence>
               <e_utranCellGlobalIdentity.C0.BoxedType><Bytes>4836c2229bdb91b05f7c</Bytes></e_utranCellGlobalIdentity.C0.BoxedType>
               <trackingAreaIdentity.C1.BoxedType><Bytes>60a831979b</Bytes></trackingAreaIdentity.C1.BoxedType>
               <extensionContainer.C2.Sequence>
                  <privateExtensionList.C0.BoxedType>
                     <Collection>
                        <PrivateExtension.Sequence>
                           <extId><ObjectIdentifier>0.1.214.124.48.35.113.17.94</ObjectIdentifier></extId>
                           <extType>1c764c</extType>
                        </PrivateExtension.Sequence>
                        <PrivateExtension.Sequence>
                           <extId><ObjectIdentifier>0.1.2</ObjectIdentifier></extId>
                           <extType>d043385201</extType>
                        </PrivateExtension.Sequence>
                        <PrivateExtension.Sequence>
                           <extId><ObjectIdentifier>0.1.2125.7.70</ObjectIdentifier></extId>
                           <extType>b719bd14</extType>
                        </PrivateExtension.Sequence>
                     </Collection>
                  </privateExtensionList.C0.BoxedType>
                  <pcs_Extensions.C1.Sequence>
                     
                  </pcs_Extensions.C1.Sequence>
               </extensionContainer.C2.Sequence>
               <geographicalInformation.C3.BoxedType><Bytes>8704e4a38afc93bf
                     <field name="TypeOfShape" value="Ellipsoid point with altitude:8" type="EnumLong" lengthBit="4"/>
                     <field name="spare" value="7" type="Integer" lengthBit="4"/>
                     <field name="DegreesOfLatitude" value="320675" type="Integer" length="3"/>
                     <field name="DegreesOfLongitude" value="9108627" type="Integer" length="3"/>
                     <field name="UncertaintyCode" value="191" type="Integer" length="1"/>
                  </Bytes></geographicalInformation.C3.BoxedType>
               <geodeticInformation.C4.BoxedType><Bytes>ebf54c643a7b42f03a3d
                     <field name="spare" value="14" type="Integer" lengthBit="4"/>
                     <field name="LPRI" value="location not available (Note):2" type="EnumLong" lengthBit="2"/>
                     <field name="screnning" value="network provided:3" type="EnumLong" lengthBit="2"/>
                     <field name="ext" value="1" type="Integer" lengthBit="1"/>
                     <field name="TypeOfShape" value="reserved for national use:117" type="EnumLong" lengthBit="7"/>
                     <field name="DegreesOfLatitude" value="5006394" type="Integer" length="3"/>
                     <field name="DegreesOfLongitude" value="8078064" type="Integer" length="3"/>
                     <field name="UncertaintyCode" value="58" type="Integer" length="1"/>
                     <field name="Confidence" value="61" type="Integer" length="1"/>
                  </Bytes></geodeticInformation.C4.BoxedType>
               <currentLocationRetrieved.C5></currentLocationRetrieved.C5>
               <ageOfLocationInformation.C6.BoxedType><Integer>[1-32766] minuts:1</Integer></ageOfLocationInformation.C6.BoxedType>
               <mme_Name.C7.BoxedType><Bytes>bb8bf5ffacf93f</Bytes></mme_Name.C7.BoxedType>
            </locationInformationEPS.C10.Sequence>
            <userCSGInformation.C11.Sequence>
               <csg_Id.C0.BoxedType><BitString><BitString value="a6a26fa758de26" trailing="0"/></BitString></csg_Id.C0.BoxedType>
               <extensionContainer.C1.Sequence>
                  <privateExtensionList.C0.BoxedType>
                     <Collection>
                        <PrivateExtension.Sequence>
                           <extId><ObjectIdentifier>0.1.275.41.51.23.10.75.66.75.44.62</ObjectIdentifier></extId>
                           <extType>b1f812113e817a44a681</extType>
                        </PrivateExtension.Sequence>
                        <PrivateExtension.Sequence>
                           <extId><ObjectIdentifier>0.1.224.104.76</ObjectIdentifier></extId>
                           <extType>b110e3b6278e6dd6cd</extType>
                        </PrivateExtension.Sequence>
                        <PrivateExtension.Sequence>
                           <extId><ObjectIdentifier>0.1.226.87.31.63.45.11</ObjectIdentifier></extId>
                           <extType>4672</extType>
                        </PrivateExtension.Sequence>
                     </Collection>
                  </privateExtensionList.C0.BoxedType>
                  <pcs_Extensions.C1.Sequence>
                     
                  </pcs_Extensions.C1.Sequence>
               </extensionContainer.C1.Sequence>
               <accessMode.C2>f265937a30302b</accessMode.C2>
               <cmi.C3>cc4490a4527a3a</cmi.C3>
            </userCSGInformation.C11.Sequence>
         </locationInformation.C2.Sequence>
         <locationInformationGPRS.C3.Sequence>
            <cellGlobalIdOrServiceAreaIdOrLAI.C0.Choice>
               <cellGlobalIdOrServiceAreaIdFixedLength.C0.BoxedType><Bytes>0189315dff69bd
                     <field name="MMC" value="109,138" type="NumberMMC" length="3"/>
                     <field name="LAC" value="24063" type="Integer" length="2"/>
                     <field name="CI_SAC" value="27069" type="Integer" length="2"/>
                  </Bytes></cellGlobalIdOrServiceAreaIdFixedLength.C0.BoxedType>
               <laiFixedLength.C1.BoxedType><Bytes>525171133b
                     <field name="MMC" value="251,175" type="NumberMMC" length="3"/>
                     <field name="LAC" value="4923" type="Integer" length="2"/>
                  </Bytes></laiFixedLength.C1.BoxedType>
            </cellGlobalIdOrServiceAreaIdOrLAI.C0.Choice>
            <routeingAreaIdentity.C1.BoxedType><Bytes>31149129b535
                  <field name="MMC" value="134,191" type="NumberMMC" length="3"/>
                  <field name="LAC" value="10677" type="Integer" length="2"/>
                  <field name="RAC" value="53" type="Integer" length="1"/>
               </Bytes></routeingAreaIdentity.C1.BoxedType>
            <geographicalInformation.C2.BoxedType><Bytes>72c361d52b70dfb0
                  <field name="TypeOfShape" value="Reserved for future use:7" type="EnumLong" lengthBit="4"/>
                  <field name="spare" value="2" type="Integer" lengthBit="4"/>
                  <field name="DegreesOfLatitude" value="12804565" type="Integer" length="3"/>
                  <field name="DegreesOfLongitude" value="2846943" type="Integer" length="3"/>
                  <field name="UncertaintyCode" value="176" type="Integer" length="1"/>
               </Bytes></geographicalInformation.C2.BoxedType>
            <sgsn_Number.C3.BoxedType><AddressString.BoxedType><Bytes>fe6117740678
                     <field name="extension" value="no extension:1" type="EnumLong" lengthBit="1"/>
                     <field name="nature of address" value="reserved for extension:7" type="EnumLong" lengthBit="3"/>
                     <field name="numbering plan" value="14" type="EnumLong" lengthBit="4"/>
                     <field name="digits" value="1671476087" type="Number_BCD" length="10"/>
                  </Bytes></AddressString.BoxedType></sgsn_Number.C3.BoxedType>
            <selectedLSAIdentity.C4.BoxedType><Bytes>2c0aa4
                  <field name="LSA type" value="PLMN significant number:0" type="EnumLong" lengthBit="1"/>
                  <field name="Identifier" value="2886308" type="Integer" lengthBit="23"/>
               </Bytes></selectedLSAIdentity.C4.BoxedType>
            <extensionContainer.C5.Sequence>
               <privateExtensionList.C0.BoxedType>
                  <Collection>
                     <PrivateExtension.Sequence>
                        <extId><ObjectIdentifier>0.1.2106.94.47.50</ObjectIdentifier></extId>
                        <extType>6fae6dcd</extType>
                     </PrivateExtension.Sequence>
                     <PrivateExtension.Sequence>
                        <extId><ObjectIdentifier>0.1.223.12</ObjectIdentifier></extId>
                        <extType>25e95196423181</extType>
                     </PrivateExtension.Sequence>
                     <PrivateExtension.Sequence>
                        <extId><ObjectIdentifier>0.1.294.65.113.30</ObjectIdentifier></extId>
                        <extType>9175922310e6</extType>
                     </PrivateExtension.Sequence>
                  </Collection>
               </privateExtensionList.C0.BoxedType>
               <pcs_Extensions.C1.Sequence>
                  
               </pcs_Extensions.C1.Sequence>
            </extensionContainer.C5.Sequence>
            <sai_Present.C6></sai_Present.C6>
            <geodeticInformation.C7.BoxedType><Bytes>3d041b431fc6ead41471
                  <field name="spare" value="3" type="Integer" lengthBit="4"/>
                  <field name="LPRI" value="spare:3" type="EnumLong" lengthBit="2"/>
                  <field name="screnning" value="user provided, verified and passed:1" type="EnumLong" lengthBit="2"/>
                  <field name="ext" value="0" type="Integer" lengthBit="1"/>
                  <field name="TypeOfShape" value="ellipsoid circle sector:4" type="EnumLong" lengthBit="7"/>
                  <field name="DegreesOfLatitude" value="1786655" type="Integer" length="3"/>
                  <field name="DegreesOfLongitude" value="13036244" type="Integer" length="3"/>
                  <field name="UncertaintyCode" value="20" type="Integer" length="1"/>
                  <field name="Confidence" value="113" type="Integer" length="1"/>
               </Bytes></geodeticInformation.C7.BoxedType>
            <currentLocationRetrieved.C8></currentLocationRetrieved.C8>
            <ageOfLocationInformation.C9.BoxedType><Integer>2 minuts:2</Integer></ageOfLocationInformation.C9.BoxedType>
            <userCSGInformation.C10.Sequence>
               <csg_Id.C0.BoxedType><BitString><BitString value="717c97f25ad41728f6eee6e7" trailing="0"/></BitString></csg_Id.C0.BoxedType>
               <extensionContainer.C1.Sequence>
                  <privateExtensionList.C0.BoxedType>
                     <Collection>
                        <PrivateExtension.Sequence>
                           <extId><ObjectIdentifier>0.1.2109.20.44.2.62.68.32</ObjectIdentifier></extId>
                           <extType>5d8bbd2957a0c7c8</extType>
                        </PrivateExtension.Sequence>
                        <PrivateExtension.Sequence>
                           <extId><ObjectIdentifier>0.1.257.59.57.115</ObjectIdentifier></extId>
                           <extType>9a996941b5aa83</extType>
                        </PrivateExtension.Sequence>
                        <PrivateExtension.Sequence>
                           <extId><ObjectIdentifier>0.1.280.107.80.6.120.90.99.54.75</ObjectIdentifier></extId>
                           <extType>846f100a1e6d04f11c5c</extType>
                        </PrivateExtension.Sequence>
                     </Collection>
                  </privateExtensionList.C0.BoxedType>
                  <pcs_Extensions.C1.Sequence>
                     
                  </pcs_Extensions.C1.Sequence>
               </extensionContainer.C1.Sequence>
               <accessMode.C2>5be85407</accessMode.C2>
               <cmi.C3>c3</cmi.C3>
            </userCSGInformation.C10.Sequence>
         </locationInformationGPRS.C3.Sequence>
         <locationInformationEPS.C4.Sequence>
            <e_utranCellGlobalIdentity.C0.BoxedType><Bytes>e5e70e58b400</Bytes></e_utranCellGlobalIdentity.C0.BoxedType>
            <trackingAreaIdentity.C1.BoxedType><Bytes>0dec86542b</Bytes></trackingAreaIdentity.C1.BoxedType>
            <extensionContainer.C2.Sequence>
               <privateExtensionList.C0.BoxedType>
                  <Collection>
                     <PrivateExtension.Sequence>
                        <extId><ObjectIdentifier>0.1.2103.86.117.88.90.7.61</ObjectIdentifier></extId>
                        <extType>00b583</extType>
                     </PrivateExtension.Sequence>
                     <PrivateExtension.Sequence>
                        <extId><ObjectIdentifier>0.1.2122.6</ObjectIdentifier></extId>
                        <extType>df7623a3f925</extType>
                     </PrivateExtension.Sequence>
                     <PrivateExtension.Sequence>
                        <extId><ObjectIdentifier>0.1.2107.97.29.90.45.62.25</ObjectIdentifier></extId>
                        <extType>048c49313698b368c305</extType>
                     </PrivateExtension.Sequence>
                  </Collection>
               </privateExtensionList.C0.BoxedType>
               <pcs_Extensions.C1.Sequence>
                  
               </pcs_Extensions.C1.Sequence>
            </extensionContainer.C2.Sequence>
            <geographicalInformation.C3.BoxedType><Bytes>9d1c291186af6168
                  <field name="TypeOfShape" value="Ellipsoid point with altitude and uncertainty Ellipsoid:9" type="EnumLong" lengthBit="4"/>
                  <field name="spare" value="13" type="Integer" lengthBit="4"/>
                  <field name="DegreesOfLatitude" value="1845521" type="Integer" length="3"/>
                  <field name="DegreesOfLongitude" value="8826721" type="Integer" length="3"/>
                  <field name="UncertaintyCode" value="104" type="Integer" length="1"/>
               </Bytes></geographicalInformation.C3.BoxedType>
            <geodeticInformation.C4.BoxedType><Bytes>7c86b10b37d56f9a1b13
                  <field name="spare" value="7" type="Integer" lengthBit="4"/>
                  <field name="LPRI" value="spare:3" type="EnumLong" lengthBit="2"/>
                  <field name="screnning" value="user provided, not verified:0" type="EnumLong" lengthBit="2"/>
                  <field name="ext" value="1" type="Integer" lengthBit="1"/>
                  <field name="TypeOfShape" value="spare:6" type="EnumLong" lengthBit="7"/>
                  <field name="DegreesOfLatitude" value="11602743" type="Integer" length="3"/>
                  <field name="DegreesOfLongitude" value="13987738" type="Integer" length="3"/>
                  <field name="UncertaintyCode" value="27" type="Integer" length="1"/>
                  <field name="Confidence" value="19" type="Integer" length="1"/>
               </Bytes></geodeticInformation.C4.BoxedType>
            <currentLocationRetrieved.C5></currentLocationRetrieved.C5>
            <ageOfLocationInformation.C6.BoxedType><Integer>0 minut = currently in contact:0</Integer></ageOfLocationInformation.C6.BoxedType>
            <mme_Name.C7.BoxedType><Bytes>7ea058fe2c</Bytes></mme_Name.C7.BoxedType>
         </locationInformationEPS.C4.Sequence>
      </PurgeMS_ArgSequenceType.C3.Sequence></PurgeMS_Arg.BoxedType>
</ASN>