<?xml version="1.0" encoding="ISO-8859-15"?>

<ASN layer="CAP">
   <PurgeMS_Res.Sequence>
      <freezeTMSI.C0></freezeTMSI.C0>
      <freezeP_TMSI.C1></freezeP_TMSI.C1>
      <extensionContainer.Sequence>
         <privateExtensionList.C0.BoxedType>
            <Collection>
               <PrivateExtension.Sequence>
                  <extId><ObjectIdentifier>0.1.223.118.45.53</ObjectIdentifier></extId>
                  <extType>c57a7a7c25</extType>
               </PrivateExtension.Sequence>
               <PrivateExtension.Sequence>
                  <extId><ObjectIdentifier>0.1.25.51.54.12.82.12.96</ObjectIdentifier></extId>
                  <extType>f3eceb782771febe</extType>
               </PrivateExtension.Sequence>
               <PrivateExtension.Sequence>
                  <extId><ObjectIdentifier>0.1.21.111.80.55.60.19.39</ObjectIdentifier></extId>
                  <extType>d492ff8453dcceeeb6e7</extType>
               </PrivateExtension.Sequence>
            </Collection>
         </privateExtensionList.C0.BoxedType>
         <pcs_Extensions.C1.Sequence>
            
         </pcs_Extensions.C1.Sequence>
      </extensionContainer.Sequence>
      <freezeM_TMSI.C2></freezeM_TMSI.C2>
   </PurgeMS_Res.Sequence>
</ASN>