<?xml version="1.0" encoding="ISO-8859-15"?>

<ASN layer="CAP">
   <ReadyForSM_Arg.Sequence>
      <imsi.C0.BoxedType><TBCD_STRING.BoxedType><Bytes>89481484f0
               <field name="digits" value="988441480" type="Number_BCD" length="9"/>
            </Bytes></TBCD_STRING.BoxedType></imsi.C0.BoxedType>
      <alertReason.Enum>
         <EnumType>memoryAvailable.1</EnumType>
      </alertReason.Enum>
      <alertReasonIndicator></alertReasonIndicator>
      <extensionContainer.Sequence>
         <privateExtensionList.C0.BoxedType>
            <Collection>
               <PrivateExtension.Sequence>
                  <extId><ObjectIdentifier>0.1.274.92.82.16.11</ObjectIdentifier></extId>
                  <extType>1fe78ae24d</extType>
               </PrivateExtension.Sequence>
               <PrivateExtension.Sequence>
                  <extId><ObjectIdentifier>0.1.250.45.49.116.81</ObjectIdentifier></extId>
                  <extType>76ac</extType>
               </PrivateExtension.Sequence>
               <PrivateExtension.Sequence>
                  <extId><ObjectIdentifier>0.1.283.106.95</ObjectIdentifier></extId>
                  <extType>3c6ef2</extType>
               </PrivateExtension.Sequence>
            </Collection>
         </privateExtensionList.C0.BoxedType>
         <pcs_Extensions.C1.Sequence>
            
         </pcs_Extensions.C1.Sequence>
      </extensionContainer.Sequence>
      <additionalAlertReasonIndicator.C1></additionalAlertReasonIndicator.C1>
   </ReadyForSM_Arg.Sequence>
</ASN>