<?xml version="1.0" encoding="ISO-8859-15"?>

<ASN layer="CAP">
   <ReadyForSM_Res.Sequence><extensionContainer.Sequence>
         <privateExtensionList.C0.BoxedType>
            <Collection>
               <PrivateExtension.Sequence>
                  <extId><ObjectIdentifier>0.1.283.94.127.69.70.50.21.117.72.77</ObjectIdentifier></extId>
                  <extType>cda5da6d0258d0</extType>
               </PrivateExtension.Sequence>
               <PrivateExtension.Sequence>
                  <extId><ObjectIdentifier>0.1.2</ObjectIdentifier></extId>
                  <extType>802900f1ebf392ea</extType>
               </PrivateExtension.Sequence>
               <PrivateExtension.Sequence>
                  <extId><ObjectIdentifier>0.1.244.99.38.101.1</ObjectIdentifier></extId>
                  <extType>3d649c2005fdf129b756</extType>
               </PrivateExtension.Sequence>
            </Collection>
         </privateExtensionList.C0.BoxedType>
         <pcs_Extensions.C1.Sequence>
            
         </pcs_Extensions.C1.Sequence>
      </extensionContainer.Sequence></ReadyForSM_Res.Sequence>
</ASN>