<?xml version="1.0" encoding="ISO-8859-15"?>

<ASN layer="CAP">
   <RegisterCC_EntryArg.Sequence>
      <ss_Code.C0.BoxedType><Bytes>b8</Bytes></ss_Code.C0.BoxedType>
      <ccbs_Data.C1.Sequence>
         <ccbs_Feature.C0.Sequence>
            <ccbs_Index.C0.BoxedType><Integer>1</Integer></ccbs_Index.C0.BoxedType>
            <b_subscriberNumber.C1.BoxedType><AddressString.BoxedType><Bytes>e246110619f1
                     <field name="extension" value="no extension:1" type="EnumLong" lengthBit="1"/>
                     <field name="nature of address" value="abbreviated number:6" type="EnumLong" lengthBit="3"/>
                     <field name="numbering plan" value="spare:2" type="EnumLong" lengthBit="4"/>
                     <field name="digits" value="641160911" type="Number_BCD" length="9"/>
                  </Bytes></AddressString.BoxedType></b_subscriberNumber.C1.BoxedType>
            <b_subscriberSubaddress.C2.BoxedType><Bytes>2c499ca63a</Bytes></b_subscriberSubaddress.C2.BoxedType>
            <basicServiceGroup.C3.Choice>
               <bearerService.C2.BoxedType><Bytes>c139f5</Bytes></bearerService.C2.BoxedType>
               <teleservice.C3.BoxedType><Bytes>b9cf</Bytes></teleservice.C3.BoxedType>
            </basicServiceGroup.C3.Choice>
         </ccbs_Feature.C0.Sequence>
         <translatedB_Number.C1.BoxedType><AddressString.BoxedType><Bytes>df4112199683
                  <field name="extension" value="no extension:1" type="EnumLong" lengthBit="1"/>
                  <field name="nature of address" value="reserved:5" type="EnumLong" lengthBit="3"/>
                  <field name="numbering plan" value="reserved for extension:15" type="EnumLong" lengthBit="4"/>
                  <field name="digits" value="1421916938" type="Number_BCD" length="10"/>
               </Bytes></AddressString.BoxedType></translatedB_Number.C1.BoxedType>
         <serviceIndicator.C2.BoxedType><BitString><BitString value="6be5" trailing="0"/></BitString></serviceIndicator.C2.BoxedType>
         <callInfo.C3.Sequence>
            <protocolId.Enum>
               <EnumType>gsm_0806.2</EnumType>
            </protocolId.Enum>
            <signalInfo.BoxedType><Bytes>c9f2288ab8108119</Bytes></signalInfo.BoxedType>
            <extensionContainer.Sequence>
               <privateExtensionList.C0.BoxedType>
                  <Collection>
                     <PrivateExtension.Sequence>
                        <extId><ObjectIdentifier>0.1.237.110.91.0.64.33.8</ObjectIdentifier></extId>
                        <extType>e8d52b9bf9</extType>
                     </PrivateExtension.Sequence>
                     <PrivateExtension.Sequence>
                        <extId><ObjectIdentifier>0.1.29.42.64</ObjectIdentifier></extId>
                        <extType>18953b71241a62</extType>
                     </PrivateExtension.Sequence>
                     <PrivateExtension.Sequence>
                        <extId><ObjectIdentifier>0.1.255.97.58.22.51.70</ObjectIdentifier></extId>
                        <extType>c98754c9d8c03252f2</extType>
                     </PrivateExtension.Sequence>
                  </Collection>
               </privateExtensionList.C0.BoxedType>
               <pcs_Extensions.C1.Sequence>
                  
               </pcs_Extensions.C1.Sequence>
            </extensionContainer.Sequence>
         </callInfo.C3.Sequence>
         <networkSignalInfo.C4.Sequence>
            <protocolId.Enum>
               <EnumType>gsm_BSSMAP.3</EnumType>
            </protocolId.Enum>
            <signalInfo.BoxedType><Bytes>3d7ee2db9dbc3a</Bytes></signalInfo.BoxedType>
            <extensionContainer.Sequence>
               <privateExtensionList.C0.BoxedType>
                  <Collection>
                     <PrivateExtension.Sequence>
                        <extId><ObjectIdentifier>0.1.250.44.97.86.60.122.20.8</ObjectIdentifier></extId>
                        <extType>db401cd2797c0f37</extType>
                     </PrivateExtension.Sequence>
                     <PrivateExtension.Sequence>
                        <extId><ObjectIdentifier>0.1.218.92.118.92</ObjectIdentifier></extId>
                        <extType>f1544425fc93</extType>
                     </PrivateExtension.Sequence>
                     <PrivateExtension.Sequence>
                        <extId><ObjectIdentifier>0.1.2116.111.114.74.71</ObjectIdentifier></extId>
                        <extType>ab51e765647b64</extType>
                     </PrivateExtension.Sequence>
                  </Collection>
               </privateExtensionList.C0.BoxedType>
               <pcs_Extensions.C1.Sequence>
                  
               </pcs_Extensions.C1.Sequence>
            </extensionContainer.Sequence>
         </networkSignalInfo.C4.Sequence>
      </ccbs_Data.C1.Sequence>
   </RegisterCC_EntryArg.Sequence>
</ASN>