<?xml version="1.0" encoding="ISO-8859-15"?>

<ASN layer="CAP">
   <RegisterSS_Arg.Sequence>
      <ss_Code.BoxedType><Bytes>12ef03</Bytes></ss_Code.BoxedType>
      <basicService.Choice>
         <bearerService.C2.BoxedType><Bytes>68e1c60d2fedb72423</Bytes></bearerService.C2.BoxedType>
         <teleservice.C3.BoxedType><Bytes>310b489ed6a4af7a60</Bytes></teleservice.C3.BoxedType>
      </basicService.Choice>
      <forwardedToNumber.C4.BoxedType><Bytes>c497314735f2
            <field name="extension" value="no extension:1" type="EnumLong" lengthBit="1"/>
            <field name="nature of address" value="subscriber number:4" type="EnumLong" lengthBit="3"/>
            <field name="numbering plan" value="telex numbering plan (ITU-T Rec F.69):4" type="EnumLong" lengthBit="4"/>
            <field name="digits" value="791374532" type="Number_BCD" length="9"/>
         </Bytes></forwardedToNumber.C4.BoxedType>
      <forwardedToSubaddress.C6.BoxedType><Bytes>ec7ae134d12ef852</Bytes></forwardedToSubaddress.C6.BoxedType>
      <noReplyConditionTime.C5.BoxedType><Integer>0</Integer></noReplyConditionTime.C5.BoxedType>
      <defaultPriority.C7.BoxedType><Integer>1</Integer></defaultPriority.C7.BoxedType>
      <nbrUser.C8.BoxedType><Integer>2</Integer></nbrUser.C8.BoxedType>
      <longFTN_Supported.C9></longFTN_Supported.C9>
   </RegisterSS_Arg.Sequence>
</ASN>