<?xml version="1.0" encoding="ISO-8859-15"?>

<ASN layer="CAP">
   <RegisterCC_EntryRes.Sequence><ccbs_Feature.C0.Sequence>
         <ccbs_Index.C0.BoxedType><Integer>2</Integer></ccbs_Index.C0.BoxedType>
         <b_subscriberNumber.C1.BoxedType><AddressString.BoxedType><Bytes>a53186528257
                  <field name="extension" value="no extension:1" type="EnumLong" lengthBit="1"/>
                  <field name="nature of address" value="national significant number:2" type="EnumLong" lengthBit="3"/>
                  <field name="numbering plan" value="spare:5" type="EnumLong" lengthBit="4"/>
                  <field name="digits" value="1368252875" type="Number_BCD" length="10"/>
               </Bytes></AddressString.BoxedType></b_subscriberNumber.C1.BoxedType>
         <b_subscriberSubaddress.C2.BoxedType><Bytes>5f84193f2f</Bytes></b_subscriberSubaddress.C2.BoxedType>
         <basicServiceGroup.C3.Choice>
            <bearerService.C2.BoxedType><Bytes>c31552c6ab64621e027f</Bytes></bearerService.C2.BoxedType>
            <teleservice.C3.BoxedType><Bytes>57635f5f2ab513</Bytes></teleservice.C3.BoxedType>
         </basicServiceGroup.C3.Choice>
      </ccbs_Feature.C0.Sequence></RegisterCC_EntryRes.Sequence>
</ASN>