<?xml version="1.0" encoding="ISO-8859-15"?>

<ASN layer="CAP">
   <ReleaseCallArg.Choice>
      <allCallSegments.BoxedType><Cause.BoxedType><Bytes>6303f7
               <field name="ext1" value="continue:0" type="EnumLong" lengthBit="1"/>
               <field name="Coding standard" value="Standard specific to identified location (see Note):3" type="EnumLong" lengthBit="2"/>
               <field name="Spare" value="0" type="Integer" lengthBit="1"/>
               <field name="Location" value="transit network (TN):3" type="EnumLong" lengthBit="4"/>
               <field name="ext3" value="continue:0" type="EnumLong" lengthBit="1"/>
               <field name="Cause value" value="Class 000 normal event : No route to destination:3" type="EnumLong" lengthBit="7"/>
               <field name="Diagnostics" value="f7" type="Binary" length="1"/>
            </Bytes></Cause.BoxedType></allCallSegments.BoxedType>
      <allCallSegmentsWithExtension.C2.Sequence>
         <allCallSegments.C0.BoxedType><Cause.BoxedType><Bytes>ec4920
                  <field name="ext1" value="last octet:1" type="EnumLong" lengthBit="1"/>
                  <field name="Coding standard" value="Standard specific to identified location (see Note):3" type="EnumLong" lengthBit="2"/>
                  <field name="Spare" value="0" type="Integer" lengthBit="1"/>
                  <field name="Location" value="reserved for national use:12" type="EnumLong" lengthBit="4"/>
                  <field name="ext3" value="continue:0" type="EnumLong" lengthBit="1"/>
                  <field name="Cause value" value="73" type="EnumLong" lengthBit="7"/>
                  <field name="Diagnostics" value="20" type="Binary" length="1"/>
               </Bytes></Cause.BoxedType></allCallSegments.C0.BoxedType>
         <extensions.C1.BoxedType>
            <Collection>
               <ExtensionField.Sequence>
                  <type.Choice>
                     <local>2447346542</local>
                     <global><ObjectIdentifier>0.1.274.20.92.124.93.75.19.11</ObjectIdentifier></global>
                  </type.Choice>
                  <criticality.nulld.Enum>
                     <EnumType>ignore.0</EnumType>
                  </criticality.nulld.Enum>
                  <NullObject.C1></NullObject.C1>
               </ExtensionField.Sequence>
               <ExtensionField.Sequence>
                  <type.Choice>
                     <local>4203303631</local>
                     <global><ObjectIdentifier>0.1.245.8.93.42.65.128.58</ObjectIdentifier></global>
                  </type.Choice>
                  <criticality.nulld.Enum>
                     <EnumType>abort.1</EnumType>
                  </criticality.nulld.Enum>
                  <NullObject.C1></NullObject.C1>
               </ExtensionField.Sequence>
               <ExtensionField.Sequence>
                  <type.Choice>
                     <local>286534879</local>
                     <global><ObjectIdentifier>0.1.281</ObjectIdentifier></global>
                  </type.Choice>
                  <criticality.nulld.Enum>
                     <EnumType>ignore.0</EnumType>
                  </criticality.nulld.Enum>
                  <NullObject.C1></NullObject.C1>
               </ExtensionField.Sequence>
            </Collection>
         </extensions.C1.BoxedType>
      </allCallSegmentsWithExtension.C2.Sequence>
   </ReleaseCallArg.Choice>
</ASN>