<?xml version="1.0" encoding="ISO-8859-15"?>

<ASN layer="CAP">
   <ReleaseResourcesArg.Sequence>
      <msrn.BoxedType><AddressString.BoxedType><Bytes>591141940964
               <field name="extension" value="extension:0" type="EnumLong" lengthBit="1"/>
               <field name="nature of address" value="reserved:5" type="EnumLong" lengthBit="3"/>
               <field name="numbering plan" value="private numbering plan:9" type="EnumLong" lengthBit="4"/>
               <field name="digits" value="1114499046" type="Number_BCD" length="10"/>
            </Bytes></AddressString.BoxedType></msrn.BoxedType>
      <extensionContainer.Sequence>
         <privateExtensionList.C0.BoxedType>
            <Collection>
               <PrivateExtension.Sequence>
                  <extId><ObjectIdentifier>0.1.2103.108.101.34.48.87.115.94.25</ObjectIdentifier></extId>
                  <extType>854cfc76561710dd</extType>
               </PrivateExtension.Sequence>
               <PrivateExtension.Sequence>
                  <extId><ObjectIdentifier>0.1.2109.85</ObjectIdentifier></extId>
                  <extType>891ed52afda6a6f84967</extType>
               </PrivateExtension.Sequence>
               <PrivateExtension.Sequence>
                  <extId><ObjectIdentifier>0.1.2</ObjectIdentifier></extId>
                  <extType>b707fe4bbb37502a</extType>
               </PrivateExtension.Sequence>
            </Collection>
         </privateExtensionList.C0.BoxedType>
         <pcs_Extensions.C1.Sequence>
            
         </pcs_Extensions.C1.Sequence>
      </extensionContainer.Sequence>
   </ReleaseResourcesArg.Sequence>
</ASN>