<?xml version="1.0" encoding="ISO-8859-15"?>

<ASN layer="CAP">
   <ReleaseResourcesRes.Sequence><extensionContainer.Sequence>
         <privateExtensionList.C0.BoxedType>
            <Collection>
               <PrivateExtension.Sequence>
                  <extId><ObjectIdentifier>0.1.2126.54.14.15.83.54.8</ObjectIdentifier></extId>
                  <extType>95f41a42ae4b961552</extType>
               </PrivateExtension.Sequence>
               <PrivateExtension.Sequence>
                  <extId><ObjectIdentifier>0.1.257.91.68.68</ObjectIdentifier></extId>
                  <extType>793d06367b78</extType>
               </PrivateExtension.Sequence>
               <PrivateExtension.Sequence>
                  <extId><ObjectIdentifier>0.1.271.112.78</ObjectIdentifier></extId>
                  <extType>c6514a429af8a2</extType>
               </PrivateExtension.Sequence>
            </Collection>
         </privateExtensionList.C0.BoxedType>
         <pcs_Extensions.C1.Sequence>
            
         </pcs_Extensions.C1.Sequence>
      </extensionContainer.Sequence></ReleaseResourcesRes.Sequence>
</ASN>