<?xml version="1.0" encoding="ISO-8859-15"?>

<ASN layer="CAP">
   <RelocationNumber.Sequence>
      <handoverNumber.BoxedType><AddressString.BoxedType><Bytes>8851756459f2
               <field name="extension" value="no extension:1" type="EnumLong" lengthBit="1"/>
               <field name="nature of address" value="unknown:0" type="EnumLong" lengthBit="3"/>
               <field name="numbering plan" value="national numbering plan:8" type="EnumLong" lengthBit="4"/>
               <field name="digits" value="155746952" type="Number_BCD" length="9"/>
            </Bytes></AddressString.BoxedType></handoverNumber.BoxedType>
      <rab_Id.BoxedType><Integer>1</Integer></rab_Id.BoxedType>
   </RelocationNumber.Sequence>
</ASN>