<?xml version="1.0" encoding="ISO-8859-15"?>

<ASN layer="CAP">
   <RemoteUserFreeRes.Sequence>
      <ruf_Outcome.C0.Enum>
         <EnumType>udubFromFreeMS.4</EnumType>
      </ruf_Outcome.C0.Enum>
      <extensionContainer.C1.Sequence>
         <privateExtensionList.C0.BoxedType>
            <Collection>
               <PrivateExtension.Sequence>
                  <extId><ObjectIdentifier>0.1.268.25.72.114.107.49.65.64.40</ObjectIdentifier></extId>
                  <extType>c566</extType>
               </PrivateExtension.Sequence>
               <PrivateExtension.Sequence>
                  <extId><ObjectIdentifier>0.1.2107</ObjectIdentifier></extId>
                  <extType>852c33eaa47ee4d29c</extType>
               </PrivateExtension.Sequence>
               <PrivateExtension.Sequence>
                  <extId><ObjectIdentifier>0.1.272</ObjectIdentifier></extId>
                  <extType>e472</extType>
               </PrivateExtension.Sequence>
            </Collection>
         </privateExtensionList.C0.BoxedType>
         <pcs_Extensions.C1.Sequence>
            
         </pcs_Extensions.C1.Sequence>
      </extensionContainer.C1.Sequence>
   </RemoteUserFreeRes.Sequence>
</ASN>