<?xml version="1.0" encoding="ISO-8859-15"?>

<ASN layer="CAP">
   <RemoteUserFreeArg.Sequence>
      <imsi.C0.BoxedType><TBCD_STRING.BoxedType><Bytes>9161375104
               <field name="digits" value="1916731540" type="Number_BCD" length="10"/>
            </Bytes></TBCD_STRING.BoxedType></imsi.C0.BoxedType>
      <callInfo.C1.Sequence>
         <protocolId.Enum>
            <EnumType>gsm_BSSMAP.3</EnumType>
         </protocolId.Enum>
         <signalInfo.BoxedType><Bytes>49b1baa4b9a0</Bytes></signalInfo.BoxedType>
         <extensionContainer.Sequence>
            <privateExtensionList.C0.BoxedType>
               <Collection>
                  <PrivateExtension.Sequence>
                     <extId><ObjectIdentifier>0.1.2103.57.61.127.6.69.55.80.45</ObjectIdentifier></extId>
                     <extType>f53a9b5dd5</extType>
                  </PrivateExtension.Sequence>
                  <PrivateExtension.Sequence>
                     <extId><ObjectIdentifier>0.1.242.26.18.103.10.39.21.98</ObjectIdentifier></extId>
                     <extType>70b152ae1870</extType>
                  </PrivateExtension.Sequence>
                  <PrivateExtension.Sequence>
                     <extId><ObjectIdentifier>0.1.275.21.102.121.113.90.9.65</ObjectIdentifier></extId>
                     <extType>46</extType>
                  </PrivateExtension.Sequence>
               </Collection>
            </privateExtensionList.C0.BoxedType>
            <pcs_Extensions.C1.Sequence>
               
            </pcs_Extensions.C1.Sequence>
         </extensionContainer.Sequence>
      </callInfo.C1.Sequence>
      <ccbs_Feature.C2.Sequence>
         <ccbs_Index.C0.BoxedType><Integer>1</Integer></ccbs_Index.C0.BoxedType>
         <b_subscriberNumber.C1.BoxedType><AddressString.BoxedType><Bytes>043137341005
                  <field name="extension" value="extension:0" type="EnumLong" lengthBit="1"/>
                  <field name="nature of address" value="unknown:0" type="EnumLong" lengthBit="3"/>
                  <field name="numbering plan" value="telex numbering plan (ITU-T Rec F.69):4" type="EnumLong" lengthBit="4"/>
                  <field name="digits" value="1373430150" type="Number_BCD" length="10"/>
               </Bytes></AddressString.BoxedType></b_subscriberNumber.C1.BoxedType>
         <b_subscriberSubaddress.C2.BoxedType><Bytes>61dbf08660a81f</Bytes></b_subscriberSubaddress.C2.BoxedType>
         <basicServiceGroup.C3.Choice>
            <bearerService.C2.BoxedType><Bytes>8117783729</Bytes></bearerService.C2.BoxedType>
            <teleservice.C3.BoxedType><Bytes>45fa0f</Bytes></teleservice.C3.BoxedType>
         </basicServiceGroup.C3.Choice>
      </ccbs_Feature.C2.Sequence>
      <translatedB_Number.C3.BoxedType><AddressString.BoxedType><Bytes>b771337444f0
               <field name="extension" value="no extension:1" type="EnumLong" lengthBit="1"/>
               <field name="nature of address" value="network specific number:3" type="EnumLong" lengthBit="3"/>
               <field name="numbering plan" value="spare:7" type="EnumLong" lengthBit="4"/>
               <field name="digits" value="173347440" type="Number_BCD" length="9"/>
            </Bytes></AddressString.BoxedType></translatedB_Number.C3.BoxedType>
      <replaceB_Number.C4></replaceB_Number.C4>
      <alertingPattern.C5.BoxedType><Bytes>397d391bcf8edcff</Bytes></alertingPattern.C5.BoxedType>
      <extensionContainer.C6.Sequence>
         <privateExtensionList.C0.BoxedType>
            <Collection>
               <PrivateExtension.Sequence>
                  <extId><ObjectIdentifier>0.1.210</ObjectIdentifier></extId>
                  <extType>164cb2b59da238a3</extType>
               </PrivateExtension.Sequence>
               <PrivateExtension.Sequence>
                  <extId><ObjectIdentifier>0.1.2103.58.8.46.72.66.40.77.75</ObjectIdentifier></extId>
                  <extType>0e023178ffc457</extType>
               </PrivateExtension.Sequence>
               <PrivateExtension.Sequence>
                  <extId><ObjectIdentifier>0.1.297.12.7.104.79.54</ObjectIdentifier></extId>
                  <extType>002e2d78c4</extType>
               </PrivateExtension.Sequence>
            </Collection>
         </privateExtensionList.C0.BoxedType>
         <pcs_Extensions.C1.Sequence>
            
         </pcs_Extensions.C1.Sequence>
      </extensionContainer.C6.Sequence>
   </RemoteUserFreeArg.Sequence>
</ASN>