<?xml version="1.0" encoding="ISO-8859-15"?>

<ASN layer="CAP">
   <ReportSM_DeliveryStatusArg.Sequence>
      <msisdn.BoxedType><AddressString.BoxedType><Bytes>588126307911
               <field name="extension" value="extension:0" type="EnumLong" lengthBit="1"/>
               <field name="nature of address" value="reserved:5" type="EnumLong" lengthBit="3"/>
               <field name="numbering plan" value="national numbering plan:8" type="EnumLong" lengthBit="4"/>
               <field name="digits" value="1862039711" type="Number_BCD" length="10"/>
            </Bytes></AddressString.BoxedType></msisdn.BoxedType>
      <serviceCentreAddress.BoxedType><Bytes>536195018258
            <field name="extension" value="extension:0" type="EnumLong" lengthBit="1"/>
            <field name="nature of address" value="reserved:5" type="EnumLong" lengthBit="3"/>
            <field name="numbering plan" value="data numbering plan (ITU-T Rec X.121):3" type="EnumLong" lengthBit="4"/>
            <field name="digits" value="1659102885" type="Number_BCD" length="10"/>
         </Bytes></serviceCentreAddress.BoxedType>
      <sm_DeliveryOutcome.Enum>
         <EnumType>absentSubscriber.1</EnumType>
      </sm_DeliveryOutcome.Enum>
      <absentSubscriberDiagnosticSM.C0.BoxedType><Integer>IMSI detached:1</Integer></absentSubscriberDiagnosticSM.C0.BoxedType>
      <extensionContainer.C1.Sequence>
         <privateExtensionList.C0.BoxedType>
            <Collection>
               <PrivateExtension.Sequence>
                  <extId><ObjectIdentifier>0.1.292.116.28.12.91.122.35.49</ObjectIdentifier></extId>
                  <extType>20ddafb7c2784b</extType>
               </PrivateExtension.Sequence>
               <PrivateExtension.Sequence>
                  <extId><ObjectIdentifier>0.1.285.41.13.46.12.90.68.53</ObjectIdentifier></extId>
                  <extType>bb61e99721dfef2813</extType>
               </PrivateExtension.Sequence>
               <PrivateExtension.Sequence>
                  <extId><ObjectIdentifier>0.1.220.77.77.58</ObjectIdentifier></extId>
                  <extType>0037a49d471c52</extType>
               </PrivateExtension.Sequence>
            </Collection>
         </privateExtensionList.C0.BoxedType>
         <pcs_Extensions.C1.Sequence>
            
         </pcs_Extensions.C1.Sequence>
      </extensionContainer.C1.Sequence>
      <gprsSupportIndicator.C2></gprsSupportIndicator.C2>
      <deliveryOutcomeIndicator.C3></deliveryOutcomeIndicator.C3>
      <additionalSM_DeliveryOutcome.C4.Enum>
         <EnumType>memoryCapacityExceeded.0</EnumType>
      </additionalSM_DeliveryOutcome.C4.Enum>
      <additionalAbsentSubscriberDiagnosticSM.C5.BoxedType><Integer>IMSI detached:1</Integer></additionalAbsentSubscriberDiagnosticSM.C5.BoxedType>
      <ip_sm_gw_Indicator.C6></ip_sm_gw_Indicator.C6>
      <ip_sm_gw_sm_deliveryOutcome.C7.Enum>
         <EnumType>successfulTransfer.2</EnumType>
      </ip_sm_gw_sm_deliveryOutcome.C7.Enum>
      <ip_sm_gw_absentSubscriberDiagnosticSM.C8.BoxedType><Integer>no paging response via the MSC:0</Integer></ip_sm_gw_absentSubscriberDiagnosticSM.C8.BoxedType>
      <imsi.C9.BoxedType><TBCD_STRING.BoxedType><Bytes>7118695999
               <field name="digits" value="1781969599" type="Number_BCD" length="10"/>
            </Bytes></TBCD_STRING.BoxedType></imsi.C9.BoxedType>
      <singleAttemptDelivery.C10></singleAttemptDelivery.C10>
      <correlationID.C11.Sequence>
         <hlr_id.C0.BoxedType><IMSI.BoxedType><TBCD_STRING.BoxedType><Bytes>75450708f3
                     <field name="digits" value="575470803" type="Number_BCD" length="9"/>
                  </Bytes></TBCD_STRING.BoxedType></IMSI.BoxedType></hlr_id.C0.BoxedType>
         <sip_uri_A.C1.BoxedType><Bytes>c9b0811e87</Bytes></sip_uri_A.C1.BoxedType>
         <sip_uri_B.C2.BoxedType><Bytes>ccfdb412874935</Bytes></sip_uri_B.C2.BoxedType>
      </correlationID.C11.Sequence>
   </ReportSM_DeliveryStatusArg.Sequence>
</ASN>