<?xml version="1.0" encoding="ISO-8859-15"?>

<ASN layer="CAP">
   <ReportSM_DeliveryStatusRes.Sequence>
      <storedMSISDN.BoxedType><AddressString.BoxedType><Bytes>5164259282f8
               <field name="extension" value="extension:0" type="EnumLong" lengthBit="1"/>
               <field name="nature of address" value="reserved:5" type="EnumLong" lengthBit="3"/>
               <field name="numbering plan" value="ISDN/Telephony Numbering Plan (Rec ITU-T E.164):1" type="EnumLong" lengthBit="4"/>
               <field name="digits" value="465229288" type="Number_BCD" length="9"/>
            </Bytes></AddressString.BoxedType></storedMSISDN.BoxedType>
      <extensionContainer.Sequence>
         <privateExtensionList.C0.BoxedType>
            <Collection>
               <PrivateExtension.Sequence>
                  <extId><ObjectIdentifier>0.1.212.111</ObjectIdentifier></extId>
                  <extType>dc318281</extType>
               </PrivateExtension.Sequence>
               <PrivateExtension.Sequence>
                  <extId><ObjectIdentifier>0.1.228.6.51.15</ObjectIdentifier></extId>
                  <extType>a7a8ee1bd541ee</extType>
               </PrivateExtension.Sequence>
               <PrivateExtension.Sequence>
                  <extId><ObjectIdentifier>0.1.271.37.106.105.75.38.25</ObjectIdentifier></extId>
                  <extType>8331</extType>
               </PrivateExtension.Sequence>
            </Collection>
         </privateExtensionList.C0.BoxedType>
         <pcs_Extensions.C1.Sequence>
            
         </pcs_Extensions.C1.Sequence>
      </extensionContainer.Sequence>
   </ReportSM_DeliveryStatusRes.Sequence>
</ASN>