<?xml version="1.0" encoding="ISO-8859-15"?>

<ASN layer="CAP">
   <RequestedInformation.Sequence>
      <requestedInformationType.C0.Enum>
         <EnumType>callAttemptElapsedTime.0</EnumType>
      </requestedInformationType.C0.Enum>
      <requestedInformationValue.C1.Choice>
         <callAttemptElapsedTimeValue.C0>1</callAttemptElapsedTimeValue.C0>
         <callStopTimeValue.C1.BoxedType><Bytes>a9c254</Bytes></callStopTimeValue.C1.BoxedType>
         <callConnectedElapsedTimeValue.C2.BoxedType><Integer>0</Integer></callConnectedElapsedTimeValue.C2.BoxedType>
         <releaseCauseValue.C30.BoxedType><Bytes>b4d48b
               <field name="ext1" value="last octet:1" type="EnumLong" lengthBit="1"/>
               <field name="Coding standard" value="ISO/IEC Standard (see Note):1" type="EnumLong" lengthBit="2"/>
               <field name="Spare" value="1" type="Integer" lengthBit="1"/>
               <field name="Location" value="public network serving the remote user (RLN):4" type="EnumLong" lengthBit="4"/>
               <field name="ext3" value="last octet:1" type="EnumLong" lengthBit="1"/>
               <field name="Cause value" value="Class 101 invalid message : Call identity in use:84" type="EnumLong" lengthBit="7"/>
               <field name="Diagnostics" value="8b" type="Binary" length="1"/>
            </Bytes></releaseCauseValue.C30.BoxedType>
      </requestedInformationValue.C1.Choice>
   </RequestedInformation.Sequence>
</ASN>