<?xml version="1.0" encoding="ISO-8859-15"?>

<ASN layer="CAP">
   <RequestReportGPRSEventArg.Sequence>
      
      <Collection>
         <gPRSEvent.C0.Sequence>
            <gPRSEventType.C0.Enum>
               <EnumType>pdp_ContextEstablishment.11</EnumType>
            </gPRSEventType.C0.Enum>
            <monitorMode.C1.Enum>
               <EnumType>notifyAndContinue.1</EnumType>
            </monitorMode.C1.Enum>
         </gPRSEvent.C0.Sequence>
         <gPRSEvent.C0.Sequence>
            <gPRSEventType.C0.Enum>
               <EnumType>disonnect.13</EnumType>
            </gPRSEventType.C0.Enum>
            <monitorMode.C1.Enum>
               <EnumType>notifyAndContinue.1</EnumType>
            </monitorMode.C1.Enum>
         </gPRSEvent.C0.Sequence>
         <gPRSEvent.C0.Sequence>
            <gPRSEventType.C0.Enum>
               <EnumType>pdp_ContextEstablishmentAcknowledgement.12</EnumType>
            </gPRSEventType.C0.Enum>
            <monitorMode.C1.Enum>
               <EnumType>transparent.2</EnumType>
            </monitorMode.C1.Enum>
         </gPRSEvent.C0.Sequence>
      </Collection>
   
      <pDPId.C1.BoxedType><Bytes>efa6e3619452cff2</Bytes></pDPId.C1.BoxedType>
   </RequestReportGPRSEventArg.Sequence>
</ASN>