<?xml version="1.0" encoding="ISO-8859-15"?>

<ASN layer="CAP">
   <RequestReportSMSEventArg.Sequence>
      
      <Collection>
         <sMSEvents.C0.Sequence>
            <eventTypeSMS.C0.Enum>
               <EnumType>sms_CollectedInfo.1</EnumType>
            </eventTypeSMS.C0.Enum>
            <monitorMode.C1.Enum>
               <EnumType>transparent.2</EnumType>
            </monitorMode.C1.Enum>
         </sMSEvents.C0.Sequence>
         <sMSEvents.C0.Sequence>
            <eventTypeSMS.C0.Enum>
               <EnumType>o_smsSubmission.3</EnumType>
            </eventTypeSMS.C0.Enum>
            <monitorMode.C1.Enum>
               <EnumType>notifyAndContinue.1</EnumType>
            </monitorMode.C1.Enum>
         </sMSEvents.C0.Sequence>
         <sMSEvents.C0.Sequence>
            <eventTypeSMS.C0.Enum>
               <EnumType>o_smsFailure.2</EnumType>
            </eventTypeSMS.C0.Enum>
            <monitorMode.C1.Enum>
               <EnumType>notifyAndContinue.1</EnumType>
            </monitorMode.C1.Enum>
         </sMSEvents.C0.Sequence>
      </Collection>
   
      <extensions.C10.BoxedType>
         <Collection>
            <ExtensionField.Sequence>
               <type.Choice>
                  <local>3498541228</local>
                  <global><ObjectIdentifier>0.1.211</ObjectIdentifier></global>
               </type.Choice>
               <criticality.nulld.Enum>
                  <EnumType>abort.1</EnumType>
               </criticality.nulld.Enum>
               <NullObject.C1></NullObject.C1>
            </ExtensionField.Sequence>
            <ExtensionField.Sequence>
               <type.Choice>
                  <local>1959556832</local>
                  <global><ObjectIdentifier>0.1.215.59.47</ObjectIdentifier></global>
               </type.Choice>
               <criticality.nulld.Enum>
                  <EnumType>abort.1</EnumType>
               </criticality.nulld.Enum>
               <NullObject.C1></NullObject.C1>
            </ExtensionField.Sequence>
            <ExtensionField.Sequence>
               <type.Choice>
                  <local>2684724685</local>
                  <global><ObjectIdentifier>0.1.2</ObjectIdentifier></global>
               </type.Choice>
               <criticality.nulld.Enum>
                  <EnumType>abort.1</EnumType>
               </criticality.nulld.Enum>
               <NullObject.C1></NullObject.C1>
            </ExtensionField.Sequence>
         </Collection>
      </extensions.C10.BoxedType>
   </RequestReportSMSEventArg.Sequence>
</ASN>