<?xml version="1.0" encoding="ISO-8859-15"?>

<ASN layer="CAP">
   <RequestReportBCSMEventArg.Sequence>
      
      <Collection>
         <bcsmEvents.C0.Sequence>
            <eventTypeBCSM.C0.Enum>
               <EnumType>oTermSeized.19</EnumType>
            </eventTypeBCSM.C0.Enum>
            <monitorMode.C1.Enum>
               <EnumType>transparent.2</EnumType>
            </monitorMode.C1.Enum>
            <legID.C2.Choice>
               <sendingSideID.C0.BoxedType><Bytes>01
                     <field name="LegType" value="leg1 LegType:1" type="EnumLong" length="1"/>
                  </Bytes></sendingSideID.C0.BoxedType>
               <receivingSideID.C1.BoxedType><Bytes>6d
                     <field name="LegType" value="109" type="EnumLong" length="1"/>
                  </Bytes></receivingSideID.C1.BoxedType>
            </legID.C2.Choice>
            <dpSpecificCriteria.C30.Choice>
               <applicationTimer.C1.BoxedType><Integer>1</Integer></applicationTimer.C1.BoxedType>
               <midCallControlInfo.C2.Sequence>
                  <minimumNumberOfDigits.C0d>1</minimumNumberOfDigits.C0d>
                  <maximumNumberOfDigits.C1d>0</maximumNumberOfDigits.C1d>
                  <endOfReplyDigit.C2>4cf7</endOfReplyDigit.C2>
                  <cancelDigit.C3>2d7b93</cancelDigit.C3>
                  <startDigit.C4>aa35</startDigit.C4>
                  <interDigitTimeout.C6d>1</interDigitTimeout.C6d>
               </midCallControlInfo.C2.Sequence>
               <dpSpecificCriteriaAlt.C3.Sequence>
                  <changeOfPositionControlInfo.C0.BoxedType>
                     <Collection>
                        <ChangeOfLocation.Choice>
                           <cellGlobalId.C0.BoxedType><Bytes>2182716098dd48
                                 <field name="MMC" value="122,178" type="NumberMMC" length="3"/>
                                 <field name="LAC" value="24728" type="Integer" length="2"/>
                                 <field name="CI_SAC" value="56648" type="Integer" length="2"/>
                              </Bytes></cellGlobalId.C0.BoxedType>
                           <serviceAreaId.C1.BoxedType><Bytes>01745182810866
                                 <field name="MMC" value="104,157" type="NumberMMC" length="3"/>
                                 <field name="LAC" value="33409" type="Integer" length="2"/>
                                 <field name="CI_SAC" value="2150" type="Integer" length="2"/>
                              </Bytes></serviceAreaId.C1.BoxedType>
                           <locationAreaId.C2.BoxedType><Bytes>11f121f46b
                                 <field name="MMC" value="111,12" type="NumberMMC" length="3"/>
                                 <field name="LAC" value="62571" type="Integer" length="2"/>
                              </Bytes></locationAreaId.C2.BoxedType>
                           <inter_SystemHandOver.C3></inter_SystemHandOver.C3>
                           <inter_PLMNHandOver.C4></inter_PLMNHandOver.C4>
                           <inter_MSCHandOver.C5></inter_MSCHandOver.C5>
                           <changeOfLocationAlt.C6.Sequence>
                              
                           </changeOfLocationAlt.C6.Sequence>
                        </ChangeOfLocation.Choice>
                        <ChangeOfLocation.Choice>
                           <cellGlobalId.C0.BoxedType><Bytes>41f632d0490e17
                                 <field name="MMC" value="146,23" type="NumberMMC" length="3"/>
                                 <field name="LAC" value="53321" type="Integer" length="2"/>
                                 <field name="CI_SAC" value="3607" type="Integer" length="2"/>
                              </Bytes></cellGlobalId.C0.BoxedType>
                           <serviceAreaId.C1.BoxedType><Bytes>42f3425ffce924
                                 <field name="MMC" value="243,24" type="NumberMMC" length="3"/>
                                 <field name="LAC" value="24572" type="Integer" length="2"/>
                                 <field name="CI_SAC" value="59684" type="Integer" length="2"/>
                              </Bytes></serviceAreaId.C1.BoxedType>
                           <locationAreaId.C2.BoxedType><Bytes>013702e9b1
                                 <field name="MMC" value="107,203" type="NumberMMC" length="3"/>
                                 <field name="LAC" value="59825" type="Integer" length="2"/>
                              </Bytes></locationAreaId.C2.BoxedType>
                           <inter_SystemHandOver.C3></inter_SystemHandOver.C3>
                           <inter_PLMNHandOver.C4></inter_PLMNHandOver.C4>
                           <inter_MSCHandOver.C5></inter_MSCHandOver.C5>
                           <changeOfLocationAlt.C6.Sequence>
                              
                           </changeOfLocationAlt.C6.Sequence>
                        </ChangeOfLocation.Choice>
                        <ChangeOfLocation.Choice>
                           <cellGlobalId.C0.BoxedType><Bytes>510801ea2d0d7b
                                 <field name="MMC" value="158,100" type="NumberMMC" length="3"/>
                                 <field name="LAC" value="59949" type="Integer" length="2"/>
                                 <field name="CI_SAC" value="3451" type="Integer" length="2"/>
                              </Bytes></cellGlobalId.C0.BoxedType>
                           <serviceAreaId.C1.BoxedType><Bytes>32374150d5c222
                                 <field name="MMC" value="237,143" type="NumberMMC" length="3"/>
                                 <field name="LAC" value="20693" type="Integer" length="2"/>
                                 <field name="CI_SAC" value="49698" type="Integer" length="2"/>
                              </Bytes></serviceAreaId.C1.BoxedType>
                           <locationAreaId.C2.BoxedType><Bytes>121111a83a
                                 <field name="MMC" value="211,111" type="NumberMMC" length="3"/>
                                 <field name="LAC" value="43066" type="Integer" length="2"/>
                              </Bytes></locationAreaId.C2.BoxedType>
                           <inter_SystemHandOver.C3></inter_SystemHandOver.C3>
                           <inter_PLMNHandOver.C4></inter_PLMNHandOver.C4>
                           <inter_MSCHandOver.C5></inter_MSCHandOver.C5>
                           <changeOfLocationAlt.C6.Sequence>
                              
                           </changeOfLocationAlt.C6.Sequence>
                        </ChangeOfLocation.Choice>
                     </Collection>
                  </changeOfPositionControlInfo.C0.BoxedType>
                  <numberOfDigits.C1.BoxedType><Integer>0</Integer></numberOfDigits.C1.BoxedType>
                  <interDigitTimeout.C2>1</interDigitTimeout.C2>
               </dpSpecificCriteriaAlt.C3.Sequence>
            </dpSpecificCriteria.C30.Choice>
            <automaticRearm.C50></automaticRearm.C50>
         </bcsmEvents.C0.Sequence>
         <bcsmEvents.C0.Sequence>
            <eventTypeBCSM.C0.Enum>
               <EnumType>tChangeOfPosition.51</EnumType>
            </eventTypeBCSM.C0.Enum>
            <monitorMode.C1.Enum>
               <EnumType>notifyAndContinue.1</EnumType>
            </monitorMode.C1.Enum>
            <legID.C2.Choice>
               <sendingSideID.C0.BoxedType><Bytes>6a
                     <field name="LegType" value="106" type="EnumLong" length="1"/>
                  </Bytes></sendingSideID.C0.BoxedType>
               <receivingSideID.C1.BoxedType><Bytes>02
                     <field name="LegType" value="leg2 LegType:2" type="EnumLong" length="1"/>
                  </Bytes></receivingSideID.C1.BoxedType>
            </legID.C2.Choice>
            <dpSpecificCriteria.C30.Choice>
               <applicationTimer.C1.BoxedType><Integer>1</Integer></applicationTimer.C1.BoxedType>
               <midCallControlInfo.C2.Sequence>
                  <minimumNumberOfDigits.C0d>1</minimumNumberOfDigits.C0d>
                  <maximumNumberOfDigits.C1d>1</maximumNumberOfDigits.C1d>
                  <endOfReplyDigit.C2>88c28bc0889f</endOfReplyDigit.C2>
                  <cancelDigit.C3>bbbbb5</cancelDigit.C3>
                  <startDigit.C4>aa679ab5b5cea0</startDigit.C4>
                  <interDigitTimeout.C6d>2</interDigitTimeout.C6d>
               </midCallControlInfo.C2.Sequence>
               <dpSpecificCriteriaAlt.C3.Sequence>
                  <changeOfPositionControlInfo.C0.BoxedType>
                     <Collection>
                        <ChangeOfLocation.Choice>
                           <cellGlobalId.C0.BoxedType><Bytes>126311f432d437
                                 <field name="MMC" value="213,116" type="NumberMMC" length="3"/>
                                 <field name="LAC" value="62514" type="Integer" length="2"/>
                                 <field name="CI_SAC" value="54327" type="Integer" length="2"/>
                              </Bytes></cellGlobalId.C0.BoxedType>
                           <serviceAreaId.C1.BoxedType><Bytes>814002d5fd0fe5
                                 <field name="MMC" value="180,204" type="NumberMMC" length="3"/>
                                 <field name="LAC" value="54781" type="Integer" length="2"/>
                                 <field name="CI_SAC" value="4069" type="Integer" length="2"/>
                              </Bytes></serviceAreaId.C1.BoxedType>
                           <locationAreaId.C2.BoxedType><Bytes>32f05868b1
                                 <field name="MMC" value="230,85" type="NumberMMC" length="3"/>
                                 <field name="LAC" value="26801" type="Integer" length="2"/>
                              </Bytes></locationAreaId.C2.BoxedType>
                           <inter_SystemHandOver.C3></inter_SystemHandOver.C3>
                           <inter_PLMNHandOver.C4></inter_PLMNHandOver.C4>
                           <inter_MSCHandOver.C5></inter_MSCHandOver.C5>
                           <changeOfLocationAlt.C6.Sequence>
                              
                           </changeOfLocationAlt.C6.Sequence>
                        </ChangeOfLocation.Choice>
                        <ChangeOfLocation.Choice>
                           <cellGlobalId.C0.BoxedType><Bytes>11f0261050c4bd
                                 <field name="MMC" value="110,62" type="NumberMMC" length="3"/>
                                 <field name="LAC" value="4176" type="Integer" length="2"/>
                                 <field name="CI_SAC" value="50365" type="Integer" length="2"/>
                              </Bytes></cellGlobalId.C0.BoxedType>
                           <serviceAreaId.C1.BoxedType><Bytes>7138914b696048
                                 <field name="MMC" value="178,193" type="NumberMMC" length="3"/>
                                 <field name="LAC" value="19305" type="Integer" length="2"/>
                                 <field name="CI_SAC" value="24648" type="Integer" length="2"/>
                              </Bytes></serviceAreaId.C1.BoxedType>
                           <locationAreaId.C2.BoxedType><Bytes>42f6486f35
                                 <field name="MMC" value="246,84" type="NumberMMC" length="3"/>
                                 <field name="LAC" value="28469" type="Integer" length="2"/>
                              </Bytes></locationAreaId.C2.BoxedType>
                           <inter_SystemHandOver.C3></inter_SystemHandOver.C3>
                           <inter_PLMNHandOver.C4></inter_PLMNHandOver.C4>
                           <inter_MSCHandOver.C5></inter_MSCHandOver.C5>
                           <changeOfLocationAlt.C6.Sequence>
                              
                           </changeOfLocationAlt.C6.Sequence>
                        </ChangeOfLocation.Choice>
                        <ChangeOfLocation.Choice>
                           <cellGlobalId.C0.BoxedType><Bytes>514561f59f0531
                                 <field name="MMC" value="155,164" type="NumberMMC" length="3"/>
                                 <field name="LAC" value="62879" type="Integer" length="2"/>
                                 <field name="CI_SAC" value="1329" type="Integer" length="2"/>
                              </Bytes></cellGlobalId.C0.BoxedType>
                           <serviceAreaId.C1.BoxedType><Bytes>513781d883db64
                                 <field name="MMC" value="157,183" type="NumberMMC" length="3"/>
                                 <field name="LAC" value="55427" type="Integer" length="2"/>
                                 <field name="CI_SAC" value="56164" type="Integer" length="2"/>
                              </Bytes></serviceAreaId.C1.BoxedType>
                           <locationAreaId.C2.BoxedType><Bytes>213811a282
                                 <field name="MMC" value="128,113" type="NumberMMC" length="3"/>
                                 <field name="LAC" value="41602" type="Integer" length="2"/>
                              </Bytes></locationAreaId.C2.BoxedType>
                           <inter_SystemHandOver.C3></inter_SystemHandOver.C3>
                           <inter_PLMNHandOver.C4></inter_PLMNHandOver.C4>
                           <inter_MSCHandOver.C5></inter_MSCHandOver.C5>
                           <changeOfLocationAlt.C6.Sequence>
                              
                           </changeOfLocationAlt.C6.Sequence>
                        </ChangeOfLocation.Choice>
                     </Collection>
                  </changeOfPositionControlInfo.C0.BoxedType>
                  <numberOfDigits.C1.BoxedType><Integer>1</Integer></numberOfDigits.C1.BoxedType>
                  <interDigitTimeout.C2>0</interDigitTimeout.C2>
               </dpSpecificCriteriaAlt.C3.Sequence>
            </dpSpecificCriteria.C30.Choice>
            <automaticRearm.C50></automaticRearm.C50>
         </bcsmEvents.C0.Sequence>
         <bcsmEvents.C0.Sequence>
            <eventTypeBCSM.C0.Enum>
               <EnumType>callAccepted.27</EnumType>
            </eventTypeBCSM.C0.Enum>
            <monitorMode.C1.Enum>
               <EnumType>notifyAndContinue.1</EnumType>
            </monitorMode.C1.Enum>
            <legID.C2.Choice>
               <sendingSideID.C0.BoxedType><Bytes>a3
                     <field name="LegType" value="163" type="EnumLong" length="1"/>
                  </Bytes></sendingSideID.C0.BoxedType>
               <receivingSideID.C1.BoxedType><Bytes>5f
                     <field name="LegType" value="95" type="EnumLong" length="1"/>
                  </Bytes></receivingSideID.C1.BoxedType>
            </legID.C2.Choice>
            <dpSpecificCriteria.C30.Choice>
               <applicationTimer.C1.BoxedType><Integer>2</Integer></applicationTimer.C1.BoxedType>
               <midCallControlInfo.C2.Sequence>
                  <minimumNumberOfDigits.C0d>2</minimumNumberOfDigits.C0d>
                  <maximumNumberOfDigits.C1d>0</maximumNumberOfDigits.C1d>
                  <endOfReplyDigit.C2>df3b696fc8cd0eab6e</endOfReplyDigit.C2>
                  <cancelDigit.C3>7119d2ec63eeec</cancelDigit.C3>
                  <startDigit.C4>8a67aee389b8</startDigit.C4>
                  <interDigitTimeout.C6d>2</interDigitTimeout.C6d>
               </midCallControlInfo.C2.Sequence>
               <dpSpecificCriteriaAlt.C3.Sequence>
                  <changeOfPositionControlInfo.C0.BoxedType>
                     <Collection>
                        <ChangeOfLocation.Choice>
                           <cellGlobalId.C0.BoxedType><Bytes>91f777613806b0
                                 <field name="MMC" value="197,77" type="NumberMMC" length="3"/>
                                 <field name="LAC" value="24888" type="Integer" length="2"/>
                                 <field name="CI_SAC" value="1712" type="Integer" length="2"/>
                              </Bytes></cellGlobalId.C0.BoxedType>
                           <serviceAreaId.C1.BoxedType><Bytes>8153610994aa13
                                 <field name="MMC" value="183,165" type="NumberMMC" length="3"/>
                                 <field name="LAC" value="2452" type="Integer" length="2"/>
                                 <field name="CI_SAC" value="43539" type="Integer" length="2"/>
                              </Bytes></serviceAreaId.C1.BoxedType>
                           <locationAreaId.C2.BoxedType><Bytes>9121125565
                                 <field name="MMC" value="191,212" type="NumberMMC" length="3"/>
                                 <field name="LAC" value="21861" type="Integer" length="2"/>
                              </Bytes></locationAreaId.C2.BoxedType>
                           <inter_SystemHandOver.C3></inter_SystemHandOver.C3>
                           <inter_PLMNHandOver.C4></inter_PLMNHandOver.C4>
                           <inter_MSCHandOver.C5></inter_MSCHandOver.C5>
                           <changeOfLocationAlt.C6.Sequence>
                              
                           </changeOfLocationAlt.C6.Sequence>
                        </ChangeOfLocation.Choice>
                        <ChangeOfLocation.Choice>
                           <cellGlobalId.C0.BoxedType><Bytes>02450114d7128f
                                 <field name="MMC" value="205,104" type="NumberMMC" length="3"/>
                                 <field name="LAC" value="5335" type="Integer" length="2"/>
                                 <field name="CI_SAC" value="4751" type="Integer" length="2"/>
                              </Bytes></cellGlobalId.C0.BoxedType>
                           <serviceAreaId.C1.BoxedType><Bytes>32f367e90204df
                                 <field name="MMC" value="233,76" type="NumberMMC" length="3"/>
                                 <field name="LAC" value="59650" type="Integer" length="2"/>
                                 <field name="CI_SAC" value="1247" type="Integer" length="2"/>
                              </Bytes></serviceAreaId.C1.BoxedType>
                           <locationAreaId.C2.BoxedType><Bytes>02848180f7
                                 <field name="MMC" value="204,188" type="NumberMMC" length="3"/>
                                 <field name="LAC" value="33015" type="Integer" length="2"/>
                              </Bytes></locationAreaId.C2.BoxedType>
                           <inter_SystemHandOver.C3></inter_SystemHandOver.C3>
                           <inter_PLMNHandOver.C4></inter_PLMNHandOver.C4>
                           <inter_MSCHandOver.C5></inter_MSCHandOver.C5>
                           <changeOfLocationAlt.C6.Sequence>
                              
                           </changeOfLocationAlt.C6.Sequence>
                        </ChangeOfLocation.Choice>
                        <ChangeOfLocation.Choice>
                           <cellGlobalId.C0.BoxedType><Bytes>3204010d74be81
                                 <field name="MMC" value="234,100" type="NumberMMC" length="3"/>
                                 <field name="LAC" value="3444" type="Integer" length="2"/>
                                 <field name="CI_SAC" value="48769" type="Integer" length="2"/>
                              </Bytes></cellGlobalId.C0.BoxedType>
                           <serviceAreaId.C1.BoxedType><Bytes>8150019ecf6875
                                 <field name="MMC" value="180,105" type="NumberMMC" length="3"/>
                                 <field name="LAC" value="40655" type="Integer" length="2"/>
                                 <field name="CI_SAC" value="26741" type="Integer" length="2"/>
                              </Bytes></serviceAreaId.C1.BoxedType>
                           <locationAreaId.C2.BoxedType><Bytes>21f6611ff4
                                 <field name="MMC" value="126,16" type="NumberMMC" length="3"/>
                                 <field name="LAC" value="8180" type="Integer" length="2"/>
                              </Bytes></locationAreaId.C2.BoxedType>
                           <inter_SystemHandOver.C3></inter_SystemHandOver.C3>
                           <inter_PLMNHandOver.C4></inter_PLMNHandOver.C4>
                           <inter_MSCHandOver.C5></inter_MSCHandOver.C5>
                           <changeOfLocationAlt.C6.Sequence>
                              
                           </changeOfLocationAlt.C6.Sequence>
                        </ChangeOfLocation.Choice>
                     </Collection>
                  </changeOfPositionControlInfo.C0.BoxedType>
                  <numberOfDigits.C1.BoxedType><Integer>1</Integer></numberOfDigits.C1.BoxedType>
                  <interDigitTimeout.C2>0</interDigitTimeout.C2>
               </dpSpecificCriteriaAlt.C3.Sequence>
            </dpSpecificCriteria.C30.Choice>
            <automaticRearm.C50></automaticRearm.C50>
         </bcsmEvents.C0.Sequence>
      </Collection>
   
      <extensions.C2.BoxedType>
         <Collection>
            <ExtensionField.Sequence>
               <type.Choice>
                  <local>1824546458</local>
                  <global><ObjectIdentifier>0.1.2104.98.38.9</ObjectIdentifier></global>
               </type.Choice>
               <criticality.nulld.Enum>
                  <EnumType>ignore.0</EnumType>
               </criticality.nulld.Enum>
               <NullObject.C1></NullObject.C1>
            </ExtensionField.Sequence>
            <ExtensionField.Sequence>
               <type.Choice>
                  <local>169464497</local>
                  <global><ObjectIdentifier>0.1.2126</ObjectIdentifier></global>
               </type.Choice>
               <criticality.nulld.Enum>
                  <EnumType>ignore.0</EnumType>
               </criticality.nulld.Enum>
               <NullObject.C1></NullObject.C1>
            </ExtensionField.Sequence>
            <ExtensionField.Sequence>
               <type.Choice>
                  <local>1244360942</local>
                  <global><ObjectIdentifier>0.1.278.69.39</ObjectIdentifier></global>
               </type.Choice>
               <criticality.nulld.Enum>
                  <EnumType>ignore.0</EnumType>
               </criticality.nulld.Enum>
               <NullObject.C1></NullObject.C1>
            </ExtensionField.Sequence>
         </Collection>
      </extensions.C2.BoxedType>
   </RequestReportBCSMEventArg.Sequence>
</ASN>