<?xml version="1.0" encoding="ISO-8859-15"?>

<ASN layer="CAP">
   <ResetTimerArg.Sequence>
      <timerID.C0d.Enum>
         <EnumType>tssf.0</EnumType>
      </timerID.C0d.Enum>
      <timervalue.C1.BoxedType><Integer4.BoxedType><Integer>1</Integer></Integer4.BoxedType></timervalue.C1.BoxedType>
      <extensions.C2.BoxedType>
         <Collection>
            <ExtensionField.Sequence>
               <type.Choice>
                  <local>2208674607</local>
                  <global><ObjectIdentifier>0.1.2</ObjectIdentifier></global>
               </type.Choice>
               <criticality.nulld.Enum>
                  <EnumType>abort.1</EnumType>
               </criticality.nulld.Enum>
               <NullObject.C1></NullObject.C1>
            </ExtensionField.Sequence>
            <ExtensionField.Sequence>
               <type.Choice>
                  <local>3395626520</local>
                  <global><ObjectIdentifier>0.1.235.101.75.116.1.4.122.28.58.31</ObjectIdentifier></global>
               </type.Choice>
               <criticality.nulld.Enum>
                  <EnumType>abort.1</EnumType>
               </criticality.nulld.Enum>
               <NullObject.C1></NullObject.C1>
            </ExtensionField.Sequence>
            <ExtensionField.Sequence>
               <type.Choice>
                  <local>615203636</local>
                  <global><ObjectIdentifier>0.1.24</ObjectIdentifier></global>
               </type.Choice>
               <criticality.nulld.Enum>
                  <EnumType>abort.1</EnumType>
               </criticality.nulld.Enum>
               <NullObject.C1></NullObject.C1>
            </ExtensionField.Sequence>
         </Collection>
      </extensions.C2.BoxedType>
      <callSegmentID.C3.BoxedType><Integer>1</Integer></callSegmentID.C3.BoxedType>
   </ResetTimerArg.Sequence>
</ASN>