<?xml version="1.0" encoding="ISO-8859-15"?>

<ASN layer="CAP">
   <ResetArg.Sequence>
      <sendingNodenumber.Choice>
         <hlr_Number.BoxedType><AddressString.BoxedType><Bytes>348173878775
                  <field name="extension" value="extension:0" type="EnumLong" lengthBit="1"/>
                  <field name="nature of address" value="network specific number:3" type="EnumLong" lengthBit="3"/>
                  <field name="numbering plan" value="telex numbering plan (ITU-T Rec F.69):4" type="EnumLong" lengthBit="4"/>
                  <field name="digits" value="1837787857" type="Number_BCD" length="10"/>
               </Bytes></AddressString.BoxedType></hlr_Number.BoxedType>
         <css_Number.C1.BoxedType><AddressString.BoxedType><Bytes>2001704577f4
                  <field name="extension" value="extension:0" type="EnumLong" lengthBit="1"/>
                  <field name="nature of address" value="national significant number:2" type="EnumLong" lengthBit="3"/>
                  <field name="numbering plan" value="unknown:0" type="EnumLong" lengthBit="4"/>
                  <field name="digits" value="100754774" type="Number_BCD" length="9"/>
               </Bytes></AddressString.BoxedType></css_Number.C1.BoxedType>
      </sendingNodenumber.Choice>
      <hlr_List.BoxedType>
         <Collection>
            <HLR_Id.BoxedType><IMSI.BoxedType><TBCD_STRING.BoxedType><Bytes>59468426f3
                        <field name="digits" value="956448623" type="Number_BCD" length="9"/>
                     </Bytes></TBCD_STRING.BoxedType></IMSI.BoxedType></HLR_Id.BoxedType>
            <HLR_Id.BoxedType><IMSI.BoxedType><TBCD_STRING.BoxedType><Bytes>0171996350
                        <field name="digits" value="1017993605" type="Number_BCD" length="10"/>
                     </Bytes></TBCD_STRING.BoxedType></IMSI.BoxedType></HLR_Id.BoxedType>
            <HLR_Id.BoxedType><IMSI.BoxedType><TBCD_STRING.BoxedType><Bytes>2180652280
                        <field name="digits" value="1208562208" type="Number_BCD" length="10"/>
                     </Bytes></TBCD_STRING.BoxedType></IMSI.BoxedType></HLR_Id.BoxedType>
         </Collection>
      </hlr_List.BoxedType>
      <extensionContainer.C0.Sequence>
         <privateExtensionList.C0.BoxedType>
            <Collection>
               <PrivateExtension.Sequence>
                  <extId><ObjectIdentifier>0.1.261</ObjectIdentifier></extId>
                  <extType>4000c15dff9093505e4d</extType>
               </PrivateExtension.Sequence>
               <PrivateExtension.Sequence>
                  <extId><ObjectIdentifier>0.1.299.39.84.24.101.26</ObjectIdentifier></extId>
                  <extType>d0c00b68af193d</extType>
               </PrivateExtension.Sequence>
               <PrivateExtension.Sequence>
                  <extId><ObjectIdentifier>0.1.244.1.127.52.52.116.1.118.33</ObjectIdentifier></extId>
                  <extType>830971b785</extType>
               </PrivateExtension.Sequence>
            </Collection>
         </privateExtensionList.C0.BoxedType>
         <pcs_Extensions.C1.Sequence>
            
         </pcs_Extensions.C1.Sequence>
      </extensionContainer.C0.Sequence>
   </ResetArg.Sequence>
</ASN>