<?xml version="1.0" encoding="ISO-8859-15"?>

<ASN layer="CAP">
   <ResourceLimitationParam.Sequence><extensionContainer.Sequence>
         <privateExtensionList.C0.BoxedType>
            <Collection>
               <PrivateExtension.Sequence>
                  <extId><ObjectIdentifier>0.1.2108.16.19.37.119.106.91.60.71.95</ObjectIdentifier></extId>
                  <extType>4006e7fc8725c0</extType>
               </PrivateExtension.Sequence>
               <PrivateExtension.Sequence>
                  <extId><ObjectIdentifier>0.1.264.64.86.96.77</ObjectIdentifier></extId>
                  <extType>bdd7a6</extType>
               </PrivateExtension.Sequence>
               <PrivateExtension.Sequence>
                  <extId><ObjectIdentifier>0.1.294.50</ObjectIdentifier></extId>
                  <extType>1e949160c1f8b111a8</extType>
               </PrivateExtension.Sequence>
            </Collection>
         </privateExtensionList.C0.BoxedType>
         <pcs_Extensions.C1.Sequence>
            
         </pcs_Extensions.C1.Sequence>
      </extensionContainer.Sequence></ResourceLimitationParam.Sequence>
</ASN>