<?xml version="1.0" encoding="ISO-8859-15"?>

<ASN layer="CAP">
   <RestoreDataRes.Sequence>
      <hlr_Number.BoxedType><AddressString.BoxedType><Bytes>ba1166715639
               <field name="extension" value="no extension:1" type="EnumLong" lengthBit="1"/>
               <field name="nature of address" value="network specific number:3" type="EnumLong" lengthBit="3"/>
               <field name="numbering plan" value="10" type="EnumLong" lengthBit="4"/>
               <field name="digits" value="1166176593" type="Number_BCD" length="10"/>
            </Bytes></AddressString.BoxedType></hlr_Number.BoxedType>
      <msNotReachable></msNotReachable>
      <extensionContainer.Sequence>
         <privateExtensionList.C0.BoxedType>
            <Collection>
               <PrivateExtension.Sequence>
                  <extId><ObjectIdentifier>0.1.263.115.91.59.11.77.53</ObjectIdentifier></extId>
                  <extType>1aea403eaded</extType>
               </PrivateExtension.Sequence>
               <PrivateExtension.Sequence>
                  <extId><ObjectIdentifier>0.1.2</ObjectIdentifier></extId>
                  <extType>579f</extType>
               </PrivateExtension.Sequence>
               <PrivateExtension.Sequence>
                  <extId><ObjectIdentifier>0.1.222.69.91.108.43.57.24.20</ObjectIdentifier></extId>
                  <extType>658121</extType>
               </PrivateExtension.Sequence>
            </Collection>
         </privateExtensionList.C0.BoxedType>
         <pcs_Extensions.C1.Sequence>
            
         </pcs_Extensions.C1.Sequence>
      </extensionContainer.Sequence>
   </RestoreDataRes.Sequence>
</ASN>