<?xml version="1.0" encoding="ISO-8859-15"?>

<ASN layer="CAP">
   <RestoreDataArg.Sequence>
      <imsi.BoxedType><TBCD_STRING.BoxedType><Bytes>82310110f4
               <field name="digits" value="281310014" type="Number_BCD" length="9"/>
            </Bytes></TBCD_STRING.BoxedType></imsi.BoxedType>
      <lmsi.BoxedType><Bytes>a35f
            <field name="digits" value="a35f" type="Binary" length="2"/>
         </Bytes></lmsi.BoxedType>
      <extensionContainer.Sequence>
         <privateExtensionList.C0.BoxedType>
            <Collection>
               <PrivateExtension.Sequence>
                  <extId><ObjectIdentifier>0.1.272.70.51.73.33.76</ObjectIdentifier></extId>
                  <extType>ee3c54</extType>
               </PrivateExtension.Sequence>
               <PrivateExtension.Sequence>
                  <extId><ObjectIdentifier>0.1.2112.2.84.30.3.119.91.117.63.88</ObjectIdentifier></extId>
                  <extType>6e</extType>
               </PrivateExtension.Sequence>
               <PrivateExtension.Sequence>
                  <extId><ObjectIdentifier>0.1.26.10.72.110.29</ObjectIdentifier></extId>
                  <extType>4e45784c0a</extType>
               </PrivateExtension.Sequence>
            </Collection>
         </privateExtensionList.C0.BoxedType>
         <pcs_Extensions.C1.Sequence>
            
         </pcs_Extensions.C1.Sequence>
      </extensionContainer.Sequence>
      <vlr_Capability.C6.Sequence>
         <supportedCamelPhases.C0.BoxedType><BitString><BitString value="4d4185" trailing="0"/></BitString></supportedCamelPhases.C0.BoxedType>
         <extensionContainer.Sequence>
            <privateExtensionList.C0.BoxedType>
               <Collection>
                  <PrivateExtension.Sequence>
                     <extId><ObjectIdentifier>0.1.250.40.106.49.87.80.95.125</ObjectIdentifier></extId>
                     <extType>57934042a0</extType>
                  </PrivateExtension.Sequence>
                  <PrivateExtension.Sequence>
                     <extId><ObjectIdentifier>0.1.226.80</ObjectIdentifier></extId>
                     <extType>1791775bf0053c83</extType>
                  </PrivateExtension.Sequence>
                  <PrivateExtension.Sequence>
                     <extId><ObjectIdentifier>0.1.248.113.108</ObjectIdentifier></extId>
                     <extType>77cfbf</extType>
                  </PrivateExtension.Sequence>
               </Collection>
            </privateExtensionList.C0.BoxedType>
            <pcs_Extensions.C1.Sequence>
               
            </pcs_Extensions.C1.Sequence>
         </extensionContainer.Sequence>
         <solsaSupportIndicator.C2></solsaSupportIndicator.C2>
         <istSupportIndicator.C1.Enum>
            <EnumType>istCommandSupported.1</EnumType>
         </istSupportIndicator.C1.Enum>
         <superChargerSupportedInServingNetworkEntity.C3.Choice>
            <sendSubscriberData.C0></sendSubscriberData.C0>
            <subscriberDataStored.C1.BoxedType><Bytes>13d231</Bytes></subscriberDataStored.C1.BoxedType>
         </superChargerSupportedInServingNetworkEntity.C3.Choice>
         <longFTN_Supported.C4></longFTN_Supported.C4>
         <supportedLCS_CapabilitySets.C5.BoxedType><BitString><BitString value="5a72155d1cde8c" trailing="0"/></BitString></supportedLCS_CapabilitySets.C5.BoxedType>
         <offeredCamel4CSIs.C6.BoxedType><BitString><BitString value="b602ba576be9b12df2b31f611ae1f9" trailing="0"/></BitString></offeredCamel4CSIs.C6.BoxedType>
         <supportedRAT_TypesIndicator.C7.BoxedType><BitString><BitString value="cb6e020bc2f871b9ef9c2121c79772" trailing="0"/></BitString></supportedRAT_TypesIndicator.C7.BoxedType>
         <longGroupID_Supported.C8></longGroupID_Supported.C8>
         <mtRoamingForwardingSupported.C9></mtRoamingForwardingSupported.C9>
         <msisdn_lessOperation_Supported.C10></msisdn_lessOperation_Supported.C10>
      </vlr_Capability.C6.Sequence>
      <restorationIndicator.C7></restorationIndicator.C7>
   </RestoreDataArg.Sequence>
</ASN>