<?xml version="1.0" encoding="ISO-8859-15"?>

<ASN layer="CAP">
   <ResumeCallHandlingArg.Sequence>
      <callReferenceNumber.C0.BoxedType><Bytes>3b97debdf87cfc67</Bytes></callReferenceNumber.C0.BoxedType>
      <basicServiceGroup.C1.Choice>
         <ext_BearerService.C2.BoxedType><Bytes>7896be1f</Bytes></ext_BearerService.C2.BoxedType>
         <ext_Teleservice.C3.BoxedType><Bytes>bc0000a754
               <field name="Code" value="188" type="EnumLong" length="1"/>
               <field name="Extension data" value="0000a754" type="Binary" length="4"/>
            </Bytes></ext_Teleservice.C3.BoxedType>
      </basicServiceGroup.C1.Choice>
      <forwardingData.C2.Sequence>
         <forwardedToNumber.C5.BoxedType><AddressString.BoxedType><Bytes>9126810780f9
                  <field name="extension" value="no extension:1" type="EnumLong" lengthBit="1"/>
                  <field name="nature of address" value="international number:1" type="EnumLong" lengthBit="3"/>
                  <field name="numbering plan" value="ISDN/Telephony Numbering Plan (Rec ITU-T E.164):1" type="EnumLong" lengthBit="4"/>
                  <field name="digits" value="621870089" type="Number_BCD" length="9"/>
               </Bytes></AddressString.BoxedType></forwardedToNumber.C5.BoxedType>
         <forwardedToSubaddress.C4.BoxedType><Bytes>15a2</Bytes></forwardedToSubaddress.C4.BoxedType>
         <forwardingOptions.C6.BoxedType><Bytes>467557</Bytes></forwardingOptions.C6.BoxedType>
         <extensionContainer.C7.Sequence>
            <privateExtensionList.C0.BoxedType>
               <Collection>
                  <PrivateExtension.Sequence>
                     <extId><ObjectIdentifier>0.1.247.57.87.128.48.68.50.23.29.100</ObjectIdentifier></extId>
                     <extType>9c483582fa</extType>
                  </PrivateExtension.Sequence>
                  <PrivateExtension.Sequence>
                     <extId><ObjectIdentifier>0.1.293.58.110.40.7.40.40.128</ObjectIdentifier></extId>
                     <extType>691db1d523ea</extType>
                  </PrivateExtension.Sequence>
                  <PrivateExtension.Sequence>
                     <extId><ObjectIdentifier>0.1.2100</ObjectIdentifier></extId>
                     <extType>c8ae140e</extType>
                  </PrivateExtension.Sequence>
               </Collection>
            </privateExtensionList.C0.BoxedType>
            <pcs_Extensions.C1.Sequence>
               
            </pcs_Extensions.C1.Sequence>
         </extensionContainer.C7.Sequence>
         <longForwardedToNumber.C8.BoxedType><AddressString.BoxedType><Bytes>f35115201252
                  <field name="extension" value="no extension:1" type="EnumLong" lengthBit="1"/>
                  <field name="nature of address" value="reserved for extension:7" type="EnumLong" lengthBit="3"/>
                  <field name="numbering plan" value="data numbering plan (ITU-T Rec X.121):3" type="EnumLong" lengthBit="4"/>
                  <field name="digits" value="1551022125" type="Number_BCD" length="10"/>
               </Bytes></AddressString.BoxedType></longForwardedToNumber.C8.BoxedType>
      </forwardingData.C2.Sequence>
      <imsi.C3.BoxedType><TBCD_STRING.BoxedType><Bytes>14641219f0
               <field name="digits" value="414621910" type="Number_BCD" length="9"/>
            </Bytes></TBCD_STRING.BoxedType></imsi.C3.BoxedType>
      <cug_CheckInfo.C4.Sequence>
         <cug_Interlock.BoxedType><Bytes>c8a65d</Bytes></cug_Interlock.BoxedType>
         <cug_OutgoingAccess></cug_OutgoingAccess>
         <extensionContainer.Sequence>
            <privateExtensionList.C0.BoxedType>
               <Collection>
                  <PrivateExtension.Sequence>
                     <extId><ObjectIdentifier>0.1.221.116</ObjectIdentifier></extId>
                     <extType>b100b8e2112ebefeac</extType>
                  </PrivateExtension.Sequence>
                  <PrivateExtension.Sequence>
                     <extId><ObjectIdentifier>0.1.2124.79.52</ObjectIdentifier></extId>
                     <extType>1a3ef859288303</extType>
                  </PrivateExtension.Sequence>
                  <PrivateExtension.Sequence>
                     <extId><ObjectIdentifier>0.1.278.113.15.102.94.69.77.103.4</ObjectIdentifier></extId>
                     <extType>edd038416138286e51</extType>
                  </PrivateExtension.Sequence>
               </Collection>
            </privateExtensionList.C0.BoxedType>
            <pcs_Extensions.C1.Sequence>
               
            </pcs_Extensions.C1.Sequence>
         </extensionContainer.Sequence>
      </cug_CheckInfo.C4.Sequence>
      <o_CSI.C5.Sequence>
         <o_BcsmCamelTDPDataList.BoxedType>
            <Collection>
               <O_BcsmCamelTDPData.Sequence>
                  <o_BcsmTriggerDetectionPoint.Enum>
                     <EnumType>routeSelectFailure.4</EnumType>
                  </o_BcsmTriggerDetectionPoint.Enum>
                  <serviceKey.BoxedType><Integer>1</Integer></serviceKey.BoxedType>
                  <gsmSCF_Address.C0.BoxedType><AddressString.BoxedType><Bytes>6f2199122799
                           <field name="extension" value="extension:0" type="EnumLong" lengthBit="1"/>
                           <field name="nature of address" value="abbreviated number:6" type="EnumLong" lengthBit="3"/>
                           <field name="numbering plan" value="reserved for extension:15" type="EnumLong" lengthBit="4"/>
                           <field name="digits" value="1299217299" type="Number_BCD" length="10"/>
                        </Bytes></AddressString.BoxedType></gsmSCF_Address.C0.BoxedType>
                  <defaultCallHandling.C1.Enum>
                     <EnumType>releaseCall.1</EnumType>
                  </defaultCallHandling.C1.Enum>
                  <extensionContainer.C2.Sequence>
                     <privateExtensionList.C0.BoxedType>
                        <Collection>
                           <PrivateExtension.Sequence>
                              <extId><ObjectIdentifier>0.1.2108</ObjectIdentifier></extId>
                              <extType>580e5a4d8cff</extType>
                           </PrivateExtension.Sequence>
                           <PrivateExtension.Sequence>
                              <extId><ObjectIdentifier>0.1.236.32.53.15.80.74</ObjectIdentifier></extId>
                              <extType>198faed4</extType>
                           </PrivateExtension.Sequence>
                           <PrivateExtension.Sequence>
                              <extId><ObjectIdentifier>0.1.271.23.2</ObjectIdentifier></extId>
                              <extType>efc5ffdb8a</extType>
                           </PrivateExtension.Sequence>
                        </Collection>
                     </privateExtensionList.C0.BoxedType>
                     <pcs_Extensions.C1.Sequence>
                        
                     </pcs_Extensions.C1.Sequence>
                  </extensionContainer.C2.Sequence>
               </O_BcsmCamelTDPData.Sequence>
               <O_BcsmCamelTDPData.Sequence>
                  <o_BcsmTriggerDetectionPoint.Enum>
                     <EnumType>collectedInfo.2</EnumType>
                  </o_BcsmTriggerDetectionPoint.Enum>
                  <serviceKey.BoxedType><Integer>1</Integer></serviceKey.BoxedType>
                  <gsmSCF_Address.C0.BoxedType><AddressString.BoxedType><Bytes>3494248661f8
                           <field name="extension" value="extension:0" type="EnumLong" lengthBit="1"/>
                           <field name="nature of address" value="network specific number:3" type="EnumLong" lengthBit="3"/>
                           <field name="numbering plan" value="telex numbering plan (ITU-T Rec F.69):4" type="EnumLong" lengthBit="4"/>
                           <field name="digits" value="494268168" type="Number_BCD" length="9"/>
                        </Bytes></AddressString.BoxedType></gsmSCF_Address.C0.BoxedType>
                  <defaultCallHandling.C1.Enum>
                     <EnumType>continueCall.0</EnumType>
                  </defaultCallHandling.C1.Enum>
                  <extensionContainer.C2.Sequence>
                     <privateExtensionList.C0.BoxedType>
                        <Collection>
                           <PrivateExtension.Sequence>
                              <extId><ObjectIdentifier>0.1.293</ObjectIdentifier></extId>
                              <extType>9eec99</extType>
                           </PrivateExtension.Sequence>
                           <PrivateExtension.Sequence>
                              <extId><ObjectIdentifier>0.1.26.53.24.10.115.85.61</ObjectIdentifier></extId>
                              <extType>0209</extType>
                           </PrivateExtension.Sequence>
                           <PrivateExtension.Sequence>
                              <extId><ObjectIdentifier>0.1.297</ObjectIdentifier></extId>
                              <extType>88a0b1043fde72</extType>
                           </PrivateExtension.Sequence>
                        </Collection>
                     </privateExtensionList.C0.BoxedType>
                     <pcs_Extensions.C1.Sequence>
                        
                     </pcs_Extensions.C1.Sequence>
                  </extensionContainer.C2.Sequence>
               </O_BcsmCamelTDPData.Sequence>
               <O_BcsmCamelTDPData.Sequence>
                  <o_BcsmTriggerDetectionPoint.Enum>
                     <EnumType>collectedInfo.2</EnumType>
                  </o_BcsmTriggerDetectionPoint.Enum>
                  <serviceKey.BoxedType><Integer>0</Integer></serviceKey.BoxedType>
                  <gsmSCF_Address.C0.BoxedType><AddressString.BoxedType><Bytes>6147319266f1
                           <field name="extension" value="extension:0" type="EnumLong" lengthBit="1"/>
                           <field name="nature of address" value="abbreviated number:6" type="EnumLong" lengthBit="3"/>
                           <field name="numbering plan" value="ISDN/Telephony Numbering Plan (Rec ITU-T E.164):1" type="EnumLong" lengthBit="4"/>
                           <field name="digits" value="741329661" type="Number_BCD" length="9"/>
                        </Bytes></AddressString.BoxedType></gsmSCF_Address.C0.BoxedType>
                  <defaultCallHandling.C1.Enum>
                     <EnumType>releaseCall.1</EnumType>
                  </defaultCallHandling.C1.Enum>
                  <extensionContainer.C2.Sequence>
                     <privateExtensionList.C0.BoxedType>
                        <Collection>
                           <PrivateExtension.Sequence>
                              <extId><ObjectIdentifier>0.1.221</ObjectIdentifier></extId>
                              <extType>b64d06c9310a0b6cfc87</extType>
                           </PrivateExtension.Sequence>
                           <PrivateExtension.Sequence>
                              <extId><ObjectIdentifier>0.1.2118.37.5.112.101</ObjectIdentifier></extId>
                              <extType>59d3c44c62115b8d</extType>
                           </PrivateExtension.Sequence>
                           <PrivateExtension.Sequence>
                              <extId><ObjectIdentifier>0.1.282.48.82.70.107</ObjectIdentifier></extId>
                              <extType>6da390</extType>
                           </PrivateExtension.Sequence>
                        </Collection>
                     </privateExtensionList.C0.BoxedType>
                     <pcs_Extensions.C1.Sequence>
                        
                     </pcs_Extensions.C1.Sequence>
                  </extensionContainer.C2.Sequence>
               </O_BcsmCamelTDPData.Sequence>
            </Collection>
         </o_BcsmCamelTDPDataList.BoxedType>
         <extensionContainer.Sequence>
            <privateExtensionList.C0.BoxedType>
               <Collection>
                  <PrivateExtension.Sequence>
                     <extId><ObjectIdentifier>0.1.299.94.68.30.71.3.94</ObjectIdentifier></extId>
                     <extType>fb2b6e</extType>
                  </PrivateExtension.Sequence>
                  <PrivateExtension.Sequence>
                     <extId><ObjectIdentifier>0.1.277.51</ObjectIdentifier></extId>
                     <extType>4b844e7e</extType>
                  </PrivateExtension.Sequence>
                  <PrivateExtension.Sequence>
                     <extId><ObjectIdentifier>0.1.248.39.44.89</ObjectIdentifier></extId>
                     <extType>9fe9fbd6526528</extType>
                  </PrivateExtension.Sequence>
               </Collection>
            </privateExtensionList.C0.BoxedType>
            <pcs_Extensions.C1.Sequence>
               
            </pcs_Extensions.C1.Sequence>
         </extensionContainer.Sequence>
         <camelCapabilityHandling.C0.BoxedType><Integer>1</Integer></camelCapabilityHandling.C0.BoxedType>
         <notificationToCSE.C1></notificationToCSE.C1>
         <csiActive.C2></csiActive.C2>
      </o_CSI.C5.Sequence>
      <extensionContainer.C7.Sequence>
         <privateExtensionList.C0.BoxedType>
            <Collection>
               <PrivateExtension.Sequence>
                  <extId><ObjectIdentifier>0.1.2124</ObjectIdentifier></extId>
                  <extType>333df86d1148</extType>
               </PrivateExtension.Sequence>
               <PrivateExtension.Sequence>
                  <extId><ObjectIdentifier>0.1.266.115.30.123.77.85.51.87.33</ObjectIdentifier></extId>
                  <extType>a5ce10346f</extType>
               </PrivateExtension.Sequence>
               <PrivateExtension.Sequence>
                  <extId><ObjectIdentifier>0.1.243.66</ObjectIdentifier></extId>
                  <extType>516cd3332d71</extType>
               </PrivateExtension.Sequence>
            </Collection>
         </privateExtensionList.C0.BoxedType>
         <pcs_Extensions.C1.Sequence>
            
         </pcs_Extensions.C1.Sequence>
      </extensionContainer.C7.Sequence>
      <ccbs_Possible.C8></ccbs_Possible.C8>
      <msisdn.C9.BoxedType><AddressString.BoxedType><Bytes>9056373529f0
               <field name="extension" value="no extension:1" type="EnumLong" lengthBit="1"/>
               <field name="nature of address" value="international number:1" type="EnumLong" lengthBit="3"/>
               <field name="numbering plan" value="unknown:0" type="EnumLong" lengthBit="4"/>
               <field name="digits" value="657353920" type="Number_BCD" length="9"/>
            </Bytes></AddressString.BoxedType></msisdn.C9.BoxedType>
      <uu_Data.C10.Sequence>
         <uuIndicator.C0.BoxedType><Bytes>89fd89c0f4</Bytes></uuIndicator.C0.BoxedType>
         <uui.C1.BoxedType><Bytes>ff995444</Bytes></uui.C1.BoxedType>
         <uusCFInteraction.C2></uusCFInteraction.C2>
         <extensionContainer.C3.Sequence>
            <privateExtensionList.C0.BoxedType>
               <Collection>
                  <PrivateExtension.Sequence>
                     <extId><ObjectIdentifier>0.1.2110.127</ObjectIdentifier></extId>
                     <extType>10bbaf3424</extType>
                  </PrivateExtension.Sequence>
                  <PrivateExtension.Sequence>
                     <extId><ObjectIdentifier>0.1.2114</ObjectIdentifier></extId>
                     <extType>e9f0526b</extType>
                  </PrivateExtension.Sequence>
                  <PrivateExtension.Sequence>
                     <extId><ObjectIdentifier>0.1.2100.38.23.33.19.27.95</ObjectIdentifier></extId>
                     <extType>714fbb0a</extType>
                  </PrivateExtension.Sequence>
               </Collection>
            </privateExtensionList.C0.BoxedType>
            <pcs_Extensions.C1.Sequence>
               
            </pcs_Extensions.C1.Sequence>
         </extensionContainer.C3.Sequence>
      </uu_Data.C10.Sequence>
      <allInformationSent.C11></allInformationSent.C11>
      <d_csi.C12.Sequence>
         <dp_AnalysedInfoCriteriaList.C0.BoxedType>
            <Collection>
               <DP_AnalysedInfoCriterium.Sequence>
                  <dialledNumber.BoxedType><AddressString.BoxedType><Bytes>3396186257f6
                           <field name="extension" value="extension:0" type="EnumLong" lengthBit="1"/>
                           <field name="nature of address" value="network specific number:3" type="EnumLong" lengthBit="3"/>
                           <field name="numbering plan" value="data numbering plan (ITU-T Rec X.121):3" type="EnumLong" lengthBit="4"/>
                           <field name="digits" value="698126756" type="Number_BCD" length="9"/>
                        </Bytes></AddressString.BoxedType></dialledNumber.BoxedType>
                  <serviceKey.BoxedType><Integer>2</Integer></serviceKey.BoxedType>
                  <gsmSCF_Address.BoxedType><AddressString.BoxedType><Bytes>160288920656
                           <field name="extension" value="extension:0" type="EnumLong" lengthBit="1"/>
                           <field name="nature of address" value="international number:1" type="EnumLong" lengthBit="3"/>
                           <field name="numbering plan" value="land mobile numbering plan (ITU-T Rec E.212):6" type="EnumLong" lengthBit="4"/>
                           <field name="digits" value="2088296065" type="Number_BCD" length="10"/>
                        </Bytes></AddressString.BoxedType></gsmSCF_Address.BoxedType>
                  <defaultCallHandling.Enum>
                     <EnumType>releaseCall.1</EnumType>
                  </defaultCallHandling.Enum>
                  <extensionContainer.Sequence>
                     <privateExtensionList.C0.BoxedType>
                        <Collection>
                           <PrivateExtension.Sequence>
                              <extId><ObjectIdentifier>0.1.297.93.3.120.36</ObjectIdentifier></extId>
                              <extType>512ad8</extType>
                           </PrivateExtension.Sequence>
                           <PrivateExtension.Sequence>
                              <extId><ObjectIdentifier>0.1.2</ObjectIdentifier></extId>
                              <extType>7aa941ae</extType>
                           </PrivateExtension.Sequence>
                           <PrivateExtension.Sequence>
                              <extId><ObjectIdentifier>0.1.2107.53.68.81.42.84.66</ObjectIdentifier></extId>
                              <extType>3d8b7cbb709e83</extType>
                           </PrivateExtension.Sequence>
                        </Collection>
                     </privateExtensionList.C0.BoxedType>
                     <pcs_Extensions.C1.Sequence>
                        
                     </pcs_Extensions.C1.Sequence>
                  </extensionContainer.Sequence>
               </DP_AnalysedInfoCriterium.Sequence>
               <DP_AnalysedInfoCriterium.Sequence>
                  <dialledNumber.BoxedType><AddressString.BoxedType><Bytes>6903171588
                           <field name="extension" value="extension:0" type="EnumLong" lengthBit="1"/>
                           <field name="nature of address" value="abbreviated number:6" type="EnumLong" lengthBit="3"/>
                           <field name="numbering plan" value="private numbering plan:9" type="EnumLong" lengthBit="4"/>
                           <field name="digits" value="30715188" type="Number_BCD" length="8"/>
                        </Bytes></AddressString.BoxedType></dialledNumber.BoxedType>
                  <serviceKey.BoxedType><Integer>0</Integer></serviceKey.BoxedType>
                  <gsmSCF_Address.BoxedType><AddressString.BoxedType><Bytes>9e6179397594
                           <field name="extension" value="no extension:1" type="EnumLong" lengthBit="1"/>
                           <field name="nature of address" value="international number:1" type="EnumLong" lengthBit="3"/>
                           <field name="numbering plan" value="14" type="EnumLong" lengthBit="4"/>
                           <field name="digits" value="1697935749" type="Number_BCD" length="10"/>
                        </Bytes></AddressString.BoxedType></gsmSCF_Address.BoxedType>
                  <defaultCallHandling.Enum>
                     <EnumType>continueCall.0</EnumType>
                  </defaultCallHandling.Enum>
                  <extensionContainer.Sequence>
                     <privateExtensionList.C0.BoxedType>
                        <Collection>
                           <PrivateExtension.Sequence>
                              <extId><ObjectIdentifier>0.1.259.29.10.88</ObjectIdentifier></extId>
                              <extType>3005f32431</extType>
                           </PrivateExtension.Sequence>
                           <PrivateExtension.Sequence>
                              <extId><ObjectIdentifier>0.1.28.70.90.79</ObjectIdentifier></extId>
                              <extType>82</extType>
                           </PrivateExtension.Sequence>
                           <PrivateExtension.Sequence>
                              <extId><ObjectIdentifier>0.1.299.124.9.22.12.14.38</ObjectIdentifier></extId>
                              <extType>35fe8ab5867f</extType>
                           </PrivateExtension.Sequence>
                        </Collection>
                     </privateExtensionList.C0.BoxedType>
                     <pcs_Extensions.C1.Sequence>
                        
                     </pcs_Extensions.C1.Sequence>
                  </extensionContainer.Sequence>
               </DP_AnalysedInfoCriterium.Sequence>
               <DP_AnalysedInfoCriterium.Sequence>
                  <dialledNumber.BoxedType><AddressString.BoxedType><Bytes>e41192884754
                           <field name="extension" value="no extension:1" type="EnumLong" lengthBit="1"/>
                           <field name="nature of address" value="abbreviated number:6" type="EnumLong" lengthBit="3"/>
                           <field name="numbering plan" value="telex numbering plan (ITU-T Rec F.69):4" type="EnumLong" lengthBit="4"/>
                           <field name="digits" value="1129887445" type="Number_BCD" length="10"/>
                        </Bytes></AddressString.BoxedType></dialledNumber.BoxedType>
                  <serviceKey.BoxedType><Integer>1</Integer></serviceKey.BoxedType>
                  <gsmSCF_Address.BoxedType><AddressString.BoxedType><Bytes>b327665075f9
                           <field name="extension" value="no extension:1" type="EnumLong" lengthBit="1"/>
                           <field name="nature of address" value="network specific number:3" type="EnumLong" lengthBit="3"/>
                           <field name="numbering plan" value="data numbering plan (ITU-T Rec X.121):3" type="EnumLong" lengthBit="4"/>
                           <field name="digits" value="726605579" type="Number_BCD" length="9"/>
                        </Bytes></AddressString.BoxedType></gsmSCF_Address.BoxedType>
                  <defaultCallHandling.Enum>
                     <EnumType>releaseCall.1</EnumType>
                  </defaultCallHandling.Enum>
                  <extensionContainer.Sequence>
                     <privateExtensionList.C0.BoxedType>
                        <Collection>
                           <PrivateExtension.Sequence>
                              <extId><ObjectIdentifier>0.1.267</ObjectIdentifier></extId>
                              <extType>4e0f57ed</extType>
                           </PrivateExtension.Sequence>
                           <PrivateExtension.Sequence>
                              <extId><ObjectIdentifier>0.1.2127.75.27.1.92.56</ObjectIdentifier></extId>
                              <extType>7f3b</extType>
                           </PrivateExtension.Sequence>
                           <PrivateExtension.Sequence>
                              <extId><ObjectIdentifier>0.1.28</ObjectIdentifier></extId>
                              <extType>59e38439d2533d4cfbbe</extType>
                           </PrivateExtension.Sequence>
                        </Collection>
                     </privateExtensionList.C0.BoxedType>
                     <pcs_Extensions.C1.Sequence>
                        
                     </pcs_Extensions.C1.Sequence>
                  </extensionContainer.Sequence>
               </DP_AnalysedInfoCriterium.Sequence>
            </Collection>
         </dp_AnalysedInfoCriteriaList.C0.BoxedType>
         <camelCapabilityHandling.C1.BoxedType><Integer>2</Integer></camelCapabilityHandling.C1.BoxedType>
         <extensionContainer.C2.Sequence>
            <privateExtensionList.C0.BoxedType>
               <Collection>
                  <PrivateExtension.Sequence>
                     <extId><ObjectIdentifier>0.1.256.83.27.81.20.20.3</ObjectIdentifier></extId>
                     <extType>c0da6cffee28a72142bf</extType>
                  </PrivateExtension.Sequence>
                  <PrivateExtension.Sequence>
                     <extId><ObjectIdentifier>0.1.290.95.46.40.69.59.67</ObjectIdentifier></extId>
                     <extType>7576b8e81db3</extType>
                  </PrivateExtension.Sequence>
                  <PrivateExtension.Sequence>
                     <extId><ObjectIdentifier>0.1.239.58.87</ObjectIdentifier></extId>
                     <extType>3cbd04ac</extType>
                  </PrivateExtension.Sequence>
               </Collection>
            </privateExtensionList.C0.BoxedType>
            <pcs_Extensions.C1.Sequence>
               
            </pcs_Extensions.C1.Sequence>
         </extensionContainer.C2.Sequence>
         <notificationToCSE.C3></notificationToCSE.C3>
         <csi_Active.C4></csi_Active.C4>
      </d_csi.C12.Sequence>
      <o_BcsmCamelTDPCriteriaList.C13.BoxedType>
         <Collection>
            <O_BcsmCamelTDP_Criteria.Sequence>
               <o_BcsmTriggerDetectionPoint.Enum>
                  <EnumType>routeSelectFailure.4</EnumType>
               </o_BcsmTriggerDetectionPoint.Enum>
               <destinationNumberCriteria.C0.Sequence>
                  <matchType.C0.Enum>
                     <EnumType>inhibiting.0</EnumType>
                  </matchType.C0.Enum>
                  <destinationNumberList.C1.BoxedType>
                     <Collection>
                        <ISDN_AddressString.BoxedType><AddressString.BoxedType><Bytes>585106422356
                                 <field name="extension" value="extension:0" type="EnumLong" lengthBit="1"/>
                                 <field name="nature of address" value="reserved:5" type="EnumLong" lengthBit="3"/>
                                 <field name="numbering plan" value="national numbering plan:8" type="EnumLong" lengthBit="4"/>
                                 <field name="digits" value="1560243265" type="Number_BCD" length="10"/>
                              </Bytes></AddressString.BoxedType></ISDN_AddressString.BoxedType>
                        <ISDN_AddressString.BoxedType><AddressString.BoxedType><Bytes>671139638989
                                 <field name="extension" value="extension:0" type="EnumLong" lengthBit="1"/>
                                 <field name="nature of address" value="abbreviated number:6" type="EnumLong" lengthBit="3"/>
                                 <field name="numbering plan" value="spare:7" type="EnumLong" lengthBit="4"/>
                                 <field name="digits" value="1193369898" type="Number_BCD" length="10"/>
                              </Bytes></AddressString.BoxedType></ISDN_AddressString.BoxedType>
                        <ISDN_AddressString.BoxedType><AddressString.BoxedType><Bytes>383154242984
                                 <field name="extension" value="extension:0" type="EnumLong" lengthBit="1"/>
                                 <field name="nature of address" value="network specific number:3" type="EnumLong" lengthBit="3"/>
                                 <field name="numbering plan" value="national numbering plan:8" type="EnumLong" lengthBit="4"/>
                                 <field name="digits" value="1345429248" type="Number_BCD" length="10"/>
                              </Bytes></AddressString.BoxedType></ISDN_AddressString.BoxedType>
                     </Collection>
                  </destinationNumberList.C1.BoxedType>
                  <destinationNumberLengthList.C2.BoxedType>
                     <Collection>
                        <Integer>0</Integer>
                        <Integer>0</Integer>
                        <Integer>2</Integer>
                     </Collection>
                  </destinationNumberLengthList.C2.BoxedType>
               </destinationNumberCriteria.C0.Sequence>
               <basicServiceCriteria.C1.BoxedType>
                  <Collection>
                     <Ext_BasicServiceCode.Choice>
                        <ext_BearerService.C2.BoxedType><Bytes>18b2a6909b38b4fe</Bytes></ext_BearerService.C2.BoxedType>
                        <ext_Teleservice.C3.BoxedType><Bytes>23dd0f9916
                              <field name="Code" value="35" type="EnumLong" length="1"/>
                              <field name="Extension data" value="dd0f9916" type="Binary" length="4"/>
                           </Bytes></ext_Teleservice.C3.BoxedType>
                     </Ext_BasicServiceCode.Choice>
                     <Ext_BasicServiceCode.Choice>
                        <ext_BearerService.C2.BoxedType><Bytes>1ae2</Bytes></ext_BearerService.C2.BoxedType>
                        <ext_Teleservice.C3.BoxedType><Bytes>e0b26b3794
                              <field name="Code" value="224" type="EnumLong" length="1"/>
                              <field name="Extension data" value="b26b3794" type="Binary" length="4"/>
                           </Bytes></ext_Teleservice.C3.BoxedType>
                     </Ext_BasicServiceCode.Choice>
                     <Ext_BasicServiceCode.Choice>
                        <ext_BearerService.C2.BoxedType><Bytes>41d0eb4125</Bytes></ext_BearerService.C2.BoxedType>
                        <ext_Teleservice.C3.BoxedType><Bytes>20000054b3
                              <field name="Code" value="allShortMessageServices:32" type="EnumLong" length="1"/>
                              <field name="Extension data" value="000054b3" type="Binary" length="4"/>
                           </Bytes></ext_Teleservice.C3.BoxedType>
                     </Ext_BasicServiceCode.Choice>
                  </Collection>
               </basicServiceCriteria.C1.BoxedType>
               <callTypeCriteria.C2.Enum>
                  <EnumType>forwarded.0</EnumType>
               </callTypeCriteria.C2.Enum>
               <o_CauseValueCriteria.C3.BoxedType>
                  <Collection>
                     <CauseValue.BoxedType><Bytes>2a</Bytes></CauseValue.BoxedType>
                     <CauseValue.BoxedType><Bytes>bab262</Bytes></CauseValue.BoxedType>
                     <CauseValue.BoxedType><Bytes>32eadb947f7d</Bytes></CauseValue.BoxedType>
                  </Collection>
               </o_CauseValueCriteria.C3.BoxedType>
               <extensionContainer.C4.Sequence>
                  <privateExtensionList.C0.BoxedType>
                     <Collection>
                        <PrivateExtension.Sequence>
                           <extId><ObjectIdentifier>0.1.230.61.110</ObjectIdentifier></extId>
                           <extType>93db7f4964b6cda1ac</extType>
                        </PrivateExtension.Sequence>
                        <PrivateExtension.Sequence>
                           <extId><ObjectIdentifier>0.1.2127.23.91.115.14.116.17.38.89</ObjectIdentifier></extId>
                           <extType>e1de</extType>
                        </PrivateExtension.Sequence>
                        <PrivateExtension.Sequence>
                           <extId><ObjectIdentifier>0.1.270.17</ObjectIdentifier></extId>
                           <extType>7e58ea8134e8910c6439</extType>
                        </PrivateExtension.Sequence>
                     </Collection>
                  </privateExtensionList.C0.BoxedType>
                  <pcs_Extensions.C1.Sequence>
                     
                  </pcs_Extensions.C1.Sequence>
               </extensionContainer.C4.Sequence>
            </O_BcsmCamelTDP_Criteria.Sequence>
            <O_BcsmCamelTDP_Criteria.Sequence>
               <o_BcsmTriggerDetectionPoint.Enum>
                  <EnumType>routeSelectFailure.4</EnumType>
               </o_BcsmTriggerDetectionPoint.Enum>
               <destinationNumberCriteria.C0.Sequence>
                  <matchType.C0.Enum>
                     <EnumType>enabling.1</EnumType>
                  </matchType.C0.Enum>
                  <destinationNumberList.C1.BoxedType>
                     <Collection>
                        <ISDN_AddressString.BoxedType><AddressString.BoxedType><Bytes>e07192664322
                                 <field name="extension" value="no extension:1" type="EnumLong" lengthBit="1"/>
                                 <field name="nature of address" value="abbreviated number:6" type="EnumLong" lengthBit="3"/>
                                 <field name="numbering plan" value="unknown:0" type="EnumLong" lengthBit="4"/>
                                 <field name="digits" value="1729663422" type="Number_BCD" length="10"/>
                              </Bytes></AddressString.BoxedType></ISDN_AddressString.BoxedType>
                        <ISDN_AddressString.BoxedType><AddressString.BoxedType><Bytes>387190414825
                                 <field name="extension" value="extension:0" type="EnumLong" lengthBit="1"/>
                                 <field name="nature of address" value="network specific number:3" type="EnumLong" lengthBit="3"/>
                                 <field name="numbering plan" value="national numbering plan:8" type="EnumLong" lengthBit="4"/>
                                 <field name="digits" value="1709148452" type="Number_BCD" length="10"/>
                              </Bytes></AddressString.BoxedType></ISDN_AddressString.BoxedType>
                        <ISDN_AddressString.BoxedType><AddressString.BoxedType><Bytes>144132230368
                                 <field name="extension" value="extension:0" type="EnumLong" lengthBit="1"/>
                                 <field name="nature of address" value="international number:1" type="EnumLong" lengthBit="3"/>
                                 <field name="numbering plan" value="telex numbering plan (ITU-T Rec F.69):4" type="EnumLong" lengthBit="4"/>
                                 <field name="digits" value="1423323086" type="Number_BCD" length="10"/>
                              </Bytes></AddressString.BoxedType></ISDN_AddressString.BoxedType>
                     </Collection>
                  </destinationNumberList.C1.BoxedType>
                  <destinationNumberLengthList.C2.BoxedType>
                     <Collection>
                        <Integer>1</Integer>
                        <Integer>0</Integer>
                        <Integer>2</Integer>
                     </Collection>
                  </destinationNumberLengthList.C2.BoxedType>
               </destinationNumberCriteria.C0.Sequence>
               <basicServiceCriteria.C1.BoxedType>
                  <Collection>
                     <Ext_BasicServiceCode.Choice>
                        <ext_BearerService.C2.BoxedType><Bytes>5a80dcaa</Bytes></ext_BearerService.C2.BoxedType>
                        <ext_Teleservice.C3.BoxedType><Bytes>b000000013
                              <field name="Code" value="176" type="EnumLong" length="1"/>
                              <field name="Extension data" value="00000013" type="Binary" length="4"/>
                           </Bytes></ext_Teleservice.C3.BoxedType>
                     </Ext_BasicServiceCode.Choice>
                     <Ext_BasicServiceCode.Choice>
                        <ext_BearerService.C2.BoxedType><Bytes>01360e01199a91</Bytes></ext_BearerService.C2.BoxedType>
                        <ext_Teleservice.C3.BoxedType><Bytes>31007c6b9f
                              <field name="Code" value="facsimileGroup3AndAlterSpeech:49" type="EnumLong" length="1"/>
                              <field name="Extension data" value="007c6b9f" type="Binary" length="4"/>
                           </Bytes></ext_Teleservice.C3.BoxedType>
                     </Ext_BasicServiceCode.Choice>
                     <Ext_BasicServiceCode.Choice>
                        <ext_BearerService.C2.BoxedType><Bytes>5dbb8285e86408</Bytes></ext_BearerService.C2.BoxedType>
                        <ext_Teleservice.C3.BoxedType><Bytes>0c5bba716f
                              <field name="Code" value="12" type="EnumLong" length="1"/>
                              <field name="Extension data" value="5bba716f" type="Binary" length="4"/>
                           </Bytes></ext_Teleservice.C3.BoxedType>
                     </Ext_BasicServiceCode.Choice>
                  </Collection>
               </basicServiceCriteria.C1.BoxedType>
               <callTypeCriteria.C2.Enum>
                  <EnumType>forwarded.0</EnumType>
               </callTypeCriteria.C2.Enum>
               <o_CauseValueCriteria.C3.BoxedType>
                  <Collection>
                     <CauseValue.BoxedType><Bytes>238638</Bytes></CauseValue.BoxedType>
                     <CauseValue.BoxedType><Bytes>f3cb78b60626a1</Bytes></CauseValue.BoxedType>
                     <CauseValue.BoxedType><Bytes>d994020e5094</Bytes></CauseValue.BoxedType>
                  </Collection>
               </o_CauseValueCriteria.C3.BoxedType>
               <extensionContainer.C4.Sequence>
                  <privateExtensionList.C0.BoxedType>
                     <Collection>
                        <PrivateExtension.Sequence>
                           <extId><ObjectIdentifier>0.1.219.107.62.50.110.20.3.51</ObjectIdentifier></extId>
                           <extType>748f1cb1e42499</extType>
                        </PrivateExtension.Sequence>
                        <PrivateExtension.Sequence>
                           <extId><ObjectIdentifier>0.1.292.127</ObjectIdentifier></extId>
                           <extType>3378877cf5</extType>
                        </PrivateExtension.Sequence>
                        <PrivateExtension.Sequence>
                           <extId><ObjectIdentifier>0.1.24</ObjectIdentifier></extId>
                           <extType>2bc6ec7824feacdc829a</extType>
                        </PrivateExtension.Sequence>
                     </Collection>
                  </privateExtensionList.C0.BoxedType>
                  <pcs_Extensions.C1.Sequence>
                     
                  </pcs_Extensions.C1.Sequence>
               </extensionContainer.C4.Sequence>
            </O_BcsmCamelTDP_Criteria.Sequence>
            <O_BcsmCamelTDP_Criteria.Sequence>
               <o_BcsmTriggerDetectionPoint.Enum>
                  <EnumType>routeSelectFailure.4</EnumType>
               </o_BcsmTriggerDetectionPoint.Enum>
               <destinationNumberCriteria.C0.Sequence>
                  <matchType.C0.Enum>
                     <EnumType>enabling.1</EnumType>
                  </matchType.C0.Enum>
                  <destinationNumberList.C1.BoxedType>
                     <Collection>
                        <ISDN_AddressString.BoxedType><AddressString.BoxedType><Bytes>307125204794
                                 <field name="extension" value="extension:0" type="EnumLong" lengthBit="1"/>
                                 <field name="nature of address" value="network specific number:3" type="EnumLong" lengthBit="3"/>
                                 <field name="numbering plan" value="unknown:0" type="EnumLong" lengthBit="4"/>
                                 <field name="digits" value="1752027449" type="Number_BCD" length="10"/>
                              </Bytes></AddressString.BoxedType></ISDN_AddressString.BoxedType>
                        <ISDN_AddressString.BoxedType><AddressString.BoxedType><Bytes>4d7193213607
                                 <field name="extension" value="extension:0" type="EnumLong" lengthBit="1"/>
                                 <field name="nature of address" value="subscriber number:4" type="EnumLong" lengthBit="3"/>
                                 <field name="numbering plan" value="13" type="EnumLong" lengthBit="4"/>
                                 <field name="digits" value="1739126370" type="Number_BCD" length="10"/>
                              </Bytes></AddressString.BoxedType></ISDN_AddressString.BoxedType>
                        <ISDN_AddressString.BoxedType><AddressString.BoxedType><Bytes>fa86991475f7
                                 <field name="extension" value="no extension:1" type="EnumLong" lengthBit="1"/>
                                 <field name="nature of address" value="reserved for extension:7" type="EnumLong" lengthBit="3"/>
                                 <field name="numbering plan" value="10" type="EnumLong" lengthBit="4"/>
                                 <field name="digits" value="689941577" type="Number_BCD" length="9"/>
                              </Bytes></AddressString.BoxedType></ISDN_AddressString.BoxedType>
                     </Collection>
                  </destinationNumberList.C1.BoxedType>
                  <destinationNumberLengthList.C2.BoxedType>
                     <Collection>
                        <Integer>0</Integer>
                        <Integer>0</Integer>
                        <Integer>1</Integer>
                     </Collection>
                  </destinationNumberLengthList.C2.BoxedType>
               </destinationNumberCriteria.C0.Sequence>
               <basicServiceCriteria.C1.BoxedType>
                  <Collection>
                     <Ext_BasicServiceCode.Choice>
                        <ext_BearerService.C2.BoxedType><Bytes>0765d23560</Bytes></ext_BearerService.C2.BoxedType>
                        <ext_Teleservice.C3.BoxedType><Bytes>db00000017
                              <field name="Code" value="plmn-specificTS-B:219" type="EnumLong" length="1"/>
                              <field name="Extension data" value="00000017" type="Binary" length="4"/>
                           </Bytes></ext_Teleservice.C3.BoxedType>
                     </Ext_BasicServiceCode.Choice>
                     <Ext_BasicServiceCode.Choice>
                        <ext_BearerService.C2.BoxedType><Bytes>2920a757</Bytes></ext_BearerService.C2.BoxedType>
                        <ext_Teleservice.C3.BoxedType><Bytes>85fc4ad955
                              <field name="Code" value="133" type="EnumLong" length="1"/>
                              <field name="Extension data" value="fc4ad955" type="Binary" length="4"/>
                           </Bytes></ext_Teleservice.C3.BoxedType>
                     </Ext_BasicServiceCode.Choice>
                     <Ext_BasicServiceCode.Choice>
                        <ext_BearerService.C2.BoxedType><Bytes>943af999b6598485</Bytes></ext_BearerService.C2.BoxedType>
                        <ext_Teleservice.C3.BoxedType><Bytes>654c89ac89
                              <field name="Code" value="101" type="EnumLong" length="1"/>
                              <field name="Extension data" value="4c89ac89" type="Binary" length="4"/>
                           </Bytes></ext_Teleservice.C3.BoxedType>
                     </Ext_BasicServiceCode.Choice>
                  </Collection>
               </basicServiceCriteria.C1.BoxedType>
               <callTypeCriteria.C2.Enum>
                  <EnumType>notForwarded.1</EnumType>
               </callTypeCriteria.C2.Enum>
               <o_CauseValueCriteria.C3.BoxedType>
                  <Collection>
                     <CauseValue.BoxedType><Bytes>fcc6faa4e00b80</Bytes></CauseValue.BoxedType>
                     <CauseValue.BoxedType><Bytes>2e</Bytes></CauseValue.BoxedType>
                     <CauseValue.BoxedType><Bytes>ce01d8079202</Bytes></CauseValue.BoxedType>
                  </Collection>
               </o_CauseValueCriteria.C3.BoxedType>
               <extensionContainer.C4.Sequence>
                  <privateExtensionList.C0.BoxedType>
                     <Collection>
                        <PrivateExtension.Sequence>
                           <extId><ObjectIdentifier>0.1.219.86.25.71.112.57.107.51.110.39</ObjectIdentifier></extId>
                           <extType>720114</extType>
                        </PrivateExtension.Sequence>
                        <PrivateExtension.Sequence>
                           <extId><ObjectIdentifier>0.1.283.65.97.0.100.68.2.8</ObjectIdentifier></extId>
                           <extType>f353</extType>
                        </PrivateExtension.Sequence>
                        <PrivateExtension.Sequence>
                           <extId><ObjectIdentifier>0.1.2122.74.104.70.20.85</ObjectIdentifier></extId>
                           <extType>cc2e2d1002971a51171a</extType>
                        </PrivateExtension.Sequence>
                     </Collection>
                  </privateExtensionList.C0.BoxedType>
                  <pcs_Extensions.C1.Sequence>
                     
                  </pcs_Extensions.C1.Sequence>
               </extensionContainer.C4.Sequence>
            </O_BcsmCamelTDP_Criteria.Sequence>
         </Collection>
      </o_BcsmCamelTDPCriteriaList.C13.BoxedType>
      <basicServiceGroup2.C14.Choice>
         <ext_BearerService.C2.BoxedType><Bytes>e8c7a6ae</Bytes></ext_BearerService.C2.BoxedType>
         <ext_Teleservice.C3.BoxedType><Bytes>59d5b9a399
               <field name="Code" value="89" type="EnumLong" length="1"/>
               <field name="Extension data" value="d5b9a399" type="Binary" length="4"/>
            </Bytes></ext_Teleservice.C3.BoxedType>
      </basicServiceGroup2.C14.Choice>
      <mtRoamingRetry.C15></mtRoamingRetry.C15>
   </ResumeCallHandlingArg.Sequence>
</ASN>