<?xml version="1.0" encoding="ISO-8859-15"?>

<ASN layer="CAP">
   <RoamingNotAllowedParam.Sequence>
      <roamingNotAllowedCause.Enum>
         <EnumType>plmnRoamingNotAllowed.0</EnumType>
      </roamingNotAllowedCause.Enum>
      <extensionContainer.Sequence>
         <privateExtensionList.C0.BoxedType>
            <Collection>
               <PrivateExtension.Sequence>
                  <extId><ObjectIdentifier>0.1.2121.4</ObjectIdentifier></extId>
                  <extType>028f</extType>
               </PrivateExtension.Sequence>
               <PrivateExtension.Sequence>
                  <extId><ObjectIdentifier>0.1.227.65.57.24.102</ObjectIdentifier></extId>
                  <extType>50535c4807e2e0</extType>
               </PrivateExtension.Sequence>
               <PrivateExtension.Sequence>
                  <extId><ObjectIdentifier>0.1.210</ObjectIdentifier></extId>
                  <extType>daf613b1b626c53160</extType>
               </PrivateExtension.Sequence>
            </Collection>
         </privateExtensionList.C0.BoxedType>
         <pcs_Extensions.C1.Sequence>
            
         </pcs_Extensions.C1.Sequence>
      </extensionContainer.Sequence>
      <additionalRoamingNotAllowedCause.C0.Enum>
         <EnumType>supportedRAT_TypesNotAllowed.0</EnumType>
      </additionalRoamingNotAllowedCause.C0.Enum>
   </RoamingNotAllowedParam.Sequence>
</ASN>