<?xml version="1.0" encoding="ISO-8859-15"?>

<ASN layer="CAP">
   <RoutingInfoForLCS_Arg.Sequence>
      <mlcNumber.C0.BoxedType><AddressString.BoxedType><Bytes>b893324048f3
               <field name="extension" value="no extension:1" type="EnumLong" lengthBit="1"/>
               <field name="nature of address" value="network specific number:3" type="EnumLong" lengthBit="3"/>
               <field name="numbering plan" value="national numbering plan:8" type="EnumLong" lengthBit="4"/>
               <field name="digits" value="392304843" type="Number_BCD" length="9"/>
            </Bytes></AddressString.BoxedType></mlcNumber.C0.BoxedType>
      <targetMS.C1.Choice>
         <imsi.C0.BoxedType><TBCD_STRING.BoxedType><Bytes>4128811952
                  <field name="digits" value="1482189125" type="Number_BCD" length="10"/>
               </Bytes></TBCD_STRING.BoxedType></imsi.C0.BoxedType>
         <msisdn.C1.BoxedType><AddressString.BoxedType><Bytes>da38171599f2
                  <field name="extension" value="no extension:1" type="EnumLong" lengthBit="1"/>
                  <field name="nature of address" value="reserved:5" type="EnumLong" lengthBit="3"/>
                  <field name="numbering plan" value="10" type="EnumLong" lengthBit="4"/>
                  <field name="digits" value="837151992" type="Number_BCD" length="9"/>
               </Bytes></AddressString.BoxedType></msisdn.C1.BoxedType>
      </targetMS.C1.Choice>
      <extensionContainer.C2.Sequence>
         <privateExtensionList.C0.BoxedType>
            <Collection>
               <PrivateExtension.Sequence>
                  <extId><ObjectIdentifier>0.1.227</ObjectIdentifier></extId>
                  <extType>d5030be806</extType>
               </PrivateExtension.Sequence>
               <PrivateExtension.Sequence>
                  <extId><ObjectIdentifier>0.1.24.95.21</ObjectIdentifier></extId>
                  <extType>53eadd7eedb9d263b176</extType>
               </PrivateExtension.Sequence>
               <PrivateExtension.Sequence>
                  <extId><ObjectIdentifier>0.1.224.9</ObjectIdentifier></extId>
                  <extType>3b5063c7</extType>
               </PrivateExtension.Sequence>
            </Collection>
         </privateExtensionList.C0.BoxedType>
         <pcs_Extensions.C1.Sequence>
            
         </pcs_Extensions.C1.Sequence>
      </extensionContainer.C2.Sequence>
   </RoutingInfoForLCS_Arg.Sequence>
</ASN>