<?xml version="1.0" encoding="ISO-8859-15"?>

<ASN layer="CAP">
   <RoutingInfoForSM_Arg.Sequence>
      <msisdn.C0.BoxedType><AddressString.BoxedType><Bytes>1364205613f9
               <field name="extension" value="extension:0" type="EnumLong" lengthBit="1"/>
               <field name="nature of address" value="international number:1" type="EnumLong" lengthBit="3"/>
               <field name="numbering plan" value="data numbering plan (ITU-T Rec X.121):3" type="EnumLong" lengthBit="4"/>
               <field name="digits" value="460265319" type="Number_BCD" length="9"/>
            </Bytes></AddressString.BoxedType></msisdn.C0.BoxedType>
      <sm_RP_PRI.C1>false:0</sm_RP_PRI.C1>
      <serviceCentreAddress.C2.BoxedType><Bytes>1a6167675514
            <field name="extension" value="extension:0" type="EnumLong" lengthBit="1"/>
            <field name="nature of address" value="international number:1" type="EnumLong" lengthBit="3"/>
            <field name="numbering plan" value="10" type="EnumLong" lengthBit="4"/>
            <field name="digits" value="1676765541" type="Number_BCD" length="10"/>
         </Bytes></serviceCentreAddress.C2.BoxedType>
      <extensionContainer.C6.Sequence>
         <privateExtensionList.C0.BoxedType>
            <Collection>
               <PrivateExtension.Sequence>
                  <extId><ObjectIdentifier>0.1.2125.18.85.35.123.50.6</ObjectIdentifier></extId>
                  <extType>7e526577e2a9</extType>
               </PrivateExtension.Sequence>
               <PrivateExtension.Sequence>
                  <extId><ObjectIdentifier>0.1.2112.1.119.15.65.65.77.20.79</ObjectIdentifier></extId>
                  <extType>873e1f</extType>
               </PrivateExtension.Sequence>
               <PrivateExtension.Sequence>
                  <extId><ObjectIdentifier>0.1.227.71.79.104.100.119.10.95.23.24</ObjectIdentifier></extId>
                  <extType>582ad1f165692f1baa</extType>
               </PrivateExtension.Sequence>
            </Collection>
         </privateExtensionList.C0.BoxedType>
         <pcs_Extensions.C1.Sequence>
            
         </pcs_Extensions.C1.Sequence>
      </extensionContainer.C6.Sequence>
      <gprsSupportIndicator.C7></gprsSupportIndicator.C7>
      <sm_RP_MTI.C8.BoxedType><Integer>SMS Deliver:0</Integer></sm_RP_MTI.C8.BoxedType>
      <sm_RP_SMEA.C9.BoxedType><Bytes>096917121902f7
            <element label="Address" coding="DV" binary="6917121902f7">
               <field name="extension" value="extension:0" type="EnumLong" lengthBit="1"/>
               <field name="nature of address" value="abbreviated number:6" type="EnumLong" lengthBit="3"/>
               <field name="numbering plan" value="private numbering plan:9" type="EnumLong" lengthBit="4"/>
               <field name="digits" value="712191207" type="Number_BCD" length="9"/>
            </element>
         </Bytes></sm_RP_SMEA.C9.BoxedType>
      <sm_deliveryNotIntended.C10.Enum>
         <EnumType>onlyIMSI_requested.0</EnumType>
      </sm_deliveryNotIntended.C10.Enum>
      <ip_sm_gwGuidanceIndicator.C11></ip_sm_gwGuidanceIndicator.C11>
      <imsi.C12.BoxedType><TBCD_STRING.BoxedType><Bytes>9193966532
               <field name="digits" value="1939695623" type="Number_BCD" length="10"/>
            </Bytes></TBCD_STRING.BoxedType></imsi.C12.BoxedType>
      <t4_Trigger_Indicator.C14></t4_Trigger_Indicator.C14>
      <singleAttemptDelivery.C13></singleAttemptDelivery.C13>
      <correlationID.C15.Sequence>
         <hlr_id.C0.BoxedType><IMSI.BoxedType><TBCD_STRING.BoxedType><Bytes>6163385588
                     <field name="digits" value="1636835588" type="Number_BCD" length="10"/>
                  </Bytes></TBCD_STRING.BoxedType></IMSI.BoxedType></hlr_id.C0.BoxedType>
         <sip_uri_A.C1.BoxedType><Bytes>d0442e09</Bytes></sip_uri_A.C1.BoxedType>
         <sip_uri_B.C2.BoxedType><Bytes>7770</Bytes></sip_uri_B.C2.BoxedType>
      </correlationID.C15.Sequence>
   </RoutingInfoForSM_Arg.Sequence>
</ASN>