<?xml version="1.0" encoding="ISO-8859-15"?>

<ASN layer="CAP">
   <RoutingInfoForLCS_Res.Sequence>
      <targetMS.C0.Choice>
         <imsi.C0.BoxedType><TBCD_STRING.BoxedType><Bytes>2199734521
                  <field name="digits" value="1299375412" type="Number_BCD" length="10"/>
               </Bytes></TBCD_STRING.BoxedType></imsi.C0.BoxedType>
         <msisdn.C1.BoxedType><AddressString.BoxedType><Bytes>9351231208f8
                  <field name="extension" value="no extension:1" type="EnumLong" lengthBit="1"/>
                  <field name="nature of address" value="international number:1" type="EnumLong" lengthBit="3"/>
                  <field name="numbering plan" value="data numbering plan (ITU-T Rec X.121):3" type="EnumLong" lengthBit="4"/>
                  <field name="digits" value="153221808" type="Number_BCD" length="9"/>
               </Bytes></AddressString.BoxedType></msisdn.C1.BoxedType>
      </targetMS.C0.Choice>
      <lcsLocationInfo.C1.Sequence>
         <networkNode_Number.BoxedType><AddressString.BoxedType><Bytes>db33551206f4
                  <field name="extension" value="no extension:1" type="EnumLong" lengthBit="1"/>
                  <field name="nature of address" value="reserved:5" type="EnumLong" lengthBit="3"/>
                  <field name="numbering plan" value="11" type="EnumLong" lengthBit="4"/>
                  <field name="digits" value="335521604" type="Number_BCD" length="9"/>
               </Bytes></AddressString.BoxedType></networkNode_Number.BoxedType>
         <lmsi.C0.BoxedType><Bytes>23de
               <field name="digits" value="23de" type="Binary" length="2"/>
            </Bytes></lmsi.C0.BoxedType>
         <extensionContainer.C1.Sequence>
            <privateExtensionList.C0.BoxedType>
               <Collection>
                  <PrivateExtension.Sequence>
                     <extId><ObjectIdentifier>0.1.2101.14</ObjectIdentifier></extId>
                     <extType>797f</extType>
                  </PrivateExtension.Sequence>
                  <PrivateExtension.Sequence>
                     <extId><ObjectIdentifier>0.1.264.106.21.43.81.33.113.58.59</ObjectIdentifier></extId>
                     <extType>e7</extType>
                  </PrivateExtension.Sequence>
                  <PrivateExtension.Sequence>
                     <extId><ObjectIdentifier>0.1.289.110.52.10.25</ObjectIdentifier></extId>
                     <extType>419499016b1bcd</extType>
                  </PrivateExtension.Sequence>
               </Collection>
            </privateExtensionList.C0.BoxedType>
            <pcs_Extensions.C1.Sequence>
               
            </pcs_Extensions.C1.Sequence>
         </extensionContainer.C1.Sequence>
         <gprsNodeIndicator.C2></gprsNodeIndicator.C2>
         <additional_Number.C3.Choice>
            <msc_Number.C0.BoxedType><AddressString.BoxedType><Bytes>e99148945501
                     <field name="extension" value="no extension:1" type="EnumLong" lengthBit="1"/>
                     <field name="nature of address" value="abbreviated number:6" type="EnumLong" lengthBit="3"/>
                     <field name="numbering plan" value="private numbering plan:9" type="EnumLong" lengthBit="4"/>
                     <field name="digits" value="1984495510" type="Number_BCD" length="10"/>
                  </Bytes></AddressString.BoxedType></msc_Number.C0.BoxedType>
            <sgsn_Number.C1.BoxedType><AddressString.BoxedType><Bytes>9465376960f5
                     <field name="extension" value="no extension:1" type="EnumLong" lengthBit="1"/>
                     <field name="nature of address" value="international number:1" type="EnumLong" lengthBit="3"/>
                     <field name="numbering plan" value="telex numbering plan (ITU-T Rec F.69):4" type="EnumLong" lengthBit="4"/>
                     <field name="digits" value="567396065" type="Number_BCD" length="9"/>
                  </Bytes></AddressString.BoxedType></sgsn_Number.C1.BoxedType>
         </additional_Number.C3.Choice>
         <supportedLCS_CapabilitySets.C4.BoxedType><BitString><BitString value="79a8d968ee9fb7a4d9a0ae00" trailing="0"/></BitString></supportedLCS_CapabilitySets.C4.BoxedType>
         <additional_LCS_CapabilitySets.C5.BoxedType><BitString><BitString value="cb4b94" trailing="0"/></BitString></additional_LCS_CapabilitySets.C5.BoxedType>
         <mme_Name.C6.BoxedType><Bytes>5a7b</Bytes></mme_Name.C6.BoxedType>
         <aaa_Server_Name.C8.BoxedType><Bytes>624548016329f1</Bytes></aaa_Server_Name.C8.BoxedType>
         <sgsn_Name.C9.BoxedType><Bytes>5b</Bytes></sgsn_Name.C9.BoxedType>
         <sgsn_Realm.C10.BoxedType><Bytes>0fa92649c6d139957f23</Bytes></sgsn_Realm.C10.BoxedType>
      </lcsLocationInfo.C1.Sequence>
      <extensionContainer.C2.Sequence>
         <privateExtensionList.C0.BoxedType>
            <Collection>
               <PrivateExtension.Sequence>
                  <extId><ObjectIdentifier>0.1.214.107.122</ObjectIdentifier></extId>
                  <extType>1c6a913717eaf0f2a031</extType>
               </PrivateExtension.Sequence>
               <PrivateExtension.Sequence>
                  <extId><ObjectIdentifier>0.1.245.12.22.96.64</ObjectIdentifier></extId>
                  <extType>94</extType>
               </PrivateExtension.Sequence>
               <PrivateExtension.Sequence>
                  <extId><ObjectIdentifier>0.1.246.117.99.115.69.122.67.119.65</ObjectIdentifier></extId>
                  <extType>490efbd351e3</extType>
               </PrivateExtension.Sequence>
            </Collection>
         </privateExtensionList.C0.BoxedType>
         <pcs_Extensions.C1.Sequence>
            
         </pcs_Extensions.C1.Sequence>
      </extensionContainer.C2.Sequence>
      <v_gmlc_Address.C3.BoxedType><Bytes>40b96b4203
            <field name="Address type" value="IPV6:1" type="EnumLong" lengthBit="2"/>
            <field name="AddressLength" value="0" type="Integer" lengthBit="6"/>
            <field name="IPV4 address" value="185.107.66.3" type="IPV4Address" length="4"/>
         </Bytes></v_gmlc_Address.C3.BoxedType>
      <h_gmlc_Address.C4.BoxedType><Bytes>4c19c6b5ed
            <field name="Address type" value="IPV6:1" type="EnumLong" lengthBit="2"/>
            <field name="AddressLength" value="12" type="Integer" lengthBit="6"/>
            <field name="IPV4 address" value="25.198.181.237" type="IPV4Address" length="4"/>
         </Bytes></h_gmlc_Address.C4.BoxedType>
      <ppr_Address.C5.BoxedType><Bytes>4b37a3600f
            <field name="Address type" value="IPV6:1" type="EnumLong" lengthBit="2"/>
            <field name="AddressLength" value="11" type="Integer" lengthBit="6"/>
            <field name="IPV4 address" value="55.163.96.15" type="IPV4Address" length="4"/>
         </Bytes></ppr_Address.C5.BoxedType>
      <additional_v_gmlc_Address.C6.BoxedType><Bytes>bc37e95eb1
            <field name="Address type" value="2" type="EnumLong" lengthBit="2"/>
            <field name="AddressLength" value="60" type="Integer" lengthBit="6"/>
            <field name="IPV4 address" value="55.233.94.177" type="IPV4Address" length="4"/>
         </Bytes></additional_v_gmlc_Address.C6.BoxedType>
   </RoutingInfoForLCS_Res.Sequence>
</ASN>