<?xml version="1.0" encoding="ISO-8859-15"?>

<ASN layer="CAP">
   <RoutingInfoForSM_Res.Sequence>
      <imsi.BoxedType><TBCD_STRING.BoxedType><Bytes>43387326f3
               <field name="digits" value="348337623" type="Number_BCD" length="9"/>
            </Bytes></TBCD_STRING.BoxedType></imsi.BoxedType>
      <locationInfoWithLMSI.C0.Sequence>
         <networkNode_Number.C1.BoxedType><AddressString.BoxedType><Bytes>1748738488f2
                  <field name="extension" value="extension:0" type="EnumLong" lengthBit="1"/>
                  <field name="nature of address" value="international number:1" type="EnumLong" lengthBit="3"/>
                  <field name="numbering plan" value="spare:7" type="EnumLong" lengthBit="4"/>
                  <field name="digits" value="843748882" type="Number_BCD" length="9"/>
               </Bytes></AddressString.BoxedType></networkNode_Number.C1.BoxedType>
         <lmsi.BoxedType><Bytes>df677b7190c9b656c8
               <field name="digits" value="df677b7190c9b656c8" type="Binary" length="9"/>
            </Bytes></lmsi.BoxedType>
         <extensionContainer.Sequence>
            <privateExtensionList.C0.BoxedType>
               <Collection>
                  <PrivateExtension.Sequence>
                     <extId><ObjectIdentifier>0.1.224.7</ObjectIdentifier></extId>
                     <extType>0a02e99d</extType>
                  </PrivateExtension.Sequence>
                  <PrivateExtension.Sequence>
                     <extId><ObjectIdentifier>0.1.264.86.89.94</ObjectIdentifier></extId>
                     <extType>7f1df17e0a01</extType>
                  </PrivateExtension.Sequence>
                  <PrivateExtension.Sequence>
                     <extId><ObjectIdentifier>0.1.275.126.109</ObjectIdentifier></extId>
                     <extType>d78f78d22b</extType>
                  </PrivateExtension.Sequence>
               </Collection>
            </privateExtensionList.C0.BoxedType>
            <pcs_Extensions.C1.Sequence>
               
            </pcs_Extensions.C1.Sequence>
         </extensionContainer.Sequence>
         <gprsNodeIndicator.C5></gprsNodeIndicator.C5>
         <additional_Number.C6.Choice>
            <msc_Number.C0.BoxedType><AddressString.BoxedType><Bytes>c471159705f9
                     <field name="extension" value="no extension:1" type="EnumLong" lengthBit="1"/>
                     <field name="nature of address" value="subscriber number:4" type="EnumLong" lengthBit="3"/>
                     <field name="numbering plan" value="telex numbering plan (ITU-T Rec F.69):4" type="EnumLong" lengthBit="4"/>
                     <field name="digits" value="175179509" type="Number_BCD" length="9"/>
                  </Bytes></AddressString.BoxedType></msc_Number.C0.BoxedType>
            <sgsn_Number.C1.BoxedType><AddressString.BoxedType><Bytes>2f1187045379
                     <field name="extension" value="extension:0" type="EnumLong" lengthBit="1"/>
                     <field name="nature of address" value="national significant number:2" type="EnumLong" lengthBit="3"/>
                     <field name="numbering plan" value="reserved for extension:15" type="EnumLong" lengthBit="4"/>
                     <field name="digits" value="1178403597" type="Number_BCD" length="10"/>
                  </Bytes></AddressString.BoxedType></sgsn_Number.C1.BoxedType>
         </additional_Number.C6.Choice>
         <networkNodeDiameterAddress.C7.Sequence>
            <diameter_Name.C0.BoxedType><Bytes>32</Bytes></diameter_Name.C0.BoxedType>
            <diameter_Realm.C1.BoxedType><Bytes>136d28662f044625</Bytes></diameter_Realm.C1.BoxedType>
         </networkNodeDiameterAddress.C7.Sequence>
         <additionalNetworkNodeDiameterAddress.C8.Sequence>
            <diameter_Name.C0.BoxedType><Bytes>21c1ba4dcda2fd</Bytes></diameter_Name.C0.BoxedType>
            <diameter_Realm.C1.BoxedType><Bytes>757206966c8ae11691</Bytes></diameter_Realm.C1.BoxedType>
         </additionalNetworkNodeDiameterAddress.C8.Sequence>
         <thirdNumber.C9.Choice>
            <msc_Number.C0.BoxedType><AddressString.BoxedType><Bytes>4924745215f7
                     <field name="extension" value="extension:0" type="EnumLong" lengthBit="1"/>
                     <field name="nature of address" value="subscriber number:4" type="EnumLong" lengthBit="3"/>
                     <field name="numbering plan" value="private numbering plan:9" type="EnumLong" lengthBit="4"/>
                     <field name="digits" value="424725517" type="Number_BCD" length="9"/>
                  </Bytes></AddressString.BoxedType></msc_Number.C0.BoxedType>
            <sgsn_Number.C1.BoxedType><AddressString.BoxedType><Bytes>248121334311
                     <field name="extension" value="extension:0" type="EnumLong" lengthBit="1"/>
                     <field name="nature of address" value="national significant number:2" type="EnumLong" lengthBit="3"/>
                     <field name="numbering plan" value="telex numbering plan (ITU-T Rec F.69):4" type="EnumLong" lengthBit="4"/>
                     <field name="digits" value="1812333411" type="Number_BCD" length="10"/>
                  </Bytes></AddressString.BoxedType></sgsn_Number.C1.BoxedType>
         </thirdNumber.C9.Choice>
         <thirdNetworkNodeDiameterAddress.C10.Sequence>
            <diameter_Name.C0.BoxedType><Bytes>c7eb</Bytes></diameter_Name.C0.BoxedType>
            <diameter_Realm.C1.BoxedType><Bytes>b9</Bytes></diameter_Realm.C1.BoxedType>
         </thirdNetworkNodeDiameterAddress.C10.Sequence>
         <imsNodeIndicator.C11></imsNodeIndicator.C11>
      </locationInfoWithLMSI.C0.Sequence>
      <extensionContainer.C4.Sequence>
         <privateExtensionList.C0.BoxedType>
            <Collection>
               <PrivateExtension.Sequence>
                  <extId><ObjectIdentifier>0.1.294.4.60.63.15.107.46.11</ObjectIdentifier></extId>
                  <extType>8894ea88d9</extType>
               </PrivateExtension.Sequence>
               <PrivateExtension.Sequence>
                  <extId><ObjectIdentifier>0.1.281.37.85.105.3.113.13.106.118</ObjectIdentifier></extId>
                  <extType>dfda2154a7</extType>
               </PrivateExtension.Sequence>
               <PrivateExtension.Sequence>
                  <extId><ObjectIdentifier>0.1.212.10.79.112.37.127.107.123.41</ObjectIdentifier></extId>
                  <extType>79fdac</extType>
               </PrivateExtension.Sequence>
            </Collection>
         </privateExtensionList.C0.BoxedType>
         <pcs_Extensions.C1.Sequence>
            
         </pcs_Extensions.C1.Sequence>
      </extensionContainer.C4.Sequence>
      <ip_sm_gwGuidance.C5.Sequence>
         <minimumDeliveryTimeValue.BoxedType><Integer>1</Integer></minimumDeliveryTimeValue.BoxedType>
         <recommendedDeliveryTimeValue.BoxedType><Integer>2</Integer></recommendedDeliveryTimeValue.BoxedType>
         <extensionContainer.Sequence>
            <privateExtensionList.C0.BoxedType>
               <Collection>
                  <PrivateExtension.Sequence>
                     <extId><ObjectIdentifier>0.1.2122.88.48.114.119.119.4.87</ObjectIdentifier></extId>
                     <extType>f663</extType>
                  </PrivateExtension.Sequence>
                  <PrivateExtension.Sequence>
                     <extId><ObjectIdentifier>0.1.2107.33.70.119.93.10</ObjectIdentifier></extId>
                     <extType>2b134462ebf2</extType>
                  </PrivateExtension.Sequence>
                  <PrivateExtension.Sequence>
                     <extId><ObjectIdentifier>0.1.292.28.21.21.127.101.37.110.35.13</ObjectIdentifier></extId>
                     <extType>0b7127</extType>
                  </PrivateExtension.Sequence>
               </Collection>
            </privateExtensionList.C0.BoxedType>
            <pcs_Extensions.C1.Sequence>
               
            </pcs_Extensions.C1.Sequence>
         </extensionContainer.Sequence>
      </ip_sm_gwGuidance.C5.Sequence>
   </RoutingInfoForSM_Res.Sequence>
</ASN>