<?xml version="1.0" encoding="ISO-8859-15"?>

<ASN layer="CAP">
   <SendChargingInformationArg.Sequence>
      <sCIBillingChargingCharacteristics.C0.BoxedType><Bytes>1bacf14be9d23570a6</Bytes></sCIBillingChargingCharacteristics.C0.BoxedType>
      <partyToCharge.C1.Choice><sendingSideID.C0.BoxedType><Bytes>02
               <field name="LegType" value="leg2 LegType:2" type="EnumLong" length="1"/>
            </Bytes></sendingSideID.C0.BoxedType></partyToCharge.C1.Choice>
      <extensions.C2.BoxedType>
         <Collection>
            <ExtensionField.Sequence>
               <type.Choice>
                  <local>494623964</local>
                  <global><ObjectIdentifier>0.1.258.59.12.125</ObjectIdentifier></global>
               </type.Choice>
               <criticality.nulld.Enum>
                  <EnumType>abort.1</EnumType>
               </criticality.nulld.Enum>
               <NullObject.C1></NullObject.C1>
            </ExtensionField.Sequence>
            <ExtensionField.Sequence>
               <type.Choice>
                  <local>2607436219</local>
                  <global><ObjectIdentifier>0.1.2104.83.117.68.71.93</ObjectIdentifier></global>
               </type.Choice>
               <criticality.nulld.Enum>
                  <EnumType>abort.1</EnumType>
               </criticality.nulld.Enum>
               <NullObject.C1></NullObject.C1>
            </ExtensionField.Sequence>
            <ExtensionField.Sequence>
               <type.Choice>
                  <local>2135998177</local>
                  <global><ObjectIdentifier>0.1.247.111.0.107.118.123</ObjectIdentifier></global>
               </type.Choice>
               <criticality.nulld.Enum>
                  <EnumType>abort.1</EnumType>
               </criticality.nulld.Enum>
               <NullObject.C1></NullObject.C1>
            </ExtensionField.Sequence>
         </Collection>
      </extensions.C2.BoxedType>
   </SendChargingInformationArg.Sequence>
</ASN>