<?xml version="1.0" encoding="ISO-8859-15"?>

<ASN layer="CAP">
   <SendAuthenticationInfoArg.Sequence>
      <imsi.C0.BoxedType><TBCD_STRING.BoxedType><Bytes>4143136374
               <field name="digits" value="1434313647" type="Number_BCD" length="10"/>
            </Bytes></TBCD_STRING.BoxedType></imsi.C0.BoxedType>
      <numberOfRequestedVectors.BoxedType><Integer>1</Integer></numberOfRequestedVectors.BoxedType>
      <segmentationProhibited></segmentationProhibited>
      <immediateResponsePreferred.C1></immediateResponsePreferred.C1>
      <re_synchronisationInfo.Sequence>
         <rand.BoxedType><Bytes>37a3</Bytes></rand.BoxedType>
         <auts.BoxedType><Bytes>6b4a53d3d777825a32</Bytes></auts.BoxedType>
      </re_synchronisationInfo.Sequence>
      <extensionContainer.C2.Sequence>
         <privateExtensionList.C0.BoxedType>
            <Collection>
               <PrivateExtension.Sequence>
                  <extId><ObjectIdentifier>0.1.294.60.21.1.7.16.108.107.69</ObjectIdentifier></extId>
                  <extType>57f2c9790a6d98</extType>
               </PrivateExtension.Sequence>
               <PrivateExtension.Sequence>
                  <extId><ObjectIdentifier>0.1.2113.34.84.109.16.118.89</ObjectIdentifier></extId>
                  <extType>d9d759f0d998b360</extType>
               </PrivateExtension.Sequence>
               <PrivateExtension.Sequence>
                  <extId><ObjectIdentifier>0.1.245.39.51.46</ObjectIdentifier></extId>
                  <extType>b460d2a1ab2d3f4f8691</extType>
               </PrivateExtension.Sequence>
            </Collection>
         </privateExtensionList.C0.BoxedType>
         <pcs_Extensions.C1.Sequence>
            
         </pcs_Extensions.C1.Sequence>
      </extensionContainer.C2.Sequence>
      <requestingNodeType.C3.Enum>
         <EnumType>gan_aaa_server.4</EnumType>
      </requestingNodeType.C3.Enum>
      <requestingPLMN_Id.C4.BoxedType><Bytes>0a16864024</Bytes></requestingPLMN_Id.C4.BoxedType>
      <numberOfRequestedAdditional_Vectors.C5.BoxedType><Integer>1</Integer></numberOfRequestedAdditional_Vectors.C5.BoxedType>
      <additionalVectorsAreForEPS.C6></additionalVectorsAreForEPS.C6>
   </SendAuthenticationInfoArg.Sequence>
</ASN>