<?xml version="1.0" encoding="ISO-8859-15"?>

<ASN layer="CAP">
   <SendEndSignal_Arg.BoxedType><SendEndSignal_ArgSequenceType.C3.Sequence>
         <an_APDU.Sequence>
            <accessNetworkProtocolId.Enum>
               <EnumType>ts3G_48006.1</EnumType>
            </accessNetworkProtocolId.Enum>
            <signalInfo.BoxedType><Bytes>5aa810c622efd1</Bytes></signalInfo.BoxedType>
            <extensionContainer.Sequence>
               <privateExtensionList.C0.BoxedType>
                  <Collection>
                     <PrivateExtension.Sequence>
                        <extId><ObjectIdentifier>0.1.220.94.80.72.92.103.66</ObjectIdentifier></extId>
                        <extType>b761701b1c</extType>
                     </PrivateExtension.Sequence>
                     <PrivateExtension.Sequence>
                        <extId><ObjectIdentifier>0.1.283.24.86</ObjectIdentifier></extId>
                        <extType>9f0707e559d931</extType>
                     </PrivateExtension.Sequence>
                     <PrivateExtension.Sequence>
                        <extId><ObjectIdentifier>0.1.252.119.115.15.58.59.23.54.34</ObjectIdentifier></extId>
                        <extType>0dc0c32018</extType>
                     </PrivateExtension.Sequence>
                  </Collection>
               </privateExtensionList.C0.BoxedType>
               <pcs_Extensions.C1.Sequence>
                  
               </pcs_Extensions.C1.Sequence>
            </extensionContainer.Sequence>
         </an_APDU.Sequence>
         <extensionContainer.C0.Sequence>
            <privateExtensionList.C0.BoxedType>
               <Collection>
                  <PrivateExtension.Sequence>
                     <extId><ObjectIdentifier>0.1.286.124.36</ObjectIdentifier></extId>
                     <extType>bd5ddc</extType>
                  </PrivateExtension.Sequence>
                  <PrivateExtension.Sequence>
                     <extId><ObjectIdentifier>0.1.2100.51.116</ObjectIdentifier></extId>
                     <extType>c8b6</extType>
                  </PrivateExtension.Sequence>
                  <PrivateExtension.Sequence>
                     <extId><ObjectIdentifier>0.1.2107</ObjectIdentifier></extId>
                     <extType>004a5206</extType>
                  </PrivateExtension.Sequence>
               </Collection>
            </privateExtensionList.C0.BoxedType>
            <pcs_Extensions.C1.Sequence>
               
            </pcs_Extensions.C1.Sequence>
         </extensionContainer.C0.Sequence>
      </SendEndSignal_ArgSequenceType.C3.Sequence></SendEndSignal_Arg.BoxedType>
</ASN>