<?xml version="1.0" encoding="ISO-8859-15"?>

<ASN layer="CAP">
   <SendRoutingInfoRes.BoxedType><SendRoutingInfoResSequenceType.C3.Sequence>
         <imsi.C9.BoxedType><TBCD_STRING.BoxedType><Bytes>1201153798
                  <field name="digits" value="2110517389" type="Number_BCD" length="10"/>
               </Bytes></TBCD_STRING.BoxedType></imsi.C9.BoxedType>
         <extendedRoutingInfo.Choice>
            <routingInfo.Choice>
               
            </routingInfo.Choice>
         </extendedRoutingInfo.Choice>
         <vmsc_Address.C2.BoxedType><AddressString.BoxedType><Bytes>bc3053850646
                  <field name="extension" value="no extension:1" type="EnumLong" lengthBit="1"/>
                  <field name="nature of address" value="network specific number:3" type="EnumLong" lengthBit="3"/>
                  <field name="numbering plan" value="12" type="EnumLong" lengthBit="4"/>
                  <field name="digits" value="0335586064" type="Number_BCD" length="10"/>
               </Bytes></AddressString.BoxedType></vmsc_Address.C2.BoxedType>
      </SendRoutingInfoResSequenceType.C3.Sequence></SendRoutingInfoRes.BoxedType>
</ASN>