<?xml version="1.0" encoding="ISO-8859-15"?>

<ASN layer="CAP">
   <SendGroupCallEndSignalRes.Sequence><extensionContainer.Sequence>
         <privateExtensionList.C0.BoxedType>
            <Collection>
               <PrivateExtension.Sequence>
                  <extId><ObjectIdentifier>0.1.2106.77.17.38</ObjectIdentifier></extId>
                  <extType>4b4f32bd49232a9e0b</extType>
               </PrivateExtension.Sequence>
               <PrivateExtension.Sequence>
                  <extId><ObjectIdentifier>0.1.279.124.117.84.99.45.92.42.100.112</ObjectIdentifier></extId>
                  <extType>93bb0b</extType>
               </PrivateExtension.Sequence>
               <PrivateExtension.Sequence>
                  <extId><ObjectIdentifier>0.1.242.42.85.36.46.17.24</ObjectIdentifier></extId>
                  <extType>9129fb636e</extType>
               </PrivateExtension.Sequence>
            </Collection>
         </privateExtensionList.C0.BoxedType>
         <pcs_Extensions.C1.Sequence>
            
         </pcs_Extensions.C1.Sequence>
      </extensionContainer.Sequence></SendGroupCallEndSignalRes.Sequence>
</ASN>