<?xml version="1.0" encoding="ISO-8859-15"?>

<ASN layer="CAP">
   <SendIdentificationRes.BoxedType><SendIdentificationResSequenceType.C3.Sequence>
         <imsi.BoxedType><TBCD_STRING.BoxedType><Bytes>1168555843
                  <field name="digits" value="1186558534" type="Number_BCD" length="10"/>
               </Bytes></TBCD_STRING.BoxedType></imsi.BoxedType>
         <authenticationSetList.Choice>
            <tripletList.C0.BoxedType>
               <Collection>
                  <AuthenticationTriplet.Sequence>
                     <rand.BoxedType><Bytes>28be8e0e7ea3</Bytes></rand.BoxedType>
                     <sres.BoxedType><Bytes>b19673398ce88d1251</Bytes></sres.BoxedType>
                     <kc.BoxedType><Bytes>9383de1b3a69822a27</Bytes></kc.BoxedType>
                  </AuthenticationTriplet.Sequence>
                  <AuthenticationTriplet.Sequence>
                     <rand.BoxedType><Bytes>d63fca72f64d0685b89d</Bytes></rand.BoxedType>
                     <sres.BoxedType><Bytes>b7</Bytes></sres.BoxedType>
                     <kc.BoxedType><Bytes>bda4d696</Bytes></kc.BoxedType>
                  </AuthenticationTriplet.Sequence>
                  <AuthenticationTriplet.Sequence>
                     <rand.BoxedType><Bytes>8de2</Bytes></rand.BoxedType>
                     <sres.BoxedType><Bytes>75be</Bytes></sres.BoxedType>
                     <kc.BoxedType><Bytes>f5b8fc23</Bytes></kc.BoxedType>
                  </AuthenticationTriplet.Sequence>
               </Collection>
            </tripletList.C0.BoxedType>
            <quintupletList.C1.BoxedType>
               <Collection>
                  <AuthenticationQuintuplet.Sequence>
                     <rand.BoxedType><Bytes>6af23a9c</Bytes></rand.BoxedType>
                     <xres.BoxedType><Bytes>51ff8711</Bytes></xres.BoxedType>
                     <ck.BoxedType><Bytes>c26169a01b8cf343</Bytes></ck.BoxedType>
                     <ik.BoxedType><Bytes>c8286c547e138fcd</Bytes></ik.BoxedType>
                     <autn.BoxedType><Bytes>6488296a75de4173834a</Bytes></autn.BoxedType>
                  </AuthenticationQuintuplet.Sequence>
                  <AuthenticationQuintuplet.Sequence>
                     <rand.BoxedType><Bytes>26d3c148089bb4fc</Bytes></rand.BoxedType>
                     <xres.BoxedType><Bytes>0af61ae3f4</Bytes></xres.BoxedType>
                     <ck.BoxedType><Bytes>66db60</Bytes></ck.BoxedType>
                     <ik.BoxedType><Bytes>e560a9806cf2aa</Bytes></ik.BoxedType>
                     <autn.BoxedType><Bytes>5eba2cbd3032d8</Bytes></autn.BoxedType>
                  </AuthenticationQuintuplet.Sequence>
                  <AuthenticationQuintuplet.Sequence>
                     <rand.BoxedType><Bytes>9b2d065bf3c1513eb2</Bytes></rand.BoxedType>
                     <xres.BoxedType><Bytes>5d08c9b98555</Bytes></xres.BoxedType>
                     <ck.BoxedType><Bytes>54d72d840b68abd8</Bytes></ck.BoxedType>
                     <ik.BoxedType><Bytes>128a6fd72866</Bytes></ik.BoxedType>
                     <autn.BoxedType><Bytes>fbdaa867f85433a23a</Bytes></autn.BoxedType>
                  </AuthenticationQuintuplet.Sequence>
               </Collection>
            </quintupletList.C1.BoxedType>
         </authenticationSetList.Choice>
         <currentSecurityContext.C2.Choice>
            <gsm_SecurityContextData.C0.Sequence>
               <kc.BoxedType><Bytes>5db3fb52</Bytes></kc.BoxedType>
               <cksn.BoxedType><Bytes>aaa491f7</Bytes></cksn.BoxedType>
            </gsm_SecurityContextData.C0.Sequence>
            <umts_SecurityContextData.C1.Sequence>
               <ck.BoxedType><Bytes>4d98</Bytes></ck.BoxedType>
               <ik.BoxedType><Bytes>816a2a1d</Bytes></ik.BoxedType>
               <ksi.BoxedType><Bytes>ee8d5cf4bb7b88</Bytes></ksi.BoxedType>
            </umts_SecurityContextData.C1.Sequence>
         </currentSecurityContext.C2.Choice>
         <extensionContainer.C3.Sequence>
            <privateExtensionList.C0.BoxedType>
               <Collection>
                  <PrivateExtension.Sequence>
                     <extId><ObjectIdentifier>0.1.2119.97.70.6.123.91.107.31.51</ObjectIdentifier></extId>
                     <extType>624805d4</extType>
                  </PrivateExtension.Sequence>
                  <PrivateExtension.Sequence>
                     <extId><ObjectIdentifier>0.1.273.117.126.80.33</ObjectIdentifier></extId>
                     <extType>a84063b99b312fcfc7f1</extType>
                  </PrivateExtension.Sequence>
                  <PrivateExtension.Sequence>
                     <extId><ObjectIdentifier>0.1.297.58.71.124.124.126.125.108.122</ObjectIdentifier></extId>
                     <extType>ecbe489bb8d7b1d8</extType>
                  </PrivateExtension.Sequence>
               </Collection>
            </privateExtensionList.C0.BoxedType>
            <pcs_Extensions.C1.Sequence>
               
            </pcs_Extensions.C1.Sequence>
         </extensionContainer.C3.Sequence>
         <lastUsedLtePLMN_Id.C4.BoxedType><Bytes>93c5ee396767e8</Bytes></lastUsedLtePLMN_Id.C4.BoxedType>
         <mtCallPendingFlag.C5></mtCallPendingFlag.C5>
      </SendIdentificationResSequenceType.C3.Sequence></SendIdentificationRes.BoxedType>
</ASN>