<?xml version="1.0" encoding="ISO-8859-15"?>

<ASN layer="CAP">
   <SendIdentificationArg.Sequence>
      <tmsi.BoxedType><Bytes>76f035ad
            <field name="digits" value="76f035ad" type="Binary" length="4"/>
         </Bytes></tmsi.BoxedType>
      <numberOfRequestedVectors.BoxedType><Integer>2</Integer></numberOfRequestedVectors.BoxedType>
      <segmentationProhibited></segmentationProhibited>
      <extensionContainer.Sequence>
         <privateExtensionList.C0.BoxedType>
            <Collection>
               <PrivateExtension.Sequence>
                  <extId><ObjectIdentifier>0.1.277.7.26.116.125.72</ObjectIdentifier></extId>
                  <extType>0bb0</extType>
               </PrivateExtension.Sequence>
               <PrivateExtension.Sequence>
                  <extId><ObjectIdentifier>0.1.2123.85</ObjectIdentifier></extId>
                  <extType>d81c1fc016</extType>
               </PrivateExtension.Sequence>
               <PrivateExtension.Sequence>
                  <extId><ObjectIdentifier>0.1.2108.113.121.8.65.69.102.34.39</ObjectIdentifier></extId>
                  <extType>00468490c9f2198fb798</extType>
               </PrivateExtension.Sequence>
            </Collection>
         </privateExtensionList.C0.BoxedType>
         <pcs_Extensions.C1.Sequence>
            
         </pcs_Extensions.C1.Sequence>
      </extensionContainer.Sequence>
      <msc_Number.BoxedType><AddressString.BoxedType><Bytes>0343702936f9
               <field name="extension" value="extension:0" type="EnumLong" lengthBit="1"/>
               <field name="nature of address" value="unknown:0" type="EnumLong" lengthBit="3"/>
               <field name="numbering plan" value="data numbering plan (ITU-T Rec X.121):3" type="EnumLong" lengthBit="4"/>
               <field name="digits" value="340792639" type="Number_BCD" length="9"/>
            </Bytes></AddressString.BoxedType></msc_Number.BoxedType>
      <previous_LAI.C0.BoxedType><Bytes>51f61157b3
            <field name="MMC" value="156,11" type="NumberMMC" length="3"/>
            <field name="LAC" value="22451" type="Integer" length="2"/>
         </Bytes></previous_LAI.C0.BoxedType>
      <hopCounter.C1.BoxedType><Integer>0</Integer></hopCounter.C1.BoxedType>
      <mtRoamingForwardingSupported.C2></mtRoamingForwardingSupported.C2>
      <newVLR_Number.C3.BoxedType><AddressString.BoxedType><Bytes>c95139848645
               <field name="extension" value="no extension:1" type="EnumLong" lengthBit="1"/>
               <field name="nature of address" value="subscriber number:4" type="EnumLong" lengthBit="3"/>
               <field name="numbering plan" value="private numbering plan:9" type="EnumLong" lengthBit="4"/>
               <field name="digits" value="1593486854" type="Number_BCD" length="10"/>
            </Bytes></AddressString.BoxedType></newVLR_Number.C3.BoxedType>
      <new_lmsi.C4.BoxedType><Bytes>7bcf
            <field name="digits" value="7bcf" type="Binary" length="2"/>
         </Bytes></new_lmsi.C4.BoxedType>
   </SendIdentificationArg.Sequence>
</ASN>