<?xml version="1.0" encoding="ISO-8859-15"?>

<ASN layer="CAP">
   <SendGroupCallEndSignalArg.Sequence>
      <imsi.BoxedType><TBCD_STRING.BoxedType><Bytes>26705604f0
               <field name="digits" value="620765400" type="Number_BCD" length="9"/>
            </Bytes></TBCD_STRING.BoxedType></imsi.BoxedType>
      <extensionContainer.Sequence>
         <privateExtensionList.C0.BoxedType>
            <Collection>
               <PrivateExtension.Sequence>
                  <extId><ObjectIdentifier>0.1.228.46.40</ObjectIdentifier></extId>
                  <extType>9ce74a3f53468061a3</extType>
               </PrivateExtension.Sequence>
               <PrivateExtension.Sequence>
                  <extId><ObjectIdentifier>0.1.261.126.50.45.29.35.30.125.126.107</ObjectIdentifier></extId>
                  <extType>c65140a7b95766a1</extType>
               </PrivateExtension.Sequence>
               <PrivateExtension.Sequence>
                  <extId><ObjectIdentifier>0.1.238.55.24</ObjectIdentifier></extId>
                  <extType>01115d6f3e</extType>
               </PrivateExtension.Sequence>
            </Collection>
         </privateExtensionList.C0.BoxedType>
         <pcs_Extensions.C1.Sequence>
            
         </pcs_Extensions.C1.Sequence>
      </extensionContainer.Sequence>
      <talkerPriority.C0.Enum>
         <EnumType>emergency.2</EnumType>
      </talkerPriority.C0.Enum>
      <additionalInfo.C1.BoxedType><BitString><BitString value="e7dbe6deeca06b1f03abc1496374" trailing="0"/></BitString></additionalInfo.C1.BoxedType>
   </SendGroupCallEndSignalArg.Sequence>
</ASN>