<?xml version="1.0" encoding="ISO-8859-15"?>

<ASN layer="CAP">
   <SendGroupCallInfoRes.Sequence>
      <anchorMSC_Address.C0.BoxedType><AddressString.BoxedType><Bytes>1733596135f7
               <field name="extension" value="extension:0" type="EnumLong" lengthBit="1"/>
               <field name="nature of address" value="international number:1" type="EnumLong" lengthBit="3"/>
               <field name="numbering plan" value="spare:7" type="EnumLong" lengthBit="4"/>
               <field name="digits" value="339516537" type="Number_BCD" length="9"/>
            </Bytes></AddressString.BoxedType></anchorMSC_Address.C0.BoxedType>
      <asciCallReference.C1.BoxedType><TBCD_STRING.BoxedType><Bytes>65305343f4
               <field name="digits" value="560335344" type="Number_BCD" length="9"/>
            </Bytes></TBCD_STRING.BoxedType></asciCallReference.C1.BoxedType>
      <imsi.C2.BoxedType><TBCD_STRING.BoxedType><Bytes>09857095f4
               <field name="digits" value="905807594" type="Number_BCD" length="9"/>
            </Bytes></TBCD_STRING.BoxedType></imsi.C2.BoxedType>
      <additionalInfo.C3.BoxedType><BitString><BitString value="a730668022e1" trailing="0"/></BitString></additionalInfo.C3.BoxedType>
      <additionalSubscriptions.C4.BoxedType><BitString><BitString value="1f8fcda783a5aa96bd631c7c6a75" trailing="0"/></BitString></additionalSubscriptions.C4.BoxedType>
      <kc.C5.BoxedType><Bytes>99</Bytes></kc.C5.BoxedType>
      <extensionContainer.C6.Sequence>
         <privateExtensionList.C0.BoxedType>
            <Collection>
               <PrivateExtension.Sequence>
                  <extId><ObjectIdentifier>0.1.2120.75.92.97.62</ObjectIdentifier></extId>
                  <extType>ab5d709452</extType>
               </PrivateExtension.Sequence>
               <PrivateExtension.Sequence>
                  <extId><ObjectIdentifier>0.1.2102.16.102.105.112.46</ObjectIdentifier></extId>
                  <extType>5175fb3629</extType>
               </PrivateExtension.Sequence>
               <PrivateExtension.Sequence>
                  <extId><ObjectIdentifier>0.1.2124.78.30.65</ObjectIdentifier></extId>
                  <extType>93f25a7dbeef501698b9</extType>
               </PrivateExtension.Sequence>
            </Collection>
         </privateExtensionList.C0.BoxedType>
         <pcs_Extensions.C1.Sequence>
            
         </pcs_Extensions.C1.Sequence>
      </extensionContainer.C6.Sequence>
   </SendGroupCallInfoRes.Sequence>
</ASN>