<?xml version="1.0" encoding="ISO-8859-15"?>

<ASN layer="CAP">
   <SendRoutingInfoArg.Sequence>
      <msisdn.C0.BoxedType><AddressString.BoxedType><Bytes>d905060172f9
               <field name="extension" value="no extension:1" type="EnumLong" lengthBit="1"/>
               <field name="nature of address" value="reserved:5" type="EnumLong" lengthBit="3"/>
               <field name="numbering plan" value="private numbering plan:9" type="EnumLong" lengthBit="4"/>
               <field name="digits" value="506010279" type="Number_BCD" length="9"/>
            </Bytes></AddressString.BoxedType></msisdn.C0.BoxedType>
      <cug_CheckInfo.C1.Sequence>
         <cug_Interlock.BoxedType><Bytes>c2ad</Bytes></cug_Interlock.BoxedType>
         <cug_OutgoingAccess></cug_OutgoingAccess>
         <extensionContainer.Sequence>
            <privateExtensionList.C0.BoxedType>
               <Collection>
                  <PrivateExtension.Sequence>
                     <extId><ObjectIdentifier>0.1.210.63.124.60.33</ObjectIdentifier></extId>
                     <extType>a87f5947a3</extType>
                  </PrivateExtension.Sequence>
                  <PrivateExtension.Sequence>
                     <extId><ObjectIdentifier>0.1.238.14.59.14.58.115.92.55</ObjectIdentifier></extId>
                     <extType>1d7d53a5b7f3d9</extType>
                  </PrivateExtension.Sequence>
                  <PrivateExtension.Sequence>
                     <extId><ObjectIdentifier>0.1.232.22</ObjectIdentifier></extId>
                     <extType>c82175d16a</extType>
                  </PrivateExtension.Sequence>
               </Collection>
            </privateExtensionList.C0.BoxedType>
            <pcs_Extensions.C1.Sequence>
               
            </pcs_Extensions.C1.Sequence>
         </extensionContainer.Sequence>
      </cug_CheckInfo.C1.Sequence>
      <numberOfForwarding.C2.BoxedType><Integer>1</Integer></numberOfForwarding.C2.BoxedType>
      <interrogationType.C3.Enum>
         <EnumType>forwarding.1</EnumType>
      </interrogationType.C3.Enum>
      <or_Interrogation.C4></or_Interrogation.C4>
      <or_Capability.C5.BoxedType><Integer>1</Integer></or_Capability.C5.BoxedType>
      <gmsc_OrGsmSCF_Address.C6.BoxedType><AddressString.BoxedType><Bytes>487147096742
               <field name="extension" value="extension:0" type="EnumLong" lengthBit="1"/>
               <field name="nature of address" value="subscriber number:4" type="EnumLong" lengthBit="3"/>
               <field name="numbering plan" value="national numbering plan:8" type="EnumLong" lengthBit="4"/>
               <field name="digits" value="1774907624" type="Number_BCD" length="10"/>
            </Bytes></AddressString.BoxedType></gmsc_OrGsmSCF_Address.C6.BoxedType>
      <callReferenceNumber.C7.BoxedType><Bytes>1f29f76ae74b</Bytes></callReferenceNumber.C7.BoxedType>
      <forwardingReason.C8.Enum>
         <EnumType>busy.1</EnumType>
      </forwardingReason.C8.Enum>
      <basicServiceGroup.C9.Choice>
         <ext_BearerService.C2.BoxedType><Bytes>e7c31c</Bytes></ext_BearerService.C2.BoxedType>
         <ext_Teleservice.C3.BoxedType><Bytes>975f6f5409
               <field name="Code" value="151" type="EnumLong" length="1"/>
               <field name="Extension data" value="5f6f5409" type="Binary" length="4"/>
            </Bytes></ext_Teleservice.C3.BoxedType>
      </basicServiceGroup.C9.Choice>
      <networkSignalInfo.C10.Sequence>
         <protocolId.Enum>
            <EnumType>gsm_0806.2</EnumType>
         </protocolId.Enum>
         <signalInfo.BoxedType><Bytes>fd7a17b3f602c119</Bytes></signalInfo.BoxedType>
         <extensionContainer.Sequence>
            <privateExtensionList.C0.BoxedType>
               <Collection>
                  <PrivateExtension.Sequence>
                     <extId><ObjectIdentifier>0.1.212.27.26</ObjectIdentifier></extId>
                     <extType>3db3</extType>
                  </PrivateExtension.Sequence>
                  <PrivateExtension.Sequence>
                     <extId><ObjectIdentifier>0.1.295.86.105.107</ObjectIdentifier></extId>
                     <extType>94dd</extType>
                  </PrivateExtension.Sequence>
                  <PrivateExtension.Sequence>
                     <extId><ObjectIdentifier>0.1.2</ObjectIdentifier></extId>
                     <extType>e37ee4cb1d167d</extType>
                  </PrivateExtension.Sequence>
               </Collection>
            </privateExtensionList.C0.BoxedType>
            <pcs_Extensions.C1.Sequence>
               
            </pcs_Extensions.C1.Sequence>
         </extensionContainer.Sequence>
      </networkSignalInfo.C10.Sequence>
      <camelInfo.C11.Sequence>
         <supportedCamelPhases.BoxedType><BitString><BitString value="4a33e3532819" trailing="0"/></BitString></supportedCamelPhases.BoxedType>
         <suppress_T_CSI></suppress_T_CSI>
         <extensionContainer.Sequence>
            <privateExtensionList.C0.BoxedType>
               <Collection>
                  <PrivateExtension.Sequence>
                     <extId><ObjectIdentifier>0.1.23.93.94.113.34.47.110.56</ObjectIdentifier></extId>
                     <extType>fbe434f876e7dde1</extType>
                  </PrivateExtension.Sequence>
                  <PrivateExtension.Sequence>
                     <extId><ObjectIdentifier>0.1.249.76.41.111.94.81.66</ObjectIdentifier></extId>
                     <extType>c1c8d3</extType>
                  </PrivateExtension.Sequence>
                  <PrivateExtension.Sequence>
                     <extId><ObjectIdentifier>0.1.291.105.79</ObjectIdentifier></extId>
                     <extType>8d7d</extType>
                  </PrivateExtension.Sequence>
               </Collection>
            </privateExtensionList.C0.BoxedType>
            <pcs_Extensions.C1.Sequence>
               
            </pcs_Extensions.C1.Sequence>
         </extensionContainer.Sequence>
         <offeredCamel4CSIs.C0.BoxedType><BitString><BitString value="83e4f2ab347c07fc89c21fffa1b9065f7d3558" trailing="0"/></BitString></offeredCamel4CSIs.C0.BoxedType>
      </camelInfo.C11.Sequence>
      <suppressionOfAnnouncement.C12.Null>
         
      </suppressionOfAnnouncement.C12.Null>
      <extensionContainer.C13.Sequence>
         <privateExtensionList.C0.BoxedType>
            <Collection>
               <PrivateExtension.Sequence>
                  <extId><ObjectIdentifier>0.1.2104.67.117.83.34.83</ObjectIdentifier></extId>
                  <extType>792583</extType>
               </PrivateExtension.Sequence>
               <PrivateExtension.Sequence>
                  <extId><ObjectIdentifier>0.1.274.20.112.10.32.40.126.51</ObjectIdentifier></extId>
                  <extType>b8d5d720d0</extType>
               </PrivateExtension.Sequence>
               <PrivateExtension.Sequence>
                  <extId><ObjectIdentifier>0.1.265.110.54.14.123.95.50</ObjectIdentifier></extId>
                  <extType>afade032d4c840</extType>
               </PrivateExtension.Sequence>
            </Collection>
         </privateExtensionList.C0.BoxedType>
         <pcs_Extensions.C1.Sequence>
            
         </pcs_Extensions.C1.Sequence>
      </extensionContainer.C13.Sequence>
      <alertingPattern.C14.BoxedType><Bytes>7a579c84834bd3</Bytes></alertingPattern.C14.BoxedType>
      <ccbs_Call.C15></ccbs_Call.C15>
      <supportedCCBS_Phase.C16.BoxedType><Integer>1</Integer></supportedCCBS_Phase.C16.BoxedType>
      <additionalSignalInfo.C17.Sequence>
         <ext_ProtocolId.Enum>
            <EnumType>ets_300356.1</EnumType>
         </ext_ProtocolId.Enum>
         <signalInfo.BoxedType><Bytes>7a5fad</Bytes></signalInfo.BoxedType>
         <extensionContainer.Sequence>
            <privateExtensionList.C0.BoxedType>
               <Collection>
                  <PrivateExtension.Sequence>
                     <extId><ObjectIdentifier>0.1.260.54.48</ObjectIdentifier></extId>
                     <extType>8ef66ed071fb</extType>
                  </PrivateExtension.Sequence>
                  <PrivateExtension.Sequence>
                     <extId><ObjectIdentifier>0.1.277.66.46.27.59.100</ObjectIdentifier></extId>
                     <extType>ca5806ebc0db34</extType>
                  </PrivateExtension.Sequence>
                  <PrivateExtension.Sequence>
                     <extId><ObjectIdentifier>0.1.2108.103.64.98.73.112.25.83.13</ObjectIdentifier></extId>
                     <extType>9e7c</extType>
                  </PrivateExtension.Sequence>
               </Collection>
            </privateExtensionList.C0.BoxedType>
            <pcs_Extensions.C1.Sequence>
               
            </pcs_Extensions.C1.Sequence>
         </extensionContainer.Sequence>
      </additionalSignalInfo.C17.Sequence>
      <istSupportIndicator.C18.Enum>
         <EnumType>istCommandSupported.1</EnumType>
      </istSupportIndicator.C18.Enum>
      <pre_pagingSupported.C19></pre_pagingSupported.C19>
      <callDiversionTreatmentIndicator.C20.BoxedType><Bytes>198884e6</Bytes></callDiversionTreatmentIndicator.C20.BoxedType>
      <longFTN_Supported.C21></longFTN_Supported.C21>
      <suppress_VT_CSI.C22></suppress_VT_CSI.C22>
      <suppressIncomingCallBarring.C23></suppressIncomingCallBarring.C23>
      <gsmSCF_InitiatedCall.C24></gsmSCF_InitiatedCall.C24>
      <basicServiceGroup2.C25.Choice>
         <ext_BearerService.C2.BoxedType><Bytes>8c9f060e218ca4</Bytes></ext_BearerService.C2.BoxedType>
         <ext_Teleservice.C3.BoxedType><Bytes>49003a281b
               <field name="Code" value="73" type="EnumLong" length="1"/>
               <field name="Extension data" value="003a281b" type="Binary" length="4"/>
            </Bytes></ext_Teleservice.C3.BoxedType>
      </basicServiceGroup2.C25.Choice>
      <networkSignalInfo2.C26.Sequence>
         <protocolId.Enum>
            <EnumType>gsm_0408.1</EnumType>
         </protocolId.Enum>
         <signalInfo.BoxedType><Bytes>634bc4c4ca6e09f5</Bytes></signalInfo.BoxedType>
         <extensionContainer.Sequence>
            <privateExtensionList.C0.BoxedType>
               <Collection>
                  <PrivateExtension.Sequence>
                     <extId><ObjectIdentifier>0.1.299.103.60</ObjectIdentifier></extId>
                     <extType>7124172a58</extType>
                  </PrivateExtension.Sequence>
                  <PrivateExtension.Sequence>
                     <extId><ObjectIdentifier>0.1.225.61.119</ObjectIdentifier></extId>
                     <extType>3e254c</extType>
                  </PrivateExtension.Sequence>
                  <PrivateExtension.Sequence>
                     <extId><ObjectIdentifier>0.1.275</ObjectIdentifier></extId>
                     <extType>3688191e45c081</extType>
                  </PrivateExtension.Sequence>
               </Collection>
            </privateExtensionList.C0.BoxedType>
            <pcs_Extensions.C1.Sequence>
               
            </pcs_Extensions.C1.Sequence>
         </extensionContainer.Sequence>
      </networkSignalInfo2.C26.Sequence>
      <suppressMTSS.C27.BoxedType><BitString><BitString value="3469ad4335596efb316335" trailing="0"/></BitString></suppressMTSS.C27.BoxedType>
      <mtRoamingRetrySupported.C28></mtRoamingRetrySupported.C28>
      <callPriority.C29.BoxedType><Integer>2</Integer></callPriority.C29.BoxedType>
   </SendRoutingInfoArg.Sequence>
</ASN>