<?xml version="1.0" encoding="ISO-8859-15"?>

<ASN layer="CAP">
   <SendEndSignal_Res.Sequence><extensionContainer.C0.Sequence>
         <privateExtensionList.C0.BoxedType>
            <Collection>
               <PrivateExtension.Sequence>
                  <extId><ObjectIdentifier>0.1.256.105.25.91.1.2</ObjectIdentifier></extId>
                  <extType>a5</extType>
               </PrivateExtension.Sequence>
               <PrivateExtension.Sequence>
                  <extId><ObjectIdentifier>0.1.2</ObjectIdentifier></extId>
                  <extType>50ffaee40ed0</extType>
               </PrivateExtension.Sequence>
               <PrivateExtension.Sequence>
                  <extId><ObjectIdentifier>0.1.2126.7.118.30.101.109.42.57.51.114</ObjectIdentifier></extId>
                  <extType>339eccd8b923</extType>
               </PrivateExtension.Sequence>
            </Collection>
         </privateExtensionList.C0.BoxedType>
         <pcs_Extensions.C1.Sequence>
            
         </pcs_Extensions.C1.Sequence>
      </extensionContainer.C0.Sequence></SendEndSignal_Res.Sequence>
</ASN>