<?xml version="1.0" encoding="ISO-8859-15"?>

<ASN layer="CAP">
   <SendAuthenticationInfoRes.BoxedType><SendAuthenticationInfoResSequenceType.C3.Sequence>
         <authenticationSetList.Choice>
            <tripletList.C0.BoxedType>
               <Collection>
                  <AuthenticationTriplet.Sequence>
                     <rand.BoxedType><Bytes>75a28d255e</Bytes></rand.BoxedType>
                     <sres.BoxedType><Bytes>8ae3d219958c</Bytes></sres.BoxedType>
                     <kc.BoxedType><Bytes>94dcf6b3226f82cb</Bytes></kc.BoxedType>
                  </AuthenticationTriplet.Sequence>
                  <AuthenticationTriplet.Sequence>
                     <rand.BoxedType><Bytes>ba2cf08cd84c30</Bytes></rand.BoxedType>
                     <sres.BoxedType><Bytes>6213</Bytes></sres.BoxedType>
                     <kc.BoxedType><Bytes>bd66d3c84f1c9109</Bytes></kc.BoxedType>
                  </AuthenticationTriplet.Sequence>
                  <AuthenticationTriplet.Sequence>
                     <rand.BoxedType><Bytes>5821face</Bytes></rand.BoxedType>
                     <sres.BoxedType><Bytes>b61820fd19dbfe</Bytes></sres.BoxedType>
                     <kc.BoxedType><Bytes>d7ebae2988</Bytes></kc.BoxedType>
                  </AuthenticationTriplet.Sequence>
               </Collection>
            </tripletList.C0.BoxedType>
            <quintupletList.C1.BoxedType>
               <Collection>
                  <AuthenticationQuintuplet.Sequence>
                     <rand.BoxedType><Bytes>095b</Bytes></rand.BoxedType>
                     <xres.BoxedType><Bytes>d60c91d104</Bytes></xres.BoxedType>
                     <ck.BoxedType><Bytes>b483921c59</Bytes></ck.BoxedType>
                     <ik.BoxedType><Bytes>7987bf3260</Bytes></ik.BoxedType>
                     <autn.BoxedType><Bytes>6cb42a29435fb198d1</Bytes></autn.BoxedType>
                  </AuthenticationQuintuplet.Sequence>
                  <AuthenticationQuintuplet.Sequence>
                     <rand.BoxedType><Bytes>f526338f95854473</Bytes></rand.BoxedType>
                     <xres.BoxedType><Bytes>5832eeaa6c30fe8036bd</Bytes></xres.BoxedType>
                     <ck.BoxedType><Bytes>2396a576174d13269d8e</Bytes></ck.BoxedType>
                     <ik.BoxedType><Bytes>c27f2929</Bytes></ik.BoxedType>
                     <autn.BoxedType><Bytes>f7e7958c3006f4ac7b</Bytes></autn.BoxedType>
                  </AuthenticationQuintuplet.Sequence>
                  <AuthenticationQuintuplet.Sequence>
                     <rand.BoxedType><Bytes>3fa5fc0b3bfe24</Bytes></rand.BoxedType>
                     <xres.BoxedType><Bytes>65e12653f80b12e0</Bytes></xres.BoxedType>
                     <ck.BoxedType><Bytes>c2acd4cf</Bytes></ck.BoxedType>
                     <ik.BoxedType><Bytes>6e8e</Bytes></ik.BoxedType>
                     <autn.BoxedType><Bytes>049c4e809005150f</Bytes></autn.BoxedType>
                  </AuthenticationQuintuplet.Sequence>
               </Collection>
            </quintupletList.C1.BoxedType>
         </authenticationSetList.Choice>
         <extensionContainer.Sequence>
            <privateExtensionList.C0.BoxedType>
               <Collection>
                  <PrivateExtension.Sequence>
                     <extId><ObjectIdentifier>0.1.264.31.105</ObjectIdentifier></extId>
                     <extType>bf3f1437</extType>
                  </PrivateExtension.Sequence>
                  <PrivateExtension.Sequence>
                     <extId><ObjectIdentifier>0.1.248.9.54.33.122.114.38.54.106</ObjectIdentifier></extId>
                     <extType>9e97b1</extType>
                  </PrivateExtension.Sequence>
                  <PrivateExtension.Sequence>
                     <extId><ObjectIdentifier>0.1.2118</ObjectIdentifier></extId>
                     <extType>896b7f458e37</extType>
                  </PrivateExtension.Sequence>
               </Collection>
            </privateExtensionList.C0.BoxedType>
            <pcs_Extensions.C1.Sequence>
               
            </pcs_Extensions.C1.Sequence>
         </extensionContainer.Sequence>
         <eps_AuthenticationSetList.C2.BoxedType>
            <Collection>
               <EPC_AV.Sequence>
                  <rand.BoxedType><Bytes>e42643f74f</Bytes></rand.BoxedType>
                  <xres.BoxedType><Bytes>82f384d7e480ee</Bytes></xres.BoxedType>
                  <autn.BoxedType><Bytes>9732</Bytes></autn.BoxedType>
                  <kasme.BoxedType><Bytes>5a0ff4ad6b45be0a7c</Bytes></kasme.BoxedType>
                  <extensionContainer.Sequence>
                     <privateExtensionList.C0.BoxedType>
                        <Collection>
                           <PrivateExtension.Sequence>
                              <extId><ObjectIdentifier>0.1.2124.32.32.39</ObjectIdentifier></extId>
                              <extType>33daa0</extType>
                           </PrivateExtension.Sequence>
                           <PrivateExtension.Sequence>
                              <extId><ObjectIdentifier>0.1.278</ObjectIdentifier></extId>
                              <extType>d69373dc84c5</extType>
                           </PrivateExtension.Sequence>
                           <PrivateExtension.Sequence>
                              <extId><ObjectIdentifier>0.1.2</ObjectIdentifier></extId>
                              <extType>3c496ceb</extType>
                           </PrivateExtension.Sequence>
                        </Collection>
                     </privateExtensionList.C0.BoxedType>
                     <pcs_Extensions.C1.Sequence>
                        
                     </pcs_Extensions.C1.Sequence>
                  </extensionContainer.Sequence>
               </EPC_AV.Sequence>
               <EPC_AV.Sequence>
                  <rand.BoxedType><Bytes>dd63</Bytes></rand.BoxedType>
                  <xres.BoxedType><Bytes>3e10</Bytes></xres.BoxedType>
                  <autn.BoxedType><Bytes>d9790aca82cd</Bytes></autn.BoxedType>
                  <kasme.BoxedType><Bytes>8931fb38bf580efb</Bytes></kasme.BoxedType>
                  <extensionContainer.Sequence>
                     <privateExtensionList.C0.BoxedType>
                        <Collection>
                           <PrivateExtension.Sequence>
                              <extId><ObjectIdentifier>0.1.257.96.5</ObjectIdentifier></extId>
                              <extType>d9a675</extType>
                           </PrivateExtension.Sequence>
                           <PrivateExtension.Sequence>
                              <extId><ObjectIdentifier>0.1.298.16.123</ObjectIdentifier></extId>
                              <extType>c79c2496518f905c</extType>
                           </PrivateExtension.Sequence>
                           <PrivateExtension.Sequence>
                              <extId><ObjectIdentifier>0.1.2117.114.99.47.31.48.119.21.108.102</ObjectIdentifier></extId>
                              <extType>e60c79d33bc5</extType>
                           </PrivateExtension.Sequence>
                        </Collection>
                     </privateExtensionList.C0.BoxedType>
                     <pcs_Extensions.C1.Sequence>
                        
                     </pcs_Extensions.C1.Sequence>
                  </extensionContainer.Sequence>
               </EPC_AV.Sequence>
               <EPC_AV.Sequence>
                  <rand.BoxedType><Bytes>5fd99d7066</Bytes></rand.BoxedType>
                  <xres.BoxedType><Bytes>19db6bf35f7943e310ed</Bytes></xres.BoxedType>
                  <autn.BoxedType><Bytes>841fd8dbe74c6bd2</Bytes></autn.BoxedType>
                  <kasme.BoxedType><Bytes>4550a9dc5b</Bytes></kasme.BoxedType>
                  <extensionContainer.Sequence>
                     <privateExtensionList.C0.BoxedType>
                        <Collection>
                           <PrivateExtension.Sequence>
                              <extId><ObjectIdentifier>0.1.269.77.120</ObjectIdentifier></extId>
                              <extType>6167229a14b40519fc6e</extType>
                           </PrivateExtension.Sequence>
                           <PrivateExtension.Sequence>
                              <extId><ObjectIdentifier>0.1.231.73.116.56.85</ObjectIdentifier></extId>
                              <extType>806db125ee7500b27009</extType>
                           </PrivateExtension.Sequence>
                           <PrivateExtension.Sequence>
                              <extId><ObjectIdentifier>0.1.2113.83.9.73.19</ObjectIdentifier></extId>
                              <extType>4d9add2c3e</extType>
                           </PrivateExtension.Sequence>
                        </Collection>
                     </privateExtensionList.C0.BoxedType>
                     <pcs_Extensions.C1.Sequence>
                        
                     </pcs_Extensions.C1.Sequence>
                  </extensionContainer.Sequence>
               </EPC_AV.Sequence>
            </Collection>
         </eps_AuthenticationSetList.C2.BoxedType>
      </SendAuthenticationInfoResSequenceType.C3.Sequence></SendAuthenticationInfoRes.BoxedType>
</ASN>