<?xml version="1.0" encoding="ISO-8859-15"?>

<ASN layer="CAP">
   <SendRoutingInfoForGprsArg.Sequence>
      <imsi.C0.BoxedType><TBCD_STRING.BoxedType><Bytes>1270476184
               <field name="digits" value="2107741648" type="Number_BCD" length="10"/>
            </Bytes></TBCD_STRING.BoxedType></imsi.C0.BoxedType>
      <ggsn_Address.C1.BoxedType><Bytes>631763f791
            <field name="Address type" value="IPV6:1" type="EnumLong" lengthBit="2"/>
            <field name="AddressLength" value="35" type="Integer" lengthBit="6"/>
            <field name="IPV4 address" value="23.99.247.145" type="IPV4Address" length="4"/>
         </Bytes></ggsn_Address.C1.BoxedType>
      <ggsn_Number.C2.BoxedType><AddressString.BoxedType><Bytes>cf0194688208
               <field name="extension" value="no extension:1" type="EnumLong" lengthBit="1"/>
               <field name="nature of address" value="subscriber number:4" type="EnumLong" lengthBit="3"/>
               <field name="numbering plan" value="reserved for extension:15" type="EnumLong" lengthBit="4"/>
               <field name="digits" value="1049862880" type="Number_BCD" length="10"/>
            </Bytes></AddressString.BoxedType></ggsn_Number.C2.BoxedType>
      <extensionContainer.C3.Sequence>
         <privateExtensionList.C0.BoxedType>
            <Collection>
               <PrivateExtension.Sequence>
                  <extId><ObjectIdentifier>0.1.26.3.27.114.25.18</ObjectIdentifier></extId>
                  <extType>67bfbda6b6ace2</extType>
               </PrivateExtension.Sequence>
               <PrivateExtension.Sequence>
                  <extId><ObjectIdentifier>0.1.260.5.28.20.39.32.96</ObjectIdentifier></extId>
                  <extType>d10f1e718a</extType>
               </PrivateExtension.Sequence>
               <PrivateExtension.Sequence>
                  <extId><ObjectIdentifier>0.1.288.61.33</ObjectIdentifier></extId>
                  <extType>49f4b8b12149df2e</extType>
               </PrivateExtension.Sequence>
            </Collection>
         </privateExtensionList.C0.BoxedType>
         <pcs_Extensions.C1.Sequence>
            
         </pcs_Extensions.C1.Sequence>
      </extensionContainer.C3.Sequence>
   </SendRoutingInfoForGprsArg.Sequence>
</ASN>