<?xml version="1.0" encoding="ISO-8859-15"?>

<ASN layer="CAP">
   <SendRoutingInfoForGprsRes.Sequence>
      <sgsn_Address.C0.BoxedType><Bytes>7c2fd955a9
            <field name="Address type" value="IPV6:1" type="EnumLong" lengthBit="2"/>
            <field name="AddressLength" value="60" type="Integer" lengthBit="6"/>
            <field name="IPV4 address" value="47.217.85.169" type="IPV4Address" length="4"/>
         </Bytes></sgsn_Address.C0.BoxedType>
      <ggsn_Address.C1.BoxedType><Bytes>71d74e7b83
            <field name="Address type" value="IPV6:1" type="EnumLong" lengthBit="2"/>
            <field name="AddressLength" value="49" type="Integer" lengthBit="6"/>
            <field name="IPV4 address" value="215.78.123.131" type="IPV4Address" length="4"/>
         </Bytes></ggsn_Address.C1.BoxedType>
      <mobileNotReachableReason.C2.BoxedType><Integer>IMSI detached:1</Integer></mobileNotReachableReason.C2.BoxedType>
      <extensionContainer.C3.Sequence>
         <privateExtensionList.C0.BoxedType>
            <Collection>
               <PrivateExtension.Sequence>
                  <extId><ObjectIdentifier>0.1.280.62.71.41.55</ObjectIdentifier></extId>
                  <extType>1068440c</extType>
               </PrivateExtension.Sequence>
               <PrivateExtension.Sequence>
                  <extId><ObjectIdentifier>0.1.2107.63.4</ObjectIdentifier></extId>
                  <extType>fb49ad</extType>
               </PrivateExtension.Sequence>
               <PrivateExtension.Sequence>
                  <extId><ObjectIdentifier>0.1.299.12.123.19.102.50</ObjectIdentifier></extId>
                  <extType>47b53019f7d2</extType>
               </PrivateExtension.Sequence>
            </Collection>
         </privateExtensionList.C0.BoxedType>
         <pcs_Extensions.C1.Sequence>
            
         </pcs_Extensions.C1.Sequence>
      </extensionContainer.C3.Sequence>
   </SendRoutingInfoForGprsRes.Sequence>
</ASN>