<?xml version="1.0" encoding="ISO-8859-15"?>

<ASN layer="CAP">
   <SendGroupCallInfoArg.Sequence>
      <requestedInfo.Sequence>
         <locationInformation.C0></locationInformation.C0>
         <subscriberState.C1></subscriberState.C1>
         <extensionContainer.C2.Sequence>
            <privateExtensionList.C0.BoxedType>
               <Collection>
                  <PrivateExtension.Sequence>
                     <extId><ObjectIdentifier>0.1.258.4.10.63.72.79</ObjectIdentifier></extId>
                     <extType>a185f6e15fcd1a0ac80c</extType>
                  </PrivateExtension.Sequence>
                  <PrivateExtension.Sequence>
                     <extId><ObjectIdentifier>0.1.2125.30.12.2.51.91.61.15.84</ObjectIdentifier></extId>
                     <extType>0fc7d2322699a9798a</extType>
                  </PrivateExtension.Sequence>
                  <PrivateExtension.Sequence>
                     <extId><ObjectIdentifier>0.1.217.88.38.116.81.94</ObjectIdentifier></extId>
                     <extType>8b1c0973</extType>
                  </PrivateExtension.Sequence>
               </Collection>
            </privateExtensionList.C0.BoxedType>
            <pcs_Extensions.C1.Sequence>
               
            </pcs_Extensions.C1.Sequence>
         </extensionContainer.C2.Sequence>
         <currentLocation.C3></currentLocation.C3>
         <requestedDomain.C4.Enum>
            <EnumType>ps_Domain.1</EnumType>
         </requestedDomain.C4.Enum>
         <imei.C6></imei.C6>
         <ms_classmark.C5></ms_classmark.C5>
         <mnpRequestedInfo.C7></mnpRequestedInfo.C7>
         <locationInformationEPS_Supported.C11></locationInformationEPS_Supported.C11>
         <t_adsData.C8></t_adsData.C8>
         <requestedNodes.C9.BoxedType><BitString><BitString value="fa865df9234fa08f7e690df9d78ab311" trailing="0"/></BitString></requestedNodes.C9.BoxedType>
         <servingNodeIndication.C10></servingNodeIndication.C10>
         <localTimeZoneRequest.C12></localTimeZoneRequest.C12>
      </requestedInfo.Sequence>
      <groupId.BoxedType><TBCD_STRING.BoxedType><Bytes>22461470f4
               <field name="digits" value="226441074" type="Number_BCD" length="9"/>
            </Bytes></TBCD_STRING.BoxedType></groupId.BoxedType>
      <teleservice.BoxedType><Bytes>123a347e89
            <field name="Code" value="emergencyCalls:18" type="EnumLong" length="1"/>
            <field name="Extension data" value="3a347e89" type="Binary" length="4"/>
         </Bytes></teleservice.BoxedType>
      <cellId.C0.BoxedType><Bytes>769443</Bytes></cellId.C0.BoxedType>
      <imsi.C1.BoxedType><TBCD_STRING.BoxedType><Bytes>34060095f0
               <field name="digits" value="436000590" type="Number_BCD" length="9"/>
            </Bytes></TBCD_STRING.BoxedType></imsi.C1.BoxedType>
      <tmsi.C2.BoxedType><Bytes>07f70a9b
            <field name="digits" value="07f70a9b" type="Binary" length="4"/>
         </Bytes></tmsi.C2.BoxedType>
      <additionalInfo.C3.BoxedType><BitString><BitString value="02c1e3a4" trailing="0"/></BitString></additionalInfo.C3.BoxedType>
      <talkerPriority.C4.Enum>
         <EnumType>normal.0</EnumType>
      </talkerPriority.C4.Enum>
      <cksn.C5.BoxedType><Bytes>33ef</Bytes></cksn.C5.BoxedType>
      <extensionContainer.C6.Sequence>
         <privateExtensionList.C0.BoxedType>
            <Collection>
               <PrivateExtension.Sequence>
                  <extId><ObjectIdentifier>0.1.239.42.115.94</ObjectIdentifier></extId>
                  <extType>42b738</extType>
               </PrivateExtension.Sequence>
               <PrivateExtension.Sequence>
                  <extId><ObjectIdentifier>0.1.2</ObjectIdentifier></extId>
                  <extType>936f20d13b09b7abde</extType>
               </PrivateExtension.Sequence>
               <PrivateExtension.Sequence>
                  <extId><ObjectIdentifier>0.1.252.112.33.65.85.12</ObjectIdentifier></extId>
                  <extType>992e</extType>
               </PrivateExtension.Sequence>
            </Collection>
         </privateExtensionList.C0.BoxedType>
         <pcs_Extensions.C1.Sequence>
            
         </pcs_Extensions.C1.Sequence>
      </extensionContainer.C6.Sequence>
   </SendGroupCallInfoArg.Sequence>
</ASN>