<?xml version="1.0" encoding="ISO-8859-15"?>

<ASN layer="CAP">
   <ServiceType.Sequence>
      <serviceTypeIdentity.BoxedType><Integer>1</Integer></serviceTypeIdentity.BoxedType>
      <gmlc_Restriction.C0.Enum>
         <EnumType>home_Country.1</EnumType>
      </gmlc_Restriction.C0.Enum>
      <notificationToMSUser.C1.Enum>
         <EnumType>locationNotAllowed.3</EnumType>
      </notificationToMSUser.C1.Enum>
      <extensionContainer.C2.Sequence>
         <privateExtensionList.C0.BoxedType>
            <Collection>
               <PrivateExtension.Sequence>
                  <extId><ObjectIdentifier>0.1.251.13.70.26.3.12.119.34</ObjectIdentifier></extId>
                  <extType>8757ba69e6</extType>
               </PrivateExtension.Sequence>
               <PrivateExtension.Sequence>
                  <extId><ObjectIdentifier>0.1.262.37.4.110.67.77.6.74.97.77</ObjectIdentifier></extId>
                  <extType>c3</extType>
               </PrivateExtension.Sequence>
               <PrivateExtension.Sequence>
                  <extId><ObjectIdentifier>0.1.222.110.75.125</ObjectIdentifier></extId>
                  <extType>3b62cc60941e</extType>
               </PrivateExtension.Sequence>
            </Collection>
         </privateExtensionList.C0.BoxedType>
         <pcs_Extensions.C1.Sequence>
            
         </pcs_Extensions.C1.Sequence>
      </extensionContainer.C2.Sequence>
   </ServiceType.Sequence>
</ASN>