<?xml version="1.0" encoding="ISO-8859-15"?>

<ASN layer="CAP">
   <SetReportingStateRes.Sequence>
      <ccbs_SubscriberStatus.C0.Enum>
         <EnumType>ccbsIdle.1</EnumType>
      </ccbs_SubscriberStatus.C0.Enum>
      <extensionContainer.C1.Sequence>
         <privateExtensionList.C0.BoxedType>
            <Collection>
               <PrivateExtension.Sequence>
                  <extId><ObjectIdentifier>0.1.297.90.51</ObjectIdentifier></extId>
                  <extType>e9c69951ef1e</extType>
               </PrivateExtension.Sequence>
               <PrivateExtension.Sequence>
                  <extId><ObjectIdentifier>0.1.278.118.68.68.59.77.116.31.125</ObjectIdentifier></extId>
                  <extType>f726c989b2f6</extType>
               </PrivateExtension.Sequence>
               <PrivateExtension.Sequence>
                  <extId><ObjectIdentifier>0.1.2113.51.17.39.69.70.98</ObjectIdentifier></extId>
                  <extType>695c60f634fb</extType>
               </PrivateExtension.Sequence>
            </Collection>
         </privateExtensionList.C0.BoxedType>
         <pcs_Extensions.C1.Sequence>
            
         </pcs_Extensions.C1.Sequence>
      </extensionContainer.C1.Sequence>
   </SetReportingStateRes.Sequence>
</ASN>