<?xml version="1.0" encoding="ISO-8859-15"?>

<ASN layer="CAP">
   <SetReportingStateArg.Sequence>
      <imsi.C0.BoxedType><TBCD_STRING.BoxedType><Bytes>2105901612
               <field name="digits" value="1250096121" type="Number_BCD" length="10"/>
            </Bytes></TBCD_STRING.BoxedType></imsi.C0.BoxedType>
      <lmsi.C1.BoxedType><Bytes>59b2e5d00a97
            <field name="digits" value="59b2e5d00a97" type="Binary" length="6"/>
         </Bytes></lmsi.C1.BoxedType>
      <ccbs_Monitoring.C2.Enum>
         <EnumType>startMonitoring.1</EnumType>
      </ccbs_Monitoring.C2.Enum>
      <extensionContainer.C3.Sequence>
         <privateExtensionList.C0.BoxedType>
            <Collection>
               <PrivateExtension.Sequence>
                  <extId><ObjectIdentifier>0.1.2123.26.1.57.124.10.75.1</ObjectIdentifier></extId>
                  <extType>f9a25f</extType>
               </PrivateExtension.Sequence>
               <PrivateExtension.Sequence>
                  <extId><ObjectIdentifier>0.1.2125.59.56.95.112.94</ObjectIdentifier></extId>
                  <extType>c0d2f4ebf2a1a9bf74e3</extType>
               </PrivateExtension.Sequence>
               <PrivateExtension.Sequence>
                  <extId><ObjectIdentifier>0.1.284.112.42.37.71</ObjectIdentifier></extId>
                  <extType>67b07555b1960641</extType>
               </PrivateExtension.Sequence>
            </Collection>
         </privateExtensionList.C0.BoxedType>
         <pcs_Extensions.C1.Sequence>
            
         </pcs_Extensions.C1.Sequence>
      </extensionContainer.C3.Sequence>
   </SetReportingStateArg.Sequence>
</ASN>