<?xml version="1.0" encoding="ISO-8859-15"?>

<ASN layer="CAP">
   <SM_DeliveryFailureCause.Sequence>
      <sm_EnumeratedDeliveryFailureCause.Enum>
         <EnumType>memoryCapacityExceeded.0</EnumType>
      </sm_EnumeratedDeliveryFailureCause.Enum>
      <diagnosticInfo.BoxedType><Bytes>9ab56a56dedd</Bytes></diagnosticInfo.BoxedType>
      <extensionContainer.Sequence>
         <privateExtensionList.C0.BoxedType>
            <Collection>
               <PrivateExtension.Sequence>
                  <extId><ObjectIdentifier>0.1.2116.31.83.46.118</ObjectIdentifier></extId>
                  <extType>8efc</extType>
               </PrivateExtension.Sequence>
               <PrivateExtension.Sequence>
                  <extId><ObjectIdentifier>0.1.2127.117</ObjectIdentifier></extId>
                  <extType>85294fd3</extType>
               </PrivateExtension.Sequence>
               <PrivateExtension.Sequence>
                  <extId><ObjectIdentifier>0.1.282.32.66.7.53.44.101.33</ObjectIdentifier></extId>
                  <extType>c1d253f69cee7c205b</extType>
               </PrivateExtension.Sequence>
            </Collection>
         </privateExtensionList.C0.BoxedType>
         <pcs_Extensions.C1.Sequence>
            
         </pcs_Extensions.C1.Sequence>
      </extensionContainer.Sequence>
   </SM_DeliveryFailureCause.Sequence>
</ASN>