<?xml version="1.0" encoding="ISO-8859-15"?>

<ASN layer="CAP">
   <SMS_CAMEL_TDP_Data.Sequence>
      <sms_TriggerDetectionPoint.C0.Enum>
         <EnumType>sms_CollectedInfo.1</EnumType>
      </sms_TriggerDetectionPoint.C0.Enum>
      <serviceKey.C1.BoxedType><Integer>2</Integer></serviceKey.C1.BoxedType>
      <gsmSCF_Address.C2.BoxedType><AddressString.BoxedType><Bytes>3125256553f3
               <field name="extension" value="extension:0" type="EnumLong" lengthBit="1"/>
               <field name="nature of address" value="network specific number:3" type="EnumLong" lengthBit="3"/>
               <field name="numbering plan" value="ISDN/Telephony Numbering Plan (Rec ITU-T E.164):1" type="EnumLong" lengthBit="4"/>
               <field name="digits" value="525256353" type="Number_BCD" length="9"/>
            </Bytes></AddressString.BoxedType></gsmSCF_Address.C2.BoxedType>
      <defaultSMS_Handling.C3.Enum>
         <EnumType>continueTransaction.0</EnumType>
      </defaultSMS_Handling.C3.Enum>
      <extensionContainer.C4.Sequence>
         <privateExtensionList.C0.BoxedType>
            <Collection>
               <PrivateExtension.Sequence>
                  <extId><ObjectIdentifier>0.1.2125.6.13.125.16.125.49.25</ObjectIdentifier></extId>
                  <extType>de8a4f2e86</extType>
               </PrivateExtension.Sequence>
               <PrivateExtension.Sequence>
                  <extId><ObjectIdentifier>0.1.294.56.20.108.55.26.15</ObjectIdentifier></extId>
                  <extType>a6429c084fcbabf23d</extType>
               </PrivateExtension.Sequence>
               <PrivateExtension.Sequence>
                  <extId><ObjectIdentifier>0.1.264.15.105.111.127</ObjectIdentifier></extId>
                  <extType>5bcb7c</extType>
               </PrivateExtension.Sequence>
            </Collection>
         </privateExtensionList.C0.BoxedType>
         <pcs_Extensions.C1.Sequence>
            
         </pcs_Extensions.C1.Sequence>
      </extensionContainer.C4.Sequence>
   </SMS_CAMEL_TDP_Data.Sequence>
</ASN>