<?xml version="1.0" encoding="ISO-8859-15"?>

<ASN layer="CAP">
   <SMSEventArray.BoxedType>
      <Collection>
         <SMSEvent.Sequence>
            <eventTypeSMS.C0.Enum>
               <EnumType>t_smsFailure.12</EnumType>
            </eventTypeSMS.C0.Enum>
            <monitorMode.C1.Enum>
               <EnumType>transparent.2</EnumType>
            </monitorMode.C1.Enum>
         </SMSEvent.Sequence>
         <SMSEvent.Sequence>
            <eventTypeSMS.C0.Enum>
               <EnumType>t_smsDelivery.13</EnumType>
            </eventTypeSMS.C0.Enum>
            <monitorMode.C1.Enum>
               <EnumType>notifyAndContinue.1</EnumType>
            </monitorMode.C1.Enum>
         </SMSEvent.Sequence>
         <SMSEvent.Sequence>
            <eventTypeSMS.C0.Enum>
               <EnumType>o_smsFailure.2</EnumType>
            </eventTypeSMS.C0.Enum>
            <monitorMode.C1.Enum>
               <EnumType>notifyAndContinue.1</EnumType>
            </monitorMode.C1.Enum>
         </SMSEvent.Sequence>
      </Collection>
   </SMSEventArray.BoxedType>
</ASN>