<?xml version="1.0" encoding="ISO-8859-15"?>

<ASN layer="CAP">
   <SpecificAPNInfo.Sequence>
      <apn.C0.BoxedType><Bytes>54314b
            <field name="DNS string" value="T1K" type="String" length="3"/>
         </Bytes></apn.C0.BoxedType>
      <pdn_gw_Identity.C1.Sequence>
         <pdn_gw_ipv4_Address.C0.BoxedType><Bytes>8bc59ec8
               <field name="IPV4  address" value="139.197.158.200" type="IPV4Address" length="4"/>
            </Bytes></pdn_gw_ipv4_Address.C0.BoxedType>
         <pdn_gw_ipv6_Address.C1.BoxedType><Bytes>6908a8af
               <field name="IPV4  address" value="105.8.168.175" type="IPV4Address" length="4"/>
            </Bytes></pdn_gw_ipv6_Address.C1.BoxedType>
         <pdn_gw_name.C2.BoxedType><Bytes>9f09</Bytes></pdn_gw_name.C2.BoxedType>
         <extensionContainer.C3.Sequence>
            <privateExtensionList.C0.BoxedType>
               <Collection>
                  <PrivateExtension.Sequence>
                     <extId><ObjectIdentifier>0.1.289.85.76.23</ObjectIdentifier></extId>
                     <extType>07a5ac</extType>
                  </PrivateExtension.Sequence>
                  <PrivateExtension.Sequence>
                     <extId><ObjectIdentifier>0.1.287.93.106.81.27.58.3</ObjectIdentifier></extId>
                     <extType>fb6c2dd43736fd</extType>
                  </PrivateExtension.Sequence>
                  <PrivateExtension.Sequence>
                     <extId><ObjectIdentifier>0.1.234.14.95.11.62.41.111.70.57.33</ObjectIdentifier></extId>
                     <extType>a587480d</extType>
                  </PrivateExtension.Sequence>
               </Collection>
            </privateExtensionList.C0.BoxedType>
            <pcs_Extensions.C1.Sequence>
               
            </pcs_Extensions.C1.Sequence>
         </extensionContainer.C3.Sequence>
      </pdn_gw_Identity.C1.Sequence>
      <extensionContainer.C2.Sequence>
         <privateExtensionList.C0.BoxedType>
            <Collection>
               <PrivateExtension.Sequence>
                  <extId><ObjectIdentifier>0.1.2</ObjectIdentifier></extId>
                  <extType>4698caba7ff7</extType>
               </PrivateExtension.Sequence>
               <PrivateExtension.Sequence>
                  <extId><ObjectIdentifier>0.1.210.67.43.70.90</ObjectIdentifier></extId>
                  <extType>88d854a852ea48f2</extType>
               </PrivateExtension.Sequence>
               <PrivateExtension.Sequence>
                  <extId><ObjectIdentifier>0.1.297.90</ObjectIdentifier></extId>
                  <extType>711bcca0db</extType>
               </PrivateExtension.Sequence>
            </Collection>
         </privateExtensionList.C0.BoxedType>
         <pcs_Extensions.C1.Sequence>
            
         </pcs_Extensions.C1.Sequence>
      </extensionContainer.C2.Sequence>
   </SpecificAPNInfo.Sequence>
</ASN>