<?xml version="1.0" encoding="ISO-8859-15"?>

<ASN layer="CAP">
   <SplitLegArg.Sequence>
      <legToBeSplit.C0.Choice>
         <sendingSideID.C0.BoxedType><Bytes>78
               <field name="LegType" value="120" type="EnumLong" length="1"/>
            </Bytes></sendingSideID.C0.BoxedType>
         <receivingSideID.C1.BoxedType><Bytes>29
               <field name="LegType" value="41" type="EnumLong" length="1"/>
            </Bytes></receivingSideID.C1.BoxedType>
      </legToBeSplit.C0.Choice>
      <newCallSegment.C1.BoxedType><Integer>0</Integer></newCallSegment.C1.BoxedType>
      <extensions.C2.BoxedType>
         <Collection>
            <ExtensionField.Sequence>
               <type.Choice>
                  <local>3540354703</local>
                  <global><ObjectIdentifier>0.1.294.38.9.70.104.102.46.83.17</ObjectIdentifier></global>
               </type.Choice>
               <criticality.nulld.Enum>
                  <EnumType>ignore.0</EnumType>
               </criticality.nulld.Enum>
               <NullObject.C1></NullObject.C1>
            </ExtensionField.Sequence>
            <ExtensionField.Sequence>
               <type.Choice>
                  <local>3682998120</local>
                  <global><ObjectIdentifier>0.1.228.44</ObjectIdentifier></global>
               </type.Choice>
               <criticality.nulld.Enum>
                  <EnumType>ignore.0</EnumType>
               </criticality.nulld.Enum>
               <NullObject.C1></NullObject.C1>
            </ExtensionField.Sequence>
            <ExtensionField.Sequence>
               <type.Choice>
                  <local>324442564</local>
                  <global><ObjectIdentifier>0.1.269.97.24.84.98.39.45.42</ObjectIdentifier></global>
               </type.Choice>
               <criticality.nulld.Enum>
                  <EnumType>abort.1</EnumType>
               </criticality.nulld.Enum>
               <NullObject.C1></NullObject.C1>
            </ExtensionField.Sequence>
         </Collection>
      </extensions.C2.BoxedType>
   </SplitLegArg.Sequence>
</ASN>