<?xml version="1.0" encoding="ISO-8859-15"?>

<ASN layer="CAP">
   <SS_InfoList.BoxedType>
      <Collection>
         <SS_Info.Choice>
            <forwardingInfo.C0.Sequence>
               <ss_Code.BoxedType><Bytes>5aa7658bf87450a4</Bytes></ss_Code.BoxedType>
               <forwardingFeatureList.BoxedType>
                  <Collection>
                     <ForwardingFeature.Sequence>
                        <basicService.Choice>
                           <bearerService.C2.BoxedType><Bytes>a7bd</Bytes></bearerService.C2.BoxedType>
                           <teleservice.C3.BoxedType><Bytes>59b2f81128d87072c02a</Bytes></teleservice.C3.BoxedType>
                        </basicService.Choice>
                        <ss_Status.C4.BoxedType><Bytes>30b0</Bytes></ss_Status.C4.BoxedType>
                        <forwardedToNumber.C5.BoxedType><AddressString.BoxedType><Bytes>265141627988
                                 <field name="extension" value="extension:0" type="EnumLong" lengthBit="1"/>
                                 <field name="nature of address" value="national significant number:2" type="EnumLong" lengthBit="3"/>
                                 <field name="numbering plan" value="land mobile numbering plan (ITU-T Rec E.212):6" type="EnumLong" lengthBit="4"/>
                                 <field name="digits" value="1514269788" type="Number_BCD" length="10"/>
                              </Bytes></AddressString.BoxedType></forwardedToNumber.C5.BoxedType>
                        <forwardedToSubaddress.C8.BoxedType><Bytes>ebf04c40ef70</Bytes></forwardedToSubaddress.C8.BoxedType>
                        <forwardingOptions.C6.BoxedType><Bytes>59f054</Bytes></forwardingOptions.C6.BoxedType>
                        <noReplyConditionTime.C7.BoxedType><Integer>1</Integer></noReplyConditionTime.C7.BoxedType>
                        <longForwardedToNumber.C9.BoxedType><AddressString.BoxedType><Bytes>dc87862459f0
                                 <field name="extension" value="no extension:1" type="EnumLong" lengthBit="1"/>
                                 <field name="nature of address" value="reserved:5" type="EnumLong" lengthBit="3"/>
                                 <field name="numbering plan" value="12" type="EnumLong" lengthBit="4"/>
                                 <field name="digits" value="786842950" type="Number_BCD" length="9"/>
                              </Bytes></AddressString.BoxedType></longForwardedToNumber.C9.BoxedType>
                     </ForwardingFeature.Sequence>
                     <ForwardingFeature.Sequence>
                        <basicService.Choice>
                           <bearerService.C2.BoxedType><Bytes>5b0e</Bytes></bearerService.C2.BoxedType>
                           <teleservice.C3.BoxedType><Bytes>59bf</Bytes></teleservice.C3.BoxedType>
                        </basicService.Choice>
                        <ss_Status.C4.BoxedType><Bytes>aa1d5d2612</Bytes></ss_Status.C4.BoxedType>
                        <forwardedToNumber.C5.BoxedType><AddressString.BoxedType><Bytes>201152201507
                                 <field name="extension" value="extension:0" type="EnumLong" lengthBit="1"/>
                                 <field name="nature of address" value="national significant number:2" type="EnumLong" lengthBit="3"/>
                                 <field name="numbering plan" value="unknown:0" type="EnumLong" lengthBit="4"/>
                                 <field name="digits" value="1125025170" type="Number_BCD" length="10"/>
                              </Bytes></AddressString.BoxedType></forwardedToNumber.C5.BoxedType>
                        <forwardedToSubaddress.C8.BoxedType><Bytes>ff93b5</Bytes></forwardedToSubaddress.C8.BoxedType>
                        <forwardingOptions.C6.BoxedType><Bytes>ad0acaf6975856</Bytes></forwardingOptions.C6.BoxedType>
                        <noReplyConditionTime.C7.BoxedType><Integer>2</Integer></noReplyConditionTime.C7.BoxedType>
                        <longForwardedToNumber.C9.BoxedType><AddressString.BoxedType><Bytes>ea9181967811
                                 <field name="extension" value="no extension:1" type="EnumLong" lengthBit="1"/>
                                 <field name="nature of address" value="abbreviated number:6" type="EnumLong" lengthBit="3"/>
                                 <field name="numbering plan" value="10" type="EnumLong" lengthBit="4"/>
                                 <field name="digits" value="1918698711" type="Number_BCD" length="10"/>
                              </Bytes></AddressString.BoxedType></longForwardedToNumber.C9.BoxedType>
                     </ForwardingFeature.Sequence>
                     <ForwardingFeature.Sequence>
                        <basicService.Choice>
                           <bearerService.C2.BoxedType><Bytes>56d6</Bytes></bearerService.C2.BoxedType>
                           <teleservice.C3.BoxedType><Bytes>ce90aeb24111</Bytes></teleservice.C3.BoxedType>
                        </basicService.Choice>
                        <ss_Status.C4.BoxedType><Bytes>7abd69de9b21541426c0</Bytes></ss_Status.C4.BoxedType>
                        <forwardedToNumber.C5.BoxedType><AddressString.BoxedType><Bytes>3f1194278695
                                 <field name="extension" value="extension:0" type="EnumLong" lengthBit="1"/>
                                 <field name="nature of address" value="network specific number:3" type="EnumLong" lengthBit="3"/>
                                 <field name="numbering plan" value="reserved for extension:15" type="EnumLong" lengthBit="4"/>
                                 <field name="digits" value="1149726859" type="Number_BCD" length="10"/>
                              </Bytes></AddressString.BoxedType></forwardedToNumber.C5.BoxedType>
                        <forwardedToSubaddress.C8.BoxedType><Bytes>d2a73671</Bytes></forwardedToSubaddress.C8.BoxedType>
                        <forwardingOptions.C6.BoxedType><Bytes>04c5</Bytes></forwardingOptions.C6.BoxedType>
                        <noReplyConditionTime.C7.BoxedType><Integer>1</Integer></noReplyConditionTime.C7.BoxedType>
                        <longForwardedToNumber.C9.BoxedType><AddressString.BoxedType><Bytes>1049119309f7
                                 <field name="extension" value="extension:0" type="EnumLong" lengthBit="1"/>
                                 <field name="nature of address" value="international number:1" type="EnumLong" lengthBit="3"/>
                                 <field name="numbering plan" value="unknown:0" type="EnumLong" lengthBit="4"/>
                                 <field name="digits" value="941139907" type="Number_BCD" length="9"/>
                              </Bytes></AddressString.BoxedType></longForwardedToNumber.C9.BoxedType>
                     </ForwardingFeature.Sequence>
                  </Collection>
               </forwardingFeatureList.BoxedType>
            </forwardingInfo.C0.Sequence>
            <callBarringInfo.C1.Sequence>
               <ss_Code.BoxedType><Bytes>236ccad70c7c5517</Bytes></ss_Code.BoxedType>
               <callBarringFeatureList.BoxedType>
                  <Collection>
                     <CallBarringFeature.Sequence>
                        <basicService.Choice>
                           <bearerService.C2.BoxedType><Bytes>4e7e3795</Bytes></bearerService.C2.BoxedType>
                           <teleservice.C3.BoxedType><Bytes>1c6694f4f9d13e8920</Bytes></teleservice.C3.BoxedType>
                        </basicService.Choice>
                        <ss_Status.C4.BoxedType><Bytes>a298979cb07d</Bytes></ss_Status.C4.BoxedType>
                     </CallBarringFeature.Sequence>
                     <CallBarringFeature.Sequence>
                        <basicService.Choice>
                           <bearerService.C2.BoxedType><Bytes>ea57fbaf817f1395</Bytes></bearerService.C2.BoxedType>
                           <teleservice.C3.BoxedType><Bytes>2a72</Bytes></teleservice.C3.BoxedType>
                        </basicService.Choice>
                        <ss_Status.C4.BoxedType><Bytes>459f7a</Bytes></ss_Status.C4.BoxedType>
                     </CallBarringFeature.Sequence>
                     <CallBarringFeature.Sequence>
                        <basicService.Choice>
                           <bearerService.C2.BoxedType><Bytes>88a1</Bytes></bearerService.C2.BoxedType>
                           <teleservice.C3.BoxedType><Bytes>9a</Bytes></teleservice.C3.BoxedType>
                        </basicService.Choice>
                        <ss_Status.C4.BoxedType><Bytes>7e2a9bb24400fe</Bytes></ss_Status.C4.BoxedType>
                     </CallBarringFeature.Sequence>
                  </Collection>
               </callBarringFeatureList.BoxedType>
            </callBarringInfo.C1.Sequence>
            <ss_Data.C3.Sequence>
               <ss_Code.BoxedType><Bytes>5b7f960c</Bytes></ss_Code.BoxedType>
               <ss_Status.C4.BoxedType><Bytes>1d</Bytes></ss_Status.C4.BoxedType>
               <ss_SubscriptionOption.Choice>
                  <cliRestrictionOption.C2.Enum>
                     <EnumType>temporaryDefaultRestricted.1</EnumType>
                  </cliRestrictionOption.C2.Enum>
                  <overrideCategory.C1.Enum>
                     <EnumType>overrideEnabled.0</EnumType>
                  </overrideCategory.C1.Enum>
               </ss_SubscriptionOption.Choice>
               <basicServiceGroupList.BoxedType>
                  <Collection>
                     <BasicServiceCode.Choice>
                        <bearerService.C2.BoxedType><Bytes>4e81</Bytes></bearerService.C2.BoxedType>
                        <teleservice.C3.BoxedType><Bytes>f47eb6</Bytes></teleservice.C3.BoxedType>
                     </BasicServiceCode.Choice>
                     <BasicServiceCode.Choice>
                        <bearerService.C2.BoxedType><Bytes>a1f8d64bef49</Bytes></bearerService.C2.BoxedType>
                        <teleservice.C3.BoxedType><Bytes>f8de</Bytes></teleservice.C3.BoxedType>
                     </BasicServiceCode.Choice>
                     <BasicServiceCode.Choice>
                        <bearerService.C2.BoxedType><Bytes>0b9082e3dd8081</Bytes></bearerService.C2.BoxedType>
                        <teleservice.C3.BoxedType><Bytes>5aa039</Bytes></teleservice.C3.BoxedType>
                     </BasicServiceCode.Choice>
                  </Collection>
               </basicServiceGroupList.BoxedType>
               <defaultPriority.BoxedType><Integer>1</Integer></defaultPriority.BoxedType>
               <nbrUser.C5.BoxedType><Integer>2</Integer></nbrUser.C5.BoxedType>
            </ss_Data.C3.Sequence>
         </SS_Info.Choice>
         <SS_Info.Choice>
            <forwardingInfo.C0.Sequence>
               <ss_Code.BoxedType><Bytes>d59729103314f047a1</Bytes></ss_Code.BoxedType>
               <forwardingFeatureList.BoxedType>
                  <Collection>
                     <ForwardingFeature.Sequence>
                        <basicService.Choice>
                           <bearerService.C2.BoxedType><Bytes>e2233f573c35153d13d9</Bytes></bearerService.C2.BoxedType>
                           <teleservice.C3.BoxedType><Bytes>329d7d</Bytes></teleservice.C3.BoxedType>
                        </basicService.Choice>
                        <ss_Status.C4.BoxedType><Bytes>61fb6cad091f</Bytes></ss_Status.C4.BoxedType>
                        <forwardedToNumber.C5.BoxedType><AddressString.BoxedType><Bytes>ef52879896f4
                                 <field name="extension" value="no extension:1" type="EnumLong" lengthBit="1"/>
                                 <field name="nature of address" value="abbreviated number:6" type="EnumLong" lengthBit="3"/>
                                 <field name="numbering plan" value="reserved for extension:15" type="EnumLong" lengthBit="4"/>
                                 <field name="digits" value="257889694" type="Number_BCD" length="9"/>
                              </Bytes></AddressString.BoxedType></forwardedToNumber.C5.BoxedType>
                        <forwardedToSubaddress.C8.BoxedType><Bytes>41402efd296ce0</Bytes></forwardedToSubaddress.C8.BoxedType>
                        <forwardingOptions.C6.BoxedType><Bytes>40c13284d7</Bytes></forwardingOptions.C6.BoxedType>
                        <noReplyConditionTime.C7.BoxedType><Integer>0</Integer></noReplyConditionTime.C7.BoxedType>
                        <longForwardedToNumber.C9.BoxedType><AddressString.BoxedType><Bytes>6054434318f2
                                 <field name="extension" value="extension:0" type="EnumLong" lengthBit="1"/>
                                 <field name="nature of address" value="abbreviated number:6" type="EnumLong" lengthBit="3"/>
                                 <field name="numbering plan" value="unknown:0" type="EnumLong" lengthBit="4"/>
                                 <field name="digits" value="453434812" type="Number_BCD" length="9"/>
                              </Bytes></AddressString.BoxedType></longForwardedToNumber.C9.BoxedType>
                     </ForwardingFeature.Sequence>
                     <ForwardingFeature.Sequence>
                        <basicService.Choice>
                           <bearerService.C2.BoxedType><Bytes>c6bc8897f77b6b65</Bytes></bearerService.C2.BoxedType>
                           <teleservice.C3.BoxedType><Bytes>621d77d833</Bytes></teleservice.C3.BoxedType>
                        </basicService.Choice>
                        <ss_Status.C4.BoxedType><Bytes>1cd7d57d05f3afde</Bytes></ss_Status.C4.BoxedType>
                        <forwardedToNumber.C5.BoxedType><AddressString.BoxedType><Bytes>b48189610550
                                 <field name="extension" value="no extension:1" type="EnumLong" lengthBit="1"/>
                                 <field name="nature of address" value="network specific number:3" type="EnumLong" lengthBit="3"/>
                                 <field name="numbering plan" value="telex numbering plan (ITU-T Rec F.69):4" type="EnumLong" lengthBit="4"/>
                                 <field name="digits" value="1898165005" type="Number_BCD" length="10"/>
                              </Bytes></AddressString.BoxedType></forwardedToNumber.C5.BoxedType>
                        <forwardedToSubaddress.C8.BoxedType><Bytes>84082950679fc67fa5</Bytes></forwardedToSubaddress.C8.BoxedType>
                        <forwardingOptions.C6.BoxedType><Bytes>9af9</Bytes></forwardingOptions.C6.BoxedType>
                        <noReplyConditionTime.C7.BoxedType><Integer>2</Integer></noReplyConditionTime.C7.BoxedType>
                        <longForwardedToNumber.C9.BoxedType><AddressString.BoxedType><Bytes>e92190647356
                                 <field name="extension" value="no extension:1" type="EnumLong" lengthBit="1"/>
                                 <field name="nature of address" value="abbreviated number:6" type="EnumLong" lengthBit="3"/>
                                 <field name="numbering plan" value="private numbering plan:9" type="EnumLong" lengthBit="4"/>
                                 <field name="digits" value="1209463765" type="Number_BCD" length="10"/>
                              </Bytes></AddressString.BoxedType></longForwardedToNumber.C9.BoxedType>
                     </ForwardingFeature.Sequence>
                     <ForwardingFeature.Sequence>
                        <basicService.Choice>
                           <bearerService.C2.BoxedType><Bytes>3c420811</Bytes></bearerService.C2.BoxedType>
                           <teleservice.C3.BoxedType><Bytes>f7746f188be6270a</Bytes></teleservice.C3.BoxedType>
                        </basicService.Choice>
                        <ss_Status.C4.BoxedType><Bytes>53b44eabdb6e37c6bc</Bytes></ss_Status.C4.BoxedType>
                        <forwardedToNumber.C5.BoxedType><AddressString.BoxedType><Bytes>7f9178493195
                                 <field name="extension" value="extension:0" type="EnumLong" lengthBit="1"/>
                                 <field name="nature of address" value="reserved for extension:7" type="EnumLong" lengthBit="3"/>
                                 <field name="numbering plan" value="reserved for extension:15" type="EnumLong" lengthBit="4"/>
                                 <field name="digits" value="1987941359" type="Number_BCD" length="10"/>
                              </Bytes></AddressString.BoxedType></forwardedToNumber.C5.BoxedType>
                        <forwardedToSubaddress.C8.BoxedType><Bytes>a834a3e7</Bytes></forwardedToSubaddress.C8.BoxedType>
                        <forwardingOptions.C6.BoxedType><Bytes>640f6cce8cb160</Bytes></forwardingOptions.C6.BoxedType>
                        <noReplyConditionTime.C7.BoxedType><Integer>1</Integer></noReplyConditionTime.C7.BoxedType>
                        <longForwardedToNumber.C9.BoxedType><AddressString.BoxedType><Bytes>bf91963761f9
                                 <field name="extension" value="no extension:1" type="EnumLong" lengthBit="1"/>
                                 <field name="nature of address" value="network specific number:3" type="EnumLong" lengthBit="3"/>
                                 <field name="numbering plan" value="reserved for extension:15" type="EnumLong" lengthBit="4"/>
                                 <field name="digits" value="196973169" type="Number_BCD" length="9"/>
                              </Bytes></AddressString.BoxedType></longForwardedToNumber.C9.BoxedType>
                     </ForwardingFeature.Sequence>
                  </Collection>
               </forwardingFeatureList.BoxedType>
            </forwardingInfo.C0.Sequence>
            <callBarringInfo.C1.Sequence>
               <ss_Code.BoxedType><Bytes>2a5c5f85de3b</Bytes></ss_Code.BoxedType>
               <callBarringFeatureList.BoxedType>
                  <Collection>
                     <CallBarringFeature.Sequence>
                        <basicService.Choice>
                           <bearerService.C2.BoxedType><Bytes>1bb9d3cd18c0</Bytes></bearerService.C2.BoxedType>
                           <teleservice.C3.BoxedType><Bytes>7f52d277</Bytes></teleservice.C3.BoxedType>
                        </basicService.Choice>
                        <ss_Status.C4.BoxedType><Bytes>29090f2a61e3</Bytes></ss_Status.C4.BoxedType>
                     </CallBarringFeature.Sequence>
                     <CallBarringFeature.Sequence>
                        <basicService.Choice>
                           <bearerService.C2.BoxedType><Bytes>77e0</Bytes></bearerService.C2.BoxedType>
                           <teleservice.C3.BoxedType><Bytes>ff224894</Bytes></teleservice.C3.BoxedType>
                        </basicService.Choice>
                        <ss_Status.C4.BoxedType><Bytes>5e8cc659e9</Bytes></ss_Status.C4.BoxedType>
                     </CallBarringFeature.Sequence>
                     <CallBarringFeature.Sequence>
                        <basicService.Choice>
                           <bearerService.C2.BoxedType><Bytes>d8d53e09d001</Bytes></bearerService.C2.BoxedType>
                           <teleservice.C3.BoxedType><Bytes>1887acff5744dbcc85</Bytes></teleservice.C3.BoxedType>
                        </basicService.Choice>
                        <ss_Status.C4.BoxedType><Bytes>0ed0a3c350f06aee81</Bytes></ss_Status.C4.BoxedType>
                     </CallBarringFeature.Sequence>
                  </Collection>
               </callBarringFeatureList.BoxedType>
            </callBarringInfo.C1.Sequence>
            <ss_Data.C3.Sequence>
               <ss_Code.BoxedType><Bytes>c53a0fc7a6b82839</Bytes></ss_Code.BoxedType>
               <ss_Status.C4.BoxedType><Bytes>e61ae7efc4d461ed4d9f</Bytes></ss_Status.C4.BoxedType>
               <ss_SubscriptionOption.Choice>
                  <cliRestrictionOption.C2.Enum>
                     <EnumType>temporaryDefaultRestricted.1</EnumType>
                  </cliRestrictionOption.C2.Enum>
                  <overrideCategory.C1.Enum>
                     <EnumType>overrideDisabled.1</EnumType>
                  </overrideCategory.C1.Enum>
               </ss_SubscriptionOption.Choice>
               <basicServiceGroupList.BoxedType>
                  <Collection>
                     <BasicServiceCode.Choice>
                        <bearerService.C2.BoxedType><Bytes>c9e5</Bytes></bearerService.C2.BoxedType>
                        <teleservice.C3.BoxedType><Bytes>d0e28cd7527839</Bytes></teleservice.C3.BoxedType>
                     </BasicServiceCode.Choice>
                     <BasicServiceCode.Choice>
                        <bearerService.C2.BoxedType><Bytes>d909b41e</Bytes></bearerService.C2.BoxedType>
                        <teleservice.C3.BoxedType><Bytes>f820b565d488dfa7bb</Bytes></teleservice.C3.BoxedType>
                     </BasicServiceCode.Choice>
                     <BasicServiceCode.Choice>
                        <bearerService.C2.BoxedType><Bytes>c542020e</Bytes></bearerService.C2.BoxedType>
                        <teleservice.C3.BoxedType><Bytes>1609e794785e1708</Bytes></teleservice.C3.BoxedType>
                     </BasicServiceCode.Choice>
                  </Collection>
               </basicServiceGroupList.BoxedType>
               <defaultPriority.BoxedType><Integer>1</Integer></defaultPriority.BoxedType>
               <nbrUser.C5.BoxedType><Integer>1</Integer></nbrUser.C5.BoxedType>
            </ss_Data.C3.Sequence>
         </SS_Info.Choice>
         <SS_Info.Choice>
            <forwardingInfo.C0.Sequence>
               <ss_Code.BoxedType><Bytes>8eb0d8</Bytes></ss_Code.BoxedType>
               <forwardingFeatureList.BoxedType>
                  <Collection>
                     <ForwardingFeature.Sequence>
                        <basicService.Choice>
                           <bearerService.C2.BoxedType><Bytes>57c9bc8f</Bytes></bearerService.C2.BoxedType>
                           <teleservice.C3.BoxedType><Bytes>18ed9dea</Bytes></teleservice.C3.BoxedType>
                        </basicService.Choice>
                        <ss_Status.C4.BoxedType><Bytes>76eb</Bytes></ss_Status.C4.BoxedType>
                        <forwardedToNumber.C5.BoxedType><AddressString.BoxedType><Bytes>c15107467236
                                 <field name="extension" value="no extension:1" type="EnumLong" lengthBit="1"/>
                                 <field name="nature of address" value="subscriber number:4" type="EnumLong" lengthBit="3"/>
                                 <field name="numbering plan" value="ISDN/Telephony Numbering Plan (Rec ITU-T E.164):1" type="EnumLong" lengthBit="4"/>
                                 <field name="digits" value="1570642763" type="Number_BCD" length="10"/>
                              </Bytes></AddressString.BoxedType></forwardedToNumber.C5.BoxedType>
                        <forwardedToSubaddress.C8.BoxedType><Bytes>947b17a9009c20a4</Bytes></forwardedToSubaddress.C8.BoxedType>
                        <forwardingOptions.C6.BoxedType><Bytes>4e</Bytes></forwardingOptions.C6.BoxedType>
                        <noReplyConditionTime.C7.BoxedType><Integer>0</Integer></noReplyConditionTime.C7.BoxedType>
                        <longForwardedToNumber.C9.BoxedType><AddressString.BoxedType><Bytes>4b65909918f1
                                 <field name="extension" value="extension:0" type="EnumLong" lengthBit="1"/>
                                 <field name="nature of address" value="subscriber number:4" type="EnumLong" lengthBit="3"/>
                                 <field name="numbering plan" value="11" type="EnumLong" lengthBit="4"/>
                                 <field name="digits" value="560999811" type="Number_BCD" length="9"/>
                              </Bytes></AddressString.BoxedType></longForwardedToNumber.C9.BoxedType>
                     </ForwardingFeature.Sequence>
                     <ForwardingFeature.Sequence>
                        <basicService.Choice>
                           <bearerService.C2.BoxedType><Bytes>2e8fb53b0f9f7e18</Bytes></bearerService.C2.BoxedType>
                           <teleservice.C3.BoxedType><Bytes>60</Bytes></teleservice.C3.BoxedType>
                        </basicService.Choice>
                        <ss_Status.C4.BoxedType><Bytes>53</Bytes></ss_Status.C4.BoxedType>
                        <forwardedToNumber.C5.BoxedType><AddressString.BoxedType><Bytes>e67138915613
                                 <field name="extension" value="no extension:1" type="EnumLong" lengthBit="1"/>
                                 <field name="nature of address" value="abbreviated number:6" type="EnumLong" lengthBit="3"/>
                                 <field name="numbering plan" value="land mobile numbering plan (ITU-T Rec E.212):6" type="EnumLong" lengthBit="4"/>
                                 <field name="digits" value="1783196531" type="Number_BCD" length="10"/>
                              </Bytes></AddressString.BoxedType></forwardedToNumber.C5.BoxedType>
                        <forwardedToSubaddress.C8.BoxedType><Bytes>0f</Bytes></forwardedToSubaddress.C8.BoxedType>
                        <forwardingOptions.C6.BoxedType><Bytes>4d</Bytes></forwardingOptions.C6.BoxedType>
                        <noReplyConditionTime.C7.BoxedType><Integer>1</Integer></noReplyConditionTime.C7.BoxedType>
                        <longForwardedToNumber.C9.BoxedType><AddressString.BoxedType><Bytes>5314910739f3
                                 <field name="extension" value="extension:0" type="EnumLong" lengthBit="1"/>
                                 <field name="nature of address" value="reserved:5" type="EnumLong" lengthBit="3"/>
                                 <field name="numbering plan" value="data numbering plan (ITU-T Rec X.121):3" type="EnumLong" lengthBit="4"/>
                                 <field name="digits" value="411970933" type="Number_BCD" length="9"/>
                              </Bytes></AddressString.BoxedType></longForwardedToNumber.C9.BoxedType>
                     </ForwardingFeature.Sequence>
                     <ForwardingFeature.Sequence>
                        <basicService.Choice>
                           <bearerService.C2.BoxedType><Bytes>35e705d157d486</Bytes></bearerService.C2.BoxedType>
                           <teleservice.C3.BoxedType><Bytes>0c620080ebd674</Bytes></teleservice.C3.BoxedType>
                        </basicService.Choice>
                        <ss_Status.C4.BoxedType><Bytes>8cc19719</Bytes></ss_Status.C4.BoxedType>
                        <forwardedToNumber.C5.BoxedType><AddressString.BoxedType><Bytes>541100967322
                                 <field name="extension" value="extension:0" type="EnumLong" lengthBit="1"/>
                                 <field name="nature of address" value="reserved:5" type="EnumLong" lengthBit="3"/>
                                 <field name="numbering plan" value="telex numbering plan (ITU-T Rec F.69):4" type="EnumLong" lengthBit="4"/>
                                 <field name="digits" value="1100693722" type="Number_BCD" length="10"/>
                              </Bytes></AddressString.BoxedType></forwardedToNumber.C5.BoxedType>
                        <forwardedToSubaddress.C8.BoxedType><Bytes>2322bb4f</Bytes></forwardedToSubaddress.C8.BoxedType>
                        <forwardingOptions.C6.BoxedType><Bytes>7cba2e</Bytes></forwardingOptions.C6.BoxedType>
                        <noReplyConditionTime.C7.BoxedType><Integer>1</Integer></noReplyConditionTime.C7.BoxedType>
                        <longForwardedToNumber.C9.BoxedType><AddressString.BoxedType><Bytes>e10150599134
                                 <field name="extension" value="no extension:1" type="EnumLong" lengthBit="1"/>
                                 <field name="nature of address" value="abbreviated number:6" type="EnumLong" lengthBit="3"/>
                                 <field name="numbering plan" value="ISDN/Telephony Numbering Plan (Rec ITU-T E.164):1" type="EnumLong" lengthBit="4"/>
                                 <field name="digits" value="1005951943" type="Number_BCD" length="10"/>
                              </Bytes></AddressString.BoxedType></longForwardedToNumber.C9.BoxedType>
                     </ForwardingFeature.Sequence>
                  </Collection>
               </forwardingFeatureList.BoxedType>
            </forwardingInfo.C0.Sequence>
            <callBarringInfo.C1.Sequence>
               <ss_Code.BoxedType><Bytes>53b0f734c33f1d</Bytes></ss_Code.BoxedType>
               <callBarringFeatureList.BoxedType>
                  <Collection>
                     <CallBarringFeature.Sequence>
                        <basicService.Choice>
                           <bearerService.C2.BoxedType><Bytes>a602b0ec872e8965</Bytes></bearerService.C2.BoxedType>
                           <teleservice.C3.BoxedType><Bytes>df8b5012dc14998e74</Bytes></teleservice.C3.BoxedType>
                        </basicService.Choice>
                        <ss_Status.C4.BoxedType><Bytes>376aae2d5141</Bytes></ss_Status.C4.BoxedType>
                     </CallBarringFeature.Sequence>
                     <CallBarringFeature.Sequence>
                        <basicService.Choice>
                           <bearerService.C2.BoxedType><Bytes>18f8a709</Bytes></bearerService.C2.BoxedType>
                           <teleservice.C3.BoxedType><Bytes>9c5920c53a46cf</Bytes></teleservice.C3.BoxedType>
                        </basicService.Choice>
                        <ss_Status.C4.BoxedType><Bytes>c2122c3fbb76</Bytes></ss_Status.C4.BoxedType>
                     </CallBarringFeature.Sequence>
                     <CallBarringFeature.Sequence>
                        <basicService.Choice>
                           <bearerService.C2.BoxedType><Bytes>30e371</Bytes></bearerService.C2.BoxedType>
                           <teleservice.C3.BoxedType><Bytes>d4808d9549743cc21b</Bytes></teleservice.C3.BoxedType>
                        </basicService.Choice>
                        <ss_Status.C4.BoxedType><Bytes>4213</Bytes></ss_Status.C4.BoxedType>
                     </CallBarringFeature.Sequence>
                  </Collection>
               </callBarringFeatureList.BoxedType>
            </callBarringInfo.C1.Sequence>
            <ss_Data.C3.Sequence>
               <ss_Code.BoxedType><Bytes>568fc931a4</Bytes></ss_Code.BoxedType>
               <ss_Status.C4.BoxedType><Bytes>4e30c2fd397b</Bytes></ss_Status.C4.BoxedType>
               <ss_SubscriptionOption.Choice>
                  <cliRestrictionOption.C2.Enum>
                     <EnumType>temporaryDefaultAllowed.2</EnumType>
                  </cliRestrictionOption.C2.Enum>
                  <overrideCategory.C1.Enum>
                     <EnumType>overrideDisabled.1</EnumType>
                  </overrideCategory.C1.Enum>
               </ss_SubscriptionOption.Choice>
               <basicServiceGroupList.BoxedType>
                  <Collection>
                     <BasicServiceCode.Choice>
                        <bearerService.C2.BoxedType><Bytes>108e8d82ce</Bytes></bearerService.C2.BoxedType>
                        <teleservice.C3.BoxedType><Bytes>e079</Bytes></teleservice.C3.BoxedType>
                     </BasicServiceCode.Choice>
                     <BasicServiceCode.Choice>
                        <bearerService.C2.BoxedType><Bytes>b5</Bytes></bearerService.C2.BoxedType>
                        <teleservice.C3.BoxedType><Bytes>7b5ead1bddbab3</Bytes></teleservice.C3.BoxedType>
                     </BasicServiceCode.Choice>
                     <BasicServiceCode.Choice>
                        <bearerService.C2.BoxedType><Bytes>785c394ecb47faa8</Bytes></bearerService.C2.BoxedType>
                        <teleservice.C3.BoxedType><Bytes>efcedbc7a985917d</Bytes></teleservice.C3.BoxedType>
                     </BasicServiceCode.Choice>
                  </Collection>
               </basicServiceGroupList.BoxedType>
               <defaultPriority.BoxedType><Integer>1</Integer></defaultPriority.BoxedType>
               <nbrUser.C5.BoxedType><Integer>0</Integer></nbrUser.C5.BoxedType>
            </ss_Data.C3.Sequence>
         </SS_Info.Choice>
      </Collection>
   </SS_InfoList.BoxedType>
</ASN>