<?xml version="1.0" encoding="ISO-8859-15"?>

<ASN layer="CAP">
   <SS_IncompatibilityCause.Sequence>
      <ss_Code.C1.BoxedType><Bytes>3db4f4e2</Bytes></ss_Code.C1.BoxedType>
      <basicService.Choice>
         <bearerService.C2.BoxedType><Bytes>d765</Bytes></bearerService.C2.BoxedType>
         <teleservice.C3.BoxedType><Bytes>55f006a2d04f438a21ae</Bytes></teleservice.C3.BoxedType>
      </basicService.Choice>
      <ss_Status.C4.BoxedType><Bytes>ba5ac05ecd044252e9</Bytes></ss_Status.C4.BoxedType>
   </SS_IncompatibilityCause.Sequence>
</ASN>