<?xml version="1.0" encoding="ISO-8859-15"?>

<ASN layer="CAP">
   <SS_InvocationNotificationArg.Sequence>
      <imsi.C0.BoxedType><TBCD_STRING.BoxedType><Bytes>6121705904
               <field name="digits" value="1612079540" type="Number_BCD" length="10"/>
            </Bytes></TBCD_STRING.BoxedType></imsi.C0.BoxedType>
      <msisdn.C1.BoxedType><AddressString.BoxedType><Bytes>a93199820143
               <field name="extension" value="no extension:1" type="EnumLong" lengthBit="1"/>
               <field name="nature of address" value="national significant number:2" type="EnumLong" lengthBit="3"/>
               <field name="numbering plan" value="private numbering plan:9" type="EnumLong" lengthBit="4"/>
               <field name="digits" value="1399281034" type="Number_BCD" length="10"/>
            </Bytes></AddressString.BoxedType></msisdn.C1.BoxedType>
      <ss_Event.C2.BoxedType><Bytes>405652006e54</Bytes></ss_Event.C2.BoxedType>
      <ss_EventSpecification.C3.BoxedType>
         <Collection>
            <AddressString.BoxedType><Bytes>ed3136892439
                  <field name="extension" value="no extension:1" type="EnumLong" lengthBit="1"/>
                  <field name="nature of address" value="abbreviated number:6" type="EnumLong" lengthBit="3"/>
                  <field name="numbering plan" value="13" type="EnumLong" lengthBit="4"/>
                  <field name="digits" value="1363984293" type="Number_BCD" length="10"/>
               </Bytes></AddressString.BoxedType>
            <AddressString.BoxedType><Bytes>299119901617
                  <field name="extension" value="extension:0" type="EnumLong" lengthBit="1"/>
                  <field name="nature of address" value="national significant number:2" type="EnumLong" lengthBit="3"/>
                  <field name="numbering plan" value="private numbering plan:9" type="EnumLong" lengthBit="4"/>
                  <field name="digits" value="1991096171" type="Number_BCD" length="10"/>
               </Bytes></AddressString.BoxedType>
            <AddressString.BoxedType><Bytes>d335135752f2
                  <field name="extension" value="no extension:1" type="EnumLong" lengthBit="1"/>
                  <field name="nature of address" value="reserved:5" type="EnumLong" lengthBit="3"/>
                  <field name="numbering plan" value="data numbering plan (ITU-T Rec X.121):3" type="EnumLong" lengthBit="4"/>
                  <field name="digits" value="533175252" type="Number_BCD" length="9"/>
               </Bytes></AddressString.BoxedType>
         </Collection>
      </ss_EventSpecification.C3.BoxedType>
      <extensionContainer.C4.Sequence>
         <privateExtensionList.C0.BoxedType>
            <Collection>
               <PrivateExtension.Sequence>
                  <extId><ObjectIdentifier>0.1.248.108.125.102.18.57.123.58.76</ObjectIdentifier></extId>
                  <extType>4ddb16cc51d5</extType>
               </PrivateExtension.Sequence>
               <PrivateExtension.Sequence>
                  <extId><ObjectIdentifier>0.1.25.65.9.126.114.41</ObjectIdentifier></extId>
                  <extType>85c56429</extType>
               </PrivateExtension.Sequence>
               <PrivateExtension.Sequence>
                  <extId><ObjectIdentifier>0.1.295</ObjectIdentifier></extId>
                  <extType>c8b1</extType>
               </PrivateExtension.Sequence>
            </Collection>
         </privateExtensionList.C0.BoxedType>
         <pcs_Extensions.C1.Sequence>
            
         </pcs_Extensions.C1.Sequence>
      </extensionContainer.C4.Sequence>
      <b_subscriberNumber.C5.BoxedType><AddressString.BoxedType><Bytes>384119385364
               <field name="extension" value="extension:0" type="EnumLong" lengthBit="1"/>
               <field name="nature of address" value="network specific number:3" type="EnumLong" lengthBit="3"/>
               <field name="numbering plan" value="national numbering plan:8" type="EnumLong" lengthBit="4"/>
               <field name="digits" value="1491833546" type="Number_BCD" length="10"/>
            </Bytes></AddressString.BoxedType></b_subscriberNumber.C5.BoxedType>
      <ccbs_RequestState.C6.Enum>
         <EnumType>request.0</EnumType>
      </ccbs_RequestState.C6.Enum>
   </SS_InvocationNotificationArg.Sequence>
</ASN>