<?xml version="1.0" encoding="ISO-8859-15"?>

<ASN layer="CAP">
   <SS_InvocationNotificationRes.Sequence><extensionContainer.Sequence>
         <privateExtensionList.C0.BoxedType>
            <Collection>
               <PrivateExtension.Sequence>
                  <extId><ObjectIdentifier>0.1.28</ObjectIdentifier></extId>
                  <extType>95</extType>
               </PrivateExtension.Sequence>
               <PrivateExtension.Sequence>
                  <extId><ObjectIdentifier>0.1.212.22.85.5.35.64.61</ObjectIdentifier></extId>
                  <extType>9b6c9d39cc</extType>
               </PrivateExtension.Sequence>
               <PrivateExtension.Sequence>
                  <extId><ObjectIdentifier>0.1.246.105.125.13.64.7.60</ObjectIdentifier></extId>
                  <extType>f8d763</extType>
               </PrivateExtension.Sequence>
            </Collection>
         </privateExtensionList.C0.BoxedType>
         <pcs_Extensions.C1.Sequence>
            
         </pcs_Extensions.C1.Sequence>
      </extensionContainer.Sequence></SS_InvocationNotificationRes.Sequence>
</ASN>