<?xml version="1.0" encoding="ISO-8859-15"?>

<ASN layer="CAP">
   <SS_Info.Choice>
      <forwardingInfo.C0.Sequence>
         <ss_Code.BoxedType><Bytes>d975ef323bc50f</Bytes></ss_Code.BoxedType>
         <forwardingFeatureList.BoxedType>
            <Collection>
               <ForwardingFeature.Sequence>
                  <basicService.Choice>
                     <bearerService.C2.BoxedType><Bytes>0d8ee5</Bytes></bearerService.C2.BoxedType>
                     <teleservice.C3.BoxedType><Bytes>f3cc</Bytes></teleservice.C3.BoxedType>
                  </basicService.Choice>
                  <ss_Status.C4.BoxedType><Bytes>5310a78c4961abd100</Bytes></ss_Status.C4.BoxedType>
                  <forwardedToNumber.C5.BoxedType><AddressString.BoxedType><Bytes>705158663963
                           <field name="extension" value="extension:0" type="EnumLong" lengthBit="1"/>
                           <field name="nature of address" value="reserved for extension:7" type="EnumLong" lengthBit="3"/>
                           <field name="numbering plan" value="unknown:0" type="EnumLong" lengthBit="4"/>
                           <field name="digits" value="1585669336" type="Number_BCD" length="10"/>
                        </Bytes></AddressString.BoxedType></forwardedToNumber.C5.BoxedType>
                  <forwardedToSubaddress.C8.BoxedType><Bytes>1a4f16833545317c</Bytes></forwardedToSubaddress.C8.BoxedType>
                  <forwardingOptions.C6.BoxedType><Bytes>8fad05e96f8b68be</Bytes></forwardingOptions.C6.BoxedType>
                  <noReplyConditionTime.C7.BoxedType><Integer>1</Integer></noReplyConditionTime.C7.BoxedType>
                  <longForwardedToNumber.C9.BoxedType><AddressString.BoxedType><Bytes>328197672327
                           <field name="extension" value="extension:0" type="EnumLong" lengthBit="1"/>
                           <field name="nature of address" value="network specific number:3" type="EnumLong" lengthBit="3"/>
                           <field name="numbering plan" value="spare:2" type="EnumLong" lengthBit="4"/>
                           <field name="digits" value="1879763272" type="Number_BCD" length="10"/>
                        </Bytes></AddressString.BoxedType></longForwardedToNumber.C9.BoxedType>
               </ForwardingFeature.Sequence>
               <ForwardingFeature.Sequence>
                  <basicService.Choice>
                     <bearerService.C2.BoxedType><Bytes>59c9c4</Bytes></bearerService.C2.BoxedType>
                     <teleservice.C3.BoxedType><Bytes>edc40e0cdccde0307d</Bytes></teleservice.C3.BoxedType>
                  </basicService.Choice>
                  <ss_Status.C4.BoxedType><Bytes>fb36f046341e45</Bytes></ss_Status.C4.BoxedType>
                  <forwardedToNumber.C5.BoxedType><AddressString.BoxedType><Bytes>3795090457f1
                           <field name="extension" value="extension:0" type="EnumLong" lengthBit="1"/>
                           <field name="nature of address" value="network specific number:3" type="EnumLong" lengthBit="3"/>
                           <field name="numbering plan" value="spare:7" type="EnumLong" lengthBit="4"/>
                           <field name="digits" value="599040751" type="Number_BCD" length="9"/>
                        </Bytes></AddressString.BoxedType></forwardedToNumber.C5.BoxedType>
                  <forwardedToSubaddress.C8.BoxedType><Bytes>58a6</Bytes></forwardedToSubaddress.C8.BoxedType>
                  <forwardingOptions.C6.BoxedType><Bytes>4b9662b0bc59f4</Bytes></forwardingOptions.C6.BoxedType>
                  <noReplyConditionTime.C7.BoxedType><Integer>2</Integer></noReplyConditionTime.C7.BoxedType>
                  <longForwardedToNumber.C9.BoxedType><AddressString.BoxedType><Bytes>418106309502
                           <field name="extension" value="extension:0" type="EnumLong" lengthBit="1"/>
                           <field name="nature of address" value="subscriber number:4" type="EnumLong" lengthBit="3"/>
                           <field name="numbering plan" value="ISDN/Telephony Numbering Plan (Rec ITU-T E.164):1" type="EnumLong" lengthBit="4"/>
                           <field name="digits" value="1860035920" type="Number_BCD" length="10"/>
                        </Bytes></AddressString.BoxedType></longForwardedToNumber.C9.BoxedType>
               </ForwardingFeature.Sequence>
               <ForwardingFeature.Sequence>
                  <basicService.Choice>
                     <bearerService.C2.BoxedType><Bytes>330f09bc460b9973f697</Bytes></bearerService.C2.BoxedType>
                     <teleservice.C3.BoxedType><Bytes>a4fa94f14e4d2db22b</Bytes></teleservice.C3.BoxedType>
                  </basicService.Choice>
                  <ss_Status.C4.BoxedType><Bytes>548901378d6b61712d</Bytes></ss_Status.C4.BoxedType>
                  <forwardedToNumber.C5.BoxedType><AddressString.BoxedType><Bytes>983196388777
                           <field name="extension" value="no extension:1" type="EnumLong" lengthBit="1"/>
                           <field name="nature of address" value="international number:1" type="EnumLong" lengthBit="3"/>
                           <field name="numbering plan" value="national numbering plan:8" type="EnumLong" lengthBit="4"/>
                           <field name="digits" value="1369837877" type="Number_BCD" length="10"/>
                        </Bytes></AddressString.BoxedType></forwardedToNumber.C5.BoxedType>
                  <forwardedToSubaddress.C8.BoxedType><Bytes>830e05433e401e638a</Bytes></forwardedToSubaddress.C8.BoxedType>
                  <forwardingOptions.C6.BoxedType><Bytes>187406</Bytes></forwardingOptions.C6.BoxedType>
                  <noReplyConditionTime.C7.BoxedType><Integer>2</Integer></noReplyConditionTime.C7.BoxedType>
                  <longForwardedToNumber.C9.BoxedType><AddressString.BoxedType><Bytes>a15151425501
                           <field name="extension" value="no extension:1" type="EnumLong" lengthBit="1"/>
                           <field name="nature of address" value="national significant number:2" type="EnumLong" lengthBit="3"/>
                           <field name="numbering plan" value="ISDN/Telephony Numbering Plan (Rec ITU-T E.164):1" type="EnumLong" lengthBit="4"/>
                           <field name="digits" value="1515245510" type="Number_BCD" length="10"/>
                        </Bytes></AddressString.BoxedType></longForwardedToNumber.C9.BoxedType>
               </ForwardingFeature.Sequence>
            </Collection>
         </forwardingFeatureList.BoxedType>
      </forwardingInfo.C0.Sequence>
      <callBarringInfo.C1.Sequence>
         <ss_Code.BoxedType><Bytes>ea20</Bytes></ss_Code.BoxedType>
         <callBarringFeatureList.BoxedType>
            <Collection>
               <CallBarringFeature.Sequence>
                  <basicService.Choice>
                     <bearerService.C2.BoxedType><Bytes>b418af451064</Bytes></bearerService.C2.BoxedType>
                     <teleservice.C3.BoxedType><Bytes>08b0674dceb187</Bytes></teleservice.C3.BoxedType>
                  </basicService.Choice>
                  <ss_Status.C4.BoxedType><Bytes>9177ac</Bytes></ss_Status.C4.BoxedType>
               </CallBarringFeature.Sequence>
               <CallBarringFeature.Sequence>
                  <basicService.Choice>
                     <bearerService.C2.BoxedType><Bytes>af7d6c815875c35cca</Bytes></bearerService.C2.BoxedType>
                     <teleservice.C3.BoxedType><Bytes>d687</Bytes></teleservice.C3.BoxedType>
                  </basicService.Choice>
                  <ss_Status.C4.BoxedType><Bytes>c7215e80fde6404f</Bytes></ss_Status.C4.BoxedType>
               </CallBarringFeature.Sequence>
               <CallBarringFeature.Sequence>
                  <basicService.Choice>
                     <bearerService.C2.BoxedType><Bytes>ba996c58e8</Bytes></bearerService.C2.BoxedType>
                     <teleservice.C3.BoxedType><Bytes>f4ebdd9a29a2a1</Bytes></teleservice.C3.BoxedType>
                  </basicService.Choice>
                  <ss_Status.C4.BoxedType><Bytes>672fb5456273</Bytes></ss_Status.C4.BoxedType>
               </CallBarringFeature.Sequence>
            </Collection>
         </callBarringFeatureList.BoxedType>
      </callBarringInfo.C1.Sequence>
      <ss_Data.C3.Sequence>
         <ss_Code.BoxedType><Bytes>fa519b1c13dc</Bytes></ss_Code.BoxedType>
         <ss_Status.C4.BoxedType><Bytes>b7803962</Bytes></ss_Status.C4.BoxedType>
         <ss_SubscriptionOption.Choice>
            <cliRestrictionOption.C2.Enum>
               <EnumType>temporaryDefaultRestricted.1</EnumType>
            </cliRestrictionOption.C2.Enum>
            <overrideCategory.C1.Enum>
               <EnumType>overrideDisabled.1</EnumType>
            </overrideCategory.C1.Enum>
         </ss_SubscriptionOption.Choice>
         <basicServiceGroupList.BoxedType>
            <Collection>
               <BasicServiceCode.Choice>
                  <bearerService.C2.BoxedType><Bytes>f4</Bytes></bearerService.C2.BoxedType>
                  <teleservice.C3.BoxedType><Bytes>4cfb82da5b7139ea8e</Bytes></teleservice.C3.BoxedType>
               </BasicServiceCode.Choice>
               <BasicServiceCode.Choice>
                  <bearerService.C2.BoxedType><Bytes>d259a84699</Bytes></bearerService.C2.BoxedType>
                  <teleservice.C3.BoxedType><Bytes>04bc95016cf66cd1</Bytes></teleservice.C3.BoxedType>
               </BasicServiceCode.Choice>
               <BasicServiceCode.Choice>
                  <bearerService.C2.BoxedType><Bytes>79147841</Bytes></bearerService.C2.BoxedType>
                  <teleservice.C3.BoxedType><Bytes>0d9f72</Bytes></teleservice.C3.BoxedType>
               </BasicServiceCode.Choice>
            </Collection>
         </basicServiceGroupList.BoxedType>
         <defaultPriority.BoxedType><Integer>0</Integer></defaultPriority.BoxedType>
         <nbrUser.C5.BoxedType><Integer>1</Integer></nbrUser.C5.BoxedType>
      </ss_Data.C3.Sequence>
   </SS_Info.Choice>
</ASN>