<?xml version="1.0" encoding="ISO-8859-15"?>

<ASN layer="CAP">
   <SS_NotAvailableParam.Sequence><extensionContainer.Sequence>
         <privateExtensionList.C0.BoxedType>
            <Collection>
               <PrivateExtension.Sequence>
                  <extId><ObjectIdentifier>0.1.2</ObjectIdentifier></extId>
                  <extType>ff62e62ac5</extType>
               </PrivateExtension.Sequence>
               <PrivateExtension.Sequence>
                  <extId><ObjectIdentifier>0.1.267.57.128.54.44.75.111</ObjectIdentifier></extId>
                  <extType>39d77d</extType>
               </PrivateExtension.Sequence>
               <PrivateExtension.Sequence>
                  <extId><ObjectIdentifier>0.1.224.43.30.29.58.54.117</ObjectIdentifier></extId>
                  <extType>9f08bf</extType>
               </PrivateExtension.Sequence>
            </Collection>
         </privateExtensionList.C0.BoxedType>
         <pcs_Extensions.C1.Sequence>
            
         </pcs_Extensions.C1.Sequence>
      </extensionContainer.Sequence></SS_NotAvailableParam.Sequence>
</ASN>