<?xml version="1.0" encoding="ISO-8859-15"?>

<ASN layer="CAP">
   <StatusReportArg.Sequence>
      <imsi.C0.BoxedType><TBCD_STRING.BoxedType><Bytes>21192263f6
               <field name="digits" value="129122366" type="Number_BCD" length="9"/>
            </Bytes></TBCD_STRING.BoxedType></imsi.C0.BoxedType>
      <eventReportData.C1.Sequence>
         <ccbs_SubscriberStatus.C0.Enum>
            <EnumType>ccbsIdle.1</EnumType>
         </ccbs_SubscriberStatus.C0.Enum>
         <extensionContainer.C1.Sequence>
            <privateExtensionList.C0.BoxedType>
               <Collection>
                  <PrivateExtension.Sequence>
                     <extId><ObjectIdentifier>0.1.286.63.126.12.84.103.66.9.41.74</ObjectIdentifier></extId>
                     <extType>120a710f2f</extType>
                  </PrivateExtension.Sequence>
                  <PrivateExtension.Sequence>
                     <extId><ObjectIdentifier>0.1.253.127.48</ObjectIdentifier></extId>
                     <extType>a5e9f9ddc3818415</extType>
                  </PrivateExtension.Sequence>
                  <PrivateExtension.Sequence>
                     <extId><ObjectIdentifier>0.1.251.52.28.64.85</ObjectIdentifier></extId>
                     <extType>47abf406f18678c9</extType>
                  </PrivateExtension.Sequence>
               </Collection>
            </privateExtensionList.C0.BoxedType>
            <pcs_Extensions.C1.Sequence>
               
            </pcs_Extensions.C1.Sequence>
         </extensionContainer.C1.Sequence>
      </eventReportData.C1.Sequence>
      <callReportdata.C2.Sequence>
         <monitoringMode.C0.Enum>
            <EnumType>a_side.0</EnumType>
         </monitoringMode.C0.Enum>
         <callOutcome.C1.Enum>
            <EnumType>busy.2</EnumType>
         </callOutcome.C1.Enum>
         <extensionContainer.C2.Sequence>
            <privateExtensionList.C0.BoxedType>
               <Collection>
                  <PrivateExtension.Sequence>
                     <extId><ObjectIdentifier>0.1.2107.30.83</ObjectIdentifier></extId>
                     <extType>2c4d</extType>
                  </PrivateExtension.Sequence>
                  <PrivateExtension.Sequence>
                     <extId><ObjectIdentifier>0.1.244.35.112.52.78.121.86.123</ObjectIdentifier></extId>
                     <extType>aff5386d82</extType>
                  </PrivateExtension.Sequence>
                  <PrivateExtension.Sequence>
                     <extId><ObjectIdentifier>0.1.252.7.72.28.88</ObjectIdentifier></extId>
                     <extType>8b21</extType>
                  </PrivateExtension.Sequence>
               </Collection>
            </privateExtensionList.C0.BoxedType>
            <pcs_Extensions.C1.Sequence>
               
            </pcs_Extensions.C1.Sequence>
         </extensionContainer.C2.Sequence>
      </callReportdata.C2.Sequence>
      <extensionContainer.C3.Sequence>
         <privateExtensionList.C0.BoxedType>
            <Collection>
               <PrivateExtension.Sequence>
                  <extId><ObjectIdentifier>0.1.237.57.67.122.76.36.62</ObjectIdentifier></extId>
                  <extType>b92d1b14</extType>
               </PrivateExtension.Sequence>
               <PrivateExtension.Sequence>
                  <extId><ObjectIdentifier>0.1.2126.52</ObjectIdentifier></extId>
                  <extType>a1bc</extType>
               </PrivateExtension.Sequence>
               <PrivateExtension.Sequence>
                  <extId><ObjectIdentifier>0.1.210.89</ObjectIdentifier></extId>
                  <extType>aa00fcc565</extType>
               </PrivateExtension.Sequence>
            </Collection>
         </privateExtensionList.C0.BoxedType>
         <pcs_Extensions.C1.Sequence>
            
         </pcs_Extensions.C1.Sequence>
      </extensionContainer.C3.Sequence>
   </StatusReportArg.Sequence>
</ASN>