<?xml version="1.0" encoding="ISO-8859-15"?>

<ASN layer="CAP">
   <StatusReportRes.Sequence><extensionContainer.C0.Sequence>
         <privateExtensionList.C0.BoxedType>
            <Collection>
               <PrivateExtension.Sequence>
                  <extId><ObjectIdentifier>0.1.242.57.4.15.31.66.105</ObjectIdentifier></extId>
                  <extType>dfa67c</extType>
               </PrivateExtension.Sequence>
               <PrivateExtension.Sequence>
                  <extId><ObjectIdentifier>0.1.233.74.51.36.85</ObjectIdentifier></extId>
                  <extType>7250ae7c335a</extType>
               </PrivateExtension.Sequence>
               <PrivateExtension.Sequence>
                  <extId><ObjectIdentifier>0.1.243.33.97.99.91.24</ObjectIdentifier></extId>
                  <extType>88e4514c4e1f78517a60</extType>
               </PrivateExtension.Sequence>
            </Collection>
         </privateExtensionList.C0.BoxedType>
         <pcs_Extensions.C1.Sequence>
            
         </pcs_Extensions.C1.Sequence>
      </extensionContainer.C0.Sequence></StatusReportRes.Sequence>
</ASN>