<?xml version="1.0" encoding="ISO-8859-15"?>

<ASN layer="CAP">
   <SubBusyForMT_SMS_Param.Sequence>
      <extensionContainer.Sequence>
         <privateExtensionList.C0.BoxedType>
            <Collection>
               <PrivateExtension.Sequence>
                  <extId><ObjectIdentifier>0.1.2123.38.76.62.4.112.107.77</ObjectIdentifier></extId>
                  <extType>b26cf160c61f3bf7</extType>
               </PrivateExtension.Sequence>
               <PrivateExtension.Sequence>
                  <extId><ObjectIdentifier>0.1.2126.68.51.59.65.100.31</ObjectIdentifier></extId>
                  <extType>d7138a</extType>
               </PrivateExtension.Sequence>
               <PrivateExtension.Sequence>
                  <extId><ObjectIdentifier>0.1.225.78.87.66.13.30.75.41</ObjectIdentifier></extId>
                  <extType>c2488b6a</extType>
               </PrivateExtension.Sequence>
            </Collection>
         </privateExtensionList.C0.BoxedType>
         <pcs_Extensions.C1.Sequence>
            
         </pcs_Extensions.C1.Sequence>
      </extensionContainer.Sequence>
      <gprsConnectionSuspended></gprsConnectionSuspended>
   </SubBusyForMT_SMS_Param.Sequence>
</ASN>