<?xml version="1.0" encoding="ISO-8859-15"?>

<ASN layer="CAP">
   <SystemFailureParam.Choice>
      <networkResource.Enum>
         <EnumType>pvlr.3</EnumType>
      </networkResource.Enum>
      <extensibleSystemFailureParam.Sequence>
         <networkResource.Enum>
            <EnumType>vlr.2</EnumType>
         </networkResource.Enum>
         <extensionContainer.Sequence>
            <privateExtensionList.C0.BoxedType>
               <Collection>
                  <PrivateExtension.Sequence>
                     <extId><ObjectIdentifier>0.1.266</ObjectIdentifier></extId>
                     <extType>1320c76d</extType>
                  </PrivateExtension.Sequence>
                  <PrivateExtension.Sequence>
                     <extId><ObjectIdentifier>0.1.2114.74.62.109.30.43.89.110</ObjectIdentifier></extId>
                     <extType>ae79</extType>
                  </PrivateExtension.Sequence>
                  <PrivateExtension.Sequence>
                     <extId><ObjectIdentifier>0.1.249.43.72</ObjectIdentifier></extId>
                     <extType>4afb</extType>
                  </PrivateExtension.Sequence>
               </Collection>
            </privateExtensionList.C0.BoxedType>
            <pcs_Extensions.C1.Sequence>
               
            </pcs_Extensions.C1.Sequence>
         </extensionContainer.Sequence>
         <additionalNetworkResource.C0.Enum>
            <EnumType>ggsn.1</EnumType>
         </additionalNetworkResource.C0.Enum>
         <failureCauseParam.C1.Enum>
            <EnumType>limitReachedOnNumberOfConcurrentLocationRequests.0</EnumType>
         </failureCauseParam.C1.Enum>
      </extensibleSystemFailureParam.Sequence>
   </SystemFailureParam.Choice>
</ASN>