<?xml version="1.0" encoding="ISO-8859-15"?>

<ASN layer="CAP">
   <T_BCSM_CAMEL_TDP_Criteria.Sequence>
      <t_BCSM_TriggerDetectionPoint.Enum>
         <EnumType>tBusy.13</EnumType>
      </t_BCSM_TriggerDetectionPoint.Enum>
      <basicServiceCriteria.C0.BoxedType>
         <Collection>
            <Ext_BasicServiceCode.Choice>
               <ext_BearerService.C2.BoxedType><Bytes>daa6b90b</Bytes></ext_BearerService.C2.BoxedType>
               <ext_Teleservice.C3.BoxedType><Bytes>4800e0634b
                     <field name="Code" value="72" type="EnumLong" length="1"/>
                     <field name="Extension data" value="00e0634b" type="Binary" length="4"/>
                  </Bytes></ext_Teleservice.C3.BoxedType>
            </Ext_BasicServiceCode.Choice>
            <Ext_BasicServiceCode.Choice>
               <ext_BearerService.C2.BoxedType><Bytes>8407a6</Bytes></ext_BearerService.C2.BoxedType>
               <ext_Teleservice.C3.BoxedType><Bytes>d60000006a
                     <field name="Code" value="plmn-specificTS-6:214" type="EnumLong" length="1"/>
                     <field name="Extension data" value="0000006a" type="Binary" length="4"/>
                  </Bytes></ext_Teleservice.C3.BoxedType>
            </Ext_BasicServiceCode.Choice>
            <Ext_BasicServiceCode.Choice>
               <ext_BearerService.C2.BoxedType><Bytes>de47b7e37e2f87</Bytes></ext_BearerService.C2.BoxedType>
               <ext_Teleservice.C3.BoxedType><Bytes>20385cacce
                     <field name="Code" value="allShortMessageServices:32" type="EnumLong" length="1"/>
                     <field name="Extension data" value="385cacce" type="Binary" length="4"/>
                  </Bytes></ext_Teleservice.C3.BoxedType>
            </Ext_BasicServiceCode.Choice>
         </Collection>
      </basicServiceCriteria.C0.BoxedType>
      <t_CauseValueCriteria.C1.BoxedType>
         <Collection>
            <CauseValue.BoxedType><Bytes>1f69</Bytes></CauseValue.BoxedType>
            <CauseValue.BoxedType><Bytes>ed462d062ceb64fd</Bytes></CauseValue.BoxedType>
            <CauseValue.BoxedType><Bytes>2a1de88d96acb5</Bytes></CauseValue.BoxedType>
         </Collection>
      </t_CauseValueCriteria.C1.BoxedType>
   </T_BCSM_CAMEL_TDP_Criteria.Sequence>
</ASN>