<?xml version="1.0" encoding="ISO-8859-15"?>

<ASN layer="CAP">
   <TargetCellOutsideGCA_Param.Sequence><extensionContainer.Sequence>
         <privateExtensionList.C0.BoxedType>
            <Collection>
               <PrivateExtension.Sequence>
                  <extId><ObjectIdentifier>0.1.23.27.111</ObjectIdentifier></extId>
                  <extType>84f1010f1ed3f92b7387</extType>
               </PrivateExtension.Sequence>
               <PrivateExtension.Sequence>
                  <extId><ObjectIdentifier>0.1.2</ObjectIdentifier></extId>
                  <extType>16eb181e9e812ac8</extType>
               </PrivateExtension.Sequence>
               <PrivateExtension.Sequence>
                  <extId><ObjectIdentifier>0.1.2105.69.70.116.2</ObjectIdentifier></extId>
                  <extType>7900</extType>
               </PrivateExtension.Sequence>
            </Collection>
         </privateExtensionList.C0.BoxedType>
         <pcs_Extensions.C1.Sequence>
            
         </pcs_Extensions.C1.Sequence>
      </extensionContainer.Sequence></TargetCellOutsideGCA_Param.Sequence>
</ASN>