<?xml version="1.0" encoding="ISO-8859-15"?>

<ASN layer="CAP">
   <TeleservNotProvParam.Sequence><extensionContainer.Sequence>
         <privateExtensionList.C0.BoxedType>
            <Collection>
               <PrivateExtension.Sequence>
                  <extId><ObjectIdentifier>0.1.217.73.42</ObjectIdentifier></extId>
                  <extType>b3cfba39085600</extType>
               </PrivateExtension.Sequence>
               <PrivateExtension.Sequence>
                  <extId><ObjectIdentifier>0.1.255</ObjectIdentifier></extId>
                  <extType>a440</extType>
               </PrivateExtension.Sequence>
               <PrivateExtension.Sequence>
                  <extId><ObjectIdentifier>0.1.2103.89</ObjectIdentifier></extId>
                  <extType>1a74</extType>
               </PrivateExtension.Sequence>
            </Collection>
         </privateExtensionList.C0.BoxedType>
         <pcs_Extensions.C1.Sequence>
            
         </pcs_Extensions.C1.Sequence>
      </extensionContainer.Sequence></TeleservNotProvParam.Sequence>
</ASN>