<?xml version="1.0" encoding="ISO-8859-15"?>

<ASN layer="CAP">
   <TimeDurationChargingResult.Sequence>
      <partyToCharge.C0.Choice><receivingSideID.C1.BoxedType><Bytes>02
               <field name="LegType" value="leg2 LegType:2" type="EnumLong" length="1"/>
            </Bytes></receivingSideID.C1.BoxedType></partyToCharge.C0.Choice>
      <timeInformation.C1.Choice>
         <timeIfNoTariffSwitch.C0.BoxedType><Integer>2</Integer></timeIfNoTariffSwitch.C0.BoxedType>
         <timeIfTariffSwitch.C1.Sequence>
            <timeSinceTariffSwitch.C0>1</timeSinceTariffSwitch.C0>
            <tariffSwitchInterval.C1>1</tariffSwitchInterval.C1>
         </timeIfTariffSwitch.C1.Sequence>
      </timeInformation.C1.Choice>
      <legActive.C2>false:0</legActive.C2>
      <callLegReleasedAtTcpExpiry.C3></callLegReleasedAtTcpExpiry.C3>
      <extensions.C4.BoxedType>
         <Collection>
            <ExtensionField.Sequence>
               <type.Choice>
                  <local>1058317107</local>
                  <global><ObjectIdentifier>0.1.280.59.75.114.122.20</ObjectIdentifier></global>
               </type.Choice>
               <criticality.nulld.Enum>
                  <EnumType>ignore.0</EnumType>
               </criticality.nulld.Enum>
               <NullObject.C1></NullObject.C1>
            </ExtensionField.Sequence>
            <ExtensionField.Sequence>
               <type.Choice>
                  <local>2141047854</local>
                  <global><ObjectIdentifier>0.1.27.78.20.38.117.116</ObjectIdentifier></global>
               </type.Choice>
               <criticality.nulld.Enum>
                  <EnumType>ignore.0</EnumType>
               </criticality.nulld.Enum>
               <NullObject.C1></NullObject.C1>
            </ExtensionField.Sequence>
            <ExtensionField.Sequence>
               <type.Choice>
                  <local>3308899945</local>
                  <global><ObjectIdentifier>0.1.276.3</ObjectIdentifier></global>
               </type.Choice>
               <criticality.nulld.Enum>
                  <EnumType>ignore.0</EnumType>
               </criticality.nulld.Enum>
               <NullObject.C1></NullObject.C1>
            </ExtensionField.Sequence>
         </Collection>
      </extensions.C4.BoxedType>
      <aChChargingAddress.C5.Choice>
         <legID.C2.Choice>
            <sendingSideID.C0.BoxedType><Bytes>07
                  <field name="LegType" value="7" type="EnumLong" length="1"/>
               </Bytes></sendingSideID.C0.BoxedType>
            <receivingSideID.C1.BoxedType><Bytes>02
                  <field name="LegType" value="leg2 LegType:2" type="EnumLong" length="1"/>
               </Bytes></receivingSideID.C1.BoxedType>
         </legID.C2.Choice>
         <srfConnection.C50.BoxedType><Integer>1</Integer></srfConnection.C50.BoxedType>
      </aChChargingAddress.C5.Choice>
   </TimeDurationChargingResult.Sequence>
</ASN>