<?xml version="1.0" encoding="ISO-8859-15"?>

<ASN layer="CAP">
   <TracingBufferFullParam.Sequence><extensionContainer.Sequence>
         <privateExtensionList.C0.BoxedType>
            <Collection>
               <PrivateExtension.Sequence>
                  <extId><ObjectIdentifier>0.1.278.78</ObjectIdentifier></extId>
                  <extType>c3c538da8817d14d</extType>
               </PrivateExtension.Sequence>
               <PrivateExtension.Sequence>
                  <extId><ObjectIdentifier>0.1.251.7</ObjectIdentifier></extId>
                  <extType>5581b81d</extType>
               </PrivateExtension.Sequence>
               <PrivateExtension.Sequence>
                  <extId><ObjectIdentifier>0.1.214.86</ObjectIdentifier></extId>
                  <extType>f187</extType>
               </PrivateExtension.Sequence>
            </Collection>
         </privateExtensionList.C0.BoxedType>
         <pcs_Extensions.C1.Sequence>
            
         </pcs_Extensions.C1.Sequence>
      </extensionContainer.Sequence></TracingBufferFullParam.Sequence>
</ASN>