<?xml version="1.0" encoding="ISO-8859-15"?>

<ASN layer="CAP">
   <UnauthorizedLCSClient_Param.Sequence>
      <unauthorizedLCSClient_Diagnostic.C0.Enum>
         <EnumType>unauthorizedCallSessionUnrelatedExternalClient.6</EnumType>
      </unauthorizedLCSClient_Diagnostic.C0.Enum>
      <extensionContainer.C1.Sequence>
         <privateExtensionList.C0.BoxedType>
            <Collection>
               <PrivateExtension.Sequence>
                  <extId><ObjectIdentifier>0.1.2</ObjectIdentifier></extId>
                  <extType>379b</extType>
               </PrivateExtension.Sequence>
               <PrivateExtension.Sequence>
                  <extId><ObjectIdentifier>0.1.268.120.33.78.2.106.17</ObjectIdentifier></extId>
                  <extType>4a32d53ef3ea2bc7b6</extType>
               </PrivateExtension.Sequence>
               <PrivateExtension.Sequence>
                  <extId><ObjectIdentifier>0.1.2117.89.92.77.97.35.79</ObjectIdentifier></extId>
                  <extType>a436388be8ceaa</extType>
               </PrivateExtension.Sequence>
            </Collection>
         </privateExtensionList.C0.BoxedType>
         <pcs_Extensions.C1.Sequence>
            
         </pcs_Extensions.C1.Sequence>
      </extensionContainer.C1.Sequence>
   </UnauthorizedLCSClient_Param.Sequence>
</ASN>