<?xml version="1.0" encoding="ISO-8859-15"?>

<ASN layer="CAP">
   <UnauthorizedRequestingNetwork_Param.Sequence><extensionContainer.Sequence>
         <privateExtensionList.C0.BoxedType>
            <Collection>
               <PrivateExtension.Sequence>
                  <extId><ObjectIdentifier>0.1.290</ObjectIdentifier></extId>
                  <extType>5776e7124bcb62</extType>
               </PrivateExtension.Sequence>
               <PrivateExtension.Sequence>
                  <extId><ObjectIdentifier>0.1.237.70.8.1.58</ObjectIdentifier></extId>
                  <extType>bc56b12b</extType>
               </PrivateExtension.Sequence>
               <PrivateExtension.Sequence>
                  <extId><ObjectIdentifier>0.1.2100.4.126.22</ObjectIdentifier></extId>
                  <extType>0d3485be67e5ea21d8f5</extType>
               </PrivateExtension.Sequence>
            </Collection>
         </privateExtensionList.C0.BoxedType>
         <pcs_Extensions.C1.Sequence>
            
         </pcs_Extensions.C1.Sequence>
      </extensionContainer.Sequence></UnauthorizedRequestingNetwork_Param.Sequence>
</ASN>