<?xml version="1.0" encoding="ISO-8859-15"?>

<ASN layer="CAP">
   <UnexpectedDataParam.Sequence>
      <extensionContainer.Sequence>
         <privateExtensionList.C0.BoxedType>
            <Collection>
               <PrivateExtension.Sequence>
                  <extId><ObjectIdentifier>0.1.281.9.36.99.12.46</ObjectIdentifier></extId>
                  <extType>1f21e497aa</extType>
               </PrivateExtension.Sequence>
               <PrivateExtension.Sequence>
                  <extId><ObjectIdentifier>0.1.285.106.27.24.100.103.96.34</ObjectIdentifier></extId>
                  <extType>49caf226659951</extType>
               </PrivateExtension.Sequence>
               <PrivateExtension.Sequence>
                  <extId><ObjectIdentifier>0.1.222.3.102.121</ObjectIdentifier></extId>
                  <extType>7577</extType>
               </PrivateExtension.Sequence>
            </Collection>
         </privateExtensionList.C0.BoxedType>
         <pcs_Extensions.C1.Sequence>
            
         </pcs_Extensions.C1.Sequence>
      </extensionContainer.Sequence>
      <unexpectedSubscriber.C0></unexpectedSubscriber.C0>
   </UnexpectedDataParam.Sequence>
</ASN>