<?xml version="1.0" encoding="ISO-8859-15"?>

<ASN layer="CAP">
   <UnidentifiedSubParam.Sequence><extensionContainer.Sequence>
         <privateExtensionList.C0.BoxedType>
            <Collection>
               <PrivateExtension.Sequence>
                  <extId><ObjectIdentifier>0.1.291.84.8</ObjectIdentifier></extId>
                  <extType>8cb3eebcc4</extType>
               </PrivateExtension.Sequence>
               <PrivateExtension.Sequence>
                  <extId><ObjectIdentifier>0.1.272</ObjectIdentifier></extId>
                  <extType>e1bc6461f9</extType>
               </PrivateExtension.Sequence>
               <PrivateExtension.Sequence>
                  <extId><ObjectIdentifier>0.1.292.3.14.7.85.112</ObjectIdentifier></extId>
                  <extType>574f</extType>
               </PrivateExtension.Sequence>
            </Collection>
         </privateExtensionList.C0.BoxedType>
         <pcs_Extensions.C1.Sequence>
            
         </pcs_Extensions.C1.Sequence>
      </extensionContainer.Sequence></UnidentifiedSubParam.Sequence>
</ASN>