<?xml version="1.0" encoding="ISO-8859-15"?>

<ASN layer="CAP">
   <UnknownOrUnreachableLCSClient_Param.Sequence><extensionContainer.Sequence>
         <privateExtensionList.C0.BoxedType>
            <Collection>
               <PrivateExtension.Sequence>
                  <extId><ObjectIdentifier>0.1.258</ObjectIdentifier></extId>
                  <extType>497640a9</extType>
               </PrivateExtension.Sequence>
               <PrivateExtension.Sequence>
                  <extId><ObjectIdentifier>0.1.239.59.6.1.102.117.23.15.46</ObjectIdentifier></extId>
                  <extType>df961f9a8426284aea73</extType>
               </PrivateExtension.Sequence>
               <PrivateExtension.Sequence>
                  <extId><ObjectIdentifier>0.1.2116.40.46.70.20.13.9</ObjectIdentifier></extId>
                  <extType>4205</extType>
               </PrivateExtension.Sequence>
            </Collection>
         </privateExtensionList.C0.BoxedType>
         <pcs_Extensions.C1.Sequence>
            
         </pcs_Extensions.C1.Sequence>
      </extensionContainer.Sequence></UnknownOrUnreachableLCSClient_Param.Sequence>
</ASN>