<?xml version="1.0" encoding="ISO-8859-15"?>

<ASN layer="CAP">
   <UpdateVcsgLocationArg.Sequence>
      <imsi.BoxedType><TBCD_STRING.BoxedType><Bytes>2137781279
               <field name="digits" value="1273872197" type="Number_BCD" length="10"/>
            </Bytes></TBCD_STRING.BoxedType></imsi.BoxedType>
      <msisdn.C2.BoxedType><AddressString.BoxedType><Bytes>ea18096246f5
               <field name="extension" value="no extension:1" type="EnumLong" lengthBit="1"/>
               <field name="nature of address" value="abbreviated number:6" type="EnumLong" lengthBit="3"/>
               <field name="numbering plan" value="10" type="EnumLong" lengthBit="4"/>
               <field name="digits" value="819026645" type="Number_BCD" length="9"/>
            </Bytes></AddressString.BoxedType></msisdn.C2.BoxedType>
      <vlr_Number.C0.BoxedType><AddressString.BoxedType><Bytes>943178893187
               <field name="extension" value="no extension:1" type="EnumLong" lengthBit="1"/>
               <field name="nature of address" value="international number:1" type="EnumLong" lengthBit="3"/>
               <field name="numbering plan" value="telex numbering plan (ITU-T Rec F.69):4" type="EnumLong" lengthBit="4"/>
               <field name="digits" value="1387981378" type="Number_BCD" length="10"/>
            </Bytes></AddressString.BoxedType></vlr_Number.C0.BoxedType>
      <sgsn_Number.C1.BoxedType><AddressString.BoxedType><Bytes>081131359815
               <field name="extension" value="extension:0" type="EnumLong" lengthBit="1"/>
               <field name="nature of address" value="unknown:0" type="EnumLong" lengthBit="3"/>
               <field name="numbering plan" value="national numbering plan:8" type="EnumLong" lengthBit="4"/>
               <field name="digits" value="1113538951" type="Number_BCD" length="10"/>
            </Bytes></AddressString.BoxedType></sgsn_Number.C1.BoxedType>
      <extensionContainer.Sequence>
         <privateExtensionList.C0.BoxedType>
            <Collection>
               <PrivateExtension.Sequence>
                  <extId><ObjectIdentifier>0.1.284.86.25.13</ObjectIdentifier></extId>
                  <extType>12566bc7</extType>
               </PrivateExtension.Sequence>
               <PrivateExtension.Sequence>
                  <extId><ObjectIdentifier>0.1.255.1.63.18.100</ObjectIdentifier></extId>
                  <extType>5dfc74cb5a3e</extType>
               </PrivateExtension.Sequence>
               <PrivateExtension.Sequence>
                  <extId><ObjectIdentifier>0.1.266.55.58</ObjectIdentifier></extId>
                  <extType>00129f7c9f72</extType>
               </PrivateExtension.Sequence>
            </Collection>
         </privateExtensionList.C0.BoxedType>
         <pcs_Extensions.C1.Sequence>
            
         </pcs_Extensions.C1.Sequence>
      </extensionContainer.Sequence>
   </UpdateVcsgLocationArg.Sequence>
</ASN>