<?xml version="1.0" encoding="ISO-8859-15"?>

<ASN layer="CAP">
   <UpdateLocationArg.Sequence>
      <imsi.BoxedType><TBCD_STRING.BoxedType><Bytes>33396135f6
               <field name="digits" value="339316536" type="Number_BCD" length="9"/>
            </Bytes></TBCD_STRING.BoxedType></imsi.BoxedType>
      <msc_Number.C1.BoxedType><AddressString.BoxedType><Bytes>d10118627732
               <field name="extension" value="no extension:1" type="EnumLong" lengthBit="1"/>
               <field name="nature of address" value="reserved:5" type="EnumLong" lengthBit="3"/>
               <field name="numbering plan" value="ISDN/Telephony Numbering Plan (Rec ITU-T E.164):1" type="EnumLong" lengthBit="4"/>
               <field name="digits" value="1081267723" type="Number_BCD" length="10"/>
            </Bytes></AddressString.BoxedType></msc_Number.C1.BoxedType>
      <vlr_Number.BoxedType><AddressString.BoxedType><Bytes>7397922451f6
               <field name="extension" value="extension:0" type="EnumLong" lengthBit="1"/>
               <field name="nature of address" value="reserved for extension:7" type="EnumLong" lengthBit="3"/>
               <field name="numbering plan" value="data numbering plan (ITU-T Rec X.121):3" type="EnumLong" lengthBit="4"/>
               <field name="digits" value="792942156" type="Number_BCD" length="9"/>
            </Bytes></AddressString.BoxedType></vlr_Number.BoxedType>
      <lmsi.C10.BoxedType><Bytes>f29eefdbdb62153d
            <field name="digits" value="f29eefdbdb62153d" type="Binary" length="8"/>
         </Bytes></lmsi.C10.BoxedType>
      <extensionContainer.Sequence>
         <privateExtensionList.C0.BoxedType>
            <Collection>
               <PrivateExtension.Sequence>
                  <extId><ObjectIdentifier>0.1.27.2</ObjectIdentifier></extId>
                  <extType>99df807a80</extType>
               </PrivateExtension.Sequence>
               <PrivateExtension.Sequence>
                  <extId><ObjectIdentifier>0.1.2105.61.54.2.58.7.9</ObjectIdentifier></extId>
                  <extType>8afc5cbd</extType>
               </PrivateExtension.Sequence>
               <PrivateExtension.Sequence>
                  <extId><ObjectIdentifier>0.1.257.82</ObjectIdentifier></extId>
                  <extType>6f45d2</extType>
               </PrivateExtension.Sequence>
            </Collection>
         </privateExtensionList.C0.BoxedType>
         <pcs_Extensions.C1.Sequence>
            
         </pcs_Extensions.C1.Sequence>
      </extensionContainer.Sequence>
      <vlr_Capability.C6.Sequence>
         <supportedCamelPhases.C0.BoxedType><BitString><BitString value="96c4d9a84ebf" trailing="0"/></BitString></supportedCamelPhases.C0.BoxedType>
         <extensionContainer.Sequence>
            <privateExtensionList.C0.BoxedType>
               <Collection>
                  <PrivateExtension.Sequence>
                     <extId><ObjectIdentifier>0.1.287</ObjectIdentifier></extId>
                     <extType>64735d7767a544</extType>
                  </PrivateExtension.Sequence>
                  <PrivateExtension.Sequence>
                     <extId><ObjectIdentifier>0.1.2116.7.64</ObjectIdentifier></extId>
                     <extType>c8e28926f2</extType>
                  </PrivateExtension.Sequence>
                  <PrivateExtension.Sequence>
                     <extId><ObjectIdentifier>0.1.2115.42</ObjectIdentifier></extId>
                     <extType>f9c883d2</extType>
                  </PrivateExtension.Sequence>
               </Collection>
            </privateExtensionList.C0.BoxedType>
            <pcs_Extensions.C1.Sequence>
               
            </pcs_Extensions.C1.Sequence>
         </extensionContainer.Sequence>
         <solsaSupportIndicator.C2></solsaSupportIndicator.C2>
         <istSupportIndicator.C1.Enum>
            <EnumType>istCommandSupported.1</EnumType>
         </istSupportIndicator.C1.Enum>
         <superChargerSupportedInServingNetworkEntity.C3.Choice>
            <sendSubscriberData.C0></sendSubscriberData.C0>
            <subscriberDataStored.C1.BoxedType><Bytes>08c877281fc820e12d</Bytes></subscriberDataStored.C1.BoxedType>
         </superChargerSupportedInServingNetworkEntity.C3.Choice>
         <longFTN_Supported.C4></longFTN_Supported.C4>
         <supportedLCS_CapabilitySets.C5.BoxedType><BitString><BitString value="cece2eca102242ca6d01447f" trailing="0"/></BitString></supportedLCS_CapabilitySets.C5.BoxedType>
         <offeredCamel4CSIs.C6.BoxedType><BitString><BitString value="e730f9" trailing="0"/></BitString></offeredCamel4CSIs.C6.BoxedType>
         <supportedRAT_TypesIndicator.C7.BoxedType><BitString><BitString value="" trailing="0"/></BitString></supportedRAT_TypesIndicator.C7.BoxedType>
         <longGroupID_Supported.C8></longGroupID_Supported.C8>
         <mtRoamingForwardingSupported.C9></mtRoamingForwardingSupported.C9>
         <msisdn_lessOperation_Supported.C10></msisdn_lessOperation_Supported.C10>
      </vlr_Capability.C6.Sequence>
      <informPreviousNetworkEntity.C11></informPreviousNetworkEntity.C11>
      <cs_LCS_NotSupportedByUE.C12></cs_LCS_NotSupportedByUE.C12>
      <v_gmlc_Address.C2.BoxedType><Bytes>017807bec5
            <field name="Address type" value="IPV4:0" type="EnumLong" lengthBit="2"/>
            <field name="AddressLength" value="1" type="Integer" lengthBit="6"/>
            <field name="IPV4 address" value="120.7.190.197" type="IPV4Address" length="4"/>
         </Bytes></v_gmlc_Address.C2.BoxedType>
      <add_info.C13.Sequence>
         <imeisv.C0.BoxedType><TBCD_STRING.BoxedType><Bytes>7100919150
                  <field name="digits" value="1700191905" type="Number_BCD" length="10"/>
               </Bytes></TBCD_STRING.BoxedType></imeisv.C0.BoxedType>
         <skipSubscriberDataUpdate.C1></skipSubscriberDataUpdate.C1>
      </add_info.C13.Sequence>
      <pagingArea.C14.BoxedType>
         <Collection>
            <LocationArea.Choice>
               <laiFixedLength.C0.BoxedType><Bytes>818461cbe9
                     <field name="MMC" value="184,168" type="NumberMMC" length="3"/>
                     <field name="LAC" value="52201" type="Integer" length="2"/>
                  </Bytes></laiFixedLength.C0.BoxedType>
               <lac.C1.BoxedType><Bytes>9787</Bytes></lac.C1.BoxedType>
            </LocationArea.Choice>
            <LocationArea.Choice>
               <laiFixedLength.C0.BoxedType><Bytes>1145412015
                     <field name="MMC" value="115,144" type="NumberMMC" length="3"/>
                     <field name="LAC" value="8213" type="Integer" length="2"/>
                  </Bytes></laiFixedLength.C0.BoxedType>
               <lac.C1.BoxedType><Bytes>0a</Bytes></lac.C1.BoxedType>
            </LocationArea.Choice>
            <LocationArea.Choice>
               <laiFixedLength.C0.BoxedType><Bytes>323101e6f5
                     <field name="MMC" value="231,103" type="NumberMMC" length="3"/>
                     <field name="LAC" value="59125" type="Integer" length="2"/>
                  </Bytes></laiFixedLength.C0.BoxedType>
               <lac.C1.BoxedType><Bytes>7cc5269f8a54</Bytes></lac.C1.BoxedType>
            </LocationArea.Choice>
         </Collection>
      </pagingArea.C14.BoxedType>
      <skipSubscriberDataUpdate.C15></skipSubscriberDataUpdate.C15>
      <restorationIndicator.C16></restorationIndicator.C16>
      <eplmn_List.C3.BoxedType>
         <Collection>
            <PLMN_Id.BoxedType><Bytes>d4dfd0</Bytes></PLMN_Id.BoxedType>
            <PLMN_Id.BoxedType><Bytes>79f77ea57936</Bytes></PLMN_Id.BoxedType>
            <PLMN_Id.BoxedType><Bytes>9e8988bf6ddf3bf5</Bytes></PLMN_Id.BoxedType>
         </Collection>
      </eplmn_List.C3.BoxedType>
      <mme_DiameterAddress.C4.Sequence>
         <diameter_Name.C0.BoxedType><Bytes>9ff1d2ef36d835</Bytes></diameter_Name.C0.BoxedType>
         <diameter_Realm.C1.BoxedType><Bytes>f86e658151</Bytes></diameter_Realm.C1.BoxedType>
      </mme_DiameterAddress.C4.Sequence>
   </UpdateLocationArg.Sequence>
</ASN>