<?xml version="1.0" encoding="ISO-8859-15"?>

<ASN layer="CAP">
   <UpdateGprsLocationArg.Sequence>
      <imsi.BoxedType><TBCD_STRING.BoxedType><Bytes>8187161053
               <field name="digits" value="1878610135" type="Number_BCD" length="10"/>
            </Bytes></TBCD_STRING.BoxedType></imsi.BoxedType>
      <sgsn_Number.BoxedType><AddressString.BoxedType><Bytes>3f64776930f1
               <field name="extension" value="extension:0" type="EnumLong" lengthBit="1"/>
               <field name="nature of address" value="network specific number:3" type="EnumLong" lengthBit="3"/>
               <field name="numbering plan" value="reserved for extension:15" type="EnumLong" lengthBit="4"/>
               <field name="digits" value="467796031" type="Number_BCD" length="9"/>
            </Bytes></AddressString.BoxedType></sgsn_Number.BoxedType>
      <sgsn_Address.BoxedType><Bytes>707a17700e
            <field name="Address type" value="IPV6:1" type="EnumLong" lengthBit="2"/>
            <field name="AddressLength" value="48" type="Integer" lengthBit="6"/>
            <field name="IPV4 address" value="122.23.112.14" type="IPV4Address" length="4"/>
         </Bytes></sgsn_Address.BoxedType>
      <extensionContainer.Sequence>
         <privateExtensionList.C0.BoxedType>
            <Collection>
               <PrivateExtension.Sequence>
                  <extId><ObjectIdentifier>0.1.2</ObjectIdentifier></extId>
                  <extType>5db724266f41</extType>
               </PrivateExtension.Sequence>
               <PrivateExtension.Sequence>
                  <extId><ObjectIdentifier>0.1.284.21.30.60.33.76.128.126.2</ObjectIdentifier></extId>
                  <extType>ecaec31f0ec4358a</extType>
               </PrivateExtension.Sequence>
               <PrivateExtension.Sequence>
                  <extId><ObjectIdentifier>0.1.224.74</ObjectIdentifier></extId>
                  <extType>f80a07e7c27f1730</extType>
               </PrivateExtension.Sequence>
            </Collection>
         </privateExtensionList.C0.BoxedType>
         <pcs_Extensions.C1.Sequence>
            
         </pcs_Extensions.C1.Sequence>
      </extensionContainer.Sequence>
      <sgsn_Capability.C0.Sequence>
         <solsaSupportIndicator></solsaSupportIndicator>
         <extensionContainer.C1.Sequence>
            <privateExtensionList.C0.BoxedType>
               <Collection>
                  <PrivateExtension.Sequence>
                     <extId><ObjectIdentifier>0.1.212.2.102.1.114.85.42</ObjectIdentifier></extId>
                     <extType>0a0c12c90a99d49da2</extType>
                  </PrivateExtension.Sequence>
                  <PrivateExtension.Sequence>
                     <extId><ObjectIdentifier>0.1.211.24.56.88.40.25.109</ObjectIdentifier></extId>
                     <extType>b3e82e4bd7</extType>
                  </PrivateExtension.Sequence>
                  <PrivateExtension.Sequence>
                     <extId><ObjectIdentifier>0.1.262.64</ObjectIdentifier></extId>
                     <extType>b38ff6bab8</extType>
                  </PrivateExtension.Sequence>
               </Collection>
            </privateExtensionList.C0.BoxedType>
            <pcs_Extensions.C1.Sequence>
               
            </pcs_Extensions.C1.Sequence>
         </extensionContainer.C1.Sequence>
         <superChargerSupportedInServingNetworkEntity.C2.Choice>
            <sendSubscriberData.C0></sendSubscriberData.C0>
            <subscriberDataStored.C1.BoxedType><Bytes>d3d1</Bytes></subscriberDataStored.C1.BoxedType>
         </superChargerSupportedInServingNetworkEntity.C2.Choice>
         <gprsEnhancementsSupportIndicator.C3></gprsEnhancementsSupportIndicator.C3>
         <supportedCamelPhases.C4.BoxedType><BitString><BitString value="ecc8f242b7a78257f7e59a" trailing="0"/></BitString></supportedCamelPhases.C4.BoxedType>
         <supportedLCS_CapabilitySets.C5.BoxedType><BitString><BitString value="cf0cdd2313" trailing="0"/></BitString></supportedLCS_CapabilitySets.C5.BoxedType>
         <offeredCamel4CSIs.C6.BoxedType><BitString><BitString value="1be36f602095da537db9cae4887f70df5ddf37" trailing="0"/></BitString></offeredCamel4CSIs.C6.BoxedType>
         <smsCallBarringSupportIndicator.C7></smsCallBarringSupportIndicator.C7>
         <supportedRAT_TypesIndicator.C8.BoxedType><BitString><BitString value="fe" trailing="0"/></BitString></supportedRAT_TypesIndicator.C8.BoxedType>
         <supportedFeatures.C9.BoxedType><BitString><BitString value="35feaacca284cb73ccf3f32ea3" trailing="0"/></BitString></supportedFeatures.C9.BoxedType>
         <t_adsDataRetrieval.C10></t_adsDataRetrieval.C10>
         <homogeneousSupportOfIMSVoiceOverPSSessions.C11>true:1</homogeneousSupportOfIMSVoiceOverPSSessions.C11>
         <cancellationTypeInitialAttach.C12></cancellationTypeInitialAttach.C12>
         <msisdn_lessOperation_Supported.C14></msisdn_lessOperation_Supported.C14>
         <updateofHomogeneousSupportOfIMSVoiceOverPSSessions.C15></updateofHomogeneousSupportOfIMSVoiceOverPSSessions.C15>
      </sgsn_Capability.C0.Sequence>
      <informPreviousNetworkEntity.C1></informPreviousNetworkEntity.C1>
      <ps_LCS_NotSupportedByUE.C2></ps_LCS_NotSupportedByUE.C2>
      <v_gmlc_Address.C3.BoxedType><Bytes>7ed76e563b
            <field name="Address type" value="IPV6:1" type="EnumLong" lengthBit="2"/>
            <field name="AddressLength" value="62" type="Integer" lengthBit="6"/>
            <field name="IPV4 address" value="215.110.86.59" type="IPV4Address" length="4"/>
         </Bytes></v_gmlc_Address.C3.BoxedType>
      <add_info.C4.Sequence>
         <imeisv.C0.BoxedType><TBCD_STRING.BoxedType><Bytes>8163310253
                  <field name="digits" value="1836132035" type="Number_BCD" length="10"/>
               </Bytes></TBCD_STRING.BoxedType></imeisv.C0.BoxedType>
         <skipSubscriberDataUpdate.C1></skipSubscriberDataUpdate.C1>
      </add_info.C4.Sequence>
      <eps_info.C5.Choice>
         <pdn_gw_update.C0.Sequence>
            <apn.C0.BoxedType><Bytes>74486a464f3867666a
                  <field name="DNS string" value="tHjFO8gfj" type="String" length="9"/>
               </Bytes></apn.C0.BoxedType>
            <pdn_gw_Identity.C1.Sequence>
               <pdn_gw_ipv4_Address.C0.BoxedType><Bytes>33edf2f0
                     <field name="IPV4  address" value="51.237.242.240" type="IPV4Address" length="4"/>
                  </Bytes></pdn_gw_ipv4_Address.C0.BoxedType>
               <pdn_gw_ipv6_Address.C1.BoxedType><Bytes>f5dbb1c7
                     <field name="IPV4  address" value="245.219.177.199" type="IPV4Address" length="4"/>
                  </Bytes></pdn_gw_ipv6_Address.C1.BoxedType>
               <pdn_gw_name.C2.BoxedType><Bytes>01de</Bytes></pdn_gw_name.C2.BoxedType>
               <extensionContainer.C3.Sequence>
                  <privateExtensionList.C0.BoxedType>
                     <Collection>
                        <PrivateExtension.Sequence>
                           <extId><ObjectIdentifier>0.1.29.71.72.22.32.18.27.122.12</ObjectIdentifier></extId>
                           <extType>811c72d85f9136de</extType>
                        </PrivateExtension.Sequence>
                        <PrivateExtension.Sequence>
                           <extId><ObjectIdentifier>0.1.250.110.71.79.37.29.40.10</ObjectIdentifier></extId>
                           <extType>f04114961d</extType>
                        </PrivateExtension.Sequence>
                        <PrivateExtension.Sequence>
                           <extId><ObjectIdentifier>0.1.221.70.84.50.4</ObjectIdentifier></extId>
                           <extType>ae8213</extType>
                        </PrivateExtension.Sequence>
                     </Collection>
                  </privateExtensionList.C0.BoxedType>
                  <pcs_Extensions.C1.Sequence>
                     
                  </pcs_Extensions.C1.Sequence>
               </extensionContainer.C3.Sequence>
            </pdn_gw_Identity.C1.Sequence>
            <contextId.C2.BoxedType><Integer>1</Integer></contextId.C2.BoxedType>
            <extensionContainer.C3.Sequence>
               <privateExtensionList.C0.BoxedType>
                  <Collection>
                     <PrivateExtension.Sequence>
                        <extId><ObjectIdentifier>0.1.241.109.72.47.31.104.115</ObjectIdentifier></extId>
                        <extType>88a96a7c</extType>
                     </PrivateExtension.Sequence>
                     <PrivateExtension.Sequence>
                        <extId><ObjectIdentifier>0.1.298.45.39.0</ObjectIdentifier></extId>
                        <extType>6ee045ddf4</extType>
                     </PrivateExtension.Sequence>
                     <PrivateExtension.Sequence>
                        <extId><ObjectIdentifier>0.1.252.84.87.61.72.90.113.83.49</ObjectIdentifier></extId>
                        <extType>d5</extType>
                     </PrivateExtension.Sequence>
                  </Collection>
               </privateExtensionList.C0.BoxedType>
               <pcs_Extensions.C1.Sequence>
                  
               </pcs_Extensions.C1.Sequence>
            </extensionContainer.C3.Sequence>
         </pdn_gw_update.C0.Sequence>
         <isr_Information.C1.BoxedType><BitString><BitString value="73fa" trailing="0"/></BitString></isr_Information.C1.BoxedType>
      </eps_info.C5.Choice>
      <servingNodeTypeIndicator.C6></servingNodeTypeIndicator.C6>
      <skipSubscriberDataUpdate.C7></skipSubscriberDataUpdate.C7>
      <usedRAT_Type.C8.Enum>
         <EnumType>geran.1</EnumType>
      </usedRAT_Type.C8.Enum>
      <gprsSubscriptionDataNotNeeded.C9></gprsSubscriptionDataNotNeeded.C9>
      <nodeTypeIndicator.C10></nodeTypeIndicator.C10>
      <areaRestricted.C11></areaRestricted.C11>
      <ue_reachableIndicator.C12></ue_reachableIndicator.C12>
      <epsSubscriptionDataNotNeeded.C13></epsSubscriptionDataNotNeeded.C13>
      <ue_srvcc_Capability.C14.Enum>
         <EnumType>ue_srvcc_not_supported.0</EnumType>
      </ue_srvcc_Capability.C14.Enum>
      <eplmn_List.C15.BoxedType>
         <Collection>
            <PLMN_Id.BoxedType><Bytes>4eb91a</Bytes></PLMN_Id.BoxedType>
            <PLMN_Id.BoxedType><Bytes>00583cee7950</Bytes></PLMN_Id.BoxedType>
            <PLMN_Id.BoxedType><Bytes>cfa6a2691e45</Bytes></PLMN_Id.BoxedType>
         </Collection>
      </eplmn_List.C15.BoxedType>
      <mmeNumberforMTSMS.C16.BoxedType><AddressString.BoxedType><Bytes>7f2130309212
               <field name="extension" value="extension:0" type="EnumLong" lengthBit="1"/>
               <field name="nature of address" value="reserved for extension:7" type="EnumLong" lengthBit="3"/>
               <field name="numbering plan" value="reserved for extension:15" type="EnumLong" lengthBit="4"/>
               <field name="digits" value="1203032921" type="Number_BCD" length="10"/>
            </Bytes></AddressString.BoxedType></mmeNumberforMTSMS.C16.BoxedType>
      <smsRegisterRequest.C17.Enum>
         <EnumType>sms_registration_required.0</EnumType>
      </smsRegisterRequest.C17.Enum>
      <sms_Only.C18></sms_Only.C18>
      <removalofMMERegistrationforSMS.C22></removalofMMERegistrationforSMS.C22>
      <sgsn_Name.C19.BoxedType><Bytes>2131c2ef9e1e</Bytes></sgsn_Name.C19.BoxedType>
      <sgsn_Realm.C20.BoxedType><Bytes>28</Bytes></sgsn_Realm.C20.BoxedType>
      <lgd_supportIndicator.C21></lgd_supportIndicator.C21>
   </UpdateGprsLocationArg.Sequence>
</ASN>