<?xml version="1.0" encoding="ISO-8859-15"?>

<ASN layer="CAP">
   <UpdateLocationRes.Sequence>
      <hlr_Number.BoxedType><AddressString.BoxedType><Bytes>390283212057
               <field name="extension" value="extension:0" type="EnumLong" lengthBit="1"/>
               <field name="nature of address" value="network specific number:3" type="EnumLong" lengthBit="3"/>
               <field name="numbering plan" value="private numbering plan:9" type="EnumLong" lengthBit="4"/>
               <field name="digits" value="2038120275" type="Number_BCD" length="10"/>
            </Bytes></AddressString.BoxedType></hlr_Number.BoxedType>
      <extensionContainer.Sequence>
         <privateExtensionList.C0.BoxedType>
            <Collection>
               <PrivateExtension.Sequence>
                  <extId><ObjectIdentifier>0.1.234.114.45.104.62.55</ObjectIdentifier></extId>
                  <extType>1f1e5da09a65</extType>
               </PrivateExtension.Sequence>
               <PrivateExtension.Sequence>
                  <extId><ObjectIdentifier>0.1.224.9.62.102.81</ObjectIdentifier></extId>
                  <extType>7ade6fb1f6</extType>
               </PrivateExtension.Sequence>
               <PrivateExtension.Sequence>
                  <extId><ObjectIdentifier>0.1.2</ObjectIdentifier></extId>
                  <extType>8873d6718b6d4cb1</extType>
               </PrivateExtension.Sequence>
            </Collection>
         </privateExtensionList.C0.BoxedType>
         <pcs_Extensions.C1.Sequence>
            
         </pcs_Extensions.C1.Sequence>
      </extensionContainer.Sequence>
      <add_Capability></add_Capability>
      <pagingArea_Capability.C0></pagingArea_Capability.C0>
   </UpdateLocationRes.Sequence>
</ASN>