<?xml version="1.0" encoding="ISO-8859-15"?>

<ASN layer="CAP">
   <UpdateGprsLocationRes.Sequence>
      <hlr_Number.BoxedType><AddressString.BoxedType><Bytes>ea3141587997
               <field name="extension" value="no extension:1" type="EnumLong" lengthBit="1"/>
               <field name="nature of address" value="abbreviated number:6" type="EnumLong" lengthBit="3"/>
               <field name="numbering plan" value="10" type="EnumLong" lengthBit="4"/>
               <field name="digits" value="1314859779" type="Number_BCD" length="10"/>
            </Bytes></AddressString.BoxedType></hlr_Number.BoxedType>
      <extensionContainer.Sequence>
         <privateExtensionList.C0.BoxedType>
            <Collection>
               <PrivateExtension.Sequence>
                  <extId><ObjectIdentifier>0.1.266.27.115.62</ObjectIdentifier></extId>
                  <extType>99e70aba</extType>
               </PrivateExtension.Sequence>
               <PrivateExtension.Sequence>
                  <extId><ObjectIdentifier>0.1.29.11.18.60.114.65</ObjectIdentifier></extId>
                  <extType>606c45</extType>
               </PrivateExtension.Sequence>
               <PrivateExtension.Sequence>
                  <extId><ObjectIdentifier>0.1.233.83.35.8.91.105.98.39.103</ObjectIdentifier></extId>
                  <extType>1ad1760531</extType>
               </PrivateExtension.Sequence>
            </Collection>
         </privateExtensionList.C0.BoxedType>
         <pcs_Extensions.C1.Sequence>
            
         </pcs_Extensions.C1.Sequence>
      </extensionContainer.Sequence>
      <add_Capability></add_Capability>
      <sgsn_mmeSeparationSupported.C0></sgsn_mmeSeparationSupported.C0>
      <mmeRegisteredforSMS.C1></mmeRegisteredforSMS.C1>
   </UpdateGprsLocationRes.Sequence>
</ASN>