<?xml version="1.0" encoding="ISO-8859-15"?>

<ASN layer="CAP">
   <UpdateVcsgLocationRes.Sequence>
      <temporaryEmptySubscriptiondataIndicator></temporaryEmptySubscriptiondataIndicator>
      <extensionContainer.Sequence>
         <privateExtensionList.C0.BoxedType>
            <Collection>
               <PrivateExtension.Sequence>
                  <extId><ObjectIdentifier>0.1.264.81.105.44.113.86.39</ObjectIdentifier></extId>
                  <extType>12b58ef5c57140f8</extType>
               </PrivateExtension.Sequence>
               <PrivateExtension.Sequence>
                  <extId><ObjectIdentifier>0.1.28.89.21.64.35.117.13</ObjectIdentifier></extId>
                  <extType>73b202964a52b81309</extType>
               </PrivateExtension.Sequence>
               <PrivateExtension.Sequence>
                  <extId><ObjectIdentifier>0.1.2</ObjectIdentifier></extId>
                  <extType>16a6daf435e54d83ce</extType>
               </PrivateExtension.Sequence>
            </Collection>
         </privateExtensionList.C0.BoxedType>
         <pcs_Extensions.C1.Sequence>
            
         </pcs_Extensions.C1.Sequence>
      </extensionContainer.Sequence>
   </UpdateVcsgLocationRes.Sequence>
</ASN>