<?xml version="1.0" encoding="ISO-8859-15"?>

<ASN layer="CAP">
   <USSD_Arg.Sequence>
      <ussd_DataCodingScheme.BoxedType><Bytes>9a
            <field name="Coding Group Bits" value="Message with User Data Header (UDH) structure:9" type="EnumLong" lengthBit="4"/>
            <field name="Alphabet" value="UCS2 (16bit) {UTF-16BE}:2" type="EnumLong" lengthBit="2"/>
            <field name="Message Class" value="Class 2 (U)SIM specific message:2" type="EnumLong" lengthBit="2"/>
         </Bytes></ussd_DataCodingScheme.BoxedType>
      <ussd_String.BoxedType><Bytes>2deb70
            <field name="binary" value="2deb70" type="Binary" length="3"/>
         </Bytes></ussd_String.BoxedType>
      <alertingPattern.BoxedType><Bytes>942b060dc45c45b801a3</Bytes></alertingPattern.BoxedType>
      <msisdn.C0.BoxedType><AddressString.BoxedType><Bytes>2f9134192389
               <field name="extension" value="extension:0" type="EnumLong" lengthBit="1"/>
               <field name="nature of address" value="national significant number:2" type="EnumLong" lengthBit="3"/>
               <field name="numbering plan" value="reserved for extension:15" type="EnumLong" lengthBit="4"/>
               <field name="digits" value="1943913298" type="Number_BCD" length="10"/>
            </Bytes></AddressString.BoxedType></msisdn.C0.BoxedType>
   </USSD_Arg.Sequence>
</ASN>