<?xml version="1.0" encoding="ISO-8859-15"?>

<ASN layer="CAP">
   <USSD_Res.Sequence>
      <ussd_DataCodingScheme.BoxedType><Bytes>b8
            <field name="Coding Group Bits" value="Reserved coding groups:11" type="EnumLong" lengthBit="4"/>
            <field name="Alphabet" value="UCS2 (16bit) {UTF-16BE}:2" type="EnumLong" lengthBit="2"/>
            <field name="Message Class" value="Class 0:0" type="EnumLong" lengthBit="2"/>
         </Bytes></ussd_DataCodingScheme.BoxedType>
      <ussd_String.BoxedType><Bytes>a9a0696f
            <field name="binary" value="a9a0696f" type="Binary" length="4"/>
         </Bytes></ussd_String.BoxedType>
   </USSD_Res.Sequence>
</ASN>