<?xml version="1.0" encoding="ISO-8859-15"?>

<ASN layer="CAP">
   <VariablePartsArray.BoxedType>
      <Collection>
         <VariablePart.Choice>
            <integer.C0.BoxedType><Integer>0</Integer></integer.C0.BoxedType>
            <number.C1.BoxedType><Bytes>b9bc47c3e170d22425</Bytes></number.C1.BoxedType>
            <time.C2>ee74e070c2e54d9f</time.C2>
            <date.C3>c7249678ecae90fbcd</date.C3>
            <price.C4>8e2c32</price.C4>
         </VariablePart.Choice>
         <VariablePart.Choice>
            <integer.C0.BoxedType><Integer>2</Integer></integer.C0.BoxedType>
            <number.C1.BoxedType><Bytes>059b6359468bfb389d</Bytes></number.C1.BoxedType>
            <time.C2>eedb5259b9</time.C2>
            <date.C3>f69529f7ade1d256b7</date.C3>
            <price.C4>b4026994d3</price.C4>
         </VariablePart.Choice>
         <VariablePart.Choice>
            <integer.C0.BoxedType><Integer>1</Integer></integer.C0.BoxedType>
            <number.C1.BoxedType><Bytes>1449917a2ac6d3</Bytes></number.C1.BoxedType>
            <time.C2>af10819f1a00d4</time.C2>
            <date.C3>08f487954af1b1c7eacb</date.C3>
            <price.C4>9d6c</price.C4>
         </VariablePart.Choice>
      </Collection>
   </VariablePartsArray.BoxedType>
</ASN>