<?xml version="1.0" encoding="ISO-8859-15"?>

<ASN layer="CAP">
   <VoiceBroadcastData.Sequence>
      <groupid.BoxedType><TBCD_STRING.BoxedType><Bytes>15838439f4
               <field name="digits" value="513848934" type="Number_BCD" length="9"/>
            </Bytes></TBCD_STRING.BoxedType></groupid.BoxedType>
      <broadcastInitEntitlement></broadcastInitEntitlement>
      <extensionContainer.Sequence>
         <privateExtensionList.C0.BoxedType>
            <Collection>
               <PrivateExtension.Sequence>
                  <extId><ObjectIdentifier>0.1.2108.7.52.67.12</ObjectIdentifier></extId>
                  <extType>df660338</extType>
               </PrivateExtension.Sequence>
               <PrivateExtension.Sequence>
                  <extId><ObjectIdentifier>0.1.275.27.110</ObjectIdentifier></extId>
                  <extType>5e7dd2f03657e854c769</extType>
               </PrivateExtension.Sequence>
               <PrivateExtension.Sequence>
                  <extId><ObjectIdentifier>0.1.2105.58.90</ObjectIdentifier></extId>
                  <extType>041c6faed20a</extType>
               </PrivateExtension.Sequence>
            </Collection>
         </privateExtensionList.C0.BoxedType>
         <pcs_Extensions.C1.Sequence>
            
         </pcs_Extensions.C1.Sequence>
      </extensionContainer.Sequence>
      <longGroupId.C0.BoxedType><TBCD_STRING.BoxedType><Bytes>1139347242
               <field name="digits" value="1193432724" type="Number_BCD" length="10"/>
            </Bytes></TBCD_STRING.BoxedType></longGroupId.C0.BoxedType>
   </VoiceBroadcastData.Sequence>
</ASN>