<?xml version="1.0" encoding="ISO-8859-15"?>

<ASN layer="CAP">
   <VoiceGroupCallData.Sequence>
      <groupId.BoxedType><TBCD_STRING.BoxedType><Bytes>7194111854
               <field name="digits" value="1749118145" type="Number_BCD" length="10"/>
            </Bytes></TBCD_STRING.BoxedType></groupId.BoxedType>
      <extensionContainer.Sequence>
         <privateExtensionList.C0.BoxedType>
            <Collection>
               <PrivateExtension.Sequence>
                  <extId><ObjectIdentifier>0.1.237.22.15.97.5.76.101</ObjectIdentifier></extId>
                  <extType>1d6a0c388608df5f</extType>
               </PrivateExtension.Sequence>
               <PrivateExtension.Sequence>
                  <extId><ObjectIdentifier>0.1.276.4.104.105.114.105.100.39.119</ObjectIdentifier></extId>
                  <extType>cc0c58</extType>
               </PrivateExtension.Sequence>
               <PrivateExtension.Sequence>
                  <extId><ObjectIdentifier>0.1.267.92.30.86.122.20.39</ObjectIdentifier></extId>
                  <extType>0adedeca07efa8</extType>
               </PrivateExtension.Sequence>
            </Collection>
         </privateExtensionList.C0.BoxedType>
         <pcs_Extensions.C1.Sequence>
            
         </pcs_Extensions.C1.Sequence>
      </extensionContainer.Sequence>
      <additionalSubscriptions.BoxedType><BitString><BitString value="a005ad21d3959c3d4ac43f70f2" trailing="0"/></BitString></additionalSubscriptions.BoxedType>
      <additionalInfo.C0.BoxedType><BitString><BitString value="" trailing="0"/></BitString></additionalInfo.C0.BoxedType>
      <longGroupId.C1.BoxedType><TBCD_STRING.BoxedType><Bytes>2119894592
               <field name="digits" value="1291985429" type="Number_BCD" length="10"/>
            </Bytes></TBCD_STRING.BoxedType></longGroupId.C1.BoxedType>
   </VoiceGroupCallData.Sequence>
</ASN>