<?xml version="1.0" encoding="UTF-8"?>

<ASN layer="MAP">
   <ActivateTraceModeArg.Sequence>
      <imsi.C0.BoxedType><Bytes>1241788279
            <field name="digits" value="2114872897" type="Number_BCD" length="5" />
         </Bytes></imsi.C0.BoxedType>
      <traceReference.C1>df5b2312e5</traceReference.C1>
      <traceType.C2>2</traceType.C2>
      <omc_Id.C3>ef8bf41d7632b41f56</omc_Id.C3>
      <extensionContainer.C4.Sequence>
         <privateExtensionList.C0.BoxedType>
            <Collection>
               <PrivateExtension.Sequence>
                  <extId><ObjectIdentifier>0.1.297.125.127.46.51.38.50.99.43</ObjectIdentifier></extId>
                  <extType>6809a5f6b68c</extType>
               </PrivateExtension.Sequence>
               <PrivateExtension.Sequence>
                  <extId><ObjectIdentifier>0.1.252.7.88.48.58</ObjectIdentifier></extId>
                  <extType>84</extType>
               </PrivateExtension.Sequence>
               <PrivateExtension.Sequence>
                  <extId><ObjectIdentifier>0.1.291.75.35.113.126.14.54.81</ObjectIdentifier></extId>
                  <extType>35e5127110f54ea6f040</extType>
               </PrivateExtension.Sequence>
            </Collection>
         </privateExtensionList.C0.BoxedType>
         <pcsExtensions.C1.Sequence></pcsExtensions.C1.Sequence>
      </extensionContainer.C4.Sequence>
   </ActivateTraceModeArg.Sequence>
</ASN>