<?xml version="1.0" encoding="UTF-8"?>

<ASN layer="MAP">
   <AnyTimeInterrogationArg.Sequence>
      <subscriberIdentity.C0.Choice>
         <imsi.C0.BoxedType><Bytes>2144888508
               <field name="digits" value="1244885880" type="Number_BCD" length="5" />
            </Bytes></imsi.C0.BoxedType>
         <msisdn.C1.BoxedType><Bytes>602146764812
               <field name="extension" value="extension:0" type="EnumLong" lengthBit="1" />
               <field name="nature of address" value="abbreviated number:6" type="EnumLong" lengthBit="3" />
               <field name="numbering plan" value="unknown:0" type="EnumLong" lengthBit="4" />
               <field name="digits" value="1264678421" type="Number_BCD" length="5" />
            </Bytes></msisdn.C1.BoxedType>
      </subscriberIdentity.C0.Choice>
      <requestedInfo.C1.Sequence>
         <locationInformation.C0></locationInformation.C0>
         <subscriberState.C1></subscriberState.C1>
         <extensionContainer.C2.Sequence>
            <privateExtensionList.C0.BoxedType>
               <Collection>
                  <PrivateExtension.Sequence>
                     <extId><ObjectIdentifier>0.1.2101.99.39.70.78.60.111.111.18</ObjectIdentifier></extId>
                     <extType>63414c35d5</extType>
                  </PrivateExtension.Sequence>
                  <PrivateExtension.Sequence>
                     <extId><ObjectIdentifier>0.1.2111.73.93.19.34.42.66.11</ObjectIdentifier></extId>
                     <extType>025453</extType>
                  </PrivateExtension.Sequence>
                  <PrivateExtension.Sequence>
                     <extId><ObjectIdentifier>0.1.224</ObjectIdentifier></extId>
                     <extType>0ace4b772a</extType>
                  </PrivateExtension.Sequence>
               </Collection>
            </privateExtensionList.C0.BoxedType>
            <pcsExtensions.C1.Sequence></pcsExtensions.C1.Sequence>
         </extensionContainer.C2.Sequence>
         <currentLocation.C3></currentLocation.C3>
         <requestedDomain.C4.Enum>
            <EnumType>cs_Domain.0</EnumType>
         </requestedDomain.C4.Enum>
         <imei.C6></imei.C6>
         <ms_classmark.C5></ms_classmark.C5>
         <mnpRequestedInfo.C7></mnpRequestedInfo.C7>
      </requestedInfo.C1.Sequence>
      <gsmSCF_Address.C3.BoxedType><Bytes>247141584106
            <field name="extension" value="extension:0" type="EnumLong" lengthBit="1" />
            <field name="nature of address" value="national significant number:2" type="EnumLong" lengthBit="3" />
            <field name="numbering plan" value="telex numbering plan (ITU-T Rec F.69):4" type="EnumLong" lengthBit="4" />
            <field name="digits" value="1714851460" type="Number_BCD" length="5" />
         </Bytes></gsmSCF_Address.C3.BoxedType>
      <extensionContainer.C2.Sequence>
         <privateExtensionList.C0.BoxedType>
            <Collection>
               <PrivateExtension.Sequence>
                  <extId><ObjectIdentifier>0.1.281.114.114.90.78.25</ObjectIdentifier></extId>
                  <extType>9ebc9e38934d992b</extType>
               </PrivateExtension.Sequence>
               <PrivateExtension.Sequence>
                  <extId><ObjectIdentifier>0.1.296.91.78.103.37.125</ObjectIdentifier></extId>
                  <extType>956fec1c134ae10657</extType>
               </PrivateExtension.Sequence>
               <PrivateExtension.Sequence>
                  <extId><ObjectIdentifier>0.1.249.101.106.125.126</ObjectIdentifier></extId>
                  <extType>25448208</extType>
               </PrivateExtension.Sequence>
            </Collection>
         </privateExtensionList.C0.BoxedType>
         <pcsExtensions.C1.Sequence></pcsExtensions.C1.Sequence>
      </extensionContainer.C2.Sequence>
   </AnyTimeInterrogationArg.Sequence>
</ASN>