<?xml version="1.0" encoding="UTF-8"?>

<ASN layer="MAP">
   <AnyTimeInterrogationRes.Sequence>
      <subscriberInfo.Sequence>
         <locationInformation.C0.Sequence>
            <ageOfLocationInformation.BoxedType><Integer>2 minuts:2</Integer></ageOfLocationInformation.BoxedType>
            <geographicalInformation.C0.BoxedType><Bytes>730516086e7f13e8
                  <field name="TypeOfShape" value="Reserved for future use:7" type="EnumLong" lengthBit="4" />
                  <field name="spare" value="3" type="Integer" lengthBit="4" />
                  <field name="DegreesOfLatitude" value="333320" type="Integer" length="3" />
                  <field name="DegreesOfLongitude" value="7241491" type="Integer" length="3" />
                  <field name="UncertaintyCode" value="232" type="Integer" length="1" />
               </Bytes></geographicalInformation.C0.BoxedType>
            <vlr_number.C1.BoxedType><Bytes>3775460008f8
                  <field name="extension" value="extension:0" type="EnumLong" lengthBit="1" />
                  <field name="nature of address" value="network specific number:3" type="EnumLong" lengthBit="3" />
                  <field name="numbering plan" value="spare:7" type="EnumLong" lengthBit="4" />
                  <field name="digits" value="576400808" type="Number_BCD" lengthBit="36" />
               </Bytes></vlr_number.C1.BoxedType>
            <locationNumber.C2.BoxedType><Bytes>f2f251293217
                  <field name="Odd/even (O/E)" value="odd number of address signals:1" type="EnumLong" lengthBit="1" />
                  <field name="Nature of address" value="reserved for national use:114" type="EnumLong" lengthBit="7" />
                  <field name="Internal Network Number (INN)" value="routing to internal number not allowed:1" type="EnumLong" lengthBit="1" />
                  <field name="Numbering plan" value="spare:7" type="EnumLong" lengthBit="3" />
                  <field name="Address presentation restricted" value="presentation allowed:0" type="EnumLong" lengthBit="2" />
                  <field name="Screening" value="reserved:2" type="EnumLong" lengthBit="2" />
                  <field name="digits" value="15922371" type="Number_BCD" length="4" />
               </Bytes></locationNumber.C2.BoxedType>
            <cellGlobalIdOrServiceAreaIdOrLAI.C3.Choice>
               <cellGlobalIdOrServiceAreaIdFixedLength.C0.BoxedType><Bytes>5118912c0fdebd
                     <field name="MMC" value="158,191" type="NumberMMC" length="3" />
                     <field name="LAC" value="11279" type="Integer" length="2" />
                     <field name="CI_SAC" value="57021" type="Integer" length="2" />
                  </Bytes></cellGlobalIdOrServiceAreaIdFixedLength.C0.BoxedType>
               <laiFixedLength.C1.BoxedType><Bytes>719502ae25
                     <field name="MMC" value="175,209" type="NumberMMC" length="3" />
                     <field name="LAC" value="44581" type="Integer" length="2" />
                  </Bytes></laiFixedLength.C1.BoxedType>
            </cellGlobalIdOrServiceAreaIdOrLAI.C3.Choice>
            <extensionContainer.C4.Sequence>
               <privateExtensionList.C0.BoxedType>
                  <Collection>
                     <PrivateExtension.Sequence>
                        <extId><ObjectIdentifier>0.1.212.77</ObjectIdentifier></extId>
                        <extType>87de</extType>
                     </PrivateExtension.Sequence>
                     <PrivateExtension.Sequence>
                        <extId><ObjectIdentifier>0.1.2120</ObjectIdentifier></extId>
                        <extType>016a41d987dcbe10a4</extType>
                     </PrivateExtension.Sequence>
                     <PrivateExtension.Sequence>
                        <extId><ObjectIdentifier>0.1.222.98.3.115.125.81.63.38</ObjectIdentifier></extId>
                        <extType>9afd</extType>
                     </PrivateExtension.Sequence>
                  </Collection>
               </privateExtensionList.C0.BoxedType>
               <pcsExtensions.C1.Sequence></pcsExtensions.C1.Sequence>
            </extensionContainer.C4.Sequence>
            <selectedLSA_Id.C5.BoxedType><Bytes>a7d0a1
                  <field name="LSA type" value="Universal LSA number:1" type="EnumLong" lengthBit="1" />
                  <field name="Identifier" value="2609313" type="Integer" lengthBit="23" />
               </Bytes></selectedLSA_Id.C5.BoxedType>
            <msc_Number.C6.BoxedType><Bytes>ed6178981037
                  <field name="extension" value="no extension:1" type="EnumLong" lengthBit="1" />
                  <field name="nature of address" value="abbreviated number:6" type="EnumLong" lengthBit="3" />
                  <field name="numbering plan" value="13" type="EnumLong" lengthBit="4" />
                  <field name="digits" value="1687890173" type="Number_BCD" length="5" />
               </Bytes></msc_Number.C6.BoxedType>
            <geodeticInformation.C7.BoxedType><Bytes>2cf9bd77d8d6491b0f29
                  <field name="spare" value="2" type="Integer" lengthBit="4" />
                  <field name="LPRI" value="spare:3" type="EnumLong" lengthBit="2" />
                  <field name="screnning" value="user provided, not verified:0" type="EnumLong" lengthBit="2" />
                  <field name="ext" value="1" type="Integer" lengthBit="1" />
                  <field name="TypeOfShape" value="reserved for national use:121" type="EnumLong" lengthBit="7" />
                  <field name="DegreesOfLatitude" value="12416984" type="Integer" length="3" />
                  <field name="DegreesOfLongitude" value="14043419" type="Integer" length="3" />
                  <field name="UncertaintyCode" value="15" type="Integer" length="1" />
                  <field name="Confidence" value="41" type="Integer" length="1" />
               </Bytes></geodeticInformation.C7.BoxedType>
            <currentLocationRetrieved.C8></currentLocationRetrieved.C8>
            <sai_Present.C9></sai_Present.C9>
         </locationInformation.C0.Sequence>
         <subscriberState.C1.Choice>
            <assumedIdle.C0></assumedIdle.C0>
            <camelBusy.C1></camelBusy.C1>
            <notProvidedFromVLR.C2></notProvidedFromVLR.C2>
         </subscriberState.C1.Choice>
         <extensionContainer.C2.Sequence>
            <privateExtensionList.C0.BoxedType>
               <Collection>
                  <PrivateExtension.Sequence>
                     <extId><ObjectIdentifier>0.1.2109.77.100.27.87.98</ObjectIdentifier></extId>
                     <extType>9e9e5c548a09be</extType>
                  </PrivateExtension.Sequence>
                  <PrivateExtension.Sequence>
                     <extId><ObjectIdentifier>0.1.237.26.80.77.42.64.18</ObjectIdentifier></extId>
                     <extType>b5afff</extType>
                  </PrivateExtension.Sequence>
                  <PrivateExtension.Sequence>
                     <extId><ObjectIdentifier>0.1.223.12</ObjectIdentifier></extId>
                     <extType>76648c08</extType>
                  </PrivateExtension.Sequence>
               </Collection>
            </privateExtensionList.C0.BoxedType>
            <pcsExtensions.C1.Sequence></pcsExtensions.C1.Sequence>
         </extensionContainer.C2.Sequence>
         <locationInformationGPRS.C3.Sequence>
            <cellGlobalIdOrServiceAreaIdOrLAI.C0.Choice>
               <cellGlobalIdOrServiceAreaIdFixedLength.C0.BoxedType><Bytes>510141bc723655
                     <field name="MMC" value="151,140" type="NumberMMC" length="3" />
                     <field name="LAC" value="48242" type="Integer" length="2" />
                     <field name="CI_SAC" value="13909" type="Integer" length="2" />
                  </Bytes></cellGlobalIdOrServiceAreaIdFixedLength.C0.BoxedType>
               <laiFixedLength.C1.BoxedType><Bytes>32f566b9ac
                     <field name="MMC" value="235,66" type="NumberMMC" length="3" />
                     <field name="LAC" value="47532" type="Integer" length="2" />
                  </Bytes></laiFixedLength.C1.BoxedType>
            </cellGlobalIdOrServiceAreaIdOrLAI.C0.Choice>
            <routeingAreaIdentity.C1.BoxedType><Bytes>81f0135135af
                  <field name="MMC" value="180,31" type="NumberMMC" length="3" />
                  <field name="LAC" value="20789" type="Integer" length="2" />
                  <field name="RAC" value="175" type="Integer" length="1" />
               </Bytes></routeingAreaIdentity.C1.BoxedType>
            <geographicalInformation.C2.BoxedType><Bytes>8878da4429d98d85
                  <field name="TypeOfShape" value="Ellipsoid point with altitude:8" type="EnumLong" lengthBit="4" />
                  <field name="spare" value="8" type="Integer" lengthBit="4" />
                  <field name="DegreesOfLatitude" value="7920196" type="Integer" length="3" />
                  <field name="DegreesOfLongitude" value="2742669" type="Integer" length="3" />
                  <field name="UncertaintyCode" value="133" type="Integer" length="1" />
               </Bytes></geographicalInformation.C2.BoxedType>
            <sgsn_Number.C3.BoxedType><Bytes>0498703938
                  <field name="extension" value="extension:0" type="EnumLong" lengthBit="1" />
                  <field name="nature of address" value="unknown:0" type="EnumLong" lengthBit="3" />
                  <field name="numbering plan" value="telex numbering plan (ITU-T Rec F.69):4" type="EnumLong" lengthBit="4" />
                  <field name="digits" value="89079383" type="Number_BCD" length="4" />
               </Bytes></sgsn_Number.C3.BoxedType>
            <selectedLSAIdentity.C4.BoxedType><Bytes>e5f4b7
                  <field name="LSA type" value="Universal LSA number:1" type="EnumLong" lengthBit="1" />
                  <field name="Identifier" value="6681783" type="Integer" lengthBit="23" />
               </Bytes></selectedLSAIdentity.C4.BoxedType>
            <extensionContainer.C5.Sequence>
               <privateExtensionList.C0.BoxedType>
                  <Collection>
                     <PrivateExtension.Sequence>
                        <extId><ObjectIdentifier>0.1.2126.103.120.36.4.88.77.73.126</ObjectIdentifier></extId>
                        <extType>dfef</extType>
                     </PrivateExtension.Sequence>
                     <PrivateExtension.Sequence>
                        <extId><ObjectIdentifier>0.1.254</ObjectIdentifier></extId>
                        <extType>75e8b694</extType>
                     </PrivateExtension.Sequence>
                     <PrivateExtension.Sequence>
                        <extId><ObjectIdentifier>0.1.2127.70.13.63.94.72.47.54.99</ObjectIdentifier></extId>
                        <extType>956686786f71</extType>
                     </PrivateExtension.Sequence>
                  </Collection>
               </privateExtensionList.C0.BoxedType>
               <pcsExtensions.C1.Sequence></pcsExtensions.C1.Sequence>
            </extensionContainer.C5.Sequence>
            <sai_Present.C6></sai_Present.C6>
            <geodeticInformation.C7.BoxedType><Bytes>6a57eb7fb29e9e9a7c4c
                  <field name="spare" value="6" type="Integer" lengthBit="4" />
                  <field name="LPRI" value="location not available (Note):2" type="EnumLong" lengthBit="2" />
                  <field name="screnning" value="user provided, verified and failed:2" type="EnumLong" lengthBit="2" />
                  <field name="ext" value="0" type="Integer" lengthBit="1" />
                  <field name="TypeOfShape" value="reserved for national use:87" type="EnumLong" lengthBit="7" />
                  <field name="DegreesOfLatitude" value="15433650" type="Integer" length="3" />
                  <field name="DegreesOfLongitude" value="10395290" type="Integer" length="3" />
                  <field name="UncertaintyCode" value="124" type="Integer" length="1" />
                  <field name="Confidence" value="76" type="Integer" length="1" />
               </Bytes></geodeticInformation.C7.BoxedType>
            <currentLocationRetrieved.C8></currentLocationRetrieved.C8>
            <ageOfLocationInformation.C9.BoxedType><Integer>0 minut = currently in contact:0</Integer></ageOfLocationInformation.C9.BoxedType>
         </locationInformationGPRS.C3.Sequence>
         <ps_SubscriberState.C4.Choice>
            <notProvidedFromSGSN.C0></notProvidedFromSGSN.C0>
            <ps_Detached.C1></ps_Detached.C1>
            <ps_AttachedNotReachableForPaging.C2></ps_AttachedNotReachableForPaging.C2>
            <ps_AttachedReachableForPaging.C3></ps_AttachedReachableForPaging.C3>
            <ps_PDP_ActiveNotReachableForPaging.C4.BoxedType>
               <Collection>
                  <PDP_ContextInfo.Sequence>
                     <pdp_ContextIdentifier.C0.BoxedType><Integer>2</Integer></pdp_ContextIdentifier.C0.BoxedType>
                     <pdp_ContextActive.C1></pdp_ContextActive.C1>
                     <pdp_Type.C2.BoxedType><Bytes>8a01
                           <field name="spare" value="8" type="Integer" lengthBit="4" />
                           <field name="PDP type organisation" value="reserved:10" type="EnumLong" lengthBit="4" />
                           <field name="PDP type number" value="PPP:1" type="EnumLong" length="1" />
                        </Bytes></pdp_Type.C2.BoxedType>
                     <pdp_Address.C3.BoxedType><Bytes>2ac48bce
                           <field name="IPV4  address" value="42.196.139.206" type="IPV4Address" length="4" />
                        </Bytes></pdp_Address.C3.BoxedType>
                     <apn_Subscribed.C4.BoxedType><Bytes>57456378794c4a
                           <field name="DNS string" value="WEcxyLJ" type="String" lengthBit="28" />
                        </Bytes></apn_Subscribed.C4.BoxedType>
                     <apn_InUse.C5.BoxedType><Bytes>36665532684e7a344f
                           <field name="DNS string" value="6fU2hNz4O" type="String" lengthBit="36" />
                        </Bytes></apn_InUse.C5.BoxedType>
                     <nsapi.C6.BoxedType><Integer>0</Integer></nsapi.C6.BoxedType>
                     <transactionId.C7.BoxedType><Bytes>50c3
                           <field name="TI flag" value="The message is sent from the side that originates the TI:0" type="EnumLong" lengthBit="1" />
                           <field name="TIO" value="5" type="Integer" lengthBit="3" />
                           <field name="NA" value="0" type="Integer" lengthBit="4" />
                           <field name="Ext" value="1" type="Integer" lengthBit="1" />
                           <field name="TIE" value="67" type="Integer" lengthBit="7" />
                        </Bytes></transactionId.C7.BoxedType>
                     <teid_ForGnAndGp.C8.BoxedType><Bytes>47d47860
                           <field name="TEID" value="1205106784" type="Integer" length="4" />
                        </Bytes></teid_ForGnAndGp.C8.BoxedType>
                     <teid_ForIu.C9.BoxedType><Bytes>9af597fc
                           <field name="TEID" value="2599786492" type="Integer" length="4" />
                        </Bytes></teid_ForIu.C9.BoxedType>
                     <ggsn_Address.C10.BoxedType><Bytes>66deac940a
                           <field name="Address type" value="IPV6:1" type="EnumLong" lengthBit="2" />
                           <field name="AddressLength" value="38" type="Integer" lengthBit="6" />
                           <field name="IPV4 address" value="222.172.148.10" type="IPV4Address" length="4" />
                        </Bytes></ggsn_Address.C10.BoxedType>
                     <qos_Subscribed.C11.BoxedType><Bytes>960a8898c7cea8f29a
                           <field name="Allocation/Retention Priority" value="150" type="Integer" length="1" />
                           <field name="Traffic class" value="Subscribed traffic class / Reserved:0" type="EnumLong" lengthBit="3" />
                           <field name="Delivery class" value="With delivery order ('yes'):1" type="EnumLong" lengthBit="2" />
                           <field name="Delivery erroneous SDUs" value="Erroneous SDUs are delivered ('yes'):2" type="EnumLong" lengthBit="3" />
                           <field name="Maximum SDU size" value="136" type="Integer" length="1" />
                           <field name="Maximum bitrate uplink" value="152" type="Integer" length="1" />
                           <field name="Maximum bitrate downlink" value="199" type="Integer" length="1" />
                           <field name="SDU error ratio" value="Reserved:12" type="EnumLong" lengthBit="4" />
                           <field name="Residual BER" value="Reserved:14" type="EnumLong" lengthBit="4" />
                           <field name="Transfer delay" value="42" type="Integer" lengthBit="6" />
                           <field name="Traffic handling priority" value="Subscribed traffic handling priority / Reserved:0" type="EnumLong" lengthBit="2" />
                           <field name="Guaranteed bitrate uplink" value="242" type="Integer" length="1" />
                           <field name="Guaranteed bitrate downlink" value="154" type="Integer" length="1" />
                        </Bytes></qos_Subscribed.C11.BoxedType>
                     <qos_Requested.C12.BoxedType><Bytes>e9e2e6f6cd946debe6
                           <field name="Allocation/Retention Priority" value="233" type="Integer" length="1" />
                           <field name="Traffic class" value="Reserved:7" type="EnumLong" lengthBit="3" />
                           <field name="Delivery class" value="Subscribed delivery class / Reserved:0" type="EnumLong" lengthBit="2" />
                           <field name="Delivery erroneous SDUs" value="Erroneous SDUs are delivered ('yes'):2" type="EnumLong" lengthBit="3" />
                           <field name="Maximum SDU size" value="230" type="Integer" length="1" />
                           <field name="Maximum bitrate uplink" value="246" type="Integer" length="1" />
                           <field name="Maximum bitrate downlink" value="205" type="Integer" length="1" />
                           <field name="SDU error ratio" value="Reserved:9" type="EnumLong" lengthBit="4" />
                           <field name="Residual BER" value="4*10 power -3:4" type="EnumLong" lengthBit="4" />
                           <field name="Transfer delay" value="27" type="Integer" lengthBit="6" />
                           <field name="Traffic handling priority" value="Priority level 1:1" type="EnumLong" lengthBit="2" />
                           <field name="Guaranteed bitrate uplink" value="235" type="Integer" length="1" />
                           <field name="Guaranteed bitrate downlink" value="230" type="Integer" length="1" />
                        </Bytes></qos_Requested.C12.BoxedType>
                     <qos_Negotiated.C13.BoxedType><Bytes>afcd509919dcd847a6
                           <field name="Allocation/Retention Priority" value="175" type="Integer" length="1" />
                           <field name="Traffic class" value="Reserved:6" type="EnumLong" lengthBit="3" />
                           <field name="Delivery class" value="With delivery order ('yes'):1" type="EnumLong" lengthBit="2" />
                           <field name="Delivery erroneous SDUs" value="Reserved:5" type="EnumLong" lengthBit="3" />
                           <field name="Maximum SDU size" value="80" type="Integer" length="1" />
                           <field name="Maximum bitrate uplink" value="153" type="Integer" length="1" />
                           <field name="Maximum bitrate downlink" value="25" type="Integer" length="1" />
                           <field name="SDU error ratio" value="Reserved:13" type="EnumLong" lengthBit="4" />
                           <field name="Residual BER" value="Reserved:12" type="EnumLong" lengthBit="4" />
                           <field name="Transfer delay" value="54" type="Integer" lengthBit="6" />
                           <field name="Traffic handling priority" value="Subscribed traffic handling priority / Reserved:0" type="EnumLong" lengthBit="2" />
                           <field name="Guaranteed bitrate uplink" value="71" type="Integer" length="1" />
                           <field name="Guaranteed bitrate downlink" value="166" type="Integer" length="1" />
                        </Bytes></qos_Negotiated.C13.BoxedType>
                     <chargingId.C14.BoxedType><Bytes>efef0820
                           <field name="Charging ID" value="4025419808" type="Integer" length="4" />
                        </Bytes></chargingId.C14.BoxedType>
                     <chargingCharacteristics.C15.BoxedType><Bytes>fafc
                           <field name="Reserved" value="15" type="Integer" lengthBit="4" />
                           <field name="N flag" value="1" type="Integer" lengthBit="1" />
                           <field name="P flag" value="0" type="Integer" lengthBit="1" />
                           <field name="F flag" value="1" type="Integer" lengthBit="1" />
                           <field name="H flag" value="0" type="Integer" lengthBit="1" />
                           <field name="Charging Value" value="252" type="Integer" length="1" />
                        </Bytes></chargingCharacteristics.C15.BoxedType>
                     <rnc_Address.C16.BoxedType><Bytes>109f3e61a2
                           <field name="Address type" value="IPV4:0" type="EnumLong" lengthBit="2" />
                           <field name="AddressLength" value="16" type="Integer" lengthBit="6" />
                           <field name="IPV4 address" value="159.62.97.162" type="IPV4Address" length="4" />
                        </Bytes></rnc_Address.C16.BoxedType>
                     <extensionContainer.C17.Sequence>
                        <privateExtensionList.C0.BoxedType>
                           <Collection>
                              <PrivateExtension.Sequence>
                                 <extId><ObjectIdentifier>0.1.2116.100.16</ObjectIdentifier></extId>
                                 <extType>f02132</extType>
                              </PrivateExtension.Sequence>
                              <PrivateExtension.Sequence>
                                 <extId><ObjectIdentifier>0.1.250.120.62.86.47</ObjectIdentifier></extId>
                                 <extType>6c50358ebabf4f</extType>
                              </PrivateExtension.Sequence>
                              <PrivateExtension.Sequence>
                                 <extId><ObjectIdentifier>0.1.2116.39.55.27.25.6.41.128.124.25</ObjectIdentifier></extId>
                                 <extType>632d</extType>
                              </PrivateExtension.Sequence>
                           </Collection>
                        </privateExtensionList.C0.BoxedType>
                        <pcsExtensions.C1.Sequence></pcsExtensions.C1.Sequence>
                     </extensionContainer.C17.Sequence>
                     <qos2_Subscribed.C18.BoxedType><Bytes>88a0fefc1c
                           <field name="spare" value="4" type="Integer" lengthBit="3" />
                           <field name="Signalling Indication" value="Not optimised for signalling traffic:0" type="EnumLong" lengthBit="1" />
                           <field name="Source Statistics Descriptor" value="unknown:8" type="EnumLong" lengthBit="4" />
                           <field name="Maximum bitrate downlink (extended)" value="160" type="Integer" length="1" />
                           <field name="Guaranteed bitrate downlink (extended)" value="254" type="Integer" length="1" />
                           <field name="Maximum bitrate uplink (extended)" value="252" type="Integer" length="1" />
                           <field name="Guaranteed bitrate uplink (extended)" value="28" type="Integer" length="1" />
                        </Bytes></qos2_Subscribed.C18.BoxedType>
                     <qos2_Requested.C19.BoxedType><Bytes>06213a8ad2
                           <field name="spare" value="0" type="Integer" lengthBit="3" />
                           <field name="Signalling Indication" value="Not optimised for signalling traffic:0" type="EnumLong" lengthBit="1" />
                           <field name="Source Statistics Descriptor" value="unknown:6" type="EnumLong" lengthBit="4" />
                           <field name="Maximum bitrate downlink (extended)" value="33" type="Integer" length="1" />
                           <field name="Guaranteed bitrate downlink (extended)" value="58" type="Integer" length="1" />
                           <field name="Maximum bitrate uplink (extended)" value="138" type="Integer" length="1" />
                           <field name="Guaranteed bitrate uplink (extended)" value="210" type="Integer" length="1" />
                        </Bytes></qos2_Requested.C19.BoxedType>
                     <qos2_Negotiated.C20.BoxedType><Bytes>589956a83e
                           <field name="spare" value="2" type="Integer" lengthBit="3" />
                           <field name="Signalling Indication" value="Optimised for signalling traffic:1" type="EnumLong" lengthBit="1" />
                           <field name="Source Statistics Descriptor" value="unknown:8" type="EnumLong" lengthBit="4" />
                           <field name="Maximum bitrate downlink (extended)" value="153" type="Integer" length="1" />
                           <field name="Guaranteed bitrate downlink (extended)" value="86" type="Integer" length="1" />
                           <field name="Maximum bitrate uplink (extended)" value="168" type="Integer" length="1" />
                           <field name="Guaranteed bitrate uplink (extended)" value="62" type="Integer" length="1" />
                        </Bytes></qos2_Negotiated.C20.BoxedType>
                  </PDP_ContextInfo.Sequence>
                  <PDP_ContextInfo.Sequence>
                     <pdp_ContextIdentifier.C0.BoxedType><Integer>2</Integer></pdp_ContextIdentifier.C0.BoxedType>
                     <pdp_ContextActive.C1></pdp_ContextActive.C1>
                     <pdp_Type.C2.BoxedType><Bytes>50e3
                           <field name="spare" value="5" type="Integer" lengthBit="4" />
                           <field name="PDP type organisation" value="ETSI:0" type="EnumLong" lengthBit="4" />
                           <field name="PDP type number" value="227" type="EnumLong" length="1" />
                        </Bytes></pdp_Type.C2.BoxedType>
                     <pdp_Address.C3.BoxedType><Bytes>20c53e64
                           <field name="IPV4  address" value="32.197.62.100" type="IPV4Address" length="4" />
                        </Bytes></pdp_Address.C3.BoxedType>
                     <apn_Subscribed.C4.BoxedType><Bytes>73
                           <field name="DNS string" value="s" type="String" lengthBit="4" />
                        </Bytes></apn_Subscribed.C4.BoxedType>
                     <apn_InUse.C5.BoxedType><Bytes>51
                           <field name="DNS string" value="Q" type="String" lengthBit="4" />
                        </Bytes></apn_InUse.C5.BoxedType>
                     <nsapi.C6.BoxedType><Integer>1</Integer></nsapi.C6.BoxedType>
                     <transactionId.C7.BoxedType><Bytes>bdd3
                           <field name="TI flag" value="The message is sent to the side that originates the TI:1" type="EnumLong" lengthBit="1" />
                           <field name="TIO" value="3" type="Integer" lengthBit="3" />
                           <field name="NA" value="13" type="Integer" lengthBit="4" />
                           <field name="Ext" value="1" type="Integer" lengthBit="1" />
                           <field name="TIE" value="83" type="Integer" lengthBit="7" />
                        </Bytes></transactionId.C7.BoxedType>
                     <teid_ForGnAndGp.C8.BoxedType><Bytes>9f0e96bd
                           <field name="TEID" value="2668533437" type="Integer" length="4" />
                        </Bytes></teid_ForGnAndGp.C8.BoxedType>
                     <teid_ForIu.C9.BoxedType><Bytes>96869fd9
                           <field name="TEID" value="2525405145" type="Integer" length="4" />
                        </Bytes></teid_ForIu.C9.BoxedType>
                     <ggsn_Address.C10.BoxedType><Bytes>1756135eb4
                           <field name="Address type" value="IPV4:0" type="EnumLong" lengthBit="2" />
                           <field name="AddressLength" value="23" type="Integer" lengthBit="6" />
                           <field name="IPV4 address" value="86.19.94.180" type="IPV4Address" length="4" />
                        </Bytes></ggsn_Address.C10.BoxedType>
                     <qos_Subscribed.C11.BoxedType><Bytes>ad4c7760d7967d97b6
                           <field name="Allocation/Retention Priority" value="173" type="Integer" length="1" />
                           <field name="Traffic class" value="Streaming class:2" type="EnumLong" lengthBit="3" />
                           <field name="Delivery class" value="With delivery order ('yes'):1" type="EnumLong" lengthBit="2" />
                           <field name="Delivery erroneous SDUs" value="Reserved:4" type="EnumLong" lengthBit="3" />
                           <field name="Maximum SDU size" value="119" type="Integer" length="1" />
                           <field name="Maximum bitrate uplink" value="96" type="Integer" length="1" />
                           <field name="Maximum bitrate downlink" value="215" type="Integer" length="1" />
                           <field name="SDU error ratio" value="Reserved:9" type="EnumLong" lengthBit="4" />
                           <field name="Residual BER" value="1*10 power -4:6" type="EnumLong" lengthBit="4" />
                           <field name="Transfer delay" value="31" type="Integer" lengthBit="6" />
                           <field name="Traffic handling priority" value="Priority level 1:1" type="EnumLong" lengthBit="2" />
                           <field name="Guaranteed bitrate uplink" value="151" type="Integer" length="1" />
                           <field name="Guaranteed bitrate downlink" value="182" type="Integer" length="1" />
                        </Bytes></qos_Subscribed.C11.BoxedType>
                     <qos_Requested.C12.BoxedType><Bytes>6f150fc4893dd914b4
                           <field name="Allocation/Retention Priority" value="111" type="Integer" length="1" />
                           <field name="Traffic class" value="Subscribed traffic class / Reserved:0" type="EnumLong" lengthBit="3" />
                           <field name="Delivery class" value="Without delivery order ('no'):2" type="EnumLong" lengthBit="2" />
                           <field name="Delivery erroneous SDUs" value="Reserved:5" type="EnumLong" lengthBit="3" />
                           <field name="Maximum SDU size" value="15" type="Integer" length="1" />
                           <field name="Maximum bitrate uplink" value="196" type="Integer" length="1" />
                           <field name="Maximum bitrate downlink" value="137" type="Integer" length="1" />
                           <field name="SDU error ratio" value="1*10 power -3:3" type="EnumLong" lengthBit="4" />
                           <field name="Residual BER" value="Reserved:13" type="EnumLong" lengthBit="4" />
                           <field name="Transfer delay" value="54" type="Integer" lengthBit="6" />
                           <field name="Traffic handling priority" value="Priority level 1:1" type="EnumLong" lengthBit="2" />
                           <field name="Guaranteed bitrate uplink" value="20" type="Integer" length="1" />
                           <field name="Guaranteed bitrate downlink" value="180" type="Integer" length="1" />
                        </Bytes></qos_Requested.C12.BoxedType>
                     <qos_Negotiated.C13.BoxedType><Bytes>9b89c88a364db1923d
                           <field name="Allocation/Retention Priority" value="155" type="Integer" length="1" />
                           <field name="Traffic class" value="Background class:4" type="EnumLong" lengthBit="3" />
                           <field name="Delivery class" value="With delivery order ('yes'):1" type="EnumLong" lengthBit="2" />
                           <field name="Delivery erroneous SDUs" value="No detect ('-'):1" type="EnumLong" lengthBit="3" />
                           <field name="Maximum SDU size" value="200" type="Integer" length="1" />
                           <field name="Maximum bitrate uplink" value="138" type="Integer" length="1" />
                           <field name="Maximum bitrate downlink" value="54" type="Integer" length="1" />
                           <field name="SDU error ratio" value="1*10 power -4:4" type="EnumLong" lengthBit="4" />
                           <field name="Residual BER" value="Reserved:13" type="EnumLong" lengthBit="4" />
                           <field name="Transfer delay" value="44" type="Integer" lengthBit="6" />
                           <field name="Traffic handling priority" value="Priority level 1:1" type="EnumLong" lengthBit="2" />
                           <field name="Guaranteed bitrate uplink" value="146" type="Integer" length="1" />
                           <field name="Guaranteed bitrate downlink" value="61" type="Integer" length="1" />
                        </Bytes></qos_Negotiated.C13.BoxedType>
                     <chargingId.C14.BoxedType><Bytes>5cf63c5a
                           <field name="Charging ID" value="1559641178" type="Integer" length="4" />
                        </Bytes></chargingId.C14.BoxedType>
                     <chargingCharacteristics.C15.BoxedType><Bytes>ca51
                           <field name="Reserved" value="12" type="Integer" lengthBit="4" />
                           <field name="N flag" value="1" type="Integer" lengthBit="1" />
                           <field name="P flag" value="0" type="Integer" lengthBit="1" />
                           <field name="F flag" value="1" type="Integer" lengthBit="1" />
                           <field name="H flag" value="0" type="Integer" lengthBit="1" />
                           <field name="Charging Value" value="81" type="Integer" length="1" />
                        </Bytes></chargingCharacteristics.C15.BoxedType>
                     <rnc_Address.C16.BoxedType><Bytes>0a4e47f597
                           <field name="Address type" value="IPV4:0" type="EnumLong" lengthBit="2" />
                           <field name="AddressLength" value="10" type="Integer" lengthBit="6" />
                           <field name="IPV4 address" value="78.71.245.151" type="IPV4Address" length="4" />
                        </Bytes></rnc_Address.C16.BoxedType>
                     <extensionContainer.C17.Sequence>
                        <privateExtensionList.C0.BoxedType>
                           <Collection>
                              <PrivateExtension.Sequence>
                                 <extId><ObjectIdentifier>0.1.2107.115.88.44.103.119.117</ObjectIdentifier></extId>
                                 <extType>4bf7bdf7821e5878918d</extType>
                              </PrivateExtension.Sequence>
                              <PrivateExtension.Sequence>
                                 <extId><ObjectIdentifier>0.1.231.24.30.2.17.8.116.124.59</ObjectIdentifier></extId>
                                 <extType>2b55572cf5a844</extType>
                              </PrivateExtension.Sequence>
                              <PrivateExtension.Sequence>
                                 <extId><ObjectIdentifier>0.1.2107.114.57.99.107.94.29.15</ObjectIdentifier></extId>
                                 <extType>34544d5239e0a09af4</extType>
                              </PrivateExtension.Sequence>
                           </Collection>
                        </privateExtensionList.C0.BoxedType>
                        <pcsExtensions.C1.Sequence></pcsExtensions.C1.Sequence>
                     </extensionContainer.C17.Sequence>
                     <qos2_Subscribed.C18.BoxedType><Bytes>8276ea1cc6
                           <field name="spare" value="4" type="Integer" lengthBit="3" />
                           <field name="Signalling Indication" value="Not optimised for signalling traffic:0" type="EnumLong" lengthBit="1" />
                           <field name="Source Statistics Descriptor" value="unknown:2" type="EnumLong" lengthBit="4" />
                           <field name="Maximum bitrate downlink (extended)" value="118" type="Integer" length="1" />
                           <field name="Guaranteed bitrate downlink (extended)" value="234" type="Integer" length="1" />
                           <field name="Maximum bitrate uplink (extended)" value="28" type="Integer" length="1" />
                           <field name="Guaranteed bitrate uplink (extended)" value="198" type="Integer" length="1" />
                        </Bytes></qos2_Subscribed.C18.BoxedType>
                     <qos2_Requested.C19.BoxedType><Bytes>476787d5a0
                           <field name="spare" value="2" type="Integer" lengthBit="3" />
                           <field name="Signalling Indication" value="Not optimised for signalling traffic:0" type="EnumLong" lengthBit="1" />
                           <field name="Source Statistics Descriptor" value="unknown:7" type="EnumLong" lengthBit="4" />
                           <field name="Maximum bitrate downlink (extended)" value="103" type="Integer" length="1" />
                           <field name="Guaranteed bitrate downlink (extended)" value="135" type="Integer" length="1" />
                           <field name="Maximum bitrate uplink (extended)" value="213" type="Integer" length="1" />
                           <field name="Guaranteed bitrate uplink (extended)" value="160" type="Integer" length="1" />
                        </Bytes></qos2_Requested.C19.BoxedType>
                     <qos2_Negotiated.C20.BoxedType><Bytes>4563ee0c91
                           <field name="spare" value="2" type="Integer" lengthBit="3" />
                           <field name="Signalling Indication" value="Not optimised for signalling traffic:0" type="EnumLong" lengthBit="1" />
                           <field name="Source Statistics Descriptor" value="unknown:5" type="EnumLong" lengthBit="4" />
                           <field name="Maximum bitrate downlink (extended)" value="99" type="Integer" length="1" />
                           <field name="Guaranteed bitrate downlink (extended)" value="238" type="Integer" length="1" />
                           <field name="Maximum bitrate uplink (extended)" value="12" type="Integer" length="1" />
                           <field name="Guaranteed bitrate uplink (extended)" value="145" type="Integer" length="1" />
                        </Bytes></qos2_Negotiated.C20.BoxedType>
                  </PDP_ContextInfo.Sequence>
                  <PDP_ContextInfo.Sequence>
                     <pdp_ContextIdentifier.C0.BoxedType><Integer>1</Integer></pdp_ContextIdentifier.C0.BoxedType>
                     <pdp_ContextActive.C1></pdp_ContextActive.C1>
                     <pdp_Type.C2.BoxedType><Bytes>bb36
                           <field name="spare" value="11" type="Integer" lengthBit="4" />
                           <field name="PDP type organisation" value="reserved:11" type="EnumLong" lengthBit="4" />
                           <field name="PDP type number" value="54" type="EnumLong" length="1" />
                        </Bytes></pdp_Type.C2.BoxedType>
                     <pdp_Address.C3.BoxedType><Bytes>4ea884dd
                           <field name="IPV4  address" value="78.168.132.221" type="IPV4Address" length="4" />
                        </Bytes></pdp_Address.C3.BoxedType>
                     <apn_Subscribed.C4.BoxedType><Bytes>5976574d7250
                           <field name="DNS string" value="YvWMrP" type="String" length="3" />
                        </Bytes></apn_Subscribed.C4.BoxedType>
                     <apn_InUse.C5.BoxedType><Bytes>5765587470
                           <field name="DNS string" value="WeXtp" type="String" lengthBit="20" />
                        </Bytes></apn_InUse.C5.BoxedType>
                     <nsapi.C6.BoxedType><Integer>1</Integer></nsapi.C6.BoxedType>
                     <transactionId.C7.BoxedType><Bytes>4cc4
                           <field name="TI flag" value="The message is sent from the side that originates the TI:0" type="EnumLong" lengthBit="1" />
                           <field name="TIO" value="4" type="Integer" lengthBit="3" />
                           <field name="NA" value="12" type="Integer" lengthBit="4" />
                           <field name="Ext" value="1" type="Integer" lengthBit="1" />
                           <field name="TIE" value="68" type="Integer" lengthBit="7" />
                        </Bytes></transactionId.C7.BoxedType>
                     <teid_ForGnAndGp.C8.BoxedType><Bytes>7139de15
                           <field name="TEID" value="1899617813" type="Integer" length="4" />
                        </Bytes></teid_ForGnAndGp.C8.BoxedType>
                     <teid_ForIu.C9.BoxedType><Bytes>2922bd59
                           <field name="TEID" value="690142553" type="Integer" length="4" />
                        </Bytes></teid_ForIu.C9.BoxedType>
                     <ggsn_Address.C10.BoxedType><Bytes>1348ed7878
                           <field name="Address type" value="IPV4:0" type="EnumLong" lengthBit="2" />
                           <field name="AddressLength" value="19" type="Integer" lengthBit="6" />
                           <field name="IPV4 address" value="72.237.120.120" type="IPV4Address" length="4" />
                        </Bytes></ggsn_Address.C10.BoxedType>
                     <qos_Subscribed.C11.BoxedType><Bytes>3e1b4917601158a1fd
                           <field name="Allocation/Retention Priority" value="62" type="Integer" length="1" />
                           <field name="Traffic class" value="Subscribed traffic class / Reserved:0" type="EnumLong" lengthBit="3" />
                           <field name="Delivery class" value="Reserved:3" type="EnumLong" lengthBit="2" />
                           <field name="Delivery erroneous SDUs" value="Erroneous SDUs are not delivered ('no'):3" type="EnumLong" lengthBit="3" />
                           <field name="Maximum SDU size" value="73" type="Integer" length="1" />
                           <field name="Maximum bitrate uplink" value="23" type="Integer" length="1" />
                           <field name="Maximum bitrate downlink" value="96" type="Integer" length="1" />
                           <field name="SDU error ratio" value="1*10 power -2:1" type="EnumLong" lengthBit="4" />
                           <field name="Residual BER" value="5*10 power -2:1" type="EnumLong" lengthBit="4" />
                           <field name="Transfer delay" value="22" type="Integer" lengthBit="6" />
                           <field name="Traffic handling priority" value="Subscribed traffic handling priority / Reserved:0" type="EnumLong" lengthBit="2" />
                           <field name="Guaranteed bitrate uplink" value="161" type="Integer" length="1" />
                           <field name="Guaranteed bitrate downlink" value="253" type="Integer" length="1" />
                        </Bytes></qos_Subscribed.C11.BoxedType>
                     <qos_Requested.C12.BoxedType><Bytes>5cbbe9084dc1a1a3c2
                           <field name="Allocation/Retention Priority" value="92" type="Integer" length="1" />
                           <field name="Traffic class" value="Reserved:5" type="EnumLong" lengthBit="3" />
                           <field name="Delivery class" value="Reserved:3" type="EnumLong" lengthBit="2" />
                           <field name="Delivery erroneous SDUs" value="Erroneous SDUs are not delivered ('no'):3" type="EnumLong" lengthBit="3" />
                           <field name="Maximum SDU size" value="233" type="Integer" length="1" />
                           <field name="Maximum bitrate uplink" value="8" type="Integer" length="1" />
                           <field name="Maximum bitrate downlink" value="77" type="Integer" length="1" />
                           <field name="SDU error ratio" value="Reserved:12" type="EnumLong" lengthBit="4" />
                           <field name="Residual BER" value="5*10 power -2:1" type="EnumLong" lengthBit="4" />
                           <field name="Transfer delay" value="40" type="Integer" lengthBit="6" />
                           <field name="Traffic handling priority" value="Priority level 1:1" type="EnumLong" lengthBit="2" />
                           <field name="Guaranteed bitrate uplink" value="163" type="Integer" length="1" />
                           <field name="Guaranteed bitrate downlink" value="194" type="Integer" length="1" />
                        </Bytes></qos_Requested.C12.BoxedType>
                     <qos_Negotiated.C13.BoxedType><Bytes>235f1bcd516dd9a25a
                           <field name="Allocation/Retention Priority" value="35" type="Integer" length="1" />
                           <field name="Traffic class" value="Streaming class:2" type="EnumLong" lengthBit="3" />
                           <field name="Delivery class" value="Reserved:3" type="EnumLong" lengthBit="2" />
                           <field name="Delivery erroneous SDUs" value="Reserved:7" type="EnumLong" lengthBit="3" />
                           <field name="Maximum SDU size" value="27" type="Integer" length="1" />
                           <field name="Maximum bitrate uplink" value="205" type="Integer" length="1" />
                           <field name="Maximum bitrate downlink" value="81" type="Integer" length="1" />
                           <field name="SDU error ratio" value="1*10 power -6:6" type="EnumLong" lengthBit="4" />
                           <field name="Residual BER" value="Reserved:13" type="EnumLong" lengthBit="4" />
                           <field name="Transfer delay" value="54" type="Integer" lengthBit="6" />
                           <field name="Traffic handling priority" value="Priority level 1:1" type="EnumLong" lengthBit="2" />
                           <field name="Guaranteed bitrate uplink" value="162" type="Integer" length="1" />
                           <field name="Guaranteed bitrate downlink" value="90" type="Integer" length="1" />
                        </Bytes></qos_Negotiated.C13.BoxedType>
                     <chargingId.C14.BoxedType><Bytes>02246b6e
                           <field name="Charging ID" value="35941230" type="Integer" length="4" />
                        </Bytes></chargingId.C14.BoxedType>
                     <chargingCharacteristics.C15.BoxedType><Bytes>5013
                           <field name="Reserved" value="5" type="Integer" lengthBit="4" />
                           <field name="N flag" value="0" type="Integer" lengthBit="1" />
                           <field name="P flag" value="0" type="Integer" lengthBit="1" />
                           <field name="F flag" value="0" type="Integer" lengthBit="1" />
                           <field name="H flag" value="0" type="Integer" lengthBit="1" />
                           <field name="Charging Value" value="19" type="Integer" length="1" />
                        </Bytes></chargingCharacteristics.C15.BoxedType>
                     <rnc_Address.C16.BoxedType><Bytes>797bd5b4d9
                           <field name="Address type" value="IPV6:1" type="EnumLong" lengthBit="2" />
                           <field name="AddressLength" value="57" type="Integer" lengthBit="6" />
                           <field name="IPV4 address" value="123.213.180.217" type="IPV4Address" length="4" />
                        </Bytes></rnc_Address.C16.BoxedType>
                     <extensionContainer.C17.Sequence>
                        <privateExtensionList.C0.BoxedType>
                           <Collection>
                              <PrivateExtension.Sequence>
                                 <extId><ObjectIdentifier>0.1.2111.71.123.8</ObjectIdentifier></extId>
                                 <extType>d542fe</extType>
                              </PrivateExtension.Sequence>
                              <PrivateExtension.Sequence>
                                 <extId><ObjectIdentifier>0.1.239.48.95.3.89</ObjectIdentifier></extId>
                                 <extType>19f0433c297f1f</extType>
                              </PrivateExtension.Sequence>
                              <PrivateExtension.Sequence>
                                 <extId><ObjectIdentifier>0.1.2109.57.100.58.82</ObjectIdentifier></extId>
                                 <extType>398fafd40a94</extType>
                              </PrivateExtension.Sequence>
                           </Collection>
                        </privateExtensionList.C0.BoxedType>
                        <pcsExtensions.C1.Sequence></pcsExtensions.C1.Sequence>
                     </extensionContainer.C17.Sequence>
                     <qos2_Subscribed.C18.BoxedType><Bytes>2149152a63
                           <field name="spare" value="1" type="Integer" lengthBit="3" />
                           <field name="Signalling Indication" value="Not optimised for signalling traffic:0" type="EnumLong" lengthBit="1" />
                           <field name="Source Statistics Descriptor" value="speech:1" type="EnumLong" lengthBit="4" />
                           <field name="Maximum bitrate downlink (extended)" value="73" type="Integer" length="1" />
                           <field name="Guaranteed bitrate downlink (extended)" value="21" type="Integer" length="1" />
                           <field name="Maximum bitrate uplink (extended)" value="42" type="Integer" length="1" />
                           <field name="Guaranteed bitrate uplink (extended)" value="99" type="Integer" length="1" />
                        </Bytes></qos2_Subscribed.C18.BoxedType>
                     <qos2_Requested.C19.BoxedType><Bytes>e67d61a9c7
                           <field name="spare" value="7" type="Integer" lengthBit="3" />
                           <field name="Signalling Indication" value="Not optimised for signalling traffic:0" type="EnumLong" lengthBit="1" />
                           <field name="Source Statistics Descriptor" value="unknown:6" type="EnumLong" lengthBit="4" />
                           <field name="Maximum bitrate downlink (extended)" value="125" type="Integer" length="1" />
                           <field name="Guaranteed bitrate downlink (extended)" value="97" type="Integer" length="1" />
                           <field name="Maximum bitrate uplink (extended)" value="169" type="Integer" length="1" />
                           <field name="Guaranteed bitrate uplink (extended)" value="199" type="Integer" length="1" />
                        </Bytes></qos2_Requested.C19.BoxedType>
                     <qos2_Negotiated.C20.BoxedType><Bytes>a2d93e0b01
                           <field name="spare" value="5" type="Integer" lengthBit="3" />
                           <field name="Signalling Indication" value="Not optimised for signalling traffic:0" type="EnumLong" lengthBit="1" />
                           <field name="Source Statistics Descriptor" value="unknown:2" type="EnumLong" lengthBit="4" />
                           <field name="Maximum bitrate downlink (extended)" value="217" type="Integer" length="1" />
                           <field name="Guaranteed bitrate downlink (extended)" value="62" type="Integer" length="1" />
                           <field name="Maximum bitrate uplink (extended)" value="11" type="Integer" length="1" />
                           <field name="Guaranteed bitrate uplink (extended)" value="1" type="Integer" length="1" />
                        </Bytes></qos2_Negotiated.C20.BoxedType>
                  </PDP_ContextInfo.Sequence>
               </Collection>
            </ps_PDP_ActiveNotReachableForPaging.C4.BoxedType>
            <ps_PDP_ActiveReachableForPaging.C5.BoxedType>
               <Collection>
                  <PDP_ContextInfo.Sequence>
                     <pdp_ContextIdentifier.C0.BoxedType><Integer>1</Integer></pdp_ContextIdentifier.C0.BoxedType>
                     <pdp_ContextActive.C1></pdp_ContextActive.C1>
                     <pdp_Type.C2.BoxedType><Bytes>b2c1
                           <field name="spare" value="11" type="Integer" lengthBit="4" />
                           <field name="PDP type organisation" value="reserved:2" type="EnumLong" lengthBit="4" />
                           <field name="PDP type number" value="193" type="EnumLong" length="1" />
                        </Bytes></pdp_Type.C2.BoxedType>
                     <pdp_Address.C3.BoxedType><Bytes>990b3c21
                           <field name="IPV4  address" value="153.11.60.33" type="IPV4Address" length="4" />
                        </Bytes></pdp_Address.C3.BoxedType>
                     <apn_Subscribed.C4.BoxedType><Bytes>73734248534751
                           <field name="DNS string" value="ssBHSGQ" type="String" lengthBit="28" />
                        </Bytes></apn_Subscribed.C4.BoxedType>
                     <apn_InUse.C5.BoxedType><Bytes>436b376858
                           <field name="DNS string" value="Ck7hX" type="String" lengthBit="20" />
                        </Bytes></apn_InUse.C5.BoxedType>
                     <nsapi.C6.BoxedType><Integer>2</Integer></nsapi.C6.BoxedType>
                     <transactionId.C7.BoxedType><Bytes>0487
                           <field name="TI flag" value="The message is sent from the side that originates the TI:0" type="EnumLong" lengthBit="1" />
                           <field name="TIO" value="0" type="Integer" lengthBit="3" />
                           <field name="NA" value="4" type="Integer" lengthBit="4" />
                           <field name="Ext" value="1" type="Integer" lengthBit="1" />
                           <field name="TIE" value="7" type="Integer" lengthBit="7" />
                        </Bytes></transactionId.C7.BoxedType>
                     <teid_ForGnAndGp.C8.BoxedType><Bytes>19a9c2e7
                           <field name="TEID" value="430555879" type="Integer" length="4" />
                        </Bytes></teid_ForGnAndGp.C8.BoxedType>
                     <teid_ForIu.C9.BoxedType><Bytes>a1048852
                           <field name="TEID" value="2701428818" type="Integer" length="4" />
                        </Bytes></teid_ForIu.C9.BoxedType>
                     <ggsn_Address.C10.BoxedType><Bytes>7a96e1eeac
                           <field name="Address type" value="IPV6:1" type="EnumLong" lengthBit="2" />
                           <field name="AddressLength" value="58" type="Integer" lengthBit="6" />
                           <field name="IPV4 address" value="150.225.238.172" type="IPV4Address" length="4" />
                        </Bytes></ggsn_Address.C10.BoxedType>
                     <qos_Subscribed.C11.BoxedType><Bytes>27751ee7958a15fb09
                           <field name="Allocation/Retention Priority" value="39" type="Integer" length="1" />
                           <field name="Traffic class" value="Interactive class:3" type="EnumLong" lengthBit="3" />
                           <field name="Delivery class" value="Without delivery order ('no'):2" type="EnumLong" lengthBit="2" />
                           <field name="Delivery erroneous SDUs" value="Reserved:5" type="EnumLong" lengthBit="3" />
                           <field name="Maximum SDU size" value="30" type="Integer" length="1" />
                           <field name="Maximum bitrate uplink" value="231" type="Integer" length="1" />
                           <field name="Maximum bitrate downlink" value="149" type="Integer" length="1" />
                           <field name="SDU error ratio" value="Reserved:8" type="EnumLong" lengthBit="4" />
                           <field name="Residual BER" value="Reserved:10" type="EnumLong" lengthBit="4" />
                           <field name="Transfer delay" value="5" type="Integer" lengthBit="6" />
                           <field name="Traffic handling priority" value="Priority level 1:1" type="EnumLong" lengthBit="2" />
                           <field name="Guaranteed bitrate uplink" value="251" type="Integer" length="1" />
                           <field name="Guaranteed bitrate downlink" value="9" type="Integer" length="1" />
                        </Bytes></qos_Subscribed.C11.BoxedType>
                     <qos_Requested.C12.BoxedType><Bytes>88c6a53b7368113cd1
                           <field name="Allocation/Retention Priority" value="136" type="Integer" length="1" />
                           <field name="Traffic class" value="Reserved:6" type="EnumLong" lengthBit="3" />
                           <field name="Delivery class" value="Subscribed delivery class / Reserved:0" type="EnumLong" lengthBit="2" />
                           <field name="Delivery erroneous SDUs" value="Reserved:6" type="EnumLong" lengthBit="3" />
                           <field name="Maximum SDU size" value="165" type="Integer" length="1" />
                           <field name="Maximum bitrate uplink" value="59" type="Integer" length="1" />
                           <field name="Maximum bitrate downlink" value="115" type="Integer" length="1" />
                           <field name="SDU error ratio" value="1*10 power -6:6" type="EnumLong" lengthBit="4" />
                           <field name="Residual BER" value="1*10 power -6:8" type="EnumLong" lengthBit="4" />
                           <field name="Transfer delay" value="4" type="Integer" lengthBit="6" />
                           <field name="Traffic handling priority" value="Priority level 1:1" type="EnumLong" lengthBit="2" />
                           <field name="Guaranteed bitrate uplink" value="60" type="Integer" length="1" />
                           <field name="Guaranteed bitrate downlink" value="209" type="Integer" length="1" />
                        </Bytes></qos_Requested.C12.BoxedType>
                     <qos_Negotiated.C13.BoxedType><Bytes>3dd160132503bea15f
                           <field name="Allocation/Retention Priority" value="61" type="Integer" length="1" />
                           <field name="Traffic class" value="Reserved:6" type="EnumLong" lengthBit="3" />
                           <field name="Delivery class" value="Without delivery order ('no'):2" type="EnumLong" lengthBit="2" />
                           <field name="Delivery erroneous SDUs" value="No detect ('-'):1" type="EnumLong" lengthBit="3" />
                           <field name="Maximum SDU size" value="96" type="Integer" length="1" />
                           <field name="Maximum bitrate uplink" value="19" type="Integer" length="1" />
                           <field name="Maximum bitrate downlink" value="37" type="Integer" length="1" />
                           <field name="SDU error ratio" value="Subscribed SDU error ratio / Reserved:0" type="EnumLong" lengthBit="4" />
                           <field name="Residual BER" value="5*10 power -3:3" type="EnumLong" lengthBit="4" />
                           <field name="Transfer delay" value="47" type="Integer" lengthBit="6" />
                           <field name="Traffic handling priority" value="Priority level 2:2" type="EnumLong" lengthBit="2" />
                           <field name="Guaranteed bitrate uplink" value="161" type="Integer" length="1" />
                           <field name="Guaranteed bitrate downlink" value="95" type="Integer" length="1" />
                        </Bytes></qos_Negotiated.C13.BoxedType>
                     <chargingId.C14.BoxedType><Bytes>6d1321fa
                           <field name="Charging ID" value="1829970426" type="Integer" length="4" />
                        </Bytes></chargingId.C14.BoxedType>
                     <chargingCharacteristics.C15.BoxedType><Bytes>7cc1
                           <field name="Reserved" value="7" type="Integer" lengthBit="4" />
                           <field name="N flag" value="1" type="Integer" lengthBit="1" />
                           <field name="P flag" value="1" type="Integer" lengthBit="1" />
                           <field name="F flag" value="0" type="Integer" lengthBit="1" />
                           <field name="H flag" value="0" type="Integer" lengthBit="1" />
                           <field name="Charging Value" value="193" type="Integer" length="1" />
                        </Bytes></chargingCharacteristics.C15.BoxedType>
                     <rnc_Address.C16.BoxedType><Bytes>039c64bc3f
                           <field name="Address type" value="IPV4:0" type="EnumLong" lengthBit="2" />
                           <field name="AddressLength" value="3" type="Integer" lengthBit="6" />
                           <field name="IPV4 address" value="156.100.188.63" type="IPV4Address" length="4" />
                        </Bytes></rnc_Address.C16.BoxedType>
                     <extensionContainer.C17.Sequence>
                        <privateExtensionList.C0.BoxedType>
                           <Collection>
                              <PrivateExtension.Sequence>
                                 <extId><ObjectIdentifier>0.1.240</ObjectIdentifier></extId>
                                 <extType>e3956726332eb774f9</extType>
                              </PrivateExtension.Sequence>
                              <PrivateExtension.Sequence>
                                 <extId><ObjectIdentifier>0.1.214.55.4.74</ObjectIdentifier></extId>
                                 <extType>ec846242ceaff95b</extType>
                              </PrivateExtension.Sequence>
                              <PrivateExtension.Sequence>
                                 <extId><ObjectIdentifier>0.1.246</ObjectIdentifier></extId>
                                 <extType>6cc2</extType>
                              </PrivateExtension.Sequence>
                           </Collection>
                        </privateExtensionList.C0.BoxedType>
                        <pcsExtensions.C1.Sequence></pcsExtensions.C1.Sequence>
                     </extensionContainer.C17.Sequence>
                     <qos2_Subscribed.C18.BoxedType><Bytes>333417da25
                           <field name="spare" value="1" type="Integer" lengthBit="3" />
                           <field name="Signalling Indication" value="Optimised for signalling traffic:1" type="EnumLong" lengthBit="1" />
                           <field name="Source Statistics Descriptor" value="unknown:3" type="EnumLong" lengthBit="4" />
                           <field name="Maximum bitrate downlink (extended)" value="52" type="Integer" length="1" />
                           <field name="Guaranteed bitrate downlink (extended)" value="23" type="Integer" length="1" />
                           <field name="Maximum bitrate uplink (extended)" value="218" type="Integer" length="1" />
                           <field name="Guaranteed bitrate uplink (extended)" value="37" type="Integer" length="1" />
                        </Bytes></qos2_Subscribed.C18.BoxedType>
                     <qos2_Requested.C19.BoxedType><Bytes>721b71ddf6
                           <field name="spare" value="3" type="Integer" lengthBit="3" />
                           <field name="Signalling Indication" value="Optimised for signalling traffic:1" type="EnumLong" lengthBit="1" />
                           <field name="Source Statistics Descriptor" value="unknown:2" type="EnumLong" lengthBit="4" />
                           <field name="Maximum bitrate downlink (extended)" value="27" type="Integer" length="1" />
                           <field name="Guaranteed bitrate downlink (extended)" value="113" type="Integer" length="1" />
                           <field name="Maximum bitrate uplink (extended)" value="221" type="Integer" length="1" />
                           <field name="Guaranteed bitrate uplink (extended)" value="246" type="Integer" length="1" />
                        </Bytes></qos2_Requested.C19.BoxedType>
                     <qos2_Negotiated.C20.BoxedType><Bytes>a1d7458b68
                           <field name="spare" value="5" type="Integer" lengthBit="3" />
                           <field name="Signalling Indication" value="Not optimised for signalling traffic:0" type="EnumLong" lengthBit="1" />
                           <field name="Source Statistics Descriptor" value="speech:1" type="EnumLong" lengthBit="4" />
                           <field name="Maximum bitrate downlink (extended)" value="215" type="Integer" length="1" />
                           <field name="Guaranteed bitrate downlink (extended)" value="69" type="Integer" length="1" />
                           <field name="Maximum bitrate uplink (extended)" value="139" type="Integer" length="1" />
                           <field name="Guaranteed bitrate uplink (extended)" value="104" type="Integer" length="1" />
                        </Bytes></qos2_Negotiated.C20.BoxedType>
                  </PDP_ContextInfo.Sequence>
                  <PDP_ContextInfo.Sequence>
                     <pdp_ContextIdentifier.C0.BoxedType><Integer>1</Integer></pdp_ContextIdentifier.C0.BoxedType>
                     <pdp_ContextActive.C1></pdp_ContextActive.C1>
                     <pdp_Type.C2.BoxedType><Bytes>9b8d
                           <field name="spare" value="9" type="Integer" lengthBit="4" />
                           <field name="PDP type organisation" value="reserved:11" type="EnumLong" lengthBit="4" />
                           <field name="PDP type number" value="IPV4V6:141" type="EnumLong" length="1" />
                        </Bytes></pdp_Type.C2.BoxedType>
                     <pdp_Address.C3.BoxedType><Bytes>1ad9322e
                           <field name="IPV4  address" value="26.217.50.46" type="IPV4Address" length="4" />
                        </Bytes></pdp_Address.C3.BoxedType>
                     <apn_Subscribed.C4.BoxedType><Bytes>716951666f6b676c4433
                           <field name="DNS string" value="qiQfokglD3" type="String" length="5" />
                        </Bytes></apn_Subscribed.C4.BoxedType>
                     <apn_InUse.C5.BoxedType><Bytes>784f4f
                           <field name="DNS string" value="xOO" type="String" lengthBit="12" />
                        </Bytes></apn_InUse.C5.BoxedType>
                     <nsapi.C6.BoxedType><Integer>2</Integer></nsapi.C6.BoxedType>
                     <transactionId.C7.BoxedType><Bytes>5f7e
                           <field name="TI flag" value="The message is sent from the side that originates the TI:0" type="EnumLong" lengthBit="1" />
                           <field name="TIO" value="5" type="Integer" lengthBit="3" />
                           <field name="NA" value="15" type="Integer" lengthBit="4" />
                           <field name="Ext" value="0" type="Integer" lengthBit="1" />
                           <field name="TIE" value="126" type="Integer" lengthBit="7" />
                        </Bytes></transactionId.C7.BoxedType>
                     <teid_ForGnAndGp.C8.BoxedType><Bytes>f5b688fb
                           <field name="TEID" value="4122380539" type="Integer" length="4" />
                        </Bytes></teid_ForGnAndGp.C8.BoxedType>
                     <teid_ForIu.C9.BoxedType><Bytes>bac2098b
                           <field name="TEID" value="3133278603" type="Integer" length="4" />
                        </Bytes></teid_ForIu.C9.BoxedType>
                     <ggsn_Address.C10.BoxedType><Bytes>24c1c62df9
                           <field name="Address type" value="IPV4:0" type="EnumLong" lengthBit="2" />
                           <field name="AddressLength" value="36" type="Integer" lengthBit="6" />
                           <field name="IPV4 address" value="193.198.45.249" type="IPV4Address" length="4" />
                        </Bytes></ggsn_Address.C10.BoxedType>
                     <qos_Subscribed.C11.BoxedType><Bytes>2ca6edd847c6101af8
                           <field name="Allocation/Retention Priority" value="44" type="Integer" length="1" />
                           <field name="Traffic class" value="Reserved:5" type="EnumLong" lengthBit="3" />
                           <field name="Delivery class" value="Subscribed delivery class / Reserved:0" type="EnumLong" lengthBit="2" />
                           <field name="Delivery erroneous SDUs" value="Reserved:6" type="EnumLong" lengthBit="3" />
                           <field name="Maximum SDU size" value="237" type="Integer" length="1" />
                           <field name="Maximum bitrate uplink" value="216" type="Integer" length="1" />
                           <field name="Maximum bitrate downlink" value="71" type="Integer" length="1" />
                           <field name="SDU error ratio" value="Reserved:12" type="EnumLong" lengthBit="4" />
                           <field name="Residual BER" value="1*10 power -4:6" type="EnumLong" lengthBit="4" />
                           <field name="Transfer delay" value="4" type="Integer" lengthBit="6" />
                           <field name="Traffic handling priority" value="Subscribed traffic handling priority / Reserved:0" type="EnumLong" lengthBit="2" />
                           <field name="Guaranteed bitrate uplink" value="26" type="Integer" length="1" />
                           <field name="Guaranteed bitrate downlink" value="248" type="Integer" length="1" />
                        </Bytes></qos_Subscribed.C11.BoxedType>
                     <qos_Requested.C12.BoxedType><Bytes>a3dfd7e557fcad81f3
                           <field name="Allocation/Retention Priority" value="163" type="Integer" length="1" />
                           <field name="Traffic class" value="Reserved:6" type="EnumLong" lengthBit="3" />
                           <field name="Delivery class" value="Reserved:3" type="EnumLong" lengthBit="2" />
                           <field name="Delivery erroneous SDUs" value="Reserved:7" type="EnumLong" lengthBit="3" />
                           <field name="Maximum SDU size" value="215" type="Integer" length="1" />
                           <field name="Maximum bitrate uplink" value="229" type="Integer" length="1" />
                           <field name="Maximum bitrate downlink" value="87" type="Integer" length="1" />
                           <field name="SDU error ratio" value="Reserved:15" type="EnumLong" lengthBit="4" />
                           <field name="Residual BER" value="Reserved:12" type="EnumLong" lengthBit="4" />
                           <field name="Transfer delay" value="43" type="Integer" lengthBit="6" />
                           <field name="Traffic handling priority" value="Priority level 1:1" type="EnumLong" lengthBit="2" />
                           <field name="Guaranteed bitrate uplink" value="129" type="Integer" length="1" />
                           <field name="Guaranteed bitrate downlink" value="243" type="Integer" length="1" />
                        </Bytes></qos_Requested.C12.BoxedType>
                     <qos_Negotiated.C13.BoxedType><Bytes>087c4e1d258c730ff3
                           <field name="Allocation/Retention Priority" value="8" type="Integer" length="1" />
                           <field name="Traffic class" value="Interactive class:3" type="EnumLong" lengthBit="3" />
                           <field name="Delivery class" value="Reserved:3" type="EnumLong" lengthBit="2" />
                           <field name="Delivery erroneous SDUs" value="Reserved:4" type="EnumLong" lengthBit="3" />
                           <field name="Maximum SDU size" value="78" type="Integer" length="1" />
                           <field name="Maximum bitrate uplink" value="29" type="Integer" length="1" />
                           <field name="Maximum bitrate downlink" value="37" type="Integer" length="1" />
                           <field name="SDU error ratio" value="Reserved:8" type="EnumLong" lengthBit="4" />
                           <field name="Residual BER" value="Reserved:12" type="EnumLong" lengthBit="4" />
                           <field name="Transfer delay" value="28" type="Integer" lengthBit="6" />
                           <field name="Traffic handling priority" value="Priority level 3:3" type="EnumLong" lengthBit="2" />
                           <field name="Guaranteed bitrate uplink" value="15" type="Integer" length="1" />
                           <field name="Guaranteed bitrate downlink" value="243" type="Integer" length="1" />
                        </Bytes></qos_Negotiated.C13.BoxedType>
                     <chargingId.C14.BoxedType><Bytes>4bd472b8
                           <field name="Charging ID" value="1272214200" type="Integer" length="4" />
                        </Bytes></chargingId.C14.BoxedType>
                     <chargingCharacteristics.C15.BoxedType><Bytes>8966
                           <field name="Reserved" value="8" type="Integer" lengthBit="4" />
                           <field name="N flag" value="1" type="Integer" lengthBit="1" />
                           <field name="P flag" value="0" type="Integer" lengthBit="1" />
                           <field name="F flag" value="0" type="Integer" lengthBit="1" />
                           <field name="H flag" value="1" type="Integer" lengthBit="1" />
                           <field name="Charging Value" value="102" type="Integer" length="1" />
                        </Bytes></chargingCharacteristics.C15.BoxedType>
                     <rnc_Address.C16.BoxedType><Bytes>44c0ffa882
                           <field name="Address type" value="IPV6:1" type="EnumLong" lengthBit="2" />
                           <field name="AddressLength" value="4" type="Integer" lengthBit="6" />
                           <field name="IPV4 address" value="192.255.168.130" type="IPV4Address" length="4" />
                        </Bytes></rnc_Address.C16.BoxedType>
                     <extensionContainer.C17.Sequence>
                        <privateExtensionList.C0.BoxedType>
                           <Collection>
                              <PrivateExtension.Sequence>
                                 <extId><ObjectIdentifier>0.1.2120.42.23.46</ObjectIdentifier></extId>
                                 <extType>70544d78a9119e</extType>
                              </PrivateExtension.Sequence>
                              <PrivateExtension.Sequence>
                                 <extId><ObjectIdentifier>0.1.274</ObjectIdentifier></extId>
                                 <extType>3728</extType>
                              </PrivateExtension.Sequence>
                              <PrivateExtension.Sequence>
                                 <extId><ObjectIdentifier>0.1.213.87.91.76.77</ObjectIdentifier></extId>
                                 <extType>7b7b88cf66aab45990</extType>
                              </PrivateExtension.Sequence>
                           </Collection>
                        </privateExtensionList.C0.BoxedType>
                        <pcsExtensions.C1.Sequence></pcsExtensions.C1.Sequence>
                     </extensionContainer.C17.Sequence>
                     <qos2_Subscribed.C18.BoxedType><Bytes>3b45ab031e
                           <field name="spare" value="1" type="Integer" lengthBit="3" />
                           <field name="Signalling Indication" value="Optimised for signalling traffic:1" type="EnumLong" lengthBit="1" />
                           <field name="Source Statistics Descriptor" value="unknown:11" type="EnumLong" lengthBit="4" />
                           <field name="Maximum bitrate downlink (extended)" value="69" type="Integer" length="1" />
                           <field name="Guaranteed bitrate downlink (extended)" value="171" type="Integer" length="1" />
                           <field name="Maximum bitrate uplink (extended)" value="3" type="Integer" length="1" />
                           <field name="Guaranteed bitrate uplink (extended)" value="30" type="Integer" length="1" />
                        </Bytes></qos2_Subscribed.C18.BoxedType>
                     <qos2_Requested.C19.BoxedType><Bytes>744087bfc0
                           <field name="spare" value="3" type="Integer" lengthBit="3" />
                           <field name="Signalling Indication" value="Optimised for signalling traffic:1" type="EnumLong" lengthBit="1" />
                           <field name="Source Statistics Descriptor" value="unknown:4" type="EnumLong" lengthBit="4" />
                           <field name="Maximum bitrate downlink (extended)" value="64" type="Integer" length="1" />
                           <field name="Guaranteed bitrate downlink (extended)" value="135" type="Integer" length="1" />
                           <field name="Maximum bitrate uplink (extended)" value="191" type="Integer" length="1" />
                           <field name="Guaranteed bitrate uplink (extended)" value="192" type="Integer" length="1" />
                        </Bytes></qos2_Requested.C19.BoxedType>
                     <qos2_Negotiated.C20.BoxedType><Bytes>52934f69cb
                           <field name="spare" value="2" type="Integer" lengthBit="3" />
                           <field name="Signalling Indication" value="Optimised for signalling traffic:1" type="EnumLong" lengthBit="1" />
                           <field name="Source Statistics Descriptor" value="unknown:2" type="EnumLong" lengthBit="4" />
                           <field name="Maximum bitrate downlink (extended)" value="147" type="Integer" length="1" />
                           <field name="Guaranteed bitrate downlink (extended)" value="79" type="Integer" length="1" />
                           <field name="Maximum bitrate uplink (extended)" value="105" type="Integer" length="1" />
                           <field name="Guaranteed bitrate uplink (extended)" value="203" type="Integer" length="1" />
                        </Bytes></qos2_Negotiated.C20.BoxedType>
                  </PDP_ContextInfo.Sequence>
                  <PDP_ContextInfo.Sequence>
                     <pdp_ContextIdentifier.C0.BoxedType><Integer>1</Integer></pdp_ContextIdentifier.C0.BoxedType>
                     <pdp_ContextActive.C1></pdp_ContextActive.C1>
                     <pdp_Type.C2.BoxedType><Bytes>6b21
                           <field name="spare" value="6" type="Integer" lengthBit="4" />
                           <field name="PDP type organisation" value="reserved:11" type="EnumLong" lengthBit="4" />
                           <field name="PDP type number" value="IPV4:33" type="EnumLong" length="1" />
                        </Bytes></pdp_Type.C2.BoxedType>
                     <pdp_Address.C3.BoxedType><Bytes>89856f80
                           <field name="IPV4  address" value="137.133.111.128" type="IPV4Address" length="4" />
                        </Bytes></pdp_Address.C3.BoxedType>
                     <apn_Subscribed.C4.BoxedType><Bytes>506d4a6a7330
                           <field name="DNS string" value="PmJjs0" type="String" length="3" />
                        </Bytes></apn_Subscribed.C4.BoxedType>
                     <apn_InUse.C5.BoxedType><Bytes>33384454
                           <field name="DNS string" value="38DT" type="String" length="2" />
                        </Bytes></apn_InUse.C5.BoxedType>
                     <nsapi.C6.BoxedType><Integer>2</Integer></nsapi.C6.BoxedType>
                     <transactionId.C7.BoxedType><Bytes>5538
                           <field name="TI flag" value="The message is sent from the side that originates the TI:0" type="EnumLong" lengthBit="1" />
                           <field name="TIO" value="5" type="Integer" lengthBit="3" />
                           <field name="NA" value="5" type="Integer" lengthBit="4" />
                           <field name="Ext" value="0" type="Integer" lengthBit="1" />
                           <field name="TIE" value="56" type="Integer" lengthBit="7" />
                        </Bytes></transactionId.C7.BoxedType>
                     <teid_ForGnAndGp.C8.BoxedType><Bytes>23baf61d
                           <field name="TEID" value="599455261" type="Integer" length="4" />
                        </Bytes></teid_ForGnAndGp.C8.BoxedType>
                     <teid_ForIu.C9.BoxedType><Bytes>b2be6a4d
                           <field name="TEID" value="2998823501" type="Integer" length="4" />
                        </Bytes></teid_ForIu.C9.BoxedType>
                     <ggsn_Address.C10.BoxedType><Bytes>222945a68e
                           <field name="Address type" value="IPV4:0" type="EnumLong" lengthBit="2" />
                           <field name="AddressLength" value="34" type="Integer" lengthBit="6" />
                           <field name="IPV4 address" value="41.69.166.142" type="IPV4Address" length="4" />
                        </Bytes></ggsn_Address.C10.BoxedType>
                     <qos_Subscribed.C11.BoxedType><Bytes>15cd79f8beabeecd41
                           <field name="Allocation/Retention Priority" value="21" type="Integer" length="1" />
                           <field name="Traffic class" value="Reserved:6" type="EnumLong" lengthBit="3" />
                           <field name="Delivery class" value="With delivery order ('yes'):1" type="EnumLong" lengthBit="2" />
                           <field name="Delivery erroneous SDUs" value="Reserved:5" type="EnumLong" lengthBit="3" />
                           <field name="Maximum SDU size" value="121" type="Integer" length="1" />
                           <field name="Maximum bitrate uplink" value="248" type="Integer" length="1" />
                           <field name="Maximum bitrate downlink" value="190" type="Integer" length="1" />
                           <field name="SDU error ratio" value="Reserved:10" type="EnumLong" lengthBit="4" />
                           <field name="Residual BER" value="Reserved:11" type="EnumLong" lengthBit="4" />
                           <field name="Transfer delay" value="59" type="Integer" lengthBit="6" />
                           <field name="Traffic handling priority" value="Priority level 2:2" type="EnumLong" lengthBit="2" />
                           <field name="Guaranteed bitrate uplink" value="205" type="Integer" length="1" />
                           <field name="Guaranteed bitrate downlink" value="65" type="Integer" length="1" />
                        </Bytes></qos_Subscribed.C11.BoxedType>
                     <qos_Requested.C12.BoxedType><Bytes>dbf19d9bea7fd0c113
                           <field name="Allocation/Retention Priority" value="219" type="Integer" length="1" />
                           <field name="Traffic class" value="Reserved:7" type="EnumLong" lengthBit="3" />
                           <field name="Delivery class" value="Without delivery order ('no'):2" type="EnumLong" lengthBit="2" />
                           <field name="Delivery erroneous SDUs" value="No detect ('-'):1" type="EnumLong" lengthBit="3" />
                           <field name="Maximum SDU size" value="157" type="Integer" length="1" />
                           <field name="Maximum bitrate uplink" value="155" type="Integer" length="1" />
                           <field name="Maximum bitrate downlink" value="234" type="Integer" length="1" />
                           <field name="SDU error ratio" value="1*10 power -1:7" type="EnumLong" lengthBit="4" />
                           <field name="Residual BER" value="Reserved:15" type="EnumLong" lengthBit="4" />
                           <field name="Transfer delay" value="52" type="Integer" lengthBit="6" />
                           <field name="Traffic handling priority" value="Subscribed traffic handling priority / Reserved:0" type="EnumLong" lengthBit="2" />
                           <field name="Guaranteed bitrate uplink" value="193" type="Integer" length="1" />
                           <field name="Guaranteed bitrate downlink" value="19" type="Integer" length="1" />
                        </Bytes></qos_Requested.C12.BoxedType>
                     <qos_Negotiated.C13.BoxedType><Bytes>a8dcf140e0c6d17fe6
                           <field name="Allocation/Retention Priority" value="168" type="Integer" length="1" />
                           <field name="Traffic class" value="Reserved:6" type="EnumLong" lengthBit="3" />
                           <field name="Delivery class" value="Reserved:3" type="EnumLong" lengthBit="2" />
                           <field name="Delivery erroneous SDUs" value="Reserved:4" type="EnumLong" lengthBit="3" />
                           <field name="Maximum SDU size" value="241" type="Integer" length="1" />
                           <field name="Maximum bitrate uplink" value="64" type="Integer" length="1" />
                           <field name="Maximum bitrate downlink" value="224" type="Integer" length="1" />
                           <field name="SDU error ratio" value="Reserved:12" type="EnumLong" lengthBit="4" />
                           <field name="Residual BER" value="1*10 power -4:6" type="EnumLong" lengthBit="4" />
                           <field name="Transfer delay" value="52" type="Integer" lengthBit="6" />
                           <field name="Traffic handling priority" value="Priority level 1:1" type="EnumLong" lengthBit="2" />
                           <field name="Guaranteed bitrate uplink" value="127" type="Integer" length="1" />
                           <field name="Guaranteed bitrate downlink" value="230" type="Integer" length="1" />
                        </Bytes></qos_Negotiated.C13.BoxedType>
                     <chargingId.C14.BoxedType><Bytes>7ed46c8a
                           <field name="Charging ID" value="2127850634" type="Integer" length="4" />
                        </Bytes></chargingId.C14.BoxedType>
                     <chargingCharacteristics.C15.BoxedType><Bytes>e1ae
                           <field name="Reserved" value="14" type="Integer" lengthBit="4" />
                           <field name="N flag" value="0" type="Integer" lengthBit="1" />
                           <field name="P flag" value="0" type="Integer" lengthBit="1" />
                           <field name="F flag" value="0" type="Integer" lengthBit="1" />
                           <field name="H flag" value="1" type="Integer" lengthBit="1" />
                           <field name="Charging Value" value="174" type="Integer" length="1" />
                        </Bytes></chargingCharacteristics.C15.BoxedType>
                     <rnc_Address.C16.BoxedType><Bytes>7215a8697d
                           <field name="Address type" value="IPV6:1" type="EnumLong" lengthBit="2" />
                           <field name="AddressLength" value="50" type="Integer" lengthBit="6" />
                           <field name="IPV4 address" value="21.168.105.125" type="IPV4Address" length="4" />
                        </Bytes></rnc_Address.C16.BoxedType>
                     <extensionContainer.C17.Sequence>
                        <privateExtensionList.C0.BoxedType>
                           <Collection>
                              <PrivateExtension.Sequence>
                                 <extId><ObjectIdentifier>0.1.214.87</ObjectIdentifier></extId>
                                 <extType>e5</extType>
                              </PrivateExtension.Sequence>
                              <PrivateExtension.Sequence>
                                 <extId><ObjectIdentifier>0.1.2106.115.67.102.0.30</ObjectIdentifier></extId>
                                 <extType>b592fdc8de</extType>
                              </PrivateExtension.Sequence>
                              <PrivateExtension.Sequence>
                                 <extId><ObjectIdentifier>0.1.275.29.83</ObjectIdentifier></extId>
                                 <extType>d901b41ef5e59974065f</extType>
                              </PrivateExtension.Sequence>
                           </Collection>
                        </privateExtensionList.C0.BoxedType>
                        <pcsExtensions.C1.Sequence></pcsExtensions.C1.Sequence>
                     </extensionContainer.C17.Sequence>
                     <qos2_Subscribed.C18.BoxedType><Bytes>313e2687cc
                           <field name="spare" value="1" type="Integer" lengthBit="3" />
                           <field name="Signalling Indication" value="Optimised for signalling traffic:1" type="EnumLong" lengthBit="1" />
                           <field name="Source Statistics Descriptor" value="speech:1" type="EnumLong" lengthBit="4" />
                           <field name="Maximum bitrate downlink (extended)" value="62" type="Integer" length="1" />
                           <field name="Guaranteed bitrate downlink (extended)" value="38" type="Integer" length="1" />
                           <field name="Maximum bitrate uplink (extended)" value="135" type="Integer" length="1" />
                           <field name="Guaranteed bitrate uplink (extended)" value="204" type="Integer" length="1" />
                        </Bytes></qos2_Subscribed.C18.BoxedType>
                     <qos2_Requested.C19.BoxedType><Bytes>bf35a51cdb
                           <field name="spare" value="5" type="Integer" lengthBit="3" />
                           <field name="Signalling Indication" value="Optimised for signalling traffic:1" type="EnumLong" lengthBit="1" />
                           <field name="Source Statistics Descriptor" value="unknown:15" type="EnumLong" lengthBit="4" />
                           <field name="Maximum bitrate downlink (extended)" value="53" type="Integer" length="1" />
                           <field name="Guaranteed bitrate downlink (extended)" value="165" type="Integer" length="1" />
                           <field name="Maximum bitrate uplink (extended)" value="28" type="Integer" length="1" />
                           <field name="Guaranteed bitrate uplink (extended)" value="219" type="Integer" length="1" />
                        </Bytes></qos2_Requested.C19.BoxedType>
                     <qos2_Negotiated.C20.BoxedType><Bytes>9e186a040b
                           <field name="spare" value="4" type="Integer" lengthBit="3" />
                           <field name="Signalling Indication" value="Optimised for signalling traffic:1" type="EnumLong" lengthBit="1" />
                           <field name="Source Statistics Descriptor" value="unknown:14" type="EnumLong" lengthBit="4" />
                           <field name="Maximum bitrate downlink (extended)" value="24" type="Integer" length="1" />
                           <field name="Guaranteed bitrate downlink (extended)" value="106" type="Integer" length="1" />
                           <field name="Maximum bitrate uplink (extended)" value="4" type="Integer" length="1" />
                           <field name="Guaranteed bitrate uplink (extended)" value="11" type="Integer" length="1" />
                        </Bytes></qos2_Negotiated.C20.BoxedType>
                  </PDP_ContextInfo.Sequence>
               </Collection>
            </ps_PDP_ActiveReachableForPaging.C5.BoxedType>
            <netDetNotReachable.Enum>
               <EnumType>restrictedArea.2</EnumType>
            </netDetNotReachable.Enum>
         </ps_SubscriberState.C4.Choice>
         <imei.C5.BoxedType><TBCD_STRING.BoxedType><Bytes>7107417792
                  <field name="digits" value="1770147729" type="Number_BCD" length="5" />
               </Bytes></TBCD_STRING.BoxedType></imei.C5.BoxedType>
         <ms_Classmark2.C6.BoxedType><Bytes>de925c
               <field name="spare1" value="1" type="Integer" lengthBit="1" />
               <field name="Revision level" value="Used by mobile stations supporting R99 or later versions of the protocol:2" type="EnumLong" lengthBit="2" />
               <field name="ES IND" value="ES IND option is implemented in the MS (if A/Gb mode supported):1" type="EnumLong" lengthBit="1" />
               <field name="A5/1 algorithm supported " value="not available (if A/Gb mode supported):1" type="EnumLong" lengthBit="1" />
               <field name="RF Power Capability" value="reserved:6" type="EnumLong" lengthBit="3" />
               <field name="spare2" value="1" type="Integer" lengthBit="1" />
               <field name="PS capability" value="not present:0" type="EnumLong" lengthBit="1" />
               <field name="SS Screening Indicator" value="capability of handling of ellipsis notation and phase 2 error handling:1" type="EnumLong" lengthBit="2" />
               <field name="SM capability" value="does not support:0" type="EnumLong" lengthBit="1" />
               <field name="VBS notification reception" value="no notification wanted:0" type="EnumLong" lengthBit="1" />
               <field name="VGCS notification reception" value="notification wanted (if A/Gb mode supported):1" type="EnumLong" lengthBit="1" />
               <field name="FC Frequency Capability" value="does not support the E-GSM or R-GSM band:0" type="EnumLong" lengthBit="1" />
               <field name="CM3" value="does not support:0" type="EnumLong" lengthBit="1" />
               <field name="spare3" value="1" type="Integer" lengthBit="1" />
               <field name="LCS VA capability" value="request notification not supported:0" type="EnumLong" lengthBit="1" />
               <field name="UCS2 treatment" value="no preference for the default alphabet :1" type="EnumLong" lengthBit="1" />
               <field name="SoLSA" value="supports (if A/Gb mode supported):1" type="EnumLong" lengthBit="1" />
               <field name="CM Service Prompt (CMSP)" value="supported at least one CM protocol:1" type="EnumLong" lengthBit="1" />
               <field name="A5/3 algorithm supported" value="not available:0" type="EnumLong" lengthBit="1" />
               <field name="A5/2 algorithm supported" value="not available:0" type="EnumLong" lengthBit="1" />
            </Bytes></ms_Classmark2.C6.BoxedType>
         <gprs_MS_Class.C7.Sequence>
            <mSNetworkCapability.C0.BoxedType><Bytes>b1b0b1acf637
                  <field name="value" value="b1b0b1acf637" type="Binary" length="6" />
               </Bytes></mSNetworkCapability.C0.BoxedType>
            <mSRadioAccessCapability.C1.BoxedType><Bytes>22c58a4b3a696cf2
                  <field name="value" value="22c58a4b3a696cf2" type="Binary" length="8" />
               </Bytes></mSRadioAccessCapability.C1.BoxedType>
         </gprs_MS_Class.C7.Sequence>
         <mnpInfoRes.C8.Sequence>
            <routeingNumber.C0.BoxedType><TBCD_STRING.BoxedType><Bytes>05124454f9
                     <field name="digits" value="502144459" type="Number_BCD" lengthBit="36" />
                  </Bytes></TBCD_STRING.BoxedType></routeingNumber.C0.BoxedType>
            <imsi.C1.BoxedType><Bytes>1211136867
                  <field name="digits" value="2111318676" type="Number_BCD" length="5" />
               </Bytes></imsi.C1.BoxedType>
            <msisdn.C2.BoxedType><Bytes>1f23604445f7
                  <field name="extension" value="extension:0" type="EnumLong" lengthBit="1" />
                  <field name="nature of address" value="international number:1" type="EnumLong" lengthBit="3" />
                  <field name="numbering plan" value="reserved for extension:15" type="EnumLong" lengthBit="4" />
                  <field name="digits" value="320644547" type="Number_BCD" lengthBit="36" />
               </Bytes></msisdn.C2.BoxedType>
            <numberPortabilityStatus.C3.Enum>
               <EnumType>foreignNumberPortedIn.5</EnumType>
            </numberPortabilityStatus.C3.Enum>
            <extensionContainer.C4.Sequence>
               <privateExtensionList.C0.BoxedType>
                  <Collection>
                     <PrivateExtension.Sequence>
                        <extId><ObjectIdentifier>0.1.235.78.85.96.16.11</ObjectIdentifier></extId>
                        <extType>a36d702873e7d0</extType>
                     </PrivateExtension.Sequence>
                     <PrivateExtension.Sequence>
                        <extId><ObjectIdentifier>0.1.295.14.116.88.121.10</ObjectIdentifier></extId>
                        <extType>9f309c594f7feadb33</extType>
                     </PrivateExtension.Sequence>
                     <PrivateExtension.Sequence>
                        <extId><ObjectIdentifier>0.1.2119.78</ObjectIdentifier></extId>
                        <extType>c75d54fb603853466e8c</extType>
                     </PrivateExtension.Sequence>
                  </Collection>
               </privateExtensionList.C0.BoxedType>
               <pcsExtensions.C1.Sequence></pcsExtensions.C1.Sequence>
            </extensionContainer.C4.Sequence>
         </mnpInfoRes.C8.Sequence>
      </subscriberInfo.Sequence>
      <extensionContainer.Sequence>
         <privateExtensionList.C0.BoxedType>
            <Collection>
               <PrivateExtension.Sequence>
                  <extId><ObjectIdentifier>0.1.260.6.127.84</ObjectIdentifier></extId>
                  <extType>22abe96d91</extType>
               </PrivateExtension.Sequence>
               <PrivateExtension.Sequence>
                  <extId><ObjectIdentifier>0.1.2</ObjectIdentifier></extId>
                  <extType>ab2482764ee47eaf27</extType>
               </PrivateExtension.Sequence>
               <PrivateExtension.Sequence>
                  <extId><ObjectIdentifier>0.1.2</ObjectIdentifier></extId>
                  <extType>3c9875c5</extType>
               </PrivateExtension.Sequence>
            </Collection>
         </privateExtensionList.C0.BoxedType>
         <pcsExtensions.C1.Sequence></pcsExtensions.C1.Sequence>
      </extensionContainer.Sequence>
   </AnyTimeInterrogationRes.Sequence>
</ASN>