<?xml version="1.0" encoding="UTF-8"?>

<ASN layer="MAP">
   <ATI_NotAllowedParam.Sequence><extensionContainer.Sequence>
         <privateExtensionList.C0.BoxedType>
            <Collection>
               <PrivateExtension.Sequence>
                  <extId><ObjectIdentifier>0.1.2112.13.38</ObjectIdentifier></extId>
                  <extType>967048134e5233b4</extType>
               </PrivateExtension.Sequence>
               <PrivateExtension.Sequence>
                  <extId><ObjectIdentifier>0.1.2124.61.41.0.46.38</ObjectIdentifier></extId>
                  <extType>4a10b8d1</extType>
               </PrivateExtension.Sequence>
               <PrivateExtension.Sequence>
                  <extId><ObjectIdentifier>0.1.262.51</ObjectIdentifier></extId>
                  <extType>73e1e4910f3f4e94</extType>
               </PrivateExtension.Sequence>
            </Collection>
         </privateExtensionList.C0.BoxedType>
         <pcsExtensions.C1.Sequence></pcsExtensions.C1.Sequence>
      </extensionContainer.Sequence></ATI_NotAllowedParam.Sequence>
</ASN>