<?xml version="1.0" encoding="UTF-8"?>

<ASN layer="MAP">
   <ATSI_NotAllowedParam.Sequence><extensionContainer.Sequence>
         <privateExtensionList.C0.BoxedType>
            <Collection>
               <PrivateExtension.Sequence>
                  <extId><ObjectIdentifier>0.1.2</ObjectIdentifier></extId>
                  <extType>be0d61ccb7c5</extType>
               </PrivateExtension.Sequence>
               <PrivateExtension.Sequence>
                  <extId><ObjectIdentifier>0.1.250.89</ObjectIdentifier></extId>
                  <extType>fe0607bd7213da864112</extType>
               </PrivateExtension.Sequence>
               <PrivateExtension.Sequence>
                  <extId><ObjectIdentifier>0.1.2118.21.18.74.55.19.67.85</ObjectIdentifier></extId>
                  <extType>cf37b470</extType>
               </PrivateExtension.Sequence>
            </Collection>
         </privateExtensionList.C0.BoxedType>
         <pcsExtensions.C1.Sequence></pcsExtensions.C1.Sequence>
      </extensionContainer.Sequence></ATSI_NotAllowedParam.Sequence>
</ASN>