<?xml version="1.0" encoding="UTF-8"?>

<ASN layer="MAP">
   <BcsmCamelTDPData.Sequence>
      <bcsmTriggerDetectionPoint.Enum>
         <EnumType>tBusy.13</EnumType>
      </bcsmTriggerDetectionPoint.Enum>
      <serviceKey.BoxedType><Integer>1</Integer></serviceKey.BoxedType>
      <gsmSCFAddress.C0.BoxedType><Bytes>f96adc374b0761ac</Bytes></gsmSCFAddress.C0.BoxedType>
      <defaultCallHandling.C1.Enum>
         <EnumType>continueCall.0</EnumType>
      </defaultCallHandling.C1.Enum>
      <extensionContainer.C2.Sequence>
         <privateExtensionList.C0.BoxedType>
            <Collection>
               <PrivateExtension.Sequence>
                  <extId><ObjectIdentifier>0.1.269</ObjectIdentifier></extId>
                  <extType>09483a89a9</extType>
               </PrivateExtension.Sequence>
               <PrivateExtension.Sequence>
                  <extId><ObjectIdentifier>0.1.2</ObjectIdentifier></extId>
                  <extType>439d9ed641fc61b253</extType>
               </PrivateExtension.Sequence>
               <PrivateExtension.Sequence>
                  <extId><ObjectIdentifier>0.1.254.73.117.126.115.71.84.10.40</ObjectIdentifier></extId>
                  <extType>7a7ffb747c84</extType>
               </PrivateExtension.Sequence>
            </Collection>
         </privateExtensionList.C0.BoxedType>
         <pcsExtensions.C1.Sequence></pcsExtensions.C1.Sequence>
      </extensionContainer.C2.Sequence>
   </BcsmCamelTDPData.Sequence>
</ASN>