<?xml version="1.0" encoding="UTF-8"?>

<ASN layer="MAP">
   <CancelLocationArg.BoxedType><CancelLocationArgSequenceType.C3.Sequence>
         <identity.Choice>
            <imsi.BoxedType><Bytes>0248729291
                  <field name="digits" value="2084272919" type="Number_BCD" length="5" />
               </Bytes></imsi.BoxedType>
            <imsi_WithLMSI.Sequence>
               <imsi.BoxedType><Bytes>9164026073
                     <field name="digits" value="1946200637" type="Number_BCD" length="5" />
                  </Bytes></imsi.BoxedType>
               <lmsi.BoxedType><Bytes>900dd725
                     <field name="digits" value="900dd725" type="Binary" length="4" />
                  </Bytes></lmsi.BoxedType>
            </imsi_WithLMSI.Sequence>
         </identity.Choice>
         <cancellationType.Enum>
            <EnumType>updateProcedure.0</EnumType>
         </cancellationType.Enum>
         <extensionContainer.Sequence>
            <privateExtensionList.C0.BoxedType>
               <Collection>
                  <PrivateExtension.Sequence>
                     <extId><ObjectIdentifier>0.1.232</ObjectIdentifier></extId>
                     <extType>c2df</extType>
                  </PrivateExtension.Sequence>
                  <PrivateExtension.Sequence>
                     <extId><ObjectIdentifier>0.1.228.6</ObjectIdentifier></extId>
                     <extType>0475</extType>
                  </PrivateExtension.Sequence>
                  <PrivateExtension.Sequence>
                     <extId><ObjectIdentifier>0.1.2101.89.4.34.106.18.13.114</ObjectIdentifier></extId>
                     <extType>813f95cc56a1b317</extType>
                  </PrivateExtension.Sequence>
               </Collection>
            </privateExtensionList.C0.BoxedType>
            <pcsExtensions.C1.Sequence></pcsExtensions.C1.Sequence>
         </extensionContainer.Sequence>
      </CancelLocationArgSequenceType.C3.Sequence></CancelLocationArg.BoxedType>
</ASN>