<?xml version="1.0" encoding="UTF-8"?>

<ASN layer="MAP">
   <CancelLocationRes.Sequence><extensionContainer.Sequence>
         <privateExtensionList.C0.BoxedType>
            <Collection>
               <PrivateExtension.Sequence>
                  <extId><ObjectIdentifier>0.1.269.44.119.84.6.59.89.75</ObjectIdentifier></extId>
                  <extType>3e1e0186a9c4d66c42</extType>
               </PrivateExtension.Sequence>
               <PrivateExtension.Sequence>
                  <extId><ObjectIdentifier>0.1.282.89</ObjectIdentifier></extId>
                  <extType>ff99606275d732</extType>
               </PrivateExtension.Sequence>
               <PrivateExtension.Sequence>
                  <extId><ObjectIdentifier>0.1.2114.76.126.76</ObjectIdentifier></extId>
                  <extType>fb6410fb1f</extType>
               </PrivateExtension.Sequence>
            </Collection>
         </privateExtensionList.C0.BoxedType>
         <pcsExtensions.C1.Sequence></pcsExtensions.C1.Sequence>
      </extensionContainer.Sequence></CancelLocationRes.Sequence>
</ASN>