<?xml version="1.0" encoding="UTF-8"?>

<ASN layer="MAP">
   <CheckIMEIArgV3.Sequence>
      <imei.BoxedType><TBCD_STRING.BoxedType><Bytes>3160698115
               <field name="digits" value="1306961851" type="Number_BCD" length="5" />
            </Bytes></TBCD_STRING.BoxedType></imei.BoxedType>
      <requestedEquipmentInfo.BoxedType><BitString><BitString value="9ec70167a6ef3b5117b3a3e2a42710fae07f" trailing="0"/></BitString></requestedEquipmentInfo.BoxedType>
      <extensionContainer.Sequence>
         <privateExtensionList.C0.BoxedType>
            <Collection>
               <PrivateExtension.Sequence>
                  <extId><ObjectIdentifier>0.1.271.37.31.80.38.89.14</ObjectIdentifier></extId>
                  <extType>8806c1be4d69</extType>
               </PrivateExtension.Sequence>
               <PrivateExtension.Sequence>
                  <extId><ObjectIdentifier>0.1.2</ObjectIdentifier></extId>
                  <extType>70dda0e7</extType>
               </PrivateExtension.Sequence>
               <PrivateExtension.Sequence>
                  <extId><ObjectIdentifier>0.1.298.123.76.113</ObjectIdentifier></extId>
                  <extType>0c3eebac2c5534f1e3b3</extType>
               </PrivateExtension.Sequence>
            </Collection>
         </privateExtensionList.C0.BoxedType>
         <pcsExtensions.C1.Sequence></pcsExtensions.C1.Sequence>
      </extensionContainer.Sequence>
   </CheckIMEIArgV3.Sequence>
</ASN>