<?xml version="1.0" encoding="UTF-8"?>

<ASN layer="MAP">
   <Component.Choice>
      <invoke.C1.Sequence>
         <invokeID.BoxedType><Integer>0</Integer></invokeID.BoxedType>
         <linkedID.C0.BoxedType><Integer>1</Integer></linkedID.C0.BoxedType>
         <opCode.Choice>
            <localValue.BoxedType><Long>417810394</Long></localValue.BoxedType>
            <globalValue><ObjectIdentifier>0.1.281.12.68</ObjectIdentifier></globalValue>
         </opCode.Choice>
         <invokeparameter>9793dfc3bd6e97</invokeparameter>
      </invoke.C1.Sequence>
      <returnResultLast.C2.Sequence>
         <invokeID.BoxedType><Integer>1</Integer></invokeID.BoxedType>
         <resultretres.Sequence>
            <opCode.Choice>
               <localValue.BoxedType><Long>1802330554</Long></localValue.BoxedType>
               <globalValue><ObjectIdentifier>0.1.225.45</ObjectIdentifier></globalValue>
            </opCode.Choice>
            <returnparameter>a1763838d9420c99</returnparameter>
         </resultretres.Sequence>
      </returnResultLast.C2.Sequence>
      <returnError.C3.Sequence>
         <invokeID.BoxedType><Integer>0</Integer></invokeID.BoxedType>
         <errorCode.Choice>
            <localValue.BoxedType><Long>3614321305</Long></localValue.BoxedType>
            <globalValue><ObjectIdentifier>0.1.257</ObjectIdentifier></globalValue>
         </errorCode.Choice>
         <errorparameter>0810462a9f</errorparameter>
      </returnError.C3.Sequence>
      <reject.C4.Sequence>
         <invokeIDRej.Choice>
            <derivable.BoxedType><Integer>0</Integer></derivable.BoxedType>
            <not_derivable></not_derivable>
         </invokeIDRej.Choice>
         <problem.Choice>
            <generalProblem.C0.BoxedType><Long>1474726360</Long></generalProblem.C0.BoxedType>
            <invokeProblem.C1.BoxedType><Long>1029568850</Long></invokeProblem.C1.BoxedType>
            <returnResultProblem.C2.BoxedType><Long>3414738387</Long></returnResultProblem.C2.BoxedType>
            <returnErrorProblem.C3.BoxedType><Long>4154716372</Long></returnErrorProblem.C3.BoxedType>
         </problem.Choice>
      </reject.C4.Sequence>
   </Component.Choice>
</ASN>