<?xml version="1.0" encoding="UTF-8"?>

<ASN layer="MAP">
   <CUG_RejectParam.Sequence>
      <cug_RejectCause.Enum>
         <EnumType>incomingCallsBarredWithinCUG.0</EnumType>
      </cug_RejectCause.Enum>
      <extensionContainer.Sequence>
         <privateExtensionList.C0.BoxedType>
            <Collection>
               <PrivateExtension.Sequence>
                  <extId><ObjectIdentifier>0.1.216.84.105.40.79</ObjectIdentifier></extId>
                  <extType>738717bc630309ab</extType>
               </PrivateExtension.Sequence>
               <PrivateExtension.Sequence>
                  <extId><ObjectIdentifier>0.1.262.51.37.64.60.14.11.63.14</ObjectIdentifier></extId>
                  <extType>3f4e16fc248b7fed</extType>
               </PrivateExtension.Sequence>
               <PrivateExtension.Sequence>
                  <extId><ObjectIdentifier>0.1.2101.85.47.67.44.93.38.119</ObjectIdentifier></extId>
                  <extType>fe5a0c</extType>
               </PrivateExtension.Sequence>
            </Collection>
         </privateExtensionList.C0.BoxedType>
         <pcsExtensions.C1.Sequence></pcsExtensions.C1.Sequence>
      </extensionContainer.Sequence>
   </CUG_RejectParam.Sequence>
</ASN>