<?xml version="1.0" encoding="UTF-8"?>

<ASN layer="MAP">
   <DeactivateTraceModeArg.Sequence>
      <imsi.C0.BoxedType><Bytes>8147717019
            <field name="digits" value="1874170791" type="Number_BCD" length="5" />
         </Bytes></imsi.C0.BoxedType>
      <traceReference.C1>4e968fa857daa6cabb</traceReference.C1>
      <extensionContainer.C2.Sequence>
         <privateExtensionList.C0.BoxedType>
            <Collection>
               <PrivateExtension.Sequence>
                  <extId><ObjectIdentifier>0.1.259.30.98.38.117.97.21</ObjectIdentifier></extId>
                  <extType>58cfad8c79a914f4</extType>
               </PrivateExtension.Sequence>
               <PrivateExtension.Sequence>
                  <extId><ObjectIdentifier>0.1.257.102.27.91.60.17.114.0</ObjectIdentifier></extId>
                  <extType>46709db84487</extType>
               </PrivateExtension.Sequence>
               <PrivateExtension.Sequence>
                  <extId><ObjectIdentifier>0.1.290.104.69.119.92.18.77</ObjectIdentifier></extId>
                  <extType>812eab72c8</extType>
               </PrivateExtension.Sequence>
            </Collection>
         </privateExtensionList.C0.BoxedType>
         <pcsExtensions.C1.Sequence></pcsExtensions.C1.Sequence>
      </extensionContainer.C2.Sequence>
   </DeactivateTraceModeArg.Sequence>
</ASN>