<?xml version="1.0" encoding="UTF-8"?>

<ASN layer="MAP">
   <DP_AnalysedInfoCriterium.Sequence>
      <dialledNumber.BoxedType><Bytes>643165667392
            <field name="extension" value="extension:0" type="EnumLong" lengthBit="1" />
            <field name="nature of address" value="abbreviated number:6" type="EnumLong" lengthBit="3" />
            <field name="numbering plan" value="telex numbering plan (ITU-T Rec F.69):4" type="EnumLong" lengthBit="4" />
            <field name="digits" value="1356663729" type="Number_BCD" length="5" />
         </Bytes></dialledNumber.BoxedType>
      <serviceKey.BoxedType><Integer>1</Integer></serviceKey.BoxedType>
      <gsmSCF_Address.BoxedType><Bytes>460164151048
            <field name="extension" value="extension:0" type="EnumLong" lengthBit="1" />
            <field name="nature of address" value="subscriber number:4" type="EnumLong" lengthBit="3" />
            <field name="numbering plan" value="land mobile numbering plan (ITU-T Rec E.212):6" type="EnumLong" lengthBit="4" />
            <field name="digits" value="1046510184" type="Number_BCD" length="5" />
         </Bytes></gsmSCF_Address.BoxedType>
      <defaultCallHandling.Enum>
         <EnumType>continueCall.0</EnumType>
      </defaultCallHandling.Enum>
      <extensionContainer.Sequence>
         <privateExtensionList.C0.BoxedType>
            <Collection>
               <PrivateExtension.Sequence>
                  <extId><ObjectIdentifier>0.1.287</ObjectIdentifier></extId>
                  <extType>dfd1d5505cc7711285</extType>
               </PrivateExtension.Sequence>
               <PrivateExtension.Sequence>
                  <extId><ObjectIdentifier>0.1.224.80.3.79.96.96.73</ObjectIdentifier></extId>
                  <extType>6aa41dab0fcc26fe4d</extType>
               </PrivateExtension.Sequence>
               <PrivateExtension.Sequence>
                  <extId><ObjectIdentifier>0.1.2</ObjectIdentifier></extId>
                  <extType>8412b302</extType>
               </PrivateExtension.Sequence>
            </Collection>
         </privateExtensionList.C0.BoxedType>
         <pcsExtensions.C1.Sequence></pcsExtensions.C1.Sequence>
      </extensionContainer.Sequence>
   </DP_AnalysedInfoCriterium.Sequence>
</ASN>