<?xml version="1.0" encoding="UTF-8"?>

<ASN layer="MAP">
   <Ext_SS_Info.Choice>
      <forwardingInfo.C0.Sequence>
         <ss_Code.BoxedType><Bytes>02f3</Bytes></ss_Code.BoxedType>
         <forwardingFeatureList.BoxedType>
            <Collection>
               <Ext_ForwFeature.Sequence>
                  <basicService.Choice>
                     <ext_BearerService.C2.BoxedType><Bytes>8c480b756dfa</Bytes></ext_BearerService.C2.BoxedType>
                     <ext_Teleservice.C3.BoxedType><Bytes>fecf3e7acb
                           <field name="Code" value="254" type="EnumLong" length="1" />
                           <field name="Extension data" value="cf3e7acb" type="Binary" length="4" />
                        </Bytes></ext_Teleservice.C3.BoxedType>
                  </basicService.Choice>
                  <ss_Status.C4.BoxedType><Bytes>81a590429f</Bytes></ss_Status.C4.BoxedType>
                  <forwardedToNumber.C5.BoxedType><Bytes>408125359225
                        <field name="extension" value="extension:0" type="EnumLong" lengthBit="1" />
                        <field name="nature of address" value="subscriber number:4" type="EnumLong" lengthBit="3" />
                        <field name="numbering plan" value="unknown:0" type="EnumLong" lengthBit="4" />
                        <field name="digits" value="1852532952" type="Number_BCD" length="5" />
                     </Bytes></forwardedToNumber.C5.BoxedType>
                  <forwardedToSubaddress.C8.BoxedType><Bytes>875ac06f3d4da61b77</Bytes></forwardedToSubaddress.C8.BoxedType>
                  <forwardingOptions.C6.BoxedType><Bytes>b02206b326</Bytes></forwardingOptions.C6.BoxedType>
                  <noReplyConditionTime.C7.BoxedType><Integer>2</Integer></noReplyConditionTime.C7.BoxedType>
                  <extensionContainer.C9.Sequence>
                     <privateExtensionList.C0.BoxedType>
                        <Collection>
                           <PrivateExtension.Sequence>
                              <extId><ObjectIdentifier>0.1.246</ObjectIdentifier></extId>
                              <extType>ecff0f</extType>
                           </PrivateExtension.Sequence>
                           <PrivateExtension.Sequence>
                              <extId><ObjectIdentifier>0.1.247.37.8.34.20.115.60.125</ObjectIdentifier></extId>
                              <extType>d04f32</extType>
                           </PrivateExtension.Sequence>
                           <PrivateExtension.Sequence>
                              <extId><ObjectIdentifier>0.1.272.120.103.106.46.92.90</ObjectIdentifier></extId>
                              <extType>48ac95fa28cc</extType>
                           </PrivateExtension.Sequence>
                        </Collection>
                     </privateExtensionList.C0.BoxedType>
                     <pcsExtensions.C1.Sequence></pcsExtensions.C1.Sequence>
                  </extensionContainer.C9.Sequence>
                  <longForwardedToNumber.C10.BoxedType><AddressString.BoxedType><Bytes>4106307012f4
                           <field name="extension" value="extension:0" type="EnumLong" lengthBit="1" />
                           <field name="nature of address" value="subscriber number:4" type="EnumLong" lengthBit="3" />
                           <field name="numbering plan" value="ISDN/Telephony Numbering Plan (Rec ITU-T E.164):1" type="EnumLong" lengthBit="4" />
                           <field name="digits" value="600307214" type="Number_BCD" lengthBit="36" />
                        </Bytes></AddressString.BoxedType></longForwardedToNumber.C10.BoxedType>
               </Ext_ForwFeature.Sequence>
               <Ext_ForwFeature.Sequence>
                  <basicService.Choice>
                     <ext_BearerService.C2.BoxedType><Bytes>93dbbd10daa1e828</Bytes></ext_BearerService.C2.BoxedType>
                     <ext_Teleservice.C3.BoxedType><Bytes>dd3fb967a6
                           <field name="Code" value="plmn-specificTS-D:221" type="EnumLong" length="1" />
                           <field name="Extension data" value="3fb967a6" type="Binary" length="4" />
                        </Bytes></ext_Teleservice.C3.BoxedType>
                  </basicService.Choice>
                  <ss_Status.C4.BoxedType><Bytes>95610fe54d8287cb86</Bytes></ss_Status.C4.BoxedType>
                  <forwardedToNumber.C5.BoxedType><Bytes>0668708999f5
                        <field name="extension" value="extension:0" type="EnumLong" lengthBit="1" />
                        <field name="nature of address" value="unknown:0" type="EnumLong" lengthBit="3" />
                        <field name="numbering plan" value="land mobile numbering plan (ITU-T Rec E.212):6" type="EnumLong" lengthBit="4" />
                        <field name="digits" value="860798995" type="Number_BCD" lengthBit="36" />
                     </Bytes></forwardedToNumber.C5.BoxedType>
                  <forwardedToSubaddress.C8.BoxedType><Bytes>239eed</Bytes></forwardedToSubaddress.C8.BoxedType>
                  <forwardingOptions.C6.BoxedType><Bytes>052b16dcac2320db</Bytes></forwardingOptions.C6.BoxedType>
                  <noReplyConditionTime.C7.BoxedType><Integer>1</Integer></noReplyConditionTime.C7.BoxedType>
                  <extensionContainer.C9.Sequence>
                     <privateExtensionList.C0.BoxedType>
                        <Collection>
                           <PrivateExtension.Sequence>
                              <extId><ObjectIdentifier>0.1.239.60.122.89.19.80</ObjectIdentifier></extId>
                              <extType>7b09320dd993439322</extType>
                           </PrivateExtension.Sequence>
                           <PrivateExtension.Sequence>
                              <extId><ObjectIdentifier>0.1.237.75</ObjectIdentifier></extId>
                              <extType>8115c60d3c</extType>
                           </PrivateExtension.Sequence>
                           <PrivateExtension.Sequence>
                              <extId><ObjectIdentifier>0.1.281.113.44.24.48.109.62</ObjectIdentifier></extId>
                              <extType>2a8dfa23</extType>
                           </PrivateExtension.Sequence>
                        </Collection>
                     </privateExtensionList.C0.BoxedType>
                     <pcsExtensions.C1.Sequence></pcsExtensions.C1.Sequence>
                  </extensionContainer.C9.Sequence>
                  <longForwardedToNumber.C10.BoxedType><AddressString.BoxedType><Bytes>d06137679112
                           <field name="extension" value="no extension:1" type="EnumLong" lengthBit="1" />
                           <field name="nature of address" value="reserved:5" type="EnumLong" lengthBit="3" />
                           <field name="numbering plan" value="unknown:0" type="EnumLong" lengthBit="4" />
                           <field name="digits" value="1673761921" type="Number_BCD" length="5" />
                        </Bytes></AddressString.BoxedType></longForwardedToNumber.C10.BoxedType>
               </Ext_ForwFeature.Sequence>
               <Ext_ForwFeature.Sequence>
                  <basicService.Choice>
                     <ext_BearerService.C2.BoxedType><Bytes>ea2a688420dbebf33325</Bytes></ext_BearerService.C2.BoxedType>
                     <ext_Teleservice.C3.BoxedType><Bytes>32b2c5d9d7
                           <field name="Code" value="automaticFacsimileGroup3:50" type="EnumLong" length="1" />
                           <field name="Extension data" value="b2c5d9d7" type="Binary" length="4" />
                        </Bytes></ext_Teleservice.C3.BoxedType>
                  </basicService.Choice>
                  <ss_Status.C4.BoxedType><Bytes>e8dd</Bytes></ss_Status.C4.BoxedType>
                  <forwardedToNumber.C5.BoxedType><Bytes>c69172967698
                        <field name="extension" value="no extension:1" type="EnumLong" lengthBit="1" />
                        <field name="nature of address" value="subscriber number:4" type="EnumLong" lengthBit="3" />
                        <field name="numbering plan" value="land mobile numbering plan (ITU-T Rec E.212):6" type="EnumLong" lengthBit="4" />
                        <field name="digits" value="1927696789" type="Number_BCD" length="5" />
                     </Bytes></forwardedToNumber.C5.BoxedType>
                  <forwardedToSubaddress.C8.BoxedType><Bytes>a053c5b2941620</Bytes></forwardedToSubaddress.C8.BoxedType>
                  <forwardingOptions.C6.BoxedType><Bytes>0e6ea9</Bytes></forwardingOptions.C6.BoxedType>
                  <noReplyConditionTime.C7.BoxedType><Integer>2</Integer></noReplyConditionTime.C7.BoxedType>
                  <extensionContainer.C9.Sequence>
                     <privateExtensionList.C0.BoxedType>
                        <Collection>
                           <PrivateExtension.Sequence>
                              <extId><ObjectIdentifier>0.1.239.14.16.15</ObjectIdentifier></extId>
                              <extType>224ab0</extType>
                           </PrivateExtension.Sequence>
                           <PrivateExtension.Sequence>
                              <extId><ObjectIdentifier>0.1.227</ObjectIdentifier></extId>
                              <extType>1cfc</extType>
                           </PrivateExtension.Sequence>
                           <PrivateExtension.Sequence>
                              <extId><ObjectIdentifier>0.1.264</ObjectIdentifier></extId>
                              <extType>4eeedd10ff77a956903c</extType>
                           </PrivateExtension.Sequence>
                        </Collection>
                     </privateExtensionList.C0.BoxedType>
                     <pcsExtensions.C1.Sequence></pcsExtensions.C1.Sequence>
                  </extensionContainer.C9.Sequence>
                  <longForwardedToNumber.C10.BoxedType><AddressString.BoxedType><Bytes>7301306643f3
                           <field name="extension" value="extension:0" type="EnumLong" lengthBit="1" />
                           <field name="nature of address" value="reserved for extension:7" type="EnumLong" lengthBit="3" />
                           <field name="numbering plan" value="data numbering plan (ITU-T Rec X.121):3" type="EnumLong" lengthBit="4" />
                           <field name="digits" value="100366343" type="Number_BCD" lengthBit="36" />
                        </Bytes></AddressString.BoxedType></longForwardedToNumber.C10.BoxedType>
               </Ext_ForwFeature.Sequence>
            </Collection>
         </forwardingFeatureList.BoxedType>
         <extensionContainer.C0.Sequence>
            <privateExtensionList.C0.BoxedType>
               <Collection>
                  <PrivateExtension.Sequence>
                     <extId><ObjectIdentifier>0.1.297.80.55.89</ObjectIdentifier></extId>
                     <extType>0b8acedb</extType>
                  </PrivateExtension.Sequence>
                  <PrivateExtension.Sequence>
                     <extId><ObjectIdentifier>0.1.218.37</ObjectIdentifier></extId>
                     <extType>7c4d814a</extType>
                  </PrivateExtension.Sequence>
                  <PrivateExtension.Sequence>
                     <extId><ObjectIdentifier>0.1.22.7.40.1.82.20.108.67.117</ObjectIdentifier></extId>
                     <extType>1d31611c9432a9</extType>
                  </PrivateExtension.Sequence>
               </Collection>
            </privateExtensionList.C0.BoxedType>
            <pcsExtensions.C1.Sequence></pcsExtensions.C1.Sequence>
         </extensionContainer.C0.Sequence>
      </forwardingInfo.C0.Sequence>
      <callBarringInfo.C1.Sequence>
         <ss_Code.BoxedType><Bytes>16671d77d7</Bytes></ss_Code.BoxedType>
         <callBarringFeatureList.BoxedType>
            <Collection>
               <Ext_CallBarringFeature.Sequence>
                  <basicService.Choice>
                     <ext_BearerService.C2.BoxedType><Bytes>79a0381c8ed7</Bytes></ext_BearerService.C2.BoxedType>
                     <ext_Teleservice.C3.BoxedType><Bytes>3300bf5ff0
                           <field name="Code" value="facsimileGroup4:51" type="EnumLong" length="1" />
                           <field name="Extension data" value="00bf5ff0" type="Binary" length="4" />
                        </Bytes></ext_Teleservice.C3.BoxedType>
                  </basicService.Choice>
                  <ss_Status.C4.BoxedType><Bytes>bd2a52b5247bf720</Bytes></ss_Status.C4.BoxedType>
                  <extensionContainer.Sequence>
                     <privateExtensionList.C0.BoxedType>
                        <Collection>
                           <PrivateExtension.Sequence>
                              <extId><ObjectIdentifier>0.1.22</ObjectIdentifier></extId>
                              <extType>10592a096e9752</extType>
                           </PrivateExtension.Sequence>
                           <PrivateExtension.Sequence>
                              <extId><ObjectIdentifier>0.1.23.34.6</ObjectIdentifier></extId>
                              <extType>193408e7</extType>
                           </PrivateExtension.Sequence>
                           <PrivateExtension.Sequence>
                              <extId><ObjectIdentifier>0.1.2122</ObjectIdentifier></extId>
                              <extType>b5bd753db702e266</extType>
                           </PrivateExtension.Sequence>
                        </Collection>
                     </privateExtensionList.C0.BoxedType>
                     <pcsExtensions.C1.Sequence></pcsExtensions.C1.Sequence>
                  </extensionContainer.Sequence>
               </Ext_CallBarringFeature.Sequence>
               <Ext_CallBarringFeature.Sequence>
                  <basicService.Choice>
                     <ext_BearerService.C2.BoxedType><Bytes>3732f5efe1fa92f174</Bytes></ext_BearerService.C2.BoxedType>
                     <ext_Teleservice.C3.BoxedType><Bytes>d26fff133b
                           <field name="Code" value="plmn-specificTS-2:210" type="EnumLong" length="1" />
                           <field name="Extension data" value="6fff133b" type="Binary" length="4" />
                        </Bytes></ext_Teleservice.C3.BoxedType>
                  </basicService.Choice>
                  <ss_Status.C4.BoxedType><Bytes>7b</Bytes></ss_Status.C4.BoxedType>
                  <extensionContainer.Sequence>
                     <privateExtensionList.C0.BoxedType>
                        <Collection>
                           <PrivateExtension.Sequence>
                              <extId><ObjectIdentifier>0.1.275.101.87</ObjectIdentifier></extId>
                              <extType>a35f4a</extType>
                           </PrivateExtension.Sequence>
                           <PrivateExtension.Sequence>
                              <extId><ObjectIdentifier>0.1.2</ObjectIdentifier></extId>
                              <extType>7f2b63ac530cfa1d</extType>
                           </PrivateExtension.Sequence>
                           <PrivateExtension.Sequence>
                              <extId><ObjectIdentifier>0.1.246.82.105.28.66.55.82</ObjectIdentifier></extId>
                              <extType>03d381</extType>
                           </PrivateExtension.Sequence>
                        </Collection>
                     </privateExtensionList.C0.BoxedType>
                     <pcsExtensions.C1.Sequence></pcsExtensions.C1.Sequence>
                  </extensionContainer.Sequence>
               </Ext_CallBarringFeature.Sequence>
               <Ext_CallBarringFeature.Sequence>
                  <basicService.Choice>
                     <ext_BearerService.C2.BoxedType><Bytes>32d5ff</Bytes></ext_BearerService.C2.BoxedType>
                     <ext_Teleservice.C3.BoxedType><Bytes>df04a23e8d
                           <field name="Code" value="plmn-specificTS-F:223" type="EnumLong" length="1" />
                           <field name="Extension data" value="04a23e8d" type="Binary" length="4" />
                        </Bytes></ext_Teleservice.C3.BoxedType>
                  </basicService.Choice>
                  <ss_Status.C4.BoxedType><Bytes>152fec2edee6caf081dc</Bytes></ss_Status.C4.BoxedType>
                  <extensionContainer.Sequence>
                     <privateExtensionList.C0.BoxedType>
                        <Collection>
                           <PrivateExtension.Sequence>
                              <extId><ObjectIdentifier>0.1.235.3.13.80.120</ObjectIdentifier></extId>
                              <extType>6430f55f8d</extType>
                           </PrivateExtension.Sequence>
                           <PrivateExtension.Sequence>
                              <extId><ObjectIdentifier>0.1.24.71</ObjectIdentifier></extId>
                              <extType>00936daa0f4cdabdc1bc</extType>
                           </PrivateExtension.Sequence>
                           <PrivateExtension.Sequence>
                              <extId><ObjectIdentifier>0.1.233.93.4.11.60</ObjectIdentifier></extId>
                              <extType>fc27</extType>
                           </PrivateExtension.Sequence>
                        </Collection>
                     </privateExtensionList.C0.BoxedType>
                     <pcsExtensions.C1.Sequence></pcsExtensions.C1.Sequence>
                  </extensionContainer.Sequence>
               </Ext_CallBarringFeature.Sequence>
            </Collection>
         </callBarringFeatureList.BoxedType>
         <extensionContainer.Sequence>
            <privateExtensionList.C0.BoxedType>
               <Collection>
                  <PrivateExtension.Sequence>
                     <extId><ObjectIdentifier>0.1.2</ObjectIdentifier></extId>
                     <extType>416cb3</extType>
                  </PrivateExtension.Sequence>
                  <PrivateExtension.Sequence>
                     <extId><ObjectIdentifier>0.1.2108.6.49.22.47.38.70.71</ObjectIdentifier></extId>
                     <extType>7cf5f496f14389dc</extType>
                  </PrivateExtension.Sequence>
                  <PrivateExtension.Sequence>
                     <extId><ObjectIdentifier>0.1.267.119.50.122.86.83</ObjectIdentifier></extId>
                     <extType>058ca82fdec75885</extType>
                  </PrivateExtension.Sequence>
               </Collection>
            </privateExtensionList.C0.BoxedType>
            <pcsExtensions.C1.Sequence></pcsExtensions.C1.Sequence>
         </extensionContainer.Sequence>
      </callBarringInfo.C1.Sequence>
      <cug_Info.C2.Sequence>
         <cug_SubscriptionList.BoxedType>
            <Collection>
               <CUG_Subscription.Sequence>
                  <cug_Index.BoxedType><Integer>1</Integer></cug_Index.BoxedType>
                  <cug_Interlock.BoxedType><Bytes>0259932d4c0f2359</Bytes></cug_Interlock.BoxedType>
                  <intraCUG_Options.Enum>
                     <EnumType>cugOG_CallBarred.2</EnumType>
                  </intraCUG_Options.Enum>
                  <basicServiceGroupList.BoxedType>
                     <Collection>
                        <Ext_BasicServiceCode.Choice>
                           <ext_BearerService.C2.BoxedType><Bytes>a24d14</Bytes></ext_BearerService.C2.BoxedType>
                           <ext_Teleservice.C3.BoxedType><Bytes>80175ef420
                                 <field name="Code" value="allTeleservices-ExeptSMS:128" type="EnumLong" length="1" />
                                 <field name="Extension data" value="175ef420" type="Binary" length="4" />
                              </Bytes></ext_Teleservice.C3.BoxedType>
                        </Ext_BasicServiceCode.Choice>
                        <Ext_BasicServiceCode.Choice>
                           <ext_BearerService.C2.BoxedType><Bytes>dc1711fcfd</Bytes></ext_BearerService.C2.BoxedType>
                           <ext_Teleservice.C3.BoxedType><Bytes>dc00009efb
                                 <field name="Code" value="plmn-specificTS-C:220" type="EnumLong" length="1" />
                                 <field name="Extension data" value="00009efb" type="Binary" length="4" />
                              </Bytes></ext_Teleservice.C3.BoxedType>
                        </Ext_BasicServiceCode.Choice>
                        <Ext_BasicServiceCode.Choice>
                           <ext_BearerService.C2.BoxedType><Bytes>d248c6b325</Bytes></ext_BearerService.C2.BoxedType>
                           <ext_Teleservice.C3.BoxedType><Bytes>d3aaa57a65
                                 <field name="Code" value="plmn-specificTS-3:211" type="EnumLong" length="1" />
                                 <field name="Extension data" value="aaa57a65" type="Binary" length="4" />
                              </Bytes></ext_Teleservice.C3.BoxedType>
                        </Ext_BasicServiceCode.Choice>
                     </Collection>
                  </basicServiceGroupList.BoxedType>
                  <extensionContainer.C0.Sequence>
                     <privateExtensionList.C0.BoxedType>
                        <Collection>
                           <PrivateExtension.Sequence>
                              <extId><ObjectIdentifier>0.1.233.86.51.107.68.113.100.38.23</ObjectIdentifier></extId>
                              <extType>2042477b4e12c8</extType>
                           </PrivateExtension.Sequence>
                           <PrivateExtension.Sequence>
                              <extId><ObjectIdentifier>0.1.273.23.124</ObjectIdentifier></extId>
                              <extType>bcf4e2a0</extType>
                           </PrivateExtension.Sequence>
                           <PrivateExtension.Sequence>
                              <extId><ObjectIdentifier>0.1.288</ObjectIdentifier></extId>
                              <extType>d78f825eca323f43</extType>
                           </PrivateExtension.Sequence>
                        </Collection>
                     </privateExtensionList.C0.BoxedType>
                     <pcsExtensions.C1.Sequence></pcsExtensions.C1.Sequence>
                  </extensionContainer.C0.Sequence>
               </CUG_Subscription.Sequence>
               <CUG_Subscription.Sequence>
                  <cug_Index.BoxedType><Integer>2</Integer></cug_Index.BoxedType>
                  <cug_Interlock.BoxedType><Bytes>25e807e587</Bytes></cug_Interlock.BoxedType>
                  <intraCUG_Options.Enum>
                     <EnumType>cugIC_CallBarred.1</EnumType>
                  </intraCUG_Options.Enum>
                  <basicServiceGroupList.BoxedType>
                     <Collection>
                        <Ext_BasicServiceCode.Choice>
                           <ext_BearerService.C2.BoxedType><Bytes>ce082387</Bytes></ext_BearerService.C2.BoxedType>
                           <ext_Teleservice.C3.BoxedType><Bytes>22971cf2d6
                                 <field name="Code" value="shortMessageMO-PP:34" type="EnumLong" length="1" />
                                 <field name="Extension data" value="971cf2d6" type="Binary" length="4" />
                              </Bytes></ext_Teleservice.C3.BoxedType>
                        </Ext_BasicServiceCode.Choice>
                        <Ext_BasicServiceCode.Choice>
                           <ext_BearerService.C2.BoxedType><Bytes>05f7dd5cbf6eea98</Bytes></ext_BearerService.C2.BoxedType>
                           <ext_Teleservice.C3.BoxedType><Bytes>bf000000c6
                                 <field name="Code" value="191" type="EnumLong" length="1" />
                                 <field name="Extension data" value="000000c6" type="Binary" length="4" />
                              </Bytes></ext_Teleservice.C3.BoxedType>
                        </Ext_BasicServiceCode.Choice>
                        <Ext_BasicServiceCode.Choice>
                           <ext_BearerService.C2.BoxedType><Bytes>7818</Bytes></ext_BearerService.C2.BoxedType>
                           <ext_Teleservice.C3.BoxedType><Bytes>9a0000bd8b
                                 <field name="Code" value="154" type="EnumLong" length="1" />
                                 <field name="Extension data" value="0000bd8b" type="Binary" length="4" />
                              </Bytes></ext_Teleservice.C3.BoxedType>
                        </Ext_BasicServiceCode.Choice>
                     </Collection>
                  </basicServiceGroupList.BoxedType>
                  <extensionContainer.C0.Sequence>
                     <privateExtensionList.C0.BoxedType>
                        <Collection>
                           <PrivateExtension.Sequence>
                              <extId><ObjectIdentifier>0.1.2</ObjectIdentifier></extId>
                              <extType>1894dd490696</extType>
                           </PrivateExtension.Sequence>
                           <PrivateExtension.Sequence>
                              <extId><ObjectIdentifier>0.1.261.92.91</ObjectIdentifier></extId>
                              <extType>6f</extType>
                           </PrivateExtension.Sequence>
                           <PrivateExtension.Sequence>
                              <extId><ObjectIdentifier>0.1.238.73.90.10.14.63.56.78.93.90</ObjectIdentifier></extId>
                              <extType>28f7abfe21d0e9a9</extType>
                           </PrivateExtension.Sequence>
                        </Collection>
                     </privateExtensionList.C0.BoxedType>
                     <pcsExtensions.C1.Sequence></pcsExtensions.C1.Sequence>
                  </extensionContainer.C0.Sequence>
               </CUG_Subscription.Sequence>
               <CUG_Subscription.Sequence>
                  <cug_Index.BoxedType><Integer>1</Integer></cug_Index.BoxedType>
                  <cug_Interlock.BoxedType><Bytes>fe9a067c4c903394</Bytes></cug_Interlock.BoxedType>
                  <intraCUG_Options.Enum>
                     <EnumType>noCUG_Restrictions.0</EnumType>
                  </intraCUG_Options.Enum>
                  <basicServiceGroupList.BoxedType>
                     <Collection>
                        <Ext_BasicServiceCode.Choice>
                           <ext_BearerService.C2.BoxedType><Bytes>afd8</Bytes></ext_BearerService.C2.BoxedType>
                           <ext_Teleservice.C3.BoxedType><Bytes>64000000fe
                                 <field name="Code" value="100" type="EnumLong" length="1" />
                                 <field name="Extension data" value="000000fe" type="Binary" length="4" />
                              </Bytes></ext_Teleservice.C3.BoxedType>
                        </Ext_BasicServiceCode.Choice>
                        <Ext_BasicServiceCode.Choice>
                           <ext_BearerService.C2.BoxedType><Bytes>f929e6ae5aa7</Bytes></ext_BearerService.C2.BoxedType>
                           <ext_Teleservice.C3.BoxedType><Bytes>99d707b027
                                 <field name="Code" value="153" type="EnumLong" length="1" />
                                 <field name="Extension data" value="d707b027" type="Binary" length="4" />
                              </Bytes></ext_Teleservice.C3.BoxedType>
                        </Ext_BasicServiceCode.Choice>
                        <Ext_BasicServiceCode.Choice>
                           <ext_BearerService.C2.BoxedType><Bytes>7d37</Bytes></ext_BearerService.C2.BoxedType>
                           <ext_Teleservice.C3.BoxedType><Bytes>6bc05a9c5a
                                 <field name="Code" value="107" type="EnumLong" length="1" />
                                 <field name="Extension data" value="c05a9c5a" type="Binary" length="4" />
                              </Bytes></ext_Teleservice.C3.BoxedType>
                        </Ext_BasicServiceCode.Choice>
                     </Collection>
                  </basicServiceGroupList.BoxedType>
                  <extensionContainer.C0.Sequence>
                     <privateExtensionList.C0.BoxedType>
                        <Collection>
                           <PrivateExtension.Sequence>
                              <extId><ObjectIdentifier>0.1.265.45</ObjectIdentifier></extId>
                              <extType>af7a38170950d98b</extType>
                           </PrivateExtension.Sequence>
                           <PrivateExtension.Sequence>
                              <extId><ObjectIdentifier>0.1.2125.11.17.20.70.27.9</ObjectIdentifier></extId>
                              <extType>d97822c4c15a55</extType>
                           </PrivateExtension.Sequence>
                           <PrivateExtension.Sequence>
                              <extId><ObjectIdentifier>0.1.2120.94.34.104.106.111</ObjectIdentifier></extId>
                              <extType>b153eec193cc001b</extType>
                           </PrivateExtension.Sequence>
                        </Collection>
                     </privateExtensionList.C0.BoxedType>
                     <pcsExtensions.C1.Sequence></pcsExtensions.C1.Sequence>
                  </extensionContainer.C0.Sequence>
               </CUG_Subscription.Sequence>
            </Collection>
         </cug_SubscriptionList.BoxedType>
         <cug_FeatureList.BoxedType>
            <Collection>
               <CUG_Feature.Sequence>
                  <basicService.Choice>
                     <ext_BearerService.C2.BoxedType><Bytes>892e</Bytes></ext_BearerService.C2.BoxedType>
                     <ext_Teleservice.C3.BoxedType><Bytes>5139473b04
                           <field name="Code" value="81" type="EnumLong" length="1" />
                           <field name="Extension data" value="39473b04" type="Binary" length="4" />
                        </Bytes></ext_Teleservice.C3.BoxedType>
                  </basicService.Choice>
                  <preferentialCUG_Indicator.BoxedType><Integer>1</Integer></preferentialCUG_Indicator.BoxedType>
                  <interCUG_Restrictions.BoxedType><Bytes>18b29087</Bytes></interCUG_Restrictions.BoxedType>
                  <extensionContainer.Sequence>
                     <privateExtensionList.C0.BoxedType>
                        <Collection>
                           <PrivateExtension.Sequence>
                              <extId><ObjectIdentifier>0.1.280.71.105.93.20.39.117.116.80.116</ObjectIdentifier></extId>
                              <extType>1522cc2ac8fe8effc2</extType>
                           </PrivateExtension.Sequence>
                           <PrivateExtension.Sequence>
                              <extId><ObjectIdentifier>0.1.272.53.122.21.8.70.1</ObjectIdentifier></extId>
                              <extType>38956c667a4d</extType>
                           </PrivateExtension.Sequence>
                           <PrivateExtension.Sequence>
                              <extId><ObjectIdentifier>0.1.2113.102.50</ObjectIdentifier></extId>
                              <extType>23a6460fe9b1c3655e08</extType>
                           </PrivateExtension.Sequence>
                        </Collection>
                     </privateExtensionList.C0.BoxedType>
                     <pcsExtensions.C1.Sequence></pcsExtensions.C1.Sequence>
                  </extensionContainer.Sequence>
               </CUG_Feature.Sequence>
               <CUG_Feature.Sequence>
                  <basicService.Choice>
                     <ext_BearerService.C2.BoxedType><Bytes>b691b296bf2e</Bytes></ext_BearerService.C2.BoxedType>
                     <ext_Teleservice.C3.BoxedType><Bytes>1d0000ac7f
                           <field name="Code" value="29" type="EnumLong" length="1" />
                           <field name="Extension data" value="0000ac7f" type="Binary" length="4" />
                        </Bytes></ext_Teleservice.C3.BoxedType>
                  </basicService.Choice>
                  <preferentialCUG_Indicator.BoxedType><Integer>1</Integer></preferentialCUG_Indicator.BoxedType>
                  <interCUG_Restrictions.BoxedType><Bytes>07b0e1a3</Bytes></interCUG_Restrictions.BoxedType>
                  <extensionContainer.Sequence>
                     <privateExtensionList.C0.BoxedType>
                        <Collection>
                           <PrivateExtension.Sequence>
                              <extId><ObjectIdentifier>0.1.2116.97.108.63.21.115</ObjectIdentifier></extId>
                              <extType>151580</extType>
                           </PrivateExtension.Sequence>
                           <PrivateExtension.Sequence>
                              <extId><ObjectIdentifier>0.1.2118.3.84.91.33.11.56.78.71</ObjectIdentifier></extId>
                              <extType>9236eb8018</extType>
                           </PrivateExtension.Sequence>
                           <PrivateExtension.Sequence>
                              <extId><ObjectIdentifier>0.1.238.38.11.50.13.67.7.46.89.79</ObjectIdentifier></extId>
                              <extType>f1dc24a4e9d0ddf7</extType>
                           </PrivateExtension.Sequence>
                        </Collection>
                     </privateExtensionList.C0.BoxedType>
                     <pcsExtensions.C1.Sequence></pcsExtensions.C1.Sequence>
                  </extensionContainer.Sequence>
               </CUG_Feature.Sequence>
               <CUG_Feature.Sequence>
                  <basicService.Choice>
                     <ext_BearerService.C2.BoxedType><Bytes>6c7585</Bytes></ext_BearerService.C2.BoxedType>
                     <ext_Teleservice.C3.BoxedType><Bytes>db000012c0
                           <field name="Code" value="plmn-specificTS-B:219" type="EnumLong" length="1" />
                           <field name="Extension data" value="000012c0" type="Binary" length="4" />
                        </Bytes></ext_Teleservice.C3.BoxedType>
                  </basicService.Choice>
                  <preferentialCUG_Indicator.BoxedType><Integer>2</Integer></preferentialCUG_Indicator.BoxedType>
                  <interCUG_Restrictions.BoxedType><Bytes>459e3886cd631253ba</Bytes></interCUG_Restrictions.BoxedType>
                  <extensionContainer.Sequence>
                     <privateExtensionList.C0.BoxedType>
                        <Collection>
                           <PrivateExtension.Sequence>
                              <extId><ObjectIdentifier>0.1.256.103.2.64.67</ObjectIdentifier></extId>
                              <extType>7f7f40dbbd</extType>
                           </PrivateExtension.Sequence>
                           <PrivateExtension.Sequence>
                              <extId><ObjectIdentifier>0.1.254.37</ObjectIdentifier></extId>
                              <extType>dd880fc2b8</extType>
                           </PrivateExtension.Sequence>
                           <PrivateExtension.Sequence>
                              <extId><ObjectIdentifier>0.1.2</ObjectIdentifier></extId>
                              <extType>f068484310</extType>
                           </PrivateExtension.Sequence>
                        </Collection>
                     </privateExtensionList.C0.BoxedType>
                     <pcsExtensions.C1.Sequence></pcsExtensions.C1.Sequence>
                  </extensionContainer.Sequence>
               </CUG_Feature.Sequence>
            </Collection>
         </cug_FeatureList.BoxedType>
         <extensionContainer.C0.Sequence>
            <privateExtensionList.C0.BoxedType>
               <Collection>
                  <PrivateExtension.Sequence>
                     <extId><ObjectIdentifier>0.1.22.37.53.15.107</ObjectIdentifier></extId>
                     <extType>e2be7748e6ff4a7df7</extType>
                  </PrivateExtension.Sequence>
                  <PrivateExtension.Sequence>
                     <extId><ObjectIdentifier>0.1.281.6.27.116.0</ObjectIdentifier></extId>
                     <extType>27e15546614ae2a1</extType>
                  </PrivateExtension.Sequence>
                  <PrivateExtension.Sequence>
                     <extId><ObjectIdentifier>0.1.255.66.31.90</ObjectIdentifier></extId>
                     <extType>1003</extType>
                  </PrivateExtension.Sequence>
               </Collection>
            </privateExtensionList.C0.BoxedType>
            <pcsExtensions.C1.Sequence></pcsExtensions.C1.Sequence>
         </extensionContainer.C0.Sequence>
      </cug_Info.C2.Sequence>
      <ss_Data.C3.Sequence>
         <ss_Code.BoxedType><Bytes>8d7691bb6cfda7944290</Bytes></ss_Code.BoxedType>
         <ss_Status.C4.BoxedType><Bytes>7f1e0c</Bytes></ss_Status.C4.BoxedType>
         <ss_SubscriptionOption.Choice>
            <cliRestrictionOption.C2.Enum>
               <EnumType>temporaryDefaultRestricted.1</EnumType>
            </cliRestrictionOption.C2.Enum>
            <overrideCategory.C1.Enum>
               <EnumType>overrideEnabled.0</EnumType>
            </overrideCategory.C1.Enum>
         </ss_SubscriptionOption.Choice>
         <basicServiceGroupList.BoxedType>
            <Collection>
               <Ext_BasicServiceCode.Choice>
                  <ext_BearerService.C2.BoxedType><Bytes>b2854e</Bytes></ext_BearerService.C2.BoxedType>
                  <ext_Teleservice.C3.BoxedType><Bytes>db55d887cd
                        <field name="Code" value="plmn-specificTS-B:219" type="EnumLong" length="1" />
                        <field name="Extension data" value="55d887cd" type="Binary" length="4" />
                     </Bytes></ext_Teleservice.C3.BoxedType>
               </Ext_BasicServiceCode.Choice>
               <Ext_BasicServiceCode.Choice>
                  <ext_BearerService.C2.BoxedType><Bytes>0473</Bytes></ext_BearerService.C2.BoxedType>
                  <ext_Teleservice.C3.BoxedType><Bytes>9100000066
                        <field name="Code" value="voiceGroupCall:145" type="EnumLong" length="1" />
                        <field name="Extension data" value="00000066" type="Binary" length="4" />
                     </Bytes></ext_Teleservice.C3.BoxedType>
               </Ext_BasicServiceCode.Choice>
               <Ext_BasicServiceCode.Choice>
                  <ext_BearerService.C2.BoxedType><Bytes>e2984429e746</Bytes></ext_BearerService.C2.BoxedType>
                  <ext_Teleservice.C3.BoxedType><Bytes>1217b068c6
                        <field name="Code" value="emergencyCalls:18" type="EnumLong" length="1" />
                        <field name="Extension data" value="17b068c6" type="Binary" length="4" />
                     </Bytes></ext_Teleservice.C3.BoxedType>
               </Ext_BasicServiceCode.Choice>
            </Collection>
         </basicServiceGroupList.BoxedType>
         <extensionContainer.C5.Sequence>
            <privateExtensionList.C0.BoxedType>
               <Collection>
                  <PrivateExtension.Sequence>
                     <extId><ObjectIdentifier>0.1.220.21.34.85</ObjectIdentifier></extId>
                     <extType>7433af87b7a0b0d6</extType>
                  </PrivateExtension.Sequence>
                  <PrivateExtension.Sequence>
                     <extId><ObjectIdentifier>0.1.216.98.99</ObjectIdentifier></extId>
                     <extType>ace3</extType>
                  </PrivateExtension.Sequence>
                  <PrivateExtension.Sequence>
                     <extId><ObjectIdentifier>0.1.213.32.32.88.88.9.45.4.69.79</ObjectIdentifier></extId>
                     <extType>8c45fc8074d36347</extType>
                  </PrivateExtension.Sequence>
               </Collection>
            </privateExtensionList.C0.BoxedType>
            <pcsExtensions.C1.Sequence></pcsExtensions.C1.Sequence>
         </extensionContainer.C5.Sequence>
      </ss_Data.C3.Sequence>
      <emlpp_Info.C4.Sequence>
         <maximumentitledPriority.BoxedType><Integer>1</Integer></maximumentitledPriority.BoxedType>
         <defaultPriority.BoxedType><Integer>2</Integer></defaultPriority.BoxedType>
         <extensionContainer.Sequence>
            <privateExtensionList.C0.BoxedType>
               <Collection>
                  <PrivateExtension.Sequence>
                     <extId><ObjectIdentifier>0.1.240.103.123.90.114.5.70.121.9</ObjectIdentifier></extId>
                     <extType>0abf1f4bdefdc7</extType>
                  </PrivateExtension.Sequence>
                  <PrivateExtension.Sequence>
                     <extId><ObjectIdentifier>0.1.266.7.15</ObjectIdentifier></extId>
                     <extType>9e13ec</extType>
                  </PrivateExtension.Sequence>
                  <PrivateExtension.Sequence>
                     <extId><ObjectIdentifier>0.1.261.31</ObjectIdentifier></extId>
                     <extType>41b685</extType>
                  </PrivateExtension.Sequence>
               </Collection>
            </privateExtensionList.C0.BoxedType>
            <pcsExtensions.C1.Sequence></pcsExtensions.C1.Sequence>
         </extensionContainer.Sequence>
      </emlpp_Info.C4.Sequence>
   </Ext_SS_Info.Choice>
</ASN>