<?xml version="1.0" encoding="UTF-8"?>

<ASN layer="MAP">
   <Ext_ForwFeature.Sequence>
      <basicService.Choice>
         <ext_BearerService.C2.BoxedType><Bytes>33c4a6</Bytes></ext_BearerService.C2.BoxedType>
         <ext_Teleservice.C3.BoxedType><Bytes>57861e3a67
               <field name="Code" value="87" type="EnumLong" length="1" />
               <field name="Extension data" value="861e3a67" type="Binary" length="4" />
            </Bytes></ext_Teleservice.C3.BoxedType>
      </basicService.Choice>
      <ss_Status.C4.BoxedType><Bytes>c6d16c122ef3</Bytes></ss_Status.C4.BoxedType>
      <forwardedToNumber.C5.BoxedType><Bytes>c80144806637
            <field name="extension" value="no extension:1" type="EnumLong" lengthBit="1" />
            <field name="nature of address" value="subscriber number:4" type="EnumLong" lengthBit="3" />
            <field name="numbering plan" value="national numbering plan:8" type="EnumLong" lengthBit="4" />
            <field name="digits" value="1044086673" type="Number_BCD" length="5" />
         </Bytes></forwardedToNumber.C5.BoxedType>
      <forwardedToSubaddress.C8.BoxedType><Bytes>292ca9</Bytes></forwardedToSubaddress.C8.BoxedType>
      <forwardingOptions.C6.BoxedType><Bytes>9776f71c3ebf4c0e06</Bytes></forwardingOptions.C6.BoxedType>
      <noReplyConditionTime.C7.BoxedType><Integer>1</Integer></noReplyConditionTime.C7.BoxedType>
      <extensionContainer.C9.Sequence>
         <privateExtensionList.C0.BoxedType>
            <Collection>
               <PrivateExtension.Sequence>
                  <extId><ObjectIdentifier>0.1.255.30.27.14</ObjectIdentifier></extId>
                  <extType>0a</extType>
               </PrivateExtension.Sequence>
               <PrivateExtension.Sequence>
                  <extId><ObjectIdentifier>0.1.257.37.62.49.121.75.71.43</ObjectIdentifier></extId>
                  <extType>b84b18dcbb4dea0e4a83</extType>
               </PrivateExtension.Sequence>
               <PrivateExtension.Sequence>
                  <extId><ObjectIdentifier>0.1.21.34.5.55.59.126.18.25.109</ObjectIdentifier></extId>
                  <extType>f6c3fd5279</extType>
               </PrivateExtension.Sequence>
            </Collection>
         </privateExtensionList.C0.BoxedType>
         <pcsExtensions.C1.Sequence></pcsExtensions.C1.Sequence>
      </extensionContainer.C9.Sequence>
      <longForwardedToNumber.C10.BoxedType><AddressString.BoxedType><Bytes>2f85589766f0
               <field name="extension" value="extension:0" type="EnumLong" lengthBit="1" />
               <field name="nature of address" value="national significant number:2" type="EnumLong" lengthBit="3" />
               <field name="numbering plan" value="reserved for extension:15" type="EnumLong" lengthBit="4" />
               <field name="digits" value="588579660" type="Number_BCD" lengthBit="36" />
            </Bytes></AddressString.BoxedType></longForwardedToNumber.C10.BoxedType>
   </Ext_ForwFeature.Sequence>
</ASN>