<?xml version="1.0" encoding="UTF-8"?>

<ASN layer="MAP">
   <FailureReportArg.Sequence>
      <imsi.C0.BoxedType><Bytes>61697446f0
            <field name="digits" value="169647640" type="Number_BCD" lengthBit="36" />
         </Bytes></imsi.C0.BoxedType>
      <ggsn_Number.C1.BoxedType><Bytes>075141886735
            <field name="extension" value="extension:0" type="EnumLong" lengthBit="1" />
            <field name="nature of address" value="unknown:0" type="EnumLong" lengthBit="3" />
            <field name="numbering plan" value="spare:7" type="EnumLong" lengthBit="4" />
            <field name="digits" value="1514887653" type="Number_BCD" length="5" />
         </Bytes></ggsn_Number.C1.BoxedType>
      <ggsn_Address.C2.BoxedType><Bytes>a360dfe38a
            <field name="Address type" value="2" type="EnumLong" lengthBit="2" />
            <field name="AddressLength" value="35" type="Integer" lengthBit="6" />
            <field name="IPV4 address" value="96.223.227.138" type="IPV4Address" length="4" />
         </Bytes></ggsn_Address.C2.BoxedType>
      <extensionContainer.C3.Sequence>
         <privateExtensionList.C0.BoxedType>
            <Collection>
               <PrivateExtension.Sequence>
                  <extId><ObjectIdentifier>0.1.24.39.4.30.46</ObjectIdentifier></extId>
                  <extType>b3b6</extType>
               </PrivateExtension.Sequence>
               <PrivateExtension.Sequence>
                  <extId><ObjectIdentifier>0.1.28.91.23.112.106.93.62.22</ObjectIdentifier></extId>
                  <extType>fa82</extType>
               </PrivateExtension.Sequence>
               <PrivateExtension.Sequence>
                  <extId><ObjectIdentifier>0.1.298.26.38.5.94.122.122</ObjectIdentifier></extId>
                  <extType>c32da3f9876abdfc92</extType>
               </PrivateExtension.Sequence>
            </Collection>
         </privateExtensionList.C0.BoxedType>
         <pcsExtensions.C1.Sequence></pcsExtensions.C1.Sequence>
      </extensionContainer.C3.Sequence>
   </FailureReportArg.Sequence>
</ASN>