<?xml version="1.0" encoding="UTF-8"?>

<ASN layer="MAP">
   <FailureReportRes.Sequence>
      <ggsn_Address.C0.BoxedType><Bytes>8427acc7cb
            <field name="Address type" value="2" type="EnumLong" lengthBit="2" />
            <field name="AddressLength" value="4" type="Integer" lengthBit="6" />
            <field name="IPV4 address" value="39.172.199.203" type="IPV4Address" length="4" />
         </Bytes></ggsn_Address.C0.BoxedType>
      <extensionContainer.C1.Sequence>
         <privateExtensionList.C0.BoxedType>
            <Collection>
               <PrivateExtension.Sequence>
                  <extId><ObjectIdentifier>0.1.2105.19.51.88</ObjectIdentifier></extId>
                  <extType>d5f44eb38b20</extType>
               </PrivateExtension.Sequence>
               <PrivateExtension.Sequence>
                  <extId><ObjectIdentifier>0.1.210.8.87.83.49</ObjectIdentifier></extId>
                  <extType>cd</extType>
               </PrivateExtension.Sequence>
               <PrivateExtension.Sequence>
                  <extId><ObjectIdentifier>0.1.273.13</ObjectIdentifier></extId>
                  <extType>806a73</extType>
               </PrivateExtension.Sequence>
            </Collection>
         </privateExtensionList.C0.BoxedType>
         <pcsExtensions.C1.Sequence></pcsExtensions.C1.Sequence>
      </extensionContainer.C1.Sequence>
   </FailureReportRes.Sequence>
</ASN>