<?xml version="1.0" encoding="UTF-8"?>

<ASN layer="MAP">
   <IllegalEquipmentParam.Sequence><extensionContainer.Sequence>
         <privateExtensionList.C0.BoxedType>
            <Collection>
               <PrivateExtension.Sequence>
                  <extId><ObjectIdentifier>0.1.22.1.36</ObjectIdentifier></extId>
                  <extType>5bc8ee1538567e65c985</extType>
               </PrivateExtension.Sequence>
               <PrivateExtension.Sequence>
                  <extId><ObjectIdentifier>0.1.282</ObjectIdentifier></extId>
                  <extType>32ec4db7</extType>
               </PrivateExtension.Sequence>
               <PrivateExtension.Sequence>
                  <extId><ObjectIdentifier>0.1.2127</ObjectIdentifier></extId>
                  <extType>f7</extType>
               </PrivateExtension.Sequence>
            </Collection>
         </privateExtensionList.C0.BoxedType>
         <pcsExtensions.C1.Sequence></pcsExtensions.C1.Sequence>
      </extensionContainer.Sequence></IllegalEquipmentParam.Sequence>
</ASN>