<?xml version="1.0" encoding="UTF-8"?>

<ASN layer="MAP">
   <InformServiceCentreArg.Sequence>
      <storedMSISDN.BoxedType><ISDN_AddressString.BoxedType><Bytes>7a8110161549
               <field name="extension" value="extension:0" type="EnumLong" lengthBit="1" />
               <field name="nature of address" value="reserved for extension:7" type="EnumLong" lengthBit="3" />
               <field name="numbering plan" value="10" type="EnumLong" lengthBit="4" />
               <field name="digits" value="1801615194" type="Number_BCD" length="5" />
            </Bytes></ISDN_AddressString.BoxedType></storedMSISDN.BoxedType>
      <mw_Status><BitString value="40c74b" trailing="0"/></mw_Status>
      <extensionContainer.Sequence>
         <privateExtensionList.C0.BoxedType>
            <Collection>
               <PrivateExtension.Sequence>
                  <extId><ObjectIdentifier>0.1.293.104.127.53.14.94.35</ObjectIdentifier></extId>
                  <extType>d7aa</extType>
               </PrivateExtension.Sequence>
               <PrivateExtension.Sequence>
                  <extId><ObjectIdentifier>0.1.232</ObjectIdentifier></extId>
                  <extType>8eef728b4d</extType>
               </PrivateExtension.Sequence>
               <PrivateExtension.Sequence>
                  <extId><ObjectIdentifier>0.1.295.17.24</ObjectIdentifier></extId>
                  <extType>841ca77e</extType>
               </PrivateExtension.Sequence>
            </Collection>
         </privateExtensionList.C0.BoxedType>
         <pcsExtensions.C1.Sequence></pcsExtensions.C1.Sequence>
      </extensionContainer.Sequence>
   </InformServiceCentreArg.Sequence>
</ASN>