<?xml version="1.0" encoding="UTF-8"?>

<ASN layer="MAP">
   <InformationNotAvailableParam.Sequence><extensionContainer.Sequence>
         <privateExtensionList.C0.BoxedType>
            <Collection>
               <PrivateExtension.Sequence>
                  <extId><ObjectIdentifier>0.1.282.90.96</ObjectIdentifier></extId>
                  <extType>a31dde76587e</extType>
               </PrivateExtension.Sequence>
               <PrivateExtension.Sequence>
                  <extId><ObjectIdentifier>0.1.270.115</ObjectIdentifier></extId>
                  <extType>6d07c3e427c983bf</extType>
               </PrivateExtension.Sequence>
               <PrivateExtension.Sequence>
                  <extId><ObjectIdentifier>0.1.2123.88.54.20.109.39.100</ObjectIdentifier></extId>
                  <extType>abf00d0584292825c532</extType>
               </PrivateExtension.Sequence>
            </Collection>
         </privateExtensionList.C0.BoxedType>
         <pcsExtensions.C1.Sequence></pcsExtensions.C1.Sequence>
      </extensionContainer.Sequence></InformationNotAvailableParam.Sequence>
</ASN>