<?xml version="1.0" encoding="UTF-8"?>

<ASN layer="MAP">
   <InterrogateSS_Res.Choice>
      <ss_Status.C0.BoxedType><Bytes>4a1c5b589b</Bytes></ss_Status.C0.BoxedType>
      <basicServiceGroupList.C2.BoxedType>
         <Collection>
            <BasicService.Choice>
               <bearerservice.C2.BoxedType><Bytes>4490928ae939c1</Bytes></bearerservice.C2.BoxedType>
               <teleservice.C3.BoxedType><Bytes>d5</Bytes></teleservice.C3.BoxedType>
            </BasicService.Choice>
            <BasicService.Choice>
               <bearerservice.C2.BoxedType><Bytes>aa31</Bytes></bearerservice.C2.BoxedType>
               <teleservice.C3.BoxedType><Bytes>e9afeee2eb</Bytes></teleservice.C3.BoxedType>
            </BasicService.Choice>
            <BasicService.Choice>
               <bearerservice.C2.BoxedType><Bytes>ef37a29add0cf0276790</Bytes></bearerservice.C2.BoxedType>
               <teleservice.C3.BoxedType><Bytes>1bc6</Bytes></teleservice.C3.BoxedType>
            </BasicService.Choice>
         </Collection>
      </basicServiceGroupList.C2.BoxedType>
      <forwardingFeatureList.C3.BoxedType>
         <Collection>
            <ForwardingFeature.Sequence>
               <basicService.Choice>
                  <bearerService.C2.BoxedType><Bytes>aab00530b622</Bytes></bearerService.C2.BoxedType>
                  <teleservice.C3.BoxedType><Bytes>0876cacd0e</Bytes></teleservice.C3.BoxedType>
               </basicService.Choice>
               <ss_Status.C4.BoxedType><Bytes>666e4848d1</Bytes></ss_Status.C4.BoxedType>
               <forwardedToNumber.C5.BoxedType><Bytes>5592042696f0
                     <field name="extension" value="extension:0" type="EnumLong" lengthBit="1" />
                     <field name="nature of address" value="reserved:5" type="EnumLong" lengthBit="3" />
                     <field name="numbering plan" value="spare:5" type="EnumLong" lengthBit="4" />
                     <field name="digits" value="294062690" type="Number_BCD" lengthBit="36" />
                  </Bytes></forwardedToNumber.C5.BoxedType>
               <forwardedToSubaddress.C8.BoxedType><Bytes>3ead0fa2af6a61e2ce</Bytes></forwardedToSubaddress.C8.BoxedType>
               <forwardingOptions.C6.BoxedType><Bytes>63184ea7</Bytes></forwardingOptions.C6.BoxedType>
               <noReplyConditionTime.C7.BoxedType><Integer>1</Integer></noReplyConditionTime.C7.BoxedType>
               <longForwardedToNumber.C9.BoxedType><AddressString.BoxedType><Bytes>517112406759
                        <field name="extension" value="extension:0" type="EnumLong" lengthBit="1" />
                        <field name="nature of address" value="reserved:5" type="EnumLong" lengthBit="3" />
                        <field name="numbering plan" value="ISDN/Telephony Numbering Plan (Rec ITU-T E.164):1" type="EnumLong" lengthBit="4" />
                        <field name="digits" value="1721047695" type="Number_BCD" length="5" />
                     </Bytes></AddressString.BoxedType></longForwardedToNumber.C9.BoxedType>
            </ForwardingFeature.Sequence>
            <ForwardingFeature.Sequence>
               <basicService.Choice>
                  <bearerService.C2.BoxedType><Bytes>6c4e</Bytes></bearerService.C2.BoxedType>
                  <teleservice.C3.BoxedType><Bytes>7f</Bytes></teleservice.C3.BoxedType>
               </basicService.Choice>
               <ss_Status.C4.BoxedType><Bytes>7ffc</Bytes></ss_Status.C4.BoxedType>
               <forwardedToNumber.C5.BoxedType><Bytes>0d3177350320
                     <field name="extension" value="extension:0" type="EnumLong" lengthBit="1" />
                     <field name="nature of address" value="unknown:0" type="EnumLong" lengthBit="3" />
                     <field name="numbering plan" value="13" type="EnumLong" lengthBit="4" />
                     <field name="digits" value="1377533002" type="Number_BCD" length="5" />
                  </Bytes></forwardedToNumber.C5.BoxedType>
               <forwardedToSubaddress.C8.BoxedType><Bytes>5ec46b71</Bytes></forwardedToSubaddress.C8.BoxedType>
               <forwardingOptions.C6.BoxedType><Bytes>d127a1293d</Bytes></forwardingOptions.C6.BoxedType>
               <noReplyConditionTime.C7.BoxedType><Integer>2</Integer></noReplyConditionTime.C7.BoxedType>
               <longForwardedToNumber.C9.BoxedType><AddressString.BoxedType><Bytes>f977155279f3
                        <field name="extension" value="no extension:1" type="EnumLong" lengthBit="1" />
                        <field name="nature of address" value="reserved for extension:7" type="EnumLong" lengthBit="3" />
                        <field name="numbering plan" value="private numbering plan:9" type="EnumLong" lengthBit="4" />
                        <field name="digits" value="775125973" type="Number_BCD" lengthBit="36" />
                     </Bytes></AddressString.BoxedType></longForwardedToNumber.C9.BoxedType>
            </ForwardingFeature.Sequence>
            <ForwardingFeature.Sequence>
               <basicService.Choice>
                  <bearerService.C2.BoxedType><Bytes>139475f8fb5651ada4</Bytes></bearerService.C2.BoxedType>
                  <teleservice.C3.BoxedType><Bytes>d1158809b1bdcb</Bytes></teleservice.C3.BoxedType>
               </basicService.Choice>
               <ss_Status.C4.BoxedType><Bytes>4f0495a0d9b29a</Bytes></ss_Status.C4.BoxedType>
               <forwardedToNumber.C5.BoxedType><Bytes>500141099414
                     <field name="extension" value="extension:0" type="EnumLong" lengthBit="1" />
                     <field name="nature of address" value="reserved:5" type="EnumLong" lengthBit="3" />
                     <field name="numbering plan" value="unknown:0" type="EnumLong" lengthBit="4" />
                     <field name="digits" value="1014904941" type="Number_BCD" length="5" />
                  </Bytes></forwardedToNumber.C5.BoxedType>
               <forwardedToSubaddress.C8.BoxedType><Bytes>1480a88aba608f18</Bytes></forwardedToSubaddress.C8.BoxedType>
               <forwardingOptions.C6.BoxedType><Bytes>f792f5f8606b33</Bytes></forwardingOptions.C6.BoxedType>
               <noReplyConditionTime.C7.BoxedType><Integer>0</Integer></noReplyConditionTime.C7.BoxedType>
               <longForwardedToNumber.C9.BoxedType><AddressString.BoxedType><Bytes>a38119753467
                        <field name="extension" value="no extension:1" type="EnumLong" lengthBit="1" />
                        <field name="nature of address" value="national significant number:2" type="EnumLong" lengthBit="3" />
                        <field name="numbering plan" value="data numbering plan (ITU-T Rec X.121):3" type="EnumLong" lengthBit="4" />
                        <field name="digits" value="1891574376" type="Number_BCD" length="5" />
                     </Bytes></AddressString.BoxedType></longForwardedToNumber.C9.BoxedType>
            </ForwardingFeature.Sequence>
         </Collection>
      </forwardingFeatureList.C3.BoxedType>
      <genericServiceInfo.C4.Sequence>
         <ss_Status.BoxedType><Bytes>5dee</Bytes></ss_Status.BoxedType>
         <cliRestrictionOption.Enum>
            <EnumType>permanent.0</EnumType>
         </cliRestrictionOption.Enum>
         <maximumEntitledPriority.C0.BoxedType><Integer>1</Integer></maximumEntitledPriority.C0.BoxedType>
         <defaultPriority.C1.BoxedType><Integer>1</Integer></defaultPriority.C1.BoxedType>
         <ccbs_FeatureList.C2.BoxedType>
            <Collection>
               <CCBS_Feature.Sequence>
                  <ccbs_Index.C0.BoxedType><Integer>1</Integer></ccbs_Index.C0.BoxedType>
                  <b_subscriberNumber.C1.BoxedType><Bytes>914170265315
                        <field name="extension" value="no extension:1" type="EnumLong" lengthBit="1" />
                        <field name="nature of address" value="international number:1" type="EnumLong" lengthBit="3" />
                        <field name="numbering plan" value="ISDN/Telephony Numbering Plan (Rec ITU-T E.164):1" type="EnumLong" lengthBit="4" />
                        <field name="digits" value="1407623551" type="Number_BCD" length="5" />
                     </Bytes></b_subscriberNumber.C1.BoxedType>
                  <b_subscriberSubaddress.C2.BoxedType><Bytes>e08754a5db</Bytes></b_subscriberSubaddress.C2.BoxedType>
                  <basicServiceGroup.C3.Choice>
                     <bearerService.C2.BoxedType><Bytes>2539abacbc</Bytes></bearerService.C2.BoxedType>
                     <teleservice.C3.BoxedType><Bytes>72abc7</Bytes></teleservice.C3.BoxedType>
                  </basicServiceGroup.C3.Choice>
               </CCBS_Feature.Sequence>
               <CCBS_Feature.Sequence>
                  <ccbs_Index.C0.BoxedType><Integer>2</Integer></ccbs_Index.C0.BoxedType>
                  <b_subscriberNumber.C1.BoxedType><Bytes>4103961591f1
                        <field name="extension" value="extension:0" type="EnumLong" lengthBit="1" />
                        <field name="nature of address" value="subscriber number:4" type="EnumLong" lengthBit="3" />
                        <field name="numbering plan" value="ISDN/Telephony Numbering Plan (Rec ITU-T E.164):1" type="EnumLong" lengthBit="4" />
                        <field name="digits" value="306951191" type="Number_BCD" lengthBit="36" />
                     </Bytes></b_subscriberNumber.C1.BoxedType>
                  <b_subscriberSubaddress.C2.BoxedType><Bytes>1749</Bytes></b_subscriberSubaddress.C2.BoxedType>
                  <basicServiceGroup.C3.Choice>
                     <bearerService.C2.BoxedType><Bytes>9e</Bytes></bearerService.C2.BoxedType>
                     <teleservice.C3.BoxedType><Bytes>cc21dbefa5b46206</Bytes></teleservice.C3.BoxedType>
                  </basicServiceGroup.C3.Choice>
               </CCBS_Feature.Sequence>
               <CCBS_Feature.Sequence>
                  <ccbs_Index.C0.BoxedType><Integer>1</Integer></ccbs_Index.C0.BoxedType>
                  <b_subscriberNumber.C1.BoxedType><Bytes>368107840876
                        <field name="extension" value="extension:0" type="EnumLong" lengthBit="1" />
                        <field name="nature of address" value="network specific number:3" type="EnumLong" lengthBit="3" />
                        <field name="numbering plan" value="land mobile numbering plan (ITU-T Rec E.212):6" type="EnumLong" lengthBit="4" />
                        <field name="digits" value="1870488067" type="Number_BCD" length="5" />
                     </Bytes></b_subscriberNumber.C1.BoxedType>
                  <b_subscriberSubaddress.C2.BoxedType><Bytes>6e7b59de74</Bytes></b_subscriberSubaddress.C2.BoxedType>
                  <basicServiceGroup.C3.Choice>
                     <bearerService.C2.BoxedType><Bytes>1d6cec</Bytes></bearerService.C2.BoxedType>
                     <teleservice.C3.BoxedType><Bytes>cef63163</Bytes></teleservice.C3.BoxedType>
                  </basicServiceGroup.C3.Choice>
               </CCBS_Feature.Sequence>
            </Collection>
         </ccbs_FeatureList.C2.BoxedType>
         <nbrSB.C3.BoxedType><Integer>0</Integer></nbrSB.C3.BoxedType>
         <nbrUser.C4.BoxedType><Integer>2</Integer></nbrUser.C4.BoxedType>
         <nbrSN.C5.BoxedType><Integer>1</Integer></nbrSN.C5.BoxedType>
      </genericServiceInfo.C4.Sequence>
   </InterrogateSS_Res.Choice>
</ASN>