<?xml version="1.0" encoding="UTF-8"?>

<ASN layer="MAP">
   <IST_CommandRes.Sequence><extensionContainer.Sequence>
         <privateExtensionList.C0.BoxedType>
            <Collection>
               <PrivateExtension.Sequence>
                  <extId><ObjectIdentifier>0.1.218.27.28.78.44</ObjectIdentifier></extId>
                  <extType>cacbfe629c</extType>
               </PrivateExtension.Sequence>
               <PrivateExtension.Sequence>
                  <extId><ObjectIdentifier>0.1.242</ObjectIdentifier></extId>
                  <extType>056d</extType>
               </PrivateExtension.Sequence>
               <PrivateExtension.Sequence>
                  <extId><ObjectIdentifier>0.1.2122.125</ObjectIdentifier></extId>
                  <extType>0897d1d30920</extType>
               </PrivateExtension.Sequence>
            </Collection>
         </privateExtensionList.C0.BoxedType>
         <pcsExtensions.C1.Sequence></pcsExtensions.C1.Sequence>
      </extensionContainer.Sequence></IST_CommandRes.Sequence>
</ASN>