<?xml version="1.0" encoding="UTF-8"?>

<ASN layer="MAP">
   <IST_AlertArg.Sequence>
      <imsi.C0.BoxedType><Bytes>6153950068
            <field name="digits" value="1635590086" type="Number_BCD" length="5" />
         </Bytes></imsi.C0.BoxedType>
      <extensionContainer.C1.Sequence>
         <privateExtensionList.C0.BoxedType>
            <Collection>
               <PrivateExtension.Sequence>
                  <extId><ObjectIdentifier>0.1.276.115</ObjectIdentifier></extId>
                  <extType>8ecbcf</extType>
               </PrivateExtension.Sequence>
               <PrivateExtension.Sequence>
                  <extId><ObjectIdentifier>0.1.237.30.20</ObjectIdentifier></extId>
                  <extType>11564db6384d</extType>
               </PrivateExtension.Sequence>
               <PrivateExtension.Sequence>
                  <extId><ObjectIdentifier>0.1.212</ObjectIdentifier></extId>
                  <extType>cfb6</extType>
               </PrivateExtension.Sequence>
            </Collection>
         </privateExtensionList.C0.BoxedType>
         <pcsExtensions.C1.Sequence></pcsExtensions.C1.Sequence>
      </extensionContainer.C1.Sequence>
   </IST_AlertArg.Sequence>
</ASN>