<?xml version="1.0" encoding="UTF-8"?>

<ASN layer="MAP">
   <MessageWaitListFullParam.Sequence><extensionContainer.Sequence>
         <privateExtensionList.C0.BoxedType>
            <Collection>
               <PrivateExtension.Sequence>
                  <extId><ObjectIdentifier>0.1.260.120.60.77.49.1</ObjectIdentifier></extId>
                  <extType>57d7c0dc2b</extType>
               </PrivateExtension.Sequence>
               <PrivateExtension.Sequence>
                  <extId><ObjectIdentifier>0.1.283.8.105</ObjectIdentifier></extId>
                  <extType>43e4</extType>
               </PrivateExtension.Sequence>
               <PrivateExtension.Sequence>
                  <extId><ObjectIdentifier>0.1.2112.80.6.47.37.62.89</ObjectIdentifier></extId>
                  <extType>9698652c5c144b9c6b2f</extType>
               </PrivateExtension.Sequence>
            </Collection>
         </privateExtensionList.C0.BoxedType>
         <pcsExtensions.C1.Sequence></pcsExtensions.C1.Sequence>
      </extensionContainer.Sequence></MessageWaitListFullParam.Sequence>
</ASN>