<?xml version="1.0" encoding="UTF-8"?>

<ASN layer="MAP">
   <Mo_forwardSM_Res.Sequence>
      <sm_RP_UI.BoxedType><Bytes>700a4351705246145157000058504845f8da18c6
            <element label="SMS-DELIVER" coding="V" value="70">
               <field name="TP-RP" value="TP Reply Path parameter is not set in this SMS SUBMIT/DELIVER:0" type="EnumLong" lengthBit="1" />
               <field name="TP-UDHI" value="The beginning of the TP UD field contains a Header in addition to the short message:1" type="EnumLong" lengthBit="1" />
               <field name="TP-SRI" value="A status report is requested:1" type="EnumLong" lengthBit="1" />
               <field name="NA" value="1" type="Integer" lengthBit="1" />
               <field name="TP-LP" value="The message has not been forwarded and is not a spawned message:0" type="EnumLong" lengthBit="1" />
               <field name="TP-MMS" value="More messages are waiting for the MS in this SC:0" type="EnumLong" lengthBit="1" />
               <field name="TP-MTI" value="SMS-DELIVER / SMS-DELIVER-REPORT:0" type="EnumLong" lengthBit="2" />
            </element>
            <element label="TP-OA" coding="V">
               <element label="Address" coding="DV" value="435170524614">
                  <field name="extension" value="extension:0" type="EnumLong" lengthBit="1" />
                  <field name="nature of address" value="subscriber number:4" type="EnumLong" lengthBit="3" />
                  <field name="numbering plan" value="data numbering plan (ITU-T Rec X.121):3" type="EnumLong" lengthBit="4" />
                  <field name="digits" value="1507256441" type="Number_BCD" length="5" />
               </element>
            </element>
            <element label="TP-PID" coding="V" value="51">
               <field name="assignment" value="Assigns bits 0..5 as defined below:1" type="EnumLong" lengthBit="2" />
               <field name="telematic interworking" value="no interworking, but SME to SME protocol:0" type="EnumLong" lengthBit="1" />
               <field name="telematic devices" value="any public X.400 based message handling system:17" type="EnumLong" lengthBit="5" />
            </element>
            <element label="TP-DCS" coding="V" value="57">
               <field name="Coding Group Bits" value="Message Marked for Automatic Deletion Group:1" type="EnumLong" lengthBit="2" />
               <field name="Compression" value="the text is uncompressed:0" type="EnumLong" lengthBit="1" />
               <field name="Bit 1-0 significance" value="bits 1 to 0 have a message class meaning:1" type="EnumLong" lengthBit="1" />
               <field name="Alphabet" value="8 bit data {UTF-8}:1" type="EnumLong" lengthBit="2" />
               <field name="Message Class" value="Class 3 Default meaning TE specific:3" type="EnumLong" lengthBit="2" />
            </element>
            <element label="TP-SCTS" coding="V" value="000058504845f8">
               <field name="TP-SCTS" value="0000850584548" type="Number_BCD" length="7" />
            </element>
            <element label="TP-UD" coding="V" value="da18c6">
               <field name="TP-UDL" value="218" type="Integer" length="1" />
               <field name="TP-UD" value="18c6" type="Binary" length="2" />
            </element>
         </Bytes></sm_RP_UI.BoxedType>
      <extensionContainer.Sequence>
         <privateExtensionList.C0.BoxedType>
            <Collection>
               <PrivateExtension.Sequence>
                  <extId><ObjectIdentifier>0.1.263.34.76.7.91.40.71</ObjectIdentifier></extId>
                  <extType>992f96551c2aa328a126</extType>
               </PrivateExtension.Sequence>
               <PrivateExtension.Sequence>
                  <extId><ObjectIdentifier>0.1.2124.42.1.21.109.13.57</ObjectIdentifier></extId>
                  <extType>9445</extType>
               </PrivateExtension.Sequence>
               <PrivateExtension.Sequence>
                  <extId><ObjectIdentifier>0.1.230.83.39.35.114.31</ObjectIdentifier></extId>
                  <extType>2c91818d77</extType>
               </PrivateExtension.Sequence>
            </Collection>
         </privateExtensionList.C0.BoxedType>
         <pcsExtensions.C1.Sequence></pcsExtensions.C1.Sequence>
      </extensionContainer.Sequence>
   </Mo_forwardSM_Res.Sequence>
</ASN>