<?xml version="1.0" encoding="UTF-8"?>

<ASN layer="MAP">
   <NoteMsPresentForGprsArg.Sequence>
      <imsi.C0.BoxedType><Bytes>7170431352
            <field name="digits" value="1707343125" type="Number_BCD" length="5" />
         </Bytes></imsi.C0.BoxedType>
      <sgsn_Address.C1.BoxedType><Bytes>57f2f0e647
            <field name="Address type" value="IPV6:1" type="EnumLong" lengthBit="2" />
            <field name="AddressLength" value="23" type="Integer" lengthBit="6" />
            <field name="IPV4 address" value="242.240.230.71" type="IPV4Address" length="4" />
         </Bytes></sgsn_Address.C1.BoxedType>
      <ggsn_Address.C2.BoxedType><Bytes>461bf0d3e0
            <field name="Address type" value="IPV6:1" type="EnumLong" lengthBit="2" />
            <field name="AddressLength" value="6" type="Integer" lengthBit="6" />
            <field name="IPV4 address" value="27.240.211.224" type="IPV4Address" length="4" />
         </Bytes></ggsn_Address.C2.BoxedType>
      <extensionContainer.C3.Sequence>
         <privateExtensionList.C0.BoxedType>
            <Collection>
               <PrivateExtension.Sequence>
                  <extId><ObjectIdentifier>0.1.2118</ObjectIdentifier></extId>
                  <extType>dab24492</extType>
               </PrivateExtension.Sequence>
               <PrivateExtension.Sequence>
                  <extId><ObjectIdentifier>0.1.23.60.59.33.95.1.26.24.46.108</ObjectIdentifier></extId>
                  <extType>dc8ec37e</extType>
               </PrivateExtension.Sequence>
               <PrivateExtension.Sequence>
                  <extId><ObjectIdentifier>0.1.217.68.80.65</ObjectIdentifier></extId>
                  <extType>6c5ac111</extType>
               </PrivateExtension.Sequence>
            </Collection>
         </privateExtensionList.C0.BoxedType>
         <pcsExtensions.C1.Sequence></pcsExtensions.C1.Sequence>
      </extensionContainer.C3.Sequence>
   </NoteMsPresentForGprsArg.Sequence>
</ASN>