<?xml version="1.0" encoding="UTF-8"?>

<ASN layer="MAP">
   <NoteMM_EventArg.Sequence>
      <serviceKey.BoxedType><Integer>1</Integer></serviceKey.BoxedType>
      <eventMet.C0.BoxedType><Bytes>337f5d0988dbfd2bcc9f</Bytes></eventMet.C0.BoxedType>
      <imsi.C1.BoxedType><Bytes>44275399f1
            <field name="digits" value="447235991" type="Number_BCD" lengthBit="36" />
         </Bytes></imsi.C1.BoxedType>
      <msisdn.C2.BoxedType><Bytes>562177120072
            <field name="extension" value="extension:0" type="EnumLong" lengthBit="1" />
            <field name="nature of address" value="reserved:5" type="EnumLong" lengthBit="3" />
            <field name="numbering plan" value="land mobile numbering plan (ITU-T Rec E.212):6" type="EnumLong" lengthBit="4" />
            <field name="digits" value="1277210027" type="Number_BCD" length="5" />
         </Bytes></msisdn.C2.BoxedType>
      <locationInformation.C3.Sequence>
         <ageOfLocationInformation.BoxedType><Integer>[1-32766] minuts:1</Integer></ageOfLocationInformation.BoxedType>
         <geographicalInformation.C0.BoxedType><Bytes>67620af8c3e09585
               <field name="TypeOfShape" value="Reserved for future use:6" type="EnumLong" lengthBit="4" />
               <field name="spare" value="7" type="Integer" lengthBit="4" />
               <field name="DegreesOfLatitude" value="6425336" type="Integer" length="3" />
               <field name="DegreesOfLongitude" value="12837013" type="Integer" length="3" />
               <field name="UncertaintyCode" value="133" type="Integer" length="1" />
            </Bytes></geographicalInformation.C0.BoxedType>
         <vlr_number.C1.BoxedType><Bytes>0002609081
               <field name="extension" value="extension:0" type="EnumLong" lengthBit="1" />
               <field name="nature of address" value="unknown:0" type="EnumLong" lengthBit="3" />
               <field name="numbering plan" value="unknown:0" type="EnumLong" lengthBit="4" />
               <field name="digits" value="20060918" type="Number_BCD" length="4" />
            </Bytes></vlr_number.C1.BoxedType>
         <locationNumber.C2.BoxedType><Bytes>7f0a8109292110
               <field name="Odd/even (O/E)" value="even number of address signals:0" type="EnumLong" lengthBit="1" />
               <field name="Nature of address" value="reserved for extension:127" type="EnumLong" lengthBit="7" />
               <field name="Internal Network Number (INN)" value="routing to internal number allowed:0" type="EnumLong" lengthBit="1" />
               <field name="Numbering plan" value="spare:0" type="EnumLong" lengthBit="3" />
               <field name="Address presentation restricted" value="address not available (national use):2" type="EnumLong" lengthBit="2" />
               <field name="Screening" value="reserved:2" type="EnumLong" lengthBit="2" />
               <field name="digits" value="1890921201" type="Number_BCD" length="5" />
            </Bytes></locationNumber.C2.BoxedType>
         <cellGlobalIdOrServiceAreaIdOrLAI.C3.Choice>
            <cellGlobalIdOrServiceAreaIdFixedLength.C0.BoxedType><Bytes>61f769971d3b81
                  <field name="MMC" value="167,96" type="NumberMMC" length="3" />
                  <field name="LAC" value="38685" type="Integer" length="2" />
                  <field name="CI_SAC" value="15233" type="Integer" length="2" />
               </Bytes></cellGlobalIdOrServiceAreaIdFixedLength.C0.BoxedType>
            <laiFixedLength.C1.BoxedType><Bytes>21f681e81a
                  <field name="MMC" value="126,18" type="NumberMMC" length="3" />
                  <field name="LAC" value="59418" type="Integer" length="2" />
               </Bytes></laiFixedLength.C1.BoxedType>
         </cellGlobalIdOrServiceAreaIdOrLAI.C3.Choice>
         <extensionContainer.C4.Sequence>
            <privateExtensionList.C0.BoxedType>
               <Collection>
                  <PrivateExtension.Sequence>
                     <extId><ObjectIdentifier>0.1.296.23.111.80</ObjectIdentifier></extId>
                     <extType>4848bd</extType>
                  </PrivateExtension.Sequence>
                  <PrivateExtension.Sequence>
                     <extId><ObjectIdentifier>0.1.263.100.119.98.65.88.30.94</ObjectIdentifier></extId>
                     <extType>a637</extType>
                  </PrivateExtension.Sequence>
                  <PrivateExtension.Sequence>
                     <extId><ObjectIdentifier>0.1.226.57.43.43.61.70.43.66.2.11</ObjectIdentifier></extId>
                     <extType>819f5806ee12fbeaff</extType>
                  </PrivateExtension.Sequence>
               </Collection>
            </privateExtensionList.C0.BoxedType>
            <pcsExtensions.C1.Sequence></pcsExtensions.C1.Sequence>
         </extensionContainer.C4.Sequence>
         <selectedLSA_Id.C5.BoxedType><Bytes>787f3e
               <field name="LSA type" value="PLMN significant number:0" type="EnumLong" lengthBit="1" />
               <field name="Identifier" value="7896894" type="Integer" lengthBit="23" />
            </Bytes></selectedLSA_Id.C5.BoxedType>
         <msc_Number.C6.BoxedType><Bytes>297158238016
               <field name="extension" value="extension:0" type="EnumLong" lengthBit="1" />
               <field name="nature of address" value="national significant number:2" type="EnumLong" lengthBit="3" />
               <field name="numbering plan" value="private numbering plan:9" type="EnumLong" lengthBit="4" />
               <field name="digits" value="1785320861" type="Number_BCD" length="5" />
            </Bytes></msc_Number.C6.BoxedType>
         <geodeticInformation.C7.BoxedType><Bytes>b180362a4b1f6d4972df
               <field name="spare" value="11" type="Integer" lengthBit="4" />
               <field name="LPRI" value="presentation allowed:0" type="EnumLong" lengthBit="2" />
               <field name="screnning" value="user provided, verified and passed:1" type="EnumLong" lengthBit="2" />
               <field name="ext" value="1" type="Integer" lengthBit="1" />
               <field name="TypeOfShape" value="ellipsoid Point:0" type="EnumLong" lengthBit="7" />
               <field name="DegreesOfLatitude" value="3549771" type="Integer" length="3" />
               <field name="DegreesOfLongitude" value="2059593" type="Integer" length="3" />
               <field name="UncertaintyCode" value="114" type="Integer" length="1" />
               <field name="Confidence" value="223" type="Integer" length="1" />
            </Bytes></geodeticInformation.C7.BoxedType>
         <currentLocationRetrieved.C8></currentLocationRetrieved.C8>
         <sai_Present.C9></sai_Present.C9>
      </locationInformation.C3.Sequence>
      <supportedCAMELPhases.C5.BoxedType><BitString><BitString value="3ac9af7b6045824cfc15b0" trailing="0"/></BitString></supportedCAMELPhases.C5.BoxedType>
      <extensionContainer.C6.Sequence>
         <privateExtensionList.C0.BoxedType>
            <Collection>
               <PrivateExtension.Sequence>
                  <extId><ObjectIdentifier>0.1.252.66.24.57.108</ObjectIdentifier></extId>
                  <extType>0562adf980d7d3</extType>
               </PrivateExtension.Sequence>
               <PrivateExtension.Sequence>
                  <extId><ObjectIdentifier>0.1.2</ObjectIdentifier></extId>
                  <extType>1a929bb8610a</extType>
               </PrivateExtension.Sequence>
               <PrivateExtension.Sequence>
                  <extId><ObjectIdentifier>0.1.2103.88.106.53.116.28.97.18.4</ObjectIdentifier></extId>
                  <extType>724627bcafaccc5fb68b</extType>
               </PrivateExtension.Sequence>
            </Collection>
         </privateExtensionList.C0.BoxedType>
         <pcsExtensions.C1.Sequence></pcsExtensions.C1.Sequence>
      </extensionContainer.C6.Sequence>
      <locationInformationGPRS.C7.Sequence>
         <cellGlobalIdOrServiceAreaIdOrLAI.C0.Choice>
            <cellGlobalIdOrServiceAreaIdFixedLength.C0.BoxedType><Bytes>02f0883cad7a27
                  <field name="MMC" value="200,88" type="NumberMMC" length="3" />
                  <field name="LAC" value="15533" type="Integer" length="2" />
                  <field name="CI_SAC" value="31271" type="Integer" length="2" />
               </Bytes></cellGlobalIdOrServiceAreaIdFixedLength.C0.BoxedType>
            <laiFixedLength.C1.BoxedType><Bytes>11f8675d9c
                  <field name="MMC" value="118,76" type="NumberMMC" length="3" />
                  <field name="LAC" value="23964" type="Integer" length="2" />
               </Bytes></laiFixedLength.C1.BoxedType>
         </cellGlobalIdOrServiceAreaIdOrLAI.C0.Choice>
         <routeingAreaIdentity.C1.BoxedType><Bytes>01f12651d180
               <field name="MMC" value="101,62" type="NumberMMC" length="3" />
               <field name="LAC" value="20945" type="Integer" length="2" />
               <field name="RAC" value="128" type="Integer" length="1" />
            </Bytes></routeingAreaIdentity.C1.BoxedType>
         <geographicalInformation.C2.BoxedType><Bytes>6a1cc06069a5e545
               <field name="TypeOfShape" value="Reserved for future use:6" type="EnumLong" lengthBit="4" />
               <field name="spare" value="10" type="Integer" lengthBit="4" />
               <field name="DegreesOfLatitude" value="1884256" type="Integer" length="3" />
               <field name="DegreesOfLongitude" value="6923749" type="Integer" length="3" />
               <field name="UncertaintyCode" value="69" type="Integer" length="1" />
            </Bytes></geographicalInformation.C2.BoxedType>
         <sgsn_Number.C3.BoxedType><Bytes>e00215746286
               <field name="extension" value="no extension:1" type="EnumLong" lengthBit="1" />
               <field name="nature of address" value="abbreviated number:6" type="EnumLong" lengthBit="3" />
               <field name="numbering plan" value="unknown:0" type="EnumLong" lengthBit="4" />
               <field name="digits" value="2051472668" type="Number_BCD" length="5" />
            </Bytes></sgsn_Number.C3.BoxedType>
         <selectedLSAIdentity.C4.BoxedType><Bytes>23c52a
               <field name="LSA type" value="PLMN significant number:0" type="EnumLong" lengthBit="1" />
               <field name="Identifier" value="2344234" type="Integer" lengthBit="23" />
            </Bytes></selectedLSAIdentity.C4.BoxedType>
         <extensionContainer.C5.Sequence>
            <privateExtensionList.C0.BoxedType>
               <Collection>
                  <PrivateExtension.Sequence>
                     <extId><ObjectIdentifier>0.1.248</ObjectIdentifier></extId>
                     <extType>b825</extType>
                  </PrivateExtension.Sequence>
                  <PrivateExtension.Sequence>
                     <extId><ObjectIdentifier>0.1.251.69.76.90.84.1.117.36.67</ObjectIdentifier></extId>
                     <extType>4a2db68a16c5</extType>
                  </PrivateExtension.Sequence>
                  <PrivateExtension.Sequence>
                     <extId><ObjectIdentifier>0.1.294.111.13.29.43.108.103.79</ObjectIdentifier></extId>
                     <extType>20a96b7fd9d82d</extType>
                  </PrivateExtension.Sequence>
               </Collection>
            </privateExtensionList.C0.BoxedType>
            <pcsExtensions.C1.Sequence></pcsExtensions.C1.Sequence>
         </extensionContainer.C5.Sequence>
         <sai_Present.C6></sai_Present.C6>
         <geodeticInformation.C7.BoxedType><Bytes>ab7342c455aed92415d1
               <field name="spare" value="10" type="Integer" lengthBit="4" />
               <field name="LPRI" value="location not available (Note):2" type="EnumLong" lengthBit="2" />
               <field name="screnning" value="network provided:3" type="EnumLong" lengthBit="2" />
               <field name="ext" value="0" type="Integer" lengthBit="1" />
               <field name="TypeOfShape" value="reserved for national use:115" type="EnumLong" lengthBit="7" />
               <field name="DegreesOfLatitude" value="4375637" type="Integer" length="3" />
               <field name="DegreesOfLongitude" value="11458852" type="Integer" length="3" />
               <field name="UncertaintyCode" value="21" type="Integer" length="1" />
               <field name="Confidence" value="209" type="Integer" length="1" />
            </Bytes></geodeticInformation.C7.BoxedType>
         <currentLocationRetrieved.C8></currentLocationRetrieved.C8>
         <ageOfLocationInformation.C9.BoxedType><Integer>0 minut = currently in contact:0</Integer></ageOfLocationInformation.C9.BoxedType>
      </locationInformationGPRS.C7.Sequence>
      <offeredCamel4Functionalities.C8.BoxedType><BitString><BitString value="c7ddf8877d" trailing="0"/></BitString></offeredCamel4Functionalities.C8.BoxedType>
   </NoteMM_EventArg.Sequence>
</ASN>