<?xml version="1.0" encoding="UTF-8"?>

<ASN layer="MAP">
   <PDP_ContextInfo.Sequence>
      <pdp_ContextIdentifier.C0.BoxedType><Integer>1</Integer></pdp_ContextIdentifier.C0.BoxedType>
      <pdp_ContextActive.C1></pdp_ContextActive.C1>
      <pdp_Type.C2.BoxedType><Bytes>e55d
            <field name="spare" value="14" type="Integer" lengthBit="4" />
            <field name="PDP type organisation" value="reserved:5" type="EnumLong" lengthBit="4" />
            <field name="PDP type number" value="93" type="EnumLong" length="1" />
         </Bytes></pdp_Type.C2.BoxedType>
      <pdp_Address.C3.BoxedType><Bytes>4fa69d4c
            <field name="IPV4  address" value="79.166.157.76" type="IPV4Address" length="4" />
         </Bytes></pdp_Address.C3.BoxedType>
      <apn_Subscribed.C4.BoxedType><Bytes>306a72417069596a
            <field name="DNS string" value="0jrApiYj" type="String" length="4" />
         </Bytes></apn_Subscribed.C4.BoxedType>
      <apn_InUse.C5.BoxedType><Bytes>74746c703737755a
            <field name="DNS string" value="ttlp77uZ" type="String" length="4" />
         </Bytes></apn_InUse.C5.BoxedType>
      <nsapi.C6.BoxedType><Integer>2</Integer></nsapi.C6.BoxedType>
      <transactionId.C7.BoxedType><Bytes>3b6d
            <field name="TI flag" value="The message is sent from the side that originates the TI:0" type="EnumLong" lengthBit="1" />
            <field name="TIO" value="3" type="Integer" lengthBit="3" />
            <field name="NA" value="11" type="Integer" lengthBit="4" />
            <field name="Ext" value="0" type="Integer" lengthBit="1" />
            <field name="TIE" value="109" type="Integer" lengthBit="7" />
         </Bytes></transactionId.C7.BoxedType>
      <teid_ForGnAndGp.C8.BoxedType><Bytes>c96c4dd1
            <field name="TEID" value="3379318225" type="Integer" length="4" />
         </Bytes></teid_ForGnAndGp.C8.BoxedType>
      <teid_ForIu.C9.BoxedType><Bytes>e3f42a28
            <field name="TEID" value="3824429608" type="Integer" length="4" />
         </Bytes></teid_ForIu.C9.BoxedType>
      <ggsn_Address.C10.BoxedType><Bytes>767e09730d
            <field name="Address type" value="IPV6:1" type="EnumLong" lengthBit="2" />
            <field name="AddressLength" value="54" type="Integer" lengthBit="6" />
            <field name="IPV4 address" value="126.9.115.13" type="IPV4Address" length="4" />
         </Bytes></ggsn_Address.C10.BoxedType>
      <qos_Subscribed.C11.BoxedType><Bytes>a9ef848217cbcf0b83
            <field name="Allocation/Retention Priority" value="169" type="Integer" length="1" />
            <field name="Traffic class" value="Reserved:7" type="EnumLong" lengthBit="3" />
            <field name="Delivery class" value="With delivery order ('yes'):1" type="EnumLong" lengthBit="2" />
            <field name="Delivery erroneous SDUs" value="Reserved:7" type="EnumLong" lengthBit="3" />
            <field name="Maximum SDU size" value="132" type="Integer" length="1" />
            <field name="Maximum bitrate uplink" value="130" type="Integer" length="1" />
            <field name="Maximum bitrate downlink" value="23" type="Integer" length="1" />
            <field name="SDU error ratio" value="Reserved:12" type="EnumLong" lengthBit="4" />
            <field name="Residual BER" value="Reserved:11" type="EnumLong" lengthBit="4" />
            <field name="Transfer delay" value="51" type="Integer" lengthBit="6" />
            <field name="Traffic handling priority" value="Priority level 3:3" type="EnumLong" lengthBit="2" />
            <field name="Guaranteed bitrate uplink" value="11" type="Integer" length="1" />
            <field name="Guaranteed bitrate downlink" value="131" type="Integer" length="1" />
         </Bytes></qos_Subscribed.C11.BoxedType>
      <qos_Requested.C12.BoxedType><Bytes>8882a45bddab40ed4d
            <field name="Allocation/Retention Priority" value="136" type="Integer" length="1" />
            <field name="Traffic class" value="Background class:4" type="EnumLong" lengthBit="3" />
            <field name="Delivery class" value="Subscribed delivery class / Reserved:0" type="EnumLong" lengthBit="2" />
            <field name="Delivery erroneous SDUs" value="Erroneous SDUs are delivered ('yes'):2" type="EnumLong" lengthBit="3" />
            <field name="Maximum SDU size" value="164" type="Integer" length="1" />
            <field name="Maximum bitrate uplink" value="91" type="Integer" length="1" />
            <field name="Maximum bitrate downlink" value="221" type="Integer" length="1" />
            <field name="SDU error ratio" value="Reserved:10" type="EnumLong" lengthBit="4" />
            <field name="Residual BER" value="Reserved:11" type="EnumLong" lengthBit="4" />
            <field name="Transfer delay" value="16" type="Integer" lengthBit="6" />
            <field name="Traffic handling priority" value="Subscribed traffic handling priority / Reserved:0" type="EnumLong" lengthBit="2" />
            <field name="Guaranteed bitrate uplink" value="237" type="Integer" length="1" />
            <field name="Guaranteed bitrate downlink" value="77" type="Integer" length="1" />
         </Bytes></qos_Requested.C12.BoxedType>
      <qos_Negotiated.C13.BoxedType><Bytes>e14ee40b20df8a9694
            <field name="Allocation/Retention Priority" value="225" type="Integer" length="1" />
            <field name="Traffic class" value="Streaming class:2" type="EnumLong" lengthBit="3" />
            <field name="Delivery class" value="With delivery order ('yes'):1" type="EnumLong" lengthBit="2" />
            <field name="Delivery erroneous SDUs" value="Reserved:6" type="EnumLong" lengthBit="3" />
            <field name="Maximum SDU size" value="228" type="Integer" length="1" />
            <field name="Maximum bitrate uplink" value="11" type="Integer" length="1" />
            <field name="Maximum bitrate downlink" value="32" type="Integer" length="1" />
            <field name="SDU error ratio" value="Reserved:13" type="EnumLong" lengthBit="4" />
            <field name="Residual BER" value="Reserved:15" type="EnumLong" lengthBit="4" />
            <field name="Transfer delay" value="34" type="Integer" lengthBit="6" />
            <field name="Traffic handling priority" value="Priority level 2:2" type="EnumLong" lengthBit="2" />
            <field name="Guaranteed bitrate uplink" value="150" type="Integer" length="1" />
            <field name="Guaranteed bitrate downlink" value="148" type="Integer" length="1" />
         </Bytes></qos_Negotiated.C13.BoxedType>
      <chargingId.C14.BoxedType><Bytes>6621f7a9
            <field name="Charging ID" value="1713502121" type="Integer" length="4" />
         </Bytes></chargingId.C14.BoxedType>
      <chargingCharacteristics.C15.BoxedType><Bytes>7df8
            <field name="Reserved" value="7" type="Integer" lengthBit="4" />
            <field name="N flag" value="1" type="Integer" lengthBit="1" />
            <field name="P flag" value="1" type="Integer" lengthBit="1" />
            <field name="F flag" value="0" type="Integer" lengthBit="1" />
            <field name="H flag" value="1" type="Integer" lengthBit="1" />
            <field name="Charging Value" value="248" type="Integer" length="1" />
         </Bytes></chargingCharacteristics.C15.BoxedType>
      <rnc_Address.C16.BoxedType><Bytes>774c523d8e
            <field name="Address type" value="IPV6:1" type="EnumLong" lengthBit="2" />
            <field name="AddressLength" value="55" type="Integer" lengthBit="6" />
            <field name="IPV4 address" value="76.82.61.142" type="IPV4Address" length="4" />
         </Bytes></rnc_Address.C16.BoxedType>
      <extensionContainer.C17.Sequence>
         <privateExtensionList.C0.BoxedType>
            <Collection>
               <PrivateExtension.Sequence>
                  <extId><ObjectIdentifier>0.1.289.96.79.37.28</ObjectIdentifier></extId>
                  <extType>503def252e9472</extType>
               </PrivateExtension.Sequence>
               <PrivateExtension.Sequence>
                  <extId><ObjectIdentifier>0.1.2101</ObjectIdentifier></extId>
                  <extType>eee0f1</extType>
               </PrivateExtension.Sequence>
               <PrivateExtension.Sequence>
                  <extId><ObjectIdentifier>0.1.247.89.13.94</ObjectIdentifier></extId>
                  <extType>77a30f0eb2</extType>
               </PrivateExtension.Sequence>
            </Collection>
         </privateExtensionList.C0.BoxedType>
         <pcsExtensions.C1.Sequence></pcsExtensions.C1.Sequence>
      </extensionContainer.C17.Sequence>
      <qos2_Subscribed.C18.BoxedType><Bytes>5c10746286
            <field name="spare" value="2" type="Integer" lengthBit="3" />
            <field name="Signalling Indication" value="Optimised for signalling traffic:1" type="EnumLong" lengthBit="1" />
            <field name="Source Statistics Descriptor" value="unknown:12" type="EnumLong" lengthBit="4" />
            <field name="Maximum bitrate downlink (extended)" value="16" type="Integer" length="1" />
            <field name="Guaranteed bitrate downlink (extended)" value="116" type="Integer" length="1" />
            <field name="Maximum bitrate uplink (extended)" value="98" type="Integer" length="1" />
            <field name="Guaranteed bitrate uplink (extended)" value="134" type="Integer" length="1" />
         </Bytes></qos2_Subscribed.C18.BoxedType>
      <qos2_Requested.C19.BoxedType><Bytes>72c67eafaf
            <field name="spare" value="3" type="Integer" lengthBit="3" />
            <field name="Signalling Indication" value="Optimised for signalling traffic:1" type="EnumLong" lengthBit="1" />
            <field name="Source Statistics Descriptor" value="unknown:2" type="EnumLong" lengthBit="4" />
            <field name="Maximum bitrate downlink (extended)" value="198" type="Integer" length="1" />
            <field name="Guaranteed bitrate downlink (extended)" value="126" type="Integer" length="1" />
            <field name="Maximum bitrate uplink (extended)" value="175" type="Integer" length="1" />
            <field name="Guaranteed bitrate uplink (extended)" value="175" type="Integer" length="1" />
         </Bytes></qos2_Requested.C19.BoxedType>
      <qos2_Negotiated.C20.BoxedType><Bytes>bfa217c082
            <field name="spare" value="5" type="Integer" lengthBit="3" />
            <field name="Signalling Indication" value="Optimised for signalling traffic:1" type="EnumLong" lengthBit="1" />
            <field name="Source Statistics Descriptor" value="unknown:15" type="EnumLong" lengthBit="4" />
            <field name="Maximum bitrate downlink (extended)" value="162" type="Integer" length="1" />
            <field name="Guaranteed bitrate downlink (extended)" value="23" type="Integer" length="1" />
            <field name="Maximum bitrate uplink (extended)" value="192" type="Integer" length="1" />
            <field name="Guaranteed bitrate uplink (extended)" value="130" type="Integer" length="1" />
         </Bytes></qos2_Negotiated.C20.BoxedType>
   </PDP_ContextInfo.Sequence>
</ASN>