<?xml version="1.0" encoding="UTF-8"?>

<ASN layer="MAP">
   <PrepareHO_Arg.Sequence>
      <targetCellId.BoxedType><Bytes>c3232532cc17bcb8</Bytes></targetCellId.BoxedType>
      <ho_NumberNotRequired></ho_NumberNotRequired>
      <bss_APDU.Sequence>
         <protocolId.Enum>
            <EnumType>ets_300102_1.4</EnumType>
         </protocolId.Enum>
         <signalInfo.BoxedType><Bytes>aac46f89a7af11</Bytes></signalInfo.BoxedType>
         <extensionContainer.Sequence>
            <privateExtensionList.C0.BoxedType>
               <Collection>
                  <PrivateExtension.Sequence>
                     <extId><ObjectIdentifier>0.1.221.8.73.70.58.11.116.68</ObjectIdentifier></extId>
                     <extType>7035a9</extType>
                  </PrivateExtension.Sequence>
                  <PrivateExtension.Sequence>
                     <extId><ObjectIdentifier>0.1.240.90.113.8</ObjectIdentifier></extId>
                     <extType>cec2fc7ec041</extType>
                  </PrivateExtension.Sequence>
                  <PrivateExtension.Sequence>
                     <extId><ObjectIdentifier>0.1.288.86.114</ObjectIdentifier></extId>
                     <extType>13003dc7bd</extType>
                  </PrivateExtension.Sequence>
               </Collection>
            </privateExtensionList.C0.BoxedType>
            <pcsExtensions.C1.Sequence></pcsExtensions.C1.Sequence>
         </extensionContainer.Sequence>
      </bss_APDU.Sequence>
   </PrepareHO_Arg.Sequence>
</ASN>