<?xml version="1.0" encoding="UTF-8"?>

<ASN layer="MAP">
   <PrepareGroupCallArg.Sequence>
      <teleservice.BoxedType><Bytes>0b0000115c
            <field name="Code" value="11" type="EnumLong" length="1" />
            <field name="Extension data" value="0000115c" type="Binary" length="4" />
         </Bytes></teleservice.BoxedType>
      <asciCallReference.BoxedType><TBCD_STRING.BoxedType><Bytes>42085328f0
               <field name="digits" value="248035820" type="Number_BCD" lengthBit="36" />
            </Bytes></TBCD_STRING.BoxedType></asciCallReference.BoxedType>
      <codec_Info.BoxedType><Bytes>45b3a335621ebc89</Bytes></codec_Info.BoxedType>
      <cipheringAlgorithm.BoxedType><Bytes>2097</Bytes></cipheringAlgorithm.BoxedType>
      <groupKeyNumber_Vk_Id.C0.BoxedType><Integer>0</Integer></groupKeyNumber_Vk_Id.C0.BoxedType>
      <groupKey.C1.BoxedType><Bytes>5c00b13c</Bytes></groupKey.C1.BoxedType>
      <priority.C2.BoxedType><Integer>1</Integer></priority.C2.BoxedType>
      <uplinkFree.C3></uplinkFree.C3>
      <extensionContainer.C4.Sequence>
         <privateExtensionList.C0.BoxedType>
            <Collection>
               <PrivateExtension.Sequence>
                  <extId><ObjectIdentifier>0.1.218.123.103.125</ObjectIdentifier></extId>
                  <extType>424e13b8974cbdafa8</extType>
               </PrivateExtension.Sequence>
               <PrivateExtension.Sequence>
                  <extId><ObjectIdentifier>0.1.244.89</ObjectIdentifier></extId>
                  <extType>cb51fe81b797</extType>
               </PrivateExtension.Sequence>
               <PrivateExtension.Sequence>
                  <extId><ObjectIdentifier>0.1.27.107.25.120.120</ObjectIdentifier></extId>
                  <extType>b61fa0</extType>
               </PrivateExtension.Sequence>
            </Collection>
         </privateExtensionList.C0.BoxedType>
         <pcsExtensions.C1.Sequence></pcsExtensions.C1.Sequence>
      </extensionContainer.C4.Sequence>
      <vstk.C5.BoxedType><Bytes>0a8d9800c4d33a34da</Bytes></vstk.C5.BoxedType>
      <vstk_rand.C6.BoxedType><Bytes>4eab487514</Bytes></vstk_rand.C6.BoxedType>
   </PrepareGroupCallArg.Sequence>
</ASN>