<?xml version="1.0" encoding="UTF-8"?>

<ASN layer="MAP">
   <PrepareHO_Res.Sequence>
      <handoverNumber.BoxedType><Bytes>430183403323
            <field name="extension" value="extension:0" type="EnumLong" lengthBit="1" />
            <field name="nature of address" value="subscriber number:4" type="EnumLong" lengthBit="3" />
            <field name="numbering plan" value="data numbering plan (ITU-T Rec X.121):3" type="EnumLong" lengthBit="4" />
            <field name="digits" value="1038043332" type="Number_BCD" length="5" />
         </Bytes></handoverNumber.BoxedType>
      <bss_APDU.Sequence>
         <protocolId.Enum>
            <EnumType>ets_300102_1.4</EnumType>
         </protocolId.Enum>
         <signalInfo.BoxedType><Bytes>a2c713</Bytes></signalInfo.BoxedType>
         <extensionContainer.Sequence>
            <privateExtensionList.C0.BoxedType>
               <Collection>
                  <PrivateExtension.Sequence>
                     <extId><ObjectIdentifier>0.1.221.103.14</ObjectIdentifier></extId>
                     <extType>e790</extType>
                  </PrivateExtension.Sequence>
                  <PrivateExtension.Sequence>
                     <extId><ObjectIdentifier>0.1.284</ObjectIdentifier></extId>
                     <extType>039e8206</extType>
                  </PrivateExtension.Sequence>
                  <PrivateExtension.Sequence>
                     <extId><ObjectIdentifier>0.1.277.55</ObjectIdentifier></extId>
                     <extType>b4caaad1</extType>
                  </PrivateExtension.Sequence>
               </Collection>
            </privateExtensionList.C0.BoxedType>
            <pcsExtensions.C1.Sequence></pcsExtensions.C1.Sequence>
         </extensionContainer.Sequence>
      </bss_APDU.Sequence>
   </PrepareHO_Res.Sequence>
</ASN>