<?xml version="1.0" encoding="UTF-8"?>

<ASN layer="MAP">
   <PrepareSubsequentHOArg.Sequence>
      <targetCellId.BoxedType><Bytes>5cfff2e872148654</Bytes></targetCellId.BoxedType>
      <targetMSC_Number.BoxedType><Bytes>085163817630
            <field name="extension" value="extension:0" type="EnumLong" lengthBit="1" />
            <field name="nature of address" value="unknown:0" type="EnumLong" lengthBit="3" />
            <field name="numbering plan" value="national numbering plan:8" type="EnumLong" lengthBit="4" />
            <field name="digits" value="1536186703" type="Number_BCD" length="5" />
         </Bytes></targetMSC_Number.BoxedType>
      <bss_APDU.Sequence>
         <protocolId.Enum>
            <EnumType>gsm_0806.2</EnumType>
         </protocolId.Enum>
         <signalInfo.BoxedType><Bytes>e6a1f0f2e0516fa121da</Bytes></signalInfo.BoxedType>
         <extensionContainer.Sequence>
            <privateExtensionList.C0.BoxedType>
               <Collection>
                  <PrivateExtension.Sequence>
                     <extId><ObjectIdentifier>0.1.2</ObjectIdentifier></extId>
                     <extType>3c05f17e</extType>
                  </PrivateExtension.Sequence>
                  <PrivateExtension.Sequence>
                     <extId><ObjectIdentifier>0.1.279.5.84.66.3.122.29.119.88</ObjectIdentifier></extId>
                     <extType>fe7ab9337d7a</extType>
                  </PrivateExtension.Sequence>
                  <PrivateExtension.Sequence>
                     <extId><ObjectIdentifier>0.1.24.113.70</ObjectIdentifier></extId>
                     <extType>08439c5e67ed</extType>
                  </PrivateExtension.Sequence>
               </Collection>
            </privateExtensionList.C0.BoxedType>
            <pcsExtensions.C1.Sequence></pcsExtensions.C1.Sequence>
         </extensionContainer.Sequence>
      </bss_APDU.Sequence>
   </PrepareSubsequentHOArg.Sequence>
</ASN>