<?xml version="1.0" encoding="UTF-8"?>

<ASN layer="MAP">
   <ProcessGroupCallSignallingArg.Sequence>
      <uplinkRequest.C0></uplinkRequest.C0>
      <uplinkReleaseIndication.C1></uplinkReleaseIndication.C1>
      <releaseGroupCall.C2></releaseGroupCall.C2>
      <extensionContainer.Sequence>
         <privateExtensionList.C0.BoxedType>
            <Collection>
               <PrivateExtension.Sequence>
                  <extId><ObjectIdentifier>0.1.261.46.0.43.109.111</ObjectIdentifier></extId>
                  <extType>17</extType>
               </PrivateExtension.Sequence>
               <PrivateExtension.Sequence>
                  <extId><ObjectIdentifier>0.1.285.31.64.71.57.94.86.114.73</ObjectIdentifier></extId>
                  <extType>182dfc3625b14e</extType>
               </PrivateExtension.Sequence>
               <PrivateExtension.Sequence>
                  <extId><ObjectIdentifier>0.1.2112</ObjectIdentifier></extId>
                  <extType>91d97f3e6557</extType>
               </PrivateExtension.Sequence>
            </Collection>
         </privateExtensionList.C0.BoxedType>
         <pcsExtensions.C1.Sequence></pcsExtensions.C1.Sequence>
      </extensionContainer.Sequence>
   </ProcessGroupCallSignallingArg.Sequence>
</ASN>