<?xml version="1.0" encoding="UTF-8"?>

<ASN layer="MAP">
   <ProcessAccessSignallingArgV3.BoxedType><ProcessAccessSignallingArgV3SequenceType.C3.Sequence>
         <an_APDU.Sequence>
            <accessNetworkProtocolId.Enum>
               <EnumType>ts3G_48006.1</EnumType>
            </accessNetworkProtocolId.Enum>
            <signalInfo.BoxedType><Bytes>29d56f42bba76d</Bytes></signalInfo.BoxedType>
            <extensionContainer.Sequence>
               <privateExtensionList.C0.BoxedType>
                  <Collection>
                     <PrivateExtension.Sequence>
                        <extId><ObjectIdentifier>0.1.270.45.18.27.75</ObjectIdentifier></extId>
                        <extType>64bb0830a9</extType>
                     </PrivateExtension.Sequence>
                     <PrivateExtension.Sequence>
                        <extId><ObjectIdentifier>0.1.2118</ObjectIdentifier></extId>
                        <extType>296e832dec12306a</extType>
                     </PrivateExtension.Sequence>
                     <PrivateExtension.Sequence>
                        <extId><ObjectIdentifier>0.1.2105.24.12.111.117.92.82</ObjectIdentifier></extId>
                        <extType>c61d</extType>
                     </PrivateExtension.Sequence>
                  </Collection>
               </privateExtensionList.C0.BoxedType>
               <pcsExtensions.C1.Sequence></pcsExtensions.C1.Sequence>
            </extensionContainer.Sequence>
         </an_APDU.Sequence>
         <selectedUMTS_Algorithms.C1.Sequence>
            <integrityProtectionAlgorithm.C0.BoxedType><Bytes>b5f7839c02</Bytes></integrityProtectionAlgorithm.C0.BoxedType>
            <encryptionAlgorithm.C1.BoxedType><Bytes>499708d18f8fbf778b</Bytes></encryptionAlgorithm.C1.BoxedType>
            <extensionContainer.C2.Sequence>
               <privateExtensionList.C0.BoxedType>
                  <Collection>
                     <PrivateExtension.Sequence>
                        <extId><ObjectIdentifier>0.1.2106.82</ObjectIdentifier></extId>
                        <extType>b8443671e1cc9a6896</extType>
                     </PrivateExtension.Sequence>
                     <PrivateExtension.Sequence>
                        <extId><ObjectIdentifier>0.1.269.21.89.90.93.19.91</ObjectIdentifier></extId>
                        <extType>38c93ea299f05fd2</extType>
                     </PrivateExtension.Sequence>
                     <PrivateExtension.Sequence>
                        <extId><ObjectIdentifier>0.1.2102</ObjectIdentifier></extId>
                        <extType>f43903312346960e2e</extType>
                     </PrivateExtension.Sequence>
                  </Collection>
               </privateExtensionList.C0.BoxedType>
               <pcsExtensions.C1.Sequence></pcsExtensions.C1.Sequence>
            </extensionContainer.C2.Sequence>
         </selectedUMTS_Algorithms.C1.Sequence>
         <selectedGSM_Algorithm.C2.BoxedType><Bytes>1a8140f8d9411a</Bytes></selectedGSM_Algorithm.C2.BoxedType>
         <chosenRadioResourceInformation.C3.Sequence>
            <chosenChannelInfo.C0.BoxedType><Bytes>8c97</Bytes></chosenChannelInfo.C0.BoxedType>
            <chosenSpeechVersion.C1.BoxedType><Bytes>60cca1aeda</Bytes></chosenSpeechVersion.C1.BoxedType>
         </chosenRadioResourceInformation.C3.Sequence>
         <selectedRab_Id.C4.BoxedType><Integer>2</Integer></selectedRab_Id.C4.BoxedType>
         <extensionContainer.C0.Sequence>
            <privateExtensionList.C0.BoxedType>
               <Collection>
                  <PrivateExtension.Sequence>
                     <extId><ObjectIdentifier>0.1.239.23.125.105</ObjectIdentifier></extId>
                     <extType>cd17d63bf3</extType>
                  </PrivateExtension.Sequence>
                  <PrivateExtension.Sequence>
                     <extId><ObjectIdentifier>0.1.211.27.36.29.21</ObjectIdentifier></extId>
                     <extType>ab43b0</extType>
                  </PrivateExtension.Sequence>
                  <PrivateExtension.Sequence>
                     <extId><ObjectIdentifier>0.1.2120.59.54.63.13.92</ObjectIdentifier></extId>
                     <extType>d01562d907</extType>
                  </PrivateExtension.Sequence>
               </Collection>
            </privateExtensionList.C0.BoxedType>
            <pcsExtensions.C1.Sequence></pcsExtensions.C1.Sequence>
         </extensionContainer.C0.Sequence>
         <iUSelectedCodec.C5.BoxedType><Bytes>a3c1fe7b52</Bytes></iUSelectedCodec.C5.BoxedType>
         <iuAvailableCodecsList.C6.Sequence>
            <codec1.C1.BoxedType><Bytes>7fada75f5532</Bytes></codec1.C1.BoxedType>
            <codec2.C2.BoxedType><Bytes>0d6acb0c509f</Bytes></codec2.C2.BoxedType>
            <codec3.C3.BoxedType><Bytes>275a7333d0533e4b</Bytes></codec3.C3.BoxedType>
            <codec4.C4.BoxedType><Bytes>f748b4139d8dedb4df</Bytes></codec4.C4.BoxedType>
            <codec5.C5.BoxedType><Bytes>8c8fc52b</Bytes></codec5.C5.BoxedType>
            <codec6.C6.BoxedType><Bytes>032282658d992d</Bytes></codec6.C6.BoxedType>
            <codec7.C7.BoxedType><Bytes>04b1d6fe1bab</Bytes></codec7.C7.BoxedType>
            <codec8.C8.BoxedType><Bytes>fee5f3d395</Bytes></codec8.C8.BoxedType>
            <extensionContainer.C9.Sequence>
               <privateExtensionList.C0.BoxedType>
                  <Collection>
                     <PrivateExtension.Sequence>
                        <extId><ObjectIdentifier>0.1.242.11.50.2.118.27.113.18.70</ObjectIdentifier></extId>
                        <extType>de7c89bf990dd20b</extType>
                     </PrivateExtension.Sequence>
                     <PrivateExtension.Sequence>
                        <extId><ObjectIdentifier>0.1.250.80.46.101.95.49.50.108.30.84</ObjectIdentifier></extId>
                        <extType>9db6a3248c27701a</extType>
                     </PrivateExtension.Sequence>
                     <PrivateExtension.Sequence>
                        <extId><ObjectIdentifier>0.1.229.35.61.3.79</ObjectIdentifier></extId>
                        <extType>ce9915c6e497790d</extType>
                     </PrivateExtension.Sequence>
                  </Collection>
               </privateExtensionList.C0.BoxedType>
               <pcsExtensions.C1.Sequence></pcsExtensions.C1.Sequence>
            </extensionContainer.C9.Sequence>
         </iuAvailableCodecsList.C6.Sequence>
      </ProcessAccessSignallingArgV3SequenceType.C3.Sequence></ProcessAccessSignallingArgV3.BoxedType>
</ASN>