<?xml version="1.0" encoding="UTF-8"?>

<ASN layer="CAP">
   <AlertServiceCentreArg.Sequence>
      <msisdn.BoxedType><AddressString.BoxedType><Bytes>2a84631151f2
               <field name="extension" value="extension:0" type="EnumLong" lengthBit="1" />
               <field name="nature of address" value="national significant number:2" type="EnumLong" lengthBit="3" />
               <field name="numbering plan" value="10" type="EnumLong" lengthBit="4" />
               <field name="digits" value="483611152" type="Number_BCD" lengthBit="36" />
            </Bytes></AddressString.BoxedType></msisdn.BoxedType>
      <serviceCentreAddress.BoxedType><Bytes>907101810034
            <field name="extension" value="no extension:1" type="EnumLong" lengthBit="1" />
            <field name="nature of address" value="international number:1" type="EnumLong" lengthBit="3" />
            <field name="numbering plan" value="unknown:0" type="EnumLong" lengthBit="4" />
            <field name="digits" value="1710180043" type="Number_BCD" length="5" />
         </Bytes></serviceCentreAddress.BoxedType>
      <imsi.BoxedType><TBCD_STRING.BoxedType><Bytes>3144661479
               <field name="digits" value="1344664197" type="Number_BCD" length="5" />
            </Bytes></TBCD_STRING.BoxedType></imsi.BoxedType>
      <correlationID.Sequence>
         <hlr_id.C0.BoxedType><IMSI.BoxedType><TBCD_STRING.BoxedType><Bytes>1162300607
                     <field name="digits" value="1126036070" type="Number_BCD" length="5" />
                  </Bytes></TBCD_STRING.BoxedType></IMSI.BoxedType></hlr_id.C0.BoxedType>
         <sip_uri_A.C1.BoxedType><Bytes>90d172ed62</Bytes></sip_uri_A.C1.BoxedType>
         <sip_uri_B.C2.BoxedType><Bytes>2930dca08069</Bytes></sip_uri_B.C2.BoxedType>
      </correlationID.Sequence>
   </AlertServiceCentreArg.Sequence>
</ASN>