<?xml version="1.0" encoding="UTF-8"?>

<ASN layer="CAP">
   <AnyTimeInterrogationArg.Sequence>
      <subscriberIdentity.C0.Choice>
         <imsi.C0.BoxedType><TBCD_STRING.BoxedType><Bytes>4195096066
                  <field name="digits" value="1459900666" type="Number_BCD" length="5" />
               </Bytes></TBCD_STRING.BoxedType></imsi.C0.BoxedType>
         <msisdn.C1.BoxedType><AddressString.BoxedType><Bytes>6276801787f2
                  <field name="extension" value="extension:0" type="EnumLong" lengthBit="1" />
                  <field name="nature of address" value="abbreviated number:6" type="EnumLong" lengthBit="3" />
                  <field name="numbering plan" value="spare:2" type="EnumLong" lengthBit="4" />
                  <field name="digits" value="670871782" type="Number_BCD" lengthBit="36" />
               </Bytes></AddressString.BoxedType></msisdn.C1.BoxedType>
      </subscriberIdentity.C0.Choice>
      <requestedInfo.C1.Sequence>
         <locationInformation.C0></locationInformation.C0>
         <subscriberState.C1></subscriberState.C1>
         <extensionContainer.C2.Sequence>
            <privateExtensionList.C0.BoxedType>
               <Collection>
                  <PrivateExtension.Sequence>
                     <extId><ObjectIdentifier>0.1.268</ObjectIdentifier></extId>
                     <extType>c4</extType>
                  </PrivateExtension.Sequence>
                  <PrivateExtension.Sequence>
                     <extId><ObjectIdentifier>0.1.254</ObjectIdentifier></extId>
                     <extType>eab29cca94c6525c</extType>
                  </PrivateExtension.Sequence>
                  <PrivateExtension.Sequence>
                     <extId><ObjectIdentifier>0.1.225.12.20.119.67.26</ObjectIdentifier></extId>
                     <extType>472f</extType>
                  </PrivateExtension.Sequence>
               </Collection>
            </privateExtensionList.C0.BoxedType>
            <pcs_Extensions.C1.Sequence>
               
            </pcs_Extensions.C1.Sequence>
         </extensionContainer.C2.Sequence>
         <currentLocation.C3></currentLocation.C3>
         <requestedDomain.C4.Enum>
            <EnumType>ps_Domain.1</EnumType>
         </requestedDomain.C4.Enum>
         <imei.C6></imei.C6>
         <ms_classmark.C5></ms_classmark.C5>
         <mnpRequestedInfo.C7></mnpRequestedInfo.C7>
         <locationInformationEPS_Supported.C11></locationInformationEPS_Supported.C11>
         <t_adsData.C8></t_adsData.C8>
         <requestedNodes.C9.BoxedType><BitString><BitString value="d2eb772d25c0" trailing="0"/></BitString></requestedNodes.C9.BoxedType>
         <servingNodeIndication.C10></servingNodeIndication.C10>
         <localTimeZoneRequest.C12></localTimeZoneRequest.C12>
      </requestedInfo.C1.Sequence>
      <gsmSCF_Address.C3.BoxedType><AddressString.BoxedType><Bytes>4b45906018f8
               <field name="extension" value="extension:0" type="EnumLong" lengthBit="1" />
               <field name="nature of address" value="subscriber number:4" type="EnumLong" lengthBit="3" />
               <field name="numbering plan" value="11" type="EnumLong" lengthBit="4" />
               <field name="digits" value="540906818" type="Number_BCD" lengthBit="36" />
            </Bytes></AddressString.BoxedType></gsmSCF_Address.C3.BoxedType>
      <extensionContainer.C2.Sequence>
         <privateExtensionList.C0.BoxedType>
            <Collection>
               <PrivateExtension.Sequence>
                  <extId><ObjectIdentifier>0.1.278.85.7.97.30.53.37.29.122.116</ObjectIdentifier></extId>
                  <extType>c3</extType>
               </PrivateExtension.Sequence>
               <PrivateExtension.Sequence>
                  <extId><ObjectIdentifier>0.1.226</ObjectIdentifier></extId>
                  <extType>469673</extType>
               </PrivateExtension.Sequence>
               <PrivateExtension.Sequence>
                  <extId><ObjectIdentifier>0.1.279.60.120.86</ObjectIdentifier></extId>
                  <extType>edfb2cbf68</extType>
               </PrivateExtension.Sequence>
            </Collection>
         </privateExtensionList.C0.BoxedType>
         <pcs_Extensions.C1.Sequence>
            
         </pcs_Extensions.C1.Sequence>
      </extensionContainer.C2.Sequence>
   </AnyTimeInterrogationArg.Sequence>
</ASN>