<?xml version="1.0" encoding="UTF-8"?>

<ASN layer="CAP">
   <AnyTimeModificationArg.Sequence>
      <subscriberIdentity.C0.Choice>
         <imsi.C0.BoxedType><TBCD_STRING.BoxedType><Bytes>36684259f8
                  <field name="digits" value="638624958" type="Number_BCD" lengthBit="36" />
               </Bytes></TBCD_STRING.BoxedType></imsi.C0.BoxedType>
         <msisdn.C1.BoxedType><AddressString.BoxedType><Bytes>048159407468
                  <field name="extension" value="extension:0" type="EnumLong" lengthBit="1" />
                  <field name="nature of address" value="unknown:0" type="EnumLong" lengthBit="3" />
                  <field name="numbering plan" value="telex numbering plan (ITU-T Rec F.69):4" type="EnumLong" lengthBit="4" />
                  <field name="digits" value="1895044786" type="Number_BCD" length="5" />
               </Bytes></AddressString.BoxedType></msisdn.C1.BoxedType>
      </subscriberIdentity.C0.Choice>
      <gsmSCF_Address.C1.BoxedType><AddressString.BoxedType><Bytes>e74142695110
               <field name="extension" value="no extension:1" type="EnumLong" lengthBit="1" />
               <field name="nature of address" value="abbreviated number:6" type="EnumLong" lengthBit="3" />
               <field name="numbering plan" value="spare:7" type="EnumLong" lengthBit="4" />
               <field name="digits" value="1424961501" type="Number_BCD" length="5" />
            </Bytes></AddressString.BoxedType></gsmSCF_Address.C1.BoxedType>
      <modificationRequestFor_CF_Info.C2.Sequence>
         <ss_Code.C0.BoxedType><Bytes>af40d73949</Bytes></ss_Code.C0.BoxedType>
         <basicService.C1.Choice>
            <ext_BearerService.C2.BoxedType><Bytes>4d2bc44b3a12c6edcf</Bytes></ext_BearerService.C2.BoxedType>
            <ext_Teleservice.C3.BoxedType><Bytes>b94fa48901
                  <field name="Code" value="185" type="EnumLong" length="1" />
                  <field name="Extension data" value="4fa48901" type="Binary" length="4" />
               </Bytes></ext_Teleservice.C3.BoxedType>
         </basicService.C1.Choice>
         <ss_Status.C2.BoxedType><Bytes>cd9b</Bytes></ss_Status.C2.BoxedType>
         <forwardedToNumber.C3.BoxedType><Bytes>8b1131000235
               <field name="extension" value="no extension:1" type="EnumLong" lengthBit="1" />
               <field name="nature of address" value="unknown:0" type="EnumLong" lengthBit="3" />
               <field name="numbering plan" value="11" type="EnumLong" lengthBit="4" />
               <field name="digits" value="1113002053" type="Number_BCD" length="5" />
            </Bytes></forwardedToNumber.C3.BoxedType>
         <forwardedToSubaddress.C4.BoxedType><Bytes>9deec4b4347f</Bytes></forwardedToSubaddress.C4.BoxedType>
         <noReplyConditionTime.C5.BoxedType><Integer>1</Integer></noReplyConditionTime.C5.BoxedType>
         <modifyNotificationToCSE.C6.Enum>
            <EnumType>activate.1</EnumType>
         </modifyNotificationToCSE.C6.Enum>
         <extensionContainer.C7.Sequence>
            <privateExtensionList.C0.BoxedType>
               <Collection>
                  <PrivateExtension.Sequence>
                     <extId><ObjectIdentifier>0.1.2118</ObjectIdentifier></extId>
                     <extType>8cf3a3aaaede9fbf494f</extType>
                  </PrivateExtension.Sequence>
                  <PrivateExtension.Sequence>
                     <extId><ObjectIdentifier>0.1.2113.13.45.125.115.35.10.113.75</ObjectIdentifier></extId>
                     <extType>7522</extType>
                  </PrivateExtension.Sequence>
                  <PrivateExtension.Sequence>
                     <extId><ObjectIdentifier>0.1.246.52.80.6.44.105.57.34.34</ObjectIdentifier></extId>
                     <extType>8395f9d19b</extType>
                  </PrivateExtension.Sequence>
               </Collection>
            </privateExtensionList.C0.BoxedType>
            <pcs_Extensions.C1.Sequence>
               
            </pcs_Extensions.C1.Sequence>
         </extensionContainer.C7.Sequence>
      </modificationRequestFor_CF_Info.C2.Sequence>
      <modificationRequestFor_CB_Info.C3.Sequence>
         <ss_Code.C0.BoxedType><Bytes>1d252c1bc6</Bytes></ss_Code.C0.BoxedType>
         <basicService.C1.Choice>
            <ext_BearerService.C2.BoxedType><Bytes>061ce3</Bytes></ext_BearerService.C2.BoxedType>
            <ext_Teleservice.C3.BoxedType><Bytes>1000000eae
                  <field name="Code" value="allSpeechTransmissionServices:16" type="EnumLong" length="1" />
                  <field name="Extension data" value="00000eae" type="Binary" length="4" />
               </Bytes></ext_Teleservice.C3.BoxedType>
         </basicService.C1.Choice>
         <ss_Status.C2.BoxedType><Bytes>65e8c02f9b24</Bytes></ss_Status.C2.BoxedType>
         <password.C3.BoxedType><String>OqYZYI</String></password.C3.BoxedType>
         <wrongPasswordAttemptsCounter.C4.BoxedType><Integer>0</Integer></wrongPasswordAttemptsCounter.C4.BoxedType>
         <modifyNotificationToCSE.C5.Enum>
            <EnumType>deactivate.0</EnumType>
         </modifyNotificationToCSE.C5.Enum>
         <extensionContainer.C6.Sequence>
            <privateExtensionList.C0.BoxedType>
               <Collection>
                  <PrivateExtension.Sequence>
                     <extId><ObjectIdentifier>0.1.2108.36.45</ObjectIdentifier></extId>
                     <extType>47bb7040afa3e71e6036</extType>
                  </PrivateExtension.Sequence>
                  <PrivateExtension.Sequence>
                     <extId><ObjectIdentifier>0.1.276</ObjectIdentifier></extId>
                     <extType>d72cf750c48cffb8</extType>
                  </PrivateExtension.Sequence>
                  <PrivateExtension.Sequence>
                     <extId><ObjectIdentifier>0.1.2120.111.5.81</ObjectIdentifier></extId>
                     <extType>3803cc6b</extType>
                  </PrivateExtension.Sequence>
               </Collection>
            </privateExtensionList.C0.BoxedType>
            <pcs_Extensions.C1.Sequence>
               
            </pcs_Extensions.C1.Sequence>
         </extensionContainer.C6.Sequence>
      </modificationRequestFor_CB_Info.C3.Sequence>
      <modificationRequestFor_CSI.C4.Sequence>
         <requestedCamel_SubscriptionInfo.C0.Enum>
            <EnumType>tif_CSI.3</EnumType>
         </requestedCamel_SubscriptionInfo.C0.Enum>
         <modifyNotificationToCSE.C1.Enum>
            <EnumType>deactivate.0</EnumType>
         </modifyNotificationToCSE.C1.Enum>
         <modifyCSI_State.C2.Enum>
            <EnumType>activate.1</EnumType>
         </modifyCSI_State.C2.Enum>
         <extensionContainer.C3.Sequence>
            <privateExtensionList.C0.BoxedType>
               <Collection>
                  <PrivateExtension.Sequence>
                     <extId><ObjectIdentifier>0.1.233.64.29.95.13</ObjectIdentifier></extId>
                     <extType>7b2807af6d16f0681d</extType>
                  </PrivateExtension.Sequence>
                  <PrivateExtension.Sequence>
                     <extId><ObjectIdentifier>0.1.266.58</ObjectIdentifier></extId>
                     <extType>e42b3e75</extType>
                  </PrivateExtension.Sequence>
                  <PrivateExtension.Sequence>
                     <extId><ObjectIdentifier>0.1.251.100.38.81.97.108.12.58.103.7</ObjectIdentifier></extId>
                     <extType>a82f19b294aaf254</extType>
                  </PrivateExtension.Sequence>
               </Collection>
            </privateExtensionList.C0.BoxedType>
            <pcs_Extensions.C1.Sequence>
               
            </pcs_Extensions.C1.Sequence>
         </extensionContainer.C3.Sequence>
         <additionalRequestedCAMEL_SubscriptionInfo.C4.Enum>
            <EnumType>o_IM_CSI.2</EnumType>
         </additionalRequestedCAMEL_SubscriptionInfo.C4.Enum>
      </modificationRequestFor_CSI.C4.Sequence>
      <extensionContainer.C5.Sequence>
         <privateExtensionList.C0.BoxedType>
            <Collection>
               <PrivateExtension.Sequence>
                  <extId><ObjectIdentifier>0.1.2121.105.123.40.96</ObjectIdentifier></extId>
                  <extType>36a8b76be2dc98</extType>
               </PrivateExtension.Sequence>
               <PrivateExtension.Sequence>
                  <extId><ObjectIdentifier>0.1.236.90.82.43.28.71.111.12.49</ObjectIdentifier></extId>
                  <extType>1fd3cff88cc216d0</extType>
               </PrivateExtension.Sequence>
               <PrivateExtension.Sequence>
                  <extId><ObjectIdentifier>0.1.284.111.61.98.43.82.94.70.26</ObjectIdentifier></extId>
                  <extType>fd4a</extType>
               </PrivateExtension.Sequence>
            </Collection>
         </privateExtensionList.C0.BoxedType>
         <pcs_Extensions.C1.Sequence>
            
         </pcs_Extensions.C1.Sequence>
      </extensionContainer.C5.Sequence>
      <longFTN_Supported.C6></longFTN_Supported.C6>
      <modificationRequestFor_ODB_data.C7.Sequence>
         <odb_data.C0.Sequence>
            <odb_GeneralData.BoxedType><BitString><BitString value="d7a31777c9180af3bfc9e7" trailing="0"/></BitString></odb_GeneralData.BoxedType>
            <odb_HPLMN_Data.BoxedType><BitString><BitString value="885526b2697eea" trailing="0"/></BitString></odb_HPLMN_Data.BoxedType>
            <extensionContainer.Sequence>
               <privateExtensionList.C0.BoxedType>
                  <Collection>
                     <PrivateExtension.Sequence>
                        <extId><ObjectIdentifier>0.1.277.65.30</ObjectIdentifier></extId>
                        <extType>b4158462</extType>
                     </PrivateExtension.Sequence>
                     <PrivateExtension.Sequence>
                        <extId><ObjectIdentifier>0.1.263.21.7.39</ObjectIdentifier></extId>
                        <extType>9f</extType>
                     </PrivateExtension.Sequence>
                     <PrivateExtension.Sequence>
                        <extId><ObjectIdentifier>0.1.246.63.34.108.40.2</ObjectIdentifier></extId>
                        <extType>24642231041206c57a68</extType>
                     </PrivateExtension.Sequence>
                  </Collection>
               </privateExtensionList.C0.BoxedType>
               <pcs_Extensions.C1.Sequence>
                  
               </pcs_Extensions.C1.Sequence>
            </extensionContainer.Sequence>
         </odb_data.C0.Sequence>
         <modifyNotificationToCSE.C1.Enum>
            <EnumType>activate.1</EnumType>
         </modifyNotificationToCSE.C1.Enum>
         <extensionContainer.C2.Sequence>
            <privateExtensionList.C0.BoxedType>
               <Collection>
                  <PrivateExtension.Sequence>
                     <extId><ObjectIdentifier>0.1.2105.6</ObjectIdentifier></extId>
                     <extType>ccf2285c6d</extType>
                  </PrivateExtension.Sequence>
                  <PrivateExtension.Sequence>
                     <extId><ObjectIdentifier>0.1.2110.107.35</ObjectIdentifier></extId>
                     <extType>338f</extType>
                  </PrivateExtension.Sequence>
                  <PrivateExtension.Sequence>
                     <extId><ObjectIdentifier>0.1.293</ObjectIdentifier></extId>
                     <extType>37</extType>
                  </PrivateExtension.Sequence>
               </Collection>
            </privateExtensionList.C0.BoxedType>
            <pcs_Extensions.C1.Sequence>
               
            </pcs_Extensions.C1.Sequence>
         </extensionContainer.C2.Sequence>
      </modificationRequestFor_ODB_data.C7.Sequence>
      <modificationRequestFor_IP_SM_GW_Data.C8.Sequence>
         <modifyRegistrationStatus.C0.Enum>
            <EnumType>activate.1</EnumType>
         </modifyRegistrationStatus.C0.Enum>
         <extensionContainer.C1.Sequence>
            <privateExtensionList.C0.BoxedType>
               <Collection>
                  <PrivateExtension.Sequence>
                     <extId><ObjectIdentifier>0.1.2</ObjectIdentifier></extId>
                     <extType>273b7680</extType>
                  </PrivateExtension.Sequence>
                  <PrivateExtension.Sequence>
                     <extId><ObjectIdentifier>0.1.296.17.6.7.102.3.25</ObjectIdentifier></extId>
                     <extType>9720ef324f89</extType>
                  </PrivateExtension.Sequence>
                  <PrivateExtension.Sequence>
                     <extId><ObjectIdentifier>0.1.2100.20.91.100.58.22.44</ObjectIdentifier></extId>
                     <extType>c4b0a6e5c89b6081</extType>
                  </PrivateExtension.Sequence>
               </Collection>
            </privateExtensionList.C0.BoxedType>
            <pcs_Extensions.C1.Sequence>
               
            </pcs_Extensions.C1.Sequence>
         </extensionContainer.C1.Sequence>
         <ip_sm_gw_DiameterAddress.C2.Sequence>
            <diameter_Name.C0.BoxedType><Bytes>72e89d</Bytes></diameter_Name.C0.BoxedType>
            <diameter_Realm.C1.BoxedType><Bytes>70f148fd9265cb1edc</Bytes></diameter_Realm.C1.BoxedType>
         </ip_sm_gw_DiameterAddress.C2.Sequence>
      </modificationRequestFor_IP_SM_GW_Data.C8.Sequence>
      <activationRequestForUE_reachability.C9.BoxedType><BitString><BitString value="07" trailing="0"/></BitString></activationRequestForUE_reachability.C9.BoxedType>
      <modificationRequestFor_CSG.C10.Sequence>
         <modifyNotificationToCSE.C0.Enum>
            <EnumType>deactivate.0</EnumType>
         </modifyNotificationToCSE.C0.Enum>
         <extensionContainer.C1.Sequence>
            <privateExtensionList.C0.BoxedType>
               <Collection>
                  <PrivateExtension.Sequence>
                     <extId><ObjectIdentifier>0.1.283.15.66.58.65.71.52.20</ObjectIdentifier></extId>
                     <extType>124fbbf3c4ea322db163</extType>
                  </PrivateExtension.Sequence>
                  <PrivateExtension.Sequence>
                     <extId><ObjectIdentifier>0.1.226.118.122.93.78.12.63</ObjectIdentifier></extId>
                     <extType>28d8d6e6ff5acabc71</extType>
                  </PrivateExtension.Sequence>
                  <PrivateExtension.Sequence>
                     <extId><ObjectIdentifier>0.1.2125.96.70.69.26.59.90.40</ObjectIdentifier></extId>
                     <extType>08489dc22a25</extType>
                  </PrivateExtension.Sequence>
               </Collection>
            </privateExtensionList.C0.BoxedType>
            <pcs_Extensions.C1.Sequence>
               
            </pcs_Extensions.C1.Sequence>
         </extensionContainer.C1.Sequence>
      </modificationRequestFor_CSG.C10.Sequence>
      <modificationRequestFor_CW_Data.C11.Sequence>
         <basicService.C0.Choice>
            <ext_BearerService.C2.BoxedType><Bytes>bbbee260d680ee</Bytes></ext_BearerService.C2.BoxedType>
            <ext_Teleservice.C3.BoxedType><Bytes>2d00f22547
                  <field name="Code" value="45" type="EnumLong" length="1" />
                  <field name="Extension data" value="00f22547" type="Binary" length="4" />
               </Bytes></ext_Teleservice.C3.BoxedType>
         </basicService.C0.Choice>
         <ss_Status.C1.BoxedType><Bytes>f468a7227c5e</Bytes></ss_Status.C1.BoxedType>
         <modifyNotificationToCSE.C2.Enum>
            <EnumType>deactivate.0</EnumType>
         </modifyNotificationToCSE.C2.Enum>
         <extensionContainer.C3.Sequence>
            <privateExtensionList.C0.BoxedType>
               <Collection>
                  <PrivateExtension.Sequence>
                     <extId><ObjectIdentifier>0.1.246.113.35.100.20.58.114.99</ObjectIdentifier></extId>
                     <extType>938c7e616a68</extType>
                  </PrivateExtension.Sequence>
                  <PrivateExtension.Sequence>
                     <extId><ObjectIdentifier>0.1.279.126.64.32.0</ObjectIdentifier></extId>
                     <extType>c26f6458</extType>
                  </PrivateExtension.Sequence>
                  <PrivateExtension.Sequence>
                     <extId><ObjectIdentifier>0.1.291.8.120.114.3.101</ObjectIdentifier></extId>
                     <extType>a7af</extType>
                  </PrivateExtension.Sequence>
               </Collection>
            </privateExtensionList.C0.BoxedType>
            <pcs_Extensions.C1.Sequence>
               
            </pcs_Extensions.C1.Sequence>
         </extensionContainer.C3.Sequence>
      </modificationRequestFor_CW_Data.C11.Sequence>
      <modificationRequestFor_CLIP_Data.C12.Sequence>
         <ss_Status.C0.BoxedType><Bytes>d2765dfacb6da5c68c</Bytes></ss_Status.C0.BoxedType>
         <overrideCategory.C1.Enum>
            <EnumType>overrideEnabled.0</EnumType>
         </overrideCategory.C1.Enum>
         <modifyNotificationToCSE.C2.Enum>
            <EnumType>activate.1</EnumType>
         </modifyNotificationToCSE.C2.Enum>
         <extensionContainer.C3.Sequence>
            <privateExtensionList.C0.BoxedType>
               <Collection>
                  <PrivateExtension.Sequence>
                     <extId><ObjectIdentifier>0.1.236.76</ObjectIdentifier></extId>
                     <extType>ec57038e276f56865c</extType>
                  </PrivateExtension.Sequence>
                  <PrivateExtension.Sequence>
                     <extId><ObjectIdentifier>0.1.296.40.119.95.82</ObjectIdentifier></extId>
                     <extType>e99d9b</extType>
                  </PrivateExtension.Sequence>
                  <PrivateExtension.Sequence>
                     <extId><ObjectIdentifier>0.1.29.124.3.80</ObjectIdentifier></extId>
                     <extType>2d6235eb311aa192b6</extType>
                  </PrivateExtension.Sequence>
               </Collection>
            </privateExtensionList.C0.BoxedType>
            <pcs_Extensions.C1.Sequence>
               
            </pcs_Extensions.C1.Sequence>
         </extensionContainer.C3.Sequence>
      </modificationRequestFor_CLIP_Data.C12.Sequence>
      <modificationRequestFor_CLIR_Data.C13.Sequence>
         <ss_Status.C0.BoxedType><Bytes>f0cb021e04</Bytes></ss_Status.C0.BoxedType>
         <cliRestrictionOption.C1.Enum>
            <EnumType>temporaryDefaultRestricted.1</EnumType>
         </cliRestrictionOption.C1.Enum>
         <modifyNotificationToCSE.C2.Enum>
            <EnumType>deactivate.0</EnumType>
         </modifyNotificationToCSE.C2.Enum>
         <extensionContainer.C3.Sequence>
            <privateExtensionList.C0.BoxedType>
               <Collection>
                  <PrivateExtension.Sequence>
                     <extId><ObjectIdentifier>0.1.285.11.116.57</ObjectIdentifier></extId>
                     <extType>3bdf4c</extType>
                  </PrivateExtension.Sequence>
                  <PrivateExtension.Sequence>
                     <extId><ObjectIdentifier>0.1.262.31.45.126.18.36</ObjectIdentifier></extId>
                     <extType>6f20d40e804791</extType>
                  </PrivateExtension.Sequence>
                  <PrivateExtension.Sequence>
                     <extId><ObjectIdentifier>0.1.279.99</ObjectIdentifier></extId>
                     <extType>0f7d7ae5f77ddf43</extType>
                  </PrivateExtension.Sequence>
               </Collection>
            </privateExtensionList.C0.BoxedType>
            <pcs_Extensions.C1.Sequence>
               
            </pcs_Extensions.C1.Sequence>
         </extensionContainer.C3.Sequence>
      </modificationRequestFor_CLIR_Data.C13.Sequence>
      <modificationRequestFor_HOLD_Data.C14.Sequence>
         <ss_Status.C0.BoxedType><Bytes>26047f5e6306a783d08f</Bytes></ss_Status.C0.BoxedType>
         <modifyNotificationToCSE.C1.Enum>
            <EnumType>deactivate.0</EnumType>
         </modifyNotificationToCSE.C1.Enum>
         <extensionContainer.C2.Sequence>
            <privateExtensionList.C0.BoxedType>
               <Collection>
                  <PrivateExtension.Sequence>
                     <extId><ObjectIdentifier>0.1.216</ObjectIdentifier></extId>
                     <extType>e322d9043c960e</extType>
                  </PrivateExtension.Sequence>
                  <PrivateExtension.Sequence>
                     <extId><ObjectIdentifier>0.1.288</ObjectIdentifier></extId>
                     <extType>e688c2e7f0</extType>
                  </PrivateExtension.Sequence>
                  <PrivateExtension.Sequence>
                     <extId><ObjectIdentifier>0.1.256.4.105.31.60</ObjectIdentifier></extId>
                     <extType>1e</extType>
                  </PrivateExtension.Sequence>
               </Collection>
            </privateExtensionList.C0.BoxedType>
            <pcs_Extensions.C1.Sequence>
               
            </pcs_Extensions.C1.Sequence>
         </extensionContainer.C2.Sequence>
      </modificationRequestFor_HOLD_Data.C14.Sequence>
      <modificationRequestFor_ECT_Data.C15.Sequence>
         <ss_Status.C0.BoxedType><Bytes>050ae5891e</Bytes></ss_Status.C0.BoxedType>
         <modifyNotificationToCSE.C1.Enum>
            <EnumType>activate.1</EnumType>
         </modifyNotificationToCSE.C1.Enum>
         <extensionContainer.C2.Sequence>
            <privateExtensionList.C0.BoxedType>
               <Collection>
                  <PrivateExtension.Sequence>
                     <extId><ObjectIdentifier>0.1.2107.105.110.88.7</ObjectIdentifier></extId>
                     <extType>092b9621ab</extType>
                  </PrivateExtension.Sequence>
                  <PrivateExtension.Sequence>
                     <extId><ObjectIdentifier>0.1.259.30.26.99.110.111.38.52.92</ObjectIdentifier></extId>
                     <extType>40ef19</extType>
                  </PrivateExtension.Sequence>
                  <PrivateExtension.Sequence>
                     <extId><ObjectIdentifier>0.1.2116.21.44.117.64</ObjectIdentifier></extId>
                     <extType>26fcbeb8</extType>
                  </PrivateExtension.Sequence>
               </Collection>
            </privateExtensionList.C0.BoxedType>
            <pcs_Extensions.C1.Sequence>
               
            </pcs_Extensions.C1.Sequence>
         </extensionContainer.C2.Sequence>
      </modificationRequestFor_ECT_Data.C15.Sequence>
   </AnyTimeModificationArg.Sequence>
</ASN>