<?xml version="1.0" encoding="UTF-8"?>

<ASN layer="CAP">
   <APN_Configuration.Sequence>
      <contextId.C0.BoxedType><Integer>1</Integer></contextId.C0.BoxedType>
      <pdn_Type.C1.BoxedType><Bytes>bef1cf381628a8</Bytes></pdn_Type.C1.BoxedType>
      <servedPartyIP_IPv4_Address.C2.BoxedType><Bytes>ec28454d
            <field name="IPV4  address" value="236.40.69.77" type="IPV4Address" length="4" />
         </Bytes></servedPartyIP_IPv4_Address.C2.BoxedType>
      <apn.C3.BoxedType><Bytes>786e7a3741494c4350
            <field name="DNS string" value="xnz7AILCP" type="String" lengthBit="36" />
         </Bytes></apn.C3.BoxedType>
      <eps_qos_Subscribed.C4.Sequence>
         <qos_Class_Identifier.C0.BoxedType><Integer>1</Integer></qos_Class_Identifier.C0.BoxedType>
         <allocation_Retention_Priority.C1.Sequence>
            <priority_level.C0>1715679233</priority_level.C0>
            <pre_emption_capability.C1>true:1</pre_emption_capability.C1>
            <pre_emption_vulnerability.C2>false:0</pre_emption_vulnerability.C2>
            <extensionContainer.C3.Sequence>
               <privateExtensionList.C0.BoxedType>
                  <Collection>
                     <PrivateExtension.Sequence>
                        <extId><ObjectIdentifier>0.1.2111.123.124.18.122.42.21.58</ObjectIdentifier></extId>
                        <extType>7efee1ac</extType>
                     </PrivateExtension.Sequence>
                     <PrivateExtension.Sequence>
                        <extId><ObjectIdentifier>0.1.229.124.8.16</ObjectIdentifier></extId>
                        <extType>4a9572</extType>
                     </PrivateExtension.Sequence>
                     <PrivateExtension.Sequence>
                        <extId><ObjectIdentifier>0.1.228.69.15.101.58.50.61.14.88.18</ObjectIdentifier></extId>
                        <extType>38bc</extType>
                     </PrivateExtension.Sequence>
                  </Collection>
               </privateExtensionList.C0.BoxedType>
               <pcs_Extensions.C1.Sequence>
                  
               </pcs_Extensions.C1.Sequence>
            </extensionContainer.C3.Sequence>
         </allocation_Retention_Priority.C1.Sequence>
         <extensionContainer.C2.Sequence>
            <privateExtensionList.C0.BoxedType>
               <Collection>
                  <PrivateExtension.Sequence>
                     <extId><ObjectIdentifier>0.1.2108.78.124.111</ObjectIdentifier></extId>
                     <extType>f8ceffc9946a8e7f77f2</extType>
                  </PrivateExtension.Sequence>
                  <PrivateExtension.Sequence>
                     <extId><ObjectIdentifier>0.1.2</ObjectIdentifier></extId>
                     <extType>c1c292a1bf2722</extType>
                  </PrivateExtension.Sequence>
                  <PrivateExtension.Sequence>
                     <extId><ObjectIdentifier>0.1.2</ObjectIdentifier></extId>
                     <extType>414fac631318a3c096ac</extType>
                  </PrivateExtension.Sequence>
               </Collection>
            </privateExtensionList.C0.BoxedType>
            <pcs_Extensions.C1.Sequence>
               
            </pcs_Extensions.C1.Sequence>
         </extensionContainer.C2.Sequence>
      </eps_qos_Subscribed.C4.Sequence>
      <pdn_gw_Identity.C5.Sequence>
         <pdn_gw_ipv4_Address.C0.BoxedType><Bytes>6cee69f8
               <field name="IPV4  address" value="108.238.105.248" type="IPV4Address" length="4" />
            </Bytes></pdn_gw_ipv4_Address.C0.BoxedType>
         <pdn_gw_ipv6_Address.C1.BoxedType><Bytes>5c8245dd
               <field name="IPV4  address" value="92.130.69.221" type="IPV4Address" length="4" />
            </Bytes></pdn_gw_ipv6_Address.C1.BoxedType>
         <pdn_gw_name.C2.BoxedType><Bytes>10184251465f80bf98</Bytes></pdn_gw_name.C2.BoxedType>
         <extensionContainer.C3.Sequence>
            <privateExtensionList.C0.BoxedType>
               <Collection>
                  <PrivateExtension.Sequence>
                     <extId><ObjectIdentifier>0.1.276.112.79.42</ObjectIdentifier></extId>
                     <extType>25f71a1a258a</extType>
                  </PrivateExtension.Sequence>
                  <PrivateExtension.Sequence>
                     <extId><ObjectIdentifier>0.1.297</ObjectIdentifier></extId>
                     <extType>c5960dd114</extType>
                  </PrivateExtension.Sequence>
                  <PrivateExtension.Sequence>
                     <extId><ObjectIdentifier>0.1.242.50.20.74.123.87.98.98.18</ObjectIdentifier></extId>
                     <extType>95225ba954a0f756</extType>
                  </PrivateExtension.Sequence>
               </Collection>
            </privateExtensionList.C0.BoxedType>
            <pcs_Extensions.C1.Sequence>
               
            </pcs_Extensions.C1.Sequence>
         </extensionContainer.C3.Sequence>
      </pdn_gw_Identity.C5.Sequence>
      <pdn_gw_AllocationType.C6.Enum>
         <EnumType>static_.0</EnumType>
      </pdn_gw_AllocationType.C6.Enum>
      <vplmnAddressAllowed.C7></vplmnAddressAllowed.C7>
      <chargingCharacteristics.C8.BoxedType><Bytes>2fef
            <field name="Reserved" value="2" type="Integer" lengthBit="4" />
            <field name="N flag" value="1" type="Integer" lengthBit="1" />
            <field name="P flag" value="1" type="Integer" lengthBit="1" />
            <field name="F flag" value="1" type="Integer" lengthBit="1" />
            <field name="H flag" value="1" type="Integer" lengthBit="1" />
            <field name="Charging Value" value="239" type="Integer" length="1" />
         </Bytes></chargingCharacteristics.C8.BoxedType>
      <ambr.C9.Sequence>
         <max_RequestedBandwidth_UL.C0.BoxedType><Long>1910604630</Long></max_RequestedBandwidth_UL.C0.BoxedType>
         <max_RequestedBandwidth_DL.C1.BoxedType><Long>888405295</Long></max_RequestedBandwidth_DL.C1.BoxedType>
         <extensionContainer.C2.Sequence>
            <privateExtensionList.C0.BoxedType>
               <Collection>
                  <PrivateExtension.Sequence>
                     <extId><ObjectIdentifier>0.1.2117.87.11.22.111.120.89</ObjectIdentifier></extId>
                     <extType>02d6df68</extType>
                  </PrivateExtension.Sequence>
                  <PrivateExtension.Sequence>
                     <extId><ObjectIdentifier>0.1.277.17.19.1.68.18.14</ObjectIdentifier></extId>
                     <extType>88689644b26c513f96</extType>
                  </PrivateExtension.Sequence>
                  <PrivateExtension.Sequence>
                     <extId><ObjectIdentifier>0.1.211.10.47.79.46.124.31.107.117</ObjectIdentifier></extId>
                     <extType>93dede15520e773f</extType>
                  </PrivateExtension.Sequence>
               </Collection>
            </privateExtensionList.C0.BoxedType>
            <pcs_Extensions.C1.Sequence>
               
            </pcs_Extensions.C1.Sequence>
         </extensionContainer.C2.Sequence>
      </ambr.C9.Sequence>
      <specificAPNInfoList.C10.BoxedType>
         <Collection>
            <SpecificAPNInfo.Sequence>
               <apn.C0.BoxedType><Bytes>7a6c4b33645771444a
                     <field name="DNS string" value="zlK3dWqDJ" type="String" lengthBit="36" />
                  </Bytes></apn.C0.BoxedType>
               <pdn_gw_Identity.C1.Sequence>
                  <pdn_gw_ipv4_Address.C0.BoxedType><Bytes>b9ab7059
                        <field name="IPV4  address" value="185.171.112.89" type="IPV4Address" length="4" />
                     </Bytes></pdn_gw_ipv4_Address.C0.BoxedType>
                  <pdn_gw_ipv6_Address.C1.BoxedType><Bytes>be44d250
                        <field name="IPV4  address" value="190.68.210.80" type="IPV4Address" length="4" />
                     </Bytes></pdn_gw_ipv6_Address.C1.BoxedType>
                  <pdn_gw_name.C2.BoxedType><Bytes>ddc6cbb1</Bytes></pdn_gw_name.C2.BoxedType>
                  <extensionContainer.C3.Sequence>
                     <privateExtensionList.C0.BoxedType>
                        <Collection>
                           <PrivateExtension.Sequence>
                              <extId><ObjectIdentifier>0.1.2110.13.41.117.110.84.126.78</ObjectIdentifier></extId>
                              <extType>d73cc4e981cbed05</extType>
                           </PrivateExtension.Sequence>
                           <PrivateExtension.Sequence>
                              <extId><ObjectIdentifier>0.1.2128.1.71.71.12.49.13</ObjectIdentifier></extId>
                              <extType>cca3f3</extType>
                           </PrivateExtension.Sequence>
                           <PrivateExtension.Sequence>
                              <extId><ObjectIdentifier>0.1.241.19.105.66.16.54.46.62.80</ObjectIdentifier></extId>
                              <extType>2929</extType>
                           </PrivateExtension.Sequence>
                        </Collection>
                     </privateExtensionList.C0.BoxedType>
                     <pcs_Extensions.C1.Sequence>
                        
                     </pcs_Extensions.C1.Sequence>
                  </extensionContainer.C3.Sequence>
               </pdn_gw_Identity.C1.Sequence>
               <extensionContainer.C2.Sequence>
                  <privateExtensionList.C0.BoxedType>
                     <Collection>
                        <PrivateExtension.Sequence>
                           <extId><ObjectIdentifier>0.1.277.2.82.112.26.1.66</ObjectIdentifier></extId>
                           <extType>1a18c4de35f0</extType>
                        </PrivateExtension.Sequence>
                        <PrivateExtension.Sequence>
                           <extId><ObjectIdentifier>0.1.247.31.29.76.66.37</ObjectIdentifier></extId>
                           <extType>2d285b223d3cbe416a</extType>
                        </PrivateExtension.Sequence>
                        <PrivateExtension.Sequence>
                           <extId><ObjectIdentifier>0.1.294.100.83.53.27.11.28.63.17.110</ObjectIdentifier></extId>
                           <extType>446062c46a62</extType>
                        </PrivateExtension.Sequence>
                     </Collection>
                  </privateExtensionList.C0.BoxedType>
                  <pcs_Extensions.C1.Sequence>
                     
                  </pcs_Extensions.C1.Sequence>
               </extensionContainer.C2.Sequence>
            </SpecificAPNInfo.Sequence>
            <SpecificAPNInfo.Sequence>
               <apn.C0.BoxedType><Bytes>457949754761
                     <field name="DNS string" value="EyIuGa" type="String" length="3" />
                  </Bytes></apn.C0.BoxedType>
               <pdn_gw_Identity.C1.Sequence>
                  <pdn_gw_ipv4_Address.C0.BoxedType><Bytes>9f2ead92
                        <field name="IPV4  address" value="159.46.173.146" type="IPV4Address" length="4" />
                     </Bytes></pdn_gw_ipv4_Address.C0.BoxedType>
                  <pdn_gw_ipv6_Address.C1.BoxedType><Bytes>dbe6d1a2
                        <field name="IPV4  address" value="219.230.209.162" type="IPV4Address" length="4" />
                     </Bytes></pdn_gw_ipv6_Address.C1.BoxedType>
                  <pdn_gw_name.C2.BoxedType><Bytes>035a73cf03bf</Bytes></pdn_gw_name.C2.BoxedType>
                  <extensionContainer.C3.Sequence>
                     <privateExtensionList.C0.BoxedType>
                        <Collection>
                           <PrivateExtension.Sequence>
                              <extId><ObjectIdentifier>0.1.236.37.85.63.23.66.1.38.46.43</ObjectIdentifier></extId>
                              <extType>0adbd8f25fe99f</extType>
                           </PrivateExtension.Sequence>
                           <PrivateExtension.Sequence>
                              <extId><ObjectIdentifier>0.1.230.16.122.34.22</ObjectIdentifier></extId>
                              <extType>a8c930d15161</extType>
                           </PrivateExtension.Sequence>
                           <PrivateExtension.Sequence>
                              <extId><ObjectIdentifier>0.1.234.27.52</ObjectIdentifier></extId>
                              <extType>a8f804cd2ad5</extType>
                           </PrivateExtension.Sequence>
                        </Collection>
                     </privateExtensionList.C0.BoxedType>
                     <pcs_Extensions.C1.Sequence>
                        
                     </pcs_Extensions.C1.Sequence>
                  </extensionContainer.C3.Sequence>
               </pdn_gw_Identity.C1.Sequence>
               <extensionContainer.C2.Sequence>
                  <privateExtensionList.C0.BoxedType>
                     <Collection>
                        <PrivateExtension.Sequence>
                           <extId><ObjectIdentifier>0.1.2109.22.94.10.124</ObjectIdentifier></extId>
                           <extType>48f0</extType>
                        </PrivateExtension.Sequence>
                        <PrivateExtension.Sequence>
                           <extId><ObjectIdentifier>0.1.2103</ObjectIdentifier></extId>
                           <extType>6a</extType>
                        </PrivateExtension.Sequence>
                        <PrivateExtension.Sequence>
                           <extId><ObjectIdentifier>0.1.243</ObjectIdentifier></extId>
                           <extType>7dc1e7</extType>
                        </PrivateExtension.Sequence>
                     </Collection>
                  </privateExtensionList.C0.BoxedType>
                  <pcs_Extensions.C1.Sequence>
                     
                  </pcs_Extensions.C1.Sequence>
               </extensionContainer.C2.Sequence>
            </SpecificAPNInfo.Sequence>
            <SpecificAPNInfo.Sequence>
               <apn.C0.BoxedType><Bytes>7232
                     <field name="DNS string" value="r2" type="String" length="1" />
                  </Bytes></apn.C0.BoxedType>
               <pdn_gw_Identity.C1.Sequence>
                  <pdn_gw_ipv4_Address.C0.BoxedType><Bytes>71989540
                        <field name="IPV4  address" value="113.152.149.64" type="IPV4Address" length="4" />
                     </Bytes></pdn_gw_ipv4_Address.C0.BoxedType>
                  <pdn_gw_ipv6_Address.C1.BoxedType><Bytes>ba33a695
                        <field name="IPV4  address" value="186.51.166.149" type="IPV4Address" length="4" />
                     </Bytes></pdn_gw_ipv6_Address.C1.BoxedType>
                  <pdn_gw_name.C2.BoxedType><Bytes>8bcda732cc2b53c083</Bytes></pdn_gw_name.C2.BoxedType>
                  <extensionContainer.C3.Sequence>
                     <privateExtensionList.C0.BoxedType>
                        <Collection>
                           <PrivateExtension.Sequence>
                              <extId><ObjectIdentifier>0.1.2</ObjectIdentifier></extId>
                              <extType>d4a55071a8d3</extType>
                           </PrivateExtension.Sequence>
                           <PrivateExtension.Sequence>
                              <extId><ObjectIdentifier>0.1.2120.28.99</ObjectIdentifier></extId>
                              <extType>45a2f31979112cbe</extType>
                           </PrivateExtension.Sequence>
                           <PrivateExtension.Sequence>
                              <extId><ObjectIdentifier>0.1.2</ObjectIdentifier></extId>
                              <extType>d3f99ff326</extType>
                           </PrivateExtension.Sequence>
                        </Collection>
                     </privateExtensionList.C0.BoxedType>
                     <pcs_Extensions.C1.Sequence>
                        
                     </pcs_Extensions.C1.Sequence>
                  </extensionContainer.C3.Sequence>
               </pdn_gw_Identity.C1.Sequence>
               <extensionContainer.C2.Sequence>
                  <privateExtensionList.C0.BoxedType>
                     <Collection>
                        <PrivateExtension.Sequence>
                           <extId><ObjectIdentifier>0.1.28.33.92.101.12.0.23.56.112</ObjectIdentifier></extId>
                           <extType>2d453b3684</extType>
                        </PrivateExtension.Sequence>
                        <PrivateExtension.Sequence>
                           <extId><ObjectIdentifier>0.1.231.111.18.79.63.87</ObjectIdentifier></extId>
                           <extType>58a547</extType>
                        </PrivateExtension.Sequence>
                        <PrivateExtension.Sequence>
                           <extId><ObjectIdentifier>0.1.2113.78.12</ObjectIdentifier></extId>
                           <extType>4a</extType>
                        </PrivateExtension.Sequence>
                     </Collection>
                  </privateExtensionList.C0.BoxedType>
                  <pcs_Extensions.C1.Sequence>
                     
                  </pcs_Extensions.C1.Sequence>
               </extensionContainer.C2.Sequence>
            </SpecificAPNInfo.Sequence>
         </Collection>
      </specificAPNInfoList.C10.BoxedType>
      <extensionContainer.C11.Sequence>
         <privateExtensionList.C0.BoxedType>
            <Collection>
               <PrivateExtension.Sequence>
                  <extId><ObjectIdentifier>0.1.230.17.86.116.128.13.60.80.50.89</ObjectIdentifier></extId>
                  <extType>e3</extType>
               </PrivateExtension.Sequence>
               <PrivateExtension.Sequence>
                  <extId><ObjectIdentifier>0.1.22.105</ObjectIdentifier></extId>
                  <extType>f6dcbf984f7b</extType>
               </PrivateExtension.Sequence>
               <PrivateExtension.Sequence>
                  <extId><ObjectIdentifier>0.1.277.54.49</ObjectIdentifier></extId>
                  <extType>d36696ef80</extType>
               </PrivateExtension.Sequence>
            </Collection>
         </privateExtensionList.C0.BoxedType>
         <pcs_Extensions.C1.Sequence>
            
         </pcs_Extensions.C1.Sequence>
      </extensionContainer.C11.Sequence>
      <servedPartyIP_IPv6_Address.C12.BoxedType><Bytes>a9de8df5
            <field name="IPV4  address" value="169.222.141.245" type="IPV4Address" length="4" />
         </Bytes></servedPartyIP_IPv6_Address.C12.BoxedType>
      <apn_oi_Replacement.C13.BoxedType><Bytes>29d6898b79b480e0</Bytes></apn_oi_Replacement.C13.BoxedType>
      <sipto_Permission.C14.Enum>
         <EnumType>siptoAboveRanAllowed.0</EnumType>
      </sipto_Permission.C14.Enum>
      <lipa_Permission.C15.Enum>
         <EnumType>lipaOnly.1</EnumType>
      </lipa_Permission.C15.Enum>
      <restoration_Priority.C16.BoxedType><Bytes>c0af10d2</Bytes></restoration_Priority.C16.BoxedType>
      <sipto_local_network_Permission.C17.Enum>
         <EnumType>siptoAtLocalNetworkAllowed.0</EnumType>
      </sipto_local_network_Permission.C17.Enum>
   </APN_Configuration.Sequence>
</ASN>