<?xml version="1.0" encoding="UTF-8"?>

<ASN layer="CAP">
   <ApplyChargingArg.Sequence>
      <aChBillingChargingCharacteristics.C0.BoxedType><Bytes>7d08</Bytes></aChBillingChargingCharacteristics.C0.BoxedType>
      <partyToCharge.C2d.Choice><sendingSideID.C0.BoxedType><Bytes>01
               <field name="LegType" value="leg1 LegType:1" type="EnumLong" length="1" />
            </Bytes></sendingSideID.C0.BoxedType></partyToCharge.C2d.Choice>
      <extensions.C3.BoxedType>
         <Collection>
            <ExtensionField.Sequence>
               <type.Choice>
                  <local>4220439889</local>
                  <global><ObjectIdentifier>0.1.2118.3</ObjectIdentifier></global>
               </type.Choice>
               <criticality.nulld.Enum>
                  <EnumType>abort.1</EnumType>
               </criticality.nulld.Enum>
               <NullObject.C1></NullObject.C1>
            </ExtensionField.Sequence>
            <ExtensionField.Sequence>
               <type.Choice>
                  <local>1080622288</local>
                  <global><ObjectIdentifier>0.1.223.110.29.56.103</ObjectIdentifier></global>
               </type.Choice>
               <criticality.nulld.Enum>
                  <EnumType>ignore.0</EnumType>
               </criticality.nulld.Enum>
               <NullObject.C1></NullObject.C1>
            </ExtensionField.Sequence>
            <ExtensionField.Sequence>
               <type.Choice>
                  <local>4030709509</local>
                  <global><ObjectIdentifier>0.1.23.113.103.123.15.85.100.33.126</ObjectIdentifier></global>
               </type.Choice>
               <criticality.nulld.Enum>
                  <EnumType>ignore.0</EnumType>
               </criticality.nulld.Enum>
               <NullObject.C1></NullObject.C1>
            </ExtensionField.Sequence>
         </Collection>
      </extensions.C3.BoxedType>
      <aChChargingAddress.C50d.Choice>
         <legID.C2.Choice>
            <sendingSideID.C0.BoxedType><Bytes>02
                  <field name="LegType" value="leg2 LegType:2" type="EnumLong" length="1" />
               </Bytes></sendingSideID.C0.BoxedType>
            <receivingSideID.C1.BoxedType><Bytes>a1
                  <field name="LegType" value="161" type="EnumLong" length="1" />
               </Bytes></receivingSideID.C1.BoxedType>
         </legID.C2.Choice>
         <srfConnection.C50.BoxedType><Integer>1</Integer></srfConnection.C50.BoxedType>
      </aChChargingAddress.C50d.Choice>
      <iTXcharging.C64>false:0</iTXcharging.C64>
   </ApplyChargingArg.Sequence>
</ASN>