<?xml version="1.0" encoding="UTF-8"?>

<ASN layer="CAP">
   <Area.Sequence>
      <areaType.C0.Enum>
         <EnumType>routingAreaId.3</EnumType>
      </areaType.C0.Enum>
      <areaIdentification.C1.BoxedType><Bytes>61f462f5df5b8c22
            <field name="MMC" value="164,26" type="NumberMMC" length="3" />
            <field name="LAC" value="62943" type="Integer" length="2" />
            <field name="RAC" value="91" type="Integer" length="1" />
            <field name="CI" value="35874" type="Integer" length="2" />
         </Bytes></areaIdentification.C1.BoxedType>
   </Area.Sequence>
</ASN>