<?xml version="1.0" encoding="UTF-8"?>

<ASN layer="CAP">
   <AssistRequestInstructionsArg.Sequence>
      <correlationID.C0.Sequence>
         <hlr_id.C0.BoxedType><IMSI.BoxedType><TBCD_STRING.BoxedType><Bytes>32323753f4
                     <field name="digits" value="232373354" type="Number_BCD" lengthBit="36" />
                  </Bytes></TBCD_STRING.BoxedType></IMSI.BoxedType></hlr_id.C0.BoxedType>
         <sip_uri_A.C1.BoxedType><Bytes>7cd92297</Bytes></sip_uri_A.C1.BoxedType>
         <sip_uri_B.C2.BoxedType><Bytes>bd37658a</Bytes></sip_uri_B.C2.BoxedType>
      </correlationID.C0.Sequence>
      <iPSSPCapabilities.C2.BoxedType><Bytes>532d90cfaf711512ec3c</Bytes></iPSSPCapabilities.C2.BoxedType>
      <extensions.C3.BoxedType>
         <Collection>
            <ExtensionField.Sequence>
               <type.Choice>
                  <local>960742121</local>
                  <global><ObjectIdentifier>0.1.22.4</ObjectIdentifier></global>
               </type.Choice>
               <criticality.nulld.Enum>
                  <EnumType>abort.1</EnumType>
               </criticality.nulld.Enum>
               <NullObject.C1></NullObject.C1>
            </ExtensionField.Sequence>
            <ExtensionField.Sequence>
               <type.Choice>
                  <local>3380988691</local>
                  <global><ObjectIdentifier>0.1.220.119.78.32.49.10.33</ObjectIdentifier></global>
               </type.Choice>
               <criticality.nulld.Enum>
                  <EnumType>abort.1</EnumType>
               </criticality.nulld.Enum>
               <NullObject.C1></NullObject.C1>
            </ExtensionField.Sequence>
            <ExtensionField.Sequence>
               <type.Choice>
                  <local>882802010</local>
                  <global><ObjectIdentifier>0.1.271</ObjectIdentifier></global>
               </type.Choice>
               <criticality.nulld.Enum>
                  <EnumType>abort.1</EnumType>
               </criticality.nulld.Enum>
               <NullObject.C1></NullObject.C1>
            </ExtensionField.Sequence>
         </Collection>
      </extensions.C3.BoxedType>
   </AssistRequestInstructionsArg.Sequence>
</ASN>