<?xml version="1.0" encoding="UTF-8"?>

<ASN layer="CAP">
   <ATI_NotAllowedParam.Sequence><extensionContainer.Sequence>
         <privateExtensionList.C0.BoxedType>
            <Collection>
               <PrivateExtension.Sequence>
                  <extId><ObjectIdentifier>0.1.229.84.26.128.76.17.34</ObjectIdentifier></extId>
                  <extType>054a</extType>
               </PrivateExtension.Sequence>
               <PrivateExtension.Sequence>
                  <extId><ObjectIdentifier>0.1.259</ObjectIdentifier></extId>
                  <extType>09d243f5aeb56eab1e</extType>
               </PrivateExtension.Sequence>
               <PrivateExtension.Sequence>
                  <extId><ObjectIdentifier>0.1.295.84.33.69.50.112</ObjectIdentifier></extId>
                  <extType>b99718</extType>
               </PrivateExtension.Sequence>
            </Collection>
         </privateExtensionList.C0.BoxedType>
         <pcs_Extensions.C1.Sequence>
            
         </pcs_Extensions.C1.Sequence>
      </extensionContainer.Sequence></ATI_NotAllowedParam.Sequence>
</ASN>