<?xml version="1.0" encoding="UTF-8"?>

<ASN layer="CAP">
   <ATSI_NotAllowedParam.Sequence><extensionContainer.Sequence>
         <privateExtensionList.C0.BoxedType>
            <Collection>
               <PrivateExtension.Sequence>
                  <extId><ObjectIdentifier>0.1.296.55.65.73.91.24</ObjectIdentifier></extId>
                  <extType>bb20c52c4b13</extType>
               </PrivateExtension.Sequence>
               <PrivateExtension.Sequence>
                  <extId><ObjectIdentifier>0.1.215.30.15.92.78.40.88</ObjectIdentifier></extId>
                  <extType>4ad9151b48b8</extType>
               </PrivateExtension.Sequence>
               <PrivateExtension.Sequence>
                  <extId><ObjectIdentifier>0.1.2113.21.87.85.47.25.93.113</ObjectIdentifier></extId>
                  <extType>6657b845</extType>
               </PrivateExtension.Sequence>
            </Collection>
         </privateExtensionList.C0.BoxedType>
         <pcs_Extensions.C1.Sequence>
            
         </pcs_Extensions.C1.Sequence>
      </extensionContainer.Sequence></ATSI_NotAllowedParam.Sequence>
</ASN>