<?xml version="1.0" encoding="UTF-8"?>

<ASN layer="CAP">
   <AuthenticationFailureReportArg.Sequence>
      <imsi.BoxedType><TBCD_STRING.BoxedType><Bytes>84698219f6
               <field name="digits" value="489628916" type="Number_BCD" lengthBit="36" />
            </Bytes></TBCD_STRING.BoxedType></imsi.BoxedType>
      <failureCause.Enum>
         <EnumType>wrongNetworkSignature.1</EnumType>
      </failureCause.Enum>
      <extensionContainer.Sequence>
         <privateExtensionList.C0.BoxedType>
            <Collection>
               <PrivateExtension.Sequence>
                  <extId><ObjectIdentifier>0.1.237.72</ObjectIdentifier></extId>
                  <extType>6d35d0</extType>
               </PrivateExtension.Sequence>
               <PrivateExtension.Sequence>
                  <extId><ObjectIdentifier>0.1.23.45.91.15.15.103.124.7.58</ObjectIdentifier></extId>
                  <extType>baf5983d</extType>
               </PrivateExtension.Sequence>
               <PrivateExtension.Sequence>
                  <extId><ObjectIdentifier>0.1.234.67.67.10.122.15.67.71</ObjectIdentifier></extId>
                  <extType>77f0640c</extType>
               </PrivateExtension.Sequence>
            </Collection>
         </privateExtensionList.C0.BoxedType>
         <pcs_Extensions.C1.Sequence>
            
         </pcs_Extensions.C1.Sequence>
      </extensionContainer.Sequence>
      <re_attempt>true:1</re_attempt>
      <accessType.Enum>
         <EnumType>pdpContextDeactivation.9</EnumType>
      </accessType.Enum>
      <rand.BoxedType><Bytes>ef713ccda1bbc34e</Bytes></rand.BoxedType>
      <vlr_Number.C0.BoxedType><AddressString.BoxedType><Bytes>674150169647
               <field name="extension" value="extension:0" type="EnumLong" lengthBit="1" />
               <field name="nature of address" value="abbreviated number:6" type="EnumLong" lengthBit="3" />
               <field name="numbering plan" value="spare:7" type="EnumLong" lengthBit="4" />
               <field name="digits" value="1405616974" type="Number_BCD" length="5" />
            </Bytes></AddressString.BoxedType></vlr_Number.C0.BoxedType>
      <sgsn_Number.C1.BoxedType><AddressString.BoxedType><Bytes>213137254915
               <field name="extension" value="extension:0" type="EnumLong" lengthBit="1" />
               <field name="nature of address" value="national significant number:2" type="EnumLong" lengthBit="3" />
               <field name="numbering plan" value="ISDN/Telephony Numbering Plan (Rec ITU-T E.164):1" type="EnumLong" lengthBit="4" />
               <field name="digits" value="1373529451" type="Number_BCD" length="5" />
            </Bytes></AddressString.BoxedType></sgsn_Number.C1.BoxedType>
   </AuthenticationFailureReportArg.Sequence>
</ASN>