<?xml version="1.0" encoding="UTF-8"?>

<ASN layer="CAP">
   <BCSMEvent.Sequence>
      <eventTypeBCSM.C0.Enum>
         <EnumType>tServiceChange.53</EnumType>
      </eventTypeBCSM.C0.Enum>
      <monitorMode.C1.Enum>
         <EnumType>interrupted.0</EnumType>
      </monitorMode.C1.Enum>
      <legID.C2.Choice>
         <sendingSideID.C0.BoxedType><Bytes>01
               <field name="LegType" value="leg1 LegType:1" type="EnumLong" length="1" />
            </Bytes></sendingSideID.C0.BoxedType>
         <receivingSideID.C1.BoxedType><Bytes>dc
               <field name="LegType" value="220" type="EnumLong" length="1" />
            </Bytes></receivingSideID.C1.BoxedType>
      </legID.C2.Choice>
      <dpSpecificCriteria.C30.Choice>
         <applicationTimer.C1.BoxedType><Integer>1</Integer></applicationTimer.C1.BoxedType>
         <midCallControlInfo.C2.Sequence>
            <minimumNumberOfDigits.C0d>1</minimumNumberOfDigits.C0d>
            <maximumNumberOfDigits.C1d>1</maximumNumberOfDigits.C1d>
            <endOfReplyDigit.C2>61a4</endOfReplyDigit.C2>
            <cancelDigit.C3>29803afa</cancelDigit.C3>
            <startDigit.C4>9887c8ea</startDigit.C4>
            <interDigitTimeout.C6d>1</interDigitTimeout.C6d>
         </midCallControlInfo.C2.Sequence>
         <dpSpecificCriteriaAlt.C3.Sequence>
            <changeOfPositionControlInfo.C0.BoxedType>
               <Collection>
                  <ChangeOfLocation.Choice>
                     <cellGlobalId.C0.BoxedType><Bytes>42058194bc8ece
                           <field name="MMC" value="245,180" type="NumberMMC" length="3" />
                           <field name="LAC" value="38076" type="Integer" length="2" />
                           <field name="CI_SAC" value="36558" type="Integer" length="2" />
                        </Bytes></cellGlobalId.C0.BoxedType>
                     <serviceAreaId.C1.BoxedType><Bytes>021051cfcef54a
                           <field name="MMC" value="200,151" type="NumberMMC" length="3" />
                           <field name="LAC" value="53198" type="Integer" length="2" />
                           <field name="CI_SAC" value="62794" type="Integer" length="2" />
                        </Bytes></serviceAreaId.C1.BoxedType>
                     <locationAreaId.C2.BoxedType><Bytes>812942dacf
                           <field name="MMC" value="189,242" type="NumberMMC" length="3" />
                           <field name="LAC" value="56015" type="Integer" length="2" />
                        </Bytes></locationAreaId.C2.BoxedType>
                     <inter_SystemHandOver.C3></inter_SystemHandOver.C3>
                     <inter_PLMNHandOver.C4></inter_PLMNHandOver.C4>
                     <inter_MSCHandOver.C5></inter_MSCHandOver.C5>
                     <changeOfLocationAlt.C6.Sequence>
                        
                     </changeOfLocationAlt.C6.Sequence>
                  </ChangeOfLocation.Choice>
                  <ChangeOfLocation.Choice>
                     <cellGlobalId.C0.BoxedType><Bytes>42f212c35ffa62
                           <field name="MMC" value="242,21" type="NumberMMC" length="3" />
                           <field name="LAC" value="50015" type="Integer" length="2" />
                           <field name="CI_SAC" value="64098" type="Integer" length="2" />
                        </Bytes></cellGlobalId.C0.BoxedType>
                     <serviceAreaId.C1.BoxedType><Bytes>3210525d853dd4
                           <field name="MMC" value="230,251" type="NumberMMC" length="3" />
                           <field name="LAC" value="23941" type="Integer" length="2" />
                           <field name="CI_SAC" value="15828" type="Integer" length="2" />
                        </Bytes></serviceAreaId.C1.BoxedType>
                     <locationAreaId.C2.BoxedType><Bytes>911612256a
                           <field name="MMC" value="196,211" type="NumberMMC" length="3" />
                           <field name="LAC" value="9578" type="Integer" length="2" />
                        </Bytes></locationAreaId.C2.BoxedType>
                     <inter_SystemHandOver.C3></inter_SystemHandOver.C3>
                     <inter_PLMNHandOver.C4></inter_PLMNHandOver.C4>
                     <inter_MSCHandOver.C5></inter_MSCHandOver.C5>
                     <changeOfLocationAlt.C6.Sequence>
                        
                     </changeOfLocationAlt.C6.Sequence>
                  </ChangeOfLocation.Choice>
                  <ChangeOfLocation.Choice>
                     <cellGlobalId.C0.BoxedType><Bytes>41f8610dc0fd17
                           <field name="MMC" value="148,16" type="NumberMMC" length="3" />
                           <field name="LAC" value="3520" type="Integer" length="2" />
                           <field name="CI_SAC" value="64791" type="Integer" length="2" />
                        </Bytes></cellGlobalId.C0.BoxedType>
                     <serviceAreaId.C1.BoxedType><Bytes>41f947800ee080
                           <field name="MMC" value="149,74" type="NumberMMC" length="3" />
                           <field name="LAC" value="32782" type="Integer" length="2" />
                           <field name="CI_SAC" value="57472" type="Integer" length="2" />
                        </Bytes></serviceAreaId.C1.BoxedType>
                     <locationAreaId.C2.BoxedType><Bytes>418212738d
                           <field name="MMC" value="142,218" type="NumberMMC" length="3" />
                           <field name="LAC" value="29581" type="Integer" length="2" />
                        </Bytes></locationAreaId.C2.BoxedType>
                     <inter_SystemHandOver.C3></inter_SystemHandOver.C3>
                     <inter_PLMNHandOver.C4></inter_PLMNHandOver.C4>
                     <inter_MSCHandOver.C5></inter_MSCHandOver.C5>
                     <changeOfLocationAlt.C6.Sequence>
                        
                     </changeOfLocationAlt.C6.Sequence>
                  </ChangeOfLocation.Choice>
               </Collection>
            </changeOfPositionControlInfo.C0.BoxedType>
            <numberOfDigits.C1.BoxedType><Integer>0</Integer></numberOfDigits.C1.BoxedType>
            <interDigitTimeout.C2>1</interDigitTimeout.C2>
         </dpSpecificCriteriaAlt.C3.Sequence>
      </dpSpecificCriteria.C30.Choice>
      <automaticRearm.C50></automaticRearm.C50>
   </BCSMEvent.Sequence>
</ASN>