<?xml version="1.0" encoding="UTF-8"?>

<ASN layer="CAP">
   <BearerServNotProvParam.Sequence><extensionContainer.Sequence>
         <privateExtensionList.C0.BoxedType>
            <Collection>
               <PrivateExtension.Sequence>
                  <extId><ObjectIdentifier>0.1.275.29.82</ObjectIdentifier></extId>
                  <extType>a1c9</extType>
               </PrivateExtension.Sequence>
               <PrivateExtension.Sequence>
                  <extId><ObjectIdentifier>0.1.2100.54.51.76</ObjectIdentifier></extId>
                  <extType>c19dbe0a</extType>
               </PrivateExtension.Sequence>
               <PrivateExtension.Sequence>
                  <extId><ObjectIdentifier>0.1.2105.92.84.64.75.97.58</ObjectIdentifier></extId>
                  <extType>62295753ae840c</extType>
               </PrivateExtension.Sequence>
            </Collection>
         </privateExtensionList.C0.BoxedType>
         <pcs_Extensions.C1.Sequence>
            
         </pcs_Extensions.C1.Sequence>
      </extensionContainer.Sequence></BearerServNotProvParam.Sequence>
</ASN>