<?xml version="1.0" encoding="UTF-8"?>

<ASN layer="CAP">
   <CallBarredParam.Choice>
      <callBarringCause.Enum>
         <EnumType>operatorBarring.1</EnumType>
      </callBarringCause.Enum>
      <extensibleCallBarredParam.Sequence>
         <callBarringCause.Enum>
            <EnumType>barringServiceActive.0</EnumType>
         </callBarringCause.Enum>
         <extensionContainer.Sequence>
            <privateExtensionList.C0.BoxedType>
               <Collection>
                  <PrivateExtension.Sequence>
                     <extId><ObjectIdentifier>0.1.211.10</ObjectIdentifier></extId>
                     <extType>8710a6a47b518bf6</extType>
                  </PrivateExtension.Sequence>
                  <PrivateExtension.Sequence>
                     <extId><ObjectIdentifier>0.1.24</ObjectIdentifier></extId>
                     <extType>c205647a</extType>
                  </PrivateExtension.Sequence>
                  <PrivateExtension.Sequence>
                     <extId><ObjectIdentifier>0.1.295.62.25</ObjectIdentifier></extId>
                     <extType>7ed5f6172efa</extType>
                  </PrivateExtension.Sequence>
               </Collection>
            </privateExtensionList.C0.BoxedType>
            <pcs_Extensions.C1.Sequence>
               
            </pcs_Extensions.C1.Sequence>
         </extensionContainer.Sequence>
         <unauthorisedMessageOriginator.C1></unauthorisedMessageOriginator.C1>
         <anonymousCallRejection.C2></anonymousCallRejection.C2>
      </extensibleCallBarredParam.Sequence>
   </CallBarredParam.Choice>
</ASN>