<?xml version="1.0" encoding="UTF-8"?>

<ASN layer="CAP">
   <CallInformationRequestArg.Sequence>
      <requestedInformationTypeList.C0.BoxedType>
         <Collection>
            <RequestedInformationType.Enum>
               <EnumType>callStopTime.1</EnumType>
            </RequestedInformationType.Enum>
            <RequestedInformationType.Enum>
               <EnumType>callConnectedElapsedTime.2</EnumType>
            </RequestedInformationType.Enum>
            <RequestedInformationType.Enum>
               <EnumType>callStopTime.1</EnumType>
            </RequestedInformationType.Enum>
         </Collection>
      </requestedInformationTypeList.C0.BoxedType>
      <extensions.C2.BoxedType>
         <Collection>
            <ExtensionField.Sequence>
               <type.Choice>
                  <local>357807200</local>
                  <global><ObjectIdentifier>0.1.247.39</ObjectIdentifier></global>
               </type.Choice>
               <criticality.nulld.Enum>
                  <EnumType>abort.1</EnumType>
               </criticality.nulld.Enum>
               <NullObject.C1></NullObject.C1>
            </ExtensionField.Sequence>
            <ExtensionField.Sequence>
               <type.Choice>
                  <local>2463283845</local>
                  <global><ObjectIdentifier>0.1.256.83.113.127.22.63.64</ObjectIdentifier></global>
               </type.Choice>
               <criticality.nulld.Enum>
                  <EnumType>abort.1</EnumType>
               </criticality.nulld.Enum>
               <NullObject.C1></NullObject.C1>
            </ExtensionField.Sequence>
            <ExtensionField.Sequence>
               <type.Choice>
                  <local>3735150020</local>
                  <global><ObjectIdentifier>0.1.266.55.74.111.109.29.51</ObjectIdentifier></global>
               </type.Choice>
               <criticality.nulld.Enum>
                  <EnumType>abort.1</EnumType>
               </criticality.nulld.Enum>
               <NullObject.C1></NullObject.C1>
            </ExtensionField.Sequence>
         </Collection>
      </extensions.C2.BoxedType>
      <legID.C3d.Choice><sendingSideID.C0.BoxedType><Bytes>02
               <field name="LegType" value="leg2 LegType:2" type="EnumLong" length="1" />
            </Bytes></sendingSideID.C0.BoxedType></legID.C3d.Choice>
   </CallInformationRequestArg.Sequence>
</ASN>