<?xml version="1.0" encoding="UTF-8"?>

<ASN layer="CAP">
   <CallDeflectionArg.Sequence>
      <deflectedToNumber.C0.BoxedType><Bytes>c85196538906
            <field name="extension" value="no extension:1" type="EnumLong" lengthBit="1" />
            <field name="nature of address" value="subscriber number:4" type="EnumLong" lengthBit="3" />
            <field name="numbering plan" value="national numbering plan:8" type="EnumLong" lengthBit="4" />
            <field name="digits" value="1569359860" type="Number_BCD" length="5" />
         </Bytes></deflectedToNumber.C0.BoxedType>
      <deflectedToSubaddress.C1.BoxedType><Bytes>5587ad863afb</Bytes></deflectedToSubaddress.C1.BoxedType>
   </CallDeflectionArg.Sequence>
</ASN>