<?xml version="1.0" encoding="UTF-8"?>

<ASN layer="CAP">
   <CallGapArg.Sequence>
      <gapCriteria.C0.Choice>
         <basicGapCriteria.Choice>
            <calledAddressValue.C0.BoxedType><Bytes>4f177f0d</Bytes></calledAddressValue.C0.BoxedType>
            <gapOnService.C2.Sequence><serviceKey.C0.BoxedType><Integer>1</Integer></serviceKey.C0.BoxedType></gapOnService.C2.Sequence>
            <calledAddressAndService.C29.Sequence>
               <calledAddressValue.C0.BoxedType><Bytes>37</Bytes></calledAddressValue.C0.BoxedType>
               <serviceKey.C1.BoxedType><Integer>0</Integer></serviceKey.C1.BoxedType>
            </calledAddressAndService.C29.Sequence>
            <callingAddressAndService.C30.Sequence>
               <callingAddressValue.C0.BoxedType><Bytes>fe34c5ea78f187cd</Bytes></callingAddressValue.C0.BoxedType>
               <serviceKey.C1.BoxedType><Integer>2</Integer></serviceKey.C1.BoxedType>
            </callingAddressAndService.C30.Sequence>
         </basicGapCriteria.Choice>
         <compoundGapCriteria.Sequence>
            <basicGapCriteria.C0.Choice>
               <calledAddressValue.C0.BoxedType><Bytes>3c10a8434b7d</Bytes></calledAddressValue.C0.BoxedType>
               <gapOnService.C2.Sequence><serviceKey.C0.BoxedType><Integer>2</Integer></serviceKey.C0.BoxedType></gapOnService.C2.Sequence>
               <calledAddressAndService.C29.Sequence>
                  <calledAddressValue.C0.BoxedType><Bytes>d7cb</Bytes></calledAddressValue.C0.BoxedType>
                  <serviceKey.C1.BoxedType><Integer>2</Integer></serviceKey.C1.BoxedType>
               </calledAddressAndService.C29.Sequence>
               <callingAddressAndService.C30.Sequence>
                  <callingAddressValue.C0.BoxedType><Bytes>65b002d5d4b5</Bytes></callingAddressValue.C0.BoxedType>
                  <serviceKey.C1.BoxedType><Integer>0</Integer></serviceKey.C1.BoxedType>
               </callingAddressAndService.C30.Sequence>
            </basicGapCriteria.C0.Choice>
            <scfID.C1.BoxedType><Bytes>341dc35b409ce4a7</Bytes></scfID.C1.BoxedType>
         </compoundGapCriteria.Sequence>
      </gapCriteria.C0.Choice>
      <gapIndicators.C1.Sequence>
         <duration.C0.BoxedType><Integer>1</Integer></duration.C0.BoxedType>
         <gapInterval.C1.BoxedType><Integer>1</Integer></gapInterval.C1.BoxedType>
      </gapIndicators.C1.Sequence>
      <controlType.C2.Enum>
         <EnumType>manuallyInitiated.1</EnumType>
      </controlType.C2.Enum>
      <gapTreatment.C3.Choice>
         <informationToSend.C0.Choice>
            <inbandInfo.C0.Sequence>
               <messageID.C0.Choice>
                  <elementaryMessageID.C0.BoxedType><Integer>0</Integer></elementaryMessageID.C0.BoxedType>
                  <text.C1.Sequence>
                     <messageContent.C0>nnANLas5NXZCI2T5GSu</messageContent.C0>
                     <attributes.C1>2e90586fa7</attributes.C1>
                  </text.C1.Sequence>
                  <Collection>
                     <elementaryMessageIDs.C29.BoxedType><Integer>2</Integer></elementaryMessageIDs.C29.BoxedType>
                     <elementaryMessageIDs.C29.BoxedType><Integer>1</Integer></elementaryMessageIDs.C29.BoxedType>
                     <elementaryMessageIDs.C29.BoxedType><Integer>1</Integer></elementaryMessageIDs.C29.BoxedType>
                  </Collection>
               
                  <variableMessage.C30.Sequence>
                     <elementaryMessageID.C0.BoxedType><Integer>2</Integer></elementaryMessageID.C0.BoxedType>
                     <Collection>
                        <variableParts.C1.Choice>
                           <integer.C0.BoxedType><Integer>0</Integer></integer.C0.BoxedType>
                           <number.C1.BoxedType><Bytes>80c2</Bytes></number.C1.BoxedType>
                           <time.C2>c845</time.C2>
                           <date.C3>e58a44cbdd</date.C3>
                           <price.C4>35f3</price.C4>
                        </variableParts.C1.Choice>
                        <variableParts.C1.Choice>
                           <integer.C0.BoxedType><Integer>1</Integer></integer.C0.BoxedType>
                           <number.C1.BoxedType><Bytes>9a62bc058e17514519</Bytes></number.C1.BoxedType>
                           <time.C2>a6c57468d7</time.C2>
                           <date.C3>0f9c9a32f7a73785</date.C3>
                           <price.C4>40d2bc45614e7cf1</price.C4>
                        </variableParts.C1.Choice>
                        <variableParts.C1.Choice>
                           <integer.C0.BoxedType><Integer>0</Integer></integer.C0.BoxedType>
                           <number.C1.BoxedType><Bytes>3051fd87091267f7</Bytes></number.C1.BoxedType>
                           <time.C2>70c4dcb7fa9e</time.C2>
                           <date.C3>0bd1e40065ac</date.C3>
                           <price.C4>7fd3</price.C4>
                        </variableParts.C1.Choice>
                     </Collection>
                  
                  </variableMessage.C30.Sequence>
               </messageID.C0.Choice>
               <numberOfRepetitions.C1>0</numberOfRepetitions.C1>
               <duration.C2>1</duration.C2>
               <interval.C3>2</interval.C3>
            </inbandInfo.C0.Sequence>
            <tone.C1.Sequence>
               <toneID.C0.BoxedType><Integer>1</Integer></toneID.C0.BoxedType>
               <duration.C1.BoxedType><Integer>1</Integer></duration.C1.BoxedType>
            </tone.C1.Sequence>
         </informationToSend.C0.Choice>
         <releaseCause.C1.BoxedType><Bytes>fd17b9
               <field name="ext1" value="last octet:1" type="EnumLong" lengthBit="1" />
               <field name="Coding standard" value="Standard specific to identified location (see Note):3" type="EnumLong" lengthBit="2" />
               <field name="Spare" value="1" type="Integer" lengthBit="1" />
               <field name="Location" value="reserved for national use:13" type="EnumLong" lengthBit="4" />
               <field name="ext3" value="continue:0" type="EnumLong" lengthBit="1" />
               <field name="Cause value" value="Class 001 normal event : Redirection to new destination:23" type="EnumLong" lengthBit="7" />
               <field name="Diagnostics" value="b9" type="Binary" length="1" />
            </Bytes></releaseCause.C1.BoxedType>
      </gapTreatment.C3.Choice>
      <extensions.C4.BoxedType>
         <Collection>
            <ExtensionField.Sequence>
               <type.Choice>
                  <local>2061543931</local>
                  <global><ObjectIdentifier>0.1.228.63.97.118.125</ObjectIdentifier></global>
               </type.Choice>
               <criticality.nulld.Enum>
                  <EnumType>abort.1</EnumType>
               </criticality.nulld.Enum>
               <NullObject.C1></NullObject.C1>
            </ExtensionField.Sequence>
            <ExtensionField.Sequence>
               <type.Choice>
                  <local>3965284782</local>
                  <global><ObjectIdentifier>0.1.2114.101.57.71.4.125.84</ObjectIdentifier></global>
               </type.Choice>
               <criticality.nulld.Enum>
                  <EnumType>abort.1</EnumType>
               </criticality.nulld.Enum>
               <NullObject.C1></NullObject.C1>
            </ExtensionField.Sequence>
            <ExtensionField.Sequence>
               <type.Choice>
                  <local>295755754</local>
                  <global><ObjectIdentifier>0.1.291.31.24.109.22</ObjectIdentifier></global>
               </type.Choice>
               <criticality.nulld.Enum>
                  <EnumType>abort.1</EnumType>
               </criticality.nulld.Enum>
               <NullObject.C1></NullObject.C1>
            </ExtensionField.Sequence>
         </Collection>
      </extensions.C4.BoxedType>
   </CallGapArg.Sequence>
</ASN>