<?xml version="1.0" encoding="UTF-8"?>

<ASN layer="CAP">
   <CAMEL_CallResult.Choice><timeDurationChargingResult.C0.Sequence>
         <partyToCharge.C0.Choice><receivingSideID.C1.BoxedType><Bytes>02
                  <field name="LegType" value="leg2 LegType:2" type="EnumLong" length="1" />
               </Bytes></receivingSideID.C1.BoxedType></partyToCharge.C0.Choice>
         <timeInformation.C1.Choice>
            <timeIfNoTariffSwitch.C0.BoxedType><Integer>1</Integer></timeIfNoTariffSwitch.C0.BoxedType>
            <timeIfTariffSwitch.C1.Sequence>
               <timeSinceTariffSwitch.C0>2</timeSinceTariffSwitch.C0>
               <tariffSwitchInterval.C1>1</tariffSwitchInterval.C1>
            </timeIfTariffSwitch.C1.Sequence>
         </timeInformation.C1.Choice>
         <legActive.C2d>true:1</legActive.C2d>
         <callLegReleasedAtTcpExpiry.C3></callLegReleasedAtTcpExpiry.C3>
         <extensions.C4.BoxedType>
            <Collection>
               <ExtensionField.Sequence>
                  <type.Choice>
                     <local>564335760</local>
                     <global><ObjectIdentifier>0.1.247.22.102.51.18.32</ObjectIdentifier></global>
                  </type.Choice>
                  <criticality.nulld.Enum>
                     <EnumType>ignore.0</EnumType>
                  </criticality.nulld.Enum>
                  <NullObject.C1></NullObject.C1>
               </ExtensionField.Sequence>
               <ExtensionField.Sequence>
                  <type.Choice>
                     <local>1830411141</local>
                     <global><ObjectIdentifier>0.1.237.66.104.107.60.100</ObjectIdentifier></global>
                  </type.Choice>
                  <criticality.nulld.Enum>
                     <EnumType>abort.1</EnumType>
                  </criticality.nulld.Enum>
                  <NullObject.C1></NullObject.C1>
               </ExtensionField.Sequence>
               <ExtensionField.Sequence>
                  <type.Choice>
                     <local>797844655</local>
                     <global><ObjectIdentifier>0.1.2125.18.25.58.112.70.75.18.99</ObjectIdentifier></global>
                  </type.Choice>
                  <criticality.nulld.Enum>
                     <EnumType>ignore.0</EnumType>
                  </criticality.nulld.Enum>
                  <NullObject.C1></NullObject.C1>
               </ExtensionField.Sequence>
            </Collection>
         </extensions.C4.BoxedType>
         <aChChargingAddress.C5d.Choice>
            <legID.C2.Choice>
               <sendingSideID.C0.BoxedType><Bytes>01
                     <field name="LegType" value="leg1 LegType:1" type="EnumLong" length="1" />
                  </Bytes></sendingSideID.C0.BoxedType>
               <receivingSideID.C1.BoxedType><Bytes>02
                     <field name="LegType" value="leg2 LegType:2" type="EnumLong" length="1" />
                  </Bytes></receivingSideID.C1.BoxedType>
            </legID.C2.Choice>
            <srfConnection.C50.BoxedType><Integer>1</Integer></srfConnection.C50.BoxedType>
         </aChChargingAddress.C5d.Choice>
      </timeDurationChargingResult.C0.Sequence></CAMEL_CallResult.Choice>
</ASN>