<?xml version="1.0" encoding="UTF-8"?>

<ASN layer="CAP">
   <CamelSCIGPRSBillingChargingCharacteristics.Sequence>
      <aOCGPRS.C0.Sequence>
         <aOCInitial.C0.Sequence>
            <e1.C0>2</e1.C0>
            <e2.C1>0</e2.C1>
            <e3.C2>2</e3.C2>
            <e4.C3>1</e4.C3>
            <e5.C4>2</e5.C4>
            <e6.C5>0</e6.C5>
            <e7.C6>0</e7.C6>
         </aOCInitial.C0.Sequence>
         <aOCSubsequent.C1.Sequence>
            <cAI_GSM0224.C0.Sequence>
               <e1.C0>2</e1.C0>
               <e2.C1>0</e2.C1>
               <e3.C2>1</e3.C2>
               <e4.C3>0</e4.C3>
               <e5.C4>1</e5.C4>
               <e6.C5>2</e6.C5>
               <e7.C6>2</e7.C6>
            </cAI_GSM0224.C0.Sequence>
            <tariffSwitchInterval.C1>1</tariffSwitchInterval.C1>
         </aOCSubsequent.C1.Sequence>
      </aOCGPRS.C0.Sequence>
      <pDPID.C1.BoxedType><Bytes>8c2e6b0551c37a</Bytes></pDPID.C1.BoxedType>
   </CamelSCIGPRSBillingChargingCharacteristics.Sequence>
</ASN>