<?xml version="1.0" encoding="UTF-8"?>

<ASN layer="CAP">
   <CAMEL_AChBillingChargingCharacteristicsV2.Choice><timeDurationCharging.C0.Sequence>
         <maxCallPeriodDuration.C0>0</maxCallPeriodDuration.C0>
         <releaseIfdurationExceeded.C1.Sequence>
            <tone.nulld>true:1</tone.nulld>
            <Collection>
               <extensions.C10.Sequence>
                  <type.Choice>
                     <local>2181594233</local>
                     <global><ObjectIdentifier>0.1.276.47.76.2.61.36.55.109.104</ObjectIdentifier></global>
                  </type.Choice>
                  <criticality.nulld.Enum>
                     <EnumType>ignore.0</EnumType>
                  </criticality.nulld.Enum>
                  <NullObject.C1></NullObject.C1>
               </extensions.C10.Sequence>
               <extensions.C10.Sequence>
                  <type.Choice>
                     <local>504599150</local>
                     <global><ObjectIdentifier>0.1.2</ObjectIdentifier></global>
                  </type.Choice>
                  <criticality.nulld.Enum>
                     <EnumType>abort.1</EnumType>
                  </criticality.nulld.Enum>
                  <NullObject.C1></NullObject.C1>
               </extensions.C10.Sequence>
               <extensions.C10.Sequence>
                  <type.Choice>
                     <local>2807085680</local>
                     <global><ObjectIdentifier>0.1.2118.49.4.3</ObjectIdentifier></global>
                  </type.Choice>
                  <criticality.nulld.Enum>
                     <EnumType>ignore.0</EnumType>
                  </criticality.nulld.Enum>
                  <NullObject.C1></NullObject.C1>
               </extensions.C10.Sequence>
            </Collection>
         
         </releaseIfdurationExceeded.C1.Sequence>
         <tariffSwitchInterval.C2>0</tariffSwitchInterval.C2>
      </timeDurationCharging.C0.Sequence></CAMEL_AChBillingChargingCharacteristicsV2.Choice>
</ASN>