<?xml version="1.0" encoding="UTF-8"?>

<ASN layer="CAP">
   <CAMEL_FCIGPRSBillingChargingCharacteristics.Sequence><fCIBCCCAMELsequence1.C0.Sequence>
         <freeFormatData.C0>bb53804916b65700</freeFormatData.C0>
         <pDPId.C1.BoxedType><Bytes>080c17</Bytes></pDPId.C1.BoxedType>
         <appendFreeFormatData.C2d.Enum>
            <EnumType>overwrite.0</EnumType>
         </appendFreeFormatData.C2d.Enum>
      </fCIBCCCAMELsequence1.C0.Sequence></CAMEL_FCIGPRSBillingChargingCharacteristics.Sequence>
</ASN>