<?xml version="1.0" encoding="UTF-8"?>

<ASN layer="CAP">
   <CancelLocationRes.Sequence><extensionContainer.Sequence>
         <privateExtensionList.C0.BoxedType>
            <Collection>
               <PrivateExtension.Sequence>
                  <extId><ObjectIdentifier>0.1.265.29.123</ObjectIdentifier></extId>
                  <extType>964679f1db41f5</extType>
               </PrivateExtension.Sequence>
               <PrivateExtension.Sequence>
                  <extId><ObjectIdentifier>0.1.260.51</ObjectIdentifier></extId>
                  <extType>759f19cd0e2046</extType>
               </PrivateExtension.Sequence>
               <PrivateExtension.Sequence>
                  <extId><ObjectIdentifier>0.1.2125.15.65.19.78.83.83</ObjectIdentifier></extId>
                  <extType>aa1c</extType>
               </PrivateExtension.Sequence>
            </Collection>
         </privateExtensionList.C0.BoxedType>
         <pcs_Extensions.C1.Sequence>
            
         </pcs_Extensions.C1.Sequence>
      </extensionContainer.Sequence></CancelLocationRes.Sequence>
</ASN>