<?xml version="1.0" encoding="UTF-8"?>

<ASN layer="CAP">
   <ChangeOfLocation.Choice>
      <cellGlobalId.C0.BoxedType><Bytes>31408179456f26
            <field name="MMC" value="130,184" type="NumberMMC" length="3" />
            <field name="LAC" value="31045" type="Integer" length="2" />
            <field name="CI_SAC" value="28454" type="Integer" length="2" />
         </Bytes></cellGlobalId.C0.BoxedType>
      <serviceAreaId.C1.BoxedType><Bytes>123331e36443d9
            <field name="MMC" value="213,133" type="NumberMMC" length="3" />
            <field name="LAC" value="58212" type="Integer" length="2" />
            <field name="CI_SAC" value="17369" type="Integer" length="2" />
         </Bytes></serviceAreaId.C1.BoxedType>
      <locationAreaId.C2.BoxedType><Bytes>81f8983a91
            <field name="MMC" value="188,89" type="NumberMMC" length="3" />
            <field name="LAC" value="14993" type="Integer" length="2" />
         </Bytes></locationAreaId.C2.BoxedType>
      <inter_SystemHandOver.C3></inter_SystemHandOver.C3>
      <inter_PLMNHandOver.C4></inter_PLMNHandOver.C4>
      <inter_MSCHandOver.C5></inter_MSCHandOver.C5>
      <changeOfLocationAlt.C6.Sequence>
         
      </changeOfLocationAlt.C6.Sequence>
   </ChangeOfLocation.Choice>
</ASN>