<?xml version="1.0" encoding="UTF-8"?>

<ASN layer="CAP">
   <CheckIMEI_Arg.Sequence>
      <imei.BoxedType><TBCD_STRING.BoxedType><Bytes>3123411256
               <field name="digits" value="1332142165" type="Number_BCD" length="5" />
            </Bytes></TBCD_STRING.BoxedType></imei.BoxedType>
      <requestedEquipmentInfo.BoxedType><BitString><BitString value="b1e021b19efa45fa" trailing="0"/></BitString></requestedEquipmentInfo.BoxedType>
      <extensionContainer.Sequence>
         <privateExtensionList.C0.BoxedType>
            <Collection>
               <PrivateExtension.Sequence>
                  <extId><ObjectIdentifier>0.1.259</ObjectIdentifier></extId>
                  <extType>56ee6dd9a475c0f0</extType>
               </PrivateExtension.Sequence>
               <PrivateExtension.Sequence>
                  <extId><ObjectIdentifier>0.1.286.0.117.46.24</ObjectIdentifier></extId>
                  <extType>729eebd895347e</extType>
               </PrivateExtension.Sequence>
               <PrivateExtension.Sequence>
                  <extId><ObjectIdentifier>0.1.286.102.33.55.34.12.107.4</ObjectIdentifier></extId>
                  <extType>357542</extType>
               </PrivateExtension.Sequence>
            </Collection>
         </privateExtensionList.C0.BoxedType>
         <pcs_Extensions.C1.Sequence>
            
         </pcs_Extensions.C1.Sequence>
      </extensionContainer.Sequence>
   </CheckIMEI_Arg.Sequence>
</ASN>