<?xml version="1.0" encoding="UTF-8"?>

<ASN layer="CAP">
   <CollectInformationArg.Sequence><extensions.C0.BoxedType>
         <Collection>
            <ExtensionField.Sequence>
               <type.Choice>
                  <local>1115146755</local>
                  <global><ObjectIdentifier>0.1.277.95.37</ObjectIdentifier></global>
               </type.Choice>
               <criticality.nulld.Enum>
                  <EnumType>ignore.0</EnumType>
               </criticality.nulld.Enum>
               <NullObject.C1></NullObject.C1>
            </ExtensionField.Sequence>
            <ExtensionField.Sequence>
               <type.Choice>
                  <local>3110886857</local>
                  <global><ObjectIdentifier>0.1.291</ObjectIdentifier></global>
               </type.Choice>
               <criticality.nulld.Enum>
                  <EnumType>ignore.0</EnumType>
               </criticality.nulld.Enum>
               <NullObject.C1></NullObject.C1>
            </ExtensionField.Sequence>
            <ExtensionField.Sequence>
               <type.Choice>
                  <local>53784719</local>
                  <global><ObjectIdentifier>0.1.214.111.67.4</ObjectIdentifier></global>
               </type.Choice>
               <criticality.nulld.Enum>
                  <EnumType>ignore.0</EnumType>
               </criticality.nulld.Enum>
               <NullObject.C1></NullObject.C1>
            </ExtensionField.Sequence>
         </Collection>
      </extensions.C0.BoxedType></CollectInformationArg.Sequence>
</ASN>