<?xml version="1.0" encoding="UTF-8"?>

<ASN layer="CAP">
   <ConnectToResourceArg.Sequence>
      <resourceAddress.Choice>
         <ipRoutingAddress.C0.BoxedType><CalledPartyNumber.BoxedType><Bytes>85f41126344979
                  <field name="Odd/even (O/E)" value="odd number of address signals:1" type="EnumLong" lengthBit="1" />
                  <field name="Nature of address" value="network-specific number (national use):5" type="EnumLong" lengthBit="7" />
                  <field name="Internal Network Number (INN)" value="routing to internal number not allowed:1" type="EnumLong" lengthBit="1" />
                  <field name="Numbering plan" value="spare:7" type="EnumLong" lengthBit="3" />
                  <field name="spare" value="4" type="Integer" lengthBit="4" />
                  <field name="digits" value="1162439497" type="Number_BCD" length="5" />
               </Bytes></CalledPartyNumber.BoxedType></ipRoutingAddress.C0.BoxedType>
         <none.C3></none.C3>
      </resourceAddress.Choice>
      <extensions.C4.BoxedType>
         <Collection>
            <ExtensionField.Sequence>
               <type.Choice>
                  <local>1926447185</local>
                  <global><ObjectIdentifier>0.1.227.58.19.73.54.100.109.84</ObjectIdentifier></global>
               </type.Choice>
               <criticality.nulld.Enum>
                  <EnumType>abort.1</EnumType>
               </criticality.nulld.Enum>
               <NullObject.C1></NullObject.C1>
            </ExtensionField.Sequence>
            <ExtensionField.Sequence>
               <type.Choice>
                  <local>73784197</local>
                  <global><ObjectIdentifier>0.1.249.99.51.25.64.74</ObjectIdentifier></global>
               </type.Choice>
               <criticality.nulld.Enum>
                  <EnumType>ignore.0</EnumType>
               </criticality.nulld.Enum>
               <NullObject.C1></NullObject.C1>
            </ExtensionField.Sequence>
            <ExtensionField.Sequence>
               <type.Choice>
                  <local>917637963</local>
                  <global><ObjectIdentifier>0.1.2</ObjectIdentifier></global>
               </type.Choice>
               <criticality.nulld.Enum>
                  <EnumType>abort.1</EnumType>
               </criticality.nulld.Enum>
               <NullObject.C1></NullObject.C1>
            </ExtensionField.Sequence>
         </Collection>
      </extensions.C4.BoxedType>
      <serviceInteractionIndicatorsTwo.C7.Sequence>
         <forwardServiceInteractionInd.C0.Sequence>
            <conferenceTreatmentIndicator.C1>745fe20a24</conferenceTreatmentIndicator.C1>
            <callDiversionTreatmentIndicator.C2>8237</callDiversionTreatmentIndicator.C2>
            <callingPartyRestrictionIndicator.C4>3ce3</callingPartyRestrictionIndicator.C4>
         </forwardServiceInteractionInd.C0.Sequence>
         <backwardServiceInteractionInd.C1.Sequence>
            <conferenceTreatmentIndicator.C1>78bed1964060b3</conferenceTreatmentIndicator.C1>
            <callCompletionTreatmentIndicator.C2>48a88e5429c90e1f</callCompletionTreatmentIndicator.C2>
         </backwardServiceInteractionInd.C1.Sequence>
         <bothwayThroughConnectionInd.C2.Enum>
            <EnumType>bothwayPathRequired.0</EnumType>
         </bothwayThroughConnectionInd.C2.Enum>
         <connectedNumberTreatmentInd.C4.Enum>
            <EnumType>noINImpact.0</EnumType>
         </connectedNumberTreatmentInd.C4.Enum>
         <nonCUGCall.C13></nonCUGCall.C13>
         <holdTreatmentIndicator.C50>0a48c6</holdTreatmentIndicator.C50>
         <cwTreatmentIndicator.C51>727eece13cb0</cwTreatmentIndicator.C51>
         <ectTreatmentIndicator.C52>3acd6b11d84361dbaf</ectTreatmentIndicator.C52>
      </serviceInteractionIndicatorsTwo.C7.Sequence>
      <callSegmentID.C50.BoxedType><Integer>1</Integer></callSegmentID.C50.BoxedType>
   </ConnectToResourceArg.Sequence>
</ASN>