<?xml version="1.0" encoding="UTF-8"?>

<ASN layer="CAP">
   <ConnectSMSArg.Sequence>
      <callingPartysNumber.C0.BoxedType><AddressString.BoxedType><Bytes>147194343320
               <field name="extension" value="extension:0" type="EnumLong" lengthBit="1" />
               <field name="nature of address" value="international number:1" type="EnumLong" lengthBit="3" />
               <field name="numbering plan" value="telex numbering plan (ITU-T Rec F.69):4" type="EnumLong" lengthBit="4" />
               <field name="digits" value="1749433302" type="Number_BCD" length="5" />
            </Bytes></AddressString.BoxedType></callingPartysNumber.C0.BoxedType>
      <destinationSubscriberNumber.C1.BoxedType><Bytes>c0e459869d7c45a0</Bytes></destinationSubscriberNumber.C1.BoxedType>
      <sMSCAddress.C2.BoxedType><AddressString.BoxedType><Bytes>c01141682350
               <field name="extension" value="no extension:1" type="EnumLong" lengthBit="1" />
               <field name="nature of address" value="subscriber number:4" type="EnumLong" lengthBit="3" />
               <field name="numbering plan" value="unknown:0" type="EnumLong" lengthBit="4" />
               <field name="digits" value="1114863205" type="Number_BCD" length="5" />
            </Bytes></AddressString.BoxedType></sMSCAddress.C2.BoxedType>
      <extensions.C10.BoxedType>
         <Collection>
            <ExtensionField.Sequence>
               <type.Choice>
                  <local>626746744</local>
                  <global><ObjectIdentifier>0.1.2</ObjectIdentifier></global>
               </type.Choice>
               <criticality.nulld.Enum>
                  <EnumType>ignore.0</EnumType>
               </criticality.nulld.Enum>
               <NullObject.C1></NullObject.C1>
            </ExtensionField.Sequence>
            <ExtensionField.Sequence>
               <type.Choice>
                  <local>3138582217</local>
                  <global><ObjectIdentifier>0.1.299.24.107.48.55.5.22.82</ObjectIdentifier></global>
               </type.Choice>
               <criticality.nulld.Enum>
                  <EnumType>ignore.0</EnumType>
               </criticality.nulld.Enum>
               <NullObject.C1></NullObject.C1>
            </ExtensionField.Sequence>
            <ExtensionField.Sequence>
               <type.Choice>
                  <local>2142383055</local>
                  <global><ObjectIdentifier>0.1.212.68.59.65</ObjectIdentifier></global>
               </type.Choice>
               <criticality.nulld.Enum>
                  <EnumType>abort.1</EnumType>
               </criticality.nulld.Enum>
               <NullObject.C1></NullObject.C1>
            </ExtensionField.Sequence>
         </Collection>
      </extensions.C10.BoxedType>
   </ConnectSMSArg.Sequence>
</ASN>