<?xml version="1.0" encoding="UTF-8"?>

<ASN layer="CAP">
   <CUG_Feature.Sequence>
      <basicService.Choice>
         <ext_BearerService.C2.BoxedType><Bytes>edc234691ec0</Bytes></ext_BearerService.C2.BoxedType>
         <ext_Teleservice.C3.BoxedType><Bytes>20005ba3d4
               <field name="Code" value="allShortMessageServices:32" type="EnumLong" length="1" />
               <field name="Extension data" value="005ba3d4" type="Binary" length="4" />
            </Bytes></ext_Teleservice.C3.BoxedType>
      </basicService.Choice>
      <preferentialCUG_Indicator.BoxedType><Integer>0</Integer></preferentialCUG_Indicator.BoxedType>
      <interCUG_Restrictions.BoxedType><Bytes>49de441686f022b71a</Bytes></interCUG_Restrictions.BoxedType>
      <extensionContainer.Sequence>
         <privateExtensionList.C0.BoxedType>
            <Collection>
               <PrivateExtension.Sequence>
                  <extId><ObjectIdentifier>0.1.2102.109.74.19.10</ObjectIdentifier></extId>
                  <extType>53f62ce003</extType>
               </PrivateExtension.Sequence>
               <PrivateExtension.Sequence>
                  <extId><ObjectIdentifier>0.1.228.45.43.85</ObjectIdentifier></extId>
                  <extType>1d083c64</extType>
               </PrivateExtension.Sequence>
               <PrivateExtension.Sequence>
                  <extId><ObjectIdentifier>0.1.2101</ObjectIdentifier></extId>
                  <extType>6664cb74</extType>
               </PrivateExtension.Sequence>
            </Collection>
         </privateExtensionList.C0.BoxedType>
         <pcs_Extensions.C1.Sequence>
            
         </pcs_Extensions.C1.Sequence>
      </extensionContainer.Sequence>
   </CUG_Feature.Sequence>
</ASN>