<?xml version="1.0" encoding="UTF-8"?>

<ASN layer="CAP">
   <DeactivateTraceModeArg.Sequence>
      <imsi.C0.BoxedType><TBCD_STRING.BoxedType><Bytes>18873448f3
               <field name="digits" value="817843843" type="Number_BCD" lengthBit="36" />
            </Bytes></TBCD_STRING.BoxedType></imsi.C0.BoxedType>
      <traceReference.C1.BoxedType><Bytes>fe30</Bytes></traceReference.C1.BoxedType>
      <extensionContainer.C2.Sequence>
         <privateExtensionList.C0.BoxedType>
            <Collection>
               <PrivateExtension.Sequence>
                  <extId><ObjectIdentifier>0.1.294.28.100.122</ObjectIdentifier></extId>
                  <extType>c9a265</extType>
               </PrivateExtension.Sequence>
               <PrivateExtension.Sequence>
                  <extId><ObjectIdentifier>0.1.2113.15.53.98</ObjectIdentifier></extId>
                  <extType>7af6ce3fe3e8dc1ffb</extType>
               </PrivateExtension.Sequence>
               <PrivateExtension.Sequence>
                  <extId><ObjectIdentifier>0.1.2115.9.23.82.75.86.24.5.125</ObjectIdentifier></extId>
                  <extType>352e</extType>
               </PrivateExtension.Sequence>
            </Collection>
         </privateExtensionList.C0.BoxedType>
         <pcs_Extensions.C1.Sequence>
            
         </pcs_Extensions.C1.Sequence>
      </extensionContainer.C2.Sequence>
      <traceReference2.C3.BoxedType><Bytes>3f5ba6fbaa86</Bytes></traceReference2.C3.BoxedType>
   </DeactivateTraceModeArg.Sequence>
</ASN>