<?xml version="1.0" encoding="UTF-8"?>

<ASN layer="CAP">
   <DisconnectLegArg.Sequence>
      <legToBeReleased.C0.Choice>
         <sendingSideID.C0.BoxedType><Bytes>d6
               <field name="LegType" value="214" type="EnumLong" length="1" />
            </Bytes></sendingSideID.C0.BoxedType>
         <receivingSideID.C1.BoxedType><Bytes>c2
               <field name="LegType" value="194" type="EnumLong" length="1" />
            </Bytes></receivingSideID.C1.BoxedType>
      </legToBeReleased.C0.Choice>
      <releaseCause.C1.BoxedType><Bytes>b85721
            <field name="ext1" value="last octet:1" type="EnumLong" lengthBit="1" />
            <field name="Coding standard" value="ISO/IEC Standard (see Note):1" type="EnumLong" lengthBit="2" />
            <field name="Spare" value="1" type="Integer" lengthBit="1" />
            <field name="Location" value="spare:8" type="EnumLong" lengthBit="4" />
            <field name="ext3" value="continue:0" type="EnumLong" lengthBit="1" />
            <field name="Cause value" value="Class 101 invalid message : User not member of CUG:87" type="EnumLong" lengthBit="7" />
            <field name="Diagnostics" value="21" type="Binary" length="1" />
         </Bytes></releaseCause.C1.BoxedType>
      <extensions.C2.BoxedType>
         <Collection>
            <ExtensionField.Sequence>
               <type.Choice>
                  <local>2986393802</local>
                  <global><ObjectIdentifier>0.1.243.83.21</ObjectIdentifier></global>
               </type.Choice>
               <criticality.nulld.Enum>
                  <EnumType>ignore.0</EnumType>
               </criticality.nulld.Enum>
               <NullObject.C1></NullObject.C1>
            </ExtensionField.Sequence>
            <ExtensionField.Sequence>
               <type.Choice>
                  <local>931651661</local>
                  <global><ObjectIdentifier>0.1.248.124.92.24.5</ObjectIdentifier></global>
               </type.Choice>
               <criticality.nulld.Enum>
                  <EnumType>ignore.0</EnumType>
               </criticality.nulld.Enum>
               <NullObject.C1></NullObject.C1>
            </ExtensionField.Sequence>
            <ExtensionField.Sequence>
               <type.Choice>
                  <local>248980222</local>
                  <global><ObjectIdentifier>0.1.239.18.57.90.33.41.104</ObjectIdentifier></global>
               </type.Choice>
               <criticality.nulld.Enum>
                  <EnumType>ignore.0</EnumType>
               </criticality.nulld.Enum>
               <NullObject.C1></NullObject.C1>
            </ExtensionField.Sequence>
         </Collection>
      </extensions.C2.BoxedType>
   </DisconnectLegArg.Sequence>
</ASN>