<?xml version="1.0" encoding="UTF-8"?>

<ASN layer="CAP">
   <DP_AnalysedInfoCriterium.Sequence>
      <dialledNumber.BoxedType><AddressString.BoxedType><Bytes>080225512995
               <field name="extension" value="extension:0" type="EnumLong" lengthBit="1" />
               <field name="nature of address" value="unknown:0" type="EnumLong" lengthBit="3" />
               <field name="numbering plan" value="national numbering plan:8" type="EnumLong" lengthBit="4" />
               <field name="digits" value="2052159259" type="Number_BCD" length="5" />
            </Bytes></AddressString.BoxedType></dialledNumber.BoxedType>
      <serviceKey.BoxedType><Integer>2</Integer></serviceKey.BoxedType>
      <gsmSCF_Address.BoxedType><AddressString.BoxedType><Bytes>aa9110501214
               <field name="extension" value="no extension:1" type="EnumLong" lengthBit="1" />
               <field name="nature of address" value="national significant number:2" type="EnumLong" lengthBit="3" />
               <field name="numbering plan" value="10" type="EnumLong" lengthBit="4" />
               <field name="digits" value="1901052141" type="Number_BCD" length="5" />
            </Bytes></AddressString.BoxedType></gsmSCF_Address.BoxedType>
      <defaultCallHandling.Enum>
         <EnumType>continueCall.0</EnumType>
      </defaultCallHandling.Enum>
      <extensionContainer.Sequence>
         <privateExtensionList.C0.BoxedType>
            <Collection>
               <PrivateExtension.Sequence>
                  <extId><ObjectIdentifier>0.1.2122.94.51.82.66.90.16.17.79</ObjectIdentifier></extId>
                  <extType>ce8d13056595</extType>
               </PrivateExtension.Sequence>
               <PrivateExtension.Sequence>
                  <extId><ObjectIdentifier>0.1.287.65.119.5.99.113.53</ObjectIdentifier></extId>
                  <extType>1146db23bc</extType>
               </PrivateExtension.Sequence>
               <PrivateExtension.Sequence>
                  <extId><ObjectIdentifier>0.1.2</ObjectIdentifier></extId>
                  <extType>fe00f01f9ee8fef4</extType>
               </PrivateExtension.Sequence>
            </Collection>
         </privateExtensionList.C0.BoxedType>
         <pcs_Extensions.C1.Sequence>
            
         </pcs_Extensions.C1.Sequence>
      </extensionContainer.Sequence>
   </DP_AnalysedInfoCriterium.Sequence>
</ASN>