<?xml version="1.0" encoding="UTF-8"?>

<ASN layer="CAP">
   <EventReportGPRSArg.Sequence>
      <gPRSEventType.C0.Enum>
         <EnumType>attach.1</EnumType>
      </gPRSEventType.C0.Enum>
      <miscGPRSInfo.C1d.Sequence><messageType.C0.Enum>
            <EnumType>notification.1</EnumType>
         </messageType.C0.Enum></miscGPRSInfo.C1d.Sequence>
      <gPRSEventSpecificInformation.C2.Choice>
         <attachChangeOfPositionSpecificInformation.C0.Sequence><locationInformationGPRS.C0.Sequence>
               <cellGlobalIdOrServiceAreaIdOrLAI.C0.Choice>
                  <cellGlobalIdOrServiceAreaIdFixedLength.C0.BoxedType><Bytes>12f9181a96d700
                        <field name="MMC" value="219,81" type="NumberMMC" length="3" />
                        <field name="LAC" value="6806" type="Integer" length="2" />
                        <field name="CI_SAC" value="55040" type="Integer" length="2" />
                     </Bytes></cellGlobalIdOrServiceAreaIdFixedLength.C0.BoxedType>
                  <laiFixedLength.C1.BoxedType><Bytes>2101424b4f
                        <field name="MMC" value="121,240" type="NumberMMC" length="3" />
                        <field name="LAC" value="19279" type="Integer" length="2" />
                     </Bytes></laiFixedLength.C1.BoxedType>
               </cellGlobalIdOrServiceAreaIdOrLAI.C0.Choice>
               <routeingAreaIdentity.C1.BoxedType><Bytes>71f996e479f8
                     <field name="MMC" value="179,69" type="NumberMMC" length="3" />
                     <field name="LAC" value="58489" type="Integer" length="2" />
                     <field name="RAC" value="248" type="Integer" length="1" />
                  </Bytes></routeingAreaIdentity.C1.BoxedType>
               <geographicalInformation.C2.BoxedType><Bytes>b16418b2043fdea9
                     <field name="TypeOfShape" value="Reserved for future use:11" type="EnumLong" lengthBit="4" />
                     <field name="spare" value="1" type="Integer" lengthBit="4" />
                     <field name="DegreesOfLatitude" value="6559922" type="Integer" length="3" />
                     <field name="DegreesOfLongitude" value="278494" type="Integer" length="3" />
                     <field name="UncertaintyCode" value="169" type="Integer" length="1" />
                  </Bytes></geographicalInformation.C2.BoxedType>
               <sgsn_Number.C3.BoxedType><AddressString.BoxedType><Bytes>f6642224f1
                        <field name="extension" value="no extension:1" type="EnumLong" lengthBit="1" />
                        <field name="nature of address" value="reserved for extension:7" type="EnumLong" lengthBit="3" />
                        <field name="numbering plan" value="land mobile numbering plan (ITU-T Rec E.212):6" type="EnumLong" lengthBit="4" />
                        <field name="digits" value="4622421" type="Number_BCD" lengthBit="28" />
                     </Bytes></AddressString.BoxedType></sgsn_Number.C3.BoxedType>
               <selectedLSAIdentity.C4.BoxedType><Bytes>e0a15d
                     <field name="LSA type" value="Universal LSA number:1" type="EnumLong" lengthBit="1" />
                     <field name="Identifier" value="6332765" type="Integer" lengthBit="23" />
                  </Bytes></selectedLSAIdentity.C4.BoxedType>
               <extensionContainer.C5.Sequence>
                  <privateExtensionList.C0.BoxedType>
                     <Collection>
                        <PrivateExtension.Sequence>
                           <extId><ObjectIdentifier>0.1.2119.46</ObjectIdentifier></extId>
                           <extType>dd2ca61519d63e11a7</extType>
                        </PrivateExtension.Sequence>
                        <PrivateExtension.Sequence>
                           <extId><ObjectIdentifier>0.1.2113</ObjectIdentifier></extId>
                           <extType>d3e41e</extType>
                        </PrivateExtension.Sequence>
                        <PrivateExtension.Sequence>
                           <extId><ObjectIdentifier>0.1.234.121.60.85.104.27.40.40.17</ObjectIdentifier></extId>
                           <extType>0e0d2dfffecc</extType>
                        </PrivateExtension.Sequence>
                     </Collection>
                  </privateExtensionList.C0.BoxedType>
                  <pcs_Extensions.C1.Sequence>
                     
                  </pcs_Extensions.C1.Sequence>
               </extensionContainer.C5.Sequence>
               <sai_Present.C6></sai_Present.C6>
               <geodeticInformation.C7.BoxedType><Bytes>7919c1bc37c9a032c6f1
                     <field name="spare" value="7" type="Integer" lengthBit="4" />
                     <field name="LPRI" value="location not available (Note):2" type="EnumLong" lengthBit="2" />
                     <field name="screnning" value="user provided, verified and passed:1" type="EnumLong" lengthBit="2" />
                     <field name="ext" value="0" type="Integer" lengthBit="1" />
                     <field name="TypeOfShape" value="spare:25" type="EnumLong" lengthBit="7" />
                     <field name="DegreesOfLatitude" value="12696631" type="Integer" length="3" />
                     <field name="DegreesOfLongitude" value="13213746" type="Integer" length="3" />
                     <field name="UncertaintyCode" value="198" type="Integer" length="1" />
                     <field name="Confidence" value="241" type="Integer" length="1" />
                  </Bytes></geodeticInformation.C7.BoxedType>
               <currentLocationRetrieved.C8></currentLocationRetrieved.C8>
               <ageOfLocationInformation.C9.BoxedType><Integer>[1-32766] minuts:1</Integer></ageOfLocationInformation.C9.BoxedType>
               <userCSGInformation.C10.Sequence>
                  <csg_Id.C0.BoxedType><BitString><BitString value="96ab20c82d39" trailing="0"/></BitString></csg_Id.C0.BoxedType>
                  <extensionContainer.C1.Sequence>
                     <privateExtensionList.C0.BoxedType>
                        <Collection>
                           <PrivateExtension.Sequence>
                              <extId><ObjectIdentifier>0.1.2</ObjectIdentifier></extId>
                              <extType>e949c4b9</extType>
                           </PrivateExtension.Sequence>
                           <PrivateExtension.Sequence>
                              <extId><ObjectIdentifier>0.1.2</ObjectIdentifier></extId>
                              <extType>5529599103</extType>
                           </PrivateExtension.Sequence>
                           <PrivateExtension.Sequence>
                              <extId><ObjectIdentifier>0.1.262</ObjectIdentifier></extId>
                              <extType>c821a6f39e</extType>
                           </PrivateExtension.Sequence>
                        </Collection>
                     </privateExtensionList.C0.BoxedType>
                     <pcs_Extensions.C1.Sequence>
                        
                     </pcs_Extensions.C1.Sequence>
                  </extensionContainer.C1.Sequence>
                  <accessMode.C2>df0d225ec59e111632</accessMode.C2>
                  <cmi.C3>4e75f8d95ec51a2b</cmi.C3>
               </userCSGInformation.C10.Sequence>
            </locationInformationGPRS.C0.Sequence></attachChangeOfPositionSpecificInformation.C0.Sequence>
         <pdp_ContextchangeOfPositionSpecificInformation.C1.Sequence>
            <accessPointName.C0.BoxedType><Bytes>6083772ce058764b47</Bytes></accessPointName.C0.BoxedType>
            <chargingID.C1.BoxedType><Bytes>c426242e
                  <field name="Charging ID" value="3290833966" type="Integer" length="4" />
               </Bytes></chargingID.C1.BoxedType>
            <locationInformationGPRS.C2.Sequence>
               <cellGlobalIdOrServiceAreaIdOrLAI.C0.Choice>
                  <cellGlobalIdOrServiceAreaIdFixedLength.C0.BoxedType><Bytes>613761e04f9035
                        <field name="MMC" value="167,163" type="NumberMMC" length="3" />
                        <field name="LAC" value="57423" type="Integer" length="2" />
                        <field name="CI_SAC" value="36917" type="Integer" length="2" />
                     </Bytes></cellGlobalIdOrServiceAreaIdFixedLength.C0.BoxedType>
                  <laiFixedLength.C1.BoxedType><Bytes>8184515388
                        <field name="MMC" value="184,158" type="NumberMMC" length="3" />
                        <field name="LAC" value="21384" type="Integer" length="2" />
                     </Bytes></laiFixedLength.C1.BoxedType>
               </cellGlobalIdOrServiceAreaIdOrLAI.C0.Choice>
               <routeingAreaIdentity.C1.BoxedType><Bytes>22966176d0dd
                     <field name="MMC" value="226,169" type="NumberMMC" length="3" />
                     <field name="LAC" value="30416" type="Integer" length="2" />
                     <field name="RAC" value="221" type="Integer" length="1" />
                  </Bytes></routeingAreaIdentity.C1.BoxedType>
               <geographicalInformation.C2.BoxedType><Bytes>9270c78f77601ca8
                     <field name="TypeOfShape" value="Ellipsoid point with altitude and uncertainty Ellipsoid:9" type="EnumLong" lengthBit="4" />
                     <field name="spare" value="2" type="Integer" lengthBit="4" />
                     <field name="DegreesOfLatitude" value="7391119" type="Integer" length="3" />
                     <field name="DegreesOfLongitude" value="7823388" type="Integer" length="3" />
                     <field name="UncertaintyCode" value="168" type="Integer" length="1" />
                  </Bytes></geographicalInformation.C2.BoxedType>
               <sgsn_Number.C3.BoxedType><AddressString.BoxedType><Bytes>0d74356943f9
                        <field name="extension" value="extension:0" type="EnumLong" lengthBit="1" />
                        <field name="nature of address" value="unknown:0" type="EnumLong" lengthBit="3" />
                        <field name="numbering plan" value="13" type="EnumLong" lengthBit="4" />
                        <field name="digits" value="475396349" type="Number_BCD" lengthBit="36" />
                     </Bytes></AddressString.BoxedType></sgsn_Number.C3.BoxedType>
               <selectedLSAIdentity.C4.BoxedType><Bytes>fe9198
                     <field name="LSA type" value="Universal LSA number:1" type="EnumLong" lengthBit="1" />
                     <field name="Identifier" value="8294808" type="Integer" lengthBit="23" />
                  </Bytes></selectedLSAIdentity.C4.BoxedType>
               <extensionContainer.C5.Sequence>
                  <privateExtensionList.C0.BoxedType>
                     <Collection>
                        <PrivateExtension.Sequence>
                           <extId><ObjectIdentifier>0.1.229.116.97</ObjectIdentifier></extId>
                           <extType>f0c90fd20a2f9f46</extType>
                        </PrivateExtension.Sequence>
                        <PrivateExtension.Sequence>
                           <extId><ObjectIdentifier>0.1.245.2.49</ObjectIdentifier></extId>
                           <extType>ce83</extType>
                        </PrivateExtension.Sequence>
                        <PrivateExtension.Sequence>
                           <extId><ObjectIdentifier>0.1.26.8.38.126.18.75.102.85.1.39</ObjectIdentifier></extId>
                           <extType>2ec436</extType>
                        </PrivateExtension.Sequence>
                     </Collection>
                  </privateExtensionList.C0.BoxedType>
                  <pcs_Extensions.C1.Sequence>
                     
                  </pcs_Extensions.C1.Sequence>
               </extensionContainer.C5.Sequence>
               <sai_Present.C6></sai_Present.C6>
               <geodeticInformation.C7.BoxedType><Bytes>5a81dc3085ac1dd9eeff
                     <field name="spare" value="5" type="Integer" lengthBit="4" />
                     <field name="LPRI" value="location not available (Note):2" type="EnumLong" lengthBit="2" />
                     <field name="screnning" value="user provided, verified and failed:2" type="EnumLong" lengthBit="2" />
                     <field name="ext" value="1" type="Integer" lengthBit="1" />
                     <field name="TypeOfShape" value="ellipsoid point with uncertainty:1" type="EnumLong" lengthBit="7" />
                     <field name="DegreesOfLatitude" value="14430341" type="Integer" length="3" />
                     <field name="DegreesOfLongitude" value="11279833" type="Integer" length="3" />
                     <field name="UncertaintyCode" value="238" type="Integer" length="1" />
                     <field name="Confidence" value="255" type="Integer" length="1" />
                  </Bytes></geodeticInformation.C7.BoxedType>
               <currentLocationRetrieved.C8></currentLocationRetrieved.C8>
               <ageOfLocationInformation.C9.BoxedType><Integer>2 minuts:2</Integer></ageOfLocationInformation.C9.BoxedType>
               <userCSGInformation.C10.Sequence>
                  <csg_Id.C0.BoxedType><BitString><BitString value="134098e7465e355c2311471cade63756b0" trailing="0"/></BitString></csg_Id.C0.BoxedType>
                  <extensionContainer.C1.Sequence>
                     <privateExtensionList.C0.BoxedType>
                        <Collection>
                           <PrivateExtension.Sequence>
                              <extId><ObjectIdentifier>0.1.2121.39.123.84.81</ObjectIdentifier></extId>
                              <extType>a067af2a0c467f6af481</extType>
                           </PrivateExtension.Sequence>
                           <PrivateExtension.Sequence>
                              <extId><ObjectIdentifier>0.1.233.95.112</ObjectIdentifier></extId>
                              <extType>4b6d2f0463fd</extType>
                           </PrivateExtension.Sequence>
                           <PrivateExtension.Sequence>
                              <extId><ObjectIdentifier>0.1.255</ObjectIdentifier></extId>
                              <extType>e91a1e8ba3</extType>
                           </PrivateExtension.Sequence>
                        </Collection>
                     </privateExtensionList.C0.BoxedType>
                     <pcs_Extensions.C1.Sequence>
                        
                     </pcs_Extensions.C1.Sequence>
                  </extensionContainer.C1.Sequence>
                  <accessMode.C2>af3ef126ac</accessMode.C2>
                  <cmi.C3>7b83e5a7a60f0d67a3</cmi.C3>
               </userCSGInformation.C10.Sequence>
            </locationInformationGPRS.C2.Sequence>
            <endUserAddress.C3.Sequence>
               <pDPTypeOrganization.C0>d7ce313171</pDPTypeOrganization.C0>
               <pDPTypeNumber.C1>3c07</pDPTypeNumber.C1>
               <pDPAddress.C2>4224</pDPAddress.C2>
            </endUserAddress.C3.Sequence>
            <qualityOfService.C4.Sequence>
               <requested_QoS.C0.Choice>
                  <short_QoS_format.C0.BoxedType><Bytes>b6cc97
                        <field name="spare1" value="2" type="Integer" lengthBit="2" />
                        <field name="Delay class" value="Delay class 4 (best effort):6" type="EnumLong" lengthBit="3" />
                        <field name="Reliability class" value="Unacknowledged GTP, LLC, and RLC, Protected data:6" type="EnumLong" lengthBit="3" />
                        <field name="Peak throughput" value="Up to 1 000 octet/s:12" type="EnumLong" lengthBit="4" />
                        <field name="spare2" value="1" type="Integer" lengthBit="1" />
                        <field name="Precedence class" value="Normal priority:4" type="EnumLong" lengthBit="3" />
                        <field name="spare3" value="4" type="Integer" lengthBit="3" />
                        <field name="Mean throughput" value="Best effort:23" type="EnumLong" lengthBit="5" />
                     </Bytes></short_QoS_format.C0.BoxedType>
                  <long_QoS_format.C1.BoxedType><Bytes>27c831e6fcf3653919
                        <field name="Allocation/Retention Priority" value="39" type="Integer" length="1" />
                        <field name="Traffic class" value="Reserved:6" type="EnumLong" lengthBit="3" />
                        <field name="Delivery class" value="With delivery order ('yes'):1" type="EnumLong" lengthBit="2" />
                        <field name="Delivery erroneous SDUs" value="Subscribed delivery of erroneous SDUs / Reserved:0" type="EnumLong" lengthBit="3" />
                        <field name="Maximum SDU size" value="49" type="Integer" length="1" />
                        <field name="Maximum bitrate uplink" value="230" type="Integer" length="1" />
                        <field name="Maximum bitrate downlink" value="252" type="Integer" length="1" />
                        <field name="SDU error ratio" value="Reserved:15" type="EnumLong" lengthBit="4" />
                        <field name="Residual BER" value="5*10 power -3:3" type="EnumLong" lengthBit="4" />
                        <field name="Transfer delay" value="25" type="Integer" lengthBit="6" />
                        <field name="Traffic handling priority" value="Priority level 1:1" type="EnumLong" lengthBit="2" />
                        <field name="Guaranteed bitrate uplink" value="57" type="Integer" length="1" />
                        <field name="Guaranteed bitrate downlink" value="25" type="Integer" length="1" />
                     </Bytes></long_QoS_format.C1.BoxedType>
               </requested_QoS.C0.Choice>
               <subscribed_QoS.C1.Choice>
                  <short_QoS_format.C0.BoxedType><Bytes>bcbb75
                        <field name="spare1" value="2" type="Integer" lengthBit="2" />
                        <field name="Delay class" value="Reserved:7" type="EnumLong" lengthBit="3" />
                        <field name="Reliability class" value="Unacknowledged GTP, LLC, and RLC, Protected data:4" type="EnumLong" lengthBit="3" />
                        <field name="Peak throughput" value="Up to 1 000 octet/s:11" type="EnumLong" lengthBit="4" />
                        <field name="spare2" value="1" type="Integer" lengthBit="1" />
                        <field name="Precedence class" value="Low priority:3" type="EnumLong" lengthBit="3" />
                        <field name="spare3" value="3" type="Integer" lengthBit="3" />
                        <field name="Mean throughput" value="Best effort:21" type="EnumLong" lengthBit="5" />
                     </Bytes></short_QoS_format.C0.BoxedType>
                  <long_QoS_format.C1.BoxedType><Bytes>d36ddcfc784c8d4b7a
                        <field name="Allocation/Retention Priority" value="211" type="Integer" length="1" />
                        <field name="Traffic class" value="Interactive class:3" type="EnumLong" lengthBit="3" />
                        <field name="Delivery class" value="With delivery order ('yes'):1" type="EnumLong" lengthBit="2" />
                        <field name="Delivery erroneous SDUs" value="Reserved:5" type="EnumLong" lengthBit="3" />
                        <field name="Maximum SDU size" value="220" type="Integer" length="1" />
                        <field name="Maximum bitrate uplink" value="252" type="Integer" length="1" />
                        <field name="Maximum bitrate downlink" value="120" type="Integer" length="1" />
                        <field name="SDU error ratio" value="1*10 power -4:4" type="EnumLong" lengthBit="4" />
                        <field name="Residual BER" value="Reserved:12" type="EnumLong" lengthBit="4" />
                        <field name="Transfer delay" value="35" type="Integer" lengthBit="6" />
                        <field name="Traffic handling priority" value="Priority level 1:1" type="EnumLong" lengthBit="2" />
                        <field name="Guaranteed bitrate uplink" value="75" type="Integer" length="1" />
                        <field name="Guaranteed bitrate downlink" value="122" type="Integer" length="1" />
                     </Bytes></long_QoS_format.C1.BoxedType>
               </subscribed_QoS.C1.Choice>
               <negotiated_QoS.C2.Choice>
                  <short_QoS_format.C0.BoxedType><Bytes>2a053d
                        <field name="spare1" value="0" type="Integer" lengthBit="2" />
                        <field name="Delay class" value="Delay class 4 (best effort):5" type="EnumLong" lengthBit="3" />
                        <field name="Reliability class" value="Unacknowledged GTP; Acknowledged LLC and RLC, Protected data:2" type="EnumLong" lengthBit="3" />
                        <field name="Peak throughput" value="Subscribed peak throughput / Reserved:0" type="EnumLong" lengthBit="4" />
                        <field name="spare2" value="0" type="Integer" lengthBit="1" />
                        <field name="Precedence class" value="Normal priority:5" type="EnumLong" lengthBit="3" />
                        <field name="spare3" value="1" type="Integer" lengthBit="3" />
                        <field name="Mean throughput" value="Best effort:29" type="EnumLong" lengthBit="5" />
                     </Bytes></short_QoS_format.C0.BoxedType>
                  <long_QoS_format.C1.BoxedType><Bytes>c9b2eec73ca4c3e660
                        <field name="Allocation/Retention Priority" value="201" type="Integer" length="1" />
                        <field name="Traffic class" value="Reserved:5" type="EnumLong" lengthBit="3" />
                        <field name="Delivery class" value="Without delivery order ('no'):2" type="EnumLong" lengthBit="2" />
                        <field name="Delivery erroneous SDUs" value="Erroneous SDUs are delivered ('yes'):2" type="EnumLong" lengthBit="3" />
                        <field name="Maximum SDU size" value="238" type="Integer" length="1" />
                        <field name="Maximum bitrate uplink" value="199" type="Integer" length="1" />
                        <field name="Maximum bitrate downlink" value="60" type="Integer" length="1" />
                        <field name="SDU error ratio" value="Reserved:10" type="EnumLong" lengthBit="4" />
                        <field name="Residual BER" value="4*10 power -3:4" type="EnumLong" lengthBit="4" />
                        <field name="Transfer delay" value="48" type="Integer" lengthBit="6" />
                        <field name="Traffic handling priority" value="Priority level 3:3" type="EnumLong" lengthBit="2" />
                        <field name="Guaranteed bitrate uplink" value="230" type="Integer" length="1" />
                        <field name="Guaranteed bitrate downlink" value="96" type="Integer" length="1" />
                     </Bytes></long_QoS_format.C1.BoxedType>
               </negotiated_QoS.C2.Choice>
               <requested_QoS_Extension.C3.Sequence>
                  <supplement_to_long_QoS_format.C0.BoxedType><Bytes>418563ab0a
                        <field name="spare" value="2" type="Integer" lengthBit="3" />
                        <field name="Signalling Indication" value="Not optimised for signalling traffic:0" type="EnumLong" lengthBit="1" />
                        <field name="Source Statistics Descriptor" value="speech:1" type="EnumLong" lengthBit="4" />
                        <field name="Maximum bitrate downlink (extended)" value="133" type="Integer" length="1" />
                        <field name="Guaranteed bitrate downlink (extended)" value="99" type="Integer" length="1" />
                        <field name="Maximum bitrate uplink (extended)" value="171" type="Integer" length="1" />
                        <field name="Guaranteed bitrate uplink (extended)" value="10" type="Integer" length="1" />
                     </Bytes></supplement_to_long_QoS_format.C0.BoxedType>
                  <additionalSupplement.C1.BoxedType><Bytes>494d
                        <field name="Maximum bitrate uplink (extended)" value="73" type="Integer" length="1" />
                        <field name="Guaranteed bitrate uplink (extended)" value="77" type="Integer" length="1" />
                     </Bytes></additionalSupplement.C1.BoxedType>
               </requested_QoS_Extension.C3.Sequence>
               <subscribed_QoS_Extension.C4.Sequence>
                  <supplement_to_long_QoS_format.C0.BoxedType><Bytes>d9890dca3d
                        <field name="spare" value="6" type="Integer" lengthBit="3" />
                        <field name="Signalling Indication" value="Optimised for signalling traffic:1" type="EnumLong" lengthBit="1" />
                        <field name="Source Statistics Descriptor" value="unknown:9" type="EnumLong" lengthBit="4" />
                        <field name="Maximum bitrate downlink (extended)" value="137" type="Integer" length="1" />
                        <field name="Guaranteed bitrate downlink (extended)" value="13" type="Integer" length="1" />
                        <field name="Maximum bitrate uplink (extended)" value="202" type="Integer" length="1" />
                        <field name="Guaranteed bitrate uplink (extended)" value="61" type="Integer" length="1" />
                     </Bytes></supplement_to_long_QoS_format.C0.BoxedType>
                  <additionalSupplement.C1.BoxedType><Bytes>d73c
                        <field name="Maximum bitrate uplink (extended)" value="215" type="Integer" length="1" />
                        <field name="Guaranteed bitrate uplink (extended)" value="60" type="Integer" length="1" />
                     </Bytes></additionalSupplement.C1.BoxedType>
               </subscribed_QoS_Extension.C4.Sequence>
               <negotiated_QoS_Extension.C5.Sequence>
                  <supplement_to_long_QoS_format.C0.BoxedType><Bytes>9a6b5e0722
                        <field name="spare" value="4" type="Integer" lengthBit="3" />
                        <field name="Signalling Indication" value="Optimised for signalling traffic:1" type="EnumLong" lengthBit="1" />
                        <field name="Source Statistics Descriptor" value="unknown:10" type="EnumLong" lengthBit="4" />
                        <field name="Maximum bitrate downlink (extended)" value="107" type="Integer" length="1" />
                        <field name="Guaranteed bitrate downlink (extended)" value="94" type="Integer" length="1" />
                        <field name="Maximum bitrate uplink (extended)" value="7" type="Integer" length="1" />
                        <field name="Guaranteed bitrate uplink (extended)" value="34" type="Integer" length="1" />
                     </Bytes></supplement_to_long_QoS_format.C0.BoxedType>
                  <additionalSupplement.C1.BoxedType><Bytes>7a2d
                        <field name="Maximum bitrate uplink (extended)" value="122" type="Integer" length="1" />
                        <field name="Guaranteed bitrate uplink (extended)" value="45" type="Integer" length="1" />
                     </Bytes></additionalSupplement.C1.BoxedType>
               </negotiated_QoS_Extension.C5.Sequence>
            </qualityOfService.C4.Sequence>
            <timeAndTimeZone.C5.BoxedType><Bytes>00000083128644f3
                  <field name="value" value="000000382168443" type="Number_BCD" length="8" />
               </Bytes></timeAndTimeZone.C5.BoxedType>
            <gGSNAddress.C6.BoxedType><Bytes>7de617fe5d
                  <field name="Address type" value="IPV6:1" type="EnumLong" lengthBit="2" />
                  <field name="AddressLength" value="61" type="Integer" lengthBit="6" />
                  <field name="IPV4 address" value="230.23.254.93" type="IPV4Address" length="4" />
               </Bytes></gGSNAddress.C6.BoxedType>
         </pdp_ContextchangeOfPositionSpecificInformation.C1.Sequence>
         <detachSpecificInformation.C2.Sequence>
            <initiatingEntity.C0.Enum>
               <EnumType>ggsn.3</EnumType>
            </initiatingEntity.C0.Enum>
            <routeingAreaUpdate.C1></routeingAreaUpdate.C1>
         </detachSpecificInformation.C2.Sequence>
         <disconnectSpecificInformation.C3.Sequence>
            <initiatingEntity.C0.Enum>
               <EnumType>sgsn.1</EnumType>
            </initiatingEntity.C0.Enum>
            <routeingAreaUpdate.C1></routeingAreaUpdate.C1>
         </disconnectSpecificInformation.C3.Sequence>
         <pDPContextEstablishmentSpecificInformation.C4.Sequence>
            <accessPointName.C0.BoxedType><Bytes>1762078855</Bytes></accessPointName.C0.BoxedType>
            <endUserAddress.C1.Sequence>
               <pDPTypeOrganization.C0>0ae550522d8c</pDPTypeOrganization.C0>
               <pDPTypeNumber.C1>6a5b4479</pDPTypeNumber.C1>
               <pDPAddress.C2>de6f202adf41ad5b</pDPAddress.C2>
            </endUserAddress.C1.Sequence>
            <qualityOfService.C2.Sequence>
               <requested_QoS.C0.Choice>
                  <short_QoS_format.C0.BoxedType><Bytes>6b050a
                        <field name="spare1" value="1" type="Integer" lengthBit="2" />
                        <field name="Delay class" value="Delay class 4 (best effort):5" type="EnumLong" lengthBit="3" />
                        <field name="Reliability class" value="Unacknowledged GTP and LLC; Acknowledged RLC, Protected data:3" type="EnumLong" lengthBit="3" />
                        <field name="Peak throughput" value="Subscribed peak throughput / Reserved:0" type="EnumLong" lengthBit="4" />
                        <field name="spare2" value="0" type="Integer" lengthBit="1" />
                        <field name="Precedence class" value="Normal priority:5" type="EnumLong" lengthBit="3" />
                        <field name="spare3" value="0" type="Integer" lengthBit="3" />
                        <field name="Mean throughput" value="100000 octet/h:10" type="EnumLong" lengthBit="5" />
                     </Bytes></short_QoS_format.C0.BoxedType>
                  <long_QoS_format.C1.BoxedType><Bytes>8a123fce897e50d86c
                        <field name="Allocation/Retention Priority" value="138" type="Integer" length="1" />
                        <field name="Traffic class" value="Subscribed traffic class / Reserved:0" type="EnumLong" lengthBit="3" />
                        <field name="Delivery class" value="Without delivery order ('no'):2" type="EnumLong" lengthBit="2" />
                        <field name="Delivery erroneous SDUs" value="Erroneous SDUs are delivered ('yes'):2" type="EnumLong" lengthBit="3" />
                        <field name="Maximum SDU size" value="63" type="Integer" length="1" />
                        <field name="Maximum bitrate uplink" value="206" type="Integer" length="1" />
                        <field name="Maximum bitrate downlink" value="137" type="Integer" length="1" />
                        <field name="SDU error ratio" value="1*10 power -1:7" type="EnumLong" lengthBit="4" />
                        <field name="Residual BER" value="Reserved:14" type="EnumLong" lengthBit="4" />
                        <field name="Transfer delay" value="20" type="Integer" lengthBit="6" />
                        <field name="Traffic handling priority" value="Subscribed traffic handling priority / Reserved:0" type="EnumLong" lengthBit="2" />
                        <field name="Guaranteed bitrate uplink" value="216" type="Integer" length="1" />
                        <field name="Guaranteed bitrate downlink" value="108" type="Integer" length="1" />
                     </Bytes></long_QoS_format.C1.BoxedType>
               </requested_QoS.C0.Choice>
               <subscribed_QoS.C1.Choice>
                  <short_QoS_format.C0.BoxedType><Bytes>ada52e
                        <field name="spare1" value="2" type="Integer" lengthBit="2" />
                        <field name="Delay class" value="Delay class 4 (best effort):5" type="EnumLong" lengthBit="3" />
                        <field name="Reliability class" value="Unacknowledged GTP, LLC, and RLC, Unprotected data:5" type="EnumLong" lengthBit="3" />
                        <field name="Peak throughput" value="Up to 1 000 octet/s:10" type="EnumLong" lengthBit="4" />
                        <field name="spare2" value="0" type="Integer" lengthBit="1" />
                        <field name="Precedence class" value="Normal priority:5" type="EnumLong" lengthBit="3" />
                        <field name="spare3" value="1" type="Integer" lengthBit="3" />
                        <field name="Mean throughput" value="2000000 octet/h:14" type="EnumLong" lengthBit="5" />
                     </Bytes></short_QoS_format.C0.BoxedType>
                  <long_QoS_format.C1.BoxedType><Bytes>2235d9b3b1c7562c51
                        <field name="Allocation/Retention Priority" value="34" type="Integer" length="1" />
                        <field name="Traffic class" value="Conversational class:1" type="EnumLong" lengthBit="3" />
                        <field name="Delivery class" value="Without delivery order ('no'):2" type="EnumLong" lengthBit="2" />
                        <field name="Delivery erroneous SDUs" value="Reserved:5" type="EnumLong" lengthBit="3" />
                        <field name="Maximum SDU size" value="217" type="Integer" length="1" />
                        <field name="Maximum bitrate uplink" value="179" type="Integer" length="1" />
                        <field name="Maximum bitrate downlink" value="177" type="Integer" length="1" />
                        <field name="SDU error ratio" value="Reserved:12" type="EnumLong" lengthBit="4" />
                        <field name="Residual BER" value="1*10 power -5:7" type="EnumLong" lengthBit="4" />
                        <field name="Transfer delay" value="21" type="Integer" lengthBit="6" />
                        <field name="Traffic handling priority" value="Priority level 2:2" type="EnumLong" lengthBit="2" />
                        <field name="Guaranteed bitrate uplink" value="44" type="Integer" length="1" />
                        <field name="Guaranteed bitrate downlink" value="81" type="Integer" length="1" />
                     </Bytes></long_QoS_format.C1.BoxedType>
               </subscribed_QoS.C1.Choice>
               <negotiated_QoS.C2.Choice>
                  <short_QoS_format.C0.BoxedType><Bytes>6225c9
                        <field name="spare1" value="1" type="Integer" lengthBit="2" />
                        <field name="Delay class" value="Delay class 4 (best effort):4" type="EnumLong" lengthBit="3" />
                        <field name="Reliability class" value="Unacknowledged GTP; Acknowledged LLC and RLC, Protected data:2" type="EnumLong" lengthBit="3" />
                        <field name="Peak throughput" value="Up to 2 000 octet/s:2" type="EnumLong" lengthBit="4" />
                        <field name="spare2" value="0" type="Integer" lengthBit="1" />
                        <field name="Precedence class" value="Normal priority:5" type="EnumLong" lengthBit="3" />
                        <field name="spare3" value="6" type="Integer" lengthBit="3" />
                        <field name="Mean throughput" value="50000 octet/h:9" type="EnumLong" lengthBit="5" />
                     </Bytes></short_QoS_format.C0.BoxedType>
                  <long_QoS_format.C1.BoxedType><Bytes>dc2a4d595130ba91f6
                        <field name="Allocation/Retention Priority" value="220" type="Integer" length="1" />
                        <field name="Traffic class" value="Conversational class:1" type="EnumLong" lengthBit="3" />
                        <field name="Delivery class" value="With delivery order ('yes'):1" type="EnumLong" lengthBit="2" />
                        <field name="Delivery erroneous SDUs" value="Erroneous SDUs are delivered ('yes'):2" type="EnumLong" lengthBit="3" />
                        <field name="Maximum SDU size" value="77" type="Integer" length="1" />
                        <field name="Maximum bitrate uplink" value="89" type="Integer" length="1" />
                        <field name="Maximum bitrate downlink" value="81" type="Integer" length="1" />
                        <field name="SDU error ratio" value="1*10 power -3:3" type="EnumLong" lengthBit="4" />
                        <field name="Residual BER" value="Subscribed residual BER / Reserved:0" type="EnumLong" lengthBit="4" />
                        <field name="Transfer delay" value="46" type="Integer" lengthBit="6" />
                        <field name="Traffic handling priority" value="Priority level 2:2" type="EnumLong" lengthBit="2" />
                        <field name="Guaranteed bitrate uplink" value="145" type="Integer" length="1" />
                        <field name="Guaranteed bitrate downlink" value="246" type="Integer" length="1" />
                     </Bytes></long_QoS_format.C1.BoxedType>
               </negotiated_QoS.C2.Choice>
               <requested_QoS_Extension.C3.Sequence>
                  <supplement_to_long_QoS_format.C0.BoxedType><Bytes>a883a7f287
                        <field name="spare" value="5" type="Integer" lengthBit="3" />
                        <field name="Signalling Indication" value="Not optimised for signalling traffic:0" type="EnumLong" lengthBit="1" />
                        <field name="Source Statistics Descriptor" value="unknown:8" type="EnumLong" lengthBit="4" />
                        <field name="Maximum bitrate downlink (extended)" value="131" type="Integer" length="1" />
                        <field name="Guaranteed bitrate downlink (extended)" value="167" type="Integer" length="1" />
                        <field name="Maximum bitrate uplink (extended)" value="242" type="Integer" length="1" />
                        <field name="Guaranteed bitrate uplink (extended)" value="135" type="Integer" length="1" />
                     </Bytes></supplement_to_long_QoS_format.C0.BoxedType>
                  <additionalSupplement.C1.BoxedType><Bytes>4d61
                        <field name="Maximum bitrate uplink (extended)" value="77" type="Integer" length="1" />
                        <field name="Guaranteed bitrate uplink (extended)" value="97" type="Integer" length="1" />
                     </Bytes></additionalSupplement.C1.BoxedType>
               </requested_QoS_Extension.C3.Sequence>
               <subscribed_QoS_Extension.C4.Sequence>
                  <supplement_to_long_QoS_format.C0.BoxedType><Bytes>8468b6d971
                        <field name="spare" value="4" type="Integer" lengthBit="3" />
                        <field name="Signalling Indication" value="Not optimised for signalling traffic:0" type="EnumLong" lengthBit="1" />
                        <field name="Source Statistics Descriptor" value="unknown:4" type="EnumLong" lengthBit="4" />
                        <field name="Maximum bitrate downlink (extended)" value="104" type="Integer" length="1" />
                        <field name="Guaranteed bitrate downlink (extended)" value="182" type="Integer" length="1" />
                        <field name="Maximum bitrate uplink (extended)" value="217" type="Integer" length="1" />
                        <field name="Guaranteed bitrate uplink (extended)" value="113" type="Integer" length="1" />
                     </Bytes></supplement_to_long_QoS_format.C0.BoxedType>
                  <additionalSupplement.C1.BoxedType><Bytes>8ff7
                        <field name="Maximum bitrate uplink (extended)" value="143" type="Integer" length="1" />
                        <field name="Guaranteed bitrate uplink (extended)" value="247" type="Integer" length="1" />
                     </Bytes></additionalSupplement.C1.BoxedType>
               </subscribed_QoS_Extension.C4.Sequence>
               <negotiated_QoS_Extension.C5.Sequence>
                  <supplement_to_long_QoS_format.C0.BoxedType><Bytes>7101a8de78
                        <field name="spare" value="3" type="Integer" lengthBit="3" />
                        <field name="Signalling Indication" value="Optimised for signalling traffic:1" type="EnumLong" lengthBit="1" />
                        <field name="Source Statistics Descriptor" value="speech:1" type="EnumLong" lengthBit="4" />
                        <field name="Maximum bitrate downlink (extended)" value="1" type="Integer" length="1" />
                        <field name="Guaranteed bitrate downlink (extended)" value="168" type="Integer" length="1" />
                        <field name="Maximum bitrate uplink (extended)" value="222" type="Integer" length="1" />
                        <field name="Guaranteed bitrate uplink (extended)" value="120" type="Integer" length="1" />
                     </Bytes></supplement_to_long_QoS_format.C0.BoxedType>
                  <additionalSupplement.C1.BoxedType><Bytes>c7ea
                        <field name="Maximum bitrate uplink (extended)" value="199" type="Integer" length="1" />
                        <field name="Guaranteed bitrate uplink (extended)" value="234" type="Integer" length="1" />
                     </Bytes></additionalSupplement.C1.BoxedType>
               </negotiated_QoS_Extension.C5.Sequence>
            </qualityOfService.C2.Sequence>
            <locationInformationGPRS.C3.Sequence>
               <cellGlobalIdOrServiceAreaIdOrLAI.C0.Choice>
                  <cellGlobalIdOrServiceAreaIdFixedLength.C0.BoxedType><Bytes>21f9912c94229e
                        <field name="MMC" value="129,19" type="NumberMMC" length="3" />
                        <field name="LAC" value="11412" type="Integer" length="2" />
                        <field name="CI_SAC" value="8862" type="Integer" length="2" />
                     </Bytes></cellGlobalIdOrServiceAreaIdFixedLength.C0.BoxedType>
                  <laiFixedLength.C1.BoxedType><Bytes>5221026617
                        <field name="MMC" value="251,202" type="NumberMMC" length="3" />
                        <field name="LAC" value="26135" type="Integer" length="2" />
                     </Bytes></laiFixedLength.C1.BoxedType>
               </cellGlobalIdOrServiceAreaIdOrLAI.C0.Choice>
               <routeingAreaIdentity.C1.BoxedType><Bytes>111231a2bec3
                     <field name="MMC" value="112,131" type="NumberMMC" length="3" />
                     <field name="LAC" value="41662" type="Integer" length="2" />
                     <field name="RAC" value="195" type="Integer" length="1" />
                  </Bytes></routeingAreaIdentity.C1.BoxedType>
               <geographicalInformation.C2.BoxedType><Bytes>6def2953ad283ab8
                     <field name="TypeOfShape" value="Reserved for future use:6" type="EnumLong" lengthBit="4" />
                     <field name="spare" value="13" type="Integer" lengthBit="4" />
                     <field name="DegreesOfLatitude" value="15673683" type="Integer" length="3" />
                     <field name="DegreesOfLongitude" value="11348026" type="Integer" length="3" />
                     <field name="UncertaintyCode" value="184" type="Integer" length="1" />
                  </Bytes></geographicalInformation.C2.BoxedType>
               <sgsn_Number.C3.BoxedType><AddressString.BoxedType><Bytes>364140030846
                        <field name="extension" value="extension:0" type="EnumLong" lengthBit="1" />
                        <field name="nature of address" value="network specific number:3" type="EnumLong" lengthBit="3" />
                        <field name="numbering plan" value="land mobile numbering plan (ITU-T Rec E.212):6" type="EnumLong" lengthBit="4" />
                        <field name="digits" value="1404308064" type="Number_BCD" length="5" />
                     </Bytes></AddressString.BoxedType></sgsn_Number.C3.BoxedType>
               <selectedLSAIdentity.C4.BoxedType><Bytes>26d685
                     <field name="LSA type" value="PLMN significant number:0" type="EnumLong" lengthBit="1" />
                     <field name="Identifier" value="2545285" type="Integer" lengthBit="23" />
                  </Bytes></selectedLSAIdentity.C4.BoxedType>
               <extensionContainer.C5.Sequence>
                  <privateExtensionList.C0.BoxedType>
                     <Collection>
                        <PrivateExtension.Sequence>
                           <extId><ObjectIdentifier>0.1.2123.97.9.125.109</ObjectIdentifier></extId>
                           <extType>2e0b8c</extType>
                        </PrivateExtension.Sequence>
                        <PrivateExtension.Sequence>
                           <extId><ObjectIdentifier>0.1.210.70</ObjectIdentifier></extId>
                           <extType>68f43c39b064</extType>
                        </PrivateExtension.Sequence>
                        <PrivateExtension.Sequence>
                           <extId><ObjectIdentifier>0.1.2113.76.87.99.70.17.50</ObjectIdentifier></extId>
                           <extType>b7c7</extType>
                        </PrivateExtension.Sequence>
                     </Collection>
                  </privateExtensionList.C0.BoxedType>
                  <pcs_Extensions.C1.Sequence>
                     
                  </pcs_Extensions.C1.Sequence>
               </extensionContainer.C5.Sequence>
               <sai_Present.C6></sai_Present.C6>
               <geodeticInformation.C7.BoxedType><Bytes>1dd3adb702e59804d334
                     <field name="spare" value="1" type="Integer" lengthBit="4" />
                     <field name="LPRI" value="spare:3" type="EnumLong" lengthBit="2" />
                     <field name="screnning" value="user provided, verified and passed:1" type="EnumLong" lengthBit="2" />
                     <field name="ext" value="1" type="Integer" lengthBit="1" />
                     <field name="TypeOfShape" value="reserved for national use:83" type="EnumLong" lengthBit="7" />
                     <field name="DegreesOfLatitude" value="11384578" type="Integer" length="3" />
                     <field name="DegreesOfLongitude" value="15046660" type="Integer" length="3" />
                     <field name="UncertaintyCode" value="211" type="Integer" length="1" />
                     <field name="Confidence" value="52" type="Integer" length="1" />
                  </Bytes></geodeticInformation.C7.BoxedType>
               <currentLocationRetrieved.C8></currentLocationRetrieved.C8>
               <ageOfLocationInformation.C9.BoxedType><Integer>2 minuts:2</Integer></ageOfLocationInformation.C9.BoxedType>
               <userCSGInformation.C10.Sequence>
                  <csg_Id.C0.BoxedType><BitString><BitString value="4c84" trailing="0"/></BitString></csg_Id.C0.BoxedType>
                  <extensionContainer.C1.Sequence>
                     <privateExtensionList.C0.BoxedType>
                        <Collection>
                           <PrivateExtension.Sequence>
                              <extId><ObjectIdentifier>0.1.27.6.118.7.87.23.23.38.56.54</ObjectIdentifier></extId>
                              <extType>bdfc81</extType>
                           </PrivateExtension.Sequence>
                           <PrivateExtension.Sequence>
                              <extId><ObjectIdentifier>0.1.2121.58</ObjectIdentifier></extId>
                              <extType>fe4c25a3066c629a351e</extType>
                           </PrivateExtension.Sequence>
                           <PrivateExtension.Sequence>
                              <extId><ObjectIdentifier>0.1.254.67.87.30.23.45</ObjectIdentifier></extId>
                              <extType>ac3680c0bd6c885c</extType>
                           </PrivateExtension.Sequence>
                        </Collection>
                     </privateExtensionList.C0.BoxedType>
                     <pcs_Extensions.C1.Sequence>
                        
                     </pcs_Extensions.C1.Sequence>
                  </extensionContainer.C1.Sequence>
                  <accessMode.C2>1c614e273b532c</accessMode.C2>
                  <cmi.C3>6525d180f30545</cmi.C3>
               </userCSGInformation.C10.Sequence>
            </locationInformationGPRS.C3.Sequence>
            <timeAndTimeZone.C4.BoxedType><Bytes>00000094328688f1
                  <field name="value" value="000000492368881" type="Number_BCD" length="8" />
               </Bytes></timeAndTimeZone.C4.BoxedType>
            <pDPInitiationType.C5.Enum>
               <EnumType>networkInitiated.1</EnumType>
            </pDPInitiationType.C5.Enum>
            <secondaryPDP_context.C6></secondaryPDP_context.C6>
         </pDPContextEstablishmentSpecificInformation.C4.Sequence>
         <pDPContextEstablishmentAcknowledgementSpecificInformation.C5.Sequence>
            <accessPointName.C0.BoxedType><Bytes>3ed14d66</Bytes></accessPointName.C0.BoxedType>
            <chargingID.C1.BoxedType><Bytes>97365140
                  <field name="Charging ID" value="2536919360" type="Integer" length="4" />
               </Bytes></chargingID.C1.BoxedType>
            <endUserAddress.C2.Sequence>
               <pDPTypeOrganization.C0>7211955532</pDPTypeOrganization.C0>
               <pDPTypeNumber.C1>1fee6539</pDPTypeNumber.C1>
               <pDPAddress.C2>259bea</pDPAddress.C2>
            </endUserAddress.C2.Sequence>
            <qualityOfService.C3.Sequence>
               <requested_QoS.C0.Choice>
                  <short_QoS_format.C0.BoxedType><Bytes>c32242
                        <field name="spare1" value="3" type="Integer" lengthBit="2" />
                        <field name="Delay class" value="Subscribed delay class / Reserved:0" type="EnumLong" lengthBit="3" />
                        <field name="Reliability class" value="Unacknowledged GTP and LLC; Acknowledged RLC, Protected data:3" type="EnumLong" lengthBit="3" />
                        <field name="Peak throughput" value="Up to 2 000 octet/s:2" type="EnumLong" lengthBit="4" />
                        <field name="spare2" value="0" type="Integer" lengthBit="1" />
                        <field name="Precedence class" value="Normal priority:2" type="EnumLong" lengthBit="3" />
                        <field name="spare3" value="2" type="Integer" lengthBit="3" />
                        <field name="Mean throughput" value="200 octet/h:2" type="EnumLong" lengthBit="5" />
                     </Bytes></short_QoS_format.C0.BoxedType>
                  <long_QoS_format.C1.BoxedType><Bytes>2926a65fd6f086f7a3
                        <field name="Allocation/Retention Priority" value="41" type="Integer" length="1" />
                        <field name="Traffic class" value="Conversational class:1" type="EnumLong" lengthBit="3" />
                        <field name="Delivery class" value="Subscribed delivery class / Reserved:0" type="EnumLong" lengthBit="2" />
                        <field name="Delivery erroneous SDUs" value="Reserved:6" type="EnumLong" lengthBit="3" />
                        <field name="Maximum SDU size" value="166" type="Integer" length="1" />
                        <field name="Maximum bitrate uplink" value="95" type="Integer" length="1" />
                        <field name="Maximum bitrate downlink" value="214" type="Integer" length="1" />
                        <field name="SDU error ratio" value="Reserved:15" type="EnumLong" lengthBit="4" />
                        <field name="Residual BER" value="Subscribed residual BER / Reserved:0" type="EnumLong" lengthBit="4" />
                        <field name="Transfer delay" value="33" type="Integer" lengthBit="6" />
                        <field name="Traffic handling priority" value="Priority level 2:2" type="EnumLong" lengthBit="2" />
                        <field name="Guaranteed bitrate uplink" value="247" type="Integer" length="1" />
                        <field name="Guaranteed bitrate downlink" value="163" type="Integer" length="1" />
                     </Bytes></long_QoS_format.C1.BoxedType>
               </requested_QoS.C0.Choice>
               <subscribed_QoS.C1.Choice>
                  <short_QoS_format.C0.BoxedType><Bytes>3f8cdd
                        <field name="spare1" value="0" type="Integer" lengthBit="2" />
                        <field name="Delay class" value="Reserved:7" type="EnumLong" lengthBit="3" />
                        <field name="Reliability class" value="Reserved:7" type="EnumLong" lengthBit="3" />
                        <field name="Peak throughput" value="Up to 128 000 octet/s:8" type="EnumLong" lengthBit="4" />
                        <field name="spare2" value="1" type="Integer" lengthBit="1" />
                        <field name="Precedence class" value="Normal priority:4" type="EnumLong" lengthBit="3" />
                        <field name="spare3" value="6" type="Integer" lengthBit="3" />
                        <field name="Mean throughput" value="Best effort:29" type="EnumLong" lengthBit="5" />
                     </Bytes></short_QoS_format.C0.BoxedType>
                  <long_QoS_format.C1.BoxedType><Bytes>906c32bd13d1419b75
                        <field name="Allocation/Retention Priority" value="144" type="Integer" length="1" />
                        <field name="Traffic class" value="Interactive class:3" type="EnumLong" lengthBit="3" />
                        <field name="Delivery class" value="With delivery order ('yes'):1" type="EnumLong" lengthBit="2" />
                        <field name="Delivery erroneous SDUs" value="Reserved:4" type="EnumLong" lengthBit="3" />
                        <field name="Maximum SDU size" value="50" type="Integer" length="1" />
                        <field name="Maximum bitrate uplink" value="189" type="Integer" length="1" />
                        <field name="Maximum bitrate downlink" value="19" type="Integer" length="1" />
                        <field name="SDU error ratio" value="Reserved:13" type="EnumLong" lengthBit="4" />
                        <field name="Residual BER" value="5*10 power -2:1" type="EnumLong" lengthBit="4" />
                        <field name="Transfer delay" value="16" type="Integer" lengthBit="6" />
                        <field name="Traffic handling priority" value="Priority level 1:1" type="EnumLong" lengthBit="2" />
                        <field name="Guaranteed bitrate uplink" value="155" type="Integer" length="1" />
                        <field name="Guaranteed bitrate downlink" value="117" type="Integer" length="1" />
                     </Bytes></long_QoS_format.C1.BoxedType>
               </subscribed_QoS.C1.Choice>
               <negotiated_QoS.C2.Choice>
                  <short_QoS_format.C0.BoxedType><Bytes>e2a9ee
                        <field name="spare1" value="3" type="Integer" lengthBit="2" />
                        <field name="Delay class" value="Delay class 4 (best effort):4" type="EnumLong" lengthBit="3" />
                        <field name="Reliability class" value="Unacknowledged GTP; Acknowledged LLC and RLC, Protected data:2" type="EnumLong" lengthBit="3" />
                        <field name="Peak throughput" value="Up to 1 000 octet/s:10" type="EnumLong" lengthBit="4" />
                        <field name="spare2" value="1" type="Integer" lengthBit="1" />
                        <field name="Precedence class" value="High priority:1" type="EnumLong" lengthBit="3" />
                        <field name="spare3" value="7" type="Integer" lengthBit="3" />
                        <field name="Mean throughput" value="2000000 octet/h:14" type="EnumLong" lengthBit="5" />
                     </Bytes></short_QoS_format.C0.BoxedType>
                  <long_QoS_format.C1.BoxedType><Bytes>f953f5c4c3a06191dc
                        <field name="Allocation/Retention Priority" value="249" type="Integer" length="1" />
                        <field name="Traffic class" value="Streaming class:2" type="EnumLong" lengthBit="3" />
                        <field name="Delivery class" value="Without delivery order ('no'):2" type="EnumLong" lengthBit="2" />
                        <field name="Delivery erroneous SDUs" value="Erroneous SDUs are not delivered ('no'):3" type="EnumLong" lengthBit="3" />
                        <field name="Maximum SDU size" value="245" type="Integer" length="1" />
                        <field name="Maximum bitrate uplink" value="196" type="Integer" length="1" />
                        <field name="Maximum bitrate downlink" value="195" type="Integer" length="1" />
                        <field name="SDU error ratio" value="Reserved:10" type="EnumLong" lengthBit="4" />
                        <field name="Residual BER" value="Subscribed residual BER / Reserved:0" type="EnumLong" lengthBit="4" />
                        <field name="Transfer delay" value="24" type="Integer" lengthBit="6" />
                        <field name="Traffic handling priority" value="Priority level 1:1" type="EnumLong" lengthBit="2" />
                        <field name="Guaranteed bitrate uplink" value="145" type="Integer" length="1" />
                        <field name="Guaranteed bitrate downlink" value="220" type="Integer" length="1" />
                     </Bytes></long_QoS_format.C1.BoxedType>
               </negotiated_QoS.C2.Choice>
               <requested_QoS_Extension.C3.Sequence>
                  <supplement_to_long_QoS_format.C0.BoxedType><Bytes>347413f65b
                        <field name="spare" value="1" type="Integer" lengthBit="3" />
                        <field name="Signalling Indication" value="Optimised for signalling traffic:1" type="EnumLong" lengthBit="1" />
                        <field name="Source Statistics Descriptor" value="unknown:4" type="EnumLong" lengthBit="4" />
                        <field name="Maximum bitrate downlink (extended)" value="116" type="Integer" length="1" />
                        <field name="Guaranteed bitrate downlink (extended)" value="19" type="Integer" length="1" />
                        <field name="Maximum bitrate uplink (extended)" value="246" type="Integer" length="1" />
                        <field name="Guaranteed bitrate uplink (extended)" value="91" type="Integer" length="1" />
                     </Bytes></supplement_to_long_QoS_format.C0.BoxedType>
                  <additionalSupplement.C1.BoxedType><Bytes>2840
                        <field name="Maximum bitrate uplink (extended)" value="40" type="Integer" length="1" />
                        <field name="Guaranteed bitrate uplink (extended)" value="64" type="Integer" length="1" />
                     </Bytes></additionalSupplement.C1.BoxedType>
               </requested_QoS_Extension.C3.Sequence>
               <subscribed_QoS_Extension.C4.Sequence>
                  <supplement_to_long_QoS_format.C0.BoxedType><Bytes>71d5ac30cd
                        <field name="spare" value="3" type="Integer" lengthBit="3" />
                        <field name="Signalling Indication" value="Optimised for signalling traffic:1" type="EnumLong" lengthBit="1" />
                        <field name="Source Statistics Descriptor" value="speech:1" type="EnumLong" lengthBit="4" />
                        <field name="Maximum bitrate downlink (extended)" value="213" type="Integer" length="1" />
                        <field name="Guaranteed bitrate downlink (extended)" value="172" type="Integer" length="1" />
                        <field name="Maximum bitrate uplink (extended)" value="48" type="Integer" length="1" />
                        <field name="Guaranteed bitrate uplink (extended)" value="205" type="Integer" length="1" />
                     </Bytes></supplement_to_long_QoS_format.C0.BoxedType>
                  <additionalSupplement.C1.BoxedType><Bytes>442d
                        <field name="Maximum bitrate uplink (extended)" value="68" type="Integer" length="1" />
                        <field name="Guaranteed bitrate uplink (extended)" value="45" type="Integer" length="1" />
                     </Bytes></additionalSupplement.C1.BoxedType>
               </subscribed_QoS_Extension.C4.Sequence>
               <negotiated_QoS_Extension.C5.Sequence>
                  <supplement_to_long_QoS_format.C0.BoxedType><Bytes>b226644b0e
                        <field name="spare" value="5" type="Integer" lengthBit="3" />
                        <field name="Signalling Indication" value="Optimised for signalling traffic:1" type="EnumLong" lengthBit="1" />
                        <field name="Source Statistics Descriptor" value="unknown:2" type="EnumLong" lengthBit="4" />
                        <field name="Maximum bitrate downlink (extended)" value="38" type="Integer" length="1" />
                        <field name="Guaranteed bitrate downlink (extended)" value="100" type="Integer" length="1" />
                        <field name="Maximum bitrate uplink (extended)" value="75" type="Integer" length="1" />
                        <field name="Guaranteed bitrate uplink (extended)" value="14" type="Integer" length="1" />
                     </Bytes></supplement_to_long_QoS_format.C0.BoxedType>
                  <additionalSupplement.C1.BoxedType><Bytes>4c9c
                        <field name="Maximum bitrate uplink (extended)" value="76" type="Integer" length="1" />
                        <field name="Guaranteed bitrate uplink (extended)" value="156" type="Integer" length="1" />
                     </Bytes></additionalSupplement.C1.BoxedType>
               </negotiated_QoS_Extension.C5.Sequence>
            </qualityOfService.C3.Sequence>
            <locationInformationGPRS.C4.Sequence>
               <cellGlobalIdOrServiceAreaIdOrLAI.C0.Choice>
                  <cellGlobalIdOrServiceAreaIdFixedLength.C0.BoxedType><Bytes>0272420e5b0210
                        <field name="MMC" value="202,247" type="NumberMMC" length="3" />
                        <field name="LAC" value="3675" type="Integer" length="2" />
                        <field name="CI_SAC" value="528" type="Integer" length="2" />
                     </Bytes></cellGlobalIdOrServiceAreaIdFixedLength.C0.BoxedType>
                  <laiFixedLength.C1.BoxedType><Bytes>91f56378ba
                        <field name="MMC" value="195,36" type="NumberMMC" length="3" />
                        <field name="LAC" value="30906" type="Integer" length="2" />
                     </Bytes></laiFixedLength.C1.BoxedType>
               </cellGlobalIdOrServiceAreaIdOrLAI.C0.Choice>
               <routeingAreaIdentity.C1.BoxedType><Bytes>018411af4e42
                     <field name="MMC" value="104,118" type="NumberMMC" length="3" />
                     <field name="LAC" value="44878" type="Integer" length="2" />
                     <field name="RAC" value="66" type="Integer" length="1" />
                  </Bytes></routeingAreaIdentity.C1.BoxedType>
               <geographicalInformation.C2.BoxedType><Bytes>671ab71d0fab6855
                     <field name="TypeOfShape" value="Reserved for future use:6" type="EnumLong" lengthBit="4" />
                     <field name="spare" value="7" type="Integer" lengthBit="4" />
                     <field name="DegreesOfLatitude" value="1750813" type="Integer" length="3" />
                     <field name="DegreesOfLongitude" value="1026920" type="Integer" length="3" />
                     <field name="UncertaintyCode" value="85" type="Integer" length="1" />
                  </Bytes></geographicalInformation.C2.BoxedType>
               <sgsn_Number.C3.BoxedType><AddressString.BoxedType><Bytes>8d4112675155
                        <field name="extension" value="no extension:1" type="EnumLong" lengthBit="1" />
                        <field name="nature of address" value="unknown:0" type="EnumLong" lengthBit="3" />
                        <field name="numbering plan" value="13" type="EnumLong" lengthBit="4" />
                        <field name="digits" value="1421761555" type="Number_BCD" length="5" />
                     </Bytes></AddressString.BoxedType></sgsn_Number.C3.BoxedType>
               <selectedLSAIdentity.C4.BoxedType><Bytes>13ee61
                     <field name="LSA type" value="PLMN significant number:0" type="EnumLong" lengthBit="1" />
                     <field name="Identifier" value="1306209" type="Integer" lengthBit="23" />
                  </Bytes></selectedLSAIdentity.C4.BoxedType>
               <extensionContainer.C5.Sequence>
                  <privateExtensionList.C0.BoxedType>
                     <Collection>
                        <PrivateExtension.Sequence>
                           <extId><ObjectIdentifier>0.1.2127.67</ObjectIdentifier></extId>
                           <extType>08f8</extType>
                        </PrivateExtension.Sequence>
                        <PrivateExtension.Sequence>
                           <extId><ObjectIdentifier>0.1.280.40.91.27.66.79.50.60.29</ObjectIdentifier></extId>
                           <extType>efefe4</extType>
                        </PrivateExtension.Sequence>
                        <PrivateExtension.Sequence>
                           <extId><ObjectIdentifier>0.1.226</ObjectIdentifier></extId>
                           <extType>7dcdb1e58321dd5c</extType>
                        </PrivateExtension.Sequence>
                     </Collection>
                  </privateExtensionList.C0.BoxedType>
                  <pcs_Extensions.C1.Sequence>
                     
                  </pcs_Extensions.C1.Sequence>
               </extensionContainer.C5.Sequence>
               <sai_Present.C6></sai_Present.C6>
               <geodeticInformation.C7.BoxedType><Bytes>b1f9c632e7bbe296c855
                     <field name="spare" value="11" type="Integer" lengthBit="4" />
                     <field name="LPRI" value="presentation allowed:0" type="EnumLong" lengthBit="2" />
                     <field name="screnning" value="user provided, verified and passed:1" type="EnumLong" lengthBit="2" />
                     <field name="ext" value="1" type="Integer" lengthBit="1" />
                     <field name="TypeOfShape" value="reserved for national use:121" type="EnumLong" lengthBit="7" />
                     <field name="DegreesOfLatitude" value="12989159" type="Integer" length="3" />
                     <field name="DegreesOfLongitude" value="12313238" type="Integer" length="3" />
                     <field name="UncertaintyCode" value="200" type="Integer" length="1" />
                     <field name="Confidence" value="85" type="Integer" length="1" />
                  </Bytes></geodeticInformation.C7.BoxedType>
               <currentLocationRetrieved.C8></currentLocationRetrieved.C8>
               <ageOfLocationInformation.C9.BoxedType><Integer>2 minuts:2</Integer></ageOfLocationInformation.C9.BoxedType>
               <userCSGInformation.C10.Sequence>
                  <csg_Id.C0.BoxedType><BitString><BitString value="aec2dcf955d29d91" trailing="0"/></BitString></csg_Id.C0.BoxedType>
                  <extensionContainer.C1.Sequence>
                     <privateExtensionList.C0.BoxedType>
                        <Collection>
                           <PrivateExtension.Sequence>
                              <extId><ObjectIdentifier>0.1.277.84</ObjectIdentifier></extId>
                              <extType>181465e8</extType>
                           </PrivateExtension.Sequence>
                           <PrivateExtension.Sequence>
                              <extId><ObjectIdentifier>0.1.230.104.127.110.121</ObjectIdentifier></extId>
                              <extType>577eb3b9263d</extType>
                           </PrivateExtension.Sequence>
                           <PrivateExtension.Sequence>
                              <extId><ObjectIdentifier>0.1.229</ObjectIdentifier></extId>
                              <extType>0bafad7fee5d</extType>
                           </PrivateExtension.Sequence>
                        </Collection>
                     </privateExtensionList.C0.BoxedType>
                     <pcs_Extensions.C1.Sequence>
                        
                     </pcs_Extensions.C1.Sequence>
                  </extensionContainer.C1.Sequence>
                  <accessMode.C2>a9ff9b04e63a</accessMode.C2>
                  <cmi.C3>ccf05266014c07d3c1</cmi.C3>
               </userCSGInformation.C10.Sequence>
            </locationInformationGPRS.C4.Sequence>
            <timeAndTimeZone.C5.BoxedType><Bytes>0000003150139148
                  <field name="value" value="0000001305311984" type="Number_BCD" length="8" />
               </Bytes></timeAndTimeZone.C5.BoxedType>
            <gGSNAddress.C6.BoxedType><Bytes>6e7b988cf0
                  <field name="Address type" value="IPV6:1" type="EnumLong" lengthBit="2" />
                  <field name="AddressLength" value="46" type="Integer" lengthBit="6" />
                  <field name="IPV4 address" value="123.152.140.240" type="IPV4Address" length="4" />
               </Bytes></gGSNAddress.C6.BoxedType>
         </pDPContextEstablishmentAcknowledgementSpecificInformation.C5.Sequence>
      </gPRSEventSpecificInformation.C2.Choice>
      <pDPId.C3.BoxedType><Bytes>18b2</Bytes></pDPId.C3.BoxedType>
   </EventReportGPRSArg.Sequence>
</ASN>