<?xml version="1.0" encoding="UTF-8"?>

<ASN layer="CAP">
   <EventReportBCSMArg.Sequence>
      <eventTypeBCSM.C0.Enum>
         <EnumType>callAccepted.27</EnumType>
      </eventTypeBCSM.C0.Enum>
      <eventSpecificInformationBCSM.C2.Choice>
         <routeSelectFailureSpecificInfo.C2.Sequence><failureCause.C0.BoxedType><Bytes>6b0d04
                  <field name="ext1" value="continue:0" type="EnumLong" lengthBit="1" />
                  <field name="Coding standard" value="Standard specific to identified location (see Note):3" type="EnumLong" lengthBit="2" />
                  <field name="Spare" value="0" type="Integer" lengthBit="1" />
                  <field name="Location" value="spare:11" type="EnumLong" lengthBit="4" />
                  <field name="ext3" value="continue:0" type="EnumLong" lengthBit="1" />
                  <field name="Cause value" value="13" type="EnumLong" lengthBit="7" />
                  <field name="Diagnostics" value="04" type="Binary" length="1" />
               </Bytes></failureCause.C0.BoxedType></routeSelectFailureSpecificInfo.C2.Sequence>
         <oCalledPartyBusySpecificInfo.C3.Sequence><busyCause.C0.BoxedType><Bytes>e92ca9
                  <field name="ext1" value="last octet:1" type="EnumLong" lengthBit="1" />
                  <field name="Coding standard" value="Standard specific to identified location (see Note):3" type="EnumLong" lengthBit="2" />
                  <field name="Spare" value="0" type="Integer" lengthBit="1" />
                  <field name="Location" value="spare:9" type="EnumLong" lengthBit="4" />
                  <field name="ext3" value="continue:0" type="EnumLong" lengthBit="1" />
                  <field name="Cause value" value="Class 010 resource unavailable : Requested circuit/channel not available:44" type="EnumLong" lengthBit="7" />
                  <field name="Diagnostics" value="a9" type="Binary" length="1" />
               </Bytes></busyCause.C0.BoxedType></oCalledPartyBusySpecificInfo.C3.Sequence>
         <oNoAnswerSpecificInfo.C4.Sequence>
            
         </oNoAnswerSpecificInfo.C4.Sequence>
         <oAnswerSpecificInfo.C5.Sequence>
            <destinationAddress.C50.BoxedType><Bytes>76921273440911
                  <field name="Odd/even (O/E)" value="even number of address signals:0" type="EnumLong" lengthBit="1" />
                  <field name="Nature of address" value="reserved for national use:118" type="EnumLong" lengthBit="7" />
                  <field name="Internal Network Number (INN)" value="routing to internal number not allowed:1" type="EnumLong" lengthBit="1" />
                  <field name="Numbering plan" value="ISDN/Telephony Numbering Plan (Rec ITU-T E.164):1" type="EnumLong" lengthBit="3" />
                  <field name="spare" value="2" type="Integer" lengthBit="4" />
                  <field name="digits" value="2137449011" type="Number_BCD" length="5" />
               </Bytes></destinationAddress.C50.BoxedType>
            <or_Call.C51></or_Call.C51>
            <forwardedCall.C52></forwardedCall.C52>
            <chargeIndicator.C53.BoxedType><Bytes>ec986b</Bytes></chargeIndicator.C53.BoxedType>
            <ext_basicServiceCode.C54.Choice>
               <ext_BearerService.C2.BoxedType><Bytes>79006c</Bytes></ext_BearerService.C2.BoxedType>
               <ext_Teleservice.C3.BoxedType><Bytes>234dd3bcb9
                     <field name="Code" value="35" type="EnumLong" length="1" />
                     <field name="Extension data" value="4dd3bcb9" type="Binary" length="4" />
                  </Bytes></ext_Teleservice.C3.BoxedType>
            </ext_basicServiceCode.C54.Choice>
            <ext_basicServiceCode2.C55.Choice>
               <ext_BearerService.C2.BoxedType><Bytes>543fabba</Bytes></ext_BearerService.C2.BoxedType>
               <ext_Teleservice.C3.BoxedType><Bytes>d0368458c8
                     <field name="Code" value="allPLMN-specificTS:208" type="EnumLong" length="1" />
                     <field name="Extension data" value="368458c8" type="Binary" length="4" />
                  </Bytes></ext_Teleservice.C3.BoxedType>
            </ext_basicServiceCode2.C55.Choice>
         </oAnswerSpecificInfo.C5.Sequence>
         <oMidCallSpecificInfo.C6.Sequence><midCallEvents.C1.Choice>
               <dTMFDigitsCompleted.C3.BoxedType><Bytes>1882e6b7cb11</Bytes></dTMFDigitsCompleted.C3.BoxedType>
               <dTMFDigitsTimeOut.C4.BoxedType><Bytes>2e</Bytes></dTMFDigitsTimeOut.C4.BoxedType>
            </midCallEvents.C1.Choice></oMidCallSpecificInfo.C6.Sequence>
         <oDisconnectSpecificInfo.C7.Sequence><releaseCause.C0.BoxedType><Bytes>a4626b
                  <field name="ext1" value="last octet:1" type="EnumLong" lengthBit="1" />
                  <field name="Coding standard" value="ISO/IEC Standard (see Note):1" type="EnumLong" lengthBit="2" />
                  <field name="Spare" value="0" type="Integer" lengthBit="1" />
                  <field name="Location" value="public network serving the remote user (RLN):4" type="EnumLong" lengthBit="4" />
                  <field name="ext3" value="continue:0" type="EnumLong" lengthBit="1" />
                  <field name="Cause value" value="Class 110 protocol error : Message not compatible with call state or message type non-existent or not implemented:98" type="EnumLong" lengthBit="7" />
                  <field name="Diagnostics" value="6b" type="Binary" length="1" />
               </Bytes></releaseCause.C0.BoxedType></oDisconnectSpecificInfo.C7.Sequence>
         <tBusySpecificInfo.C8.Sequence>
            <busyCause.C0.BoxedType><Bytes>e2a233
                  <field name="ext1" value="last octet:1" type="EnumLong" lengthBit="1" />
                  <field name="Coding standard" value="Standard specific to identified location (see Note):3" type="EnumLong" lengthBit="2" />
                  <field name="Spare" value="0" type="Integer" lengthBit="1" />
                  <field name="Location" value="public network serving the local user (LN):2" type="EnumLong" lengthBit="4" />
                  <field name="ext3" value="last octet:1" type="EnumLong" lengthBit="1" />
                  <field name="Cause value" value="Class 010 resource unavailable : No circuit/channel available:34" type="EnumLong" lengthBit="7" />
                  <field name="Diagnostics" value="33" type="Binary" length="1" />
               </Bytes></busyCause.C0.BoxedType>
            <callForwarded.C50></callForwarded.C50>
            <routeNotPermitted.C51></routeNotPermitted.C51>
            <forwardingDestinationNumber.C52.BoxedType><Bytes>78c932886663f9
                  <field name="Odd/even (O/E)" value="even number of address signals:0" type="EnumLong" lengthBit="1" />
                  <field name="Nature of address" value="reserved for national use:120" type="EnumLong" lengthBit="7" />
                  <field name="Internal Network Number (INN)" value="routing to internal number not allowed:1" type="EnumLong" lengthBit="1" />
                  <field name="Numbering plan" value="Telex numbering plan (ITU-T Recommendation F.69):4" type="EnumLong" lengthBit="3" />
                  <field name="spare" value="9" type="Integer" lengthBit="4" />
                  <field name="digits" value="238866369" type="Number_BCD" lengthBit="36" />
               </Bytes></forwardingDestinationNumber.C52.BoxedType>
         </tBusySpecificInfo.C8.Sequence>
         <tNoAnswerSpecificInfo.C9.Sequence>
            <callForwarded.C50></callForwarded.C50>
            <forwardingDestinationNumber.C52.BoxedType><Bytes>0f4089495283f1
                  <field name="Odd/even (O/E)" value="even number of address signals:0" type="EnumLong" lengthBit="1" />
                  <field name="Nature of address" value="spare:15" type="EnumLong" lengthBit="7" />
                  <field name="Internal Network Number (INN)" value="routing to internal number allowed:0" type="EnumLong" lengthBit="1" />
                  <field name="Numbering plan" value="Telex numbering plan (ITU-T Recommendation F.69):4" type="EnumLong" lengthBit="3" />
                  <field name="spare" value="0" type="Integer" lengthBit="4" />
                  <field name="digits" value="989425381" type="Number_BCD" lengthBit="36" />
               </Bytes></forwardingDestinationNumber.C52.BoxedType>
         </tNoAnswerSpecificInfo.C9.Sequence>
         <tAnswerSpecificInfo.C10.Sequence>
            <destinationAddress.C50.BoxedType><Bytes>09352180753338
                  <field name="Odd/even (O/E)" value="even number of address signals:0" type="EnumLong" lengthBit="1" />
                  <field name="Nature of address" value="spare:9" type="EnumLong" lengthBit="7" />
                  <field name="Internal Network Number (INN)" value="routing to internal number allowed:0" type="EnumLong" lengthBit="1" />
                  <field name="Numbering plan" value="Data numbering plan (ITU-T Recommendation X.121):3" type="EnumLong" lengthBit="3" />
                  <field name="spare" value="5" type="Integer" lengthBit="4" />
                  <field name="digits" value="1208573383" type="Number_BCD" length="5" />
               </Bytes></destinationAddress.C50.BoxedType>
            <or_Call.C51></or_Call.C51>
            <forwardedCall.C52></forwardedCall.C52>
            <chargeIndicator.C53.BoxedType><Bytes>2552d47185804e7d</Bytes></chargeIndicator.C53.BoxedType>
            <ext_basicServiceCode.C54.Choice>
               <ext_BearerService.C2.BoxedType><Bytes>b9ca95d97b9d290b72d5</Bytes></ext_BearerService.C2.BoxedType>
               <ext_Teleservice.C3.BoxedType><Bytes>b83cad95e2
                     <field name="Code" value="184" type="EnumLong" length="1" />
                     <field name="Extension data" value="3cad95e2" type="Binary" length="4" />
                  </Bytes></ext_Teleservice.C3.BoxedType>
            </ext_basicServiceCode.C54.Choice>
            <ext_basicServiceCode2.C55.Choice>
               <ext_BearerService.C2.BoxedType><Bytes>e0b3a3c57957696a14c3</Bytes></ext_BearerService.C2.BoxedType>
               <ext_Teleservice.C3.BoxedType><Bytes>f85f93998a
                     <field name="Code" value="248" type="EnumLong" length="1" />
                     <field name="Extension data" value="5f93998a" type="Binary" length="4" />
                  </Bytes></ext_Teleservice.C3.BoxedType>
            </ext_basicServiceCode2.C55.Choice>
         </tAnswerSpecificInfo.C10.Sequence>
         <tMidCallSpecificInfo.C11.Sequence><midCallEvents.C1.Choice>
               <dTMFDigitsCompleted.C3.BoxedType><Bytes>4ae6257a</Bytes></dTMFDigitsCompleted.C3.BoxedType>
               <dTMFDigitsTimeOut.C4.BoxedType><Bytes>2b3c96f008dbac0e</Bytes></dTMFDigitsTimeOut.C4.BoxedType>
            </midCallEvents.C1.Choice></tMidCallSpecificInfo.C11.Sequence>
         <tDisconnectSpecificInfo.C12.Sequence><releaseCause.C0.BoxedType><Bytes>4416e5
                  <field name="ext1" value="continue:0" type="EnumLong" lengthBit="1" />
                  <field name="Coding standard" value="National standard (see Note):2" type="EnumLong" lengthBit="2" />
                  <field name="Spare" value="0" type="Integer" lengthBit="1" />
                  <field name="Location" value="public network serving the remote user (RLN):4" type="EnumLong" lengthBit="4" />
                  <field name="ext3" value="continue:0" type="EnumLong" lengthBit="1" />
                  <field name="Cause value" value="Class 001 normal event : Number changed:22" type="EnumLong" lengthBit="7" />
                  <field name="Diagnostics" value="e5" type="Binary" length="1" />
               </Bytes></releaseCause.C0.BoxedType></tDisconnectSpecificInfo.C12.Sequence>
         <oTermSeizedSpecificInfo.C13.Sequence><locationInformation.C50.Sequence>
               <ageOfLocationInformation.BoxedType><Integer>0 minut = currently in contact:0</Integer></ageOfLocationInformation.BoxedType>
               <geographicalInformation.C0.BoxedType><Bytes>7e736bedd6c5fc14
                     <field name="TypeOfShape" value="Reserved for future use:7" type="EnumLong" lengthBit="4" />
                     <field name="spare" value="14" type="Integer" lengthBit="4" />
                     <field name="DegreesOfLatitude" value="7564269" type="Integer" length="3" />
                     <field name="DegreesOfLongitude" value="14075388" type="Integer" length="3" />
                     <field name="UncertaintyCode" value="20" type="Integer" length="1" />
                  </Bytes></geographicalInformation.C0.BoxedType>
               <vlr_number.C1.BoxedType><AddressString.BoxedType><Bytes>c58188321834
                        <field name="extension" value="no extension:1" type="EnumLong" lengthBit="1" />
                        <field name="nature of address" value="subscriber number:4" type="EnumLong" lengthBit="3" />
                        <field name="numbering plan" value="spare:5" type="EnumLong" lengthBit="4" />
                        <field name="digits" value="1888238143" type="Number_BCD" length="5" />
                     </Bytes></AddressString.BoxedType></vlr_number.C1.BoxedType>
               <locationNumber.C2.BoxedType><Bytes>5e440126672159
                     <field name="Odd/even (O/E)" value="even number of address signals:0" type="EnumLong" lengthBit="1" />
                     <field name="Nature of address" value="spare:94" type="EnumLong" lengthBit="7" />
                     <field name="Internal Network Number (INN)" value="routing to internal number allowed:0" type="EnumLong" lengthBit="1" />
                     <field name="Numbering plan" value="Telex numbering plan (ITU-T Recommendation F.69):4" type="EnumLong" lengthBit="3" />
                     <field name="Address presentation restricted" value="presentation restricted:1" type="EnumLong" lengthBit="2" />
                     <field name="Screening" value="reserved:0" type="EnumLong" lengthBit="2" />
                     <field name="digits" value="1062761295" type="Number_BCD" length="5" />
                  </Bytes></locationNumber.C2.BoxedType>
               <cellGlobalIdOrServiceAreaIdOrLAI.C3.Choice>
                  <cellGlobalIdOrServiceAreaIdFixedLength.C0.BoxedType><Bytes>61745180bc191c
                        <field name="MMC" value="164,157" type="NumberMMC" length="3" />
                        <field name="LAC" value="32956" type="Integer" length="2" />
                        <field name="CI_SAC" value="6428" type="Integer" length="2" />
                     </Bytes></cellGlobalIdOrServiceAreaIdFixedLength.C0.BoxedType>
                  <laiFixedLength.C1.BoxedType><Bytes>2261226844
                        <field name="MMC" value="221,226" type="NumberMMC" length="3" />
                        <field name="LAC" value="26692" type="Integer" length="2" />
                     </Bytes></laiFixedLength.C1.BoxedType>
               </cellGlobalIdOrServiceAreaIdOrLAI.C3.Choice>
               <extensionContainer.C4.Sequence>
                  <privateExtensionList.C0.BoxedType>
                     <Collection>
                        <PrivateExtension.Sequence>
                           <extId><ObjectIdentifier>0.1.26.25.58.99.73.67.77.17.38</ObjectIdentifier></extId>
                           <extType>4d58</extType>
                        </PrivateExtension.Sequence>
                        <PrivateExtension.Sequence>
                           <extId><ObjectIdentifier>0.1.280.127.25.58.25.31</ObjectIdentifier></extId>
                           <extType>af637b7052faef</extType>
                        </PrivateExtension.Sequence>
                        <PrivateExtension.Sequence>
                           <extId><ObjectIdentifier>0.1.211.116</ObjectIdentifier></extId>
                           <extType>9c804d53df98d129b377</extType>
                        </PrivateExtension.Sequence>
                     </Collection>
                  </privateExtensionList.C0.BoxedType>
                  <pcs_Extensions.C1.Sequence>
                     
                  </pcs_Extensions.C1.Sequence>
               </extensionContainer.C4.Sequence>
               <selectedLSA_Id.C5.BoxedType><Bytes>160339
                     <field name="LSA type" value="PLMN significant number:0" type="EnumLong" lengthBit="1" />
                     <field name="Identifier" value="1442617" type="Integer" lengthBit="23" />
                  </Bytes></selectedLSA_Id.C5.BoxedType>
               <msc_Number.C6.BoxedType><AddressString.BoxedType><Bytes>d467238341f0
                        <field name="extension" value="no extension:1" type="EnumLong" lengthBit="1" />
                        <field name="nature of address" value="reserved:5" type="EnumLong" lengthBit="3" />
                        <field name="numbering plan" value="telex numbering plan (ITU-T Rec F.69):4" type="EnumLong" lengthBit="4" />
                        <field name="digits" value="763238140" type="Number_BCD" lengthBit="36" />
                     </Bytes></AddressString.BoxedType></msc_Number.C6.BoxedType>
               <geodeticInformation.C7.BoxedType><Bytes>d608d92cfa1f54fcca37
                     <field name="spare" value="13" type="Integer" lengthBit="4" />
                     <field name="LPRI" value="presentation restricted:1" type="EnumLong" lengthBit="2" />
                     <field name="screnning" value="user provided, verified and failed:2" type="EnumLong" lengthBit="2" />
                     <field name="ext" value="0" type="Integer" lengthBit="1" />
                     <field name="TypeOfShape" value="spare:8" type="EnumLong" lengthBit="7" />
                     <field name="DegreesOfLatitude" value="14232826" type="Integer" length="3" />
                     <field name="DegreesOfLongitude" value="2053372" type="Integer" length="3" />
                     <field name="UncertaintyCode" value="202" type="Integer" length="1" />
                     <field name="Confidence" value="55" type="Integer" length="1" />
                  </Bytes></geodeticInformation.C7.BoxedType>
               <currentLocationRetrieved.C8></currentLocationRetrieved.C8>
               <sai_Present.C9></sai_Present.C9>
               <locationInformationEPS.C10.Sequence>
                  <e_utranCellGlobalIdentity.C0.BoxedType><Bytes>7e736d93</Bytes></e_utranCellGlobalIdentity.C0.BoxedType>
                  <trackingAreaIdentity.C1.BoxedType><Bytes>bddd06e621f22b5bd2</Bytes></trackingAreaIdentity.C1.BoxedType>
                  <extensionContainer.C2.Sequence>
                     <privateExtensionList.C0.BoxedType>
                        <Collection>
                           <PrivateExtension.Sequence>
                              <extId><ObjectIdentifier>0.1.2</ObjectIdentifier></extId>
                              <extType>760f10870d543d0b</extType>
                           </PrivateExtension.Sequence>
                           <PrivateExtension.Sequence>
                              <extId><ObjectIdentifier>0.1.282.48.120.121</ObjectIdentifier></extId>
                              <extType>a8</extType>
                           </PrivateExtension.Sequence>
                           <PrivateExtension.Sequence>
                              <extId><ObjectIdentifier>0.1.270</ObjectIdentifier></extId>
                              <extType>348fa18d3707bd</extType>
                           </PrivateExtension.Sequence>
                        </Collection>
                     </privateExtensionList.C0.BoxedType>
                     <pcs_Extensions.C1.Sequence>
                        
                     </pcs_Extensions.C1.Sequence>
                  </extensionContainer.C2.Sequence>
                  <geographicalInformation.C3.BoxedType><Bytes>c50e383f5c19a9f7
                        <field name="TypeOfShape" value="Reserved for future use:12" type="EnumLong" lengthBit="4" />
                        <field name="spare" value="5" type="Integer" lengthBit="4" />
                        <field name="DegreesOfLatitude" value="931903" type="Integer" length="3" />
                        <field name="DegreesOfLongitude" value="6035881" type="Integer" length="3" />
                        <field name="UncertaintyCode" value="247" type="Integer" length="1" />
                     </Bytes></geographicalInformation.C3.BoxedType>
                  <geodeticInformation.C4.BoxedType><Bytes>d10f3dbaa75a256f0993
                        <field name="spare" value="13" type="Integer" lengthBit="4" />
                        <field name="LPRI" value="presentation allowed:0" type="EnumLong" lengthBit="2" />
                        <field name="screnning" value="user provided, verified and passed:1" type="EnumLong" lengthBit="2" />
                        <field name="ext" value="0" type="Integer" lengthBit="1" />
                        <field name="TypeOfShape" value="spare:15" type="EnumLong" lengthBit="7" />
                        <field name="DegreesOfLatitude" value="4045479" type="Integer" length="3" />
                        <field name="DegreesOfLongitude" value="5907823" type="Integer" length="3" />
                        <field name="UncertaintyCode" value="9" type="Integer" length="1" />
                        <field name="Confidence" value="147" type="Integer" length="1" />
                     </Bytes></geodeticInformation.C4.BoxedType>
                  <currentLocationRetrieved.C5></currentLocationRetrieved.C5>
                  <ageOfLocationInformation.C6.BoxedType><Integer>[1-32766] minuts:1</Integer></ageOfLocationInformation.C6.BoxedType>
                  <mme_Name.C7.BoxedType><Bytes>66694b84</Bytes></mme_Name.C7.BoxedType>
               </locationInformationEPS.C10.Sequence>
               <userCSGInformation.C11.Sequence>
                  <csg_Id.C0.BoxedType><BitString><BitString value="d008a775c36f313f72699c2d89512a30764f" trailing="0"/></BitString></csg_Id.C0.BoxedType>
                  <extensionContainer.C1.Sequence>
                     <privateExtensionList.C0.BoxedType>
                        <Collection>
                           <PrivateExtension.Sequence>
                              <extId><ObjectIdentifier>0.1.217</ObjectIdentifier></extId>
                              <extType>b54d0b0fa6f2e1a0cc</extType>
                           </PrivateExtension.Sequence>
                           <PrivateExtension.Sequence>
                              <extId><ObjectIdentifier>0.1.221.116.110.60.112.53.1</ObjectIdentifier></extId>
                              <extType>68cba997f0807d41</extType>
                           </PrivateExtension.Sequence>
                           <PrivateExtension.Sequence>
                              <extId><ObjectIdentifier>0.1.225</ObjectIdentifier></extId>
                              <extType>2dcd53</extType>
                           </PrivateExtension.Sequence>
                        </Collection>
                     </privateExtensionList.C0.BoxedType>
                     <pcs_Extensions.C1.Sequence>
                        
                     </pcs_Extensions.C1.Sequence>
                  </extensionContainer.C1.Sequence>
                  <accessMode.C2>ff</accessMode.C2>
                  <cmi.C3>f9ea2919bc0ebcd208</cmi.C3>
               </userCSGInformation.C11.Sequence>
            </locationInformation.C50.Sequence></oTermSeizedSpecificInfo.C13.Sequence>
         <callAcceptedSpecificInfo.C20.Sequence><locationInformation.C50.Sequence>
               <ageOfLocationInformation.BoxedType><Integer>2 minuts:2</Integer></ageOfLocationInformation.BoxedType>
               <geographicalInformation.C0.BoxedType><Bytes>7c176cfcef3c3b65
                     <field name="TypeOfShape" value="Reserved for future use:7" type="EnumLong" lengthBit="4" />
                     <field name="spare" value="12" type="Integer" lengthBit="4" />
                     <field name="DegreesOfLatitude" value="1535228" type="Integer" length="3" />
                     <field name="DegreesOfLongitude" value="15678523" type="Integer" length="3" />
                     <field name="UncertaintyCode" value="101" type="Integer" length="1" />
                  </Bytes></geographicalInformation.C0.BoxedType>
               <vlr_number.C1.BoxedType><AddressString.BoxedType><Bytes>e11149298506
                        <field name="extension" value="no extension:1" type="EnumLong" lengthBit="1" />
                        <field name="nature of address" value="abbreviated number:6" type="EnumLong" lengthBit="3" />
                        <field name="numbering plan" value="ISDN/Telephony Numbering Plan (Rec ITU-T E.164):1" type="EnumLong" lengthBit="4" />
                        <field name="digits" value="1194925860" type="Number_BCD" length="5" />
                     </Bytes></AddressString.BoxedType></vlr_number.C1.BoxedType>
               <locationNumber.C2.BoxedType><Bytes>6d4b0158567089
                     <field name="Odd/even (O/E)" value="even number of address signals:0" type="EnumLong" lengthBit="1" />
                     <field name="Nature of address" value="spare:109" type="EnumLong" lengthBit="7" />
                     <field name="Internal Network Number (INN)" value="routing to internal number allowed:0" type="EnumLong" lengthBit="1" />
                     <field name="Numbering plan" value="Telex numbering plan (ITU-T Recommendation F.69):4" type="EnumLong" lengthBit="3" />
                     <field name="Address presentation restricted" value="address not available (national use):2" type="EnumLong" lengthBit="2" />
                     <field name="Screening" value="network provided:3" type="EnumLong" lengthBit="2" />
                     <field name="digits" value="1085650798" type="Number_BCD" length="5" />
                  </Bytes></locationNumber.C2.BoxedType>
               <cellGlobalIdOrServiceAreaIdOrLAI.C3.Choice>
                  <cellGlobalIdOrServiceAreaIdFixedLength.C0.BoxedType><Bytes>819381d1201477
                        <field name="MMC" value="183,189" type="NumberMMC" length="3" />
                        <field name="LAC" value="53536" type="Integer" length="2" />
                        <field name="CI_SAC" value="5239" type="Integer" length="2" />
                     </Bytes></cellGlobalIdOrServiceAreaIdFixedLength.C0.BoxedType>
                  <laiFixedLength.C1.BoxedType><Bytes>12f8998e8d
                        <field name="MMC" value="218,99" type="NumberMMC" length="3" />
                        <field name="LAC" value="36493" type="Integer" length="2" />
                     </Bytes></laiFixedLength.C1.BoxedType>
               </cellGlobalIdOrServiceAreaIdOrLAI.C3.Choice>
               <extensionContainer.C4.Sequence>
                  <privateExtensionList.C0.BoxedType>
                     <Collection>
                        <PrivateExtension.Sequence>
                           <extId><ObjectIdentifier>0.1.228.70.64</ObjectIdentifier></extId>
                           <extType>cd6bbe</extType>
                        </PrivateExtension.Sequence>
                        <PrivateExtension.Sequence>
                           <extId><ObjectIdentifier>0.1.260.101.12.79</ObjectIdentifier></extId>
                           <extType>8361d4f8</extType>
                        </PrivateExtension.Sequence>
                        <PrivateExtension.Sequence>
                           <extId><ObjectIdentifier>0.1.239.91.83.67.53.122.17.110.58.99</ObjectIdentifier></extId>
                           <extType>14241735604125019ceb</extType>
                        </PrivateExtension.Sequence>
                     </Collection>
                  </privateExtensionList.C0.BoxedType>
                  <pcs_Extensions.C1.Sequence>
                     
                  </pcs_Extensions.C1.Sequence>
               </extensionContainer.C4.Sequence>
               <selectedLSA_Id.C5.BoxedType><Bytes>edfa92
                     <field name="LSA type" value="Universal LSA number:1" type="EnumLong" lengthBit="1" />
                     <field name="Identifier" value="7207570" type="Integer" lengthBit="23" />
                  </Bytes></selectedLSA_Id.C5.BoxedType>
               <msc_Number.C6.BoxedType><AddressString.BoxedType><Bytes>338170195892
                        <field name="extension" value="extension:0" type="EnumLong" lengthBit="1" />
                        <field name="nature of address" value="network specific number:3" type="EnumLong" lengthBit="3" />
                        <field name="numbering plan" value="data numbering plan (ITU-T Rec X.121):3" type="EnumLong" lengthBit="4" />
                        <field name="digits" value="1807918529" type="Number_BCD" length="5" />
                     </Bytes></AddressString.BoxedType></msc_Number.C6.BoxedType>
               <geodeticInformation.C7.BoxedType><Bytes>9df1b65fb669b3fe6816
                     <field name="spare" value="9" type="Integer" lengthBit="4" />
                     <field name="LPRI" value="spare:3" type="EnumLong" lengthBit="2" />
                     <field name="screnning" value="user provided, verified and passed:1" type="EnumLong" lengthBit="2" />
                     <field name="ext" value="1" type="Integer" lengthBit="1" />
                     <field name="TypeOfShape" value="reserved for national use:113" type="EnumLong" lengthBit="7" />
                     <field name="DegreesOfLatitude" value="11952054" type="Integer" length="3" />
                     <field name="DegreesOfLongitude" value="6927358" type="Integer" length="3" />
                     <field name="UncertaintyCode" value="104" type="Integer" length="1" />
                     <field name="Confidence" value="22" type="Integer" length="1" />
                  </Bytes></geodeticInformation.C7.BoxedType>
               <currentLocationRetrieved.C8></currentLocationRetrieved.C8>
               <sai_Present.C9></sai_Present.C9>
               <locationInformationEPS.C10.Sequence>
                  <e_utranCellGlobalIdentity.C0.BoxedType><Bytes>2966f4860e9b</Bytes></e_utranCellGlobalIdentity.C0.BoxedType>
                  <trackingAreaIdentity.C1.BoxedType><Bytes>3320a9</Bytes></trackingAreaIdentity.C1.BoxedType>
                  <extensionContainer.C2.Sequence>
                     <privateExtensionList.C0.BoxedType>
                        <Collection>
                           <PrivateExtension.Sequence>
                              <extId><ObjectIdentifier>0.1.226.7</ObjectIdentifier></extId>
                              <extType>c1dfd9d8cee2</extType>
                           </PrivateExtension.Sequence>
                           <PrivateExtension.Sequence>
                              <extId><ObjectIdentifier>0.1.265.41</ObjectIdentifier></extId>
                              <extType>0d19</extType>
                           </PrivateExtension.Sequence>
                           <PrivateExtension.Sequence>
                              <extId><ObjectIdentifier>0.1.266.49</ObjectIdentifier></extId>
                              <extType>48f18c27e9b0</extType>
                           </PrivateExtension.Sequence>
                        </Collection>
                     </privateExtensionList.C0.BoxedType>
                     <pcs_Extensions.C1.Sequence>
                        
                     </pcs_Extensions.C1.Sequence>
                  </extensionContainer.C2.Sequence>
                  <geographicalInformation.C3.BoxedType><Bytes>6eba0d8ddadb6d4c
                        <field name="TypeOfShape" value="Reserved for future use:6" type="EnumLong" lengthBit="4" />
                        <field name="spare" value="14" type="Integer" lengthBit="4" />
                        <field name="DegreesOfLatitude" value="12193165" type="Integer" length="3" />
                        <field name="DegreesOfLongitude" value="14343021" type="Integer" length="3" />
                        <field name="UncertaintyCode" value="76" type="Integer" length="1" />
                     </Bytes></geographicalInformation.C3.BoxedType>
                  <geodeticInformation.C4.BoxedType><Bytes>c652ea102f2825f5e372
                        <field name="spare" value="12" type="Integer" lengthBit="4" />
                        <field name="LPRI" value="presentation restricted:1" type="EnumLong" lengthBit="2" />
                        <field name="screnning" value="user provided, verified and failed:2" type="EnumLong" lengthBit="2" />
                        <field name="ext" value="0" type="Integer" lengthBit="1" />
                        <field name="TypeOfShape" value="reserved for national use:82" type="EnumLong" lengthBit="7" />
                        <field name="DegreesOfLatitude" value="15339567" type="Integer" length="3" />
                        <field name="DegreesOfLongitude" value="2631157" type="Integer" length="3" />
                        <field name="UncertaintyCode" value="227" type="Integer" length="1" />
                        <field name="Confidence" value="114" type="Integer" length="1" />
                     </Bytes></geodeticInformation.C4.BoxedType>
                  <currentLocationRetrieved.C5></currentLocationRetrieved.C5>
                  <ageOfLocationInformation.C6.BoxedType><Integer>2 minuts:2</Integer></ageOfLocationInformation.C6.BoxedType>
                  <mme_Name.C7.BoxedType><Bytes>b34601</Bytes></mme_Name.C7.BoxedType>
               </locationInformationEPS.C10.Sequence>
               <userCSGInformation.C11.Sequence>
                  <csg_Id.C0.BoxedType><BitString><BitString value="679cf6d4d3" trailing="0"/></BitString></csg_Id.C0.BoxedType>
                  <extensionContainer.C1.Sequence>
                     <privateExtensionList.C0.BoxedType>
                        <Collection>
                           <PrivateExtension.Sequence>
                              <extId><ObjectIdentifier>0.1.226.88.39.123.37.27.120.0.112.37</ObjectIdentifier></extId>
                              <extType>fe08</extType>
                           </PrivateExtension.Sequence>
                           <PrivateExtension.Sequence>
                              <extId><ObjectIdentifier>0.1.277.107.19.116.83.18</ObjectIdentifier></extId>
                              <extType>b871f1</extType>
                           </PrivateExtension.Sequence>
                           <PrivateExtension.Sequence>
                              <extId><ObjectIdentifier>0.1.296.116.81</ObjectIdentifier></extId>
                              <extType>438d41ecf90ca9c61d</extType>
                           </PrivateExtension.Sequence>
                        </Collection>
                     </privateExtensionList.C0.BoxedType>
                     <pcs_Extensions.C1.Sequence>
                        
                     </pcs_Extensions.C1.Sequence>
                  </extensionContainer.C1.Sequence>
                  <accessMode.C2>7f33</accessMode.C2>
                  <cmi.C3>e47fde</cmi.C3>
               </userCSGInformation.C11.Sequence>
            </locationInformation.C50.Sequence></callAcceptedSpecificInfo.C20.Sequence>
         <oAbandonSpecificInfo.C21.Sequence><routeNotPermitted.C50></routeNotPermitted.C50></oAbandonSpecificInfo.C21.Sequence>
         <oChangeOfPositionSpecificInfo.C50.Sequence>
            <locationInformation.C50.Sequence>
               <ageOfLocationInformation.BoxedType><Integer>2 minuts:2</Integer></ageOfLocationInformation.BoxedType>
               <geographicalInformation.C0.BoxedType><Bytes>29bb29116ccb936d
                     <field name="TypeOfShape" value="Reserved for future use:2" type="EnumLong" lengthBit="4" />
                     <field name="spare" value="9" type="Integer" lengthBit="4" />
                     <field name="DegreesOfLatitude" value="12265745" type="Integer" length="3" />
                     <field name="DegreesOfLongitude" value="7130003" type="Integer" length="3" />
                     <field name="UncertaintyCode" value="109" type="Integer" length="1" />
                  </Bytes></geographicalInformation.C0.BoxedType>
               <vlr_number.C1.BoxedType><AddressString.BoxedType><Bytes>ab5132716789
                        <field name="extension" value="no extension:1" type="EnumLong" lengthBit="1" />
                        <field name="nature of address" value="national significant number:2" type="EnumLong" lengthBit="3" />
                        <field name="numbering plan" value="11" type="EnumLong" lengthBit="4" />
                        <field name="digits" value="1523177698" type="Number_BCD" length="5" />
                     </Bytes></AddressString.BoxedType></vlr_number.C1.BoxedType>
               <locationNumber.C2.BoxedType><Bytes>871223345089
                     <field name="Odd/even (O/E)" value="odd number of address signals:1" type="EnumLong" lengthBit="1" />
                     <field name="Nature of address" value="network routing number in network-specific number format (national use):7" type="EnumLong" lengthBit="7" />
                     <field name="Internal Network Number (INN)" value="routing to internal number allowed:0" type="EnumLong" lengthBit="1" />
                     <field name="Numbering plan" value="ISDN/Telephony Numbering Plan (Rec ITU-T E.164):1" type="EnumLong" lengthBit="3" />
                     <field name="Address presentation restricted" value="presentation allowed:0" type="EnumLong" lengthBit="2" />
                     <field name="Screening" value="reserved:2" type="EnumLong" lengthBit="2" />
                     <field name="digits" value="32430598" type="Number_BCD" length="4" />
                  </Bytes></locationNumber.C2.BoxedType>
               <cellGlobalIdOrServiceAreaIdOrLAI.C3.Choice>
                  <cellGlobalIdOrServiceAreaIdFixedLength.C0.BoxedType><Bytes>2290517e7665c3
                        <field name="MMC" value="220,159" type="NumberMMC" length="3" />
                        <field name="LAC" value="32374" type="Integer" length="2" />
                        <field name="CI_SAC" value="26051" type="Integer" length="2" />
                     </Bytes></cellGlobalIdOrServiceAreaIdFixedLength.C0.BoxedType>
                  <laiFixedLength.C1.BoxedType><Bytes>122602168c
                        <field name="MMC" value="216,202" type="NumberMMC" length="3" />
                        <field name="LAC" value="5772" type="Integer" length="2" />
                     </Bytes></laiFixedLength.C1.BoxedType>
               </cellGlobalIdOrServiceAreaIdOrLAI.C3.Choice>
               <extensionContainer.C4.Sequence>
                  <privateExtensionList.C0.BoxedType>
                     <Collection>
                        <PrivateExtension.Sequence>
                           <extId><ObjectIdentifier>0.1.286.62.111.121.43.52</ObjectIdentifier></extId>
                           <extType>10de</extType>
                        </PrivateExtension.Sequence>
                        <PrivateExtension.Sequence>
                           <extId><ObjectIdentifier>0.1.2</ObjectIdentifier></extId>
                           <extType>9b41a2</extType>
                        </PrivateExtension.Sequence>
                        <PrivateExtension.Sequence>
                           <extId><ObjectIdentifier>0.1.2</ObjectIdentifier></extId>
                           <extType>c57a</extType>
                        </PrivateExtension.Sequence>
                     </Collection>
                  </privateExtensionList.C0.BoxedType>
                  <pcs_Extensions.C1.Sequence>
                     
                  </pcs_Extensions.C1.Sequence>
               </extensionContainer.C4.Sequence>
               <selectedLSA_Id.C5.BoxedType><Bytes>db70b6
                     <field name="LSA type" value="Universal LSA number:1" type="EnumLong" lengthBit="1" />
                     <field name="Identifier" value="5992630" type="Integer" lengthBit="23" />
                  </Bytes></selectedLSA_Id.C5.BoxedType>
               <msc_Number.C6.BoxedType><AddressString.BoxedType><Bytes>a39124495765
                        <field name="extension" value="no extension:1" type="EnumLong" lengthBit="1" />
                        <field name="nature of address" value="national significant number:2" type="EnumLong" lengthBit="3" />
                        <field name="numbering plan" value="data numbering plan (ITU-T Rec X.121):3" type="EnumLong" lengthBit="4" />
                        <field name="digits" value="1942947556" type="Number_BCD" length="5" />
                     </Bytes></AddressString.BoxedType></msc_Number.C6.BoxedType>
               <geodeticInformation.C7.BoxedType><Bytes>6e6267234c5b0fcaec42
                     <field name="spare" value="6" type="Integer" lengthBit="4" />
                     <field name="LPRI" value="spare:3" type="EnumLong" lengthBit="2" />
                     <field name="screnning" value="user provided, verified and failed:2" type="EnumLong" lengthBit="2" />
                     <field name="ext" value="0" type="Integer" lengthBit="1" />
                     <field name="TypeOfShape" value="reserved for national use:98" type="EnumLong" lengthBit="7" />
                     <field name="DegreesOfLatitude" value="6759244" type="Integer" length="3" />
                     <field name="DegreesOfLongitude" value="5967818" type="Integer" length="3" />
                     <field name="UncertaintyCode" value="236" type="Integer" length="1" />
                     <field name="Confidence" value="66" type="Integer" length="1" />
                  </Bytes></geodeticInformation.C7.BoxedType>
               <currentLocationRetrieved.C8></currentLocationRetrieved.C8>
               <sai_Present.C9></sai_Present.C9>
               <locationInformationEPS.C10.Sequence>
                  <e_utranCellGlobalIdentity.C0.BoxedType><Bytes>e7b76ed35f</Bytes></e_utranCellGlobalIdentity.C0.BoxedType>
                  <trackingAreaIdentity.C1.BoxedType><Bytes>1735bfe5b29070e6</Bytes></trackingAreaIdentity.C1.BoxedType>
                  <extensionContainer.C2.Sequence>
                     <privateExtensionList.C0.BoxedType>
                        <Collection>
                           <PrivateExtension.Sequence>
                              <extId><ObjectIdentifier>0.1.22.21.54.33.125.77.108</ObjectIdentifier></extId>
                              <extType>87d952</extType>
                           </PrivateExtension.Sequence>
                           <PrivateExtension.Sequence>
                              <extId><ObjectIdentifier>0.1.2116.25</ObjectIdentifier></extId>
                              <extType>35ed2be3b8</extType>
                           </PrivateExtension.Sequence>
                           <PrivateExtension.Sequence>
                              <extId><ObjectIdentifier>0.1.2123.34.86.71.92.88</ObjectIdentifier></extId>
                              <extType>83359edd4eaa</extType>
                           </PrivateExtension.Sequence>
                        </Collection>
                     </privateExtensionList.C0.BoxedType>
                     <pcs_Extensions.C1.Sequence>
                        
                     </pcs_Extensions.C1.Sequence>
                  </extensionContainer.C2.Sequence>
                  <geographicalInformation.C3.BoxedType><Bytes>49d6ef5ad10fcd28
                        <field name="TypeOfShape" value="Reserved for future use:4" type="EnumLong" lengthBit="4" />
                        <field name="spare" value="9" type="Integer" lengthBit="4" />
                        <field name="DegreesOfLatitude" value="14085978" type="Integer" length="3" />
                        <field name="DegreesOfLongitude" value="13701069" type="Integer" length="3" />
                        <field name="UncertaintyCode" value="40" type="Integer" length="1" />
                     </Bytes></geographicalInformation.C3.BoxedType>
                  <geodeticInformation.C4.BoxedType><Bytes>fa7e338524236a1e24d6
                        <field name="spare" value="15" type="Integer" lengthBit="4" />
                        <field name="LPRI" value="location not available (Note):2" type="EnumLong" lengthBit="2" />
                        <field name="screnning" value="user provided, verified and failed:2" type="EnumLong" lengthBit="2" />
                        <field name="ext" value="0" type="Integer" lengthBit="1" />
                        <field name="TypeOfShape" value="reserved for national use:126" type="EnumLong" lengthBit="7" />
                        <field name="DegreesOfLatitude" value="3376420" type="Integer" length="3" />
                        <field name="DegreesOfLongitude" value="2320926" type="Integer" length="3" />
                        <field name="UncertaintyCode" value="36" type="Integer" length="1" />
                        <field name="Confidence" value="214" type="Integer" length="1" />
                     </Bytes></geodeticInformation.C4.BoxedType>
                  <currentLocationRetrieved.C5></currentLocationRetrieved.C5>
                  <ageOfLocationInformation.C6.BoxedType><Integer>0 minut = currently in contact:0</Integer></ageOfLocationInformation.C6.BoxedType>
                  <mme_Name.C7.BoxedType><Bytes>d7f0b51912feb789</Bytes></mme_Name.C7.BoxedType>
               </locationInformationEPS.C10.Sequence>
               <userCSGInformation.C11.Sequence>
                  <csg_Id.C0.BoxedType><BitString><BitString value="ac1c99dcd76ba510a0abe65dc784" trailing="0"/></BitString></csg_Id.C0.BoxedType>
                  <extensionContainer.C1.Sequence>
                     <privateExtensionList.C0.BoxedType>
                        <Collection>
                           <PrivateExtension.Sequence>
                              <extId><ObjectIdentifier>0.1.2</ObjectIdentifier></extId>
                              <extType>95</extType>
                           </PrivateExtension.Sequence>
                           <PrivateExtension.Sequence>
                              <extId><ObjectIdentifier>0.1.294.54.92</ObjectIdentifier></extId>
                              <extType>7a1b041b</extType>
                           </PrivateExtension.Sequence>
                           <PrivateExtension.Sequence>
                              <extId><ObjectIdentifier>0.1.2</ObjectIdentifier></extId>
                              <extType>186c</extType>
                           </PrivateExtension.Sequence>
                        </Collection>
                     </privateExtensionList.C0.BoxedType>
                     <pcs_Extensions.C1.Sequence>
                        
                     </pcs_Extensions.C1.Sequence>
                  </extensionContainer.C1.Sequence>
                  <accessMode.C2>563ae1fa</accessMode.C2>
                  <cmi.C3>6767cf25d2d1c1ef</cmi.C3>
               </userCSGInformation.C11.Sequence>
            </locationInformation.C50.Sequence>
            <metDPCriteriaList.C51.BoxedType>
               <Collection>
                  <MetDPCriterion.Choice>
                     <enteringCellGlobalId.C0.BoxedType><Bytes>612271a4025767
                           <field name="MMC" value="162,172" type="NumberMMC" length="3" />
                           <field name="LAC" value="41986" type="Integer" length="2" />
                           <field name="CI_SAC" value="22375" type="Integer" length="2" />
                        </Bytes></enteringCellGlobalId.C0.BoxedType>
                     <leavingCellGlobalId.C1.BoxedType><Bytes>12f4233a92a7ab
                           <field name="MMC" value="214,32" type="NumberMMC" length="3" />
                           <field name="LAC" value="14994" type="Integer" length="2" />
                           <field name="CI_SAC" value="42923" type="Integer" length="2" />
                        </Bytes></leavingCellGlobalId.C1.BoxedType>
                     <enteringServiceAreaId.C2.BoxedType><Bytes>526201235bc385
                           <field name="MMC" value="252,106" type="NumberMMC" length="3" />
                           <field name="LAC" value="9051" type="Integer" length="2" />
                           <field name="CI_SAC" value="50053" type="Integer" length="2" />
                        </Bytes></enteringServiceAreaId.C2.BoxedType>
                     <leavingServiceAreaId.C3.BoxedType><Bytes>01831241aee301
                           <field name="MMC" value="103,218" type="NumberMMC" length="3" />
                           <field name="LAC" value="16814" type="Integer" length="2" />
                           <field name="CI_SAC" value="58113" type="Integer" length="2" />
                        </Bytes></leavingServiceAreaId.C3.BoxedType>
                     <enteringLocationAreaId.C4.BoxedType><Bytes>81139100fc
                           <field name="MMC" value="183,191" type="NumberMMC" length="3" />
                           <field name="LAC" value="252" type="Integer" length="2" />
                        </Bytes></enteringLocationAreaId.C4.BoxedType>
                     <leavingLocationAreaId.C5.BoxedType><Bytes>1145213f9d
                           <field name="MMC" value="115,124" type="NumberMMC" length="3" />
                           <field name="LAC" value="16285" type="Integer" length="2" />
                        </Bytes></leavingLocationAreaId.C5.BoxedType>
                     <inter_SystemHandOverToUMTS.C6></inter_SystemHandOverToUMTS.C6>
                     <inter_SystemHandOverToGSM.C7></inter_SystemHandOverToGSM.C7>
                     <inter_PLMNHandOver.C8></inter_PLMNHandOver.C8>
                     <inter_MSCHandOver.C9></inter_MSCHandOver.C9>
                     <metDPCriterionAlt.C10.Sequence>
                        
                     </metDPCriterionAlt.C10.Sequence>
                  </MetDPCriterion.Choice>
                  <MetDPCriterion.Choice>
                     <enteringCellGlobalId.C0.BoxedType><Bytes>1164326d193bf9
                           <field name="MMC" value="114,236" type="NumberMMC" length="3" />
                           <field name="LAC" value="27929" type="Integer" length="2" />
                           <field name="CI_SAC" value="15353" type="Integer" length="2" />
                        </Bytes></enteringCellGlobalId.C0.BoxedType>
                     <leavingCellGlobalId.C1.BoxedType><Bytes>319722ab3d3d47
                           <field name="MMC" value="137,229" type="NumberMMC" length="3" />
                           <field name="LAC" value="43837" type="Integer" length="2" />
                           <field name="CI_SAC" value="15687" type="Integer" length="2" />
                        </Bytes></leavingCellGlobalId.C1.BoxedType>
                     <enteringServiceAreaId.C2.BoxedType><Bytes>91674218f5751a
                           <field name="MMC" value="197,246" type="NumberMMC" length="3" />
                           <field name="LAC" value="6389" type="Integer" length="2" />
                           <field name="CI_SAC" value="29978" type="Integer" length="2" />
                        </Bytes></enteringServiceAreaId.C2.BoxedType>
                     <leavingServiceAreaId.C3.BoxedType><Bytes>42708129038216
                           <field name="MMC" value="240,187" type="NumberMMC" length="3" />
                           <field name="LAC" value="10499" type="Integer" length="2" />
                           <field name="CI_SAC" value="33302" type="Integer" length="2" />
                        </Bytes></leavingServiceAreaId.C3.BoxedType>
                     <enteringLocationAreaId.C4.BoxedType><Bytes>7108325d3d
                           <field name="MMC" value="178,230" type="NumberMMC" length="3" />
                           <field name="LAC" value="23869" type="Integer" length="2" />
                        </Bytes></enteringLocationAreaId.C4.BoxedType>
                     <leavingLocationAreaId.C5.BoxedType><Bytes>22f9823d8d
                           <field name="MMC" value="229,28" type="NumberMMC" length="3" />
                           <field name="LAC" value="15757" type="Integer" length="2" />
                        </Bytes></leavingLocationAreaId.C5.BoxedType>
                     <inter_SystemHandOverToUMTS.C6></inter_SystemHandOverToUMTS.C6>
                     <inter_SystemHandOverToGSM.C7></inter_SystemHandOverToGSM.C7>
                     <inter_PLMNHandOver.C8></inter_PLMNHandOver.C8>
                     <inter_MSCHandOver.C9></inter_MSCHandOver.C9>
                     <metDPCriterionAlt.C10.Sequence>
                        
                     </metDPCriterionAlt.C10.Sequence>
                  </MetDPCriterion.Choice>
                  <MetDPCriterion.Choice>
                     <enteringCellGlobalId.C0.BoxedType><Bytes>91f096fefeeb5f
                           <field name="MMC" value="190,69" type="NumberMMC" length="3" />
                           <field name="LAC" value="65278" type="Integer" length="2" />
                           <field name="CI_SAC" value="60255" type="Integer" length="2" />
                        </Bytes></enteringCellGlobalId.C0.BoxedType>
                     <leavingCellGlobalId.C1.BoxedType><Bytes>412461ec56cfcd
                           <field name="MMC" value="144,162" type="NumberMMC" length="3" />
                           <field name="LAC" value="60502" type="Integer" length="2" />
                           <field name="CI_SAC" value="53197" type="Integer" length="2" />
                        </Bytes></leavingCellGlobalId.C1.BoxedType>
                     <enteringServiceAreaId.C2.BoxedType><Bytes>51f1247b369be3
                           <field name="MMC" value="151,42" type="NumberMMC" length="3" />
                           <field name="LAC" value="31542" type="Integer" length="2" />
                           <field name="CI_SAC" value="39907" type="Integer" length="2" />
                        </Bytes></enteringServiceAreaId.C2.BoxedType>
                     <leavingServiceAreaId.C3.BoxedType><Bytes>42f56778258218
                           <field name="MMC" value="245,76" type="NumberMMC" length="3" />
                           <field name="LAC" value="30757" type="Integer" length="2" />
                           <field name="CI_SAC" value="33304" type="Integer" length="2" />
                        </Bytes></leavingServiceAreaId.C3.BoxedType>
                     <enteringLocationAreaId.C4.BoxedType><Bytes>11844204c9
                           <field name="MMC" value="114,248" type="NumberMMC" length="3" />
                           <field name="LAC" value="1225" type="Integer" length="2" />
                        </Bytes></enteringLocationAreaId.C4.BoxedType>
                     <leavingLocationAreaId.C5.BoxedType><Bytes>513561a9fb
                           <field name="MMC" value="155,163" type="NumberMMC" length="3" />
                           <field name="LAC" value="43515" type="Integer" length="2" />
                        </Bytes></leavingLocationAreaId.C5.BoxedType>
                     <inter_SystemHandOverToUMTS.C6></inter_SystemHandOverToUMTS.C6>
                     <inter_SystemHandOverToGSM.C7></inter_SystemHandOverToGSM.C7>
                     <inter_PLMNHandOver.C8></inter_PLMNHandOver.C8>
                     <inter_MSCHandOver.C9></inter_MSCHandOver.C9>
                     <metDPCriterionAlt.C10.Sequence>
                        
                     </metDPCriterionAlt.C10.Sequence>
                  </MetDPCriterion.Choice>
               </Collection>
            </metDPCriteriaList.C51.BoxedType>
         </oChangeOfPositionSpecificInfo.C50.Sequence>
         <tChangeOfPositionSpecificInfo.C51.Sequence>
            <locationInformation.C50.Sequence>
               <ageOfLocationInformation.BoxedType><Integer>[1-32766] minuts:1</Integer></ageOfLocationInformation.BoxedType>
               <geographicalInformation.C0.BoxedType><Bytes>6e5267251496b10f
                     <field name="TypeOfShape" value="Reserved for future use:6" type="EnumLong" lengthBit="4" />
                     <field name="spare" value="14" type="Integer" lengthBit="4" />
                     <field name="DegreesOfLatitude" value="5400357" type="Integer" length="3" />
                     <field name="DegreesOfLongitude" value="1349297" type="Integer" length="3" />
                     <field name="UncertaintyCode" value="15" type="Integer" length="1" />
                  </Bytes></geographicalInformation.C0.BoxedType>
               <vlr_number.C1.BoxedType><AddressString.BoxedType><Bytes>506193472668
                        <field name="extension" value="extension:0" type="EnumLong" lengthBit="1" />
                        <field name="nature of address" value="reserved:5" type="EnumLong" lengthBit="3" />
                        <field name="numbering plan" value="unknown:0" type="EnumLong" lengthBit="4" />
                        <field name="digits" value="1639746286" type="Number_BCD" length="5" />
                     </Bytes></AddressString.BoxedType></vlr_number.C1.BoxedType>
               <locationNumber.C2.BoxedType><Bytes>fec604332187f6
                     <field name="Odd/even (O/E)" value="odd number of address signals:1" type="EnumLong" lengthBit="1" />
                     <field name="Nature of address" value="reserved for national use:126" type="EnumLong" lengthBit="7" />
                     <field name="Internal Network Number (INN)" value="routing to internal number not allowed:1" type="EnumLong" lengthBit="1" />
                     <field name="Numbering plan" value="Telex numbering plan (ITU-T Recommendation F.69):4" type="EnumLong" lengthBit="3" />
                     <field name="Address presentation restricted" value="presentation restricted:1" type="EnumLong" lengthBit="2" />
                     <field name="Screening" value="reserved:2" type="EnumLong" lengthBit="2" />
                     <field name="digits" value="403312786" type="Number_BCD" lengthBit="36" />
                  </Bytes></locationNumber.C2.BoxedType>
               <cellGlobalIdOrServiceAreaIdOrLAI.C3.Choice>
                  <cellGlobalIdOrServiceAreaIdFixedLength.C0.BoxedType><Bytes>02f8264b114e89
                        <field name="MMC" value="208,62" type="NumberMMC" length="3" />
                        <field name="LAC" value="19217" type="Integer" length="2" />
                        <field name="CI_SAC" value="20105" type="Integer" length="2" />
                     </Bytes></cellGlobalIdOrServiceAreaIdFixedLength.C0.BoxedType>
                  <laiFixedLength.C1.BoxedType><Bytes>42f64699c2
                        <field name="MMC" value="246,64" type="NumberMMC" length="3" />
                        <field name="LAC" value="39362" type="Integer" length="2" />
                     </Bytes></laiFixedLength.C1.BoxedType>
               </cellGlobalIdOrServiceAreaIdOrLAI.C3.Choice>
               <extensionContainer.C4.Sequence>
                  <privateExtensionList.C0.BoxedType>
                     <Collection>
                        <PrivateExtension.Sequence>
                           <extId><ObjectIdentifier>0.1.22.85.125.85.45.59.16.68</ObjectIdentifier></extId>
                           <extType>89284c9d462498fc</extType>
                        </PrivateExtension.Sequence>
                        <PrivateExtension.Sequence>
                           <extId><ObjectIdentifier>0.1.233.74.84.48.19.115</ObjectIdentifier></extId>
                           <extType>2e45e737</extType>
                        </PrivateExtension.Sequence>
                        <PrivateExtension.Sequence>
                           <extId><ObjectIdentifier>0.1.2113.96.126.31.54.66.48.50.84</ObjectIdentifier></extId>
                           <extType>40d3</extType>
                        </PrivateExtension.Sequence>
                     </Collection>
                  </privateExtensionList.C0.BoxedType>
                  <pcs_Extensions.C1.Sequence>
                     
                  </pcs_Extensions.C1.Sequence>
               </extensionContainer.C4.Sequence>
               <selectedLSA_Id.C5.BoxedType><Bytes>c6bde6
                     <field name="LSA type" value="Universal LSA number:1" type="EnumLong" lengthBit="1" />
                     <field name="Identifier" value="4636134" type="Integer" lengthBit="23" />
                  </Bytes></selectedLSA_Id.C5.BoxedType>
               <msc_Number.C6.BoxedType><AddressString.BoxedType><Bytes>e156946506f2
                        <field name="extension" value="no extension:1" type="EnumLong" lengthBit="1" />
                        <field name="nature of address" value="abbreviated number:6" type="EnumLong" lengthBit="3" />
                        <field name="numbering plan" value="ISDN/Telephony Numbering Plan (Rec ITU-T E.164):1" type="EnumLong" lengthBit="4" />
                        <field name="digits" value="654956602" type="Number_BCD" lengthBit="36" />
                     </Bytes></AddressString.BoxedType></msc_Number.C6.BoxedType>
               <geodeticInformation.C7.BoxedType><Bytes>34b6bf12a8323d55d2fa
                     <field name="spare" value="3" type="Integer" lengthBit="4" />
                     <field name="LPRI" value="presentation restricted:1" type="EnumLong" lengthBit="2" />
                     <field name="screnning" value="user provided, not verified:0" type="EnumLong" lengthBit="2" />
                     <field name="ext" value="1" type="Integer" lengthBit="1" />
                     <field name="TypeOfShape" value="spare:54" type="EnumLong" lengthBit="7" />
                     <field name="DegreesOfLatitude" value="12522152" type="Integer" length="3" />
                     <field name="DegreesOfLongitude" value="3292501" type="Integer" length="3" />
                     <field name="UncertaintyCode" value="210" type="Integer" length="1" />
                     <field name="Confidence" value="250" type="Integer" length="1" />
                  </Bytes></geodeticInformation.C7.BoxedType>
               <currentLocationRetrieved.C8></currentLocationRetrieved.C8>
               <sai_Present.C9></sai_Present.C9>
               <locationInformationEPS.C10.Sequence>
                  <e_utranCellGlobalIdentity.C0.BoxedType><Bytes>62c32c12</Bytes></e_utranCellGlobalIdentity.C0.BoxedType>
                  <trackingAreaIdentity.C1.BoxedType><Bytes>37659440c2db718f6b</Bytes></trackingAreaIdentity.C1.BoxedType>
                  <extensionContainer.C2.Sequence>
                     <privateExtensionList.C0.BoxedType>
                        <Collection>
                           <PrivateExtension.Sequence>
                              <extId><ObjectIdentifier>0.1.259.95.78.117.115.72</ObjectIdentifier></extId>
                              <extType>07acd15d8f</extType>
                           </PrivateExtension.Sequence>
                           <PrivateExtension.Sequence>
                              <extId><ObjectIdentifier>0.1.224.100.14.34.63.9.77.88.69</ObjectIdentifier></extId>
                              <extType>a9</extType>
                           </PrivateExtension.Sequence>
                           <PrivateExtension.Sequence>
                              <extId><ObjectIdentifier>0.1.2115.69.103.28.73.85</ObjectIdentifier></extId>
                              <extType>319568b9b8a9</extType>
                           </PrivateExtension.Sequence>
                        </Collection>
                     </privateExtensionList.C0.BoxedType>
                     <pcs_Extensions.C1.Sequence>
                        
                     </pcs_Extensions.C1.Sequence>
                  </extensionContainer.C2.Sequence>
                  <geographicalInformation.C3.BoxedType><Bytes>1eb48ac72647d9af
                        <field name="TypeOfShape" value="Ellipsoid point with uncertainty Circle:1" type="EnumLong" lengthBit="4" />
                        <field name="spare" value="14" type="Integer" lengthBit="4" />
                        <field name="DegreesOfLatitude" value="11832007" type="Integer" length="3" />
                        <field name="DegreesOfLongitude" value="2508761" type="Integer" length="3" />
                        <field name="UncertaintyCode" value="175" type="Integer" length="1" />
                     </Bytes></geographicalInformation.C3.BoxedType>
                  <geodeticInformation.C4.BoxedType><Bytes>2d616285b1a9daf82a1e
                        <field name="spare" value="2" type="Integer" lengthBit="4" />
                        <field name="LPRI" value="spare:3" type="EnumLong" lengthBit="2" />
                        <field name="screnning" value="user provided, verified and passed:1" type="EnumLong" lengthBit="2" />
                        <field name="ext" value="0" type="Integer" lengthBit="1" />
                        <field name="TypeOfShape" value="reserved for national use:97" type="EnumLong" lengthBit="7" />
                        <field name="DegreesOfLatitude" value="6456753" type="Integer" length="3" />
                        <field name="DegreesOfLongitude" value="11131640" type="Integer" length="3" />
                        <field name="UncertaintyCode" value="42" type="Integer" length="1" />
                        <field name="Confidence" value="30" type="Integer" length="1" />
                     </Bytes></geodeticInformation.C4.BoxedType>
                  <currentLocationRetrieved.C5></currentLocationRetrieved.C5>
                  <ageOfLocationInformation.C6.BoxedType><Integer>0 minut = currently in contact:0</Integer></ageOfLocationInformation.C6.BoxedType>
                  <mme_Name.C7.BoxedType><Bytes>9116a3f427fb43f1eff2</Bytes></mme_Name.C7.BoxedType>
               </locationInformationEPS.C10.Sequence>
               <userCSGInformation.C11.Sequence>
                  <csg_Id.C0.BoxedType><BitString><BitString value="d6842e52" trailing="0"/></BitString></csg_Id.C0.BoxedType>
                  <extensionContainer.C1.Sequence>
                     <privateExtensionList.C0.BoxedType>
                        <Collection>
                           <PrivateExtension.Sequence>
                              <extId><ObjectIdentifier>0.1.271.58.98</ObjectIdentifier></extId>
                              <extType>f04fafd3f032ba</extType>
                           </PrivateExtension.Sequence>
                           <PrivateExtension.Sequence>
                              <extId><ObjectIdentifier>0.1.2</ObjectIdentifier></extId>
                              <extType>89fda2ddf213</extType>
                           </PrivateExtension.Sequence>
                           <PrivateExtension.Sequence>
                              <extId><ObjectIdentifier>0.1.2107</ObjectIdentifier></extId>
                              <extType>56158562</extType>
                           </PrivateExtension.Sequence>
                        </Collection>
                     </privateExtensionList.C0.BoxedType>
                     <pcs_Extensions.C1.Sequence>
                        
                     </pcs_Extensions.C1.Sequence>
                  </extensionContainer.C1.Sequence>
                  <accessMode.C2>24777c</accessMode.C2>
                  <cmi.C3>ce9fbd4fdf35</cmi.C3>
               </userCSGInformation.C11.Sequence>
            </locationInformation.C50.Sequence>
            <metDPCriteriaList.C51.BoxedType>
               <Collection>
                  <MetDPCriterion.Choice>
                     <enteringCellGlobalId.C0.BoxedType><Bytes>32f42202d400ba
                           <field name="MMC" value="234,22" type="NumberMMC" length="3" />
                           <field name="LAC" value="724" type="Integer" length="2" />
                           <field name="CI_SAC" value="186" type="Integer" length="2" />
                        </Bytes></enteringCellGlobalId.C0.BoxedType>
                     <leavingCellGlobalId.C1.BoxedType><Bytes>21f722aebd731a
                           <field name="MMC" value="127,22" type="NumberMMC" length="3" />
                           <field name="LAC" value="44733" type="Integer" length="2" />
                           <field name="CI_SAC" value="29466" type="Integer" length="2" />
                        </Bytes></leavingCellGlobalId.C1.BoxedType>
                     <enteringServiceAreaId.C2.BoxedType><Bytes>71385160c335c3
                           <field name="MMC" value="178,153" type="NumberMMC" length="3" />
                           <field name="LAC" value="24771" type="Integer" length="2" />
                           <field name="CI_SAC" value="13763" type="Integer" length="2" />
                        </Bytes></enteringServiceAreaId.C2.BoxedType>
                     <leavingServiceAreaId.C3.BoxedType><Bytes>311802aa4f3bc7
                           <field name="MMC" value="138,201" type="NumberMMC" length="3" />
                           <field name="LAC" value="43599" type="Integer" length="2" />
                           <field name="CI_SAC" value="15303" type="Integer" length="2" />
                        </Bytes></leavingServiceAreaId.C3.BoxedType>
                     <enteringLocationAreaId.C4.BoxedType><Bytes>317781f6ca
                           <field name="MMC" value="137,187" type="NumberMMC" length="3" />
                           <field name="LAC" value="63178" type="Integer" length="2" />
                        </Bytes></enteringLocationAreaId.C4.BoxedType>
                     <leavingLocationAreaId.C5.BoxedType><Bytes>9121420e86
                           <field name="MMC" value="191,242" type="NumberMMC" length="3" />
                           <field name="LAC" value="3718" type="Integer" length="2" />
                        </Bytes></leavingLocationAreaId.C5.BoxedType>
                     <inter_SystemHandOverToUMTS.C6></inter_SystemHandOverToUMTS.C6>
                     <inter_SystemHandOverToGSM.C7></inter_SystemHandOverToGSM.C7>
                     <inter_PLMNHandOver.C8></inter_PLMNHandOver.C8>
                     <inter_MSCHandOver.C9></inter_MSCHandOver.C9>
                     <metDPCriterionAlt.C10.Sequence>
                        
                     </metDPCriterionAlt.C10.Sequence>
                  </MetDPCriterion.Choice>
                  <MetDPCriterion.Choice>
                     <enteringCellGlobalId.C0.BoxedType><Bytes>41f167bfae0ea3
                           <field name="MMC" value="141,76" type="NumberMMC" length="3" />
                           <field name="LAC" value="49070" type="Integer" length="2" />
                           <field name="CI_SAC" value="3747" type="Integer" length="2" />
                        </Bytes></enteringCellGlobalId.C0.BoxedType>
                     <leavingCellGlobalId.C1.BoxedType><Bytes>51f142b8daff9f
                           <field name="MMC" value="151,24" type="NumberMMC" length="3" />
                           <field name="LAC" value="47322" type="Integer" length="2" />
                           <field name="CI_SAC" value="65439" type="Integer" length="2" />
                        </Bytes></leavingCellGlobalId.C1.BoxedType>
                     <enteringServiceAreaId.C2.BoxedType><Bytes>02863214a8c941
                           <field name="MMC" value="206,238" type="NumberMMC" length="3" />
                           <field name="LAC" value="5288" type="Integer" length="2" />
                           <field name="CI_SAC" value="51521" type="Integer" length="2" />
                        </Bytes></enteringServiceAreaId.C2.BoxedType>
                     <leavingServiceAreaId.C3.BoxedType><Bytes>61f63831094bce
                           <field name="MMC" value="166,83" type="NumberMMC" length="3" />
                           <field name="LAC" value="12553" type="Integer" length="2" />
                           <field name="CI_SAC" value="19406" type="Integer" length="2" />
                        </Bytes></leavingServiceAreaId.C3.BoxedType>
                     <enteringLocationAreaId.C4.BoxedType><Bytes>526191f3f0
                           <field name="MMC" value="251,196" type="NumberMMC" length="3" />
                           <field name="LAC" value="62448" type="Integer" length="2" />
                        </Bytes></enteringLocationAreaId.C4.BoxedType>
                     <leavingLocationAreaId.C5.BoxedType><Bytes>9161614e4d
                           <field name="MMC" value="191,166" type="NumberMMC" length="3" />
                           <field name="LAC" value="20045" type="Integer" length="2" />
                        </Bytes></leavingLocationAreaId.C5.BoxedType>
                     <inter_SystemHandOverToUMTS.C6></inter_SystemHandOverToUMTS.C6>
                     <inter_SystemHandOverToGSM.C7></inter_SystemHandOverToGSM.C7>
                     <inter_PLMNHandOver.C8></inter_PLMNHandOver.C8>
                     <inter_MSCHandOver.C9></inter_MSCHandOver.C9>
                     <metDPCriterionAlt.C10.Sequence>
                        
                     </metDPCriterionAlt.C10.Sequence>
                  </MetDPCriterion.Choice>
                  <MetDPCriterion.Choice>
                     <enteringCellGlobalId.C0.BoxedType><Bytes>21f28529d607ec
                           <field name="MMC" value="122,58" type="NumberMMC" length="3" />
                           <field name="LAC" value="10710" type="Integer" length="2" />
                           <field name="CI_SAC" value="2028" type="Integer" length="2" />
                        </Bytes></enteringCellGlobalId.C0.BoxedType>
                     <leavingCellGlobalId.C1.BoxedType><Bytes>31693214000f39
                           <field name="MMC" value="139,236" type="NumberMMC" length="3" />
                           <field name="LAC" value="5120" type="Integer" length="2" />
                           <field name="CI_SAC" value="3897" type="Integer" length="2" />
                        </Bytes></leavingCellGlobalId.C1.BoxedType>
                     <enteringServiceAreaId.C2.BoxedType><Bytes>31f0981d0e2a1b
                           <field name="MMC" value="130,89" type="NumberMMC" length="3" />
                           <field name="LAC" value="7438" type="Integer" length="2" />
                           <field name="CI_SAC" value="10779" type="Integer" length="2" />
                        </Bytes></enteringServiceAreaId.C2.BoxedType>
                     <leavingServiceAreaId.C3.BoxedType><Bytes>416161ade3cec1
                           <field name="MMC" value="141,166" type="NumberMMC" length="3" />
                           <field name="LAC" value="44515" type="Integer" length="2" />
                           <field name="CI_SAC" value="52929" type="Integer" length="2" />
                        </Bytes></leavingServiceAreaId.C3.BoxedType>
                     <enteringLocationAreaId.C4.BoxedType><Bytes>127401d222
                           <field name="MMC" value="214,107" type="NumberMMC" length="3" />
                           <field name="LAC" value="53794" type="Integer" length="2" />
                        </Bytes></enteringLocationAreaId.C4.BoxedType>
                     <leavingLocationAreaId.C5.BoxedType><Bytes>81f46916f9
                           <field name="MMC" value="184,96" type="NumberMMC" length="3" />
                           <field name="LAC" value="5881" type="Integer" length="2" />
                        </Bytes></leavingLocationAreaId.C5.BoxedType>
                     <inter_SystemHandOverToUMTS.C6></inter_SystemHandOverToUMTS.C6>
                     <inter_SystemHandOverToGSM.C7></inter_SystemHandOverToGSM.C7>
                     <inter_PLMNHandOver.C8></inter_PLMNHandOver.C8>
                     <inter_MSCHandOver.C9></inter_MSCHandOver.C9>
                     <metDPCriterionAlt.C10.Sequence>
                        
                     </metDPCriterionAlt.C10.Sequence>
                  </MetDPCriterion.Choice>
               </Collection>
            </metDPCriteriaList.C51.BoxedType>
         </tChangeOfPositionSpecificInfo.C51.Sequence>
         <dpSpecificInfoAlt.C52.Sequence>
            <oServiceChangeSpecificInfo.C0.Sequence>
               <ext_basicServiceCode.C0.Choice>
                  <ext_BearerService.C2.BoxedType><Bytes>dc7e5d12a6e401a9ee38</Bytes></ext_BearerService.C2.BoxedType>
                  <ext_Teleservice.C3.BoxedType><Bytes>1b000008cd
                        <field name="Code" value="27" type="EnumLong" length="1" />
                        <field name="Extension data" value="000008cd" type="Binary" length="4" />
                     </Bytes></ext_Teleservice.C3.BoxedType>
               </ext_basicServiceCode.C0.Choice>
               <initiatorOfServiceChange.C1.Enum>
                  <EnumType>b_side.1</EnumType>
               </initiatorOfServiceChange.C1.Enum>
               <natureOfServiceChange.C2.Enum>
                  <EnumType>userInitiated.0</EnumType>
               </natureOfServiceChange.C2.Enum>
            </oServiceChangeSpecificInfo.C0.Sequence>
            <tServiceChangeSpecificInfo.C1.Sequence>
               <ext_basicServiceCode.C0.Choice>
                  <ext_BearerService.C2.BoxedType><Bytes>78be19</Bytes></ext_BearerService.C2.BoxedType>
                  <ext_Teleservice.C3.BoxedType><Bytes>c1d3e946f4
                        <field name="Code" value="193" type="EnumLong" length="1" />
                        <field name="Extension data" value="d3e946f4" type="Binary" length="4" />
                     </Bytes></ext_Teleservice.C3.BoxedType>
               </ext_basicServiceCode.C0.Choice>
               <initiatorOfServiceChange.C1.Enum>
                  <EnumType>b_side.1</EnumType>
               </initiatorOfServiceChange.C1.Enum>
               <natureOfServiceChange.C2.Enum>
                  <EnumType>userInitiated.0</EnumType>
               </natureOfServiceChange.C2.Enum>
            </tServiceChangeSpecificInfo.C1.Sequence>
            <collectedInfoSpecificInfo.C2.Sequence><calledPartyNumber.C0.BoxedType><Bytes>06357160507387
                     <field name="Odd/even (O/E)" value="even number of address signals:0" type="EnumLong" lengthBit="1" />
                     <field name="Nature of address" value="network routing number in national (significant) number format (national use):6" type="EnumLong" lengthBit="7" />
                     <field name="Internal Network Number (INN)" value="routing to internal number allowed:0" type="EnumLong" lengthBit="1" />
                     <field name="Numbering plan" value="Data numbering plan (ITU-T Recommendation X.121):3" type="EnumLong" lengthBit="3" />
                     <field name="spare" value="5" type="Integer" lengthBit="4" />
                     <field name="digits" value="1706053778" type="Number_BCD" length="5" />
                  </Bytes></calledPartyNumber.C0.BoxedType></collectedInfoSpecificInfo.C2.Sequence>
         </dpSpecificInfoAlt.C52.Sequence>
      </eventSpecificInformationBCSM.C2.Choice>
      <legID.C3.Choice><receivingSideID.C1.BoxedType><Bytes>e5
               <field name="LegType" value="229" type="EnumLong" length="1" />
            </Bytes></receivingSideID.C1.BoxedType></legID.C3.Choice>
      <miscCallInfo.C4d.Sequence><messageType.C0.Enum>
            <EnumType>notification.1</EnumType>
         </messageType.C0.Enum></miscCallInfo.C4d.Sequence>
      <extensions.C5.BoxedType>
         <Collection>
            <ExtensionField.Sequence>
               <type.Choice>
                  <local>3992453227</local>
                  <global><ObjectIdentifier>0.1.254.110.95.89.81.116.9</ObjectIdentifier></global>
               </type.Choice>
               <criticality.nulld.Enum>
                  <EnumType>ignore.0</EnumType>
               </criticality.nulld.Enum>
               <NullObject.C1></NullObject.C1>
            </ExtensionField.Sequence>
            <ExtensionField.Sequence>
               <type.Choice>
                  <local>443853071</local>
                  <global><ObjectIdentifier>0.1.247.26.26.125.63.72.65.105.39</ObjectIdentifier></global>
               </type.Choice>
               <criticality.nulld.Enum>
                  <EnumType>ignore.0</EnumType>
               </criticality.nulld.Enum>
               <NullObject.C1></NullObject.C1>
            </ExtensionField.Sequence>
            <ExtensionField.Sequence>
               <type.Choice>
                  <local>2037437665</local>
                  <global><ObjectIdentifier>0.1.218.5</ObjectIdentifier></global>
               </type.Choice>
               <criticality.nulld.Enum>
                  <EnumType>abort.1</EnumType>
               </criticality.nulld.Enum>
               <NullObject.C1></NullObject.C1>
            </ExtensionField.Sequence>
         </Collection>
      </extensions.C5.BoxedType>
   </EventReportBCSMArg.Sequence>
</ASN>