<?xml version="1.0" encoding="UTF-8"?>

<ASN layer="CAP">
   <FacilityNotSupParam.Sequence>
      <extensionContainer.Sequence>
         <privateExtensionList.C0.BoxedType>
            <Collection>
               <PrivateExtension.Sequence>
                  <extId><ObjectIdentifier>0.1.246.39</ObjectIdentifier></extId>
                  <extType>a50c38</extType>
               </PrivateExtension.Sequence>
               <PrivateExtension.Sequence>
                  <extId><ObjectIdentifier>0.1.2105.77</ObjectIdentifier></extId>
                  <extType>0908cfd1</extType>
               </PrivateExtension.Sequence>
               <PrivateExtension.Sequence>
                  <extId><ObjectIdentifier>0.1.27.81</ObjectIdentifier></extId>
                  <extType>0890e407</extType>
               </PrivateExtension.Sequence>
            </Collection>
         </privateExtensionList.C0.BoxedType>
         <pcs_Extensions.C1.Sequence>
            
         </pcs_Extensions.C1.Sequence>
      </extensionContainer.Sequence>
      <shapeOfLocationEstimateNotSupported.C0></shapeOfLocationEstimateNotSupported.C0>
      <neededLcsCapabilityNotSupportedInServingNode.C1></neededLcsCapabilityNotSupportedInServingNode.C1>
   </FacilityNotSupParam.Sequence>
</ASN>