<?xml version="1.0" encoding="UTF-8"?>

<ASN layer="CAP">
   <FailureReportArg.Sequence>
      <imsi.C0.BoxedType><TBCD_STRING.BoxedType><Bytes>13956543f1
               <field name="digits" value="315956341" type="Number_BCD" lengthBit="36" />
            </Bytes></TBCD_STRING.BoxedType></imsi.C0.BoxedType>
      <ggsn_Number.C1.BoxedType><AddressString.BoxedType><Bytes>618146604490
               <field name="extension" value="extension:0" type="EnumLong" lengthBit="1" />
               <field name="nature of address" value="abbreviated number:6" type="EnumLong" lengthBit="3" />
               <field name="numbering plan" value="ISDN/Telephony Numbering Plan (Rec ITU-T E.164):1" type="EnumLong" lengthBit="4" />
               <field name="digits" value="1864064409" type="Number_BCD" length="5" />
            </Bytes></AddressString.BoxedType></ggsn_Number.C1.BoxedType>
      <ggsn_Address.C2.BoxedType><Bytes>7c6834334e
            <field name="Address type" value="IPV6:1" type="EnumLong" lengthBit="2" />
            <field name="AddressLength" value="60" type="Integer" lengthBit="6" />
            <field name="IPV4 address" value="104.52.51.78" type="IPV4Address" length="4" />
         </Bytes></ggsn_Address.C2.BoxedType>
      <extensionContainer.C3.Sequence>
         <privateExtensionList.C0.BoxedType>
            <Collection>
               <PrivateExtension.Sequence>
                  <extId><ObjectIdentifier>0.1.279.100.115.123.51.83.119.78</ObjectIdentifier></extId>
                  <extType>dd28</extType>
               </PrivateExtension.Sequence>
               <PrivateExtension.Sequence>
                  <extId><ObjectIdentifier>0.1.294.77.127.116.91.90.29.117</ObjectIdentifier></extId>
                  <extType>07</extType>
               </PrivateExtension.Sequence>
               <PrivateExtension.Sequence>
                  <extId><ObjectIdentifier>0.1.228</ObjectIdentifier></extId>
                  <extType>c7bcdf</extType>
               </PrivateExtension.Sequence>
            </Collection>
         </privateExtensionList.C0.BoxedType>
         <pcs_Extensions.C1.Sequence>
            
         </pcs_Extensions.C1.Sequence>
      </extensionContainer.C3.Sequence>
   </FailureReportArg.Sequence>
</ASN>