<?xml version="1.0" encoding="UTF-8"?>

<ASN layer="CAP">
   <FailureReportRes.Sequence>
      <ggsn_Address.C0.BoxedType><Bytes>46b4ccf436
            <field name="Address type" value="IPV6:1" type="EnumLong" lengthBit="2" />
            <field name="AddressLength" value="6" type="Integer" lengthBit="6" />
            <field name="IPV4 address" value="180.204.244.54" type="IPV4Address" length="4" />
         </Bytes></ggsn_Address.C0.BoxedType>
      <extensionContainer.C1.Sequence>
         <privateExtensionList.C0.BoxedType>
            <Collection>
               <PrivateExtension.Sequence>
                  <extId><ObjectIdentifier>0.1.236.88.55.8</ObjectIdentifier></extId>
                  <extType>e79ac98539</extType>
               </PrivateExtension.Sequence>
               <PrivateExtension.Sequence>
                  <extId><ObjectIdentifier>0.1.299.53.73.22.69.61.100</ObjectIdentifier></extId>
                  <extType>76871331407f79a008</extType>
               </PrivateExtension.Sequence>
               <PrivateExtension.Sequence>
                  <extId><ObjectIdentifier>0.1.2123.44.7</ObjectIdentifier></extId>
                  <extType>5da3db1a</extType>
               </PrivateExtension.Sequence>
            </Collection>
         </privateExtensionList.C0.BoxedType>
         <pcs_Extensions.C1.Sequence>
            
         </pcs_Extensions.C1.Sequence>
      </extensionContainer.C1.Sequence>
   </FailureReportRes.Sequence>
</ASN>