<?xml version="1.0" encoding="UTF-8"?>

<ASN layer="CAP">
   <ForwardingFailedParam.Sequence><extensionContainer.Sequence>
         <privateExtensionList.C0.BoxedType>
            <Collection>
               <PrivateExtension.Sequence>
                  <extId><ObjectIdentifier>0.1.296.42.22</ObjectIdentifier></extId>
                  <extType>63</extType>
               </PrivateExtension.Sequence>
               <PrivateExtension.Sequence>
                  <extId><ObjectIdentifier>0.1.2122.26.21.83.40.49</ObjectIdentifier></extId>
                  <extType>1f0b7d</extType>
               </PrivateExtension.Sequence>
               <PrivateExtension.Sequence>
                  <extId><ObjectIdentifier>0.1.282.121.19.91.105.92.34.88</ObjectIdentifier></extId>
                  <extType>e815fb245cad35</extType>
               </PrivateExtension.Sequence>
            </Collection>
         </privateExtensionList.C0.BoxedType>
         <pcs_Extensions.C1.Sequence>
            
         </pcs_Extensions.C1.Sequence>
      </extensionContainer.Sequence></ForwardingFailedParam.Sequence>
</ASN>