<?xml version="1.0" encoding="UTF-8"?>

<ASN layer="CAP">
   <ForwardAccessSignalling_Arg.BoxedType><ForwardAccessSignalling_ArgSequenceType.C3.Sequence>
         <an_APDU.Sequence>
            <accessNetworkProtocolId.Enum>
               <EnumType>ts3G_25413.2</EnumType>
            </accessNetworkProtocolId.Enum>
            <signalInfo.BoxedType><Bytes>852ebe</Bytes></signalInfo.BoxedType>
            <extensionContainer.Sequence>
               <privateExtensionList.C0.BoxedType>
                  <Collection>
                     <PrivateExtension.Sequence>
                        <extId><ObjectIdentifier>0.1.287.55.96.4.61</ObjectIdentifier></extId>
                        <extType>443d</extType>
                     </PrivateExtension.Sequence>
                     <PrivateExtension.Sequence>
                        <extId><ObjectIdentifier>0.1.211</ObjectIdentifier></extId>
                        <extType>0215d697</extType>
                     </PrivateExtension.Sequence>
                     <PrivateExtension.Sequence>
                        <extId><ObjectIdentifier>0.1.281</ObjectIdentifier></extId>
                        <extType>4f53f58825</extType>
                     </PrivateExtension.Sequence>
                  </Collection>
               </privateExtensionList.C0.BoxedType>
               <pcs_Extensions.C1.Sequence>
                  
               </pcs_Extensions.C1.Sequence>
            </extensionContainer.Sequence>
         </an_APDU.Sequence>
         <integrityProtectionInfo.C0.BoxedType><Bytes>bb2408f00963</Bytes></integrityProtectionInfo.C0.BoxedType>
         <encryptionInfo.C1.BoxedType><Bytes>1d50d945a1f867</Bytes></encryptionInfo.C1.BoxedType>
         <keyStatus.C2.Enum>
            <EnumType>new1.1</EnumType>
         </keyStatus.C2.Enum>
         <allowedGSM_Algorithms.C4.BoxedType><Bytes>59bb</Bytes></allowedGSM_Algorithms.C4.BoxedType>
         <allowedUMTS_Algorithms.C5.Sequence>
            <integrityProtectionAlgorithms.C0.BoxedType><Bytes>e506</Bytes></integrityProtectionAlgorithms.C0.BoxedType>
            <encryptionAlgorithms.C1.BoxedType><Bytes>c797a2bfb8ff</Bytes></encryptionAlgorithms.C1.BoxedType>
            <extensionContainer.C2.Sequence>
               <privateExtensionList.C0.BoxedType>
                  <Collection>
                     <PrivateExtension.Sequence>
                        <extId><ObjectIdentifier>0.1.2107.54.90.7.38.128.119.12</ObjectIdentifier></extId>
                        <extType>28bcc5c4dc</extType>
                     </PrivateExtension.Sequence>
                     <PrivateExtension.Sequence>
                        <extId><ObjectIdentifier>0.1.299.75.104.105.15.55.81.75</ObjectIdentifier></extId>
                        <extType>1826</extType>
                     </PrivateExtension.Sequence>
                     <PrivateExtension.Sequence>
                        <extId><ObjectIdentifier>0.1.2</ObjectIdentifier></extId>
                        <extType>df7b89ebf60485</extType>
                     </PrivateExtension.Sequence>
                  </Collection>
               </privateExtensionList.C0.BoxedType>
               <pcs_Extensions.C1.Sequence>
                  
               </pcs_Extensions.C1.Sequence>
            </extensionContainer.C2.Sequence>
         </allowedUMTS_Algorithms.C5.Sequence>
         <radioResourceInformation.C6.BoxedType><Bytes>297236af</Bytes></radioResourceInformation.C6.BoxedType>
         <extensionContainer.C3.Sequence>
            <privateExtensionList.C0.BoxedType>
               <Collection>
                  <PrivateExtension.Sequence>
                     <extId><ObjectIdentifier>0.1.20.15.52.112.27.102.27.18.76.12</ObjectIdentifier></extId>
                     <extType>8ef8fbf866</extType>
                  </PrivateExtension.Sequence>
                  <PrivateExtension.Sequence>
                     <extId><ObjectIdentifier>0.1.223.11.60.74.77.82.6</ObjectIdentifier></extId>
                     <extType>3fe0f2116178087bcb</extType>
                  </PrivateExtension.Sequence>
                  <PrivateExtension.Sequence>
                     <extId><ObjectIdentifier>0.1.220.77.85.17.42.15.118</ObjectIdentifier></extId>
                     <extType>b6</extType>
                  </PrivateExtension.Sequence>
               </Collection>
            </privateExtensionList.C0.BoxedType>
            <pcs_Extensions.C1.Sequence>
               
            </pcs_Extensions.C1.Sequence>
         </extensionContainer.C3.Sequence>
         <radioResourceList.C7.BoxedType>
            <Collection>
               <RadioResource.Sequence>
                  <radioResourceInformation.BoxedType><Bytes>a3f89a34</Bytes></radioResourceInformation.BoxedType>
                  <rab_Id.BoxedType><Integer>1</Integer></rab_Id.BoxedType>
               </RadioResource.Sequence>
               <RadioResource.Sequence>
                  <radioResourceInformation.BoxedType><Bytes>94c3ea659ad127fa6a</Bytes></radioResourceInformation.BoxedType>
                  <rab_Id.BoxedType><Integer>0</Integer></rab_Id.BoxedType>
               </RadioResource.Sequence>
               <RadioResource.Sequence>
                  <radioResourceInformation.BoxedType><Bytes>77b66ed920b3</Bytes></radioResourceInformation.BoxedType>
                  <rab_Id.BoxedType><Integer>0</Integer></rab_Id.BoxedType>
               </RadioResource.Sequence>
            </Collection>
         </radioResourceList.C7.BoxedType>
         <bssmap_ServiceHandover.C9.BoxedType><Bytes>565e7bffb2a95d077a</Bytes></bssmap_ServiceHandover.C9.BoxedType>
         <ranap_ServiceHandover.C8.BoxedType><Bytes>78585c</Bytes></ranap_ServiceHandover.C8.BoxedType>
         <bssmap_ServiceHandoverList.C10.BoxedType>
            <Collection>
               <BSSMAP_ServiceHandoverInfo.Sequence>
                  <bssmap_ServiceHandover.BoxedType><Bytes>5435e783cb637c</Bytes></bssmap_ServiceHandover.BoxedType>
                  <rab_Id.BoxedType><Integer>1</Integer></rab_Id.BoxedType>
               </BSSMAP_ServiceHandoverInfo.Sequence>
               <BSSMAP_ServiceHandoverInfo.Sequence>
                  <bssmap_ServiceHandover.BoxedType><Bytes>ffe141b2e1574b3346fc</Bytes></bssmap_ServiceHandover.BoxedType>
                  <rab_Id.BoxedType><Integer>1</Integer></rab_Id.BoxedType>
               </BSSMAP_ServiceHandoverInfo.Sequence>
               <BSSMAP_ServiceHandoverInfo.Sequence>
                  <bssmap_ServiceHandover.BoxedType><Bytes>6901240fe8</Bytes></bssmap_ServiceHandover.BoxedType>
                  <rab_Id.BoxedType><Integer>1</Integer></rab_Id.BoxedType>
               </BSSMAP_ServiceHandoverInfo.Sequence>
            </Collection>
         </bssmap_ServiceHandoverList.C10.BoxedType>
         <currentlyUsedCodec.C11.BoxedType><Bytes>804f1b098080ae</Bytes></currentlyUsedCodec.C11.BoxedType>
         <iuSupportedCodecsList.C12.Sequence>
            <utranCodecList.C0.Sequence>
               <codec1.C1.BoxedType><Bytes>7f451a9fed</Bytes></codec1.C1.BoxedType>
               <codec2.C2.BoxedType><Bytes>a110c85796278f944b</Bytes></codec2.C2.BoxedType>
               <codec3.C3.BoxedType><Bytes>11c981b7ab64280d</Bytes></codec3.C3.BoxedType>
               <codec4.C4.BoxedType><Bytes>cc</Bytes></codec4.C4.BoxedType>
               <codec5.C5.BoxedType><Bytes>ea48</Bytes></codec5.C5.BoxedType>
               <codec6.C6.BoxedType><Bytes>aa2e66</Bytes></codec6.C6.BoxedType>
               <codec7.C7.BoxedType><Bytes>dfd376d9b7e629</Bytes></codec7.C7.BoxedType>
               <codec8.C8.BoxedType><Bytes>7b9d43bcdc034e</Bytes></codec8.C8.BoxedType>
               <extensionContainer.C9.Sequence>
                  <privateExtensionList.C0.BoxedType>
                     <Collection>
                        <PrivateExtension.Sequence>
                           <extId><ObjectIdentifier>0.1.286.16.37.37</ObjectIdentifier></extId>
                           <extType>16889090</extType>
                        </PrivateExtension.Sequence>
                        <PrivateExtension.Sequence>
                           <extId><ObjectIdentifier>0.1.266.10.86.45.12</ObjectIdentifier></extId>
                           <extType>30ee7694d0dfd74743</extType>
                        </PrivateExtension.Sequence>
                        <PrivateExtension.Sequence>
                           <extId><ObjectIdentifier>0.1.25.48.36.113.124</ObjectIdentifier></extId>
                           <extType>2f16b4</extType>
                        </PrivateExtension.Sequence>
                     </Collection>
                  </privateExtensionList.C0.BoxedType>
                  <pcs_Extensions.C1.Sequence>
                     
                  </pcs_Extensions.C1.Sequence>
               </extensionContainer.C9.Sequence>
            </utranCodecList.C0.Sequence>
            <geranCodecList.C1.Sequence>
               <codec1.C1.BoxedType><Bytes>b51526d533</Bytes></codec1.C1.BoxedType>
               <codec2.C2.BoxedType><Bytes>b7</Bytes></codec2.C2.BoxedType>
               <codec3.C3.BoxedType><Bytes>9fc2142059ee13ce</Bytes></codec3.C3.BoxedType>
               <codec4.C4.BoxedType><Bytes>72c2d6b132</Bytes></codec4.C4.BoxedType>
               <codec5.C5.BoxedType><Bytes>8cd89285af96</Bytes></codec5.C5.BoxedType>
               <codec6.C6.BoxedType><Bytes>a853</Bytes></codec6.C6.BoxedType>
               <codec7.C7.BoxedType><Bytes>00f486d44c456d</Bytes></codec7.C7.BoxedType>
               <codec8.C8.BoxedType><Bytes>44b81bcb</Bytes></codec8.C8.BoxedType>
               <extensionContainer.C9.Sequence>
                  <privateExtensionList.C0.BoxedType>
                     <Collection>
                        <PrivateExtension.Sequence>
                           <extId><ObjectIdentifier>0.1.232.57.111.48</ObjectIdentifier></extId>
                           <extType>a72f80cd</extType>
                        </PrivateExtension.Sequence>
                        <PrivateExtension.Sequence>
                           <extId><ObjectIdentifier>0.1.2114.122.51.118.29.15</ObjectIdentifier></extId>
                           <extType>963c47b33317</extType>
                        </PrivateExtension.Sequence>
                        <PrivateExtension.Sequence>
                           <extId><ObjectIdentifier>0.1.235.82.27.69.42.92.60.44.47</ObjectIdentifier></extId>
                           <extType>d936dc87a92703</extType>
                        </PrivateExtension.Sequence>
                     </Collection>
                  </privateExtensionList.C0.BoxedType>
                  <pcs_Extensions.C1.Sequence>
                     
                  </pcs_Extensions.C1.Sequence>
               </extensionContainer.C9.Sequence>
            </geranCodecList.C1.Sequence>
            <extensionContainer.C2.Sequence>
               <privateExtensionList.C0.BoxedType>
                  <Collection>
                     <PrivateExtension.Sequence>
                        <extId><ObjectIdentifier>0.1.298.37.50.64.50.122.52.115.45</ObjectIdentifier></extId>
                        <extType>1218edb4b88020725c</extType>
                     </PrivateExtension.Sequence>
                     <PrivateExtension.Sequence>
                        <extId><ObjectIdentifier>0.1.2122.91.24.40.12.63</ObjectIdentifier></extId>
                        <extType>854653</extType>
                     </PrivateExtension.Sequence>
                     <PrivateExtension.Sequence>
                        <extId><ObjectIdentifier>0.1.292</ObjectIdentifier></extId>
                        <extType>df2c7551655882388e</extType>
                     </PrivateExtension.Sequence>
                  </Collection>
               </privateExtensionList.C0.BoxedType>
               <pcs_Extensions.C1.Sequence>
                  
               </pcs_Extensions.C1.Sequence>
            </extensionContainer.C2.Sequence>
         </iuSupportedCodecsList.C12.Sequence>
         <rab_ConfigurationIndicator.C13></rab_ConfigurationIndicator.C13>
         <iuSelectedCodec.C14.BoxedType><Bytes>2281c2</Bytes></iuSelectedCodec.C14.BoxedType>
         <alternativeChannelType.C15.BoxedType><Bytes>ac774f9339e6</Bytes></alternativeChannelType.C15.BoxedType>
         <tracePropagationList.C17.Sequence>
            <traceReference.C0.BoxedType><Bytes>4f63261b6a77</Bytes></traceReference.C0.BoxedType>
            <traceType.C1.BoxedType><Integer>1</Integer></traceType.C1.BoxedType>
            <traceReference2.C2.BoxedType><Bytes>e2000ce8010a0005</Bytes></traceReference2.C2.BoxedType>
            <traceRecordingSessionReference.C3.BoxedType><Bytes>0906a5ba1a</Bytes></traceRecordingSessionReference.C3.BoxedType>
            <rnc_TraceDepth.C4.Enum>
               <EnumType>minimum.0</EnumType>
            </rnc_TraceDepth.C4.Enum>
            <rnc_InterfaceList.C5.BoxedType><BitString><BitString value="b745b30f" trailing="0"/></BitString></rnc_InterfaceList.C5.BoxedType>
            <msc_s_TraceDepth.C6.Enum>
               <EnumType>minimum.0</EnumType>
            </msc_s_TraceDepth.C6.Enum>
            <msc_s_InterfaceList.C7.BoxedType><BitString><BitString value="2189ad3ec07c" trailing="0"/></BitString></msc_s_InterfaceList.C7.BoxedType>
            <msc_s_EventList.C8.BoxedType><BitString><BitString value="5add721c0c63f1dbe0bd" trailing="0"/></BitString></msc_s_EventList.C8.BoxedType>
            <mgw_TraceDepth.C9.Enum>
               <EnumType>maximum.2</EnumType>
            </mgw_TraceDepth.C9.Enum>
            <mgw_InterfaceList.C10.BoxedType><BitString><BitString value="07" trailing="0"/></BitString></mgw_InterfaceList.C10.BoxedType>
            <mgw_EventList.C11.BoxedType><BitString><BitString value="a1943e516b184a3a63" trailing="0"/></BitString></mgw_EventList.C11.BoxedType>
            <rnc_TraceDepthExtension.C12.Enum>
               <EnumType>mediumWithoutVendorSpecificExtension.1</EnumType>
            </rnc_TraceDepthExtension.C12.Enum>
            <msc_s_TraceDepthExtension.C13.Enum>
               <EnumType>mediumWithoutVendorSpecificExtension.1</EnumType>
            </msc_s_TraceDepthExtension.C13.Enum>
            <mgw_TraceDepthExtension.C14.Enum>
               <EnumType>maximumWithoutVendorSpecificExtension.2</EnumType>
            </mgw_TraceDepthExtension.C14.Enum>
         </tracePropagationList.C17.Sequence>
         <aoipSupportedCodecsListAnchor.C18.Sequence>
            <codec1.C1.BoxedType><Bytes>9887db296120</Bytes></codec1.C1.BoxedType>
            <codec2.C2.BoxedType><Bytes>27c0bbba</Bytes></codec2.C2.BoxedType>
            <codec3.C3.BoxedType><Bytes>e86860de4886f260d8</Bytes></codec3.C3.BoxedType>
            <codec4.C4.BoxedType><Bytes>d3bbc1c5e676b8</Bytes></codec4.C4.BoxedType>
            <codec5.C5.BoxedType><Bytes>7f77e1e9</Bytes></codec5.C5.BoxedType>
            <codec6.C6.BoxedType><Bytes>e71d59d75f7237a711</Bytes></codec6.C6.BoxedType>
            <codec7.C7.BoxedType><Bytes>9fa802d31467</Bytes></codec7.C7.BoxedType>
            <codec8.C8.BoxedType><Bytes>111dff</Bytes></codec8.C8.BoxedType>
            <extensionContainer.C9.Sequence>
               <privateExtensionList.C0.BoxedType>
                  <Collection>
                     <PrivateExtension.Sequence>
                        <extId><ObjectIdentifier>0.1.254.103.72.106</ObjectIdentifier></extId>
                        <extType>6e978d0d</extType>
                     </PrivateExtension.Sequence>
                     <PrivateExtension.Sequence>
                        <extId><ObjectIdentifier>0.1.211</ObjectIdentifier></extId>
                        <extType>c2d3d76e</extType>
                     </PrivateExtension.Sequence>
                     <PrivateExtension.Sequence>
                        <extId><ObjectIdentifier>0.1.299.3.100.31.62.109.45</ObjectIdentifier></extId>
                        <extType>d1837f98</extType>
                     </PrivateExtension.Sequence>
                  </Collection>
               </privateExtensionList.C0.BoxedType>
               <pcs_Extensions.C1.Sequence>
                  
               </pcs_Extensions.C1.Sequence>
            </extensionContainer.C9.Sequence>
         </aoipSupportedCodecsListAnchor.C18.Sequence>
         <aoipSelectedCodecTarget.C19.BoxedType><Bytes>e6228c7b9da258</Bytes></aoipSelectedCodecTarget.C19.BoxedType>
      </ForwardAccessSignalling_ArgSequenceType.C3.Sequence></ForwardAccessSignalling_Arg.BoxedType>
</ASN>