<?xml version="1.0" encoding="UTF-8"?>

<ASN layer="CAP">
   <ForwardingFeature.Sequence>
      <basicService.Choice>
         <bearerService.C2.BoxedType><Bytes>fe9510b83ab38871</Bytes></bearerService.C2.BoxedType>
         <teleservice.C3.BoxedType><Bytes>4e</Bytes></teleservice.C3.BoxedType>
      </basicService.Choice>
      <ss_Status.C4.BoxedType><Bytes>c753</Bytes></ss_Status.C4.BoxedType>
      <forwardedToNumber.C5.BoxedType><AddressString.BoxedType><Bytes>d32134820539
               <field name="extension" value="no extension:1" type="EnumLong" lengthBit="1" />
               <field name="nature of address" value="reserved:5" type="EnumLong" lengthBit="3" />
               <field name="numbering plan" value="data numbering plan (ITU-T Rec X.121):3" type="EnumLong" lengthBit="4" />
               <field name="digits" value="1243285093" type="Number_BCD" length="5" />
            </Bytes></AddressString.BoxedType></forwardedToNumber.C5.BoxedType>
      <forwardedToSubaddress.C8.BoxedType><Bytes>426aea856b9b</Bytes></forwardedToSubaddress.C8.BoxedType>
      <forwardingOptions.C6.BoxedType><Bytes>23babeb9056ec773373d</Bytes></forwardingOptions.C6.BoxedType>
      <noReplyConditionTime.C7.BoxedType><Integer>1</Integer></noReplyConditionTime.C7.BoxedType>
      <longForwardedToNumber.C9.BoxedType><AddressString.BoxedType><Bytes>a74108886477
               <field name="extension" value="no extension:1" type="EnumLong" lengthBit="1" />
               <field name="nature of address" value="national significant number:2" type="EnumLong" lengthBit="3" />
               <field name="numbering plan" value="spare:7" type="EnumLong" lengthBit="4" />
               <field name="digits" value="1480884677" type="Number_BCD" length="5" />
            </Bytes></AddressString.BoxedType></longForwardedToNumber.C9.BoxedType>
   </ForwardingFeature.Sequence>
</ASN>