<?xml version="1.0" encoding="UTF-8"?>

<ASN layer="CAP">
   <GPRS_CamelTDPData.Sequence>
      <gprs_TriggerDetectionPoint.C0.Enum>
         <EnumType>pdp_ContextEstablishmentAcknowledgement.12</EnumType>
      </gprs_TriggerDetectionPoint.C0.Enum>
      <serviceKey.C1.BoxedType><Integer>1</Integer></serviceKey.C1.BoxedType>
      <gsmSCF_Address.C2.BoxedType><AddressString.BoxedType><Bytes>3627588024f2
               <field name="extension" value="extension:0" type="EnumLong" lengthBit="1" />
               <field name="nature of address" value="network specific number:3" type="EnumLong" lengthBit="3" />
               <field name="numbering plan" value="land mobile numbering plan (ITU-T Rec E.212):6" type="EnumLong" lengthBit="4" />
               <field name="digits" value="728508422" type="Number_BCD" lengthBit="36" />
            </Bytes></AddressString.BoxedType></gsmSCF_Address.C2.BoxedType>
      <defaultSessionHandling.C3.Enum>
         <EnumType>releaseTransaction.1</EnumType>
      </defaultSessionHandling.C3.Enum>
      <extensionContainer.C4.Sequence>
         <privateExtensionList.C0.BoxedType>
            <Collection>
               <PrivateExtension.Sequence>
                  <extId><ObjectIdentifier>0.1.278.112.6</ObjectIdentifier></extId>
                  <extType>fd2fbc0341f467</extType>
               </PrivateExtension.Sequence>
               <PrivateExtension.Sequence>
                  <extId><ObjectIdentifier>0.1.221.2.59.50</ObjectIdentifier></extId>
                  <extType>c72484e308f5336c</extType>
               </PrivateExtension.Sequence>
               <PrivateExtension.Sequence>
                  <extId><ObjectIdentifier>0.1.214.29</ObjectIdentifier></extId>
                  <extType>db0f72</extType>
               </PrivateExtension.Sequence>
            </Collection>
         </privateExtensionList.C0.BoxedType>
         <pcs_Extensions.C1.Sequence>
            
         </pcs_Extensions.C1.Sequence>
      </extensionContainer.C4.Sequence>
   </GPRS_CamelTDPData.Sequence>
</ASN>