<?xml version="1.0" encoding="UTF-8"?>

<ASN layer="CAP">
   <GPRSEventArray.BoxedType>
      <Collection>
         <GPRSEvent.Sequence>
            <gPRSEventType.C0.Enum>
               <EnumType>attachChangeOfPosition.2</EnumType>
            </gPRSEventType.C0.Enum>
            <monitorMode.C1.Enum>
               <EnumType>transparent.2</EnumType>
            </monitorMode.C1.Enum>
         </GPRSEvent.Sequence>
         <GPRSEvent.Sequence>
            <gPRSEventType.C0.Enum>
               <EnumType>pdp_ContextEstablishmentAcknowledgement.12</EnumType>
            </gPRSEventType.C0.Enum>
            <monitorMode.C1.Enum>
               <EnumType>notifyAndContinue.1</EnumType>
            </monitorMode.C1.Enum>
         </GPRSEvent.Sequence>
         <GPRSEvent.Sequence>
            <gPRSEventType.C0.Enum>
               <EnumType>pdp_ContextChangeOfPosition.14</EnumType>
            </gPRSEventType.C0.Enum>
            <monitorMode.C1.Enum>
               <EnumType>notifyAndContinue.1</EnumType>
            </monitorMode.C1.Enum>
         </GPRSEvent.Sequence>
      </Collection>
   </GPRSEventArray.BoxedType>
</ASN>