<?xml version="1.0" encoding="UTF-8"?>

<ASN layer="CAP">
   <IllegalSS_OperationParam.Sequence><extensionContainer.Sequence>
         <privateExtensionList.C0.BoxedType>
            <Collection>
               <PrivateExtension.Sequence>
                  <extId><ObjectIdentifier>0.1.299.33.59.37.29.24</ObjectIdentifier></extId>
                  <extType>04e8dc0e4253c15c46</extType>
               </PrivateExtension.Sequence>
               <PrivateExtension.Sequence>
                  <extId><ObjectIdentifier>0.1.2</ObjectIdentifier></extId>
                  <extType>e847</extType>
               </PrivateExtension.Sequence>
               <PrivateExtension.Sequence>
                  <extId><ObjectIdentifier>0.1.245.35.35.54.103.73</ObjectIdentifier></extId>
                  <extType>766d</extType>
               </PrivateExtension.Sequence>
            </Collection>
         </privateExtensionList.C0.BoxedType>
         <pcs_Extensions.C1.Sequence>
            
         </pcs_Extensions.C1.Sequence>
      </extensionContainer.Sequence></IllegalSS_OperationParam.Sequence>
</ASN>