<?xml version="1.0" encoding="UTF-8"?>

<ASN layer="CAP">
   <IncompatibleTerminalParam.Sequence><extensionContainer.Sequence>
         <privateExtensionList.C0.BoxedType>
            <Collection>
               <PrivateExtension.Sequence>
                  <extId><ObjectIdentifier>0.1.2109.116.29.54.48.53.64.102.38</ObjectIdentifier></extId>
                  <extType>d9045080</extType>
               </PrivateExtension.Sequence>
               <PrivateExtension.Sequence>
                  <extId><ObjectIdentifier>0.1.296.12.52.114</ObjectIdentifier></extId>
                  <extType>c369c36314</extType>
               </PrivateExtension.Sequence>
               <PrivateExtension.Sequence>
                  <extId><ObjectIdentifier>0.1.2</ObjectIdentifier></extId>
                  <extType>2f2c34</extType>
               </PrivateExtension.Sequence>
            </Collection>
         </privateExtensionList.C0.BoxedType>
         <pcs_Extensions.C1.Sequence>
            
         </pcs_Extensions.C1.Sequence>
      </extensionContainer.Sequence></IncompatibleTerminalParam.Sequence>
</ASN>