<?xml version="1.0" encoding="UTF-8"?>

<ASN layer="CAP">
   <InformationNotAvailableParam.Sequence><extensionContainer.Sequence>
         <privateExtensionList.C0.BoxedType>
            <Collection>
               <PrivateExtension.Sequence>
                  <extId><ObjectIdentifier>0.1.20.114</ObjectIdentifier></extId>
                  <extType>5732b172b2</extType>
               </PrivateExtension.Sequence>
               <PrivateExtension.Sequence>
                  <extId><ObjectIdentifier>0.1.226.79.26.101.45.29.65.14</ObjectIdentifier></extId>
                  <extType>b2d445e1e626c61e</extType>
               </PrivateExtension.Sequence>
               <PrivateExtension.Sequence>
                  <extId><ObjectIdentifier>0.1.263.76.5.19.9.41.114.33.46</ObjectIdentifier></extId>
                  <extType>7b3f61ff216041</extType>
               </PrivateExtension.Sequence>
            </Collection>
         </privateExtensionList.C0.BoxedType>
         <pcs_Extensions.C1.Sequence>
            
         </pcs_Extensions.C1.Sequence>
      </extensionContainer.Sequence></InformationNotAvailableParam.Sequence>
</ASN>