<?xml version="1.0" encoding="UTF-8"?>

<ASN layer="CAP">
   <InitialDPArg.Sequence>
      <serviceKey.C0.BoxedType><Integer>2</Integer></serviceKey.C0.BoxedType>
      <calledPartyNumber.C2.BoxedType><Bytes>027575288203f0
            <field name="Odd/even (O/E)" value="even number of address signals:0" type="EnumLong" lengthBit="1" />
            <field name="Nature of address" value="unknown (national use):2" type="EnumLong" lengthBit="7" />
            <field name="Internal Network Number (INN)" value="routing to internal number allowed:0" type="EnumLong" lengthBit="1" />
            <field name="Numbering plan" value="spare:7" type="EnumLong" lengthBit="3" />
            <field name="spare" value="5" type="Integer" lengthBit="4" />
            <field name="digits" value="578228300" type="Number_BCD" lengthBit="36" />
         </Bytes></calledPartyNumber.C2.BoxedType>
      <callingPartyNumber.C3.BoxedType><Bytes>b8169100710442
            <field name="Odd/even (O/E)" value="odd number of address signals:1" type="EnumLong" lengthBit="1" />
            <field name="Nature of address" value="spare:56" type="EnumLong" lengthBit="7" />
            <field name="Number Incomplete (NI)" value="complete:0" type="EnumLong" lengthBit="1" />
            <field name="Numbering plan" value="ISDN/Telephony Numbering Plan (Rec ITU-T E.164):1" type="EnumLong" lengthBit="3" />
            <field name="Address presentation restricted" value="presentation restricted:1" type="EnumLong" lengthBit="2" />
            <field name="Screening" value="reserved:2" type="EnumLong" lengthBit="2" />
            <field name="digits" value="1900174024" type="Number_BCD" length="5" />
         </Bytes></callingPartyNumber.C3.BoxedType>
      <callingPartysCategory.C5.BoxedType><Bytes>fb
            <field name="category" value="reserved for national use:251" type="EnumLong" length="1" />
         </Bytes></callingPartysCategory.C5.BoxedType>
      <cGEncountered.C7.Enum>
         <EnumType>manualCGencountered.1</EnumType>
      </cGEncountered.C7.Enum>
      <iPSSPCapabilities.C8.BoxedType><Bytes>93f2f4</Bytes></iPSSPCapabilities.C8.BoxedType>
      <locationNumber.C10.BoxedType><Bytes>461942308939f6
            <field name="Odd/even (O/E)" value="even number of address signals:0" type="EnumLong" lengthBit="1" />
            <field name="Nature of address" value="spare:70" type="EnumLong" lengthBit="7" />
            <field name="Internal Network Number (INN)" value="routing to internal number allowed:0" type="EnumLong" lengthBit="1" />
            <field name="Numbering plan" value="ISDN/Telephony Numbering Plan (Rec ITU-T E.164):1" type="EnumLong" lengthBit="3" />
            <field name="Address presentation restricted" value="address not available (national use):2" type="EnumLong" lengthBit="2" />
            <field name="Screening" value="user provided, verified and passed:1" type="EnumLong" lengthBit="2" />
            <field name="digits" value="240398936" type="Number_BCD" lengthBit="36" />
         </Bytes></locationNumber.C10.BoxedType>
      <originalCalledPartyID.C12.BoxedType><Bytes>f55413895543f0
            <field name="Odd/even (O/E)" value="odd number of address signals:1" type="EnumLong" lengthBit="1" />
            <field name="Nature of address" value="reserved for national use:117" type="EnumLong" lengthBit="7" />
            <field name="spare1" value="0" type="Integer" lengthBit="1" />
            <field name="Numbering plan" value="private numbering plan:5" type="EnumLong" lengthBit="3" />
            <field name="Address presentation restricted" value="presentation restricted:1" type="EnumLong" lengthBit="2" />
            <field name="spare2" value="0" type="Integer" lengthBit="2" />
            <field name="digits" value="319855340" type="Number_BCD" lengthBit="36" />
         </Bytes></originalCalledPartyID.C12.BoxedType>
      <extensions.C15.BoxedType>
         <Collection>
            <ExtensionField.Sequence>
               <type.Choice>
                  <local>1776620474</local>
                  <global><ObjectIdentifier>0.1.230.21</ObjectIdentifier></global>
               </type.Choice>
               <criticality.nulld.Enum>
                  <EnumType>abort.1</EnumType>
               </criticality.nulld.Enum>
               <NullObject.C1></NullObject.C1>
            </ExtensionField.Sequence>
            <ExtensionField.Sequence>
               <type.Choice>
                  <local>1036047887</local>
                  <global><ObjectIdentifier>0.1.261.70.56.16.80.110.29.41</ObjectIdentifier></global>
               </type.Choice>
               <criticality.nulld.Enum>
                  <EnumType>ignore.0</EnumType>
               </criticality.nulld.Enum>
               <NullObject.C1></NullObject.C1>
            </ExtensionField.Sequence>
            <ExtensionField.Sequence>
               <type.Choice>
                  <local>1678766425</local>
                  <global><ObjectIdentifier>0.1.231.32.54.37.55</ObjectIdentifier></global>
               </type.Choice>
               <criticality.nulld.Enum>
                  <EnumType>ignore.0</EnumType>
               </criticality.nulld.Enum>
               <NullObject.C1></NullObject.C1>
            </ExtensionField.Sequence>
         </Collection>
      </extensions.C15.BoxedType>
      <highLayerCompatibility.C23.BoxedType><Bytes>247324dafe</Bytes></highLayerCompatibility.C23.BoxedType>
      <additionalCallingPartyNumber.C25.BoxedType><Digits.BoxedType><Bytes>e5f619881244937a</Bytes></Digits.BoxedType></additionalCallingPartyNumber.C25.BoxedType>
      <bearerCapability.C27.Choice><bearerCap.C0>a5c02c
            <field name="ext1" value="last octet:1" type="EnumLong" lengthBit="1" />
            <field name="Coding standard" value="ISO/IEC Standard (Note 1):1" type="EnumLong" lengthBit="2" />
            <field name="Information transfer capability" value="reserved:5" type="EnumLong" lengthBit="5" />
            <field name="ext2" value="last octet:1" type="EnumLong" lengthBit="1" />
            <field name="Transfer mode" value="reserved:2" type="EnumLong" lengthBit="2" />
            <field name="Information transfer rate" value="Packet mode only:0" type="EnumLong" lengthBit="5" />
            <field name="ext3" value="continue:0" type="EnumLong" lengthBit="1" />
            <field name="Layer identifier" value="layer 1 ident:1" type="EnumLong" lengthBit="2" />
            <field name="User information layer 1 protocol" value="reserved:12" type="EnumLong" lengthBit="5" />
         </bearerCap.C0></bearerCapability.C27.Choice>
      <eventTypeBCSM.C28.Enum>
         <EnumType>routeSelectFailure.4</EnumType>
      </eventTypeBCSM.C28.Enum>
      <redirectingPartyID.C29.BoxedType><Bytes>e5300296463023
            <field name="Odd/even (O/E)" value="odd number of address signals:1" type="EnumLong" lengthBit="1" />
            <field name="Nature of address" value="spare:101" type="EnumLong" lengthBit="7" />
            <field name="spare1" value="0" type="Integer" lengthBit="1" />
            <field name="Numbering plan" value="Data numbering plan (ITU-T Recommendation X.121):3" type="EnumLong" lengthBit="3" />
            <field name="Address presentation restricted" value="presentation allowed:0" type="EnumLong" lengthBit="2" />
            <field name="spare2" value="0" type="Integer" lengthBit="2" />
            <field name="digits" value="2069640332" type="Number_BCD" length="5" />
         </Bytes></redirectingPartyID.C29.BoxedType>
      <redirectionInformation.C30.BoxedType><Bytes>1e84
            <field name="Redirecting reason" value="user busy:1" type="EnumLong" lengthBit="4" />
            <field name="spare1" value="1" type="Integer" lengthBit="1" />
            <field name="Redirecting indicator" value="call diversion, redirection number presentation restricted (national use):6" type="EnumLong" lengthBit="3" />
            <field name="Original redirection reason" value="spare:8" type="EnumLong" lengthBit="4" />
            <field name="spare2" value="0" type="Integer" lengthBit="1" />
            <field name="Redirection counter" value="4" type="Integer" lengthBit="3" />
         </Bytes></redirectionInformation.C30.BoxedType>
      <cause.C17.BoxedType><Bytes>2d533f
            <field name="ext1" value="continue:0" type="EnumLong" lengthBit="1" />
            <field name="Coding standard" value="ISO/IEC Standard (see Note):1" type="EnumLong" lengthBit="2" />
            <field name="Spare" value="0" type="Integer" lengthBit="1" />
            <field name="Location" value="reserved for national use:13" type="EnumLong" lengthBit="4" />
            <field name="ext3" value="continue:0" type="EnumLong" lengthBit="1" />
            <field name="Cause value" value="Class 101 invalid message : A suspended call exists, but this call identity does not:83" type="EnumLong" lengthBit="7" />
            <field name="Diagnostics" value="3f" type="Binary" length="1" />
         </Bytes></cause.C17.BoxedType>
      <serviceInteractionIndicatorsTwo.C32.Sequence>
         <forwardServiceInteractionInd.C0.Sequence>
            <conferenceTreatmentIndicator.C1>771c043f43831833</conferenceTreatmentIndicator.C1>
            <callDiversionTreatmentIndicator.C2>96c4eea6</callDiversionTreatmentIndicator.C2>
            <callingPartyRestrictionIndicator.C4>6e7cea995e</callingPartyRestrictionIndicator.C4>
         </forwardServiceInteractionInd.C0.Sequence>
         <backwardServiceInteractionInd.C1.Sequence>
            <conferenceTreatmentIndicator.C1>3113024b</conferenceTreatmentIndicator.C1>
            <callCompletionTreatmentIndicator.C2>a3f9cea3f11f0f5b</callCompletionTreatmentIndicator.C2>
         </backwardServiceInteractionInd.C1.Sequence>
         <bothwayThroughConnectionInd.C2.Enum>
            <EnumType>bothwayPathNotRequired.1</EnumType>
         </bothwayThroughConnectionInd.C2.Enum>
         <connectedNumberTreatmentInd.C4.Enum>
            <EnumType>presentationRestricted.1</EnumType>
         </connectedNumberTreatmentInd.C4.Enum>
         <nonCUGCall.C13></nonCUGCall.C13>
         <holdTreatmentIndicator.C50>b05bba86c57a7c86</holdTreatmentIndicator.C50>
         <cwTreatmentIndicator.C51>7b635ddbb88f6d</cwTreatmentIndicator.C51>
         <ectTreatmentIndicator.C52>8f72226e128c</ectTreatmentIndicator.C52>
      </serviceInteractionIndicatorsTwo.C32.Sequence>
      <carrier.C37.BoxedType><Bytes>656d8ccb59</Bytes></carrier.C37.BoxedType>
      <cug_Index.C45.BoxedType><Integer>2</Integer></cug_Index.C45.BoxedType>
      <cug_Interlock.C46.BoxedType><Bytes>99</Bytes></cug_Interlock.C46.BoxedType>
      <cug_OutgoingAccess.C47></cug_OutgoingAccess.C47>
      <iMSI.C50.BoxedType><TBCD_STRING.BoxedType><Bytes>0230546958
               <field name="digits" value="2003459685" type="Number_BCD" length="5" />
            </Bytes></TBCD_STRING.BoxedType></iMSI.C50.BoxedType>
      <subscriberState.C51.Choice>
         <assumedIdle.C0></assumedIdle.C0>
         <camelBusy.C1></camelBusy.C1>
         <netDetNotReachable.Enum>
            <EnumType>imsiDetached.1</EnumType>
         </netDetNotReachable.Enum>
         <notProvidedFromVLR.C2></notProvidedFromVLR.C2>
      </subscriberState.C51.Choice>
      <locationInformation.C52.Sequence>
         <ageOfLocationInformation.BoxedType><Integer>[1-32766] minuts:1</Integer></ageOfLocationInformation.BoxedType>
         <geographicalInformation.C0.BoxedType><Bytes>5b2e6d36c1c34100
               <field name="TypeOfShape" value="Polygon:5" type="EnumLong" lengthBit="4" />
               <field name="spare" value="11" type="Integer" lengthBit="4" />
               <field name="DegreesOfLatitude" value="3042614" type="Integer" length="3" />
               <field name="DegreesOfLongitude" value="12698433" type="Integer" length="3" />
               <field name="UncertaintyCode" value="0" type="Integer" length="1" />
            </Bytes></geographicalInformation.C0.BoxedType>
         <vlr_number.C1.BoxedType><AddressString.BoxedType><Bytes>139140096070
                  <field name="extension" value="extension:0" type="EnumLong" lengthBit="1" />
                  <field name="nature of address" value="international number:1" type="EnumLong" lengthBit="3" />
                  <field name="numbering plan" value="data numbering plan (ITU-T Rec X.121):3" type="EnumLong" lengthBit="4" />
                  <field name="digits" value="1904900607" type="Number_BCD" length="5" />
               </Bytes></AddressString.BoxedType></vlr_number.C1.BoxedType>
         <locationNumber.C2.BoxedType><Bytes>611916518013f1
               <field name="Odd/even (O/E)" value="even number of address signals:0" type="EnumLong" lengthBit="1" />
               <field name="Nature of address" value="spare:97" type="EnumLong" lengthBit="7" />
               <field name="Internal Network Number (INN)" value="routing to internal number allowed:0" type="EnumLong" lengthBit="1" />
               <field name="Numbering plan" value="ISDN/Telephony Numbering Plan (Rec ITU-T E.164):1" type="EnumLong" lengthBit="3" />
               <field name="Address presentation restricted" value="address not available (national use):2" type="EnumLong" lengthBit="2" />
               <field name="Screening" value="user provided, verified and passed:1" type="EnumLong" lengthBit="2" />
               <field name="digits" value="611508311" type="Number_BCD" lengthBit="36" />
            </Bytes></locationNumber.C2.BoxedType>
         <cellGlobalIdOrServiceAreaIdOrLAI.C3.Choice>
            <cellGlobalIdOrServiceAreaIdFixedLength.C0.BoxedType><Bytes>61046173568194
                  <field name="MMC" value="164,160" type="NumberMMC" length="3" />
                  <field name="LAC" value="29526" type="Integer" length="2" />
                  <field name="CI_SAC" value="33172" type="Integer" length="2" />
               </Bytes></cellGlobalIdOrServiceAreaIdFixedLength.C0.BoxedType>
            <laiFixedLength.C1.BoxedType><Bytes>612622c65b
                  <field name="MMC" value="166,222" type="NumberMMC" length="3" />
                  <field name="LAC" value="50779" type="Integer" length="2" />
               </Bytes></laiFixedLength.C1.BoxedType>
         </cellGlobalIdOrServiceAreaIdOrLAI.C3.Choice>
         <extensionContainer.C4.Sequence>
            <privateExtensionList.C0.BoxedType>
               <Collection>
                  <PrivateExtension.Sequence>
                     <extId><ObjectIdentifier>0.1.292.110.22.15.97.97.3.18.67</ObjectIdentifier></extId>
                     <extType>092ef26ebd42f513d06f</extType>
                  </PrivateExtension.Sequence>
                  <PrivateExtension.Sequence>
                     <extId><ObjectIdentifier>0.1.232.8.2.77.100.33.69.86</ObjectIdentifier></extId>
                     <extType>cad9</extType>
                  </PrivateExtension.Sequence>
                  <PrivateExtension.Sequence>
                     <extId><ObjectIdentifier>0.1.2104.15</ObjectIdentifier></extId>
                     <extType>1533925f31c8de0a5e</extType>
                  </PrivateExtension.Sequence>
               </Collection>
            </privateExtensionList.C0.BoxedType>
            <pcs_Extensions.C1.Sequence>
               
            </pcs_Extensions.C1.Sequence>
         </extensionContainer.C4.Sequence>
         <selectedLSA_Id.C5.BoxedType><Bytes>6b236d
               <field name="LSA type" value="PLMN significant number:0" type="EnumLong" lengthBit="1" />
               <field name="Identifier" value="7021421" type="Integer" lengthBit="23" />
            </Bytes></selectedLSA_Id.C5.BoxedType>
         <msc_Number.C6.BoxedType><AddressString.BoxedType><Bytes>c272603786f7
                  <field name="extension" value="no extension:1" type="EnumLong" lengthBit="1" />
                  <field name="nature of address" value="subscriber number:4" type="EnumLong" lengthBit="3" />
                  <field name="numbering plan" value="spare:2" type="EnumLong" lengthBit="4" />
                  <field name="digits" value="270673687" type="Number_BCD" lengthBit="36" />
               </Bytes></AddressString.BoxedType></msc_Number.C6.BoxedType>
         <geodeticInformation.C7.BoxedType><Bytes>c3ea07a4b6b604341745
               <field name="spare" value="12" type="Integer" lengthBit="4" />
               <field name="LPRI" value="presentation allowed:0" type="EnumLong" lengthBit="2" />
               <field name="screnning" value="network provided:3" type="EnumLong" lengthBit="2" />
               <field name="ext" value="1" type="Integer" lengthBit="1" />
               <field name="TypeOfShape" value="reserved for national use:106" type="EnumLong" lengthBit="7" />
               <field name="DegreesOfLatitude" value="500918" type="Integer" length="3" />
               <field name="DegreesOfLongitude" value="11928628" type="Integer" length="3" />
               <field name="UncertaintyCode" value="23" type="Integer" length="1" />
               <field name="Confidence" value="69" type="Integer" length="1" />
            </Bytes></geodeticInformation.C7.BoxedType>
         <currentLocationRetrieved.C8></currentLocationRetrieved.C8>
         <sai_Present.C9></sai_Present.C9>
         <locationInformationEPS.C10.Sequence>
            <e_utranCellGlobalIdentity.C0.BoxedType><Bytes>bec87cac8dbd8edb</Bytes></e_utranCellGlobalIdentity.C0.BoxedType>
            <trackingAreaIdentity.C1.BoxedType><Bytes>2ef4</Bytes></trackingAreaIdentity.C1.BoxedType>
            <extensionContainer.C2.Sequence>
               <privateExtensionList.C0.BoxedType>
                  <Collection>
                     <PrivateExtension.Sequence>
                        <extId><ObjectIdentifier>0.1.225.58.97.0.13</ObjectIdentifier></extId>
                        <extType>d29ddbec5c</extType>
                     </PrivateExtension.Sequence>
                     <PrivateExtension.Sequence>
                        <extId><ObjectIdentifier>0.1.215</ObjectIdentifier></extId>
                        <extType>99e185aac50e</extType>
                     </PrivateExtension.Sequence>
                     <PrivateExtension.Sequence>
                        <extId><ObjectIdentifier>0.1.2114.76.77.6.114.115</ObjectIdentifier></extId>
                        <extType>022d414e6a3d2f51</extType>
                     </PrivateExtension.Sequence>
                  </Collection>
               </privateExtensionList.C0.BoxedType>
               <pcs_Extensions.C1.Sequence>
                  
               </pcs_Extensions.C1.Sequence>
            </extensionContainer.C2.Sequence>
            <geographicalInformation.C3.BoxedType><Bytes>048310893209f71f
                  <field name="TypeOfShape" value="Ellipsoid Point:0" type="EnumLong" lengthBit="4" />
                  <field name="spare" value="4" type="Integer" lengthBit="4" />
                  <field name="DegreesOfLatitude" value="8589449" type="Integer" length="3" />
                  <field name="DegreesOfLongitude" value="3279351" type="Integer" length="3" />
                  <field name="UncertaintyCode" value="31" type="Integer" length="1" />
               </Bytes></geographicalInformation.C3.BoxedType>
            <geodeticInformation.C4.BoxedType><Bytes>39529113ad1083a1c741
                  <field name="spare" value="3" type="Integer" lengthBit="4" />
                  <field name="LPRI" value="location not available (Note):2" type="EnumLong" lengthBit="2" />
                  <field name="screnning" value="user provided, verified and passed:1" type="EnumLong" lengthBit="2" />
                  <field name="ext" value="0" type="Integer" lengthBit="1" />
                  <field name="TypeOfShape" value="reserved for national use:82" type="EnumLong" lengthBit="7" />
                  <field name="DegreesOfLatitude" value="9507757" type="Integer" length="3" />
                  <field name="DegreesOfLongitude" value="1082273" type="Integer" length="3" />
                  <field name="UncertaintyCode" value="199" type="Integer" length="1" />
                  <field name="Confidence" value="65" type="Integer" length="1" />
               </Bytes></geodeticInformation.C4.BoxedType>
            <currentLocationRetrieved.C5></currentLocationRetrieved.C5>
            <ageOfLocationInformation.C6.BoxedType><Integer>0 minut = currently in contact:0</Integer></ageOfLocationInformation.C6.BoxedType>
            <mme_Name.C7.BoxedType><Bytes>162465b07eb7bc4e7a</Bytes></mme_Name.C7.BoxedType>
         </locationInformationEPS.C10.Sequence>
         <userCSGInformation.C11.Sequence>
            <csg_Id.C0.BoxedType><BitString><BitString value="1cda14c1" trailing="0"/></BitString></csg_Id.C0.BoxedType>
            <extensionContainer.C1.Sequence>
               <privateExtensionList.C0.BoxedType>
                  <Collection>
                     <PrivateExtension.Sequence>
                        <extId><ObjectIdentifier>0.1.290.110.30.41.123.41.1.17.31</ObjectIdentifier></extId>
                        <extType>01ca</extType>
                     </PrivateExtension.Sequence>
                     <PrivateExtension.Sequence>
                        <extId><ObjectIdentifier>0.1.232</ObjectIdentifier></extId>
                        <extType>3edf4c6c2a70</extType>
                     </PrivateExtension.Sequence>
                     <PrivateExtension.Sequence>
                        <extId><ObjectIdentifier>0.1.2125.67.8.89.76.55.128.89.32.104</ObjectIdentifier></extId>
                        <extType>6d4f0e</extType>
                     </PrivateExtension.Sequence>
                  </Collection>
               </privateExtensionList.C0.BoxedType>
               <pcs_Extensions.C1.Sequence>
                  
               </pcs_Extensions.C1.Sequence>
            </extensionContainer.C1.Sequence>
            <accessMode.C2>29210d882e60e7</accessMode.C2>
            <cmi.C3>fd37c954</cmi.C3>
         </userCSGInformation.C11.Sequence>
      </locationInformation.C52.Sequence>
      <ext_basicServiceCode.C53.Choice>
         <ext_BearerService.C2.BoxedType><Bytes>9062b3ba823c</Bytes></ext_BearerService.C2.BoxedType>
         <ext_Teleservice.C3.BoxedType><Bytes>2b000000e6
               <field name="Code" value="43" type="EnumLong" length="1" />
               <field name="Extension data" value="000000e6" type="Binary" length="4" />
            </Bytes></ext_Teleservice.C3.BoxedType>
      </ext_basicServiceCode.C53.Choice>
      <callReferenceNumber.C54.BoxedType><Bytes>12</Bytes></callReferenceNumber.C54.BoxedType>
      <mscAddress.C55.BoxedType><AddressString.BoxedType><Bytes>4d04241532f4
               <field name="extension" value="extension:0" type="EnumLong" lengthBit="1" />
               <field name="nature of address" value="subscriber number:4" type="EnumLong" lengthBit="3" />
               <field name="numbering plan" value="13" type="EnumLong" lengthBit="4" />
               <field name="digits" value="404251234" type="Number_BCD" lengthBit="36" />
            </Bytes></AddressString.BoxedType></mscAddress.C55.BoxedType>
      <calledPartyBCDNumber.C56.BoxedType><Bytes>04c1b5e5a9e896bfc0</Bytes></calledPartyBCDNumber.C56.BoxedType>
      <timeAndTimezone.C57.BoxedType><Bytes>0000003104576588
            <field name="value" value="0000001340755688" type="Number_BCD" length="8" />
         </Bytes></timeAndTimezone.C57.BoxedType>
      <callForwardingSS_Pending.C58></callForwardingSS_Pending.C58>
      <initialDPArgExtension.C59.Sequence>
         <gmscAddress.C0.BoxedType><AddressString.BoxedType><Bytes>667141722467
                  <field name="extension" value="extension:0" type="EnumLong" lengthBit="1" />
                  <field name="nature of address" value="abbreviated number:6" type="EnumLong" lengthBit="3" />
                  <field name="numbering plan" value="land mobile numbering plan (ITU-T Rec E.212):6" type="EnumLong" lengthBit="4" />
                  <field name="digits" value="1714274276" type="Number_BCD" length="5" />
               </Bytes></AddressString.BoxedType></gmscAddress.C0.BoxedType>
         <forwardingDestinationNumber.C1.BoxedType><Bytes>f5c46127088162
               <field name="Odd/even (O/E)" value="odd number of address signals:1" type="EnumLong" lengthBit="1" />
               <field name="Nature of address" value="reserved for national use:117" type="EnumLong" lengthBit="7" />
               <field name="Internal Network Number (INN)" value="routing to internal number not allowed:1" type="EnumLong" lengthBit="1" />
               <field name="Numbering plan" value="Telex numbering plan (ITU-T Recommendation F.69):4" type="EnumLong" lengthBit="3" />
               <field name="spare" value="4" type="Integer" lengthBit="4" />
               <field name="digits" value="1672801826" type="Number_BCD" length="5" />
            </Bytes></forwardingDestinationNumber.C1.BoxedType>
         <ms_Classmark2.C2.BoxedType><Bytes>2e57ec
               <field name="spare1" value="0" type="Integer" lengthBit="1" />
               <field name="Revision level" value="Used by GSM phase 2 mobile stations:1" type="EnumLong" lengthBit="2" />
               <field name="ES IND" value="ES IND option is not implemented in the MS:0" type="EnumLong" lengthBit="1" />
               <field name="A5/1 algorithm supported " value="not available (if A/Gb mode supported):1" type="EnumLong" lengthBit="1" />
               <field name="RF Power Capability" value="reserved:6" type="EnumLong" lengthBit="3" />
               <field name="spare2" value="0" type="Integer" lengthBit="1" />
               <field name="PS capability" value="present (if A/Gb mode supported):1" type="EnumLong" lengthBit="1" />
               <field name="SS Screening Indicator" value="capability of handling of ellipsis notation and phase 2 error handling:1" type="EnumLong" lengthBit="2" />
               <field name="SM capability" value="does not support:0" type="EnumLong" lengthBit="1" />
               <field name="VBS notification reception" value="notification wanted (if A/Gb mode supported):1" type="EnumLong" lengthBit="1" />
               <field name="VGCS notification reception" value="notification wanted (if A/Gb mode supported):1" type="EnumLong" lengthBit="1" />
               <field name="FC Frequency Capability" value="support the E-GSM or R-GSM band (GSM900 only):1" type="EnumLong" lengthBit="1" />
               <field name="CM3" value="supports:1" type="EnumLong" lengthBit="1" />
               <field name="spare3" value="1" type="Integer" lengthBit="1" />
               <field name="LCS VA capability" value="request notification supported:1" type="EnumLong" lengthBit="1" />
               <field name="UCS2 treatment" value="a preference for the default alphabet:0" type="EnumLong" lengthBit="1" />
               <field name="SoLSA" value="supports (if A/Gb mode supported):1" type="EnumLong" lengthBit="1" />
               <field name="CM Service Prompt (CMSP)" value="supported at least one CM protocol:1" type="EnumLong" lengthBit="1" />
               <field name="A5/3 algorithm supported" value="not available:0" type="EnumLong" lengthBit="1" />
               <field name="A5/2 algorithm supported" value="not available:0" type="EnumLong" lengthBit="1" />
            </Bytes></ms_Classmark2.C2.BoxedType>
         <iMEI.C3.BoxedType><TBCD_STRING.BoxedType><Bytes>13865038f2
                  <field name="digits" value="316805832" type="Number_BCD" lengthBit="36" />
               </Bytes></TBCD_STRING.BoxedType></iMEI.C3.BoxedType>
         <supportedCamelPhases.C4.BoxedType><BitString><BitString value="033da1c4573305bcd80854" trailing="0"/></BitString></supportedCamelPhases.C4.BoxedType>
         <offeredCamel4Functionalities.C5.BoxedType><BitString><BitString value="99598aeabb44dc96ea" trailing="0"/></BitString></offeredCamel4Functionalities.C5.BoxedType>
         <bearerCapability2.C6.Choice><bearerCap.C0>d95854
               <field name="ext1" value="last octet:1" type="EnumLong" lengthBit="1" />
               <field name="Coding standard" value="National standard (Note 1):2" type="EnumLong" lengthBit="2" />
               <field name="Information transfer capability" value="reserved:25" type="EnumLong" lengthBit="5" />
               <field name="ext2" value="continue:0" type="EnumLong" lengthBit="1" />
               <field name="Transfer mode" value="reserved:2" type="EnumLong" lengthBit="2" />
               <field name="Information transfer rate" value="Multirate (64 kbit/s base rate):24" type="EnumLong" lengthBit="5" />
               <field name="ext3" value="continue:0" type="EnumLong" lengthBit="1" />
               <field name="Layer identifier" value="layer 2 ident:2" type="EnumLong" lengthBit="2" />
               <field name="User information layer 1 protocol" value="reserved:20" type="EnumLong" lengthBit="5" />
            </bearerCap.C0></bearerCapability2.C6.Choice>
         <ext_basicServiceCode2.C7.Choice>
            <ext_BearerService.C2.BoxedType><Bytes>0249e33bf6</Bytes></ext_BearerService.C2.BoxedType>
            <ext_Teleservice.C3.BoxedType><Bytes>c7f5c36737
                  <field name="Code" value="199" type="EnumLong" length="1" />
                  <field name="Extension data" value="f5c36737" type="Binary" length="4" />
               </Bytes></ext_Teleservice.C3.BoxedType>
         </ext_basicServiceCode2.C7.Choice>
         <highLayerCompatibility2.C8.BoxedType><Bytes>ff588f0ac422</Bytes></highLayerCompatibility2.C8.BoxedType>
         <lowLayerCompatibility.C9.BoxedType><Bytes>fb</Bytes></lowLayerCompatibility.C9.BoxedType>
         <lowLayerCompatibility2.C10.BoxedType><Bytes>886e</Bytes></lowLayerCompatibility2.C10.BoxedType>
         <enhancedDialledServicesAllowed.C11></enhancedDialledServicesAllowed.C11>
         <uu_Data.C12.Sequence>
            <uuIndicator.C0.BoxedType><Bytes>d142</Bytes></uuIndicator.C0.BoxedType>
            <uui.C1.BoxedType><Bytes>c7dab8b51c0e</Bytes></uui.C1.BoxedType>
            <uusCFInteraction.C2></uusCFInteraction.C2>
            <extensionContainer.C3.Sequence>
               <privateExtensionList.C0.BoxedType>
                  <Collection>
                     <PrivateExtension.Sequence>
                        <extId><ObjectIdentifier>0.1.294.13.94.55</ObjectIdentifier></extId>
                        <extType>89b62db2</extType>
                     </PrivateExtension.Sequence>
                     <PrivateExtension.Sequence>
                        <extId><ObjectIdentifier>0.1.253.82.30</ObjectIdentifier></extId>
                        <extType>d00ae33055b62a79</extType>
                     </PrivateExtension.Sequence>
                     <PrivateExtension.Sequence>
                        <extId><ObjectIdentifier>0.1.249.76</ObjectIdentifier></extId>
                        <extType>fa7e434b</extType>
                     </PrivateExtension.Sequence>
                  </Collection>
               </privateExtensionList.C0.BoxedType>
               <pcs_Extensions.C1.Sequence>
                  
               </pcs_Extensions.C1.Sequence>
            </extensionContainer.C3.Sequence>
         </uu_Data.C12.Sequence>
         <collectInformationAllowed.C13></collectInformationAllowed.C13>
         <releaseCallArgExtensionAllowed.C14></releaseCallArgExtensionAllowed.C14>
      </initialDPArgExtension.C59.Sequence>
   </InitialDPArg.Sequence>
</ASN>