<?xml version="1.0" encoding="UTF-8"?>

<ASN layer="CAP">
   <InterrogateSS_Res.Choice>
      <ss_Status.C0.BoxedType><Bytes>4d</Bytes></ss_Status.C0.BoxedType>
      <basicServiceGroupList.C2.BoxedType>
         <Collection>
            <BasicServiceCode.Choice>
               <bearerService.C2.BoxedType><Bytes>ffc9607768ceaf607e78</Bytes></bearerService.C2.BoxedType>
               <teleservice.C3.BoxedType><Bytes>fe81a820e523ab1a</Bytes></teleservice.C3.BoxedType>
            </BasicServiceCode.Choice>
            <BasicServiceCode.Choice>
               <bearerService.C2.BoxedType><Bytes>55031d</Bytes></bearerService.C2.BoxedType>
               <teleservice.C3.BoxedType><Bytes>0a48fe27</Bytes></teleservice.C3.BoxedType>
            </BasicServiceCode.Choice>
            <BasicServiceCode.Choice>
               <bearerService.C2.BoxedType><Bytes>7ad6956c5f4340067e</Bytes></bearerService.C2.BoxedType>
               <teleservice.C3.BoxedType><Bytes>20</Bytes></teleservice.C3.BoxedType>
            </BasicServiceCode.Choice>
         </Collection>
      </basicServiceGroupList.C2.BoxedType>
      <forwardingFeatureList.C3.BoxedType>
         <Collection>
            <ForwardingFeature.Sequence>
               <basicService.Choice>
                  <bearerService.C2.BoxedType><Bytes>a4de031d0fa1e1</Bytes></bearerService.C2.BoxedType>
                  <teleservice.C3.BoxedType><Bytes>c9</Bytes></teleservice.C3.BoxedType>
               </basicService.Choice>
               <ss_Status.C4.BoxedType><Bytes>6e75b13827</Bytes></ss_Status.C4.BoxedType>
               <forwardedToNumber.C5.BoxedType><AddressString.BoxedType><Bytes>5807583719f9
                        <field name="extension" value="extension:0" type="EnumLong" lengthBit="1" />
                        <field name="nature of address" value="reserved:5" type="EnumLong" lengthBit="3" />
                        <field name="numbering plan" value="national numbering plan:8" type="EnumLong" lengthBit="4" />
                        <field name="digits" value="708573919" type="Number_BCD" lengthBit="36" />
                     </Bytes></AddressString.BoxedType></forwardedToNumber.C5.BoxedType>
               <forwardedToSubaddress.C8.BoxedType><Bytes>03e600</Bytes></forwardedToSubaddress.C8.BoxedType>
               <forwardingOptions.C6.BoxedType><Bytes>66ad</Bytes></forwardingOptions.C6.BoxedType>
               <noReplyConditionTime.C7.BoxedType><Integer>1</Integer></noReplyConditionTime.C7.BoxedType>
               <longForwardedToNumber.C9.BoxedType><AddressString.BoxedType><Bytes>316145331891
                        <field name="extension" value="extension:0" type="EnumLong" lengthBit="1" />
                        <field name="nature of address" value="network specific number:3" type="EnumLong" lengthBit="3" />
                        <field name="numbering plan" value="ISDN/Telephony Numbering Plan (Rec ITU-T E.164):1" type="EnumLong" lengthBit="4" />
                        <field name="digits" value="1654338119" type="Number_BCD" length="5" />
                     </Bytes></AddressString.BoxedType></longForwardedToNumber.C9.BoxedType>
            </ForwardingFeature.Sequence>
            <ForwardingFeature.Sequence>
               <basicService.Choice>
                  <bearerService.C2.BoxedType><Bytes>f305d58887</Bytes></bearerService.C2.BoxedType>
                  <teleservice.C3.BoxedType><Bytes>c7b695ccf2d0bd</Bytes></teleservice.C3.BoxedType>
               </basicService.Choice>
               <ss_Status.C4.BoxedType><Bytes>d8</Bytes></ss_Status.C4.BoxedType>
               <forwardedToNumber.C5.BoxedType><AddressString.BoxedType><Bytes>8f0236778769
                        <field name="extension" value="no extension:1" type="EnumLong" lengthBit="1" />
                        <field name="nature of address" value="unknown:0" type="EnumLong" lengthBit="3" />
                        <field name="numbering plan" value="reserved for extension:15" type="EnumLong" lengthBit="4" />
                        <field name="digits" value="2063777896" type="Number_BCD" length="5" />
                     </Bytes></AddressString.BoxedType></forwardedToNumber.C5.BoxedType>
               <forwardedToSubaddress.C8.BoxedType><Bytes>17d178addbc29f10</Bytes></forwardedToSubaddress.C8.BoxedType>
               <forwardingOptions.C6.BoxedType><Bytes>984655c5c9bee3</Bytes></forwardingOptions.C6.BoxedType>
               <noReplyConditionTime.C7.BoxedType><Integer>2</Integer></noReplyConditionTime.C7.BoxedType>
               <longForwardedToNumber.C9.BoxedType><AddressString.BoxedType><Bytes>3b64056833f9
                        <field name="extension" value="extension:0" type="EnumLong" lengthBit="1" />
                        <field name="nature of address" value="network specific number:3" type="EnumLong" lengthBit="3" />
                        <field name="numbering plan" value="11" type="EnumLong" lengthBit="4" />
                        <field name="digits" value="465086339" type="Number_BCD" lengthBit="36" />
                     </Bytes></AddressString.BoxedType></longForwardedToNumber.C9.BoxedType>
            </ForwardingFeature.Sequence>
            <ForwardingFeature.Sequence>
               <basicService.Choice>
                  <bearerService.C2.BoxedType><Bytes>53ed633a81f8</Bytes></bearerService.C2.BoxedType>
                  <teleservice.C3.BoxedType><Bytes>b43ff692</Bytes></teleservice.C3.BoxedType>
               </basicService.Choice>
               <ss_Status.C4.BoxedType><Bytes>7702a6101cc9455b</Bytes></ss_Status.C4.BoxedType>
               <forwardedToNumber.C5.BoxedType><AddressString.BoxedType><Bytes>bd44595510f7
                        <field name="extension" value="no extension:1" type="EnumLong" lengthBit="1" />
                        <field name="nature of address" value="network specific number:3" type="EnumLong" lengthBit="3" />
                        <field name="numbering plan" value="13" type="EnumLong" lengthBit="4" />
                        <field name="digits" value="449555017" type="Number_BCD" lengthBit="36" />
                     </Bytes></AddressString.BoxedType></forwardedToNumber.C5.BoxedType>
               <forwardedToSubaddress.C8.BoxedType><Bytes>16fcaa1091599830ad</Bytes></forwardedToSubaddress.C8.BoxedType>
               <forwardingOptions.C6.BoxedType><Bytes>2606025d21</Bytes></forwardingOptions.C6.BoxedType>
               <noReplyConditionTime.C7.BoxedType><Integer>1</Integer></noReplyConditionTime.C7.BoxedType>
               <longForwardedToNumber.C9.BoxedType><AddressString.BoxedType><Bytes>331270640450
                        <field name="extension" value="extension:0" type="EnumLong" lengthBit="1" />
                        <field name="nature of address" value="network specific number:3" type="EnumLong" lengthBit="3" />
                        <field name="numbering plan" value="data numbering plan (ITU-T Rec X.121):3" type="EnumLong" lengthBit="4" />
                        <field name="digits" value="2107464005" type="Number_BCD" length="5" />
                     </Bytes></AddressString.BoxedType></longForwardedToNumber.C9.BoxedType>
            </ForwardingFeature.Sequence>
         </Collection>
      </forwardingFeatureList.C3.BoxedType>
      <genericServiceInfo.C4.Sequence>
         <ss_Status.BoxedType><Bytes>cc154fdc92b62f9535</Bytes></ss_Status.BoxedType>
         <cliRestrictionOption.Enum>
            <EnumType>permanent.0</EnumType>
         </cliRestrictionOption.Enum>
         <maximumEntitledPriority.C0.BoxedType><Integer>1</Integer></maximumEntitledPriority.C0.BoxedType>
         <defaultPriority.C1.BoxedType><Integer>1</Integer></defaultPriority.C1.BoxedType>
         <ccbs_FeatureList.C2.BoxedType>
            <Collection>
               <CCBS_Feature.Sequence>
                  <ccbs_Index.C0.BoxedType><Integer>1</Integer></ccbs_Index.C0.BoxedType>
                  <b_subscriberNumber.C1.BoxedType><AddressString.BoxedType><Bytes>6e1132961096
                           <field name="extension" value="extension:0" type="EnumLong" lengthBit="1" />
                           <field name="nature of address" value="abbreviated number:6" type="EnumLong" lengthBit="3" />
                           <field name="numbering plan" value="14" type="EnumLong" lengthBit="4" />
                           <field name="digits" value="1123690169" type="Number_BCD" length="5" />
                        </Bytes></AddressString.BoxedType></b_subscriberNumber.C1.BoxedType>
                  <b_subscriberSubaddress.C2.BoxedType><Bytes>b05fd21acc40</Bytes></b_subscriberSubaddress.C2.BoxedType>
                  <basicServiceGroup.C3.Choice>
                     <bearerService.C2.BoxedType><Bytes>88bf51bd24e4</Bytes></bearerService.C2.BoxedType>
                     <teleservice.C3.BoxedType><Bytes>eeb0194a3f4c</Bytes></teleservice.C3.BoxedType>
                  </basicServiceGroup.C3.Choice>
               </CCBS_Feature.Sequence>
               <CCBS_Feature.Sequence>
                  <ccbs_Index.C0.BoxedType><Integer>2</Integer></ccbs_Index.C0.BoxedType>
                  <b_subscriberNumber.C1.BoxedType><AddressString.BoxedType><Bytes>df8179846625
                           <field name="extension" value="no extension:1" type="EnumLong" lengthBit="1" />
                           <field name="nature of address" value="reserved:5" type="EnumLong" lengthBit="3" />
                           <field name="numbering plan" value="reserved for extension:15" type="EnumLong" lengthBit="4" />
                           <field name="digits" value="1897486652" type="Number_BCD" length="5" />
                        </Bytes></AddressString.BoxedType></b_subscriberNumber.C1.BoxedType>
                  <b_subscriberSubaddress.C2.BoxedType><Bytes>ccab50dbef1f6d2c</Bytes></b_subscriberSubaddress.C2.BoxedType>
                  <basicServiceGroup.C3.Choice>
                     <bearerService.C2.BoxedType><Bytes>0cdf4ba9df2de99e</Bytes></bearerService.C2.BoxedType>
                     <teleservice.C3.BoxedType><Bytes>ee256ecd00ebc2</Bytes></teleservice.C3.BoxedType>
                  </basicServiceGroup.C3.Choice>
               </CCBS_Feature.Sequence>
               <CCBS_Feature.Sequence>
                  <ccbs_Index.C0.BoxedType><Integer>2</Integer></ccbs_Index.C0.BoxedType>
                  <b_subscriberNumber.C1.BoxedType><AddressString.BoxedType><Bytes>5212341319f5
                           <field name="extension" value="extension:0" type="EnumLong" lengthBit="1" />
                           <field name="nature of address" value="reserved:5" type="EnumLong" lengthBit="3" />
                           <field name="numbering plan" value="spare:2" type="EnumLong" lengthBit="4" />
                           <field name="digits" value="214331915" type="Number_BCD" lengthBit="36" />
                        </Bytes></AddressString.BoxedType></b_subscriberNumber.C1.BoxedType>
                  <b_subscriberSubaddress.C2.BoxedType><Bytes>62d2be1c1b87f04aec</Bytes></b_subscriberSubaddress.C2.BoxedType>
                  <basicServiceGroup.C3.Choice>
                     <bearerService.C2.BoxedType><Bytes>bd4af7c046a6</Bytes></bearerService.C2.BoxedType>
                     <teleservice.C3.BoxedType><Bytes>14fcd9a2ef2f73af7e72</Bytes></teleservice.C3.BoxedType>
                  </basicServiceGroup.C3.Choice>
               </CCBS_Feature.Sequence>
            </Collection>
         </ccbs_FeatureList.C2.BoxedType>
         <nbrSB.C3.BoxedType><Integer>1</Integer></nbrSB.C3.BoxedType>
         <nbrUser.C4.BoxedType><Integer>1</Integer></nbrUser.C4.BoxedType>
         <nbrSN.C5.BoxedType><Integer>1</Integer></nbrSN.C5.BoxedType>
      </genericServiceInfo.C4.Sequence>
   </InterrogateSS_Res.Choice>
</ASN>