<?xml version="1.0" encoding="UTF-8"?>

<ASN layer="CAP">
   <Invoke.Sequence>
      <invokeID.BoxedType><Integer>1</Integer></invokeID.BoxedType>
      <linkedID.C0.BoxedType><Integer>1</Integer></linkedID.C0.BoxedType>
      <opCode.Choice>
         <localValue.BoxedType><Long>2343788535</Long></localValue.BoxedType>
         <globalValue><ObjectIdentifier>0.1.2</ObjectIdentifier></globalValue>
      </opCode.Choice>
      <invokeparameter>fa1f6c01</invokeparameter>
   </Invoke.Sequence>
</ASN>