<?xml version="1.0" encoding="UTF-8"?>

<ASN layer="CAP">
   <IST_CommandArg.Sequence>
      <imsi.C0.BoxedType><TBCD_STRING.BoxedType><Bytes>4154083846
               <field name="digits" value="1445808364" type="Number_BCD" length="5" />
            </Bytes></TBCD_STRING.BoxedType></imsi.C0.BoxedType>
      <extensionContainer.C1.Sequence>
         <privateExtensionList.C0.BoxedType>
            <Collection>
               <PrivateExtension.Sequence>
                  <extId><ObjectIdentifier>0.1.267.116.45.118.29.33.32.60</ObjectIdentifier></extId>
                  <extType>a2bb45e5f587613932</extType>
               </PrivateExtension.Sequence>
               <PrivateExtension.Sequence>
                  <extId><ObjectIdentifier>0.1.2106.19.126</ObjectIdentifier></extId>
                  <extType>df2919f45657e5e4</extType>
               </PrivateExtension.Sequence>
               <PrivateExtension.Sequence>
                  <extId><ObjectIdentifier>0.1.297.122.69.12.88.83.55.72.15</ObjectIdentifier></extId>
                  <extType>418144</extType>
               </PrivateExtension.Sequence>
            </Collection>
         </privateExtensionList.C0.BoxedType>
         <pcs_Extensions.C1.Sequence>
            
         </pcs_Extensions.C1.Sequence>
      </extensionContainer.C1.Sequence>
   </IST_CommandArg.Sequence>
</ASN>