<?xml version="1.0" encoding="UTF-8"?>

<ASN layer="CAP">
   <IST_AlertRes.Sequence>
      <istAlertTimer.C0.BoxedType><Integer>1</Integer></istAlertTimer.C0.BoxedType>
      <istInformationWithdraw.C1></istInformationWithdraw.C1>
      <callTerminationIndicator.C2.Enum>
         <EnumType>terminateCallActivityReferred.0</EnumType>
      </callTerminationIndicator.C2.Enum>
      <extensionContainer.C3.Sequence>
         <privateExtensionList.C0.BoxedType>
            <Collection>
               <PrivateExtension.Sequence>
                  <extId><ObjectIdentifier>0.1.270.117.106.49.5.3.40.43</ObjectIdentifier></extId>
                  <extType>1a64132cc19826fe7364</extType>
               </PrivateExtension.Sequence>
               <PrivateExtension.Sequence>
                  <extId><ObjectIdentifier>0.1.2103</ObjectIdentifier></extId>
                  <extType>65e1a158</extType>
               </PrivateExtension.Sequence>
               <PrivateExtension.Sequence>
                  <extId><ObjectIdentifier>0.1.217.115.3.18.22</ObjectIdentifier></extId>
                  <extType>a720b01d93</extType>
               </PrivateExtension.Sequence>
            </Collection>
         </privateExtensionList.C0.BoxedType>
         <pcs_Extensions.C1.Sequence>
            
         </pcs_Extensions.C1.Sequence>
      </extensionContainer.C3.Sequence>
   </IST_AlertRes.Sequence>
</ASN>