<?xml version="1.0" encoding="UTF-8"?>

<ASN layer="CAP">
   <IST_AlertArg.Sequence>
      <imsi.C0.BoxedType><TBCD_STRING.BoxedType><Bytes>4122802741
               <field name="digits" value="1422087214" type="Number_BCD" length="5" />
            </Bytes></TBCD_STRING.BoxedType></imsi.C0.BoxedType>
      <extensionContainer.C1.Sequence>
         <privateExtensionList.C0.BoxedType>
            <Collection>
               <PrivateExtension.Sequence>
                  <extId><ObjectIdentifier>0.1.285.68.96</ObjectIdentifier></extId>
                  <extType>cf3045f945cd</extType>
               </PrivateExtension.Sequence>
               <PrivateExtension.Sequence>
                  <extId><ObjectIdentifier>0.1.270.55.91.114.126.87.113.72</ObjectIdentifier></extId>
                  <extType>87fdb3d9fc0de0f3</extType>
               </PrivateExtension.Sequence>
               <PrivateExtension.Sequence>
                  <extId><ObjectIdentifier>0.1.2107.111.7.100.28.101</ObjectIdentifier></extId>
                  <extType>8d6a</extType>
               </PrivateExtension.Sequence>
            </Collection>
         </privateExtensionList.C0.BoxedType>
         <pcs_Extensions.C1.Sequence>
            
         </pcs_Extensions.C1.Sequence>
      </extensionContainer.C1.Sequence>
   </IST_AlertArg.Sequence>
</ASN>