<?xml version="1.0" encoding="UTF-8"?>

<ASN layer="CAP">
   <LCS_AreaEventCancellationArg.Sequence>
      <referenceNumber.C0.BoxedType><Bytes>f2
            <field name="LCS_ReferenceNumber" value="242" type="Integer" length="1" />
         </Bytes></referenceNumber.C0.BoxedType>
      <h_gmlc_address.C1.BoxedType><Bytes>481611651b
            <field name="Address type" value="IPV6:1" type="EnumLong" lengthBit="2" />
            <field name="AddressLength" value="8" type="Integer" lengthBit="6" />
            <field name="IPV4 address" value="22.17.101.27" type="IPV4Address" length="4" />
         </Bytes></h_gmlc_address.C1.BoxedType>
   </LCS_AreaEventCancellationArg.Sequence>
</ASN>