<?xml version="1.0" encoding="UTF-8"?>

<ASN layer="CAP">
   <LCS_MOLRArg.Sequence>
      <molr_Type.C0.Enum>
         <EnumType>deferredMo_lrTTTPInitiation.3</EnumType>
      </molr_Type.C0.Enum>
      <locationMethod.C1.Enum>
         <EnumType>assistedGANSS.4</EnumType>
      </locationMethod.C1.Enum>
      <lcs_QoS.C2.Sequence>
         <horizontal_accuracy.C0.BoxedType><Bytes>e7
               <field name="Accuracy" value="Reserved:231" type="EnumLong" length="1" />
            </Bytes></horizontal_accuracy.C0.BoxedType>
         <verticalCoordinateRequest.C1></verticalCoordinateRequest.C1>
         <vertical_accuracy.C2.BoxedType><Bytes>6c
               <field name="Accuracy" value="NA6:108" type="EnumLong" length="1" />
            </Bytes></vertical_accuracy.C2.BoxedType>
         <responseTime.C3.Sequence><responseTimeCategory.Enum>
               <EnumType>lowdelay.0</EnumType>
            </responseTimeCategory.Enum></responseTime.C3.Sequence>
         <extensionContainer.C4.Sequence>
            <privateExtensionList.C0.BoxedType>
               <Collection>
                  <PrivateExtension.Sequence>
                     <extId><ObjectIdentifier>0.1.2</ObjectIdentifier></extId>
                     <extType>763d4673a0b1008ecb</extType>
                  </PrivateExtension.Sequence>
                  <PrivateExtension.Sequence>
                     <extId><ObjectIdentifier>0.1.271.123.105.92.59.12.61.3</ObjectIdentifier></extId>
                     <extType>105eaae533de27</extType>
                  </PrivateExtension.Sequence>
                  <PrivateExtension.Sequence>
                     <extId><ObjectIdentifier>0.1.245.2.105.89.101.54.24</ObjectIdentifier></extId>
                     <extType>5fbffaae853dbc</extType>
                  </PrivateExtension.Sequence>
               </Collection>
            </privateExtensionList.C0.BoxedType>
            <pcs_Extensions.C1.Sequence>
               
            </pcs_Extensions.C1.Sequence>
         </extensionContainer.C4.Sequence>
         <velocityRequest.C5></velocityRequest.C5>
      </lcs_QoS.C2.Sequence>
      <lcsClientExternalID.C3.Sequence>
         <externalAddress.C0.BoxedType><AddressString.BoxedType><Bytes>3303681730f4
                  <field name="extension" value="extension:0" type="EnumLong" lengthBit="1" />
                  <field name="nature of address" value="network specific number:3" type="EnumLong" lengthBit="3" />
                  <field name="numbering plan" value="data numbering plan (ITU-T Rec X.121):3" type="EnumLong" lengthBit="4" />
                  <field name="digits" value="308671034" type="Number_BCD" lengthBit="36" />
               </Bytes></AddressString.BoxedType></externalAddress.C0.BoxedType>
         <extensionContainer.C1.Sequence>
            <privateExtensionList.C0.BoxedType>
               <Collection>
                  <PrivateExtension.Sequence>
                     <extId><ObjectIdentifier>0.1.263.80.76</ObjectIdentifier></extId>
                     <extType>0b1d0491d3bc3dc9</extType>
                  </PrivateExtension.Sequence>
                  <PrivateExtension.Sequence>
                     <extId><ObjectIdentifier>0.1.20.117.122.23.113.61.79.22.81.76</ObjectIdentifier></extId>
                     <extType>0a49d0</extType>
                  </PrivateExtension.Sequence>
                  <PrivateExtension.Sequence>
                     <extId><ObjectIdentifier>0.1.263.118</ObjectIdentifier></extId>
                     <extType>83d53a17</extType>
                  </PrivateExtension.Sequence>
               </Collection>
            </privateExtensionList.C0.BoxedType>
            <pcs_Extensions.C1.Sequence>
               
            </pcs_Extensions.C1.Sequence>
         </extensionContainer.C1.Sequence>
      </lcsClientExternalID.C3.Sequence>
      <mlc_Number.C4.BoxedType><AddressString.BoxedType><Bytes>ff51052413f8
               <field name="extension" value="no extension:1" type="EnumLong" lengthBit="1" />
               <field name="nature of address" value="reserved for extension:7" type="EnumLong" lengthBit="3" />
               <field name="numbering plan" value="reserved for extension:15" type="EnumLong" lengthBit="4" />
               <field name="digits" value="155042318" type="Number_BCD" lengthBit="36" />
            </Bytes></AddressString.BoxedType></mlc_Number.C4.BoxedType>
      <gpsAssistanceData.C5.BoxedType><Bytes>247867813c0234d3</Bytes></gpsAssistanceData.C5.BoxedType>
      <supportedGADShapes.C6.BoxedType><BitString><BitString value="38a0a05d2dccb2656f3e" trailing="0"/></BitString></supportedGADShapes.C6.BoxedType>
      <lcsServiceTypeID.C7.BoxedType><Integer>1</Integer></lcsServiceTypeID.C7.BoxedType>
      <ageOfLocationInfo.C8.BoxedType><Integer>[1-32766] minuts:1</Integer></ageOfLocationInfo.C8.BoxedType>
      <locationType.C9.Sequence>
         <locationEstimateType.C0.Enum>
            <EnumType>initialLocation.2</EnumType>
         </locationEstimateType.C0.Enum>
         <deferredLocationEventType.C1.BoxedType><BitString><BitString value="1f0533f9416c6b23911e106d24" trailing="0"/></BitString></deferredLocationEventType.C1.BoxedType>
      </locationType.C9.Sequence>
      <pseudonymIndicator.C10></pseudonymIndicator.C10>
      <h_gmlc_address.C11.BoxedType><Bytes>2f51d9c5b6
            <field name="Address type" value="IPV4:0" type="EnumLong" lengthBit="2" />
            <field name="AddressLength" value="47" type="Integer" lengthBit="6" />
            <field name="IPV4 address" value="81.217.197.182" type="IPV4Address" length="4" />
         </Bytes></h_gmlc_address.C11.BoxedType>
      <locationEstimate.C12.BoxedType><Bytes>e5b64c2603ea6e0e
            <field name="TypeOfShape" value="Reserved for future use:14" type="EnumLong" lengthBit="4" />
            <field name="spare" value="5" type="Integer" lengthBit="4" />
            <field name="DegreesOfLatitude" value="11947046" type="Integer" length="3" />
            <field name="DegreesOfLongitude" value="256622" type="Integer" length="3" />
            <field name="UncertaintyCode" value="14" type="Integer" length="1" />
         </Bytes></locationEstimate.C12.BoxedType>
      <velocityEstimate.C13.BoxedType><Bytes>095aa0</Bytes></velocityEstimate.C13.BoxedType>
      <referenceNumber.C14.BoxedType><Bytes>92
            <field name="LCS_ReferenceNumber" value="146" type="Integer" length="1" />
         </Bytes></referenceNumber.C14.BoxedType>
      <periodicLDRInfo.C15.Sequence>
         <reportingAmount.BoxedType><Integer>1</Integer></reportingAmount.BoxedType>
         <reportingInterval.BoxedType><Integer>1</Integer></reportingInterval.BoxedType>
      </periodicLDRInfo.C15.Sequence>
      <locationUpdateRequest.C16></locationUpdateRequest.C16>
      <sequenceNumber.C17.BoxedType><Integer>1</Integer></sequenceNumber.C17.BoxedType>
      <terminationCause.C18.Enum>
         <EnumType>subscriberTermination.0</EnumType>
      </terminationCause.C18.Enum>
      <mo_lrShortCircuit.C19></mo_lrShortCircuit.C19>
      <ganssAssistanceData.C20.BoxedType><Bytes>41a965bc03</Bytes></ganssAssistanceData.C20.BoxedType>
      <multiplePositioningProtocolPDUs.C21.BoxedType>
         <Collection>
            <PositioningProtocolPDU.BoxedType><Bytes>d1c1f0a39c2e9e658d</Bytes></PositioningProtocolPDU.BoxedType>
            <PositioningProtocolPDU.BoxedType><Bytes>4f9000527c0a</Bytes></PositioningProtocolPDU.BoxedType>
            <PositioningProtocolPDU.BoxedType><Bytes>a6ce77d9</Bytes></PositioningProtocolPDU.BoxedType>
         </Collection>
      </multiplePositioningProtocolPDUs.C21.BoxedType>
   </LCS_MOLRArg.Sequence>
</ASN>