<?xml version="1.0" encoding="UTF-8"?>

<ASN layer="CAP">
   <LCS_PeriodicLocationRequestArg.Sequence>
      <referenceNumber.C0.BoxedType><Bytes>18
            <field name="LCS_ReferenceNumber" value="24" type="Integer" length="1" />
         </Bytes></referenceNumber.C0.BoxedType>
      <periodicLDRInfo.C1.Sequence>
         <reportingAmount.BoxedType><Integer>2</Integer></reportingAmount.BoxedType>
         <reportingInterval.BoxedType><Integer>0</Integer></reportingInterval.BoxedType>
      </periodicLDRInfo.C1.Sequence>
      <lcsClientExternalID.C2.Sequence>
         <externalAddress.C0.BoxedType><AddressString.BoxedType><Bytes>4f1173836602
                  <field name="extension" value="extension:0" type="EnumLong" lengthBit="1" />
                  <field name="nature of address" value="subscriber number:4" type="EnumLong" lengthBit="3" />
                  <field name="numbering plan" value="reserved for extension:15" type="EnumLong" lengthBit="4" />
                  <field name="digits" value="1137386620" type="Number_BCD" length="5" />
               </Bytes></AddressString.BoxedType></externalAddress.C0.BoxedType>
         <extensionContainer.C1.Sequence>
            <privateExtensionList.C0.BoxedType>
               <Collection>
                  <PrivateExtension.Sequence>
                     <extId><ObjectIdentifier>0.1.2107</ObjectIdentifier></extId>
                     <extType>7515d367a6390b7c68</extType>
                  </PrivateExtension.Sequence>
                  <PrivateExtension.Sequence>
                     <extId><ObjectIdentifier>0.1.274.116.103</ObjectIdentifier></extId>
                     <extType>c2f66152bd7a0b736f</extType>
                  </PrivateExtension.Sequence>
                  <PrivateExtension.Sequence>
                     <extId><ObjectIdentifier>0.1.2126.100.71.25.100.42.64.37.84.40</ObjectIdentifier></extId>
                     <extType>773ba2</extType>
                  </PrivateExtension.Sequence>
               </Collection>
            </privateExtensionList.C0.BoxedType>
            <pcs_Extensions.C1.Sequence>
               
            </pcs_Extensions.C1.Sequence>
         </extensionContainer.C1.Sequence>
      </lcsClientExternalID.C2.Sequence>
      <qoS.C3.Sequence>
         <horizontal_accuracy.C0.BoxedType><Bytes>65
               <field name="Accuracy" value="NA6:101" type="EnumLong" length="1" />
            </Bytes></horizontal_accuracy.C0.BoxedType>
         <verticalCoordinateRequest.C1></verticalCoordinateRequest.C1>
         <vertical_accuracy.C2.BoxedType><Bytes>29
               <field name="Accuracy" value="NA3:41" type="EnumLong" length="1" />
            </Bytes></vertical_accuracy.C2.BoxedType>
         <responseTime.C3.Sequence><responseTimeCategory.Enum>
               <EnumType>delaytolerant.1</EnumType>
            </responseTimeCategory.Enum></responseTime.C3.Sequence>
         <extensionContainer.C4.Sequence>
            <privateExtensionList.C0.BoxedType>
               <Collection>
                  <PrivateExtension.Sequence>
                     <extId><ObjectIdentifier>0.1.2</ObjectIdentifier></extId>
                     <extType>197e</extType>
                  </PrivateExtension.Sequence>
                  <PrivateExtension.Sequence>
                     <extId><ObjectIdentifier>0.1.29.70.124.61</ObjectIdentifier></extId>
                     <extType>4fbfdb</extType>
                  </PrivateExtension.Sequence>
                  <PrivateExtension.Sequence>
                     <extId><ObjectIdentifier>0.1.255.125.116.22.75.14.78.90</ObjectIdentifier></extId>
                     <extType>2393</extType>
                  </PrivateExtension.Sequence>
               </Collection>
            </privateExtensionList.C0.BoxedType>
            <pcs_Extensions.C1.Sequence>
               
            </pcs_Extensions.C1.Sequence>
         </extensionContainer.C4.Sequence>
         <velocityRequest.C5></velocityRequest.C5>
      </qoS.C3.Sequence>
      <h_gmlc_address.C4.BoxedType><Bytes>0e38f69d21
            <field name="Address type" value="IPV4:0" type="EnumLong" lengthBit="2" />
            <field name="AddressLength" value="14" type="Integer" lengthBit="6" />
            <field name="IPV4 address" value="56.246.157.33" type="IPV4Address" length="4" />
         </Bytes></h_gmlc_address.C4.BoxedType>
      <mo_lrShortCircuit.C5></mo_lrShortCircuit.C5>
      <reportingPLMNList.C6.Sequence>
         <plmn_ListPrioritized.C0></plmn_ListPrioritized.C0>
         <plmn_List.C1.BoxedType>
            <Collection>
               <ReportingPLMN.Sequence>
                  <plmn_Id.C0.BoxedType><Bytes>c557dc40b91c</Bytes></plmn_Id.C0.BoxedType>
                  <ran_Technology.C1.Enum>
                     <EnumType>gsm.0</EnumType>
                  </ran_Technology.C1.Enum>
                  <ran_PeriodicLocationSupport.C2></ran_PeriodicLocationSupport.C2>
               </ReportingPLMN.Sequence>
               <ReportingPLMN.Sequence>
                  <plmn_Id.C0.BoxedType><Bytes>db3743d5848d120baf</Bytes></plmn_Id.C0.BoxedType>
                  <ran_Technology.C1.Enum>
                     <EnumType>gsm.0</EnumType>
                  </ran_Technology.C1.Enum>
                  <ran_PeriodicLocationSupport.C2></ran_PeriodicLocationSupport.C2>
               </ReportingPLMN.Sequence>
               <ReportingPLMN.Sequence>
                  <plmn_Id.C0.BoxedType><Bytes>683e431e</Bytes></plmn_Id.C0.BoxedType>
                  <ran_Technology.C1.Enum>
                     <EnumType>umts.1</EnumType>
                  </ran_Technology.C1.Enum>
                  <ran_PeriodicLocationSupport.C2></ran_PeriodicLocationSupport.C2>
               </ReportingPLMN.Sequence>
            </Collection>
         </plmn_List.C1.BoxedType>
      </reportingPLMNList.C6.Sequence>
   </LCS_PeriodicLocationRequestArg.Sequence>
</ASN>