<?xml version="1.0" encoding="UTF-8"?>

<ASN layer="CAP">
   <LCS_PrivacyClass.Sequence>
      <ss_Code.BoxedType><Bytes>a58674d79adeab</Bytes></ss_Code.BoxedType>
      <ss_Status.BoxedType><Bytes>54206e5ad2c9</Bytes></ss_Status.BoxedType>
      <notificationToMSUser.C0.Enum>
         <EnumType>notifyAndVerify_LocationAllowedIfNoResponse.1</EnumType>
      </notificationToMSUser.C0.Enum>
      <externalClientList.C1.BoxedType>
         <Collection>
            <ExternalClient.Sequence>
               <clientIdentity.Sequence>
                  <externalAddress.C0.BoxedType><AddressString.BoxedType><Bytes>cf1179931956
                           <field name="extension" value="no extension:1" type="EnumLong" lengthBit="1" />
                           <field name="nature of address" value="subscriber number:4" type="EnumLong" lengthBit="3" />
                           <field name="numbering plan" value="reserved for extension:15" type="EnumLong" lengthBit="4" />
                           <field name="digits" value="1197399165" type="Number_BCD" length="5" />
                        </Bytes></AddressString.BoxedType></externalAddress.C0.BoxedType>
                  <extensionContainer.C1.Sequence>
                     <privateExtensionList.C0.BoxedType>
                        <Collection>
                           <PrivateExtension.Sequence>
                              <extId><ObjectIdentifier>0.1.26.86.89.8.89</ObjectIdentifier></extId>
                              <extType>f22fdb</extType>
                           </PrivateExtension.Sequence>
                           <PrivateExtension.Sequence>
                              <extId><ObjectIdentifier>0.1.286.87.41.72.0.47.127</ObjectIdentifier></extId>
                              <extType>847b0ec80fef3ccc</extType>
                           </PrivateExtension.Sequence>
                           <PrivateExtension.Sequence>
                              <extId><ObjectIdentifier>0.1.279.98.62.62.108.38.77.73</ObjectIdentifier></extId>
                              <extType>be7b</extType>
                           </PrivateExtension.Sequence>
                        </Collection>
                     </privateExtensionList.C0.BoxedType>
                     <pcs_Extensions.C1.Sequence>
                        
                     </pcs_Extensions.C1.Sequence>
                  </extensionContainer.C1.Sequence>
               </clientIdentity.Sequence>
               <gmlc_Restriction.C0.Enum>
                  <EnumType>home_Country.1</EnumType>
               </gmlc_Restriction.C0.Enum>
               <notificationToMSUser.C1.Enum>
                  <EnumType>notifyLocationAllowed.0</EnumType>
               </notificationToMSUser.C1.Enum>
               <extensionContainer.C2.Sequence>
                  <privateExtensionList.C0.BoxedType>
                     <Collection>
                        <PrivateExtension.Sequence>
                           <extId><ObjectIdentifier>0.1.239</ObjectIdentifier></extId>
                           <extType>d2da396e9a2cff9cd99a</extType>
                        </PrivateExtension.Sequence>
                        <PrivateExtension.Sequence>
                           <extId><ObjectIdentifier>0.1.277.115.3</ObjectIdentifier></extId>
                           <extType>73ffebe24391bad8</extType>
                        </PrivateExtension.Sequence>
                        <PrivateExtension.Sequence>
                           <extId><ObjectIdentifier>0.1.2108.58.98.31.34.35</ObjectIdentifier></extId>
                           <extType>847e486195d6ba</extType>
                        </PrivateExtension.Sequence>
                     </Collection>
                  </privateExtensionList.C0.BoxedType>
                  <pcs_Extensions.C1.Sequence>
                     
                  </pcs_Extensions.C1.Sequence>
               </extensionContainer.C2.Sequence>
            </ExternalClient.Sequence>
            <ExternalClient.Sequence>
               <clientIdentity.Sequence>
                  <externalAddress.C0.BoxedType><AddressString.BoxedType><Bytes>e339796609f3
                           <field name="extension" value="no extension:1" type="EnumLong" lengthBit="1" />
                           <field name="nature of address" value="abbreviated number:6" type="EnumLong" lengthBit="3" />
                           <field name="numbering plan" value="data numbering plan (ITU-T Rec X.121):3" type="EnumLong" lengthBit="4" />
                           <field name="digits" value="939766903" type="Number_BCD" lengthBit="36" />
                        </Bytes></AddressString.BoxedType></externalAddress.C0.BoxedType>
                  <extensionContainer.C1.Sequence>
                     <privateExtensionList.C0.BoxedType>
                        <Collection>
                           <PrivateExtension.Sequence>
                              <extId><ObjectIdentifier>0.1.296</ObjectIdentifier></extId>
                              <extType>01fb140cf2eb</extType>
                           </PrivateExtension.Sequence>
                           <PrivateExtension.Sequence>
                              <extId><ObjectIdentifier>0.1.256.31.38.33.60.10.56.77.119.123</ObjectIdentifier></extId>
                              <extType>919d415cb4c6c1e4</extType>
                           </PrivateExtension.Sequence>
                           <PrivateExtension.Sequence>
                              <extId><ObjectIdentifier>0.1.295.10.117.117.110.33</ObjectIdentifier></extId>
                              <extType>e37d4db52ed8</extType>
                           </PrivateExtension.Sequence>
                        </Collection>
                     </privateExtensionList.C0.BoxedType>
                     <pcs_Extensions.C1.Sequence>
                        
                     </pcs_Extensions.C1.Sequence>
                  </extensionContainer.C1.Sequence>
               </clientIdentity.Sequence>
               <gmlc_Restriction.C0.Enum>
                  <EnumType>gmlc_List.0</EnumType>
               </gmlc_Restriction.C0.Enum>
               <notificationToMSUser.C1.Enum>
                  <EnumType>notifyAndVerify_LocationNotAllowedIfNoResponse.2</EnumType>
               </notificationToMSUser.C1.Enum>
               <extensionContainer.C2.Sequence>
                  <privateExtensionList.C0.BoxedType>
                     <Collection>
                        <PrivateExtension.Sequence>
                           <extId><ObjectIdentifier>0.1.2108.111.51.61.1</ObjectIdentifier></extId>
                           <extType>afcbb9</extType>
                        </PrivateExtension.Sequence>
                        <PrivateExtension.Sequence>
                           <extId><ObjectIdentifier>0.1.264.112.45.69.61</ObjectIdentifier></extId>
                           <extType>e09198c8fb</extType>
                        </PrivateExtension.Sequence>
                        <PrivateExtension.Sequence>
                           <extId><ObjectIdentifier>0.1.295</ObjectIdentifier></extId>
                           <extType>44c1a996c2e6</extType>
                        </PrivateExtension.Sequence>
                     </Collection>
                  </privateExtensionList.C0.BoxedType>
                  <pcs_Extensions.C1.Sequence>
                     
                  </pcs_Extensions.C1.Sequence>
               </extensionContainer.C2.Sequence>
            </ExternalClient.Sequence>
            <ExternalClient.Sequence>
               <clientIdentity.Sequence>
                  <externalAddress.C0.BoxedType><AddressString.BoxedType><Bytes>6f3154698085
                           <field name="extension" value="extension:0" type="EnumLong" lengthBit="1" />
                           <field name="nature of address" value="abbreviated number:6" type="EnumLong" lengthBit="3" />
                           <field name="numbering plan" value="reserved for extension:15" type="EnumLong" lengthBit="4" />
                           <field name="digits" value="1345960858" type="Number_BCD" length="5" />
                        </Bytes></AddressString.BoxedType></externalAddress.C0.BoxedType>
                  <extensionContainer.C1.Sequence>
                     <privateExtensionList.C0.BoxedType>
                        <Collection>
                           <PrivateExtension.Sequence>
                              <extId><ObjectIdentifier>0.1.289.116</ObjectIdentifier></extId>
                              <extType>c49e06</extType>
                           </PrivateExtension.Sequence>
                           <PrivateExtension.Sequence>
                              <extId><ObjectIdentifier>0.1.251.66</ObjectIdentifier></extId>
                              <extType>fbb37b6b2f02e4</extType>
                           </PrivateExtension.Sequence>
                           <PrivateExtension.Sequence>
                              <extId><ObjectIdentifier>0.1.281.81.84.90.76.111.31.76</ObjectIdentifier></extId>
                              <extType>89cbc0e64deab29d</extType>
                           </PrivateExtension.Sequence>
                        </Collection>
                     </privateExtensionList.C0.BoxedType>
                     <pcs_Extensions.C1.Sequence>
                        
                     </pcs_Extensions.C1.Sequence>
                  </extensionContainer.C1.Sequence>
               </clientIdentity.Sequence>
               <gmlc_Restriction.C0.Enum>
                  <EnumType>gmlc_List.0</EnumType>
               </gmlc_Restriction.C0.Enum>
               <notificationToMSUser.C1.Enum>
                  <EnumType>notifyAndVerify_LocationAllowedIfNoResponse.1</EnumType>
               </notificationToMSUser.C1.Enum>
               <extensionContainer.C2.Sequence>
                  <privateExtensionList.C0.BoxedType>
                     <Collection>
                        <PrivateExtension.Sequence>
                           <extId><ObjectIdentifier>0.1.21.77.112.26</ObjectIdentifier></extId>
                           <extType>82c0fb834ff8248060</extType>
                        </PrivateExtension.Sequence>
                        <PrivateExtension.Sequence>
                           <extId><ObjectIdentifier>0.1.240.57.12.107.85</ObjectIdentifier></extId>
                           <extType>96eecb63130f36e7cb</extType>
                        </PrivateExtension.Sequence>
                        <PrivateExtension.Sequence>
                           <extId><ObjectIdentifier>0.1.242.128.8</ObjectIdentifier></extId>
                           <extType>212008568b8f4983</extType>
                        </PrivateExtension.Sequence>
                     </Collection>
                  </privateExtensionList.C0.BoxedType>
                  <pcs_Extensions.C1.Sequence>
                     
                  </pcs_Extensions.C1.Sequence>
               </extensionContainer.C2.Sequence>
            </ExternalClient.Sequence>
         </Collection>
      </externalClientList.C1.BoxedType>
      <plmnClientList.C2.BoxedType>
         <Collection>
            <LCSClientInternalID.Enum>
               <EnumType>anonymousLocation.3</EnumType>
            </LCSClientInternalID.Enum>
            <LCSClientInternalID.Enum>
               <EnumType>o_andM_HPLMN.1</EnumType>
            </LCSClientInternalID.Enum>
            <LCSClientInternalID.Enum>
               <EnumType>o_andM_HPLMN.1</EnumType>
            </LCSClientInternalID.Enum>
         </Collection>
      </plmnClientList.C2.BoxedType>
      <extensionContainer.C3.Sequence>
         <privateExtensionList.C0.BoxedType>
            <Collection>
               <PrivateExtension.Sequence>
                  <extId><ObjectIdentifier>0.1.231</ObjectIdentifier></extId>
                  <extType>1752ebc0868f1f</extType>
               </PrivateExtension.Sequence>
               <PrivateExtension.Sequence>
                  <extId><ObjectIdentifier>0.1.2111.65.71</ObjectIdentifier></extId>
                  <extType>69a9c47fa996</extType>
               </PrivateExtension.Sequence>
               <PrivateExtension.Sequence>
                  <extId><ObjectIdentifier>0.1.287.126.110.106.99.93.121.9.41.11</ObjectIdentifier></extId>
                  <extType>a719c2facbca87</extType>
               </PrivateExtension.Sequence>
            </Collection>
         </privateExtensionList.C0.BoxedType>
         <pcs_Extensions.C1.Sequence>
            
         </pcs_Extensions.C1.Sequence>
      </extensionContainer.C3.Sequence>
      <ext_externalClientList.C4.BoxedType>
         <Collection>
            <ExternalClient.Sequence>
               <clientIdentity.Sequence>
                  <externalAddress.C0.BoxedType><AddressString.BoxedType><Bytes>9d47115818f6
                           <field name="extension" value="no extension:1" type="EnumLong" lengthBit="1" />
                           <field name="nature of address" value="international number:1" type="EnumLong" lengthBit="3" />
                           <field name="numbering plan" value="13" type="EnumLong" lengthBit="4" />
                           <field name="digits" value="741185816" type="Number_BCD" lengthBit="36" />
                        </Bytes></AddressString.BoxedType></externalAddress.C0.BoxedType>
                  <extensionContainer.C1.Sequence>
                     <privateExtensionList.C0.BoxedType>
                        <Collection>
                           <PrivateExtension.Sequence>
                              <extId><ObjectIdentifier>0.1.280.119.73.68.104.124</ObjectIdentifier></extId>
                              <extType>89fe0539b2ff</extType>
                           </PrivateExtension.Sequence>
                           <PrivateExtension.Sequence>
                              <extId><ObjectIdentifier>0.1.211.69.38</ObjectIdentifier></extId>
                              <extType>a4</extType>
                           </PrivateExtension.Sequence>
                           <PrivateExtension.Sequence>
                              <extId><ObjectIdentifier>0.1.26.7.1.35.116.120.44.101</ObjectIdentifier></extId>
                              <extType>8426f0065345e6</extType>
                           </PrivateExtension.Sequence>
                        </Collection>
                     </privateExtensionList.C0.BoxedType>
                     <pcs_Extensions.C1.Sequence>
                        
                     </pcs_Extensions.C1.Sequence>
                  </extensionContainer.C1.Sequence>
               </clientIdentity.Sequence>
               <gmlc_Restriction.C0.Enum>
                  <EnumType>home_Country.1</EnumType>
               </gmlc_Restriction.C0.Enum>
               <notificationToMSUser.C1.Enum>
                  <EnumType>notifyAndVerify_LocationAllowedIfNoResponse.1</EnumType>
               </notificationToMSUser.C1.Enum>
               <extensionContainer.C2.Sequence>
                  <privateExtensionList.C0.BoxedType>
                     <Collection>
                        <PrivateExtension.Sequence>
                           <extId><ObjectIdentifier>0.1.2</ObjectIdentifier></extId>
                           <extType>a6cc0d1f</extType>
                        </PrivateExtension.Sequence>
                        <PrivateExtension.Sequence>
                           <extId><ObjectIdentifier>0.1.253.71.18</ObjectIdentifier></extId>
                           <extType>6fed</extType>
                        </PrivateExtension.Sequence>
                        <PrivateExtension.Sequence>
                           <extId><ObjectIdentifier>0.1.298.85.17.4.0.66.64.28</ObjectIdentifier></extId>
                           <extType>51f355a2d0</extType>
                        </PrivateExtension.Sequence>
                     </Collection>
                  </privateExtensionList.C0.BoxedType>
                  <pcs_Extensions.C1.Sequence>
                     
                  </pcs_Extensions.C1.Sequence>
               </extensionContainer.C2.Sequence>
            </ExternalClient.Sequence>
            <ExternalClient.Sequence>
               <clientIdentity.Sequence>
                  <externalAddress.C0.BoxedType><AddressString.BoxedType><Bytes>ac0202270247
                           <field name="extension" value="no extension:1" type="EnumLong" lengthBit="1" />
                           <field name="nature of address" value="national significant number:2" type="EnumLong" lengthBit="3" />
                           <field name="numbering plan" value="12" type="EnumLong" lengthBit="4" />
                           <field name="digits" value="2020722074" type="Number_BCD" length="5" />
                        </Bytes></AddressString.BoxedType></externalAddress.C0.BoxedType>
                  <extensionContainer.C1.Sequence>
                     <privateExtensionList.C0.BoxedType>
                        <Collection>
                           <PrivateExtension.Sequence>
                              <extId><ObjectIdentifier>0.1.247.90.34.45</ObjectIdentifier></extId>
                              <extType>cc04f215ea</extType>
                           </PrivateExtension.Sequence>
                           <PrivateExtension.Sequence>
                              <extId><ObjectIdentifier>0.1.27.51.30.68</ObjectIdentifier></extId>
                              <extType>5fd71063f1da0c9fb0</extType>
                           </PrivateExtension.Sequence>
                           <PrivateExtension.Sequence>
                              <extId><ObjectIdentifier>0.1.235.110.38.96.44.7.77.64</ObjectIdentifier></extId>
                              <extType>4041aa</extType>
                           </PrivateExtension.Sequence>
                        </Collection>
                     </privateExtensionList.C0.BoxedType>
                     <pcs_Extensions.C1.Sequence>
                        
                     </pcs_Extensions.C1.Sequence>
                  </extensionContainer.C1.Sequence>
               </clientIdentity.Sequence>
               <gmlc_Restriction.C0.Enum>
                  <EnumType>home_Country.1</EnumType>
               </gmlc_Restriction.C0.Enum>
               <notificationToMSUser.C1.Enum>
                  <EnumType>locationNotAllowed.3</EnumType>
               </notificationToMSUser.C1.Enum>
               <extensionContainer.C2.Sequence>
                  <privateExtensionList.C0.BoxedType>
                     <Collection>
                        <PrivateExtension.Sequence>
                           <extId><ObjectIdentifier>0.1.277</ObjectIdentifier></extId>
                           <extType>e33f1e72</extType>
                        </PrivateExtension.Sequence>
                        <PrivateExtension.Sequence>
                           <extId><ObjectIdentifier>0.1.293.22.43.55.67.41.79.31</ObjectIdentifier></extId>
                           <extType>c61e8ce4f0</extType>
                        </PrivateExtension.Sequence>
                        <PrivateExtension.Sequence>
                           <extId><ObjectIdentifier>0.1.2106.51.59.68</ObjectIdentifier></extId>
                           <extType>2511c0bdd58dd4b9</extType>
                        </PrivateExtension.Sequence>
                     </Collection>
                  </privateExtensionList.C0.BoxedType>
                  <pcs_Extensions.C1.Sequence>
                     
                  </pcs_Extensions.C1.Sequence>
               </extensionContainer.C2.Sequence>
            </ExternalClient.Sequence>
            <ExternalClient.Sequence>
               <clientIdentity.Sequence>
                  <externalAddress.C0.BoxedType><AddressString.BoxedType><Bytes>3487000326f3
                           <field name="extension" value="extension:0" type="EnumLong" lengthBit="1" />
                           <field name="nature of address" value="network specific number:3" type="EnumLong" lengthBit="3" />
                           <field name="numbering plan" value="telex numbering plan (ITU-T Rec F.69):4" type="EnumLong" lengthBit="4" />
                           <field name="digits" value="780030623" type="Number_BCD" lengthBit="36" />
                        </Bytes></AddressString.BoxedType></externalAddress.C0.BoxedType>
                  <extensionContainer.C1.Sequence>
                     <privateExtensionList.C0.BoxedType>
                        <Collection>
                           <PrivateExtension.Sequence>
                              <extId><ObjectIdentifier>0.1.227.52.84.12.33.50.72.99</ObjectIdentifier></extId>
                              <extType>f94b0440e397</extType>
                           </PrivateExtension.Sequence>
                           <PrivateExtension.Sequence>
                              <extId><ObjectIdentifier>0.1.293.77.64.51.65.58</ObjectIdentifier></extId>
                              <extType>920daf5f37f2</extType>
                           </PrivateExtension.Sequence>
                           <PrivateExtension.Sequence>
                              <extId><ObjectIdentifier>0.1.26.93.67</ObjectIdentifier></extId>
                              <extType>fe29f53be1eba2c8ff</extType>
                           </PrivateExtension.Sequence>
                        </Collection>
                     </privateExtensionList.C0.BoxedType>
                     <pcs_Extensions.C1.Sequence>
                        
                     </pcs_Extensions.C1.Sequence>
                  </extensionContainer.C1.Sequence>
               </clientIdentity.Sequence>
               <gmlc_Restriction.C0.Enum>
                  <EnumType>gmlc_List.0</EnumType>
               </gmlc_Restriction.C0.Enum>
               <notificationToMSUser.C1.Enum>
                  <EnumType>notifyAndVerify_LocationNotAllowedIfNoResponse.2</EnumType>
               </notificationToMSUser.C1.Enum>
               <extensionContainer.C2.Sequence>
                  <privateExtensionList.C0.BoxedType>
                     <Collection>
                        <PrivateExtension.Sequence>
                           <extId><ObjectIdentifier>0.1.263.91.111</ObjectIdentifier></extId>
                           <extType>212712fffafa43</extType>
                        </PrivateExtension.Sequence>
                        <PrivateExtension.Sequence>
                           <extId><ObjectIdentifier>0.1.2</ObjectIdentifier></extId>
                           <extType>bd86aa016921486f</extType>
                        </PrivateExtension.Sequence>
                        <PrivateExtension.Sequence>
                           <extId><ObjectIdentifier>0.1.270.56.41</ObjectIdentifier></extId>
                           <extType>3ea6fc</extType>
                        </PrivateExtension.Sequence>
                     </Collection>
                  </privateExtensionList.C0.BoxedType>
                  <pcs_Extensions.C1.Sequence>
                     
                  </pcs_Extensions.C1.Sequence>
               </extensionContainer.C2.Sequence>
            </ExternalClient.Sequence>
         </Collection>
      </ext_externalClientList.C4.BoxedType>
      <serviceTypeList.C5.BoxedType>
         <Collection>
            <ServiceType.Sequence>
               <serviceTypeIdentity.BoxedType><Integer>1</Integer></serviceTypeIdentity.BoxedType>
               <gmlc_Restriction.C0.Enum>
                  <EnumType>home_Country.1</EnumType>
               </gmlc_Restriction.C0.Enum>
               <notificationToMSUser.C1.Enum>
                  <EnumType>locationNotAllowed.3</EnumType>
               </notificationToMSUser.C1.Enum>
               <extensionContainer.C2.Sequence>
                  <privateExtensionList.C0.BoxedType>
                     <Collection>
                        <PrivateExtension.Sequence>
                           <extId><ObjectIdentifier>0.1.2102.105.96.14.51.74.77.73.122</ObjectIdentifier></extId>
                           <extType>e2c78c6c</extType>
                        </PrivateExtension.Sequence>
                        <PrivateExtension.Sequence>
                           <extId><ObjectIdentifier>0.1.282.96.124.75.75.59.48.20</ObjectIdentifier></extId>
                           <extType>97ff</extType>
                        </PrivateExtension.Sequence>
                        <PrivateExtension.Sequence>
                           <extId><ObjectIdentifier>0.1.2127</ObjectIdentifier></extId>
                           <extType>8574a7045094bd</extType>
                        </PrivateExtension.Sequence>
                     </Collection>
                  </privateExtensionList.C0.BoxedType>
                  <pcs_Extensions.C1.Sequence>
                     
                  </pcs_Extensions.C1.Sequence>
               </extensionContainer.C2.Sequence>
            </ServiceType.Sequence>
            <ServiceType.Sequence>
               <serviceTypeIdentity.BoxedType><Integer>0</Integer></serviceTypeIdentity.BoxedType>
               <gmlc_Restriction.C0.Enum>
                  <EnumType>home_Country.1</EnumType>
               </gmlc_Restriction.C0.Enum>
               <notificationToMSUser.C1.Enum>
                  <EnumType>locationNotAllowed.3</EnumType>
               </notificationToMSUser.C1.Enum>
               <extensionContainer.C2.Sequence>
                  <privateExtensionList.C0.BoxedType>
                     <Collection>
                        <PrivateExtension.Sequence>
                           <extId><ObjectIdentifier>0.1.273.84</ObjectIdentifier></extId>
                           <extType>d44398eb94338f</extType>
                        </PrivateExtension.Sequence>
                        <PrivateExtension.Sequence>
                           <extId><ObjectIdentifier>0.1.2110.101</ObjectIdentifier></extId>
                           <extType>3b26c614</extType>
                        </PrivateExtension.Sequence>
                        <PrivateExtension.Sequence>
                           <extId><ObjectIdentifier>0.1.2106.100.40.77.117.23.43</ObjectIdentifier></extId>
                           <extType>907b12b2fff64d499e</extType>
                        </PrivateExtension.Sequence>
                     </Collection>
                  </privateExtensionList.C0.BoxedType>
                  <pcs_Extensions.C1.Sequence>
                     
                  </pcs_Extensions.C1.Sequence>
               </extensionContainer.C2.Sequence>
            </ServiceType.Sequence>
            <ServiceType.Sequence>
               <serviceTypeIdentity.BoxedType><Integer>2</Integer></serviceTypeIdentity.BoxedType>
               <gmlc_Restriction.C0.Enum>
                  <EnumType>home_Country.1</EnumType>
               </gmlc_Restriction.C0.Enum>
               <notificationToMSUser.C1.Enum>
                  <EnumType>locationNotAllowed.3</EnumType>
               </notificationToMSUser.C1.Enum>
               <extensionContainer.C2.Sequence>
                  <privateExtensionList.C0.BoxedType>
                     <Collection>
                        <PrivateExtension.Sequence>
                           <extId><ObjectIdentifier>0.1.266</ObjectIdentifier></extId>
                           <extType>057eb2</extType>
                        </PrivateExtension.Sequence>
                        <PrivateExtension.Sequence>
                           <extId><ObjectIdentifier>0.1.2116.37</ObjectIdentifier></extId>
                           <extType>9947</extType>
                        </PrivateExtension.Sequence>
                        <PrivateExtension.Sequence>
                           <extId><ObjectIdentifier>0.1.264.115.109.95.49</ObjectIdentifier></extId>
                           <extType>058572d5b298</extType>
                        </PrivateExtension.Sequence>
                     </Collection>
                  </privateExtensionList.C0.BoxedType>
                  <pcs_Extensions.C1.Sequence>
                     
                  </pcs_Extensions.C1.Sequence>
               </extensionContainer.C2.Sequence>
            </ServiceType.Sequence>
         </Collection>
      </serviceTypeList.C5.BoxedType>
   </LCS_PrivacyClass.Sequence>
</ASN>