<?xml version="1.0" encoding="UTF-8"?>

<ASN layer="CAP">
   <LCS_MOLRRes.Sequence>
      <locationEstimate.C0.BoxedType><Bytes>991918f830388bfe
            <field name="TypeOfShape" value="Ellipsoid point with altitude and uncertainty Ellipsoid:9" type="EnumLong" lengthBit="4" />
            <field name="spare" value="9" type="Integer" lengthBit="4" />
            <field name="DegreesOfLatitude" value="1644792" type="Integer" length="3" />
            <field name="DegreesOfLongitude" value="3160203" type="Integer" length="3" />
            <field name="UncertaintyCode" value="254" type="Integer" length="1" />
         </Bytes></locationEstimate.C0.BoxedType>
      <decipheringKeys.C1.BoxedType><Bytes>6a</Bytes></decipheringKeys.C1.BoxedType>
      <add_LocationEstimate.C2.BoxedType><Bytes>548e492864535b094b7741cc46
            <field name="TypeOfShape" value="Polygon:5" type="EnumLong" lengthBit="4" />
            <field name="spare" value="4" type="Integer" lengthBit="4" />
            <field name="DegreesOfLatitude" value="9324840" type="Integer" length="3" />
            <field name="DegreesOfLongitude" value="6574939" type="Integer" length="3" />
            <field name="InnerRadius" value="9" type="Integer" length="1" />
            <field name="UncertaintyRadius" value="19319" type="Integer" length="2" />
            <field name="OffsetAngle" value="65" type="Integer" length="1" />
            <field name="IncludedAngle" value="204" type="Integer" length="1" />
            <field name="Confidence" value="70" type="Integer" length="1" />
         </Bytes></add_LocationEstimate.C2.BoxedType>
      <velocityEstimate.C3.BoxedType><Bytes>b9330e817fa2616a</Bytes></velocityEstimate.C3.BoxedType>
      <referenceNumber.C4.BoxedType><Bytes>33
            <field name="LCS_ReferenceNumber" value="51" type="Integer" length="1" />
         </Bytes></referenceNumber.C4.BoxedType>
      <h_gmlc_address.C5.BoxedType><Bytes>0392e10629
            <field name="Address type" value="IPV4:0" type="EnumLong" lengthBit="2" />
            <field name="AddressLength" value="3" type="Integer" lengthBit="6" />
            <field name="IPV4 address" value="146.225.6.41" type="IPV4Address" length="4" />
         </Bytes></h_gmlc_address.C5.BoxedType>
      <mo_lrShortCircuit.C6></mo_lrShortCircuit.C6>
      <reportingPLMNList.C7.Sequence>
         <plmn_ListPrioritized.C0></plmn_ListPrioritized.C0>
         <plmn_List.C1.BoxedType>
            <Collection>
               <ReportingPLMN.Sequence>
                  <plmn_Id.C0.BoxedType><Bytes>755c27</Bytes></plmn_Id.C0.BoxedType>
                  <ran_Technology.C1.Enum>
                     <EnumType>umts.1</EnumType>
                  </ran_Technology.C1.Enum>
                  <ran_PeriodicLocationSupport.C2></ran_PeriodicLocationSupport.C2>
               </ReportingPLMN.Sequence>
               <ReportingPLMN.Sequence>
                  <plmn_Id.C0.BoxedType><Bytes>be3fafb102fa8dd1edc5</Bytes></plmn_Id.C0.BoxedType>
                  <ran_Technology.C1.Enum>
                     <EnumType>umts.1</EnumType>
                  </ran_Technology.C1.Enum>
                  <ran_PeriodicLocationSupport.C2></ran_PeriodicLocationSupport.C2>
               </ReportingPLMN.Sequence>
               <ReportingPLMN.Sequence>
                  <plmn_Id.C0.BoxedType><Bytes>caf4c975d49898</Bytes></plmn_Id.C0.BoxedType>
                  <ran_Technology.C1.Enum>
                     <EnumType>umts.1</EnumType>
                  </ran_Technology.C1.Enum>
                  <ran_PeriodicLocationSupport.C2></ran_PeriodicLocationSupport.C2>
               </ReportingPLMN.Sequence>
            </Collection>
         </plmn_List.C1.BoxedType>
      </reportingPLMNList.C7.Sequence>
   </LCS_MOLRRes.Sequence>
</ASN>