<?xml version="1.0" encoding="UTF-8"?>

<ASN layer="CAP">
   <LCS_LocationUpdateArg.Sequence>
      <referenceNumber.C0.BoxedType><Bytes>30
            <field name="LCS_ReferenceNumber" value="48" type="Integer" length="1" />
         </Bytes></referenceNumber.C0.BoxedType>
      <add_LocationEstimate.C1.BoxedType><Bytes>75613fe35ed35d45e3bd866c4c
            <field name="TypeOfShape" value="Reserved for future use:7" type="EnumLong" lengthBit="4" />
            <field name="spare" value="5" type="Integer" lengthBit="4" />
            <field name="DegreesOfLatitude" value="6373347" type="Integer" length="3" />
            <field name="DegreesOfLongitude" value="6214493" type="Integer" length="3" />
            <field name="InnerRadius" value="69" type="Integer" length="1" />
            <field name="UncertaintyRadius" value="58301" type="Integer" length="2" />
            <field name="OffsetAngle" value="134" type="Integer" length="1" />
            <field name="IncludedAngle" value="108" type="Integer" length="1" />
            <field name="Confidence" value="76" type="Integer" length="1" />
         </Bytes></add_LocationEstimate.C1.BoxedType>
      <velocityEstimate.C2.BoxedType><Bytes>942e</Bytes></velocityEstimate.C2.BoxedType>
      <sequenceNumber.C3.BoxedType><Integer>2</Integer></sequenceNumber.C3.BoxedType>
   </LCS_LocationUpdateArg.Sequence>
</ASN>