<?xml version="1.0" encoding="UTF-8"?>

<ASN layer="CAP">
   <LocationNotificationArg.Sequence>
      <notificationType.C0.Enum>
         <EnumType>notifyLocationAllowed.0</EnumType>
      </notificationType.C0.Enum>
      <locationType.C1.Sequence>
         <locationEstimateType.C0.Enum>
            <EnumType>currentLocation.0</EnumType>
         </locationEstimateType.C0.Enum>
         <deferredLocationEventType.C1.BoxedType><BitString><BitString value="33f133151820f640dacf987e" trailing="0"/></BitString></deferredLocationEventType.C1.BoxedType>
      </locationType.C1.Sequence>
      <lcsClientExternalID.C2.Sequence>
         <externalAddress.C0.BoxedType><AddressString.BoxedType><Bytes>e6686364f7
                  <field name="extension" value="no extension:1" type="EnumLong" lengthBit="1" />
                  <field name="nature of address" value="abbreviated number:6" type="EnumLong" lengthBit="3" />
                  <field name="numbering plan" value="land mobile numbering plan (ITU-T Rec E.212):6" type="EnumLong" lengthBit="4" />
                  <field name="digits" value="8636467" type="Number_BCD" lengthBit="28" />
               </Bytes></AddressString.BoxedType></externalAddress.C0.BoxedType>
         <extensionContainer.C1.Sequence>
            <privateExtensionList.C0.BoxedType>
               <Collection>
                  <PrivateExtension.Sequence>
                     <extId><ObjectIdentifier>0.1.296.85.96.47.72.85.108.31.38</ObjectIdentifier></extId>
                     <extType>4bd73e89682b8525</extType>
                  </PrivateExtension.Sequence>
                  <PrivateExtension.Sequence>
                     <extId><ObjectIdentifier>0.1.2</ObjectIdentifier></extId>
                     <extType>98f0fa0b5aaf0ee399b3</extType>
                  </PrivateExtension.Sequence>
                  <PrivateExtension.Sequence>
                     <extId><ObjectIdentifier>0.1.280.74.55</ObjectIdentifier></extId>
                     <extType>75788b522e6916996a</extType>
                  </PrivateExtension.Sequence>
               </Collection>
            </privateExtensionList.C0.BoxedType>
            <pcs_Extensions.C1.Sequence>
               
            </pcs_Extensions.C1.Sequence>
         </extensionContainer.C1.Sequence>
      </lcsClientExternalID.C2.Sequence>
      <lcsClientName.C3.Sequence>
         <dataCodingScheme.C0.BoxedType><Bytes>e5
               <field name="Coding Group Bits" value="Defined by the WAP Forum:14" type="EnumLong" lengthBit="4" />
               <field name="Alphabet" value="8 bit data {UTF-8}:1" type="EnumLong" lengthBit="2" />
               <field name="Message Class" value="Class 1 Default meaning ME-specific:1" type="EnumLong" lengthBit="2" />
            </Bytes></dataCodingScheme.C0.BoxedType>
         <nameString.C2.BoxedType><USSD_String.BoxedType><Bytes>3a3197
                  <field name="binary" value="3a3197" type="Binary" length="3" />
               </Bytes></USSD_String.BoxedType></nameString.C2.BoxedType>
         <lcs_FormatIndicator.C3.Enum>
            <EnumType>sipUrl.4</EnumType>
         </lcs_FormatIndicator.C3.Enum>
      </lcsClientName.C3.Sequence>
      <lcsRequestorID.C4.Sequence>
         <dataCodingScheme.C0.BoxedType><Bytes>a5
               <field name="Coding Group Bits" value="Reserved coding groups:10" type="EnumLong" lengthBit="4" />
               <field name="Alphabet" value="8 bit data {UTF-8}:1" type="EnumLong" lengthBit="2" />
               <field name="Message Class" value="Class 1 Default meaning ME-specific:1" type="EnumLong" lengthBit="2" />
            </Bytes></dataCodingScheme.C0.BoxedType>
         <requestorIDString.C1.BoxedType><USSD_String.BoxedType><Bytes>959c39
                  <field name="binary" value="959c39" type="Binary" length="3" />
               </Bytes></USSD_String.BoxedType></requestorIDString.C1.BoxedType>
         <lcs_FormatIndicator.C2.Enum>
            <EnumType>msisdn.2</EnumType>
         </lcs_FormatIndicator.C2.Enum>
      </lcsRequestorID.C4.Sequence>
      <lcsCodeword.C5.Sequence>
         <dataCodingScheme.C0.BoxedType><Bytes>a6
               <field name="Coding Group Bits" value="Reserved coding groups:10" type="EnumLong" lengthBit="4" />
               <field name="Alphabet" value="8 bit data {UTF-8}:1" type="EnumLong" lengthBit="2" />
               <field name="Message Class" value="Class 2 (U)SIM specific message:2" type="EnumLong" lengthBit="2" />
            </Bytes></dataCodingScheme.C0.BoxedType>
         <lcsCodewordString.C1.BoxedType><USSD_String.BoxedType><Bytes>96b53ba0e8002109
                  <field name="binary" value="96b53ba0e8002109" type="Binary" length="8" />
               </Bytes></USSD_String.BoxedType></lcsCodewordString.C1.BoxedType>
      </lcsCodeword.C5.Sequence>
      <lcsServiceTypeID.C6.BoxedType><Integer>1</Integer></lcsServiceTypeID.C6.BoxedType>
   </LocationNotificationArg.Sequence>
</ASN>