<?xml version="1.0" encoding="UTF-8"?>

<ASN layer="CAP">
   <MessageWaitListFullParam.Sequence><extensionContainer.Sequence>
         <privateExtensionList.C0.BoxedType>
            <Collection>
               <PrivateExtension.Sequence>
                  <extId><ObjectIdentifier>0.1.233.20</ObjectIdentifier></extId>
                  <extType>6ac286076c237d</extType>
               </PrivateExtension.Sequence>
               <PrivateExtension.Sequence>
                  <extId><ObjectIdentifier>0.1.285.81.66.22</ObjectIdentifier></extId>
                  <extType>0979a8e8bef699f8</extType>
               </PrivateExtension.Sequence>
               <PrivateExtension.Sequence>
                  <extId><ObjectIdentifier>0.1.237.124.43.79.33.28</ObjectIdentifier></extId>
                  <extType>c186</extType>
               </PrivateExtension.Sequence>
            </Collection>
         </privateExtensionList.C0.BoxedType>
         <pcs_Extensions.C1.Sequence>
            
         </pcs_Extensions.C1.Sequence>
      </extensionContainer.Sequence></MessageWaitListFullParam.Sequence>
</ASN>