<?xml version="1.0" encoding="UTF-8"?>

<ASN layer="CAP">
   <MetDPCriterion.Choice>
      <enteringCellGlobalId.C0.BoxedType><Bytes>715431444088c4
            <field name="MMC" value="174,135" type="NumberMMC" length="3" />
            <field name="LAC" value="17472" type="Integer" length="2" />
            <field name="CI_SAC" value="35012" type="Integer" length="2" />
         </Bytes></enteringCellGlobalId.C0.BoxedType>
      <leavingCellGlobalId.C1.BoxedType><Bytes>01f373af0d00ae
            <field name="MMC" value="103,37" type="NumberMMC" length="3" />
            <field name="LAC" value="44813" type="Integer" length="2" />
            <field name="CI_SAC" value="174" type="Integer" length="2" />
         </Bytes></leavingCellGlobalId.C1.BoxedType>
      <enteringServiceAreaId.C2.BoxedType><Bytes>11941233fc4ef1
            <field name="MMC" value="114,219" type="NumberMMC" length="3" />
            <field name="LAC" value="13308" type="Integer" length="2" />
            <field name="CI_SAC" value="20209" type="Integer" length="2" />
         </Bytes></enteringServiceAreaId.C2.BoxedType>
      <leavingServiceAreaId.C3.BoxedType><Bytes>9107216973c76b
            <field name="MMC" value="197,120" type="NumberMMC" length="3" />
            <field name="LAC" value="26995" type="Integer" length="2" />
            <field name="CI_SAC" value="51051" type="Integer" length="2" />
         </Bytes></leavingServiceAreaId.C3.BoxedType>
      <enteringLocationAreaId.C4.BoxedType><Bytes>12f4570533
            <field name="MMC" value="214,75" type="NumberMMC" length="3" />
            <field name="LAC" value="1331" type="Integer" length="2" />
         </Bytes></enteringLocationAreaId.C4.BoxedType>
      <leavingLocationAreaId.C5.BoxedType><Bytes>51066119c5
            <field name="MMC" value="156,160" type="NumberMMC" length="3" />
            <field name="LAC" value="6597" type="Integer" length="2" />
         </Bytes></leavingLocationAreaId.C5.BoxedType>
      <inter_SystemHandOverToUMTS.C6></inter_SystemHandOverToUMTS.C6>
      <inter_SystemHandOverToGSM.C7></inter_SystemHandOverToGSM.C7>
      <inter_PLMNHandOver.C8></inter_PLMNHandOver.C8>
      <inter_MSCHandOver.C9></inter_MSCHandOver.C9>
      <metDPCriterionAlt.C10.Sequence>
         
      </metDPCriterionAlt.C10.Sequence>
   </MetDPCriterion.Choice>
</ASN>