<?xml version="1.0" encoding="UTF-8"?>

<ASN layer="CAP">
   <MOLR_Class.Sequence>
      <ss_Code.BoxedType><Bytes>ce4d285b9f53</Bytes></ss_Code.BoxedType>
      <ss_Status.BoxedType><Bytes>579521</Bytes></ss_Status.BoxedType>
      <extensionContainer.C0.Sequence>
         <privateExtensionList.C0.BoxedType>
            <Collection>
               <PrivateExtension.Sequence>
                  <extId><ObjectIdentifier>0.1.265.29</ObjectIdentifier></extId>
                  <extType>3a13</extType>
               </PrivateExtension.Sequence>
               <PrivateExtension.Sequence>
                  <extId><ObjectIdentifier>0.1.237.45.70.76.106.38.128.1.6.24</ObjectIdentifier></extId>
                  <extType>5d85</extType>
               </PrivateExtension.Sequence>
               <PrivateExtension.Sequence>
                  <extId><ObjectIdentifier>0.1.287.121.124.16.72</ObjectIdentifier></extId>
                  <extType>b58876ce</extType>
               </PrivateExtension.Sequence>
            </Collection>
         </privateExtensionList.C0.BoxedType>
         <pcs_Extensions.C1.Sequence>
            
         </pcs_Extensions.C1.Sequence>
      </extensionContainer.C0.Sequence>
   </MOLR_Class.Sequence>
</ASN>