<?xml version="1.0" encoding="UTF-8"?>

<ASN layer="CAP">
   <MT_ForwardSM_VGCS_Res.Sequence>
      <sm_RP_UI.C0.BoxedType><Bytes>8286797a15c679d305</Bytes></sm_RP_UI.C0.BoxedType>
      <dispatcherList.C1.BoxedType>
         <Collection>
            <ISDN_AddressString.BoxedType><AddressString.BoxedType><Bytes>0a07303013f0
                     <field name="extension" value="extension:0" type="EnumLong" lengthBit="1" />
                     <field name="nature of address" value="unknown:0" type="EnumLong" lengthBit="3" />
                     <field name="numbering plan" value="10" type="EnumLong" lengthBit="4" />
                     <field name="digits" value="700303310" type="Number_BCD" lengthBit="36" />
                  </Bytes></AddressString.BoxedType></ISDN_AddressString.BoxedType>
            <ISDN_AddressString.BoxedType><AddressString.BoxedType><Bytes>e422890978f6
                     <field name="extension" value="no extension:1" type="EnumLong" lengthBit="1" />
                     <field name="nature of address" value="abbreviated number:6" type="EnumLong" lengthBit="3" />
                     <field name="numbering plan" value="telex numbering plan (ITU-T Rec F.69):4" type="EnumLong" lengthBit="4" />
                     <field name="digits" value="229890876" type="Number_BCD" lengthBit="36" />
                  </Bytes></AddressString.BoxedType></ISDN_AddressString.BoxedType>
            <ISDN_AddressString.BoxedType><AddressString.BoxedType><Bytes>2825980222
                     <field name="extension" value="extension:0" type="EnumLong" lengthBit="1" />
                     <field name="nature of address" value="national significant number:2" type="EnumLong" lengthBit="3" />
                     <field name="numbering plan" value="national numbering plan:8" type="EnumLong" lengthBit="4" />
                     <field name="digits" value="52892022" type="Number_BCD" length="4" />
                  </Bytes></AddressString.BoxedType></ISDN_AddressString.BoxedType>
         </Collection>
      </dispatcherList.C1.BoxedType>
      <ongoingCall></ongoingCall>
      <extensionContainer.C2.Sequence>
         <privateExtensionList.C0.BoxedType>
            <Collection>
               <PrivateExtension.Sequence>
                  <extId><ObjectIdentifier>0.1.242.70.13.64.1</ObjectIdentifier></extId>
                  <extType>0ae27498</extType>
               </PrivateExtension.Sequence>
               <PrivateExtension.Sequence>
                  <extId><ObjectIdentifier>0.1.23.90.19.54.30.86.51.62</ObjectIdentifier></extId>
                  <extType>7881e65c8905fd6813</extType>
               </PrivateExtension.Sequence>
               <PrivateExtension.Sequence>
                  <extId><ObjectIdentifier>0.1.272.114.75</ObjectIdentifier></extId>
                  <extType>5415ace5c9</extType>
               </PrivateExtension.Sequence>
            </Collection>
         </privateExtensionList.C0.BoxedType>
         <pcs_Extensions.C1.Sequence>
            
         </pcs_Extensions.C1.Sequence>
      </extensionContainer.C2.Sequence>
      <additionalDispatcherList.C3.BoxedType>
         <Collection>
            <ISDN_AddressString.BoxedType><AddressString.BoxedType><Bytes>132180342787
                     <field name="extension" value="extension:0" type="EnumLong" lengthBit="1" />
                     <field name="nature of address" value="international number:1" type="EnumLong" lengthBit="3" />
                     <field name="numbering plan" value="data numbering plan (ITU-T Rec X.121):3" type="EnumLong" lengthBit="4" />
                     <field name="digits" value="1208437278" type="Number_BCD" length="5" />
                  </Bytes></AddressString.BoxedType></ISDN_AddressString.BoxedType>
            <ISDN_AddressString.BoxedType><AddressString.BoxedType><Bytes>993153992204
                     <field name="extension" value="no extension:1" type="EnumLong" lengthBit="1" />
                     <field name="nature of address" value="international number:1" type="EnumLong" lengthBit="3" />
                     <field name="numbering plan" value="private numbering plan:9" type="EnumLong" lengthBit="4" />
                     <field name="digits" value="1335992240" type="Number_BCD" length="5" />
                  </Bytes></AddressString.BoxedType></ISDN_AddressString.BoxedType>
            <ISDN_AddressString.BoxedType><AddressString.BoxedType><Bytes>1f8157334905
                     <field name="extension" value="extension:0" type="EnumLong" lengthBit="1" />
                     <field name="nature of address" value="international number:1" type="EnumLong" lengthBit="3" />
                     <field name="numbering plan" value="reserved for extension:15" type="EnumLong" lengthBit="4" />
                     <field name="digits" value="1875339450" type="Number_BCD" length="5" />
                  </Bytes></AddressString.BoxedType></ISDN_AddressString.BoxedType>
         </Collection>
      </additionalDispatcherList.C3.BoxedType>
   </MT_ForwardSM_VGCS_Res.Sequence>
</ASN>