<?xml version="1.0" encoding="UTF-8"?>

<ASN layer="CAP">
   <MT_ForwardSM_Res.Sequence>
      <sm_RP_UI.BoxedType><Bytes>a31980</Bytes></sm_RP_UI.BoxedType>
      <extensionContainer.Sequence>
         <privateExtensionList.C0.BoxedType>
            <Collection>
               <PrivateExtension.Sequence>
                  <extId><ObjectIdentifier>0.1.2115.29.61.114.40</ObjectIdentifier></extId>
                  <extType>6585b5</extType>
               </PrivateExtension.Sequence>
               <PrivateExtension.Sequence>
                  <extId><ObjectIdentifier>0.1.29.86.51.67.21.1.45.44.33</ObjectIdentifier></extId>
                  <extType>723fab66b8e706393a</extType>
               </PrivateExtension.Sequence>
               <PrivateExtension.Sequence>
                  <extId><ObjectIdentifier>0.1.2</ObjectIdentifier></extId>
                  <extType>35aab8c4db4c548c</extType>
               </PrivateExtension.Sequence>
            </Collection>
         </privateExtensionList.C0.BoxedType>
         <pcs_Extensions.C1.Sequence>
            
         </pcs_Extensions.C1.Sequence>
      </extensionContainer.Sequence>
   </MT_ForwardSM_Res.Sequence>
</ASN>