<?xml version="1.0" encoding="UTF-8"?>

<ASN layer="CAP">
   <MT_ForwardSM_VGCS_Arg.Sequence>
      <asciCallReference.BoxedType><TBCD_STRING.BoxedType><Bytes>05935844f5
               <field name="digits" value="503985445" type="Number_BCD" lengthBit="36" />
            </Bytes></TBCD_STRING.BoxedType></asciCallReference.BoxedType>
      <sm_RP_OA.Choice>
         <msisdn.C2.BoxedType><AddressString.BoxedType><Bytes>433180880526
                  <field name="extension" value="extension:0" type="EnumLong" lengthBit="1" />
                  <field name="nature of address" value="subscriber number:4" type="EnumLong" lengthBit="3" />
                  <field name="numbering plan" value="data numbering plan (ITU-T Rec X.121):3" type="EnumLong" lengthBit="4" />
                  <field name="digits" value="1308885062" type="Number_BCD" length="5" />
               </Bytes></AddressString.BoxedType></msisdn.C2.BoxedType>
         <serviceCentreAddressOA.C4.BoxedType><Bytes>014118641033
               <field name="extension" value="extension:0" type="EnumLong" lengthBit="1" />
               <field name="nature of address" value="unknown:0" type="EnumLong" lengthBit="3" />
               <field name="numbering plan" value="ISDN/Telephony Numbering Plan (Rec ITU-T E.164):1" type="EnumLong" lengthBit="4" />
               <field name="digits" value="1481460133" type="Number_BCD" length="5" />
            </Bytes></serviceCentreAddressOA.C4.BoxedType>
         <noSM_RP_OA.C5></noSM_RP_OA.C5>
      </sm_RP_OA.Choice>
      <sm_RP_UI.BoxedType><Bytes>62a1457deb18d7</Bytes></sm_RP_UI.BoxedType>
      <extensionContainer.Sequence>
         <privateExtensionList.C0.BoxedType>
            <Collection>
               <PrivateExtension.Sequence>
                  <extId><ObjectIdentifier>0.1.223</ObjectIdentifier></extId>
                  <extType>f732972caa88be</extType>
               </PrivateExtension.Sequence>
               <PrivateExtension.Sequence>
                  <extId><ObjectIdentifier>0.1.2108.10.78.75.14.91.107</ObjectIdentifier></extId>
                  <extType>e8d7b7</extType>
               </PrivateExtension.Sequence>
               <PrivateExtension.Sequence>
                  <extId><ObjectIdentifier>0.1.2104.114.8.55.89.112.62.42.114.14</ObjectIdentifier></extId>
                  <extType>7b</extType>
               </PrivateExtension.Sequence>
            </Collection>
         </privateExtensionList.C0.BoxedType>
         <pcs_Extensions.C1.Sequence>
            
         </pcs_Extensions.C1.Sequence>
      </extensionContainer.Sequence>
   </MT_ForwardSM_VGCS_Arg.Sequence>
</ASN>