<?xml version="1.0" encoding="UTF-8"?>

<ASN layer="CAP">
   <NoGroupCallNbParam.Sequence><extensionContainer.Sequence>
         <privateExtensionList.C0.BoxedType>
            <Collection>
               <PrivateExtension.Sequence>
                  <extId><ObjectIdentifier>0.1.269</ObjectIdentifier></extId>
                  <extType>c2</extType>
               </PrivateExtension.Sequence>
               <PrivateExtension.Sequence>
                  <extId><ObjectIdentifier>0.1.236.123.36.118</ObjectIdentifier></extId>
                  <extType>5217ded9</extType>
               </PrivateExtension.Sequence>
               <PrivateExtension.Sequence>
                  <extId><ObjectIdentifier>0.1.261.83.4.100.30.9.10.43.123</ObjectIdentifier></extId>
                  <extType>edafba</extType>
               </PrivateExtension.Sequence>
            </Collection>
         </privateExtensionList.C0.BoxedType>
         <pcs_Extensions.C1.Sequence>
            
         </pcs_Extensions.C1.Sequence>
      </extensionContainer.Sequence></NoGroupCallNbParam.Sequence>
</ASN>