<?xml version="1.0" encoding="UTF-8"?>

<ASN layer="CAP">
   <NoRoamingNbParam.Sequence><extensionContainer.Sequence>
         <privateExtensionList.C0.BoxedType>
            <Collection>
               <PrivateExtension.Sequence>
                  <extId><ObjectIdentifier>0.1.281.37</ObjectIdentifier></extId>
                  <extType>fcaacef4d816443d</extType>
               </PrivateExtension.Sequence>
               <PrivateExtension.Sequence>
                  <extId><ObjectIdentifier>0.1.285.59.111.101.99.43.33.92</ObjectIdentifier></extId>
                  <extType>92739a3243</extType>
               </PrivateExtension.Sequence>
               <PrivateExtension.Sequence>
                  <extId><ObjectIdentifier>0.1.245.107.117</ObjectIdentifier></extId>
                  <extType>f356decc10a3a38dc0</extType>
               </PrivateExtension.Sequence>
            </Collection>
         </privateExtensionList.C0.BoxedType>
         <pcs_Extensions.C1.Sequence>
            
         </pcs_Extensions.C1.Sequence>
      </extensionContainer.Sequence></NoRoamingNbParam.Sequence>
</ASN>