<?xml version="1.0" encoding="UTF-8"?>

<ASN layer="CAP">
   <NoteMM_EventRes.Sequence><extensionContainer.Sequence>
         <privateExtensionList.C0.BoxedType>
            <Collection>
               <PrivateExtension.Sequence>
                  <extId><ObjectIdentifier>0.1.2112.28.86.70.112.80.119.118</ObjectIdentifier></extId>
                  <extType>ba11a2</extType>
               </PrivateExtension.Sequence>
               <PrivateExtension.Sequence>
                  <extId><ObjectIdentifier>0.1.223.33.7.90</ObjectIdentifier></extId>
                  <extType>b45d49137915</extType>
               </PrivateExtension.Sequence>
               <PrivateExtension.Sequence>
                  <extId><ObjectIdentifier>0.1.2116.2.73.8.1.45.73.102</ObjectIdentifier></extId>
                  <extType>c86a</extType>
               </PrivateExtension.Sequence>
            </Collection>
         </privateExtensionList.C0.BoxedType>
         <pcs_Extensions.C1.Sequence>
            
         </pcs_Extensions.C1.Sequence>
      </extensionContainer.Sequence></NoteMM_EventRes.Sequence>
</ASN>