<?xml version="1.0" encoding="UTF-8"?>

<ASN layer="CAP">
   <NoteMsPresentForGprsArg.Sequence>
      <imsi.C0.BoxedType><TBCD_STRING.BoxedType><Bytes>9185396694
               <field name="digits" value="1958936649" type="Number_BCD" length="5" />
            </Bytes></TBCD_STRING.BoxedType></imsi.C0.BoxedType>
      <sgsn_Address.C1.BoxedType><Bytes>7d91944055
            <field name="Address type" value="IPV6:1" type="EnumLong" lengthBit="2" />
            <field name="AddressLength" value="61" type="Integer" lengthBit="6" />
            <field name="IPV4 address" value="145.148.64.85" type="IPV4Address" length="4" />
         </Bytes></sgsn_Address.C1.BoxedType>
      <ggsn_Address.C2.BoxedType><Bytes>0cd5447179
            <field name="Address type" value="IPV4:0" type="EnumLong" lengthBit="2" />
            <field name="AddressLength" value="12" type="Integer" lengthBit="6" />
            <field name="IPV4 address" value="213.68.113.121" type="IPV4Address" length="4" />
         </Bytes></ggsn_Address.C2.BoxedType>
      <extensionContainer.C3.Sequence>
         <privateExtensionList.C0.BoxedType>
            <Collection>
               <PrivateExtension.Sequence>
                  <extId><ObjectIdentifier>0.1.228.89.17.66.42.89.96</ObjectIdentifier></extId>
                  <extType>c84e</extType>
               </PrivateExtension.Sequence>
               <PrivateExtension.Sequence>
                  <extId><ObjectIdentifier>0.1.252.67.59.68</ObjectIdentifier></extId>
                  <extType>7da78a</extType>
               </PrivateExtension.Sequence>
               <PrivateExtension.Sequence>
                  <extId><ObjectIdentifier>0.1.273.43.69.35</ObjectIdentifier></extId>
                  <extType>cd98073ea52417a37b</extType>
               </PrivateExtension.Sequence>
            </Collection>
         </privateExtensionList.C0.BoxedType>
         <pcs_Extensions.C1.Sequence>
            
         </pcs_Extensions.C1.Sequence>
      </extensionContainer.C3.Sequence>
   </NoteMsPresentForGprsArg.Sequence>
</ASN>