<?xml version="1.0" encoding="UTF-8"?>

<ASN layer="CAP">
   <NoteMsPresentForGprsRes.Sequence><extensionContainer.C0.Sequence>
         <privateExtensionList.C0.BoxedType>
            <Collection>
               <PrivateExtension.Sequence>
                  <extId><ObjectIdentifier>0.1.298.114.35.44.32.74</ObjectIdentifier></extId>
                  <extType>377ea2e5b7cca0</extType>
               </PrivateExtension.Sequence>
               <PrivateExtension.Sequence>
                  <extId><ObjectIdentifier>0.1.2127.57.123.90.5</ObjectIdentifier></extId>
                  <extType>29c875679313</extType>
               </PrivateExtension.Sequence>
               <PrivateExtension.Sequence>
                  <extId><ObjectIdentifier>0.1.2115.97.40.13.121</ObjectIdentifier></extId>
                  <extType>6177ee5a73ba8aaac6</extType>
               </PrivateExtension.Sequence>
            </Collection>
         </privateExtensionList.C0.BoxedType>
         <pcs_Extensions.C1.Sequence>
            
         </pcs_Extensions.C1.Sequence>
      </extensionContainer.C0.Sequence></NoteMsPresentForGprsRes.Sequence>
</ASN>