<?xml version="1.0" encoding="UTF-8"?>

<ASN layer="CAP">
   <NumberChangedParam.Sequence><extensionContainer.Sequence>
         <privateExtensionList.C0.BoxedType>
            <Collection>
               <PrivateExtension.Sequence>
                  <extId><ObjectIdentifier>0.1.288.62.8.34</ObjectIdentifier></extId>
                  <extType>806d83ce</extType>
               </PrivateExtension.Sequence>
               <PrivateExtension.Sequence>
                  <extId><ObjectIdentifier>0.1.2127.56.52.115.32.86.15.46</ObjectIdentifier></extId>
                  <extType>7cd3</extType>
               </PrivateExtension.Sequence>
               <PrivateExtension.Sequence>
                  <extId><ObjectIdentifier>0.1.226.68</ObjectIdentifier></extId>
                  <extType>c7f07b54941c</extType>
               </PrivateExtension.Sequence>
            </Collection>
         </privateExtensionList.C0.BoxedType>
         <pcs_Extensions.C1.Sequence>
            
         </pcs_Extensions.C1.Sequence>
      </extensionContainer.Sequence></NumberChangedParam.Sequence>
</ASN>