<?xml version="1.0" encoding="UTF-8"?>

<ASN layer="CAP">
   <O_BcsmCamelTDPData.Sequence>
      <o_BcsmTriggerDetectionPoint.Enum>
         <EnumType>routeSelectFailure.4</EnumType>
      </o_BcsmTriggerDetectionPoint.Enum>
      <serviceKey.BoxedType><Integer>2</Integer></serviceKey.BoxedType>
      <gsmSCF_Address.C0.BoxedType><AddressString.BoxedType><Bytes>cc9149915712
               <field name="extension" value="no extension:1" type="EnumLong" lengthBit="1" />
               <field name="nature of address" value="subscriber number:4" type="EnumLong" lengthBit="3" />
               <field name="numbering plan" value="12" type="EnumLong" lengthBit="4" />
               <field name="digits" value="1994197521" type="Number_BCD" length="5" />
            </Bytes></AddressString.BoxedType></gsmSCF_Address.C0.BoxedType>
      <defaultCallHandling.C1.Enum>
         <EnumType>continueCall.0</EnumType>
      </defaultCallHandling.C1.Enum>
      <extensionContainer.C2.Sequence>
         <privateExtensionList.C0.BoxedType>
            <Collection>
               <PrivateExtension.Sequence>
                  <extId><ObjectIdentifier>0.1.233.93.88.79.60</ObjectIdentifier></extId>
                  <extType>a0f4</extType>
               </PrivateExtension.Sequence>
               <PrivateExtension.Sequence>
                  <extId><ObjectIdentifier>0.1.248.101.76.80.35.75.127</ObjectIdentifier></extId>
                  <extType>8ee7552047aed5808dd5</extType>
               </PrivateExtension.Sequence>
               <PrivateExtension.Sequence>
                  <extId><ObjectIdentifier>0.1.267.22.66.73.56.14.45.59.64</ObjectIdentifier></extId>
                  <extType>642f98feb3</extType>
               </PrivateExtension.Sequence>
            </Collection>
         </privateExtensionList.C0.BoxedType>
         <pcs_Extensions.C1.Sequence>
            
         </pcs_Extensions.C1.Sequence>
      </extensionContainer.C2.Sequence>
   </O_BcsmCamelTDPData.Sequence>
</ASN>