<?xml version="1.0" encoding="UTF-8"?>

<ASN layer="CAP">
   <OngoingGroupCallParam.Sequence><extensionContainer.Sequence>
         <privateExtensionList.C0.BoxedType>
            <Collection>
               <PrivateExtension.Sequence>
                  <extId><ObjectIdentifier>0.1.235.2</ObjectIdentifier></extId>
                  <extType>c4b3c93007cf</extType>
               </PrivateExtension.Sequence>
               <PrivateExtension.Sequence>
                  <extId><ObjectIdentifier>0.1.210.31.122.35.90.83.126.40</ObjectIdentifier></extId>
                  <extType>eb3cd9ce3a26a5bb37</extType>
               </PrivateExtension.Sequence>
               <PrivateExtension.Sequence>
                  <extId><ObjectIdentifier>0.1.231.120.11.117.48.75.59.81</ObjectIdentifier></extId>
                  <extType>b0a92338db0c29b4</extType>
               </PrivateExtension.Sequence>
            </Collection>
         </privateExtensionList.C0.BoxedType>
         <pcs_Extensions.C1.Sequence>
            
         </pcs_Extensions.C1.Sequence>
      </extensionContainer.Sequence></OngoingGroupCallParam.Sequence>
</ASN>