<?xml version="1.0" encoding="UTF-8"?>

<ASN layer="CAP">
   <OR_NotAllowedParam.Sequence><extensionContainer.Sequence>
         <privateExtensionList.C0.BoxedType>
            <Collection>
               <PrivateExtension.Sequence>
                  <extId><ObjectIdentifier>0.1.233.108.88.84</ObjectIdentifier></extId>
                  <extType>3ebe1cab13342e2f</extType>
               </PrivateExtension.Sequence>
               <PrivateExtension.Sequence>
                  <extId><ObjectIdentifier>0.1.285.5.79.106.10.5</ObjectIdentifier></extId>
                  <extType>525f232725</extType>
               </PrivateExtension.Sequence>
               <PrivateExtension.Sequence>
                  <extId><ObjectIdentifier>0.1.241.2.73.116.78.71.126.5.118</ObjectIdentifier></extId>
                  <extType>96c21a</extType>
               </PrivateExtension.Sequence>
            </Collection>
         </privateExtensionList.C0.BoxedType>
         <pcs_Extensions.C1.Sequence>
            
         </pcs_Extensions.C1.Sequence>
      </extensionContainer.Sequence></OR_NotAllowedParam.Sequence>
</ASN>