<?xml version="1.0" encoding="UTF-8"?>

<ASN layer="CAP">
   <PrepareSubsequentHO_Arg.BoxedType><PrepareSubsequentHO_ArgSequenceType.C3.Sequence>
         <targetCellId.C0.BoxedType><Bytes>e036c11afdd90e34</Bytes></targetCellId.C0.BoxedType>
         <targetMSC_Number.C1.BoxedType><AddressString.BoxedType><Bytes>2c7186531972
                  <field name="extension" value="extension:0" type="EnumLong" lengthBit="1" />
                  <field name="nature of address" value="national significant number:2" type="EnumLong" lengthBit="3" />
                  <field name="numbering plan" value="12" type="EnumLong" lengthBit="4" />
                  <field name="digits" value="1768359127" type="Number_BCD" length="5" />
               </Bytes></AddressString.BoxedType></targetMSC_Number.C1.BoxedType>
         <targetRNCId.C2.BoxedType><Bytes>d70ec5418e3a</Bytes></targetRNCId.C2.BoxedType>
         <an_APDU.C3.Sequence>
            <accessNetworkProtocolId.Enum>
               <EnumType>ts3G_48006.1</EnumType>
            </accessNetworkProtocolId.Enum>
            <signalInfo.BoxedType><Bytes>559c</Bytes></signalInfo.BoxedType>
            <extensionContainer.Sequence>
               <privateExtensionList.C0.BoxedType>
                  <Collection>
                     <PrivateExtension.Sequence>
                        <extId><ObjectIdentifier>0.1.2101.122.60</ObjectIdentifier></extId>
                        <extType>23575fc3332924f06a</extType>
                     </PrivateExtension.Sequence>
                     <PrivateExtension.Sequence>
                        <extId><ObjectIdentifier>0.1.213.17.103.113.82.105.29.92.61.23</ObjectIdentifier></extId>
                        <extType>3310af01</extType>
                     </PrivateExtension.Sequence>
                     <PrivateExtension.Sequence>
                        <extId><ObjectIdentifier>0.1.24.39.37.54.15.100</ObjectIdentifier></extId>
                        <extType>419253453ee618e46d</extType>
                     </PrivateExtension.Sequence>
                  </Collection>
               </privateExtensionList.C0.BoxedType>
               <pcs_Extensions.C1.Sequence>
                  
               </pcs_Extensions.C1.Sequence>
            </extensionContainer.Sequence>
         </an_APDU.C3.Sequence>
         <selectedRab_Id.C4.BoxedType><Integer>2</Integer></selectedRab_Id.C4.BoxedType>
         <extensionContainer.C5.Sequence>
            <privateExtensionList.C0.BoxedType>
               <Collection>
                  <PrivateExtension.Sequence>
                     <extId><ObjectIdentifier>0.1.217</ObjectIdentifier></extId>
                     <extType>3d862cf907d1f8</extType>
                  </PrivateExtension.Sequence>
                  <PrivateExtension.Sequence>
                     <extId><ObjectIdentifier>0.1.2123.75.74</ObjectIdentifier></extId>
                     <extType>450f3a80f7f356</extType>
                  </PrivateExtension.Sequence>
                  <PrivateExtension.Sequence>
                     <extId><ObjectIdentifier>0.1.234.94.63.112.62</ObjectIdentifier></extId>
                     <extType>5eee32a8ada8</extType>
                  </PrivateExtension.Sequence>
               </Collection>
            </privateExtensionList.C0.BoxedType>
            <pcs_Extensions.C1.Sequence>
               
            </pcs_Extensions.C1.Sequence>
         </extensionContainer.C5.Sequence>
         <geran_classmark.C6.BoxedType><Bytes>d70ad9d69d</Bytes></geran_classmark.C6.BoxedType>
         <rab_ConfigurationIndicator.C7></rab_ConfigurationIndicator.C7>
      </PrepareSubsequentHO_ArgSequenceType.C3.Sequence></PrepareSubsequentHO_Arg.BoxedType>
</ASN>