<?xml version="1.0" encoding="UTF-8"?>

<ASN layer="CAP">
   <PrepareHO_Arg.BoxedType><PrepareHO_ArgSequenceType.C3.Sequence>
         <targetCellId.C0.BoxedType><Bytes>0d</Bytes></targetCellId.C0.BoxedType>
         <ho_NumberNotRequired></ho_NumberNotRequired>
         <targetRNCId.C1.BoxedType><Bytes>db3ab34d5e7e9067b00c</Bytes></targetRNCId.C1.BoxedType>
         <an_APDU.C2.Sequence>
            <accessNetworkProtocolId.Enum>
               <EnumType>ts3G_48006.1</EnumType>
            </accessNetworkProtocolId.Enum>
            <signalInfo.BoxedType><Bytes>56c9e9</Bytes></signalInfo.BoxedType>
            <extensionContainer.Sequence>
               <privateExtensionList.C0.BoxedType>
                  <Collection>
                     <PrivateExtension.Sequence>
                        <extId><ObjectIdentifier>0.1.215.84.95.47.41.124.38</ObjectIdentifier></extId>
                        <extType>d3c172d61fdf20d551</extType>
                     </PrivateExtension.Sequence>
                     <PrivateExtension.Sequence>
                        <extId><ObjectIdentifier>0.1.22.87.29.24</ObjectIdentifier></extId>
                        <extType>2e42cc848051</extType>
                     </PrivateExtension.Sequence>
                     <PrivateExtension.Sequence>
                        <extId><ObjectIdentifier>0.1.243.100.86.42.123.116.90.23</ObjectIdentifier></extId>
                        <extType>085a6cebe052b8cf</extType>
                     </PrivateExtension.Sequence>
                  </Collection>
               </privateExtensionList.C0.BoxedType>
               <pcs_Extensions.C1.Sequence>
                  
               </pcs_Extensions.C1.Sequence>
            </extensionContainer.Sequence>
         </an_APDU.C2.Sequence>
         <multipleBearerRequested.C3></multipleBearerRequested.C3>
         <imsi.C4.BoxedType><TBCD_STRING.BoxedType><Bytes>3100019536
                  <field name="digits" value="1300105963" type="Number_BCD" length="5" />
               </Bytes></TBCD_STRING.BoxedType></imsi.C4.BoxedType>
         <integrityProtectionInfo.C5.BoxedType><Bytes>5eb68d1b27a55e04</Bytes></integrityProtectionInfo.C5.BoxedType>
         <encryptionInfo.C6.BoxedType><Bytes>8f8ed5bb5c15d241df</Bytes></encryptionInfo.C6.BoxedType>
         <radioResourceInformation.C7.BoxedType><Bytes>fc44</Bytes></radioResourceInformation.C7.BoxedType>
         <allowedGSM_Algorithms.C9.BoxedType><Bytes>d6</Bytes></allowedGSM_Algorithms.C9.BoxedType>
         <allowedUMTS_Algorithms.C10.Sequence>
            <integrityProtectionAlgorithms.C0.BoxedType><Bytes>14</Bytes></integrityProtectionAlgorithms.C0.BoxedType>
            <encryptionAlgorithms.C1.BoxedType><Bytes>b77db170ae3dbbc3ff18</Bytes></encryptionAlgorithms.C1.BoxedType>
            <extensionContainer.C2.Sequence>
               <privateExtensionList.C0.BoxedType>
                  <Collection>
                     <PrivateExtension.Sequence>
                        <extId><ObjectIdentifier>0.1.2125.7.16.76.51.77.33</ObjectIdentifier></extId>
                        <extType>f563616e</extType>
                     </PrivateExtension.Sequence>
                     <PrivateExtension.Sequence>
                        <extId><ObjectIdentifier>0.1.22.113.77.49.31.13.49</ObjectIdentifier></extId>
                        <extType>2674d714</extType>
                     </PrivateExtension.Sequence>
                     <PrivateExtension.Sequence>
                        <extId><ObjectIdentifier>0.1.230.19.17.0.19.8.98</ObjectIdentifier></extId>
                        <extType>6a05ca0917</extType>
                     </PrivateExtension.Sequence>
                  </Collection>
               </privateExtensionList.C0.BoxedType>
               <pcs_Extensions.C1.Sequence>
                  
               </pcs_Extensions.C1.Sequence>
            </extensionContainer.C2.Sequence>
         </allowedUMTS_Algorithms.C10.Sequence>
         <radioResourceList.C11.BoxedType>
            <Collection>
               <RadioResource.Sequence>
                  <radioResourceInformation.BoxedType><Bytes>5eceb38f0326e8ee9cf1</Bytes></radioResourceInformation.BoxedType>
                  <rab_Id.BoxedType><Integer>1</Integer></rab_Id.BoxedType>
               </RadioResource.Sequence>
               <RadioResource.Sequence>
                  <radioResourceInformation.BoxedType><Bytes>8121bf28084e61a7</Bytes></radioResourceInformation.BoxedType>
                  <rab_Id.BoxedType><Integer>1</Integer></rab_Id.BoxedType>
               </RadioResource.Sequence>
               <RadioResource.Sequence>
                  <radioResourceInformation.BoxedType><Bytes>0de097cc2726</Bytes></radioResourceInformation.BoxedType>
                  <rab_Id.BoxedType><Integer>1</Integer></rab_Id.BoxedType>
               </RadioResource.Sequence>
            </Collection>
         </radioResourceList.C11.BoxedType>
         <extensionContainer.C8.Sequence>
            <privateExtensionList.C0.BoxedType>
               <Collection>
                  <PrivateExtension.Sequence>
                     <extId><ObjectIdentifier>0.1.212</ObjectIdentifier></extId>
                     <extType>a2</extType>
                  </PrivateExtension.Sequence>
                  <PrivateExtension.Sequence>
                     <extId><ObjectIdentifier>0.1.2110.109</ObjectIdentifier></extId>
                     <extType>cd42ceb341281b</extType>
                  </PrivateExtension.Sequence>
                  <PrivateExtension.Sequence>
                     <extId><ObjectIdentifier>0.1.223.23</ObjectIdentifier></extId>
                     <extType>99b61c533cc433</extType>
                  </PrivateExtension.Sequence>
               </Collection>
            </privateExtensionList.C0.BoxedType>
            <pcs_Extensions.C1.Sequence>
               
            </pcs_Extensions.C1.Sequence>
         </extensionContainer.C8.Sequence>
         <rab_Id.C12.BoxedType><Integer>1</Integer></rab_Id.C12.BoxedType>
         <bssmap_ServiceHandover.C13.BoxedType><Bytes>20de</Bytes></bssmap_ServiceHandover.C13.BoxedType>
         <ranap_ServiceHandover.C14.BoxedType><Bytes>125c561b6756d5</Bytes></ranap_ServiceHandover.C14.BoxedType>
         <bssmap_ServiceHandoverList.C15.BoxedType>
            <Collection>
               <BSSMAP_ServiceHandoverInfo.Sequence>
                  <bssmap_ServiceHandover.BoxedType><Bytes>e31a8e79d01ad1370b</Bytes></bssmap_ServiceHandover.BoxedType>
                  <rab_Id.BoxedType><Integer>2</Integer></rab_Id.BoxedType>
               </BSSMAP_ServiceHandoverInfo.Sequence>
               <BSSMAP_ServiceHandoverInfo.Sequence>
                  <bssmap_ServiceHandover.BoxedType><Bytes>52fe18751a</Bytes></bssmap_ServiceHandover.BoxedType>
                  <rab_Id.BoxedType><Integer>1</Integer></rab_Id.BoxedType>
               </BSSMAP_ServiceHandoverInfo.Sequence>
               <BSSMAP_ServiceHandoverInfo.Sequence>
                  <bssmap_ServiceHandover.BoxedType><Bytes>66c93a</Bytes></bssmap_ServiceHandover.BoxedType>
                  <rab_Id.BoxedType><Integer>0</Integer></rab_Id.BoxedType>
               </BSSMAP_ServiceHandoverInfo.Sequence>
            </Collection>
         </bssmap_ServiceHandoverList.C15.BoxedType>
         <asciCallReference.C20.BoxedType><TBCD_STRING.BoxedType><Bytes>42174116f9
                  <field name="digits" value="247114619" type="Number_BCD" lengthBit="36" />
               </Bytes></TBCD_STRING.BoxedType></asciCallReference.C20.BoxedType>
         <geran_classmark.C16.BoxedType><Bytes>dffed7142d4284175d</Bytes></geran_classmark.C16.BoxedType>
         <iuCurrentlyUsedCodec.C17.BoxedType><Bytes>58165b</Bytes></iuCurrentlyUsedCodec.C17.BoxedType>
         <iuSupportedCodecsList.C18.Sequence>
            <utranCodecList.C0.Sequence>
               <codec1.C1.BoxedType><Bytes>4b89461e</Bytes></codec1.C1.BoxedType>
               <codec2.C2.BoxedType><Bytes>529f</Bytes></codec2.C2.BoxedType>
               <codec3.C3.BoxedType><Bytes>94ea70</Bytes></codec3.C3.BoxedType>
               <codec4.C4.BoxedType><Bytes>157e</Bytes></codec4.C4.BoxedType>
               <codec5.C5.BoxedType><Bytes>cff226569b66c29f</Bytes></codec5.C5.BoxedType>
               <codec6.C6.BoxedType><Bytes>97090fc5752f4207</Bytes></codec6.C6.BoxedType>
               <codec7.C7.BoxedType><Bytes>0d63</Bytes></codec7.C7.BoxedType>
               <codec8.C8.BoxedType><Bytes>d39a9c6722d448244a</Bytes></codec8.C8.BoxedType>
               <extensionContainer.C9.Sequence>
                  <privateExtensionList.C0.BoxedType>
                     <Collection>
                        <PrivateExtension.Sequence>
                           <extId><ObjectIdentifier>0.1.213</ObjectIdentifier></extId>
                           <extType>29fcffcc661379328e</extType>
                        </PrivateExtension.Sequence>
                        <PrivateExtension.Sequence>
                           <extId><ObjectIdentifier>0.1.2105.105.122.40.41.52.1.85.50</ObjectIdentifier></extId>
                           <extType>12557aefba77208206</extType>
                        </PrivateExtension.Sequence>
                        <PrivateExtension.Sequence>
                           <extId><ObjectIdentifier>0.1.249.97.115.70.128.55</ObjectIdentifier></extId>
                           <extType>914cee8c3799</extType>
                        </PrivateExtension.Sequence>
                     </Collection>
                  </privateExtensionList.C0.BoxedType>
                  <pcs_Extensions.C1.Sequence>
                     
                  </pcs_Extensions.C1.Sequence>
               </extensionContainer.C9.Sequence>
            </utranCodecList.C0.Sequence>
            <geranCodecList.C1.Sequence>
               <codec1.C1.BoxedType><Bytes>df8ae60dc58b9ffac6</Bytes></codec1.C1.BoxedType>
               <codec2.C2.BoxedType><Bytes>f612b8faf40a63</Bytes></codec2.C2.BoxedType>
               <codec3.C3.BoxedType><Bytes>8c78</Bytes></codec3.C3.BoxedType>
               <codec4.C4.BoxedType><Bytes>d611b4</Bytes></codec4.C4.BoxedType>
               <codec5.C5.BoxedType><Bytes>687d</Bytes></codec5.C5.BoxedType>
               <codec6.C6.BoxedType><Bytes>b93f139a0933b2</Bytes></codec6.C6.BoxedType>
               <codec7.C7.BoxedType><Bytes>0887475eac</Bytes></codec7.C7.BoxedType>
               <codec8.C8.BoxedType><Bytes>5345207631ef3e</Bytes></codec8.C8.BoxedType>
               <extensionContainer.C9.Sequence>
                  <privateExtensionList.C0.BoxedType>
                     <Collection>
                        <PrivateExtension.Sequence>
                           <extId><ObjectIdentifier>0.1.283.124.83.15.71.20.23.34.100</ObjectIdentifier></extId>
                           <extType>f504d8549288c378f6</extType>
                        </PrivateExtension.Sequence>
                        <PrivateExtension.Sequence>
                           <extId><ObjectIdentifier>0.1.252.85.52</ObjectIdentifier></extId>
                           <extType>a3f06d</extType>
                        </PrivateExtension.Sequence>
                        <PrivateExtension.Sequence>
                           <extId><ObjectIdentifier>0.1.284.99.15.105.110</ObjectIdentifier></extId>
                           <extType>a59ed32748bb0f923c</extType>
                        </PrivateExtension.Sequence>
                     </Collection>
                  </privateExtensionList.C0.BoxedType>
                  <pcs_Extensions.C1.Sequence>
                     
                  </pcs_Extensions.C1.Sequence>
               </extensionContainer.C9.Sequence>
            </geranCodecList.C1.Sequence>
            <extensionContainer.C2.Sequence>
               <privateExtensionList.C0.BoxedType>
                  <Collection>
                     <PrivateExtension.Sequence>
                        <extId><ObjectIdentifier>0.1.262.35.7.113.74.44.95</ObjectIdentifier></extId>
                        <extType>e59a4456</extType>
                     </PrivateExtension.Sequence>
                     <PrivateExtension.Sequence>
                        <extId><ObjectIdentifier>0.1.224.89.117.124.21.64</ObjectIdentifier></extId>
                        <extType>bcf653b2c75adaa015</extType>
                     </PrivateExtension.Sequence>
                     <PrivateExtension.Sequence>
                        <extId><ObjectIdentifier>0.1.222.34.1.80.100.84.35.48.61</ObjectIdentifier></extId>
                        <extType>d5</extType>
                     </PrivateExtension.Sequence>
                  </Collection>
               </privateExtensionList.C0.BoxedType>
               <pcs_Extensions.C1.Sequence>
                  
               </pcs_Extensions.C1.Sequence>
            </extensionContainer.C2.Sequence>
         </iuSupportedCodecsList.C18.Sequence>
         <rab_ConfigurationIndicator.C19></rab_ConfigurationIndicator.C19>
         <uesbi_Iu.C21.Sequence>
            <uesbi_IuA.C0.BoxedType><BitString><BitString value="f9469e45e0c59211760bd18221f339966586ba" trailing="0"/></BitString></uesbi_IuA.C0.BoxedType>
            <uesbi_IuB.C1.BoxedType><BitString><BitString value="584f1246a06c" trailing="0"/></BitString></uesbi_IuB.C1.BoxedType>
         </uesbi_Iu.C21.Sequence>
         <imeisv.C22.BoxedType><TBCD_STRING.BoxedType><Bytes>8135949220
                  <field name="digits" value="1853492902" type="Number_BCD" length="5" />
               </Bytes></TBCD_STRING.BoxedType></imeisv.C22.BoxedType>
         <alternativeChannelType.C23.BoxedType><Bytes>8668925eeccb7f46</Bytes></alternativeChannelType.C23.BoxedType>
         <tracePropagationList.C25.Sequence>
            <traceReference.C0.BoxedType><Bytes>2ae1457e</Bytes></traceReference.C0.BoxedType>
            <traceType.C1.BoxedType><Integer>1</Integer></traceType.C1.BoxedType>
            <traceReference2.C2.BoxedType><Bytes>8c</Bytes></traceReference2.C2.BoxedType>
            <traceRecordingSessionReference.C3.BoxedType><Bytes>458a1ba4fa183c626bf5</Bytes></traceRecordingSessionReference.C3.BoxedType>
            <rnc_TraceDepth.C4.Enum>
               <EnumType>medium.1</EnumType>
            </rnc_TraceDepth.C4.Enum>
            <rnc_InterfaceList.C5.BoxedType><BitString><BitString value="50" trailing="0"/></BitString></rnc_InterfaceList.C5.BoxedType>
            <msc_s_TraceDepth.C6.Enum>
               <EnumType>medium.1</EnumType>
            </msc_s_TraceDepth.C6.Enum>
            <msc_s_InterfaceList.C7.BoxedType><BitString><BitString value="8f2b77f0539f383d21316628b00abc59" trailing="0"/></BitString></msc_s_InterfaceList.C7.BoxedType>
            <msc_s_EventList.C8.BoxedType><BitString><BitString value="6b1d699c9f00110d3e98" trailing="0"/></BitString></msc_s_EventList.C8.BoxedType>
            <mgw_TraceDepth.C9.Enum>
               <EnumType>medium.1</EnumType>
            </mgw_TraceDepth.C9.Enum>
            <mgw_InterfaceList.C10.BoxedType><BitString><BitString value="87015d092d48ac4fcef01fae1b5d82125586" trailing="0"/></BitString></mgw_InterfaceList.C10.BoxedType>
            <mgw_EventList.C11.BoxedType><BitString><BitString value="9bea3fb5d56fc9205d93ecb2" trailing="0"/></BitString></mgw_EventList.C11.BoxedType>
            <rnc_TraceDepthExtension.C12.Enum>
               <EnumType>maximumWithoutVendorSpecificExtension.2</EnumType>
            </rnc_TraceDepthExtension.C12.Enum>
            <msc_s_TraceDepthExtension.C13.Enum>
               <EnumType>minimumWithoutVendorSpecificExtension.0</EnumType>
            </msc_s_TraceDepthExtension.C13.Enum>
            <mgw_TraceDepthExtension.C14.Enum>
               <EnumType>maximumWithoutVendorSpecificExtension.2</EnumType>
            </mgw_TraceDepthExtension.C14.Enum>
         </tracePropagationList.C25.Sequence>
         <aoipSupportedCodecsListAnchor.C26.Sequence>
            <codec1.C1.BoxedType><Bytes>3c6d8676</Bytes></codec1.C1.BoxedType>
            <codec2.C2.BoxedType><Bytes>2882ad6e8a</Bytes></codec2.C2.BoxedType>
            <codec3.C3.BoxedType><Bytes>7cd8e0ba49b246</Bytes></codec3.C3.BoxedType>
            <codec4.C4.BoxedType><Bytes>e895d4</Bytes></codec4.C4.BoxedType>
            <codec5.C5.BoxedType><Bytes>610a8b3575d9</Bytes></codec5.C5.BoxedType>
            <codec6.C6.BoxedType><Bytes>26a77d1875bc187c</Bytes></codec6.C6.BoxedType>
            <codec7.C7.BoxedType><Bytes>275eb4f348</Bytes></codec7.C7.BoxedType>
            <codec8.C8.BoxedType><Bytes>26fa</Bytes></codec8.C8.BoxedType>
            <extensionContainer.C9.Sequence>
               <privateExtensionList.C0.BoxedType>
                  <Collection>
                     <PrivateExtension.Sequence>
                        <extId><ObjectIdentifier>0.1.251.43.125.29.62.95.76.92</ObjectIdentifier></extId>
                        <extType>bd2d65acc018abcc</extType>
                     </PrivateExtension.Sequence>
                     <PrivateExtension.Sequence>
                        <extId><ObjectIdentifier>0.1.2118</ObjectIdentifier></extId>
                        <extType>0a9ea068cd53</extType>
                     </PrivateExtension.Sequence>
                     <PrivateExtension.Sequence>
                        <extId><ObjectIdentifier>0.1.270.101.39.62</ObjectIdentifier></extId>
                        <extType>078530af5f0c2c9a1ca4</extType>
                     </PrivateExtension.Sequence>
                  </Collection>
               </privateExtensionList.C0.BoxedType>
               <pcs_Extensions.C1.Sequence>
                  
               </pcs_Extensions.C1.Sequence>
            </extensionContainer.C9.Sequence>
         </aoipSupportedCodecsListAnchor.C26.Sequence>
         <regionalSubscriptionData.C27.BoxedType>
            <Collection>
               <ZoneCode.BoxedType><Bytes>e61cc191a8c19a77</Bytes></ZoneCode.BoxedType>
               <ZoneCode.BoxedType><Bytes>fd50a7686f2bb9576e</Bytes></ZoneCode.BoxedType>
               <ZoneCode.BoxedType><Bytes>3fe4c2aa</Bytes></ZoneCode.BoxedType>
            </Collection>
         </regionalSubscriptionData.C27.BoxedType>
         <lclsGlobalCallReference.C28.BoxedType><Bytes>ed3917a5361c61e6bb2a</Bytes></lclsGlobalCallReference.C28.BoxedType>
         <lcls_Negotiation.C29.BoxedType><BitString><BitString value="" trailing="0"/></BitString></lcls_Negotiation.C29.BoxedType>
         <lcls_Configuration_Preference.C30.BoxedType><BitString><BitString value="324bb74e783e" trailing="0"/></BitString></lcls_Configuration_Preference.C30.BoxedType>
         <csg_SubscriptionDataList.C31.BoxedType>
            <Collection>
               <CSG_SubscriptionData.Sequence>
                  <csg_Id.BoxedType><BitString><BitString value="57f49caf688fdc68b3531365c7ee" trailing="0"/></BitString></csg_Id.BoxedType>
                  <expirationDate.BoxedType><Bytes>8beb</Bytes></expirationDate.BoxedType>
                  <extensionContainer.Sequence>
                     <privateExtensionList.C0.BoxedType>
                        <Collection>
                           <PrivateExtension.Sequence>
                              <extId><ObjectIdentifier>0.1.247.36.91.7.58.94.56.37</ObjectIdentifier></extId>
                              <extType>e68df81d41c90e</extType>
                           </PrivateExtension.Sequence>
                           <PrivateExtension.Sequence>
                              <extId><ObjectIdentifier>0.1.267.58.115.81.67.97.113.104.11</ObjectIdentifier></extId>
                              <extType>09aa4fc6f1f2</extType>
                           </PrivateExtension.Sequence>
                           <PrivateExtension.Sequence>
                              <extId><ObjectIdentifier>0.1.2117.91.43.120.45.84.56.24.101.45</ObjectIdentifier></extId>
                              <extType>4b066e6d</extType>
                           </PrivateExtension.Sequence>
                        </Collection>
                     </privateExtensionList.C0.BoxedType>
                     <pcs_Extensions.C1.Sequence>
                        
                     </pcs_Extensions.C1.Sequence>
                  </extensionContainer.Sequence>
                  <lipa_AllowedAPNList.C0.BoxedType>
                     <Collection>
                        <APN.BoxedType><Bytes>68564150727a7a
                              <field name="DNS string" value="hVAPrzz" type="String" lengthBit="28" />
                           </Bytes></APN.BoxedType>
                        <APN.BoxedType><Bytes>425361525969333541
                              <field name="DNS string" value="BSaRYi35A" type="String" lengthBit="36" />
                           </Bytes></APN.BoxedType>
                        <APN.BoxedType><Bytes>436c3375475634
                              <field name="DNS string" value="Cl3uGV4" type="String" lengthBit="28" />
                           </Bytes></APN.BoxedType>
                     </Collection>
                  </lipa_AllowedAPNList.C0.BoxedType>
                  <plmn_Id.C1.BoxedType><Bytes>1085d4517fd934</Bytes></plmn_Id.C1.BoxedType>
               </CSG_SubscriptionData.Sequence>
               <CSG_SubscriptionData.Sequence>
                  <csg_Id.BoxedType><BitString><BitString value="a7a227ed" trailing="0"/></BitString></csg_Id.BoxedType>
                  <expirationDate.BoxedType><Bytes>8fdbd471fa76</Bytes></expirationDate.BoxedType>
                  <extensionContainer.Sequence>
                     <privateExtensionList.C0.BoxedType>
                        <Collection>
                           <PrivateExtension.Sequence>
                              <extId><ObjectIdentifier>0.1.219.58.123.47.35</ObjectIdentifier></extId>
                              <extType>9522</extType>
                           </PrivateExtension.Sequence>
                           <PrivateExtension.Sequence>
                              <extId><ObjectIdentifier>0.1.22.97.18.59.55.53.68.110</ObjectIdentifier></extId>
                              <extType>04ee8ab8ff10</extType>
                           </PrivateExtension.Sequence>
                           <PrivateExtension.Sequence>
                              <extId><ObjectIdentifier>0.1.253.13.125.30.74.119.31.79</ObjectIdentifier></extId>
                              <extType>36545b0f4f045bc2</extType>
                           </PrivateExtension.Sequence>
                        </Collection>
                     </privateExtensionList.C0.BoxedType>
                     <pcs_Extensions.C1.Sequence>
                        
                     </pcs_Extensions.C1.Sequence>
                  </extensionContainer.Sequence>
                  <lipa_AllowedAPNList.C0.BoxedType>
                     <Collection>
                        <APN.BoxedType><Bytes>504c676e786a7450
                              <field name="DNS string" value="PLgnxjtP" type="String" length="4" />
                           </Bytes></APN.BoxedType>
                        <APN.BoxedType><Bytes>4f6664507931546f
                              <field name="DNS string" value="OfdPy1To" type="String" length="4" />
                           </Bytes></APN.BoxedType>
                        <APN.BoxedType><Bytes>6d424d575773383341
                              <field name="DNS string" value="mBMWWs83A" type="String" lengthBit="36" />
                           </Bytes></APN.BoxedType>
                     </Collection>
                  </lipa_AllowedAPNList.C0.BoxedType>
                  <plmn_Id.C1.BoxedType><Bytes>7106466f18e9</Bytes></plmn_Id.C1.BoxedType>
               </CSG_SubscriptionData.Sequence>
               <CSG_SubscriptionData.Sequence>
                  <csg_Id.BoxedType><BitString><BitString value="10dd994d1368460dc0e3f4df" trailing="0"/></BitString></csg_Id.BoxedType>
                  <expirationDate.BoxedType><Bytes>8ba39878cc11df</Bytes></expirationDate.BoxedType>
                  <extensionContainer.Sequence>
                     <privateExtensionList.C0.BoxedType>
                        <Collection>
                           <PrivateExtension.Sequence>
                              <extId><ObjectIdentifier>0.1.213</ObjectIdentifier></extId>
                              <extType>b1</extType>
                           </PrivateExtension.Sequence>
                           <PrivateExtension.Sequence>
                              <extId><ObjectIdentifier>0.1.2115.85</ObjectIdentifier></extId>
                              <extType>bc4df44c7f9c94</extType>
                           </PrivateExtension.Sequence>
                           <PrivateExtension.Sequence>
                              <extId><ObjectIdentifier>0.1.235.65.5.121.18.125.121</ObjectIdentifier></extId>
                              <extType>68a2bec969aa906c24</extType>
                           </PrivateExtension.Sequence>
                        </Collection>
                     </privateExtensionList.C0.BoxedType>
                     <pcs_Extensions.C1.Sequence>
                        
                     </pcs_Extensions.C1.Sequence>
                  </extensionContainer.Sequence>
                  <lipa_AllowedAPNList.C0.BoxedType>
                     <Collection>
                        <APN.BoxedType><Bytes>5676654e6f36
                              <field name="DNS string" value="VveNo6" type="String" length="3" />
                           </Bytes></APN.BoxedType>
                        <APN.BoxedType><Bytes>6135366b6d565432
                              <field name="DNS string" value="a56kmVT2" type="String" length="4" />
                           </Bytes></APN.BoxedType>
                        <APN.BoxedType><Bytes>5230464c
                              <field name="DNS string" value="R0FL" type="String" length="2" />
                           </Bytes></APN.BoxedType>
                     </Collection>
                  </lipa_AllowedAPNList.C0.BoxedType>
                  <plmn_Id.C1.BoxedType><Bytes>b4b02e3db3b14168252f</Bytes></plmn_Id.C1.BoxedType>
               </CSG_SubscriptionData.Sequence>
            </Collection>
         </csg_SubscriptionDataList.C31.BoxedType>
      </PrepareHO_ArgSequenceType.C3.Sequence></PrepareHO_Arg.BoxedType>
</ASN>