<?xml version="1.0" encoding="UTF-8"?>

<ASN layer="CAP">
   <ProcessGroupCallSignallingArg.Sequence>
      <uplinkRequest.C0></uplinkRequest.C0>
      <uplinkReleaseIndication.C1></uplinkReleaseIndication.C1>
      <releaseGroupCall.C2></releaseGroupCall.C2>
      <extensionContainer.Sequence>
         <privateExtensionList.C0.BoxedType>
            <Collection>
               <PrivateExtension.Sequence>
                  <extId><ObjectIdentifier>0.1.251.81.55.74</ObjectIdentifier></extId>
                  <extType>29da0712f4e93d1788</extType>
               </PrivateExtension.Sequence>
               <PrivateExtension.Sequence>
                  <extId><ObjectIdentifier>0.1.292.63.75.56.33</ObjectIdentifier></extId>
                  <extType>b74942d3</extType>
               </PrivateExtension.Sequence>
               <PrivateExtension.Sequence>
                  <extId><ObjectIdentifier>0.1.2110</ObjectIdentifier></extId>
                  <extType>bd5653e3922104f2</extType>
               </PrivateExtension.Sequence>
            </Collection>
         </privateExtensionList.C0.BoxedType>
         <pcs_Extensions.C1.Sequence>
            
         </pcs_Extensions.C1.Sequence>
      </extensionContainer.Sequence>
      <talkerPriority.C3.Enum>
         <EnumType>privileged.1</EnumType>
      </talkerPriority.C3.Enum>
      <additionalInfo.C4.BoxedType><BitString><BitString value="4144d882383d" trailing="0"/></BitString></additionalInfo.C4.BoxedType>
      <emergencyModeResetCommandFlag.C5></emergencyModeResetCommandFlag.C5>
      <an_APDU.C6.Sequence>
         <accessNetworkProtocolId.Enum>
            <EnumType>ts3G_25413.2</EnumType>
         </accessNetworkProtocolId.Enum>
         <signalInfo.BoxedType><Bytes>28a3e7</Bytes></signalInfo.BoxedType>
         <extensionContainer.Sequence>
            <privateExtensionList.C0.BoxedType>
               <Collection>
                  <PrivateExtension.Sequence>
                     <extId><ObjectIdentifier>0.1.250.85.91.20.121.17.54.119</ObjectIdentifier></extId>
                     <extType>74</extType>
                  </PrivateExtension.Sequence>
                  <PrivateExtension.Sequence>
                     <extId><ObjectIdentifier>0.1.245.24.11.81</ObjectIdentifier></extId>
                     <extType>2027b7991d</extType>
                  </PrivateExtension.Sequence>
                  <PrivateExtension.Sequence>
                     <extId><ObjectIdentifier>0.1.275.101.70</ObjectIdentifier></extId>
                     <extType>2ab19fbeab7fb03a0e</extType>
                  </PrivateExtension.Sequence>
               </Collection>
            </privateExtensionList.C0.BoxedType>
            <pcs_Extensions.C1.Sequence>
               
            </pcs_Extensions.C1.Sequence>
         </extensionContainer.Sequence>
      </an_APDU.C6.Sequence>
   </ProcessGroupCallSignallingArg.Sequence>
</ASN>