<?xml version="1.0" encoding="UTF-8"?>

<ASN layer="CAP">
   <PurgeMS_Res.Sequence>
      <freezeTMSI.C0></freezeTMSI.C0>
      <freezeP_TMSI.C1></freezeP_TMSI.C1>
      <extensionContainer.Sequence>
         <privateExtensionList.C0.BoxedType>
            <Collection>
               <PrivateExtension.Sequence>
                  <extId><ObjectIdentifier>0.1.247.51.16.26.111.31.11.126.112</ObjectIdentifier></extId>
                  <extType>88d6437cc64d15dc20</extType>
               </PrivateExtension.Sequence>
               <PrivateExtension.Sequence>
                  <extId><ObjectIdentifier>0.1.254.10.27.98.55.72.3.61.118.48</ObjectIdentifier></extId>
                  <extType>10</extType>
               </PrivateExtension.Sequence>
               <PrivateExtension.Sequence>
                  <extId><ObjectIdentifier>0.1.297.11.2</ObjectIdentifier></extId>
                  <extType>0fe3162ddf</extType>
               </PrivateExtension.Sequence>
            </Collection>
         </privateExtensionList.C0.BoxedType>
         <pcs_Extensions.C1.Sequence>
            
         </pcs_Extensions.C1.Sequence>
      </extensionContainer.Sequence>
      <freezeM_TMSI.C2></freezeM_TMSI.C2>
   </PurgeMS_Res.Sequence>
</ASN>