<?xml version="1.0" encoding="UTF-8"?>

<ASN layer="CAP">
   <PurgeMS_Arg.BoxedType><PurgeMS_ArgSequenceType.C3.Sequence>
         <imsi.BoxedType><TBCD_STRING.BoxedType><Bytes>54532303f9
                  <field name="digits" value="453532309" type="Number_BCD" lengthBit="36" />
               </Bytes></TBCD_STRING.BoxedType></imsi.BoxedType>
         <vlr_Number.C0.BoxedType><AddressString.BoxedType><Bytes>0156531249f6
                  <field name="extension" value="extension:0" type="EnumLong" lengthBit="1" />
                  <field name="nature of address" value="unknown:0" type="EnumLong" lengthBit="3" />
                  <field name="numbering plan" value="ISDN/Telephony Numbering Plan (Rec ITU-T E.164):1" type="EnumLong" lengthBit="4" />
                  <field name="digits" value="653521946" type="Number_BCD" lengthBit="36" />
               </Bytes></AddressString.BoxedType></vlr_Number.C0.BoxedType>
         <sgsn_Number.C1.BoxedType><AddressString.BoxedType><Bytes>6b14587142f0
                  <field name="extension" value="extension:0" type="EnumLong" lengthBit="1" />
                  <field name="nature of address" value="abbreviated number:6" type="EnumLong" lengthBit="3" />
                  <field name="numbering plan" value="11" type="EnumLong" lengthBit="4" />
                  <field name="digits" value="418517240" type="Number_BCD" lengthBit="36" />
               </Bytes></AddressString.BoxedType></sgsn_Number.C1.BoxedType>
         <extensionContainer.Sequence>
            <privateExtensionList.C0.BoxedType>
               <Collection>
                  <PrivateExtension.Sequence>
                     <extId><ObjectIdentifier>0.1.2115.20.103.66</ObjectIdentifier></extId>
                     <extType>587dc5db96121228</extType>
                  </PrivateExtension.Sequence>
                  <PrivateExtension.Sequence>
                     <extId><ObjectIdentifier>0.1.223.23.9.120.89</ObjectIdentifier></extId>
                     <extType>524bd2b1</extType>
                  </PrivateExtension.Sequence>
                  <PrivateExtension.Sequence>
                     <extId><ObjectIdentifier>0.1.242.5.79.25.39.79.88.83.11</ObjectIdentifier></extId>
                     <extType>75116a69d4ccf2</extType>
                  </PrivateExtension.Sequence>
               </Collection>
            </privateExtensionList.C0.BoxedType>
            <pcs_Extensions.C1.Sequence>
               
            </pcs_Extensions.C1.Sequence>
         </extensionContainer.Sequence>
         <locationInformation.C2.Sequence>
            <ageOfLocationInformation.BoxedType><Integer>2 minuts:2</Integer></ageOfLocationInformation.BoxedType>
            <geographicalInformation.C0.BoxedType><Bytes>79c053aa01e41747
                  <field name="TypeOfShape" value="Reserved for future use:7" type="EnumLong" lengthBit="4" />
                  <field name="spare" value="9" type="Integer" lengthBit="4" />
                  <field name="DegreesOfLatitude" value="12604330" type="Integer" length="3" />
                  <field name="DegreesOfLongitude" value="123927" type="Integer" length="3" />
                  <field name="UncertaintyCode" value="71" type="Integer" length="1" />
               </Bytes></geographicalInformation.C0.BoxedType>
            <vlr_number.C1.BoxedType><AddressString.BoxedType><Bytes>113183210522
                     <field name="extension" value="extension:0" type="EnumLong" lengthBit="1" />
                     <field name="nature of address" value="international number:1" type="EnumLong" lengthBit="3" />
                     <field name="numbering plan" value="ISDN/Telephony Numbering Plan (Rec ITU-T E.164):1" type="EnumLong" lengthBit="4" />
                     <field name="digits" value="1338125022" type="Number_BCD" length="5" />
                  </Bytes></AddressString.BoxedType></vlr_number.C1.BoxedType>
            <locationNumber.C2.BoxedType><Bytes>70ad0261307936
                  <field name="Odd/even (O/E)" value="even number of address signals:0" type="EnumLong" lengthBit="1" />
                  <field name="Nature of address" value="reserved for national use:112" type="EnumLong" lengthBit="7" />
                  <field name="Internal Network Number (INN)" value="routing to internal number not allowed:1" type="EnumLong" lengthBit="1" />
                  <field name="Numbering plan" value="spare:2" type="EnumLong" lengthBit="3" />
                  <field name="Address presentation restricted" value="spare:3" type="EnumLong" lengthBit="2" />
                  <field name="Screening" value="user provided, verified and passed:1" type="EnumLong" lengthBit="2" />
                  <field name="digits" value="2016039763" type="Number_BCD" length="5" />
               </Bytes></locationNumber.C2.BoxedType>
            <cellGlobalIdOrServiceAreaIdOrLAI.C3.Choice>
               <cellGlobalIdOrServiceAreaIdFixedLength.C0.BoxedType><Bytes>02f392989e8c04
                     <field name="MMC" value="203,29" type="NumberMMC" length="3" />
                     <field name="LAC" value="39070" type="Integer" length="2" />
                     <field name="CI_SAC" value="35844" type="Integer" length="2" />
                  </Bytes></cellGlobalIdOrServiceAreaIdFixedLength.C0.BoxedType>
               <laiFixedLength.C1.BoxedType><Bytes>41f953952b
                     <field name="MMC" value="149,35" type="NumberMMC" length="3" />
                     <field name="LAC" value="38187" type="Integer" length="2" />
                  </Bytes></laiFixedLength.C1.BoxedType>
            </cellGlobalIdOrServiceAreaIdOrLAI.C3.Choice>
            <extensionContainer.C4.Sequence>
               <privateExtensionList.C0.BoxedType>
                  <Collection>
                     <PrivateExtension.Sequence>
                        <extId><ObjectIdentifier>0.1.2101</ObjectIdentifier></extId>
                        <extType>a405e9f7e8</extType>
                     </PrivateExtension.Sequence>
                     <PrivateExtension.Sequence>
                        <extId><ObjectIdentifier>0.1.291.105.21.89.81.17</ObjectIdentifier></extId>
                        <extType>abc890</extType>
                     </PrivateExtension.Sequence>
                     <PrivateExtension.Sequence>
                        <extId><ObjectIdentifier>0.1.2110.78</ObjectIdentifier></extId>
                        <extType>866e08a5d2</extType>
                     </PrivateExtension.Sequence>
                  </Collection>
               </privateExtensionList.C0.BoxedType>
               <pcs_Extensions.C1.Sequence>
                  
               </pcs_Extensions.C1.Sequence>
            </extensionContainer.C4.Sequence>
            <selectedLSA_Id.C5.BoxedType><Bytes>e6a0fe
                  <field name="LSA type" value="Universal LSA number:1" type="EnumLong" lengthBit="1" />
                  <field name="Identifier" value="6725886" type="Integer" lengthBit="23" />
               </Bytes></selectedLSA_Id.C5.BoxedType>
            <msc_Number.C6.BoxedType><AddressString.BoxedType><Bytes>3158790946f4
                     <field name="extension" value="extension:0" type="EnumLong" lengthBit="1" />
                     <field name="nature of address" value="network specific number:3" type="EnumLong" lengthBit="3" />
                     <field name="numbering plan" value="ISDN/Telephony Numbering Plan (Rec ITU-T E.164):1" type="EnumLong" lengthBit="4" />
                     <field name="digits" value="859790644" type="Number_BCD" lengthBit="36" />
                  </Bytes></AddressString.BoxedType></msc_Number.C6.BoxedType>
            <geodeticInformation.C7.BoxedType><Bytes>3003dd9f2f2cde576b0d
                  <field name="spare" value="3" type="Integer" lengthBit="4" />
                  <field name="LPRI" value="presentation allowed:0" type="EnumLong" lengthBit="2" />
                  <field name="screnning" value="user provided, not verified:0" type="EnumLong" lengthBit="2" />
                  <field name="ext" value="0" type="Integer" lengthBit="1" />
                  <field name="TypeOfShape" value="ellipse on the ellipsoid:3" type="EnumLong" lengthBit="7" />
                  <field name="DegreesOfLatitude" value="14524207" type="Integer" length="3" />
                  <field name="DegreesOfLongitude" value="2940503" type="Integer" length="3" />
                  <field name="UncertaintyCode" value="107" type="Integer" length="1" />
                  <field name="Confidence" value="13" type="Integer" length="1" />
               </Bytes></geodeticInformation.C7.BoxedType>
            <currentLocationRetrieved.C8></currentLocationRetrieved.C8>
            <sai_Present.C9></sai_Present.C9>
            <locationInformationEPS.C10.Sequence>
               <e_utranCellGlobalIdentity.C0.BoxedType><Bytes>df6fbfdb82fd</Bytes></e_utranCellGlobalIdentity.C0.BoxedType>
               <trackingAreaIdentity.C1.BoxedType><Bytes>db21bd3f53cdc3</Bytes></trackingAreaIdentity.C1.BoxedType>
               <extensionContainer.C2.Sequence>
                  <privateExtensionList.C0.BoxedType>
                     <Collection>
                        <PrivateExtension.Sequence>
                           <extId><ObjectIdentifier>0.1.254</ObjectIdentifier></extId>
                           <extType>301dae</extType>
                        </PrivateExtension.Sequence>
                        <PrivateExtension.Sequence>
                           <extId><ObjectIdentifier>0.1.223</ObjectIdentifier></extId>
                           <extType>52eae58a4296fe1672af</extType>
                        </PrivateExtension.Sequence>
                        <PrivateExtension.Sequence>
                           <extId><ObjectIdentifier>0.1.2104.94.21.48.126.11.5.7.112</ObjectIdentifier></extId>
                           <extType>cd40b02a05</extType>
                        </PrivateExtension.Sequence>
                     </Collection>
                  </privateExtensionList.C0.BoxedType>
                  <pcs_Extensions.C1.Sequence>
                     
                  </pcs_Extensions.C1.Sequence>
               </extensionContainer.C2.Sequence>
               <geographicalInformation.C3.BoxedType><Bytes>e92fb4f15f960432
                     <field name="TypeOfShape" value="Reserved for future use:14" type="EnumLong" lengthBit="4" />
                     <field name="spare" value="9" type="Integer" lengthBit="4" />
                     <field name="DegreesOfLatitude" value="3126513" type="Integer" length="3" />
                     <field name="DegreesOfLongitude" value="6264324" type="Integer" length="3" />
                     <field name="UncertaintyCode" value="50" type="Integer" length="1" />
                  </Bytes></geographicalInformation.C3.BoxedType>
               <geodeticInformation.C4.BoxedType><Bytes>87258d6cf58a433ffc21
                     <field name="spare" value="8" type="Integer" lengthBit="4" />
                     <field name="LPRI" value="presentation restricted:1" type="EnumLong" lengthBit="2" />
                     <field name="screnning" value="network provided:3" type="EnumLong" lengthBit="2" />
                     <field name="ext" value="0" type="Integer" lengthBit="1" />
                     <field name="TypeOfShape" value="spare:37" type="EnumLong" lengthBit="7" />
                     <field name="DegreesOfLatitude" value="9268469" type="Integer" length="3" />
                     <field name="DegreesOfLongitude" value="9061183" type="Integer" length="3" />
                     <field name="UncertaintyCode" value="252" type="Integer" length="1" />
                     <field name="Confidence" value="33" type="Integer" length="1" />
                  </Bytes></geodeticInformation.C4.BoxedType>
               <currentLocationRetrieved.C5></currentLocationRetrieved.C5>
               <ageOfLocationInformation.C6.BoxedType><Integer>0 minut = currently in contact:0</Integer></ageOfLocationInformation.C6.BoxedType>
               <mme_Name.C7.BoxedType><Bytes>c682301c</Bytes></mme_Name.C7.BoxedType>
            </locationInformationEPS.C10.Sequence>
            <userCSGInformation.C11.Sequence>
               <csg_Id.C0.BoxedType><BitString><BitString value="87d3280c5f6fcb4cd2a02545a90260f64b" trailing="0"/></BitString></csg_Id.C0.BoxedType>
               <extensionContainer.C1.Sequence>
                  <privateExtensionList.C0.BoxedType>
                     <Collection>
                        <PrivateExtension.Sequence>
                           <extId><ObjectIdentifier>0.1.291.22.102.99.83.113</ObjectIdentifier></extId>
                           <extType>5ab5d2b539</extType>
                        </PrivateExtension.Sequence>
                        <PrivateExtension.Sequence>
                           <extId><ObjectIdentifier>0.1.282.46</ObjectIdentifier></extId>
                           <extType>3f40122141e1</extType>
                        </PrivateExtension.Sequence>
                        <PrivateExtension.Sequence>
                           <extId><ObjectIdentifier>0.1.2108.0.33.50.107.101.76.109</ObjectIdentifier></extId>
                           <extType>95878ebb3945</extType>
                        </PrivateExtension.Sequence>
                     </Collection>
                  </privateExtensionList.C0.BoxedType>
                  <pcs_Extensions.C1.Sequence>
                     
                  </pcs_Extensions.C1.Sequence>
               </extensionContainer.C1.Sequence>
               <accessMode.C2>ce8249d86a84d6</accessMode.C2>
               <cmi.C3>55b285</cmi.C3>
            </userCSGInformation.C11.Sequence>
         </locationInformation.C2.Sequence>
         <locationInformationGPRS.C3.Sequence>
            <cellGlobalIdOrServiceAreaIdOrLAI.C0.Choice>
               <cellGlobalIdOrServiceAreaIdFixedLength.C0.BoxedType><Bytes>317511c6e222dc
                     <field name="MMC" value="135,117" type="NumberMMC" length="3" />
                     <field name="LAC" value="50914" type="Integer" length="2" />
                     <field name="CI_SAC" value="8924" type="Integer" length="2" />
                  </Bytes></cellGlobalIdOrServiceAreaIdFixedLength.C0.BoxedType>
               <laiFixedLength.C1.BoxedType><Bytes>12f238872c
                     <field name="MMC" value="212,83" type="NumberMMC" length="3" />
                     <field name="LAC" value="34604" type="Integer" length="2" />
                  </Bytes></laiFixedLength.C1.BoxedType>
            </cellGlobalIdOrServiceAreaIdOrLAI.C0.Choice>
            <routeingAreaIdentity.C1.BoxedType><Bytes>51f4627b283c
                  <field name="MMC" value="154,26" type="NumberMMC" length="3" />
                  <field name="LAC" value="31528" type="Integer" length="2" />
                  <field name="RAC" value="60" type="Integer" length="1" />
               </Bytes></routeingAreaIdentity.C1.BoxedType>
            <geographicalInformation.C2.BoxedType><Bytes>67f59680d96d259f
                  <field name="TypeOfShape" value="Reserved for future use:6" type="EnumLong" lengthBit="4" />
                  <field name="spare" value="7" type="Integer" lengthBit="4" />
                  <field name="DegreesOfLatitude" value="16094848" type="Integer" length="3" />
                  <field name="DegreesOfLongitude" value="14249253" type="Integer" length="3" />
                  <field name="UncertaintyCode" value="159" type="Integer" length="1" />
               </Bytes></geographicalInformation.C2.BoxedType>
            <sgsn_Number.C3.BoxedType><AddressString.BoxedType><Bytes>045108783898
                     <field name="extension" value="extension:0" type="EnumLong" lengthBit="1" />
                     <field name="nature of address" value="unknown:0" type="EnumLong" lengthBit="3" />
                     <field name="numbering plan" value="telex numbering plan (ITU-T Rec F.69):4" type="EnumLong" lengthBit="4" />
                     <field name="digits" value="1580878389" type="Number_BCD" length="5" />
                  </Bytes></AddressString.BoxedType></sgsn_Number.C3.BoxedType>
            <selectedLSAIdentity.C4.BoxedType><Bytes>8d55d6
                  <field name="LSA type" value="Universal LSA number:1" type="EnumLong" lengthBit="1" />
                  <field name="Identifier" value="873942" type="Integer" lengthBit="23" />
               </Bytes></selectedLSAIdentity.C4.BoxedType>
            <extensionContainer.C5.Sequence>
               <privateExtensionList.C0.BoxedType>
                  <Collection>
                     <PrivateExtension.Sequence>
                        <extId><ObjectIdentifier>0.1.2127.85.53.127.121.55.93.99</ObjectIdentifier></extId>
                        <extType>5262f08c806b6a</extType>
                     </PrivateExtension.Sequence>
                     <PrivateExtension.Sequence>
                        <extId><ObjectIdentifier>0.1.255.37.11.55.19.48.68</ObjectIdentifier></extId>
                        <extType>c93fdb27ea7b21</extType>
                     </PrivateExtension.Sequence>
                     <PrivateExtension.Sequence>
                        <extId><ObjectIdentifier>0.1.2122.124.66.101.17</ObjectIdentifier></extId>
                        <extType>e68bcb91c3</extType>
                     </PrivateExtension.Sequence>
                  </Collection>
               </privateExtensionList.C0.BoxedType>
               <pcs_Extensions.C1.Sequence>
                  
               </pcs_Extensions.C1.Sequence>
            </extensionContainer.C5.Sequence>
            <sai_Present.C6></sai_Present.C6>
            <geodeticInformation.C7.BoxedType><Bytes>c9c2c534b5fac0951299
                  <field name="spare" value="12" type="Integer" lengthBit="4" />
                  <field name="LPRI" value="location not available (Note):2" type="EnumLong" lengthBit="2" />
                  <field name="screnning" value="user provided, verified and passed:1" type="EnumLong" lengthBit="2" />
                  <field name="ext" value="1" type="Integer" lengthBit="1" />
                  <field name="TypeOfShape" value="reserved for national use:66" type="EnumLong" lengthBit="7" />
                  <field name="DegreesOfLatitude" value="12924085" type="Integer" length="3" />
                  <field name="DegreesOfLongitude" value="16433301" type="Integer" length="3" />
                  <field name="UncertaintyCode" value="18" type="Integer" length="1" />
                  <field name="Confidence" value="153" type="Integer" length="1" />
               </Bytes></geodeticInformation.C7.BoxedType>
            <currentLocationRetrieved.C8></currentLocationRetrieved.C8>
            <ageOfLocationInformation.C9.BoxedType><Integer>[1-32766] minuts:1</Integer></ageOfLocationInformation.C9.BoxedType>
            <userCSGInformation.C10.Sequence>
               <csg_Id.C0.BoxedType><BitString><BitString value="de9f67baf15473a3" trailing="0"/></BitString></csg_Id.C0.BoxedType>
               <extensionContainer.C1.Sequence>
                  <privateExtensionList.C0.BoxedType>
                     <Collection>
                        <PrivateExtension.Sequence>
                           <extId><ObjectIdentifier>0.1.2112.12.30.24.30.59.12.119.90</ObjectIdentifier></extId>
                           <extType>b0a8292c373247</extType>
                        </PrivateExtension.Sequence>
                        <PrivateExtension.Sequence>
                           <extId><ObjectIdentifier>0.1.266.92.78.69.89.9</ObjectIdentifier></extId>
                           <extType>7d28883183f858b9e6</extType>
                        </PrivateExtension.Sequence>
                        <PrivateExtension.Sequence>
                           <extId><ObjectIdentifier>0.1.296.24</ObjectIdentifier></extId>
                           <extType>f9</extType>
                        </PrivateExtension.Sequence>
                     </Collection>
                  </privateExtensionList.C0.BoxedType>
                  <pcs_Extensions.C1.Sequence>
                     
                  </pcs_Extensions.C1.Sequence>
               </extensionContainer.C1.Sequence>
               <accessMode.C2>1a6b84b0</accessMode.C2>
               <cmi.C3>2c3d36c1e4ca</cmi.C3>
            </userCSGInformation.C10.Sequence>
         </locationInformationGPRS.C3.Sequence>
         <locationInformationEPS.C4.Sequence>
            <e_utranCellGlobalIdentity.C0.BoxedType><Bytes>ad6e009f2b28882699</Bytes></e_utranCellGlobalIdentity.C0.BoxedType>
            <trackingAreaIdentity.C1.BoxedType><Bytes>78f34f57dbe5</Bytes></trackingAreaIdentity.C1.BoxedType>
            <extensionContainer.C2.Sequence>
               <privateExtensionList.C0.BoxedType>
                  <Collection>
                     <PrivateExtension.Sequence>
                        <extId><ObjectIdentifier>0.1.2127.115.125.61.121.87.45</ObjectIdentifier></extId>
                        <extType>b88d65884b1846</extType>
                     </PrivateExtension.Sequence>
                     <PrivateExtension.Sequence>
                        <extId><ObjectIdentifier>0.1.281.65.27.56.22.46.33</ObjectIdentifier></extId>
                        <extType>51a99fc6bd</extType>
                     </PrivateExtension.Sequence>
                     <PrivateExtension.Sequence>
                        <extId><ObjectIdentifier>0.1.2</ObjectIdentifier></extId>
                        <extType>c6716f</extType>
                     </PrivateExtension.Sequence>
                  </Collection>
               </privateExtensionList.C0.BoxedType>
               <pcs_Extensions.C1.Sequence>
                  
               </pcs_Extensions.C1.Sequence>
            </extensionContainer.C2.Sequence>
            <geographicalInformation.C3.BoxedType><Bytes>b68259ae097ccc4a
                  <field name="TypeOfShape" value="Reserved for future use:11" type="EnumLong" lengthBit="4" />
                  <field name="spare" value="6" type="Integer" lengthBit="4" />
                  <field name="DegreesOfLatitude" value="8542638" type="Integer" length="3" />
                  <field name="DegreesOfLongitude" value="621772" type="Integer" length="3" />
                  <field name="UncertaintyCode" value="74" type="Integer" length="1" />
               </Bytes></geographicalInformation.C3.BoxedType>
            <geodeticInformation.C4.BoxedType><Bytes>56017b1cfbd67c3da70f
                  <field name="spare" value="5" type="Integer" lengthBit="4" />
                  <field name="LPRI" value="presentation restricted:1" type="EnumLong" lengthBit="2" />
                  <field name="screnning" value="user provided, verified and failed:2" type="EnumLong" lengthBit="2" />
                  <field name="ext" value="0" type="Integer" lengthBit="1" />
                  <field name="TypeOfShape" value="ellipsoid point with uncertainty:1" type="EnumLong" lengthBit="7" />
                  <field name="DegreesOfLatitude" value="8068347" type="Integer" length="3" />
                  <field name="DegreesOfLongitude" value="14056509" type="Integer" length="3" />
                  <field name="UncertaintyCode" value="167" type="Integer" length="1" />
                  <field name="Confidence" value="15" type="Integer" length="1" />
               </Bytes></geodeticInformation.C4.BoxedType>
            <currentLocationRetrieved.C5></currentLocationRetrieved.C5>
            <ageOfLocationInformation.C6.BoxedType><Integer>[1-32766] minuts:1</Integer></ageOfLocationInformation.C6.BoxedType>
            <mme_Name.C7.BoxedType><Bytes>bd8b</Bytes></mme_Name.C7.BoxedType>
         </locationInformationEPS.C4.Sequence>
      </PurgeMS_ArgSequenceType.C3.Sequence></PurgeMS_Arg.BoxedType>
</ASN>