<?xml version="1.0" encoding="UTF-8"?>

<ASN layer="CAP">
   <ReadyForSM_Arg.Sequence>
      <imsi.C0.BoxedType><TBCD_STRING.BoxedType><Bytes>94193506f7
               <field name="digits" value="499153607" type="Number_BCD" lengthBit="36" />
            </Bytes></TBCD_STRING.BoxedType></imsi.C0.BoxedType>
      <alertReason.Enum>
         <EnumType>memoryAvailable.1</EnumType>
      </alertReason.Enum>
      <alertReasonIndicator></alertReasonIndicator>
      <extensionContainer.Sequence>
         <privateExtensionList.C0.BoxedType>
            <Collection>
               <PrivateExtension.Sequence>
                  <extId><ObjectIdentifier>0.1.215.101.111.116.54</ObjectIdentifier></extId>
                  <extType>5982</extType>
               </PrivateExtension.Sequence>
               <PrivateExtension.Sequence>
                  <extId><ObjectIdentifier>0.1.241.98.74.28.8.40</ObjectIdentifier></extId>
                  <extType>dddcba906be62aed</extType>
               </PrivateExtension.Sequence>
               <PrivateExtension.Sequence>
                  <extId><ObjectIdentifier>0.1.2112.94.29</ObjectIdentifier></extId>
                  <extType>2705</extType>
               </PrivateExtension.Sequence>
            </Collection>
         </privateExtensionList.C0.BoxedType>
         <pcs_Extensions.C1.Sequence>
            
         </pcs_Extensions.C1.Sequence>
      </extensionContainer.Sequence>
      <additionalAlertReasonIndicator.C1></additionalAlertReasonIndicator.C1>
   </ReadyForSM_Arg.Sequence>
</ASN>