<?xml version="1.0" encoding="UTF-8"?>

<ASN layer="CAP">
   <RegisterCC_EntryArg.Sequence>
      <ss_Code.C0.BoxedType><Bytes>752aa5a258</Bytes></ss_Code.C0.BoxedType>
      <ccbs_Data.C1.Sequence>
         <ccbs_Feature.C0.Sequence>
            <ccbs_Index.C0.BoxedType><Integer>0</Integer></ccbs_Index.C0.BoxedType>
            <b_subscriberNumber.C1.BoxedType><AddressString.BoxedType><Bytes>599110716084
                     <field name="extension" value="extension:0" type="EnumLong" lengthBit="1" />
                     <field name="nature of address" value="reserved:5" type="EnumLong" lengthBit="3" />
                     <field name="numbering plan" value="private numbering plan:9" type="EnumLong" lengthBit="4" />
                     <field name="digits" value="1901170648" type="Number_BCD" length="5" />
                  </Bytes></AddressString.BoxedType></b_subscriberNumber.C1.BoxedType>
            <b_subscriberSubaddress.C2.BoxedType><Bytes>704a0de22adc322d</Bytes></b_subscriberSubaddress.C2.BoxedType>
            <basicServiceGroup.C3.Choice>
               <bearerService.C2.BoxedType><Bytes>68964ec8b04d</Bytes></bearerService.C2.BoxedType>
               <teleservice.C3.BoxedType><Bytes>d4ba99c54c</Bytes></teleservice.C3.BoxedType>
            </basicServiceGroup.C3.Choice>
         </ccbs_Feature.C0.Sequence>
         <translatedB_Number.C1.BoxedType><AddressString.BoxedType><Bytes>0978467376f8
                  <field name="extension" value="extension:0" type="EnumLong" lengthBit="1" />
                  <field name="nature of address" value="unknown:0" type="EnumLong" lengthBit="3" />
                  <field name="numbering plan" value="private numbering plan:9" type="EnumLong" lengthBit="4" />
                  <field name="digits" value="876437678" type="Number_BCD" lengthBit="36" />
               </Bytes></AddressString.BoxedType></translatedB_Number.C1.BoxedType>
         <serviceIndicator.C2.BoxedType><BitString><BitString value="25bb" trailing="0"/></BitString></serviceIndicator.C2.BoxedType>
         <callInfo.C3.Sequence>
            <protocolId.Enum>
               <EnumType>gsm_0408.1</EnumType>
            </protocolId.Enum>
            <signalInfo.BoxedType><Bytes>b86229421a</Bytes></signalInfo.BoxedType>
            <extensionContainer.Sequence>
               <privateExtensionList.C0.BoxedType>
                  <Collection>
                     <PrivateExtension.Sequence>
                        <extId><ObjectIdentifier>0.1.2106.36.114.0.121.61.20.23</ObjectIdentifier></extId>
                        <extType>eb6798677ed8d32b46</extType>
                     </PrivateExtension.Sequence>
                     <PrivateExtension.Sequence>
                        <extId><ObjectIdentifier>0.1.220.42</ObjectIdentifier></extId>
                        <extType>fa22d6</extType>
                     </PrivateExtension.Sequence>
                     <PrivateExtension.Sequence>
                        <extId><ObjectIdentifier>0.1.263.64</ObjectIdentifier></extId>
                        <extType>b677</extType>
                     </PrivateExtension.Sequence>
                  </Collection>
               </privateExtensionList.C0.BoxedType>
               <pcs_Extensions.C1.Sequence>
                  
               </pcs_Extensions.C1.Sequence>
            </extensionContainer.Sequence>
         </callInfo.C3.Sequence>
         <networkSignalInfo.C4.Sequence>
            <protocolId.Enum>
               <EnumType>gsm_BSSMAP.3</EnumType>
            </protocolId.Enum>
            <signalInfo.BoxedType><Bytes>b50438a787d497e20a</Bytes></signalInfo.BoxedType>
            <extensionContainer.Sequence>
               <privateExtensionList.C0.BoxedType>
                  <Collection>
                     <PrivateExtension.Sequence>
                        <extId><ObjectIdentifier>0.1.255.46</ObjectIdentifier></extId>
                        <extType>865804c4a4</extType>
                     </PrivateExtension.Sequence>
                     <PrivateExtension.Sequence>
                        <extId><ObjectIdentifier>0.1.276.70.34.34.80</ObjectIdentifier></extId>
                        <extType>67</extType>
                     </PrivateExtension.Sequence>
                     <PrivateExtension.Sequence>
                        <extId><ObjectIdentifier>0.1.2104.100.72.118.48.96.63</ObjectIdentifier></extId>
                        <extType>caf819baa0d1</extType>
                     </PrivateExtension.Sequence>
                  </Collection>
               </privateExtensionList.C0.BoxedType>
               <pcs_Extensions.C1.Sequence>
                  
               </pcs_Extensions.C1.Sequence>
            </extensionContainer.Sequence>
         </networkSignalInfo.C4.Sequence>
      </ccbs_Data.C1.Sequence>
   </RegisterCC_EntryArg.Sequence>
</ASN>