<?xml version="1.0" encoding="UTF-8"?>

<ASN layer="CAP">
   <RegisterCC_EntryRes.Sequence><ccbs_Feature.C0.Sequence>
         <ccbs_Index.C0.BoxedType><Integer>0</Integer></ccbs_Index.C0.BoxedType>
         <b_subscriberNumber.C1.BoxedType><AddressString.BoxedType><Bytes>420164917607
                  <field name="extension" value="extension:0" type="EnumLong" lengthBit="1" />
                  <field name="nature of address" value="subscriber number:4" type="EnumLong" lengthBit="3" />
                  <field name="numbering plan" value="spare:2" type="EnumLong" lengthBit="4" />
                  <field name="digits" value="1046196770" type="Number_BCD" length="5" />
               </Bytes></AddressString.BoxedType></b_subscriberNumber.C1.BoxedType>
         <b_subscriberSubaddress.C2.BoxedType><Bytes>db16b947</Bytes></b_subscriberSubaddress.C2.BoxedType>
         <basicServiceGroup.C3.Choice>
            <bearerService.C2.BoxedType><Bytes>b256</Bytes></bearerService.C2.BoxedType>
            <teleservice.C3.BoxedType><Bytes>bc</Bytes></teleservice.C3.BoxedType>
         </basicServiceGroup.C3.Choice>
      </ccbs_Feature.C0.Sequence></RegisterCC_EntryRes.Sequence>
</ASN>