<?xml version="1.0" encoding="UTF-8"?>

<ASN layer="CAP">
   <RemoteUserFreeRes.Sequence>
      <ruf_Outcome.C0.Enum>
         <EnumType>udubFromFreeMS.4</EnumType>
      </ruf_Outcome.C0.Enum>
      <extensionContainer.C1.Sequence>
         <privateExtensionList.C0.BoxedType>
            <Collection>
               <PrivateExtension.Sequence>
                  <extId><ObjectIdentifier>0.1.253.98.41.68</ObjectIdentifier></extId>
                  <extType>9376da9cc1b8fc86ad</extType>
               </PrivateExtension.Sequence>
               <PrivateExtension.Sequence>
                  <extId><ObjectIdentifier>0.1.264.97.116.40.117.97.31.124.110</ObjectIdentifier></extId>
                  <extType>5bdd48</extType>
               </PrivateExtension.Sequence>
               <PrivateExtension.Sequence>
                  <extId><ObjectIdentifier>0.1.229.35.46.113.105.61.76.3</ObjectIdentifier></extId>
                  <extType>dd4b</extType>
               </PrivateExtension.Sequence>
            </Collection>
         </privateExtensionList.C0.BoxedType>
         <pcs_Extensions.C1.Sequence>
            
         </pcs_Extensions.C1.Sequence>
      </extensionContainer.C1.Sequence>
   </RemoteUserFreeRes.Sequence>
</ASN>