<?xml version="1.0" encoding="UTF-8"?>

<ASN layer="CAP">
   <ReportSM_DeliveryStatusRes.Sequence>
      <storedMSISDN.BoxedType><AddressString.BoxedType><Bytes>805176914064
               <field name="extension" value="no extension:1" type="EnumLong" lengthBit="1" />
               <field name="nature of address" value="unknown:0" type="EnumLong" lengthBit="3" />
               <field name="numbering plan" value="unknown:0" type="EnumLong" lengthBit="4" />
               <field name="digits" value="1567190446" type="Number_BCD" length="5" />
            </Bytes></AddressString.BoxedType></storedMSISDN.BoxedType>
      <extensionContainer.Sequence>
         <privateExtensionList.C0.BoxedType>
            <Collection>
               <PrivateExtension.Sequence>
                  <extId><ObjectIdentifier>0.1.291.102</ObjectIdentifier></extId>
                  <extType>1876</extType>
               </PrivateExtension.Sequence>
               <PrivateExtension.Sequence>
                  <extId><ObjectIdentifier>0.1.2</ObjectIdentifier></extId>
                  <extType>e0f9e42e7ac54306da</extType>
               </PrivateExtension.Sequence>
               <PrivateExtension.Sequence>
                  <extId><ObjectIdentifier>0.1.217.30.16.72</ObjectIdentifier></extId>
                  <extType>9e8eb9ce241d</extType>
               </PrivateExtension.Sequence>
            </Collection>
         </privateExtensionList.C0.BoxedType>
         <pcs_Extensions.C1.Sequence>
            
         </pcs_Extensions.C1.Sequence>
      </extensionContainer.Sequence>
   </ReportSM_DeliveryStatusRes.Sequence>
</ASN>