<?xml version="1.0" encoding="UTF-8"?>

<ASN layer="CAP">
   <ReportSM_DeliveryStatusArg.Sequence>
      <msisdn.BoxedType><AddressString.BoxedType><Bytes>e737664791f3
               <field name="extension" value="no extension:1" type="EnumLong" lengthBit="1" />
               <field name="nature of address" value="abbreviated number:6" type="EnumLong" lengthBit="3" />
               <field name="numbering plan" value="spare:7" type="EnumLong" lengthBit="4" />
               <field name="digits" value="736674193" type="Number_BCD" lengthBit="36" />
            </Bytes></AddressString.BoxedType></msisdn.BoxedType>
      <serviceCentreAddress.BoxedType><Bytes>363111590402
            <field name="extension" value="extension:0" type="EnumLong" lengthBit="1" />
            <field name="nature of address" value="network specific number:3" type="EnumLong" lengthBit="3" />
            <field name="numbering plan" value="land mobile numbering plan (ITU-T Rec E.212):6" type="EnumLong" lengthBit="4" />
            <field name="digits" value="1311954020" type="Number_BCD" length="5" />
         </Bytes></serviceCentreAddress.BoxedType>
      <sm_DeliveryOutcome.Enum>
         <EnumType>absentSubscriber.1</EnumType>
      </sm_DeliveryOutcome.Enum>
      <absentSubscriberDiagnosticSM.C0.BoxedType><Integer>IMSI detached:1</Integer></absentSubscriberDiagnosticSM.C0.BoxedType>
      <extensionContainer.C1.Sequence>
         <privateExtensionList.C0.BoxedType>
            <Collection>
               <PrivateExtension.Sequence>
                  <extId><ObjectIdentifier>0.1.213.8.3.108.111.18.36.106.114</ObjectIdentifier></extId>
                  <extType>6f745eb043</extType>
               </PrivateExtension.Sequence>
               <PrivateExtension.Sequence>
                  <extId><ObjectIdentifier>0.1.242.98.41</ObjectIdentifier></extId>
                  <extType>bc79f82a</extType>
               </PrivateExtension.Sequence>
               <PrivateExtension.Sequence>
                  <extId><ObjectIdentifier>0.1.292.44.85.72.46.67.127.119.122.30</ObjectIdentifier></extId>
                  <extType>7c72</extType>
               </PrivateExtension.Sequence>
            </Collection>
         </privateExtensionList.C0.BoxedType>
         <pcs_Extensions.C1.Sequence>
            
         </pcs_Extensions.C1.Sequence>
      </extensionContainer.C1.Sequence>
      <gprsSupportIndicator.C2></gprsSupportIndicator.C2>
      <deliveryOutcomeIndicator.C3></deliveryOutcomeIndicator.C3>
      <additionalSM_DeliveryOutcome.C4.Enum>
         <EnumType>memoryCapacityExceeded.0</EnumType>
      </additionalSM_DeliveryOutcome.C4.Enum>
      <additionalAbsentSubscriberDiagnosticSM.C5.BoxedType><Integer>roaming restriction:2</Integer></additionalAbsentSubscriberDiagnosticSM.C5.BoxedType>
      <ip_sm_gw_Indicator.C6></ip_sm_gw_Indicator.C6>
      <ip_sm_gw_sm_deliveryOutcome.C7.Enum>
         <EnumType>absentSubscriber.1</EnumType>
      </ip_sm_gw_sm_deliveryOutcome.C7.Enum>
      <ip_sm_gw_absentSubscriberDiagnosticSM.C8.BoxedType><Integer>IMSI detached:1</Integer></ip_sm_gw_absentSubscriberDiagnosticSM.C8.BoxedType>
      <imsi.C9.BoxedType><TBCD_STRING.BoxedType><Bytes>4171490769
               <field name="digits" value="1417947096" type="Number_BCD" length="5" />
            </Bytes></TBCD_STRING.BoxedType></imsi.C9.BoxedType>
      <singleAttemptDelivery.C10></singleAttemptDelivery.C10>
      <correlationID.C11.Sequence>
         <hlr_id.C0.BoxedType><IMSI.BoxedType><TBCD_STRING.BoxedType><Bytes>59575790
                     <field name="digits" value="95757509" type="Number_BCD" length="4" />
                  </Bytes></TBCD_STRING.BoxedType></IMSI.BoxedType></hlr_id.C0.BoxedType>
         <sip_uri_A.C1.BoxedType><Bytes>af1d12c643857a794b</Bytes></sip_uri_A.C1.BoxedType>
         <sip_uri_B.C2.BoxedType><Bytes>28a9b5e9</Bytes></sip_uri_B.C2.BoxedType>
      </correlationID.C11.Sequence>
   </ReportSM_DeliveryStatusArg.Sequence>
</ASN>