<?xml version="1.0" encoding="UTF-8"?>

<ASN layer="CAP">
   <RequestReportSMSEventArg.Sequence>
      
      <Collection>
         <sMSEvents.C0.Sequence>
            <eventTypeSMS.C0.Enum>
               <EnumType>sms_DeliveryRequested.11</EnumType>
            </eventTypeSMS.C0.Enum>
            <monitorMode.C1.Enum>
               <EnumType>notifyAndContinue.1</EnumType>
            </monitorMode.C1.Enum>
         </sMSEvents.C0.Sequence>
         <sMSEvents.C0.Sequence>
            <eventTypeSMS.C0.Enum>
               <EnumType>sms_DeliveryRequested.11</EnumType>
            </eventTypeSMS.C0.Enum>
            <monitorMode.C1.Enum>
               <EnumType>notifyAndContinue.1</EnumType>
            </monitorMode.C1.Enum>
         </sMSEvents.C0.Sequence>
         <sMSEvents.C0.Sequence>
            <eventTypeSMS.C0.Enum>
               <EnumType>t_smsDelivery.13</EnumType>
            </eventTypeSMS.C0.Enum>
            <monitorMode.C1.Enum>
               <EnumType>notifyAndContinue.1</EnumType>
            </monitorMode.C1.Enum>
         </sMSEvents.C0.Sequence>
      </Collection>
   
      <extensions.C10.BoxedType>
         <Collection>
            <ExtensionField.Sequence>
               <type.Choice>
                  <local>2975352840</local>
                  <global><ObjectIdentifier>0.1.233.43.3.10.29.33</ObjectIdentifier></global>
               </type.Choice>
               <criticality.nulld.Enum>
                  <EnumType>abort.1</EnumType>
               </criticality.nulld.Enum>
               <NullObject.C1></NullObject.C1>
            </ExtensionField.Sequence>
            <ExtensionField.Sequence>
               <type.Choice>
                  <local>1836881826</local>
                  <global><ObjectIdentifier>0.1.2127</ObjectIdentifier></global>
               </type.Choice>
               <criticality.nulld.Enum>
                  <EnumType>abort.1</EnumType>
               </criticality.nulld.Enum>
               <NullObject.C1></NullObject.C1>
            </ExtensionField.Sequence>
            <ExtensionField.Sequence>
               <type.Choice>
                  <local>896424276</local>
                  <global><ObjectIdentifier>0.1.279.72.36</ObjectIdentifier></global>
               </type.Choice>
               <criticality.nulld.Enum>
                  <EnumType>abort.1</EnumType>
               </criticality.nulld.Enum>
               <NullObject.C1></NullObject.C1>
            </ExtensionField.Sequence>
         </Collection>
      </extensions.C10.BoxedType>
   </RequestReportSMSEventArg.Sequence>
</ASN>