<?xml version="1.0" encoding="UTF-8"?>

<ASN layer="CAP">
   <RequestReportBCSMEventArg.Sequence>
      
      <Collection>
         <bcsmEvents.C0.Sequence>
            <eventTypeBCSM.C0.Enum>
               <EnumType>oAbandon.10</EnumType>
            </eventTypeBCSM.C0.Enum>
            <monitorMode.C1.Enum>
               <EnumType>notifyAndContinue.1</EnumType>
            </monitorMode.C1.Enum>
            <legID.C2.Choice>
               <sendingSideID.C0.BoxedType><Bytes>73
                     <field name="LegType" value="115" type="EnumLong" length="1" />
                  </Bytes></sendingSideID.C0.BoxedType>
               <receivingSideID.C1.BoxedType><Bytes>d5
                     <field name="LegType" value="213" type="EnumLong" length="1" />
                  </Bytes></receivingSideID.C1.BoxedType>
            </legID.C2.Choice>
            <dpSpecificCriteria.C30.Choice>
               <applicationTimer.C1.BoxedType><Integer>1</Integer></applicationTimer.C1.BoxedType>
               <midCallControlInfo.C2.Sequence>
                  <minimumNumberOfDigits.C0d>1</minimumNumberOfDigits.C0d>
                  <maximumNumberOfDigits.C1d>0</maximumNumberOfDigits.C1d>
                  <endOfReplyDigit.C2>59a1f1efcbfed3</endOfReplyDigit.C2>
                  <cancelDigit.C3>cbfa2f4458958264</cancelDigit.C3>
                  <startDigit.C4>3a2202f5f787a0</startDigit.C4>
                  <interDigitTimeout.C6d>1</interDigitTimeout.C6d>
               </midCallControlInfo.C2.Sequence>
               <dpSpecificCriteriaAlt.C3.Sequence>
                  <changeOfPositionControlInfo.C0.BoxedType>
                     <Collection>
                        <ChangeOfLocation.Choice>
                           <cellGlobalId.C0.BoxedType><Bytes>12f1569a1cda7d
                                 <field name="MMC" value="211,65" type="NumberMMC" length="3" />
                                 <field name="LAC" value="39452" type="Integer" length="2" />
                                 <field name="CI_SAC" value="55933" type="Integer" length="2" />
                              </Bytes></cellGlobalId.C0.BoxedType>
                           <serviceAreaId.C1.BoxedType><Bytes>71f1861855949a
                                 <field name="MMC" value="171,68" type="NumberMMC" length="3" />
                                 <field name="LAC" value="6229" type="Integer" length="2" />
                                 <field name="CI_SAC" value="38042" type="Integer" length="2" />
                              </Bytes></serviceAreaId.C1.BoxedType>
                           <locationAreaId.C2.BoxedType><Bytes>81f203ca38
                                 <field name="MMC" value="182,30" type="NumberMMC" length="3" />
                                 <field name="LAC" value="51768" type="Integer" length="2" />
                              </Bytes></locationAreaId.C2.BoxedType>
                           <inter_SystemHandOver.C3></inter_SystemHandOver.C3>
                           <inter_PLMNHandOver.C4></inter_PLMNHandOver.C4>
                           <inter_MSCHandOver.C5></inter_MSCHandOver.C5>
                           <changeOfLocationAlt.C6.Sequence>
                              
                           </changeOfLocationAlt.C6.Sequence>
                        </ChangeOfLocation.Choice>
                        <ChangeOfLocation.Choice>
                           <cellGlobalId.C0.BoxedType><Bytes>2183613df51f00
                                 <field name="MMC" value="123,168" type="NumberMMC" length="3" />
                                 <field name="LAC" value="15861" type="Integer" length="2" />
                                 <field name="CI_SAC" value="7936" type="Integer" length="2" />
                              </Bytes></cellGlobalId.C0.BoxedType>
                           <serviceAreaId.C1.BoxedType><Bytes>0100010c48770a
                                 <field name="MMC" value="100,100" type="NumberMMC" length="3" />
                                 <field name="LAC" value="3144" type="Integer" length="2" />
                                 <field name="CI_SAC" value="30474" type="Integer" length="2" />
                              </Bytes></serviceAreaId.C1.BoxedType>
                           <locationAreaId.C2.BoxedType><Bytes>1283915d54
                                 <field name="MMC" value="213,198" type="NumberMMC" length="3" />
                                 <field name="LAC" value="23892" type="Integer" length="2" />
                              </Bytes></locationAreaId.C2.BoxedType>
                           <inter_SystemHandOver.C3></inter_SystemHandOver.C3>
                           <inter_PLMNHandOver.C4></inter_PLMNHandOver.C4>
                           <inter_MSCHandOver.C5></inter_MSCHandOver.C5>
                           <changeOfLocationAlt.C6.Sequence>
                              
                           </changeOfLocationAlt.C6.Sequence>
                        </ChangeOfLocation.Choice>
                        <ChangeOfLocation.Choice>
                           <cellGlobalId.C0.BoxedType><Bytes>323621c9f9076a
                                 <field name="MMC" value="236,123" type="NumberMMC" length="3" />
                                 <field name="LAC" value="51705" type="Integer" length="2" />
                                 <field name="CI_SAC" value="1898" type="Integer" length="2" />
                              </Bytes></cellGlobalId.C0.BoxedType>
                           <serviceAreaId.C1.BoxedType><Bytes>5104326df3e12c
                                 <field name="MMC" value="154,230" type="NumberMMC" length="3" />
                                 <field name="LAC" value="28147" type="Integer" length="2" />
                                 <field name="CI_SAC" value="57644" type="Integer" length="2" />
                              </Bytes></serviceAreaId.C1.BoxedType>
                           <locationAreaId.C2.BoxedType><Bytes>2239014a16
                                 <field name="MMC" value="229,103" type="NumberMMC" length="3" />
                                 <field name="LAC" value="18966" type="Integer" length="2" />
                              </Bytes></locationAreaId.C2.BoxedType>
                           <inter_SystemHandOver.C3></inter_SystemHandOver.C3>
                           <inter_PLMNHandOver.C4></inter_PLMNHandOver.C4>
                           <inter_MSCHandOver.C5></inter_MSCHandOver.C5>
                           <changeOfLocationAlt.C6.Sequence>
                              
                           </changeOfLocationAlt.C6.Sequence>
                        </ChangeOfLocation.Choice>
                     </Collection>
                  </changeOfPositionControlInfo.C0.BoxedType>
                  <numberOfDigits.C1.BoxedType><Integer>0</Integer></numberOfDigits.C1.BoxedType>
                  <interDigitTimeout.C2>1</interDigitTimeout.C2>
               </dpSpecificCriteriaAlt.C3.Sequence>
            </dpSpecificCriteria.C30.Choice>
            <automaticRearm.C50></automaticRearm.C50>
         </bcsmEvents.C0.Sequence>
         <bcsmEvents.C0.Sequence>
            <eventTypeBCSM.C0.Enum>
               <EnumType>tBusy.13</EnumType>
            </eventTypeBCSM.C0.Enum>
            <monitorMode.C1.Enum>
               <EnumType>notifyAndContinue.1</EnumType>
            </monitorMode.C1.Enum>
            <legID.C2.Choice>
               <sendingSideID.C0.BoxedType><Bytes>54
                     <field name="LegType" value="84" type="EnumLong" length="1" />
                  </Bytes></sendingSideID.C0.BoxedType>
               <receivingSideID.C1.BoxedType><Bytes>90
                     <field name="LegType" value="144" type="EnumLong" length="1" />
                  </Bytes></receivingSideID.C1.BoxedType>
            </legID.C2.Choice>
            <dpSpecificCriteria.C30.Choice>
               <applicationTimer.C1.BoxedType><Integer>1</Integer></applicationTimer.C1.BoxedType>
               <midCallControlInfo.C2.Sequence>
                  <minimumNumberOfDigits.C0d>1</minimumNumberOfDigits.C0d>
                  <maximumNumberOfDigits.C1d>1</maximumNumberOfDigits.C1d>
                  <endOfReplyDigit.C2>24dc512d</endOfReplyDigit.C2>
                  <cancelDigit.C3>26298f</cancelDigit.C3>
                  <startDigit.C4>a6acaa3065854f1d74</startDigit.C4>
                  <interDigitTimeout.C6d>1</interDigitTimeout.C6d>
               </midCallControlInfo.C2.Sequence>
               <dpSpecificCriteriaAlt.C3.Sequence>
                  <changeOfPositionControlInfo.C0.BoxedType>
                     <Collection>
                        <ChangeOfLocation.Choice>
                           <cellGlobalId.C0.BoxedType><Bytes>21679146b4fdc8
                                 <field name="MMC" value="127,196" type="NumberMMC" length="3" />
                                 <field name="LAC" value="18100" type="Integer" length="2" />
                                 <field name="CI_SAC" value="64968" type="Integer" length="2" />
                              </Bytes></cellGlobalId.C0.BoxedType>
                           <serviceAreaId.C1.BoxedType><Bytes>0273517950fc56
                                 <field name="MMC" value="203,157" type="NumberMMC" length="3" />
                                 <field name="LAC" value="31056" type="Integer" length="2" />
                                 <field name="CI_SAC" value="64598" type="Integer" length="2" />
                              </Bytes></serviceAreaId.C1.BoxedType>
                           <locationAreaId.C2.BoxedType><Bytes>0123012cfe
                                 <field name="MMC" value="103,102" type="NumberMMC" length="3" />
                                 <field name="LAC" value="11518" type="Integer" length="2" />
                              </Bytes></locationAreaId.C2.BoxedType>
                           <inter_SystemHandOver.C3></inter_SystemHandOver.C3>
                           <inter_PLMNHandOver.C4></inter_PLMNHandOver.C4>
                           <inter_MSCHandOver.C5></inter_MSCHandOver.C5>
                           <changeOfLocationAlt.C6.Sequence>
                              
                           </changeOfLocationAlt.C6.Sequence>
                        </ChangeOfLocation.Choice>
                        <ChangeOfLocation.Choice>
                           <cellGlobalId.C0.BoxedType><Bytes>91613289e377e1
                                 <field name="MMC" value="191,236" type="NumberMMC" length="3" />
                                 <field name="LAC" value="35299" type="Integer" length="2" />
                                 <field name="CI_SAC" value="30689" type="Integer" length="2" />
                              </Bytes></cellGlobalId.C0.BoxedType>
                           <serviceAreaId.C1.BoxedType><Bytes>919222cadf1424
                                 <field name="MMC" value="192,229" type="NumberMMC" length="3" />
                                 <field name="LAC" value="51935" type="Integer" length="2" />
                                 <field name="CI_SAC" value="5156" type="Integer" length="2" />
                              </Bytes></serviceAreaId.C1.BoxedType>
                           <locationAreaId.C2.BoxedType><Bytes>2210211911
                                 <field name="MMC" value="220,121" type="NumberMMC" length="3" />
                                 <field name="LAC" value="6417" type="Integer" length="2" />
                              </Bytes></locationAreaId.C2.BoxedType>
                           <inter_SystemHandOver.C3></inter_SystemHandOver.C3>
                           <inter_PLMNHandOver.C4></inter_PLMNHandOver.C4>
                           <inter_MSCHandOver.C5></inter_MSCHandOver.C5>
                           <changeOfLocationAlt.C6.Sequence>
                              
                           </changeOfLocationAlt.C6.Sequence>
                        </ChangeOfLocation.Choice>
                        <ChangeOfLocation.Choice>
                           <cellGlobalId.C0.BoxedType><Bytes>21f2175688aaaa
                                 <field name="MMC" value="122,71" type="NumberMMC" length="3" />
                                 <field name="LAC" value="22152" type="Integer" length="2" />
                                 <field name="CI_SAC" value="43690" type="Integer" length="2" />
                              </Bytes></cellGlobalId.C0.BoxedType>
                           <serviceAreaId.C1.BoxedType><Bytes>12f44406f9ab1d
                                 <field name="MMC" value="214,44" type="NumberMMC" length="3" />
                                 <field name="LAC" value="1785" type="Integer" length="2" />
                                 <field name="CI_SAC" value="43805" type="Integer" length="2" />
                              </Bytes></serviceAreaId.C1.BoxedType>
                           <locationAreaId.C2.BoxedType><Bytes>6184814f78
                                 <field name="MMC" value="164,188" type="NumberMMC" length="3" />
                                 <field name="LAC" value="20344" type="Integer" length="2" />
                              </Bytes></locationAreaId.C2.BoxedType>
                           <inter_SystemHandOver.C3></inter_SystemHandOver.C3>
                           <inter_PLMNHandOver.C4></inter_PLMNHandOver.C4>
                           <inter_MSCHandOver.C5></inter_MSCHandOver.C5>
                           <changeOfLocationAlt.C6.Sequence>
                              
                           </changeOfLocationAlt.C6.Sequence>
                        </ChangeOfLocation.Choice>
                     </Collection>
                  </changeOfPositionControlInfo.C0.BoxedType>
                  <numberOfDigits.C1.BoxedType><Integer>2</Integer></numberOfDigits.C1.BoxedType>
                  <interDigitTimeout.C2>1</interDigitTimeout.C2>
               </dpSpecificCriteriaAlt.C3.Sequence>
            </dpSpecificCriteria.C30.Choice>
            <automaticRearm.C50></automaticRearm.C50>
         </bcsmEvents.C0.Sequence>
         <bcsmEvents.C0.Sequence>
            <eventTypeBCSM.C0.Enum>
               <EnumType>oChangeOfPosition.50</EnumType>
            </eventTypeBCSM.C0.Enum>
            <monitorMode.C1.Enum>
               <EnumType>notifyAndContinue.1</EnumType>
            </monitorMode.C1.Enum>
            <legID.C2.Choice>
               <sendingSideID.C0.BoxedType><Bytes>02
                     <field name="LegType" value="leg2 LegType:2" type="EnumLong" length="1" />
                  </Bytes></sendingSideID.C0.BoxedType>
               <receivingSideID.C1.BoxedType><Bytes>01
                     <field name="LegType" value="leg1 LegType:1" type="EnumLong" length="1" />
                  </Bytes></receivingSideID.C1.BoxedType>
            </legID.C2.Choice>
            <dpSpecificCriteria.C30.Choice>
               <applicationTimer.C1.BoxedType><Integer>2</Integer></applicationTimer.C1.BoxedType>
               <midCallControlInfo.C2.Sequence>
                  <minimumNumberOfDigits.C0d>2</minimumNumberOfDigits.C0d>
                  <maximumNumberOfDigits.C1d>2</maximumNumberOfDigits.C1d>
                  <endOfReplyDigit.C2>038123c082e0</endOfReplyDigit.C2>
                  <cancelDigit.C3>bc039f28f5cb7f</cancelDigit.C3>
                  <startDigit.C4>90456d21d22751</startDigit.C4>
                  <interDigitTimeout.C6d>1</interDigitTimeout.C6d>
               </midCallControlInfo.C2.Sequence>
               <dpSpecificCriteriaAlt.C3.Sequence>
                  <changeOfPositionControlInfo.C0.BoxedType>
                     <Collection>
                        <ChangeOfLocation.Choice>
                           <cellGlobalId.C0.BoxedType><Bytes>11f255fcad4a7a
                                 <field name="MMC" value="112,55" type="NumberMMC" length="3" />
                                 <field name="LAC" value="64685" type="Integer" length="2" />
                                 <field name="CI_SAC" value="19066" type="Integer" length="2" />
                              </Bytes></cellGlobalId.C0.BoxedType>
                           <serviceAreaId.C1.BoxedType><Bytes>214621c30fd5b0
                                 <field name="MMC" value="126,124" type="NumberMMC" length="3" />
                                 <field name="LAC" value="49935" type="Integer" length="2" />
                                 <field name="CI_SAC" value="54704" type="Integer" length="2" />
                              </Bytes></serviceAreaId.C1.BoxedType>
                           <locationAreaId.C2.BoxedType><Bytes>22f6395aa6
                                 <field name="MMC" value="226,93" type="NumberMMC" length="3" />
                                 <field name="LAC" value="23206" type="Integer" length="2" />
                              </Bytes></locationAreaId.C2.BoxedType>
                           <inter_SystemHandOver.C3></inter_SystemHandOver.C3>
                           <inter_PLMNHandOver.C4></inter_PLMNHandOver.C4>
                           <inter_MSCHandOver.C5></inter_MSCHandOver.C5>
                           <changeOfLocationAlt.C6.Sequence>
                              
                           </changeOfLocationAlt.C6.Sequence>
                        </ChangeOfLocation.Choice>
                        <ChangeOfLocation.Choice>
                           <cellGlobalId.C0.BoxedType><Bytes>514231915dc4e8
                                 <field name="MMC" value="152,134" type="NumberMMC" length="3" />
                                 <field name="LAC" value="37213" type="Integer" length="2" />
                                 <field name="CI_SAC" value="50408" type="Integer" length="2" />
                              </Bytes></cellGlobalId.C0.BoxedType>
                           <serviceAreaId.C1.BoxedType><Bytes>1119429ab98212
                                 <field name="MMC" value="119,241" type="NumberMMC" length="3" />
                                 <field name="LAC" value="39609" type="Integer" length="2" />
                                 <field name="CI_SAC" value="33298" type="Integer" length="2" />
                              </Bytes></serviceAreaId.C1.BoxedType>
                           <locationAreaId.C2.BoxedType><Bytes>0230910f51
                                 <field name="MMC" value="200,193" type="NumberMMC" length="3" />
                                 <field name="LAC" value="3921" type="Integer" length="2" />
                              </Bytes></locationAreaId.C2.BoxedType>
                           <inter_SystemHandOver.C3></inter_SystemHandOver.C3>
                           <inter_PLMNHandOver.C4></inter_PLMNHandOver.C4>
                           <inter_MSCHandOver.C5></inter_MSCHandOver.C5>
                           <changeOfLocationAlt.C6.Sequence>
                              
                           </changeOfLocationAlt.C6.Sequence>
                        </ChangeOfLocation.Choice>
                        <ChangeOfLocation.Choice>
                           <cellGlobalId.C0.BoxedType><Bytes>31f869a891e7ae
                                 <field name="MMC" value="138,96" type="NumberMMC" length="3" />
                                 <field name="LAC" value="43153" type="Integer" length="2" />
                                 <field name="CI_SAC" value="59310" type="Integer" length="2" />
                              </Bytes></cellGlobalId.C0.BoxedType>
                           <serviceAreaId.C1.BoxedType><Bytes>41f311cc56f833
                                 <field name="MMC" value="143,11" type="NumberMMC" length="3" />
                                 <field name="LAC" value="52310" type="Integer" length="2" />
                                 <field name="CI_SAC" value="63539" type="Integer" length="2" />
                              </Bytes></serviceAreaId.C1.BoxedType>
                           <locationAreaId.C2.BoxedType><Bytes>2102328ae6
                                 <field name="MMC" value="122,230" type="NumberMMC" length="3" />
                                 <field name="LAC" value="35558" type="Integer" length="2" />
                              </Bytes></locationAreaId.C2.BoxedType>
                           <inter_SystemHandOver.C3></inter_SystemHandOver.C3>
                           <inter_PLMNHandOver.C4></inter_PLMNHandOver.C4>
                           <inter_MSCHandOver.C5></inter_MSCHandOver.C5>
                           <changeOfLocationAlt.C6.Sequence>
                              
                           </changeOfLocationAlt.C6.Sequence>
                        </ChangeOfLocation.Choice>
                     </Collection>
                  </changeOfPositionControlInfo.C0.BoxedType>
                  <numberOfDigits.C1.BoxedType><Integer>1</Integer></numberOfDigits.C1.BoxedType>
                  <interDigitTimeout.C2>2</interDigitTimeout.C2>
               </dpSpecificCriteriaAlt.C3.Sequence>
            </dpSpecificCriteria.C30.Choice>
            <automaticRearm.C50></automaticRearm.C50>
         </bcsmEvents.C0.Sequence>
      </Collection>
   
      <extensions.C2.BoxedType>
         <Collection>
            <ExtensionField.Sequence>
               <type.Choice>
                  <local>4292038731</local>
                  <global><ObjectIdentifier>0.1.258.1.36.57.58.31.76.18</ObjectIdentifier></global>
               </type.Choice>
               <criticality.nulld.Enum>
                  <EnumType>abort.1</EnumType>
               </criticality.nulld.Enum>
               <NullObject.C1></NullObject.C1>
            </ExtensionField.Sequence>
            <ExtensionField.Sequence>
               <type.Choice>
                  <local>4061822101</local>
                  <global><ObjectIdentifier>0.1.253.52</ObjectIdentifier></global>
               </type.Choice>
               <criticality.nulld.Enum>
                  <EnumType>ignore.0</EnumType>
               </criticality.nulld.Enum>
               <NullObject.C1></NullObject.C1>
            </ExtensionField.Sequence>
            <ExtensionField.Sequence>
               <type.Choice>
                  <local>155616932</local>
                  <global><ObjectIdentifier>0.1.2120.26.38.49.119.64.94.41</ObjectIdentifier></global>
               </type.Choice>
               <criticality.nulld.Enum>
                  <EnumType>abort.1</EnumType>
               </criticality.nulld.Enum>
               <NullObject.C1></NullObject.C1>
            </ExtensionField.Sequence>
         </Collection>
      </extensions.C2.BoxedType>
   </RequestReportBCSMEventArg.Sequence>
</ASN>