<?xml version="1.0" encoding="UTF-8"?>

<ASN layer="CAP">
   <RequestReportGPRSEventArg.Sequence>
      
      <Collection>
         <gPRSEvent.C0.Sequence>
            <gPRSEventType.C0.Enum>
               <EnumType>pdp_ContextEstablishmentAcknowledgement.12</EnumType>
            </gPRSEventType.C0.Enum>
            <monitorMode.C1.Enum>
               <EnumType>interrupted.0</EnumType>
            </monitorMode.C1.Enum>
         </gPRSEvent.C0.Sequence>
         <gPRSEvent.C0.Sequence>
            <gPRSEventType.C0.Enum>
               <EnumType>detached.3</EnumType>
            </gPRSEventType.C0.Enum>
            <monitorMode.C1.Enum>
               <EnumType>notifyAndContinue.1</EnumType>
            </monitorMode.C1.Enum>
         </gPRSEvent.C0.Sequence>
         <gPRSEvent.C0.Sequence>
            <gPRSEventType.C0.Enum>
               <EnumType>pdp_ContextChangeOfPosition.14</EnumType>
            </gPRSEventType.C0.Enum>
            <monitorMode.C1.Enum>
               <EnumType>notifyAndContinue.1</EnumType>
            </monitorMode.C1.Enum>
         </gPRSEvent.C0.Sequence>
      </Collection>
   
      <pDPId.C1.BoxedType><Bytes>9561b9d8af16a385</Bytes></pDPId.C1.BoxedType>
   </RequestReportGPRSEventArg.Sequence>
</ASN>