<?xml version="1.0" encoding="UTF-8"?>

<ASN layer="CAP">
   <ResetTimerSMSArg.Sequence>
      <timerID.C0d.Enum>
         <EnumType>tssf.0</EnumType>
      </timerID.C0d.Enum>
      <timervalue.C1.BoxedType><Integer4.BoxedType><Integer>1</Integer></Integer4.BoxedType></timervalue.C1.BoxedType>
      <extensions.C2.BoxedType>
         <Collection>
            <ExtensionField.Sequence>
               <type.Choice>
                  <local>4026993976</local>
                  <global><ObjectIdentifier>0.1.279.0.71.55.91</ObjectIdentifier></global>
               </type.Choice>
               <criticality.nulld.Enum>
                  <EnumType>ignore.0</EnumType>
               </criticality.nulld.Enum>
               <NullObject.C1></NullObject.C1>
            </ExtensionField.Sequence>
            <ExtensionField.Sequence>
               <type.Choice>
                  <local>2989628352</local>
                  <global><ObjectIdentifier>0.1.254.90.81.58</ObjectIdentifier></global>
               </type.Choice>
               <criticality.nulld.Enum>
                  <EnumType>abort.1</EnumType>
               </criticality.nulld.Enum>
               <NullObject.C1></NullObject.C1>
            </ExtensionField.Sequence>
            <ExtensionField.Sequence>
               <type.Choice>
                  <local>3150133969</local>
                  <global><ObjectIdentifier>0.1.2</ObjectIdentifier></global>
               </type.Choice>
               <criticality.nulld.Enum>
                  <EnumType>abort.1</EnumType>
               </criticality.nulld.Enum>
               <NullObject.C1></NullObject.C1>
            </ExtensionField.Sequence>
         </Collection>
      </extensions.C2.BoxedType>
   </ResetTimerSMSArg.Sequence>
</ASN>