<?xml version="1.0" encoding="UTF-8"?>

<ASN layer="CAP">
   <RestoreDataRes.Sequence>
      <hlr_Number.BoxedType><AddressString.BoxedType><Bytes>f53158957279
               <field name="extension" value="no extension:1" type="EnumLong" lengthBit="1" />
               <field name="nature of address" value="reserved for extension:7" type="EnumLong" lengthBit="3" />
               <field name="numbering plan" value="spare:5" type="EnumLong" lengthBit="4" />
               <field name="digits" value="1385592797" type="Number_BCD" length="5" />
            </Bytes></AddressString.BoxedType></hlr_Number.BoxedType>
      <msNotReachable></msNotReachable>
      <extensionContainer.Sequence>
         <privateExtensionList.C0.BoxedType>
            <Collection>
               <PrivateExtension.Sequence>
                  <extId><ObjectIdentifier>0.1.211</ObjectIdentifier></extId>
                  <extType>9dbe</extType>
               </PrivateExtension.Sequence>
               <PrivateExtension.Sequence>
                  <extId><ObjectIdentifier>0.1.290.117</ObjectIdentifier></extId>
                  <extType>920c</extType>
               </PrivateExtension.Sequence>
               <PrivateExtension.Sequence>
                  <extId><ObjectIdentifier>0.1.2115.47.37.59</ObjectIdentifier></extId>
                  <extType>b2e8c3d5562c</extType>
               </PrivateExtension.Sequence>
            </Collection>
         </privateExtensionList.C0.BoxedType>
         <pcs_Extensions.C1.Sequence>
            
         </pcs_Extensions.C1.Sequence>
      </extensionContainer.Sequence>
   </RestoreDataRes.Sequence>
</ASN>