<?xml version="1.0" encoding="UTF-8"?>

<ASN layer="CAP">
   <RestoreDataArg.Sequence>
      <imsi.BoxedType><TBCD_STRING.BoxedType><Bytes>25412035f4
               <field name="digits" value="521402534" type="Number_BCD" lengthBit="36" />
            </Bytes></TBCD_STRING.BoxedType></imsi.BoxedType>
      <lmsi.BoxedType><Bytes>a680c2c7c853a1b014
            <field name="digits" value="a680c2c7c853a1b014" type="Binary" length="9" />
         </Bytes></lmsi.BoxedType>
      <extensionContainer.Sequence>
         <privateExtensionList.C0.BoxedType>
            <Collection>
               <PrivateExtension.Sequence>
                  <extId><ObjectIdentifier>0.1.2</ObjectIdentifier></extId>
                  <extType>3fd8a05f9c16f65e</extType>
               </PrivateExtension.Sequence>
               <PrivateExtension.Sequence>
                  <extId><ObjectIdentifier>0.1.2112.40</ObjectIdentifier></extId>
                  <extType>c1eaf8a8</extType>
               </PrivateExtension.Sequence>
               <PrivateExtension.Sequence>
                  <extId><ObjectIdentifier>0.1.2126.25.83.97.62.49</ObjectIdentifier></extId>
                  <extType>afceb125c8</extType>
               </PrivateExtension.Sequence>
            </Collection>
         </privateExtensionList.C0.BoxedType>
         <pcs_Extensions.C1.Sequence>
            
         </pcs_Extensions.C1.Sequence>
      </extensionContainer.Sequence>
      <vlr_Capability.C6.Sequence>
         <supportedCamelPhases.C0.BoxedType><BitString><BitString value="8380502ed3b821ee30247bcc0472f0" trailing="0"/></BitString></supportedCamelPhases.C0.BoxedType>
         <extensionContainer.Sequence>
            <privateExtensionList.C0.BoxedType>
               <Collection>
                  <PrivateExtension.Sequence>
                     <extId><ObjectIdentifier>0.1.242.27.4.122.53.79</ObjectIdentifier></extId>
                     <extType>804044f4</extType>
                  </PrivateExtension.Sequence>
                  <PrivateExtension.Sequence>
                     <extId><ObjectIdentifier>0.1.2</ObjectIdentifier></extId>
                     <extType>5d51628b6bda7b</extType>
                  </PrivateExtension.Sequence>
                  <PrivateExtension.Sequence>
                     <extId><ObjectIdentifier>0.1.241.38.71.123.98</ObjectIdentifier></extId>
                     <extType>fc</extType>
                  </PrivateExtension.Sequence>
               </Collection>
            </privateExtensionList.C0.BoxedType>
            <pcs_Extensions.C1.Sequence>
               
            </pcs_Extensions.C1.Sequence>
         </extensionContainer.Sequence>
         <solsaSupportIndicator.C2></solsaSupportIndicator.C2>
         <istSupportIndicator.C1.Enum>
            <EnumType>basicISTSupported.0</EnumType>
         </istSupportIndicator.C1.Enum>
         <superChargerSupportedInServingNetworkEntity.C3.Choice>
            <sendSubscriberData.C0></sendSubscriberData.C0>
            <subscriberDataStored.C1.BoxedType><Bytes>ba8b8d25</Bytes></subscriberDataStored.C1.BoxedType>
         </superChargerSupportedInServingNetworkEntity.C3.Choice>
         <longFTN_Supported.C4></longFTN_Supported.C4>
         <supportedLCS_CapabilitySets.C5.BoxedType><BitString><BitString value="8b" trailing="0"/></BitString></supportedLCS_CapabilitySets.C5.BoxedType>
         <offeredCamel4CSIs.C6.BoxedType><BitString><BitString value="f4e27b57c5d3bb697bf89d6fd3c1bcba0aec34" trailing="0"/></BitString></offeredCamel4CSIs.C6.BoxedType>
         <supportedRAT_TypesIndicator.C7.BoxedType><BitString><BitString value="84954c91a8af0f9aa0670eb398122fb29ff9" trailing="0"/></BitString></supportedRAT_TypesIndicator.C7.BoxedType>
         <longGroupID_Supported.C8></longGroupID_Supported.C8>
         <mtRoamingForwardingSupported.C9></mtRoamingForwardingSupported.C9>
         <msisdn_lessOperation_Supported.C10></msisdn_lessOperation_Supported.C10>
      </vlr_Capability.C6.Sequence>
      <restorationIndicator.C7></restorationIndicator.C7>
   </RestoreDataArg.Sequence>
</ASN>