<?xml version="1.0" encoding="UTF-8"?>

<ASN layer="CAP">
   <ResumeCallHandlingArg.Sequence>
      <callReferenceNumber.C0.BoxedType><Bytes>cb20e5</Bytes></callReferenceNumber.C0.BoxedType>
      <basicServiceGroup.C1.Choice>
         <ext_BearerService.C2.BoxedType><Bytes>0eff6c8a</Bytes></ext_BearerService.C2.BoxedType>
         <ext_Teleservice.C3.BoxedType><Bytes>fbc7eec2e0
               <field name="Code" value="251" type="EnumLong" length="1" />
               <field name="Extension data" value="c7eec2e0" type="Binary" length="4" />
            </Bytes></ext_Teleservice.C3.BoxedType>
      </basicServiceGroup.C1.Choice>
      <forwardingData.C2.Sequence>
         <forwardedToNumber.C5.BoxedType><AddressString.BoxedType><Bytes>5755369081f4
                  <field name="extension" value="extension:0" type="EnumLong" lengthBit="1" />
                  <field name="nature of address" value="reserved:5" type="EnumLong" lengthBit="3" />
                  <field name="numbering plan" value="spare:7" type="EnumLong" lengthBit="4" />
                  <field name="digits" value="556309184" type="Number_BCD" lengthBit="36" />
               </Bytes></AddressString.BoxedType></forwardedToNumber.C5.BoxedType>
         <forwardedToSubaddress.C4.BoxedType><Bytes>b11e75d7ec</Bytes></forwardedToSubaddress.C4.BoxedType>
         <forwardingOptions.C6.BoxedType><Bytes>f5a32df552fd8d37</Bytes></forwardingOptions.C6.BoxedType>
         <extensionContainer.C7.Sequence>
            <privateExtensionList.C0.BoxedType>
               <Collection>
                  <PrivateExtension.Sequence>
                     <extId><ObjectIdentifier>0.1.252.95.2.93.97.125.23.28.125</ObjectIdentifier></extId>
                     <extType>f47e529d1a70</extType>
                  </PrivateExtension.Sequence>
                  <PrivateExtension.Sequence>
                     <extId><ObjectIdentifier>0.1.2</ObjectIdentifier></extId>
                     <extType>eb5632889267bdc510</extType>
                  </PrivateExtension.Sequence>
                  <PrivateExtension.Sequence>
                     <extId><ObjectIdentifier>0.1.2108.23.116.83.56.94</ObjectIdentifier></extId>
                     <extType>e27dc23f2c20e3</extType>
                  </PrivateExtension.Sequence>
               </Collection>
            </privateExtensionList.C0.BoxedType>
            <pcs_Extensions.C1.Sequence>
               
            </pcs_Extensions.C1.Sequence>
         </extensionContainer.C7.Sequence>
         <longForwardedToNumber.C8.BoxedType><AddressString.BoxedType><Bytes>719172598145
                  <field name="extension" value="extension:0" type="EnumLong" lengthBit="1" />
                  <field name="nature of address" value="reserved for extension:7" type="EnumLong" lengthBit="3" />
                  <field name="numbering plan" value="ISDN/Telephony Numbering Plan (Rec ITU-T E.164):1" type="EnumLong" lengthBit="4" />
                  <field name="digits" value="1927951854" type="Number_BCD" length="5" />
               </Bytes></AddressString.BoxedType></longForwardedToNumber.C8.BoxedType>
      </forwardingData.C2.Sequence>
      <imsi.C3.BoxedType><TBCD_STRING.BoxedType><Bytes>5173270335
               <field name="digits" value="1537723053" type="Number_BCD" length="5" />
            </Bytes></TBCD_STRING.BoxedType></imsi.C3.BoxedType>
      <cug_CheckInfo.C4.Sequence>
         <cug_Interlock.BoxedType><Bytes>533d42ae</Bytes></cug_Interlock.BoxedType>
         <cug_OutgoingAccess></cug_OutgoingAccess>
         <extensionContainer.Sequence>
            <privateExtensionList.C0.BoxedType>
               <Collection>
                  <PrivateExtension.Sequence>
                     <extId><ObjectIdentifier>0.1.244.91.121.83.98.14</ObjectIdentifier></extId>
                     <extType>6091d342155056</extType>
                  </PrivateExtension.Sequence>
                  <PrivateExtension.Sequence>
                     <extId><ObjectIdentifier>0.1.2122.114.99.80.44.71.17</ObjectIdentifier></extId>
                     <extType>fe65116bb2d4fb20db</extType>
                  </PrivateExtension.Sequence>
                  <PrivateExtension.Sequence>
                     <extId><ObjectIdentifier>0.1.216.21.43.127.87.81.79.28</ObjectIdentifier></extId>
                     <extType>73cacba350853d</extType>
                  </PrivateExtension.Sequence>
               </Collection>
            </privateExtensionList.C0.BoxedType>
            <pcs_Extensions.C1.Sequence>
               
            </pcs_Extensions.C1.Sequence>
         </extensionContainer.Sequence>
      </cug_CheckInfo.C4.Sequence>
      <o_CSI.C5.Sequence>
         <o_BcsmCamelTDPDataList.BoxedType>
            <Collection>
               <O_BcsmCamelTDPData.Sequence>
                  <o_BcsmTriggerDetectionPoint.Enum>
                     <EnumType>collectedInfo.2</EnumType>
                  </o_BcsmTriggerDetectionPoint.Enum>
                  <serviceKey.BoxedType><Integer>1</Integer></serviceKey.BoxedType>
                  <gsmSCF_Address.C0.BoxedType><AddressString.BoxedType><Bytes>af9181053392
                           <field name="extension" value="no extension:1" type="EnumLong" lengthBit="1" />
                           <field name="nature of address" value="national significant number:2" type="EnumLong" lengthBit="3" />
                           <field name="numbering plan" value="reserved for extension:15" type="EnumLong" lengthBit="4" />
                           <field name="digits" value="1918503329" type="Number_BCD" length="5" />
                        </Bytes></AddressString.BoxedType></gsmSCF_Address.C0.BoxedType>
                  <defaultCallHandling.C1.Enum>
                     <EnumType>releaseCall.1</EnumType>
                  </defaultCallHandling.C1.Enum>
                  <extensionContainer.C2.Sequence>
                     <privateExtensionList.C0.BoxedType>
                        <Collection>
                           <PrivateExtension.Sequence>
                              <extId><ObjectIdentifier>0.1.226.64.34.90.88.101.112.55</ObjectIdentifier></extId>
                              <extType>a07f1f357bf3aa9ca3</extType>
                           </PrivateExtension.Sequence>
                           <PrivateExtension.Sequence>
                              <extId><ObjectIdentifier>0.1.245.15.67.33</ObjectIdentifier></extId>
                              <extType>285c</extType>
                           </PrivateExtension.Sequence>
                           <PrivateExtension.Sequence>
                              <extId><ObjectIdentifier>0.1.242.48.5</ObjectIdentifier></extId>
                              <extType>db280e</extType>
                           </PrivateExtension.Sequence>
                        </Collection>
                     </privateExtensionList.C0.BoxedType>
                     <pcs_Extensions.C1.Sequence>
                        
                     </pcs_Extensions.C1.Sequence>
                  </extensionContainer.C2.Sequence>
               </O_BcsmCamelTDPData.Sequence>
               <O_BcsmCamelTDPData.Sequence>
                  <o_BcsmTriggerDetectionPoint.Enum>
                     <EnumType>collectedInfo.2</EnumType>
                  </o_BcsmTriggerDetectionPoint.Enum>
                  <serviceKey.BoxedType><Integer>1</Integer></serviceKey.BoxedType>
                  <gsmSCF_Address.C0.BoxedType><AddressString.BoxedType><Bytes>265165573380
                           <field name="extension" value="extension:0" type="EnumLong" lengthBit="1" />
                           <field name="nature of address" value="national significant number:2" type="EnumLong" lengthBit="3" />
                           <field name="numbering plan" value="land mobile numbering plan (ITU-T Rec E.212):6" type="EnumLong" lengthBit="4" />
                           <field name="digits" value="1556753308" type="Number_BCD" length="5" />
                        </Bytes></AddressString.BoxedType></gsmSCF_Address.C0.BoxedType>
                  <defaultCallHandling.C1.Enum>
                     <EnumType>continueCall.0</EnumType>
                  </defaultCallHandling.C1.Enum>
                  <extensionContainer.C2.Sequence>
                     <privateExtensionList.C0.BoxedType>
                        <Collection>
                           <PrivateExtension.Sequence>
                              <extId><ObjectIdentifier>0.1.218.31.61.14.64</ObjectIdentifier></extId>
                              <extType>d7d2a8c73406ad5b3f</extType>
                           </PrivateExtension.Sequence>
                           <PrivateExtension.Sequence>
                              <extId><ObjectIdentifier>0.1.273.14</ObjectIdentifier></extId>
                              <extType>995ea0d74f49974d7cbb</extType>
                           </PrivateExtension.Sequence>
                           <PrivateExtension.Sequence>
                              <extId><ObjectIdentifier>0.1.290.40.13.104.91.79.58</ObjectIdentifier></extId>
                              <extType>4f3283ac</extType>
                           </PrivateExtension.Sequence>
                        </Collection>
                     </privateExtensionList.C0.BoxedType>
                     <pcs_Extensions.C1.Sequence>
                        
                     </pcs_Extensions.C1.Sequence>
                  </extensionContainer.C2.Sequence>
               </O_BcsmCamelTDPData.Sequence>
               <O_BcsmCamelTDPData.Sequence>
                  <o_BcsmTriggerDetectionPoint.Enum>
                     <EnumType>routeSelectFailure.4</EnumType>
                  </o_BcsmTriggerDetectionPoint.Enum>
                  <serviceKey.BoxedType><Integer>1</Integer></serviceKey.BoxedType>
                  <gsmSCF_Address.C0.BoxedType><AddressString.BoxedType><Bytes>7336748619f8
                           <field name="extension" value="extension:0" type="EnumLong" lengthBit="1" />
                           <field name="nature of address" value="reserved for extension:7" type="EnumLong" lengthBit="3" />
                           <field name="numbering plan" value="data numbering plan (ITU-T Rec X.121):3" type="EnumLong" lengthBit="4" />
                           <field name="digits" value="634768918" type="Number_BCD" lengthBit="36" />
                        </Bytes></AddressString.BoxedType></gsmSCF_Address.C0.BoxedType>
                  <defaultCallHandling.C1.Enum>
                     <EnumType>continueCall.0</EnumType>
                  </defaultCallHandling.C1.Enum>
                  <extensionContainer.C2.Sequence>
                     <privateExtensionList.C0.BoxedType>
                        <Collection>
                           <PrivateExtension.Sequence>
                              <extId><ObjectIdentifier>0.1.211.21.126</ObjectIdentifier></extId>
                              <extType>5d99af4f</extType>
                           </PrivateExtension.Sequence>
                           <PrivateExtension.Sequence>
                              <extId><ObjectIdentifier>0.1.253.122.15.107.47.90.36</ObjectIdentifier></extId>
                              <extType>81</extType>
                           </PrivateExtension.Sequence>
                           <PrivateExtension.Sequence>
                              <extId><ObjectIdentifier>0.1.259.102.115.85.100.102</ObjectIdentifier></extId>
                              <extType>719e</extType>
                           </PrivateExtension.Sequence>
                        </Collection>
                     </privateExtensionList.C0.BoxedType>
                     <pcs_Extensions.C1.Sequence>
                        
                     </pcs_Extensions.C1.Sequence>
                  </extensionContainer.C2.Sequence>
               </O_BcsmCamelTDPData.Sequence>
            </Collection>
         </o_BcsmCamelTDPDataList.BoxedType>
         <extensionContainer.Sequence>
            <privateExtensionList.C0.BoxedType>
               <Collection>
                  <PrivateExtension.Sequence>
                     <extId><ObjectIdentifier>0.1.274.99.90.44</ObjectIdentifier></extId>
                     <extType>b35e14c0053c20</extType>
                  </PrivateExtension.Sequence>
                  <PrivateExtension.Sequence>
                     <extId><ObjectIdentifier>0.1.262.1.34.116.5</ObjectIdentifier></extId>
                     <extType>b841bd41af05</extType>
                  </PrivateExtension.Sequence>
                  <PrivateExtension.Sequence>
                     <extId><ObjectIdentifier>0.1.224.37.6.79.110.120.53.104.24</ObjectIdentifier></extId>
                     <extType>d89d8cf54854be76</extType>
                  </PrivateExtension.Sequence>
               </Collection>
            </privateExtensionList.C0.BoxedType>
            <pcs_Extensions.C1.Sequence>
               
            </pcs_Extensions.C1.Sequence>
         </extensionContainer.Sequence>
         <camelCapabilityHandling.C0.BoxedType><Integer>1</Integer></camelCapabilityHandling.C0.BoxedType>
         <notificationToCSE.C1></notificationToCSE.C1>
         <csiActive.C2></csiActive.C2>
      </o_CSI.C5.Sequence>
      <extensionContainer.C7.Sequence>
         <privateExtensionList.C0.BoxedType>
            <Collection>
               <PrivateExtension.Sequence>
                  <extId><ObjectIdentifier>0.1.29.109</ObjectIdentifier></extId>
                  <extType>c8dbc568</extType>
               </PrivateExtension.Sequence>
               <PrivateExtension.Sequence>
                  <extId><ObjectIdentifier>0.1.257.101.4.9.79.115.65</ObjectIdentifier></extId>
                  <extType>15d53ed9fdc8a241</extType>
               </PrivateExtension.Sequence>
               <PrivateExtension.Sequence>
                  <extId><ObjectIdentifier>0.1.289.109.122.0.62.51</ObjectIdentifier></extId>
                  <extType>fcd600e44745e45b6914</extType>
               </PrivateExtension.Sequence>
            </Collection>
         </privateExtensionList.C0.BoxedType>
         <pcs_Extensions.C1.Sequence>
            
         </pcs_Extensions.C1.Sequence>
      </extensionContainer.C7.Sequence>
      <ccbs_Possible.C8></ccbs_Possible.C8>
      <msisdn.C9.BoxedType><AddressString.BoxedType><Bytes>4d77904958f4
               <field name="extension" value="extension:0" type="EnumLong" lengthBit="1" />
               <field name="nature of address" value="subscriber number:4" type="EnumLong" lengthBit="3" />
               <field name="numbering plan" value="13" type="EnumLong" lengthBit="4" />
               <field name="digits" value="770994854" type="Number_BCD" lengthBit="36" />
            </Bytes></AddressString.BoxedType></msisdn.C9.BoxedType>
      <uu_Data.C10.Sequence>
         <uuIndicator.C0.BoxedType><Bytes>9f5c</Bytes></uuIndicator.C0.BoxedType>
         <uui.C1.BoxedType><Bytes>9451a310</Bytes></uui.C1.BoxedType>
         <uusCFInteraction.C2></uusCFInteraction.C2>
         <extensionContainer.C3.Sequence>
            <privateExtensionList.C0.BoxedType>
               <Collection>
                  <PrivateExtension.Sequence>
                     <extId><ObjectIdentifier>0.1.241.56.25</ObjectIdentifier></extId>
                     <extType>5950a4f1d90f7a3b3046</extType>
                  </PrivateExtension.Sequence>
                  <PrivateExtension.Sequence>
                     <extId><ObjectIdentifier>0.1.22.128.93.66.59</ObjectIdentifier></extId>
                     <extType>56a7c0</extType>
                  </PrivateExtension.Sequence>
                  <PrivateExtension.Sequence>
                     <extId><ObjectIdentifier>0.1.250.21.52</ObjectIdentifier></extId>
                     <extType>7f0dadf914</extType>
                  </PrivateExtension.Sequence>
               </Collection>
            </privateExtensionList.C0.BoxedType>
            <pcs_Extensions.C1.Sequence>
               
            </pcs_Extensions.C1.Sequence>
         </extensionContainer.C3.Sequence>
      </uu_Data.C10.Sequence>
      <allInformationSent.C11></allInformationSent.C11>
      <d_csi.C12.Sequence>
         <dp_AnalysedInfoCriteriaList.C0.BoxedType>
            <Collection>
               <DP_AnalysedInfoCriterium.Sequence>
                  <dialledNumber.BoxedType><AddressString.BoxedType><Bytes>b35188219859
                           <field name="extension" value="no extension:1" type="EnumLong" lengthBit="1" />
                           <field name="nature of address" value="network specific number:3" type="EnumLong" lengthBit="3" />
                           <field name="numbering plan" value="data numbering plan (ITU-T Rec X.121):3" type="EnumLong" lengthBit="4" />
                           <field name="digits" value="1588128995" type="Number_BCD" length="5" />
                        </Bytes></AddressString.BoxedType></dialledNumber.BoxedType>
                  <serviceKey.BoxedType><Integer>1</Integer></serviceKey.BoxedType>
                  <gsmSCF_Address.BoxedType><AddressString.BoxedType><Bytes>580270882694
                           <field name="extension" value="extension:0" type="EnumLong" lengthBit="1" />
                           <field name="nature of address" value="reserved:5" type="EnumLong" lengthBit="3" />
                           <field name="numbering plan" value="national numbering plan:8" type="EnumLong" lengthBit="4" />
                           <field name="digits" value="2007886249" type="Number_BCD" length="5" />
                        </Bytes></AddressString.BoxedType></gsmSCF_Address.BoxedType>
                  <defaultCallHandling.Enum>
                     <EnumType>continueCall.0</EnumType>
                  </defaultCallHandling.Enum>
                  <extensionContainer.Sequence>
                     <privateExtensionList.C0.BoxedType>
                        <Collection>
                           <PrivateExtension.Sequence>
                              <extId><ObjectIdentifier>0.1.235.10.0.36.59.7.30.117.19.76</ObjectIdentifier></extId>
                              <extType>dfdd0ed5b71592b38434</extType>
                           </PrivateExtension.Sequence>
                           <PrivateExtension.Sequence>
                              <extId><ObjectIdentifier>0.1.284</ObjectIdentifier></extId>
                              <extType>d42b0dadf0</extType>
                           </PrivateExtension.Sequence>
                           <PrivateExtension.Sequence>
                              <extId><ObjectIdentifier>0.1.296.63.56.43.52.19.42</ObjectIdentifier></extId>
                              <extType>585ceede34b537e4</extType>
                           </PrivateExtension.Sequence>
                        </Collection>
                     </privateExtensionList.C0.BoxedType>
                     <pcs_Extensions.C1.Sequence>
                        
                     </pcs_Extensions.C1.Sequence>
                  </extensionContainer.Sequence>
               </DP_AnalysedInfoCriterium.Sequence>
               <DP_AnalysedInfoCriterium.Sequence>
                  <dialledNumber.BoxedType><AddressString.BoxedType><Bytes>8f94325342f0
                           <field name="extension" value="no extension:1" type="EnumLong" lengthBit="1" />
                           <field name="nature of address" value="unknown:0" type="EnumLong" lengthBit="3" />
                           <field name="numbering plan" value="reserved for extension:15" type="EnumLong" lengthBit="4" />
                           <field name="digits" value="492335240" type="Number_BCD" lengthBit="36" />
                        </Bytes></AddressString.BoxedType></dialledNumber.BoxedType>
                  <serviceKey.BoxedType><Integer>2</Integer></serviceKey.BoxedType>
                  <gsmSCF_Address.BoxedType><AddressString.BoxedType><Bytes>d09126509429
                           <field name="extension" value="no extension:1" type="EnumLong" lengthBit="1" />
                           <field name="nature of address" value="reserved:5" type="EnumLong" lengthBit="3" />
                           <field name="numbering plan" value="unknown:0" type="EnumLong" lengthBit="4" />
                           <field name="digits" value="1962054992" type="Number_BCD" length="5" />
                        </Bytes></AddressString.BoxedType></gsmSCF_Address.BoxedType>
                  <defaultCallHandling.Enum>
                     <EnumType>releaseCall.1</EnumType>
                  </defaultCallHandling.Enum>
                  <extensionContainer.Sequence>
                     <privateExtensionList.C0.BoxedType>
                        <Collection>
                           <PrivateExtension.Sequence>
                              <extId><ObjectIdentifier>0.1.267.40.52.4.99.61.81</ObjectIdentifier></extId>
                              <extType>7663d78073296c5566</extType>
                           </PrivateExtension.Sequence>
                           <PrivateExtension.Sequence>
                              <extId><ObjectIdentifier>0.1.244.63.8.111.117.109.107.121.80</ObjectIdentifier></extId>
                              <extType>11</extType>
                           </PrivateExtension.Sequence>
                           <PrivateExtension.Sequence>
                              <extId><ObjectIdentifier>0.1.291.95.123</ObjectIdentifier></extId>
                              <extType>afc448</extType>
                           </PrivateExtension.Sequence>
                        </Collection>
                     </privateExtensionList.C0.BoxedType>
                     <pcs_Extensions.C1.Sequence>
                        
                     </pcs_Extensions.C1.Sequence>
                  </extensionContainer.Sequence>
               </DP_AnalysedInfoCriterium.Sequence>
               <DP_AnalysedInfoCriterium.Sequence>
                  <dialledNumber.BoxedType><AddressString.BoxedType><Bytes>0748367780f0
                           <field name="extension" value="extension:0" type="EnumLong" lengthBit="1" />
                           <field name="nature of address" value="unknown:0" type="EnumLong" lengthBit="3" />
                           <field name="numbering plan" value="spare:7" type="EnumLong" lengthBit="4" />
                           <field name="digits" value="846377080" type="Number_BCD" lengthBit="36" />
                        </Bytes></AddressString.BoxedType></dialledNumber.BoxedType>
                  <serviceKey.BoxedType><Integer>2</Integer></serviceKey.BoxedType>
                  <gsmSCF_Address.BoxedType><AddressString.BoxedType><Bytes>df52856848f4
                           <field name="extension" value="no extension:1" type="EnumLong" lengthBit="1" />
                           <field name="nature of address" value="reserved:5" type="EnumLong" lengthBit="3" />
                           <field name="numbering plan" value="reserved for extension:15" type="EnumLong" lengthBit="4" />
                           <field name="digits" value="255886844" type="Number_BCD" lengthBit="36" />
                        </Bytes></AddressString.BoxedType></gsmSCF_Address.BoxedType>
                  <defaultCallHandling.Enum>
                     <EnumType>continueCall.0</EnumType>
                  </defaultCallHandling.Enum>
                  <extensionContainer.Sequence>
                     <privateExtensionList.C0.BoxedType>
                        <Collection>
                           <PrivateExtension.Sequence>
                              <extId><ObjectIdentifier>0.1.2114.125.32.109.80.106.97.127.35</ObjectIdentifier></extId>
                              <extType>b91d8e0b7f</extType>
                           </PrivateExtension.Sequence>
                           <PrivateExtension.Sequence>
                              <extId><ObjectIdentifier>0.1.248.45.8</ObjectIdentifier></extId>
                              <extType>b77fccf5c5423ea9</extType>
                           </PrivateExtension.Sequence>
                           <PrivateExtension.Sequence>
                              <extId><ObjectIdentifier>0.1.214.93.86.92.80</ObjectIdentifier></extId>
                              <extType>b1a2c93b09e3830a</extType>
                           </PrivateExtension.Sequence>
                        </Collection>
                     </privateExtensionList.C0.BoxedType>
                     <pcs_Extensions.C1.Sequence>
                        
                     </pcs_Extensions.C1.Sequence>
                  </extensionContainer.Sequence>
               </DP_AnalysedInfoCriterium.Sequence>
            </Collection>
         </dp_AnalysedInfoCriteriaList.C0.BoxedType>
         <camelCapabilityHandling.C1.BoxedType><Integer>0</Integer></camelCapabilityHandling.C1.BoxedType>
         <extensionContainer.C2.Sequence>
            <privateExtensionList.C0.BoxedType>
               <Collection>
                  <PrivateExtension.Sequence>
                     <extId><ObjectIdentifier>0.1.293</ObjectIdentifier></extId>
                     <extType>53b90d48c089df</extType>
                  </PrivateExtension.Sequence>
                  <PrivateExtension.Sequence>
                     <extId><ObjectIdentifier>0.1.285.6.95.69.123.32.64</ObjectIdentifier></extId>
                     <extType>9234d22e53afbfe10f34</extType>
                  </PrivateExtension.Sequence>
                  <PrivateExtension.Sequence>
                     <extId><ObjectIdentifier>0.1.272.28.44.30.81.19.70</ObjectIdentifier></extId>
                     <extType>7e98e0f9ae14ae</extType>
                  </PrivateExtension.Sequence>
               </Collection>
            </privateExtensionList.C0.BoxedType>
            <pcs_Extensions.C1.Sequence>
               
            </pcs_Extensions.C1.Sequence>
         </extensionContainer.C2.Sequence>
         <notificationToCSE.C3></notificationToCSE.C3>
         <csi_Active.C4></csi_Active.C4>
      </d_csi.C12.Sequence>
      <o_BcsmCamelTDPCriteriaList.C13.BoxedType>
         <Collection>
            <O_BcsmCamelTDP_Criteria.Sequence>
               <o_BcsmTriggerDetectionPoint.Enum>
                  <EnumType>routeSelectFailure.4</EnumType>
               </o_BcsmTriggerDetectionPoint.Enum>
               <destinationNumberCriteria.C0.Sequence>
                  <matchType.C0.Enum>
                     <EnumType>inhibiting.0</EnumType>
                  </matchType.C0.Enum>
                  <destinationNumberList.C1.BoxedType>
                     <Collection>
                        <ISDN_AddressString.BoxedType><AddressString.BoxedType><Bytes>262192491270
                                 <field name="extension" value="extension:0" type="EnumLong" lengthBit="1" />
                                 <field name="nature of address" value="national significant number:2" type="EnumLong" lengthBit="3" />
                                 <field name="numbering plan" value="land mobile numbering plan (ITU-T Rec E.212):6" type="EnumLong" lengthBit="4" />
                                 <field name="digits" value="1229942107" type="Number_BCD" length="5" />
                              </Bytes></AddressString.BoxedType></ISDN_AddressString.BoxedType>
                        <ISDN_AddressString.BoxedType><AddressString.BoxedType><Bytes>b37169848953
                                 <field name="extension" value="no extension:1" type="EnumLong" lengthBit="1" />
                                 <field name="nature of address" value="network specific number:3" type="EnumLong" lengthBit="3" />
                                 <field name="numbering plan" value="data numbering plan (ITU-T Rec X.121):3" type="EnumLong" lengthBit="4" />
                                 <field name="digits" value="1796489835" type="Number_BCD" length="5" />
                              </Bytes></AddressString.BoxedType></ISDN_AddressString.BoxedType>
                        <ISDN_AddressString.BoxedType><AddressString.BoxedType><Bytes>b134798408f7
                                 <field name="extension" value="no extension:1" type="EnumLong" lengthBit="1" />
                                 <field name="nature of address" value="network specific number:3" type="EnumLong" lengthBit="3" />
                                 <field name="numbering plan" value="ISDN/Telephony Numbering Plan (Rec ITU-T E.164):1" type="EnumLong" lengthBit="4" />
                                 <field name="digits" value="439748807" type="Number_BCD" lengthBit="36" />
                              </Bytes></AddressString.BoxedType></ISDN_AddressString.BoxedType>
                     </Collection>
                  </destinationNumberList.C1.BoxedType>
                  <destinationNumberLengthList.C2.BoxedType>
                     <Collection>
                        <Integer>0</Integer>
                        <Integer>2</Integer>
                        <Integer>1</Integer>
                     </Collection>
                  </destinationNumberLengthList.C2.BoxedType>
               </destinationNumberCriteria.C0.Sequence>
               <basicServiceCriteria.C1.BoxedType>
                  <Collection>
                     <Ext_BasicServiceCode.Choice>
                        <ext_BearerService.C2.BoxedType><Bytes>02071b15f216</Bytes></ext_BearerService.C2.BoxedType>
                        <ext_Teleservice.C3.BoxedType><Bytes>91c6a719b5
                              <field name="Code" value="voiceGroupCall:145" type="EnumLong" length="1" />
                              <field name="Extension data" value="c6a719b5" type="Binary" length="4" />
                           </Bytes></ext_Teleservice.C3.BoxedType>
                     </Ext_BasicServiceCode.Choice>
                     <Ext_BasicServiceCode.Choice>
                        <ext_BearerService.C2.BoxedType><Bytes>c11bb3</Bytes></ext_BearerService.C2.BoxedType>
                        <ext_Teleservice.C3.BoxedType><Bytes>486ea9566c
                              <field name="Code" value="72" type="EnumLong" length="1" />
                              <field name="Extension data" value="6ea9566c" type="Binary" length="4" />
                           </Bytes></ext_Teleservice.C3.BoxedType>
                     </Ext_BasicServiceCode.Choice>
                     <Ext_BasicServiceCode.Choice>
                        <ext_BearerService.C2.BoxedType><Bytes>702e1afb018502</Bytes></ext_BearerService.C2.BoxedType>
                        <ext_Teleservice.C3.BoxedType><Bytes>789e9a770a
                              <field name="Code" value="120" type="EnumLong" length="1" />
                              <field name="Extension data" value="9e9a770a" type="Binary" length="4" />
                           </Bytes></ext_Teleservice.C3.BoxedType>
                     </Ext_BasicServiceCode.Choice>
                  </Collection>
               </basicServiceCriteria.C1.BoxedType>
               <callTypeCriteria.C2.Enum>
                  <EnumType>forwarded.0</EnumType>
               </callTypeCriteria.C2.Enum>
               <o_CauseValueCriteria.C3.BoxedType>
                  <Collection>
                     <CauseValue.BoxedType><Bytes>b74e04f7ffd9</Bytes></CauseValue.BoxedType>
                     <CauseValue.BoxedType><Bytes>8d47da84fa</Bytes></CauseValue.BoxedType>
                     <CauseValue.BoxedType><Bytes>34de9d3c68ac3d1b8e7a</Bytes></CauseValue.BoxedType>
                  </Collection>
               </o_CauseValueCriteria.C3.BoxedType>
               <extensionContainer.C4.Sequence>
                  <privateExtensionList.C0.BoxedType>
                     <Collection>
                        <PrivateExtension.Sequence>
                           <extId><ObjectIdentifier>0.1.2</ObjectIdentifier></extId>
                           <extType>e1a0c3</extType>
                        </PrivateExtension.Sequence>
                        <PrivateExtension.Sequence>
                           <extId><ObjectIdentifier>0.1.2117.112.40</ObjectIdentifier></extId>
                           <extType>4481a2083d08e7</extType>
                        </PrivateExtension.Sequence>
                        <PrivateExtension.Sequence>
                           <extId><ObjectIdentifier>0.1.238.121.23.45.48.45.122.122</ObjectIdentifier></extId>
                           <extType>6e91a308</extType>
                        </PrivateExtension.Sequence>
                     </Collection>
                  </privateExtensionList.C0.BoxedType>
                  <pcs_Extensions.C1.Sequence>
                     
                  </pcs_Extensions.C1.Sequence>
               </extensionContainer.C4.Sequence>
            </O_BcsmCamelTDP_Criteria.Sequence>
            <O_BcsmCamelTDP_Criteria.Sequence>
               <o_BcsmTriggerDetectionPoint.Enum>
                  <EnumType>collectedInfo.2</EnumType>
               </o_BcsmTriggerDetectionPoint.Enum>
               <destinationNumberCriteria.C0.Sequence>
                  <matchType.C0.Enum>
                     <EnumType>inhibiting.0</EnumType>
                  </matchType.C0.Enum>
                  <destinationNumberList.C1.BoxedType>
                     <Collection>
                        <ISDN_AddressString.BoxedType><AddressString.BoxedType><Bytes>b465382794f3
                                 <field name="extension" value="no extension:1" type="EnumLong" lengthBit="1" />
                                 <field name="nature of address" value="network specific number:3" type="EnumLong" lengthBit="3" />
                                 <field name="numbering plan" value="telex numbering plan (ITU-T Rec F.69):4" type="EnumLong" lengthBit="4" />
                                 <field name="digits" value="568372493" type="Number_BCD" lengthBit="36" />
                              </Bytes></AddressString.BoxedType></ISDN_AddressString.BoxedType>
                        <ISDN_AddressString.BoxedType><AddressString.BoxedType><Bytes>a174297796f2
                                 <field name="extension" value="no extension:1" type="EnumLong" lengthBit="1" />
                                 <field name="nature of address" value="national significant number:2" type="EnumLong" lengthBit="3" />
                                 <field name="numbering plan" value="ISDN/Telephony Numbering Plan (Rec ITU-T E.164):1" type="EnumLong" lengthBit="4" />
                                 <field name="digits" value="479277692" type="Number_BCD" lengthBit="36" />
                              </Bytes></AddressString.BoxedType></ISDN_AddressString.BoxedType>
                        <ISDN_AddressString.BoxedType><AddressString.BoxedType><Bytes>cf79960095
                                 <field name="extension" value="no extension:1" type="EnumLong" lengthBit="1" />
                                 <field name="nature of address" value="subscriber number:4" type="EnumLong" lengthBit="3" />
                                 <field name="numbering plan" value="reserved for extension:15" type="EnumLong" lengthBit="4" />
                                 <field name="digits" value="97690059" type="Number_BCD" length="4" />
                              </Bytes></AddressString.BoxedType></ISDN_AddressString.BoxedType>
                     </Collection>
                  </destinationNumberList.C1.BoxedType>
                  <destinationNumberLengthList.C2.BoxedType>
                     <Collection>
                        <Integer>1</Integer>
                        <Integer>1</Integer>
                        <Integer>2</Integer>
                     </Collection>
                  </destinationNumberLengthList.C2.BoxedType>
               </destinationNumberCriteria.C0.Sequence>
               <basicServiceCriteria.C1.BoxedType>
                  <Collection>
                     <Ext_BasicServiceCode.Choice>
                        <ext_BearerService.C2.BoxedType><Bytes>4bb3ceed</Bytes></ext_BearerService.C2.BoxedType>
                        <ext_Teleservice.C3.BoxedType><Bytes>90000000cb
                              <field name="Code" value="allVoiceGroupCallServices:144" type="EnumLong" length="1" />
                              <field name="Extension data" value="000000cb" type="Binary" length="4" />
                           </Bytes></ext_Teleservice.C3.BoxedType>
                     </Ext_BasicServiceCode.Choice>
                     <Ext_BasicServiceCode.Choice>
                        <ext_BearerService.C2.BoxedType><Bytes>92aaea64444d6a96ee49</Bytes></ext_BearerService.C2.BoxedType>
                        <ext_Teleservice.C3.BoxedType><Bytes>7f611f03df
                              <field name="Code" value="127" type="EnumLong" length="1" />
                              <field name="Extension data" value="611f03df" type="Binary" length="4" />
                           </Bytes></ext_Teleservice.C3.BoxedType>
                     </Ext_BasicServiceCode.Choice>
                     <Ext_BasicServiceCode.Choice>
                        <ext_BearerService.C2.BoxedType><Bytes>4f8d7f865742</Bytes></ext_BearerService.C2.BoxedType>
                        <ext_Teleservice.C3.BoxedType><Bytes>29bcc04e79
                              <field name="Code" value="41" type="EnumLong" length="1" />
                              <field name="Extension data" value="bcc04e79" type="Binary" length="4" />
                           </Bytes></ext_Teleservice.C3.BoxedType>
                     </Ext_BasicServiceCode.Choice>
                  </Collection>
               </basicServiceCriteria.C1.BoxedType>
               <callTypeCriteria.C2.Enum>
                  <EnumType>forwarded.0</EnumType>
               </callTypeCriteria.C2.Enum>
               <o_CauseValueCriteria.C3.BoxedType>
                  <Collection>
                     <CauseValue.BoxedType><Bytes>1b0099b1281c</Bytes></CauseValue.BoxedType>
                     <CauseValue.BoxedType><Bytes>1a0783a56f99f8ad1c</Bytes></CauseValue.BoxedType>
                     <CauseValue.BoxedType><Bytes>e5</Bytes></CauseValue.BoxedType>
                  </Collection>
               </o_CauseValueCriteria.C3.BoxedType>
               <extensionContainer.C4.Sequence>
                  <privateExtensionList.C0.BoxedType>
                     <Collection>
                        <PrivateExtension.Sequence>
                           <extId><ObjectIdentifier>0.1.237.6.19.15.65</ObjectIdentifier></extId>
                           <extType>e7db2c81aa</extType>
                        </PrivateExtension.Sequence>
                        <PrivateExtension.Sequence>
                           <extId><ObjectIdentifier>0.1.2102</ObjectIdentifier></extId>
                           <extType>fab4</extType>
                        </PrivateExtension.Sequence>
                        <PrivateExtension.Sequence>
                           <extId><ObjectIdentifier>0.1.242.84.26.69.20.83.29</ObjectIdentifier></extId>
                           <extType>fc62b0</extType>
                        </PrivateExtension.Sequence>
                     </Collection>
                  </privateExtensionList.C0.BoxedType>
                  <pcs_Extensions.C1.Sequence>
                     
                  </pcs_Extensions.C1.Sequence>
               </extensionContainer.C4.Sequence>
            </O_BcsmCamelTDP_Criteria.Sequence>
            <O_BcsmCamelTDP_Criteria.Sequence>
               <o_BcsmTriggerDetectionPoint.Enum>
                  <EnumType>collectedInfo.2</EnumType>
               </o_BcsmTriggerDetectionPoint.Enum>
               <destinationNumberCriteria.C0.Sequence>
                  <matchType.C0.Enum>
                     <EnumType>enabling.1</EnumType>
                  </matchType.C0.Enum>
                  <destinationNumberList.C1.BoxedType>
                     <Collection>
                        <ISDN_AddressString.BoxedType><AddressString.BoxedType><Bytes>500291430794
                                 <field name="extension" value="extension:0" type="EnumLong" lengthBit="1" />
                                 <field name="nature of address" value="reserved:5" type="EnumLong" lengthBit="3" />
                                 <field name="numbering plan" value="unknown:0" type="EnumLong" lengthBit="4" />
                                 <field name="digits" value="2019347049" type="Number_BCD" length="5" />
                              </Bytes></AddressString.BoxedType></ISDN_AddressString.BoxedType>
                        <ISDN_AddressString.BoxedType><AddressString.BoxedType><Bytes>8717757188f3
                                 <field name="extension" value="no extension:1" type="EnumLong" lengthBit="1" />
                                 <field name="nature of address" value="unknown:0" type="EnumLong" lengthBit="3" />
                                 <field name="numbering plan" value="spare:7" type="EnumLong" lengthBit="4" />
                                 <field name="digits" value="715717883" type="Number_BCD" lengthBit="36" />
                              </Bytes></AddressString.BoxedType></ISDN_AddressString.BoxedType>
                        <ISDN_AddressString.BoxedType><AddressString.BoxedType><Bytes>1957248796f9
                                 <field name="extension" value="extension:0" type="EnumLong" lengthBit="1" />
                                 <field name="nature of address" value="international number:1" type="EnumLong" lengthBit="3" />
                                 <field name="numbering plan" value="private numbering plan:9" type="EnumLong" lengthBit="4" />
                                 <field name="digits" value="754278699" type="Number_BCD" lengthBit="36" />
                              </Bytes></AddressString.BoxedType></ISDN_AddressString.BoxedType>
                     </Collection>
                  </destinationNumberList.C1.BoxedType>
                  <destinationNumberLengthList.C2.BoxedType>
                     <Collection>
                        <Integer>2</Integer>
                        <Integer>0</Integer>
                        <Integer>1</Integer>
                     </Collection>
                  </destinationNumberLengthList.C2.BoxedType>
               </destinationNumberCriteria.C0.Sequence>
               <basicServiceCriteria.C1.BoxedType>
                  <Collection>
                     <Ext_BasicServiceCode.Choice>
                        <ext_BearerService.C2.BoxedType><Bytes>2d</Bytes></ext_BearerService.C2.BoxedType>
                        <ext_Teleservice.C3.BoxedType><Bytes>90000044b6
                              <field name="Code" value="allVoiceGroupCallServices:144" type="EnumLong" length="1" />
                              <field name="Extension data" value="000044b6" type="Binary" length="4" />
                           </Bytes></ext_Teleservice.C3.BoxedType>
                     </Ext_BasicServiceCode.Choice>
                     <Ext_BasicServiceCode.Choice>
                        <ext_BearerService.C2.BoxedType><Bytes>6dd68d092adaca0d</Bytes></ext_BearerService.C2.BoxedType>
                        <ext_Teleservice.C3.BoxedType><Bytes>966f7bca91
                              <field name="Code" value="150" type="EnumLong" length="1" />
                              <field name="Extension data" value="6f7bca91" type="Binary" length="4" />
                           </Bytes></ext_Teleservice.C3.BoxedType>
                     </Ext_BasicServiceCode.Choice>
                     <Ext_BasicServiceCode.Choice>
                        <ext_BearerService.C2.BoxedType><Bytes>acc76c27a4f2df5870e2</Bytes></ext_BearerService.C2.BoxedType>
                        <ext_Teleservice.C3.BoxedType><Bytes>6fa809b304
                              <field name="Code" value="111" type="EnumLong" length="1" />
                              <field name="Extension data" value="a809b304" type="Binary" length="4" />
                           </Bytes></ext_Teleservice.C3.BoxedType>
                     </Ext_BasicServiceCode.Choice>
                  </Collection>
               </basicServiceCriteria.C1.BoxedType>
               <callTypeCriteria.C2.Enum>
                  <EnumType>forwarded.0</EnumType>
               </callTypeCriteria.C2.Enum>
               <o_CauseValueCriteria.C3.BoxedType>
                  <Collection>
                     <CauseValue.BoxedType><Bytes>fd6b0f9d</Bytes></CauseValue.BoxedType>
                     <CauseValue.BoxedType><Bytes>4181439b</Bytes></CauseValue.BoxedType>
                     <CauseValue.BoxedType><Bytes>2765</Bytes></CauseValue.BoxedType>
                  </Collection>
               </o_CauseValueCriteria.C3.BoxedType>
               <extensionContainer.C4.Sequence>
                  <privateExtensionList.C0.BoxedType>
                     <Collection>
                        <PrivateExtension.Sequence>
                           <extId><ObjectIdentifier>0.1.236.44.90.92.3.80.52</ObjectIdentifier></extId>
                           <extType>6f</extType>
                        </PrivateExtension.Sequence>
                        <PrivateExtension.Sequence>
                           <extId><ObjectIdentifier>0.1.239.6.9</ObjectIdentifier></extId>
                           <extType>5f11d1b66022e6</extType>
                        </PrivateExtension.Sequence>
                        <PrivateExtension.Sequence>
                           <extId><ObjectIdentifier>0.1.214.49.107.78.112.108.28.11</ObjectIdentifier></extId>
                           <extType>f5686daab9014835d0b2</extType>
                        </PrivateExtension.Sequence>
                     </Collection>
                  </privateExtensionList.C0.BoxedType>
                  <pcs_Extensions.C1.Sequence>
                     
                  </pcs_Extensions.C1.Sequence>
               </extensionContainer.C4.Sequence>
            </O_BcsmCamelTDP_Criteria.Sequence>
         </Collection>
      </o_BcsmCamelTDPCriteriaList.C13.BoxedType>
      <basicServiceGroup2.C14.Choice>
         <ext_BearerService.C2.BoxedType><Bytes>ad47510a7b1cb175</Bytes></ext_BearerService.C2.BoxedType>
         <ext_Teleservice.C3.BoxedType><Bytes>3ff524d1c8
               <field name="Code" value="63" type="EnumLong" length="1" />
               <field name="Extension data" value="f524d1c8" type="Binary" length="4" />
            </Bytes></ext_Teleservice.C3.BoxedType>
      </basicServiceGroup2.C14.Choice>
      <mtRoamingRetry.C15></mtRoamingRetry.C15>
   </ResumeCallHandlingArg.Sequence>
</ASN>