<?xml version="1.0" encoding="UTF-8"?>

<ASN layer="CAP">
   <ResumeCallHandlingRes.Sequence><extensionContainer.Sequence>
         <privateExtensionList.C0.BoxedType>
            <Collection>
               <PrivateExtension.Sequence>
                  <extId><ObjectIdentifier>0.1.2124.88.4.51</ObjectIdentifier></extId>
                  <extType>db859cfa8f8fa6fc22</extType>
               </PrivateExtension.Sequence>
               <PrivateExtension.Sequence>
                  <extId><ObjectIdentifier>0.1.251.69.11.93</ObjectIdentifier></extId>
                  <extType>f77afa</extType>
               </PrivateExtension.Sequence>
               <PrivateExtension.Sequence>
                  <extId><ObjectIdentifier>0.1.270.18</ObjectIdentifier></extId>
                  <extType>510c4608027497</extType>
               </PrivateExtension.Sequence>
            </Collection>
         </privateExtensionList.C0.BoxedType>
         <pcs_Extensions.C1.Sequence>
            
         </pcs_Extensions.C1.Sequence>
      </extensionContainer.Sequence></ResumeCallHandlingRes.Sequence>
</ASN>