<?xml version="1.0" encoding="UTF-8"?>

<ASN layer="CAP">
   <RoamingNotAllowedParam.Sequence>
      <roamingNotAllowedCause.Enum>
         <EnumType>operatorDeterminedBarring.3</EnumType>
      </roamingNotAllowedCause.Enum>
      <extensionContainer.Sequence>
         <privateExtensionList.C0.BoxedType>
            <Collection>
               <PrivateExtension.Sequence>
                  <extId><ObjectIdentifier>0.1.272.47.29.127.3.94.4.127</ObjectIdentifier></extId>
                  <extType>f19671bf6e099b25</extType>
               </PrivateExtension.Sequence>
               <PrivateExtension.Sequence>
                  <extId><ObjectIdentifier>0.1.2107.119.25</ObjectIdentifier></extId>
                  <extType>c5349f24</extType>
               </PrivateExtension.Sequence>
               <PrivateExtension.Sequence>
                  <extId><ObjectIdentifier>0.1.2114.59.23.18.76.98.44.13.99.3</ObjectIdentifier></extId>
                  <extType>80</extType>
               </PrivateExtension.Sequence>
            </Collection>
         </privateExtensionList.C0.BoxedType>
         <pcs_Extensions.C1.Sequence>
            
         </pcs_Extensions.C1.Sequence>
      </extensionContainer.Sequence>
      <additionalRoamingNotAllowedCause.C0.Enum>
         <EnumType>supportedRAT_TypesNotAllowed.0</EnumType>
      </additionalRoamingNotAllowedCause.C0.Enum>
   </RoamingNotAllowedParam.Sequence>
</ASN>