<?xml version="1.0" encoding="UTF-8"?>

<ASN layer="CAP">
   <RoutingInfoForLCS_Res.Sequence>
      <targetMS.C0.Choice>
         <imsi.C0.BoxedType><TBCD_STRING.BoxedType><Bytes>06521533f8
                  <field name="digits" value="602551338" type="Number_BCD" lengthBit="36" />
               </Bytes></TBCD_STRING.BoxedType></imsi.C0.BoxedType>
         <msisdn.C1.BoxedType><AddressString.BoxedType><Bytes>a269644575f5
                  <field name="extension" value="no extension:1" type="EnumLong" lengthBit="1" />
                  <field name="nature of address" value="national significant number:2" type="EnumLong" lengthBit="3" />
                  <field name="numbering plan" value="spare:2" type="EnumLong" lengthBit="4" />
                  <field name="digits" value="964654575" type="Number_BCD" lengthBit="36" />
               </Bytes></AddressString.BoxedType></msisdn.C1.BoxedType>
      </targetMS.C0.Choice>
      <lcsLocationInfo.C1.Sequence>
         <networkNode_Number.BoxedType><AddressString.BoxedType><Bytes>e639993965f0
                  <field name="extension" value="no extension:1" type="EnumLong" lengthBit="1" />
                  <field name="nature of address" value="abbreviated number:6" type="EnumLong" lengthBit="3" />
                  <field name="numbering plan" value="land mobile numbering plan (ITU-T Rec E.212):6" type="EnumLong" lengthBit="4" />
                  <field name="digits" value="939993560" type="Number_BCD" lengthBit="36" />
               </Bytes></AddressString.BoxedType></networkNode_Number.BoxedType>
         <lmsi.C0.BoxedType><Bytes>b8c244ea89b4cd7241
               <field name="digits" value="b8c244ea89b4cd7241" type="Binary" length="9" />
            </Bytes></lmsi.C0.BoxedType>
         <extensionContainer.C1.Sequence>
            <privateExtensionList.C0.BoxedType>
               <Collection>
                  <PrivateExtension.Sequence>
                     <extId><ObjectIdentifier>0.1.212.28.125</ObjectIdentifier></extId>
                     <extType>1ea0feaf816cf4ae</extType>
                  </PrivateExtension.Sequence>
                  <PrivateExtension.Sequence>
                     <extId><ObjectIdentifier>0.1.246.62.69.76</ObjectIdentifier></extId>
                     <extType>00a5d3abf3552015</extType>
                  </PrivateExtension.Sequence>
                  <PrivateExtension.Sequence>
                     <extId><ObjectIdentifier>0.1.2</ObjectIdentifier></extId>
                     <extType>31711f9e02</extType>
                  </PrivateExtension.Sequence>
               </Collection>
            </privateExtensionList.C0.BoxedType>
            <pcs_Extensions.C1.Sequence>
               
            </pcs_Extensions.C1.Sequence>
         </extensionContainer.C1.Sequence>
         <gprsNodeIndicator.C2></gprsNodeIndicator.C2>
         <additional_Number.C3.Choice>
            <msc_Number.C0.BoxedType><AddressString.BoxedType><Bytes>fe7155498617
                     <field name="extension" value="no extension:1" type="EnumLong" lengthBit="1" />
                     <field name="nature of address" value="reserved for extension:7" type="EnumLong" lengthBit="3" />
                     <field name="numbering plan" value="14" type="EnumLong" lengthBit="4" />
                     <field name="digits" value="1755946871" type="Number_BCD" length="5" />
                  </Bytes></AddressString.BoxedType></msc_Number.C0.BoxedType>
            <sgsn_Number.C1.BoxedType><AddressString.BoxedType><Bytes>149134015669
                     <field name="extension" value="extension:0" type="EnumLong" lengthBit="1" />
                     <field name="nature of address" value="international number:1" type="EnumLong" lengthBit="3" />
                     <field name="numbering plan" value="telex numbering plan (ITU-T Rec F.69):4" type="EnumLong" lengthBit="4" />
                     <field name="digits" value="1943106596" type="Number_BCD" length="5" />
                  </Bytes></AddressString.BoxedType></sgsn_Number.C1.BoxedType>
         </additional_Number.C3.Choice>
         <supportedLCS_CapabilitySets.C4.BoxedType><BitString><BitString value="5ba06d955518cdc5f181" trailing="0"/></BitString></supportedLCS_CapabilitySets.C4.BoxedType>
         <additional_LCS_CapabilitySets.C5.BoxedType><BitString><BitString value="70e20426735356e70c4377" trailing="0"/></BitString></additional_LCS_CapabilitySets.C5.BoxedType>
         <mme_Name.C6.BoxedType><Bytes>ea</Bytes></mme_Name.C6.BoxedType>
         <aaa_Server_Name.C8.BoxedType><Bytes>db48b5caaebc4f2c5f9c</Bytes></aaa_Server_Name.C8.BoxedType>
         <sgsn_Name.C9.BoxedType><Bytes>2df65dca95389647</Bytes></sgsn_Name.C9.BoxedType>
         <sgsn_Realm.C10.BoxedType><Bytes>9597</Bytes></sgsn_Realm.C10.BoxedType>
      </lcsLocationInfo.C1.Sequence>
      <extensionContainer.C2.Sequence>
         <privateExtensionList.C0.BoxedType>
            <Collection>
               <PrivateExtension.Sequence>
                  <extId><ObjectIdentifier>0.1.265.89.80.12.62.34.60.94</ObjectIdentifier></extId>
                  <extType>e78c436ad8db</extType>
               </PrivateExtension.Sequence>
               <PrivateExtension.Sequence>
                  <extId><ObjectIdentifier>0.1.264.23</ObjectIdentifier></extId>
                  <extType>b1c4e217a669c8</extType>
               </PrivateExtension.Sequence>
               <PrivateExtension.Sequence>
                  <extId><ObjectIdentifier>0.1.2</ObjectIdentifier></extId>
                  <extType>3ab305</extType>
               </PrivateExtension.Sequence>
            </Collection>
         </privateExtensionList.C0.BoxedType>
         <pcs_Extensions.C1.Sequence>
            
         </pcs_Extensions.C1.Sequence>
      </extensionContainer.C2.Sequence>
      <v_gmlc_Address.C3.BoxedType><Bytes>104732f2d2
            <field name="Address type" value="IPV4:0" type="EnumLong" lengthBit="2" />
            <field name="AddressLength" value="16" type="Integer" lengthBit="6" />
            <field name="IPV4 address" value="71.50.242.210" type="IPV4Address" length="4" />
         </Bytes></v_gmlc_Address.C3.BoxedType>
      <h_gmlc_Address.C4.BoxedType><Bytes>5d94f7fa09
            <field name="Address type" value="IPV6:1" type="EnumLong" lengthBit="2" />
            <field name="AddressLength" value="29" type="Integer" lengthBit="6" />
            <field name="IPV4 address" value="148.247.250.9" type="IPV4Address" length="4" />
         </Bytes></h_gmlc_Address.C4.BoxedType>
      <ppr_Address.C5.BoxedType><Bytes>69cf9141ad
            <field name="Address type" value="IPV6:1" type="EnumLong" lengthBit="2" />
            <field name="AddressLength" value="41" type="Integer" lengthBit="6" />
            <field name="IPV4 address" value="207.145.65.173" type="IPV4Address" length="4" />
         </Bytes></ppr_Address.C5.BoxedType>
      <additional_v_gmlc_Address.C6.BoxedType><Bytes>c15a4ce2a1
            <field name="Address type" value="3" type="EnumLong" lengthBit="2" />
            <field name="AddressLength" value="1" type="Integer" lengthBit="6" />
            <field name="IPV4 address" value="90.76.226.161" type="IPV4Address" length="4" />
         </Bytes></additional_v_gmlc_Address.C6.BoxedType>
   </RoutingInfoForLCS_Res.Sequence>
</ASN>