<?xml version="1.0" encoding="UTF-8"?>

<ASN layer="CAP">
   <RoutingInfoForSM_Arg.Sequence>
      <msisdn.C0.BoxedType><AddressString.BoxedType><Bytes>6701450928f7
               <field name="extension" value="extension:0" type="EnumLong" lengthBit="1" />
               <field name="nature of address" value="abbreviated number:6" type="EnumLong" lengthBit="3" />
               <field name="numbering plan" value="spare:7" type="EnumLong" lengthBit="4" />
               <field name="digits" value="105490827" type="Number_BCD" lengthBit="36" />
            </Bytes></AddressString.BoxedType></msisdn.C0.BoxedType>
      <sm_RP_PRI.C1>false:0</sm_RP_PRI.C1>
      <serviceCentreAddress.C2.BoxedType><Bytes>b493307400f9
            <field name="extension" value="no extension:1" type="EnumLong" lengthBit="1" />
            <field name="nature of address" value="network specific number:3" type="EnumLong" lengthBit="3" />
            <field name="numbering plan" value="telex numbering plan (ITU-T Rec F.69):4" type="EnumLong" lengthBit="4" />
            <field name="digits" value="390347009" type="Number_BCD" lengthBit="36" />
         </Bytes></serviceCentreAddress.C2.BoxedType>
      <extensionContainer.C6.Sequence>
         <privateExtensionList.C0.BoxedType>
            <Collection>
               <PrivateExtension.Sequence>
                  <extId><ObjectIdentifier>0.1.289.79.119.17.118.100.97.76.39</ObjectIdentifier></extId>
                  <extType>aace592e</extType>
               </PrivateExtension.Sequence>
               <PrivateExtension.Sequence>
                  <extId><ObjectIdentifier>0.1.276.87.4.95.102.105</ObjectIdentifier></extId>
                  <extType>006b863bf45e</extType>
               </PrivateExtension.Sequence>
               <PrivateExtension.Sequence>
                  <extId><ObjectIdentifier>0.1.2123.72.109.37.67.115.29.104</ObjectIdentifier></extId>
                  <extType>4a42c9e593</extType>
               </PrivateExtension.Sequence>
            </Collection>
         </privateExtensionList.C0.BoxedType>
         <pcs_Extensions.C1.Sequence>
            
         </pcs_Extensions.C1.Sequence>
      </extensionContainer.C6.Sequence>
      <gprsSupportIndicator.C7></gprsSupportIndicator.C7>
      <sm_RP_MTI.C8.BoxedType><Integer>SMS Status Report:1</Integer></sm_RP_MTI.C8.BoxedType>
      <sm_RP_SMEA.C9.BoxedType><Bytes>0aac1251537874
            <element name="Address" coding="DV" value="ac1251537874">
               <field name="extension" value="no extension:1" type="EnumLong" lengthBit="1" />
               <field name="nature of address" value="national significant number:2" type="EnumLong" lengthBit="3" />
               <field name="numbering plan" value="12" type="EnumLong" lengthBit="4" />
               <field name="digits" value="2115358747" type="Number_BCD" length="5" />
            </element>
         </Bytes></sm_RP_SMEA.C9.BoxedType>
      <sm_deliveryNotIntended.C10.Enum>
         <EnumType>onlyMCC_MNC_requested.1</EnumType>
      </sm_deliveryNotIntended.C10.Enum>
      <ip_sm_gwGuidanceIndicator.C11></ip_sm_gwGuidanceIndicator.C11>
      <imsi.C12.BoxedType><TBCD_STRING.BoxedType><Bytes>52751793f1
               <field name="digits" value="255771391" type="Number_BCD" lengthBit="36" />
            </Bytes></TBCD_STRING.BoxedType></imsi.C12.BoxedType>
      <t4_Trigger_Indicator.C14></t4_Trigger_Indicator.C14>
      <singleAttemptDelivery.C13></singleAttemptDelivery.C13>
      <correlationID.C15.Sequence>
         <hlr_id.C0.BoxedType><IMSI.BoxedType><TBCD_STRING.BoxedType><Bytes>6164781793
                     <field name="digits" value="1646877139" type="Number_BCD" length="5" />
                  </Bytes></TBCD_STRING.BoxedType></IMSI.BoxedType></hlr_id.C0.BoxedType>
         <sip_uri_A.C1.BoxedType><Bytes>d8b6c063</Bytes></sip_uri_A.C1.BoxedType>
         <sip_uri_B.C2.BoxedType><Bytes>306b1eff1ddfc2</Bytes></sip_uri_B.C2.BoxedType>
      </correlationID.C15.Sequence>
   </RoutingInfoForSM_Arg.Sequence>
</ASN>