<?xml version="1.0" encoding="UTF-8"?>

<ASN layer="CAP">
   <SendGroupCallInfoArg.Sequence>
      <requestedInfo.Sequence>
         <locationInformation.C0></locationInformation.C0>
         <subscriberState.C1></subscriberState.C1>
         <extensionContainer.C2.Sequence>
            <privateExtensionList.C0.BoxedType>
               <Collection>
                  <PrivateExtension.Sequence>
                     <extId><ObjectIdentifier>0.1.21.100.122.5.67</ObjectIdentifier></extId>
                     <extType>bf25</extType>
                  </PrivateExtension.Sequence>
                  <PrivateExtension.Sequence>
                     <extId><ObjectIdentifier>0.1.260.7.98.54.48.127.4.127</ObjectIdentifier></extId>
                     <extType>aa1abcf80e66a9426d</extType>
                  </PrivateExtension.Sequence>
                  <PrivateExtension.Sequence>
                     <extId><ObjectIdentifier>0.1.2101.30</ObjectIdentifier></extId>
                     <extType>729103f9</extType>
                  </PrivateExtension.Sequence>
               </Collection>
            </privateExtensionList.C0.BoxedType>
            <pcs_Extensions.C1.Sequence>
               
            </pcs_Extensions.C1.Sequence>
         </extensionContainer.C2.Sequence>
         <currentLocation.C3></currentLocation.C3>
         <requestedDomain.C4.Enum>
            <EnumType>ps_Domain.1</EnumType>
         </requestedDomain.C4.Enum>
         <imei.C6></imei.C6>
         <ms_classmark.C5></ms_classmark.C5>
         <mnpRequestedInfo.C7></mnpRequestedInfo.C7>
         <locationInformationEPS_Supported.C11></locationInformationEPS_Supported.C11>
         <t_adsData.C8></t_adsData.C8>
         <requestedNodes.C9.BoxedType><BitString><BitString value="22820774fe743931b8f2d3b8" trailing="0"/></BitString></requestedNodes.C9.BoxedType>
         <servingNodeIndication.C10></servingNodeIndication.C10>
         <localTimeZoneRequest.C12></localTimeZoneRequest.C12>
      </requestedInfo.Sequence>
      <groupId.BoxedType><TBCD_STRING.BoxedType><Bytes>37864647f0
               <field name="digits" value="736864740" type="Number_BCD" lengthBit="36" />
            </Bytes></TBCD_STRING.BoxedType></groupId.BoxedType>
      <teleservice.BoxedType><Bytes>0576637189
            <field name="Code" value="5" type="EnumLong" length="1" />
            <field name="Extension data" value="76637189" type="Binary" length="4" />
         </Bytes></teleservice.BoxedType>
      <cellId.C0.BoxedType><Bytes>5a6059c1ee187d52</Bytes></cellId.C0.BoxedType>
      <imsi.C1.BoxedType><TBCD_STRING.BoxedType><Bytes>29345501f1
               <field name="digits" value="924355101" type="Number_BCD" lengthBit="36" />
            </Bytes></TBCD_STRING.BoxedType></imsi.C1.BoxedType>
      <tmsi.C2.BoxedType><Bytes>00000070
            <field name="digits" value="00000070" type="Binary" length="4" />
         </Bytes></tmsi.C2.BoxedType>
      <additionalInfo.C3.BoxedType><BitString><BitString value="23a9680fe616537a2a" trailing="0"/></BitString></additionalInfo.C3.BoxedType>
      <talkerPriority.C4.Enum>
         <EnumType>normal.0</EnumType>
      </talkerPriority.C4.Enum>
      <cksn.C5.BoxedType><Bytes>aa030b17266484f1</Bytes></cksn.C5.BoxedType>
      <extensionContainer.C6.Sequence>
         <privateExtensionList.C0.BoxedType>
            <Collection>
               <PrivateExtension.Sequence>
                  <extId><ObjectIdentifier>0.1.2117.77.54.3.49.43.122.105</ObjectIdentifier></extId>
                  <extType>6891</extType>
               </PrivateExtension.Sequence>
               <PrivateExtension.Sequence>
                  <extId><ObjectIdentifier>0.1.294.83.69.98.10.91</ObjectIdentifier></extId>
                  <extType>86cb2d5a5e</extType>
               </PrivateExtension.Sequence>
               <PrivateExtension.Sequence>
                  <extId><ObjectIdentifier>0.1.231</ObjectIdentifier></extId>
                  <extType>52ac</extType>
               </PrivateExtension.Sequence>
            </Collection>
         </privateExtensionList.C0.BoxedType>
         <pcs_Extensions.C1.Sequence>
            
         </pcs_Extensions.C1.Sequence>
      </extensionContainer.C6.Sequence>
   </SendGroupCallInfoArg.Sequence>
</ASN>