<?xml version="1.0" encoding="UTF-8"?>

<ASN layer="CAP">
   <SendRoutingInfoRes.BoxedType><SendRoutingInfoResSequenceType.C3.Sequence>
         <imsi.C9.BoxedType><TBCD_STRING.BoxedType><Bytes>1223715080
                  <field name="digits" value="2132170508" type="Number_BCD" length="5" />
               </Bytes></TBCD_STRING.BoxedType></imsi.C9.BoxedType>
         <extendedRoutingInfo.Choice>
            <routingInfo.Choice>
               
            </routingInfo.Choice>
         </extendedRoutingInfo.Choice>
         <vmsc_Address.C2.BoxedType><AddressString.BoxedType><Bytes>923059850643
                  <field name="extension" value="no extension:1" type="EnumLong" lengthBit="1" />
                  <field name="nature of address" value="international number:1" type="EnumLong" lengthBit="3" />
                  <field name="numbering plan" value="spare:2" type="EnumLong" lengthBit="4" />
                  <field name="digits" value="0395586034" type="Number_BCD" length="5" />
               </Bytes></AddressString.BoxedType></vmsc_Address.C2.BoxedType>
      </SendRoutingInfoResSequenceType.C3.Sequence></SendRoutingInfoRes.BoxedType>
</ASN>