<?xml version="1.0" encoding="UTF-8"?>

<ASN layer="CAP">
   <SendRoutingInfoRes.BoxedType><SendRoutingInfoResSequenceType.C3.Sequence>
         <imsi.C9.BoxedType><TBCD_STRING.BoxedType><Bytes>51504421f1
                  <field name="digits" value="150544121" type="Number_BCD" lengthBit="36" />
               </Bytes></TBCD_STRING.BoxedType></imsi.C9.BoxedType>
         <extendedRoutingInfo.Choice>
            <routingInfo.Choice>
               
            </routingInfo.Choice>
         </extendedRoutingInfo.Choice>
         <vmsc_Address.C2.BoxedType><AddressString.BoxedType><Bytes>b030488506d4
                  <field name="extension" value="no extension:1" type="EnumLong" lengthBit="1" />
                  <field name="nature of address" value="network specific number:3" type="EnumLong" lengthBit="3" />
                  <field name="numbering plan" value="unknown:0" type="EnumLong" lengthBit="4" />
                  <field name="digits" value="038458604d" type="Number_BCD" length="5" />
               </Bytes></AddressString.BoxedType></vmsc_Address.C2.BoxedType>
      </SendRoutingInfoResSequenceType.C3.Sequence></SendRoutingInfoRes.BoxedType>
</ASN>