<?xml version="1.0" encoding="UTF-8"?>

<ASN layer="CAP">
   <SendRoutingInfoForGprsArg.Sequence>
      <imsi.C0.BoxedType><TBCD_STRING.BoxedType><Bytes>3175251601
               <field name="digits" value="1357526110" type="Number_BCD" length="5" />
            </Bytes></TBCD_STRING.BoxedType></imsi.C0.BoxedType>
      <ggsn_Address.C1.BoxedType><Bytes>c154ff8674
            <field name="Address type" value="3" type="EnumLong" lengthBit="2" />
            <field name="AddressLength" value="1" type="Integer" lengthBit="6" />
            <field name="IPV4 address" value="84.255.134.116" type="IPV4Address" length="4" />
         </Bytes></ggsn_Address.C1.BoxedType>
      <ggsn_Number.C2.BoxedType><AddressString.BoxedType><Bytes>401156363881
               <field name="extension" value="extension:0" type="EnumLong" lengthBit="1" />
               <field name="nature of address" value="subscriber number:4" type="EnumLong" lengthBit="3" />
               <field name="numbering plan" value="unknown:0" type="EnumLong" lengthBit="4" />
               <field name="digits" value="1165638318" type="Number_BCD" length="5" />
            </Bytes></AddressString.BoxedType></ggsn_Number.C2.BoxedType>
      <extensionContainer.C3.Sequence>
         <privateExtensionList.C0.BoxedType>
            <Collection>
               <PrivateExtension.Sequence>
                  <extId><ObjectIdentifier>0.1.260.68.41</ObjectIdentifier></extId>
                  <extType>493f5b7ba2aa505f</extType>
               </PrivateExtension.Sequence>
               <PrivateExtension.Sequence>
                  <extId><ObjectIdentifier>0.1.285.52</ObjectIdentifier></extId>
                  <extType>b2d434718b7743</extType>
               </PrivateExtension.Sequence>
               <PrivateExtension.Sequence>
                  <extId><ObjectIdentifier>0.1.27.124</ObjectIdentifier></extId>
                  <extType>8a13399cfd</extType>
               </PrivateExtension.Sequence>
            </Collection>
         </privateExtensionList.C0.BoxedType>
         <pcs_Extensions.C1.Sequence>
            
         </pcs_Extensions.C1.Sequence>
      </extensionContainer.C3.Sequence>
   </SendRoutingInfoForGprsArg.Sequence>
</ASN>