<?xml version="1.0" encoding="UTF-8"?>

<ASN layer="CAP">
   <SendRoutingInfoArg.Sequence>
      <msisdn.C0.BoxedType><AddressString.BoxedType><Bytes>4357660416f4
               <field name="extension" value="extension:0" type="EnumLong" lengthBit="1" />
               <field name="nature of address" value="subscriber number:4" type="EnumLong" lengthBit="3" />
               <field name="numbering plan" value="data numbering plan (ITU-T Rec X.121):3" type="EnumLong" lengthBit="4" />
               <field name="digits" value="756640614" type="Number_BCD" lengthBit="36" />
            </Bytes></AddressString.BoxedType></msisdn.C0.BoxedType>
      <cug_CheckInfo.C1.Sequence>
         <cug_Interlock.BoxedType><Bytes>0869</Bytes></cug_Interlock.BoxedType>
         <cug_OutgoingAccess></cug_OutgoingAccess>
         <extensionContainer.Sequence>
            <privateExtensionList.C0.BoxedType>
               <Collection>
                  <PrivateExtension.Sequence>
                     <extId><ObjectIdentifier>0.1.216.60.12.84.79</ObjectIdentifier></extId>
                     <extType>d0ab24dfc37569476c</extType>
                  </PrivateExtension.Sequence>
                  <PrivateExtension.Sequence>
                     <extId><ObjectIdentifier>0.1.2</ObjectIdentifier></extId>
                     <extType>03cfc01e9d0554</extType>
                  </PrivateExtension.Sequence>
                  <PrivateExtension.Sequence>
                     <extId><ObjectIdentifier>0.1.271.36.66.68.124.122.36.43</ObjectIdentifier></extId>
                     <extType>733f</extType>
                  </PrivateExtension.Sequence>
               </Collection>
            </privateExtensionList.C0.BoxedType>
            <pcs_Extensions.C1.Sequence>
               
            </pcs_Extensions.C1.Sequence>
         </extensionContainer.Sequence>
      </cug_CheckInfo.C1.Sequence>
      <numberOfForwarding.C2.BoxedType><Integer>1</Integer></numberOfForwarding.C2.BoxedType>
      <interrogationType.C3.Enum>
         <EnumType>forwarding.1</EnumType>
      </interrogationType.C3.Enum>
      <or_Interrogation.C4></or_Interrogation.C4>
      <or_Capability.C5.BoxedType><Integer>0</Integer></or_Capability.C5.BoxedType>
      <gmsc_OrGsmSCF_Address.C6.BoxedType><AddressString.BoxedType><Bytes>d859198107f7
               <field name="extension" value="no extension:1" type="EnumLong" lengthBit="1" />
               <field name="nature of address" value="reserved:5" type="EnumLong" lengthBit="3" />
               <field name="numbering plan" value="national numbering plan:8" type="EnumLong" lengthBit="4" />
               <field name="digits" value="959118707" type="Number_BCD" lengthBit="36" />
            </Bytes></AddressString.BoxedType></gmsc_OrGsmSCF_Address.C6.BoxedType>
      <callReferenceNumber.C7.BoxedType><Bytes>549607c9efb43c</Bytes></callReferenceNumber.C7.BoxedType>
      <forwardingReason.C8.Enum>
         <EnumType>busy.1</EnumType>
      </forwardingReason.C8.Enum>
      <basicServiceGroup.C9.Choice>
         <ext_BearerService.C2.BoxedType><Bytes>a0664d</Bytes></ext_BearerService.C2.BoxedType>
         <ext_Teleservice.C3.BoxedType><Bytes>c03bfb290b
               <field name="Code" value="192" type="EnumLong" length="1" />
               <field name="Extension data" value="3bfb290b" type="Binary" length="4" />
            </Bytes></ext_Teleservice.C3.BoxedType>
      </basicServiceGroup.C9.Choice>
      <networkSignalInfo.C10.Sequence>
         <protocolId.Enum>
            <EnumType>gsm_BSSMAP.3</EnumType>
         </protocolId.Enum>
         <signalInfo.BoxedType><Bytes>2af8f2c1</Bytes></signalInfo.BoxedType>
         <extensionContainer.Sequence>
            <privateExtensionList.C0.BoxedType>
               <Collection>
                  <PrivateExtension.Sequence>
                     <extId><ObjectIdentifier>0.1.274</ObjectIdentifier></extId>
                     <extType>53aad8</extType>
                  </PrivateExtension.Sequence>
                  <PrivateExtension.Sequence>
                     <extId><ObjectIdentifier>0.1.229.59</ObjectIdentifier></extId>
                     <extType>68dcffdf</extType>
                  </PrivateExtension.Sequence>
                  <PrivateExtension.Sequence>
                     <extId><ObjectIdentifier>0.1.2</ObjectIdentifier></extId>
                     <extType>258b556039</extType>
                  </PrivateExtension.Sequence>
               </Collection>
            </privateExtensionList.C0.BoxedType>
            <pcs_Extensions.C1.Sequence>
               
            </pcs_Extensions.C1.Sequence>
         </extensionContainer.Sequence>
      </networkSignalInfo.C10.Sequence>
      <camelInfo.C11.Sequence>
         <supportedCamelPhases.BoxedType><BitString><BitString value="ae89ff" trailing="0"/></BitString></supportedCamelPhases.BoxedType>
         <suppress_T_CSI></suppress_T_CSI>
         <extensionContainer.Sequence>
            <privateExtensionList.C0.BoxedType>
               <Collection>
                  <PrivateExtension.Sequence>
                     <extId><ObjectIdentifier>0.1.2127.22</ObjectIdentifier></extId>
                     <extType>2c3e868f</extType>
                  </PrivateExtension.Sequence>
                  <PrivateExtension.Sequence>
                     <extId><ObjectIdentifier>0.1.276.117.63.66.101.26.5</ObjectIdentifier></extId>
                     <extType>f9c91e</extType>
                  </PrivateExtension.Sequence>
                  <PrivateExtension.Sequence>
                     <extId><ObjectIdentifier>0.1.2</ObjectIdentifier></extId>
                     <extType>48b1</extType>
                  </PrivateExtension.Sequence>
               </Collection>
            </privateExtensionList.C0.BoxedType>
            <pcs_Extensions.C1.Sequence>
               
            </pcs_Extensions.C1.Sequence>
         </extensionContainer.Sequence>
         <offeredCamel4CSIs.C0.BoxedType><BitString><BitString value="b92e" trailing="0"/></BitString></offeredCamel4CSIs.C0.BoxedType>
      </camelInfo.C11.Sequence>
      <suppressionOfAnnouncement.C12.Null>
         
      </suppressionOfAnnouncement.C12.Null>
      <extensionContainer.C13.Sequence>
         <privateExtensionList.C0.BoxedType>
            <Collection>
               <PrivateExtension.Sequence>
                  <extId><ObjectIdentifier>0.1.285.128.51.78.94.57.65.99.54</ObjectIdentifier></extId>
                  <extType>98b46b</extType>
               </PrivateExtension.Sequence>
               <PrivateExtension.Sequence>
                  <extId><ObjectIdentifier>0.1.257.121</ObjectIdentifier></extId>
                  <extType>6077cb</extType>
               </PrivateExtension.Sequence>
               <PrivateExtension.Sequence>
                  <extId><ObjectIdentifier>0.1.267.90.123.16.36.20.7</ObjectIdentifier></extId>
                  <extType>137d85f11c7aef</extType>
               </PrivateExtension.Sequence>
            </Collection>
         </privateExtensionList.C0.BoxedType>
         <pcs_Extensions.C1.Sequence>
            
         </pcs_Extensions.C1.Sequence>
      </extensionContainer.C13.Sequence>
      <alertingPattern.C14.BoxedType><Bytes>f38da500c93c9d</Bytes></alertingPattern.C14.BoxedType>
      <ccbs_Call.C15></ccbs_Call.C15>
      <supportedCCBS_Phase.C16.BoxedType><Integer>2</Integer></supportedCCBS_Phase.C16.BoxedType>
      <additionalSignalInfo.C17.Sequence>
         <ext_ProtocolId.Enum>
            <EnumType>ets_300356.1</EnumType>
         </ext_ProtocolId.Enum>
         <signalInfo.BoxedType><Bytes>2a13d46a59d4</Bytes></signalInfo.BoxedType>
         <extensionContainer.Sequence>
            <privateExtensionList.C0.BoxedType>
               <Collection>
                  <PrivateExtension.Sequence>
                     <extId><ObjectIdentifier>0.1.2108.127.50.101.127.38</ObjectIdentifier></extId>
                     <extType>43605f2131</extType>
                  </PrivateExtension.Sequence>
                  <PrivateExtension.Sequence>
                     <extId><ObjectIdentifier>0.1.226.111.87.34.20.67.113.45</ObjectIdentifier></extId>
                     <extType>ad31f9bf4ec2c8</extType>
                  </PrivateExtension.Sequence>
                  <PrivateExtension.Sequence>
                     <extId><ObjectIdentifier>0.1.251.63.40</ObjectIdentifier></extId>
                     <extType>cea9b4841b5b67a3ce80</extType>
                  </PrivateExtension.Sequence>
               </Collection>
            </privateExtensionList.C0.BoxedType>
            <pcs_Extensions.C1.Sequence>
               
            </pcs_Extensions.C1.Sequence>
         </extensionContainer.Sequence>
      </additionalSignalInfo.C17.Sequence>
      <istSupportIndicator.C18.Enum>
         <EnumType>basicISTSupported.0</EnumType>
      </istSupportIndicator.C18.Enum>
      <pre_pagingSupported.C19></pre_pagingSupported.C19>
      <callDiversionTreatmentIndicator.C20.BoxedType><Bytes>c54ce4</Bytes></callDiversionTreatmentIndicator.C20.BoxedType>
      <longFTN_Supported.C21></longFTN_Supported.C21>
      <suppress_VT_CSI.C22></suppress_VT_CSI.C22>
      <suppressIncomingCallBarring.C23></suppressIncomingCallBarring.C23>
      <gsmSCF_InitiatedCall.C24></gsmSCF_InitiatedCall.C24>
      <basicServiceGroup2.C25.Choice>
         <ext_BearerService.C2.BoxedType><Bytes>53afba4818b3</Bytes></ext_BearerService.C2.BoxedType>
         <ext_Teleservice.C3.BoxedType><Bytes>11000000de
               <field name="Code" value="telephony:17" type="EnumLong" length="1" />
               <field name="Extension data" value="000000de" type="Binary" length="4" />
            </Bytes></ext_Teleservice.C3.BoxedType>
      </basicServiceGroup2.C25.Choice>
      <networkSignalInfo2.C26.Sequence>
         <protocolId.Enum>
            <EnumType>gsm_BSSMAP.3</EnumType>
         </protocolId.Enum>
         <signalInfo.BoxedType><Bytes>aa795e7112666e79</Bytes></signalInfo.BoxedType>
         <extensionContainer.Sequence>
            <privateExtensionList.C0.BoxedType>
               <Collection>
                  <PrivateExtension.Sequence>
                     <extId><ObjectIdentifier>0.1.232.103.51.64.96.119.12.101.25</ObjectIdentifier></extId>
                     <extType>6cd1d209c2ff757fb60a</extType>
                  </PrivateExtension.Sequence>
                  <PrivateExtension.Sequence>
                     <extId><ObjectIdentifier>0.1.285.1.55.122.14.82.122.84</ObjectIdentifier></extId>
                     <extType>d536cc957272566479</extType>
                  </PrivateExtension.Sequence>
                  <PrivateExtension.Sequence>
                     <extId><ObjectIdentifier>0.1.2105.45.68.10.94.54.35.82.116</ObjectIdentifier></extId>
                     <extType>8950aa68f715</extType>
                  </PrivateExtension.Sequence>
               </Collection>
            </privateExtensionList.C0.BoxedType>
            <pcs_Extensions.C1.Sequence>
               
            </pcs_Extensions.C1.Sequence>
         </extensionContainer.Sequence>
      </networkSignalInfo2.C26.Sequence>
      <suppressMTSS.C27.BoxedType><BitString><BitString value="50434764" trailing="0"/></BitString></suppressMTSS.C27.BoxedType>
      <mtRoamingRetrySupported.C28></mtRoamingRetrySupported.C28>
      <callPriority.C29.BoxedType><Integer>1</Integer></callPriority.C29.BoxedType>
   </SendRoutingInfoArg.Sequence>
</ASN>