<?xml version="1.0" encoding="UTF-8"?>

<ASN layer="CAP">
   <SendIdentificationRes.BoxedType><SendIdentificationResSequenceType.C3.Sequence>
         <imsi.BoxedType><TBCD_STRING.BoxedType><Bytes>3185622464
                  <field name="digits" value="1358264246" type="Number_BCD" length="5" />
               </Bytes></TBCD_STRING.BoxedType></imsi.BoxedType>
         <authenticationSetList.Choice>
            <tripletList.C0.BoxedType>
               <Collection>
                  <AuthenticationTriplet.Sequence>
                     <rand.BoxedType><Bytes>2eca7d</Bytes></rand.BoxedType>
                     <sres.BoxedType><Bytes>73569ac4</Bytes></sres.BoxedType>
                     <kc.BoxedType><Bytes>a28fef7a072d</Bytes></kc.BoxedType>
                  </AuthenticationTriplet.Sequence>
                  <AuthenticationTriplet.Sequence>
                     <rand.BoxedType><Bytes>5a3a991659774bb9</Bytes></rand.BoxedType>
                     <sres.BoxedType><Bytes>931b6be6b467c0</Bytes></sres.BoxedType>
                     <kc.BoxedType><Bytes>2edaf31a49fa91</Bytes></kc.BoxedType>
                  </AuthenticationTriplet.Sequence>
                  <AuthenticationTriplet.Sequence>
                     <rand.BoxedType><Bytes>31eca05e7698d6</Bytes></rand.BoxedType>
                     <sres.BoxedType><Bytes>31</Bytes></sres.BoxedType>
                     <kc.BoxedType><Bytes>9542a6c0</Bytes></kc.BoxedType>
                  </AuthenticationTriplet.Sequence>
               </Collection>
            </tripletList.C0.BoxedType>
            <quintupletList.C1.BoxedType>
               <Collection>
                  <AuthenticationQuintuplet.Sequence>
                     <rand.BoxedType><Bytes>b13090f4473f3e92</Bytes></rand.BoxedType>
                     <xres.BoxedType><Bytes>35889f98627c6ab74a</Bytes></xres.BoxedType>
                     <ck.BoxedType><Bytes>7335b1</Bytes></ck.BoxedType>
                     <ik.BoxedType><Bytes>9c310bd2301939f9</Bytes></ik.BoxedType>
                     <autn.BoxedType><Bytes>0c437dbc</Bytes></autn.BoxedType>
                  </AuthenticationQuintuplet.Sequence>
                  <AuthenticationQuintuplet.Sequence>
                     <rand.BoxedType><Bytes>5c752062</Bytes></rand.BoxedType>
                     <xres.BoxedType><Bytes>2fdc1a3f</Bytes></xres.BoxedType>
                     <ck.BoxedType><Bytes>cd13c66dbf96174be9</Bytes></ck.BoxedType>
                     <ik.BoxedType><Bytes>705200f7e82c</Bytes></ik.BoxedType>
                     <autn.BoxedType><Bytes>bf4eed</Bytes></autn.BoxedType>
                  </AuthenticationQuintuplet.Sequence>
                  <AuthenticationQuintuplet.Sequence>
                     <rand.BoxedType><Bytes>aac6692e</Bytes></rand.BoxedType>
                     <xres.BoxedType><Bytes>878e7adc</Bytes></xres.BoxedType>
                     <ck.BoxedType><Bytes>5f0448</Bytes></ck.BoxedType>
                     <ik.BoxedType><Bytes>4c21835fc9f2b88ca6</Bytes></ik.BoxedType>
                     <autn.BoxedType><Bytes>e6ba</Bytes></autn.BoxedType>
                  </AuthenticationQuintuplet.Sequence>
               </Collection>
            </quintupletList.C1.BoxedType>
         </authenticationSetList.Choice>
         <currentSecurityContext.C2.Choice>
            <gsm_SecurityContextData.C0.Sequence>
               <kc.BoxedType><Bytes>fdbf</Bytes></kc.BoxedType>
               <cksn.BoxedType><Bytes>9a2e9a6d5e6bcc</Bytes></cksn.BoxedType>
            </gsm_SecurityContextData.C0.Sequence>
            <umts_SecurityContextData.C1.Sequence>
               <ck.BoxedType><Bytes>e9b398047818ef93</Bytes></ck.BoxedType>
               <ik.BoxedType><Bytes>16631a1e84</Bytes></ik.BoxedType>
               <ksi.BoxedType><Bytes>23de56503816d1f497</Bytes></ksi.BoxedType>
            </umts_SecurityContextData.C1.Sequence>
         </currentSecurityContext.C2.Choice>
         <extensionContainer.C3.Sequence>
            <privateExtensionList.C0.BoxedType>
               <Collection>
                  <PrivateExtension.Sequence>
                     <extId><ObjectIdentifier>0.1.269.89.64.110.4.87.128.88.113.17</ObjectIdentifier></extId>
                     <extType>49350af2cedfe5</extType>
                  </PrivateExtension.Sequence>
                  <PrivateExtension.Sequence>
                     <extId><ObjectIdentifier>0.1.252.91</ObjectIdentifier></extId>
                     <extType>eac5240f44a1a1a5</extType>
                  </PrivateExtension.Sequence>
                  <PrivateExtension.Sequence>
                     <extId><ObjectIdentifier>0.1.220.12.15.57.62.48.91.81.84.68</ObjectIdentifier></extId>
                     <extType>96ad4c</extType>
                  </PrivateExtension.Sequence>
               </Collection>
            </privateExtensionList.C0.BoxedType>
            <pcs_Extensions.C1.Sequence>
               
            </pcs_Extensions.C1.Sequence>
         </extensionContainer.C3.Sequence>
         <lastUsedLtePLMN_Id.C4.BoxedType><Bytes>07be0fc6976b0a312c</Bytes></lastUsedLtePLMN_Id.C4.BoxedType>
         <mtCallPendingFlag.C5></mtCallPendingFlag.C5>
      </SendIdentificationResSequenceType.C3.Sequence></SendIdentificationRes.BoxedType>
</ASN>