<?xml version="1.0" encoding="UTF-8"?>

<ASN layer="CAP">
   <SendGroupCallEndSignalRes.Sequence><extensionContainer.Sequence>
         <privateExtensionList.C0.BoxedType>
            <Collection>
               <PrivateExtension.Sequence>
                  <extId><ObjectIdentifier>0.1.2118</ObjectIdentifier></extId>
                  <extType>ebeb9e0004a2cb6c6b6b</extType>
               </PrivateExtension.Sequence>
               <PrivateExtension.Sequence>
                  <extId><ObjectIdentifier>0.1.2112.115.102.124.22.38.47.64.56.19</ObjectIdentifier></extId>
                  <extType>8f89d6bbac2ce01996</extType>
               </PrivateExtension.Sequence>
               <PrivateExtension.Sequence>
                  <extId><ObjectIdentifier>0.1.27.38.21</ObjectIdentifier></extId>
                  <extType>536aafd66533a393</extType>
               </PrivateExtension.Sequence>
            </Collection>
         </privateExtensionList.C0.BoxedType>
         <pcs_Extensions.C1.Sequence>
            
         </pcs_Extensions.C1.Sequence>
      </extensionContainer.Sequence></SendGroupCallEndSignalRes.Sequence>
</ASN>