<?xml version="1.0" encoding="UTF-8"?>

<ASN layer="CAP">
   <SendGroupCallInfoRes.Sequence>
      <anchorMSC_Address.C0.BoxedType><AddressString.BoxedType><Bytes>c49120444138
               <field name="extension" value="no extension:1" type="EnumLong" lengthBit="1" />
               <field name="nature of address" value="subscriber number:4" type="EnumLong" lengthBit="3" />
               <field name="numbering plan" value="telex numbering plan (ITU-T Rec F.69):4" type="EnumLong" lengthBit="4" />
               <field name="digits" value="1902441483" type="Number_BCD" length="5" />
            </Bytes></AddressString.BoxedType></anchorMSC_Address.C0.BoxedType>
      <asciCallReference.C1.BoxedType><TBCD_STRING.BoxedType><Bytes>99426109f9
               <field name="digits" value="992416909" type="Number_BCD" lengthBit="36" />
            </Bytes></TBCD_STRING.BoxedType></asciCallReference.C1.BoxedType>
      <imsi.C2.BoxedType><TBCD_STRING.BoxedType><Bytes>5197434471
               <field name="digits" value="1579344417" type="Number_BCD" length="5" />
            </Bytes></TBCD_STRING.BoxedType></imsi.C2.BoxedType>
      <additionalInfo.C3.BoxedType><BitString><BitString value="830398" trailing="0"/></BitString></additionalInfo.C3.BoxedType>
      <additionalSubscriptions.C4.BoxedType><BitString><BitString value="e68f20282a" trailing="0"/></BitString></additionalSubscriptions.C4.BoxedType>
      <kc.C5.BoxedType><Bytes>d85b09df</Bytes></kc.C5.BoxedType>
      <extensionContainer.C6.Sequence>
         <privateExtensionList.C0.BoxedType>
            <Collection>
               <PrivateExtension.Sequence>
                  <extId><ObjectIdentifier>0.1.231.27.21.96.55.36.109.115</ObjectIdentifier></extId>
                  <extType>9e50b5cbb12f6a</extType>
               </PrivateExtension.Sequence>
               <PrivateExtension.Sequence>
                  <extId><ObjectIdentifier>0.1.272.101.121.119.101.33.112.34</ObjectIdentifier></extId>
                  <extType>17</extType>
               </PrivateExtension.Sequence>
               <PrivateExtension.Sequence>
                  <extId><ObjectIdentifier>0.1.2</ObjectIdentifier></extId>
                  <extType>080b3cb06c2ab4f77c4c</extType>
               </PrivateExtension.Sequence>
            </Collection>
         </privateExtensionList.C0.BoxedType>
         <pcs_Extensions.C1.Sequence>
            
         </pcs_Extensions.C1.Sequence>
      </extensionContainer.C6.Sequence>
   </SendGroupCallInfoRes.Sequence>
</ASN>