<?xml version="1.0" encoding="UTF-8"?>

<ASN layer="CAP">
   <SendEndSignal_Res.Sequence><extensionContainer.C0.Sequence>
         <privateExtensionList.C0.BoxedType>
            <Collection>
               <PrivateExtension.Sequence>
                  <extId><ObjectIdentifier>0.1.278.108</ObjectIdentifier></extId>
                  <extType>21815cdd</extType>
               </PrivateExtension.Sequence>
               <PrivateExtension.Sequence>
                  <extId><ObjectIdentifier>0.1.222.73.64.92.7</ObjectIdentifier></extId>
                  <extType>d8fa194640</extType>
               </PrivateExtension.Sequence>
               <PrivateExtension.Sequence>
                  <extId><ObjectIdentifier>0.1.28.47.25.22.122.21.44.61.17</ObjectIdentifier></extId>
                  <extType>41be6c338fa08afa31c6</extType>
               </PrivateExtension.Sequence>
            </Collection>
         </privateExtensionList.C0.BoxedType>
         <pcs_Extensions.C1.Sequence>
            
         </pcs_Extensions.C1.Sequence>
      </extensionContainer.C0.Sequence></SendEndSignal_Res.Sequence>
</ASN>