<?xml version="1.0" encoding="UTF-8"?>

<ASN layer="CAP">
   <ServiceType.Sequence>
      <serviceTypeIdentity.BoxedType><Integer>1</Integer></serviceTypeIdentity.BoxedType>
      <gmlc_Restriction.C0.Enum>
         <EnumType>home_Country.1</EnumType>
      </gmlc_Restriction.C0.Enum>
      <notificationToMSUser.C1.Enum>
         <EnumType>locationNotAllowed.3</EnumType>
      </notificationToMSUser.C1.Enum>
      <extensionContainer.C2.Sequence>
         <privateExtensionList.C0.BoxedType>
            <Collection>
               <PrivateExtension.Sequence>
                  <extId><ObjectIdentifier>0.1.290</ObjectIdentifier></extId>
                  <extType>796f83576dfa41</extType>
               </PrivateExtension.Sequence>
               <PrivateExtension.Sequence>
                  <extId><ObjectIdentifier>0.1.233.14.25.123</ObjectIdentifier></extId>
                  <extType>83fb</extType>
               </PrivateExtension.Sequence>
               <PrivateExtension.Sequence>
                  <extId><ObjectIdentifier>0.1.236.74.61</ObjectIdentifier></extId>
                  <extType>e1405be1894abf40b8</extType>
               </PrivateExtension.Sequence>
            </Collection>
         </privateExtensionList.C0.BoxedType>
         <pcs_Extensions.C1.Sequence>
            
         </pcs_Extensions.C1.Sequence>
      </extensionContainer.C2.Sequence>
   </ServiceType.Sequence>
</ASN>