<?xml version="1.0" encoding="UTF-8"?>

<ASN layer="CAP">
   <SetReportingStateArg.Sequence>
      <imsi.C0.BoxedType><TBCD_STRING.BoxedType><Bytes>77933157f9
               <field name="digits" value="773913759" type="Number_BCD" lengthBit="36" />
            </Bytes></TBCD_STRING.BoxedType></imsi.C0.BoxedType>
      <lmsi.C1.BoxedType><Bytes>44cdd4d9c3
            <field name="digits" value="44cdd4d9c3" type="Binary" length="5" />
         </Bytes></lmsi.C1.BoxedType>
      <ccbs_Monitoring.C2.Enum>
         <EnumType>startMonitoring.1</EnumType>
      </ccbs_Monitoring.C2.Enum>
      <extensionContainer.C3.Sequence>
         <privateExtensionList.C0.BoxedType>
            <Collection>
               <PrivateExtension.Sequence>
                  <extId><ObjectIdentifier>0.1.23.92</ObjectIdentifier></extId>
                  <extType>48815282</extType>
               </PrivateExtension.Sequence>
               <PrivateExtension.Sequence>
                  <extId><ObjectIdentifier>0.1.249.34.25.61</ObjectIdentifier></extId>
                  <extType>2cbc2afc406234</extType>
               </PrivateExtension.Sequence>
               <PrivateExtension.Sequence>
                  <extId><ObjectIdentifier>0.1.216.65</ObjectIdentifier></extId>
                  <extType>1deb2257</extType>
               </PrivateExtension.Sequence>
            </Collection>
         </privateExtensionList.C0.BoxedType>
         <pcs_Extensions.C1.Sequence>
            
         </pcs_Extensions.C1.Sequence>
      </extensionContainer.C3.Sequence>
   </SetReportingStateArg.Sequence>
</ASN>