<?xml version="1.0" encoding="UTF-8"?>

<ASN layer="CAP">
   <SetReportingStateRes.Sequence>
      <ccbs_SubscriberStatus.C0.Enum>
         <EnumType>ccbsIdle.1</EnumType>
      </ccbs_SubscriberStatus.C0.Enum>
      <extensionContainer.C1.Sequence>
         <privateExtensionList.C0.BoxedType>
            <Collection>
               <PrivateExtension.Sequence>
                  <extId><ObjectIdentifier>0.1.224.28</ObjectIdentifier></extId>
                  <extType>5442d94d76f9d6</extType>
               </PrivateExtension.Sequence>
               <PrivateExtension.Sequence>
                  <extId><ObjectIdentifier>0.1.288.28.60.32.49.126</ObjectIdentifier></extId>
                  <extType>c00b09a05c14fd86</extType>
               </PrivateExtension.Sequence>
               <PrivateExtension.Sequence>
                  <extId><ObjectIdentifier>0.1.264.120</ObjectIdentifier></extId>
                  <extType>94170dc3b937</extType>
               </PrivateExtension.Sequence>
            </Collection>
         </privateExtensionList.C0.BoxedType>
         <pcs_Extensions.C1.Sequence>
            
         </pcs_Extensions.C1.Sequence>
      </extensionContainer.C1.Sequence>
   </SetReportingStateRes.Sequence>
</ASN>