<?xml version="1.0" encoding="UTF-8"?>

<ASN layer="CAP">
   <SM_DeliveryFailureCause.Sequence>
      <sm_EnumeratedDeliveryFailureCause.Enum>
         <EnumType>subscriberNotSC_Subscriber.6</EnumType>
      </sm_EnumeratedDeliveryFailureCause.Enum>
      <diagnosticInfo.BoxedType><Bytes>41ae37c911fa52</Bytes></diagnosticInfo.BoxedType>
      <extensionContainer.Sequence>
         <privateExtensionList.C0.BoxedType>
            <Collection>
               <PrivateExtension.Sequence>
                  <extId><ObjectIdentifier>0.1.2117.10.14</ObjectIdentifier></extId>
                  <extType>e646f9d5df14b8</extType>
               </PrivateExtension.Sequence>
               <PrivateExtension.Sequence>
                  <extId><ObjectIdentifier>0.1.274.112.17</ObjectIdentifier></extId>
                  <extType>0014fcf27f0461dd4b</extType>
               </PrivateExtension.Sequence>
               <PrivateExtension.Sequence>
                  <extId><ObjectIdentifier>0.1.2127.33.45.9</ObjectIdentifier></extId>
                  <extType>c647ee</extType>
               </PrivateExtension.Sequence>
            </Collection>
         </privateExtensionList.C0.BoxedType>
         <pcs_Extensions.C1.Sequence>
            
         </pcs_Extensions.C1.Sequence>
      </extensionContainer.Sequence>
   </SM_DeliveryFailureCause.Sequence>
</ASN>