<?xml version="1.0" encoding="UTF-8"?>

<ASN layer="CAP">
   <SplitLegArg.Sequence>
      <legToBeSplit.C0.Choice>
         <sendingSideID.C0.BoxedType><Bytes>49
               <field name="LegType" value="73" type="EnumLong" length="1" />
            </Bytes></sendingSideID.C0.BoxedType>
         <receivingSideID.C1.BoxedType><Bytes>8c
               <field name="LegType" value="140" type="EnumLong" length="1" />
            </Bytes></receivingSideID.C1.BoxedType>
      </legToBeSplit.C0.Choice>
      <newCallSegment.C1.BoxedType><Integer>1</Integer></newCallSegment.C1.BoxedType>
      <extensions.C2.BoxedType>
         <Collection>
            <ExtensionField.Sequence>
               <type.Choice>
                  <local>1589330658</local>
                  <global><ObjectIdentifier>0.1.285.74</ObjectIdentifier></global>
               </type.Choice>
               <criticality.nulld.Enum>
                  <EnumType>ignore.0</EnumType>
               </criticality.nulld.Enum>
               <NullObject.C1></NullObject.C1>
            </ExtensionField.Sequence>
            <ExtensionField.Sequence>
               <type.Choice>
                  <local>1540874815</local>
                  <global><ObjectIdentifier>0.1.248.1.83.117.73.125.76.18.37</ObjectIdentifier></global>
               </type.Choice>
               <criticality.nulld.Enum>
                  <EnumType>ignore.0</EnumType>
               </criticality.nulld.Enum>
               <NullObject.C1></NullObject.C1>
            </ExtensionField.Sequence>
            <ExtensionField.Sequence>
               <type.Choice>
                  <local>2536427119</local>
                  <global><ObjectIdentifier>0.1.284.57</ObjectIdentifier></global>
               </type.Choice>
               <criticality.nulld.Enum>
                  <EnumType>abort.1</EnumType>
               </criticality.nulld.Enum>
               <NullObject.C1></NullObject.C1>
            </ExtensionField.Sequence>
         </Collection>
      </extensions.C2.BoxedType>
   </SplitLegArg.Sequence>
</ASN>