<?xml version="1.0" encoding="UTF-8"?>

<ASN layer="CAP">
   <SS_Info.Choice>
      <forwardingInfo.C0.Sequence>
         <ss_Code.BoxedType><Bytes>08e350552f</Bytes></ss_Code.BoxedType>
         <forwardingFeatureList.BoxedType>
            <Collection>
               <ForwardingFeature.Sequence>
                  <basicService.Choice>
                     <bearerService.C2.BoxedType><Bytes>1f66fb362c023c7910</Bytes></bearerService.C2.BoxedType>
                     <teleservice.C3.BoxedType><Bytes>c8b97f</Bytes></teleservice.C3.BoxedType>
                  </basicService.Choice>
                  <ss_Status.C4.BoxedType><Bytes>290639adcf</Bytes></ss_Status.C4.BoxedType>
                  <forwardedToNumber.C5.BoxedType><AddressString.BoxedType><Bytes>b175224184f0
                           <field name="extension" value="no extension:1" type="EnumLong" lengthBit="1" />
                           <field name="nature of address" value="network specific number:3" type="EnumLong" lengthBit="3" />
                           <field name="numbering plan" value="ISDN/Telephony Numbering Plan (Rec ITU-T E.164):1" type="EnumLong" lengthBit="4" />
                           <field name="digits" value="572214480" type="Number_BCD" lengthBit="36" />
                        </Bytes></AddressString.BoxedType></forwardedToNumber.C5.BoxedType>
                  <forwardedToSubaddress.C8.BoxedType><Bytes>27f60afcc119e4</Bytes></forwardedToSubaddress.C8.BoxedType>
                  <forwardingOptions.C6.BoxedType><Bytes>59be0a</Bytes></forwardingOptions.C6.BoxedType>
                  <noReplyConditionTime.C7.BoxedType><Integer>1</Integer></noReplyConditionTime.C7.BoxedType>
                  <longForwardedToNumber.C9.BoxedType><AddressString.BoxedType><Bytes>3f76806220f5
                           <field name="extension" value="extension:0" type="EnumLong" lengthBit="1" />
                           <field name="nature of address" value="network specific number:3" type="EnumLong" lengthBit="3" />
                           <field name="numbering plan" value="reserved for extension:15" type="EnumLong" lengthBit="4" />
                           <field name="digits" value="670826025" type="Number_BCD" lengthBit="36" />
                        </Bytes></AddressString.BoxedType></longForwardedToNumber.C9.BoxedType>
               </ForwardingFeature.Sequence>
               <ForwardingFeature.Sequence>
                  <basicService.Choice>
                     <bearerService.C2.BoxedType><Bytes>b3d59624ce830798c4</Bytes></bearerService.C2.BoxedType>
                     <teleservice.C3.BoxedType><Bytes>87bf3a1e</Bytes></teleservice.C3.BoxedType>
                  </basicService.Choice>
                  <ss_Status.C4.BoxedType><Bytes>54b88daedb2f65</Bytes></ss_Status.C4.BoxedType>
                  <forwardedToNumber.C5.BoxedType><AddressString.BoxedType><Bytes>bc6186110033
                           <field name="extension" value="no extension:1" type="EnumLong" lengthBit="1" />
                           <field name="nature of address" value="network specific number:3" type="EnumLong" lengthBit="3" />
                           <field name="numbering plan" value="12" type="EnumLong" lengthBit="4" />
                           <field name="digits" value="1668110033" type="Number_BCD" length="5" />
                        </Bytes></AddressString.BoxedType></forwardedToNumber.C5.BoxedType>
                  <forwardedToSubaddress.C8.BoxedType><Bytes>91ba3406</Bytes></forwardedToSubaddress.C8.BoxedType>
                  <forwardingOptions.C6.BoxedType><Bytes>5459a66d17b6ed</Bytes></forwardingOptions.C6.BoxedType>
                  <noReplyConditionTime.C7.BoxedType><Integer>0</Integer></noReplyConditionTime.C7.BoxedType>
                  <longForwardedToNumber.C9.BoxedType><AddressString.BoxedType><Bytes>877125028696
                           <field name="extension" value="no extension:1" type="EnumLong" lengthBit="1" />
                           <field name="nature of address" value="unknown:0" type="EnumLong" lengthBit="3" />
                           <field name="numbering plan" value="spare:7" type="EnumLong" lengthBit="4" />
                           <field name="digits" value="1752206869" type="Number_BCD" length="5" />
                        </Bytes></AddressString.BoxedType></longForwardedToNumber.C9.BoxedType>
               </ForwardingFeature.Sequence>
               <ForwardingFeature.Sequence>
                  <basicService.Choice>
                     <bearerService.C2.BoxedType><Bytes>bf905595e6</Bytes></bearerService.C2.BoxedType>
                     <teleservice.C3.BoxedType><Bytes>e628ffa83f</Bytes></teleservice.C3.BoxedType>
                  </basicService.Choice>
                  <ss_Status.C4.BoxedType><Bytes>9fe049c41fa9</Bytes></ss_Status.C4.BoxedType>
                  <forwardedToNumber.C5.BoxedType><AddressString.BoxedType><Bytes>f662136855f6
                           <field name="extension" value="no extension:1" type="EnumLong" lengthBit="1" />
                           <field name="nature of address" value="reserved for extension:7" type="EnumLong" lengthBit="3" />
                           <field name="numbering plan" value="land mobile numbering plan (ITU-T Rec E.212):6" type="EnumLong" lengthBit="4" />
                           <field name="digits" value="263186556" type="Number_BCD" lengthBit="36" />
                        </Bytes></AddressString.BoxedType></forwardedToNumber.C5.BoxedType>
                  <forwardedToSubaddress.C8.BoxedType><Bytes>91e383</Bytes></forwardedToSubaddress.C8.BoxedType>
                  <forwardingOptions.C6.BoxedType><Bytes>76e96844a811f0</Bytes></forwardingOptions.C6.BoxedType>
                  <noReplyConditionTime.C7.BoxedType><Integer>2</Integer></noReplyConditionTime.C7.BoxedType>
                  <longForwardedToNumber.C9.BoxedType><AddressString.BoxedType><Bytes>0765941215f0
                           <field name="extension" value="extension:0" type="EnumLong" lengthBit="1" />
                           <field name="nature of address" value="unknown:0" type="EnumLong" lengthBit="3" />
                           <field name="numbering plan" value="spare:7" type="EnumLong" lengthBit="4" />
                           <field name="digits" value="564921510" type="Number_BCD" lengthBit="36" />
                        </Bytes></AddressString.BoxedType></longForwardedToNumber.C9.BoxedType>
               </ForwardingFeature.Sequence>
            </Collection>
         </forwardingFeatureList.BoxedType>
      </forwardingInfo.C0.Sequence>
      <callBarringInfo.C1.Sequence>
         <ss_Code.BoxedType><Bytes>cd</Bytes></ss_Code.BoxedType>
         <callBarringFeatureList.BoxedType>
            <Collection>
               <CallBarringFeature.Sequence>
                  <basicService.Choice>
                     <bearerService.C2.BoxedType><Bytes>79</Bytes></bearerService.C2.BoxedType>
                     <teleservice.C3.BoxedType><Bytes>c7</Bytes></teleservice.C3.BoxedType>
                  </basicService.Choice>
                  <ss_Status.C4.BoxedType><Bytes>0634728c14</Bytes></ss_Status.C4.BoxedType>
               </CallBarringFeature.Sequence>
               <CallBarringFeature.Sequence>
                  <basicService.Choice>
                     <bearerService.C2.BoxedType><Bytes>f121ae</Bytes></bearerService.C2.BoxedType>
                     <teleservice.C3.BoxedType><Bytes>e12481c65f9f630d99</Bytes></teleservice.C3.BoxedType>
                  </basicService.Choice>
                  <ss_Status.C4.BoxedType><Bytes>30</Bytes></ss_Status.C4.BoxedType>
               </CallBarringFeature.Sequence>
               <CallBarringFeature.Sequence>
                  <basicService.Choice>
                     <bearerService.C2.BoxedType><Bytes>6a7bb542e0b007</Bytes></bearerService.C2.BoxedType>
                     <teleservice.C3.BoxedType><Bytes>5400fe2437ad51</Bytes></teleservice.C3.BoxedType>
                  </basicService.Choice>
                  <ss_Status.C4.BoxedType><Bytes>e8f66a2601</Bytes></ss_Status.C4.BoxedType>
               </CallBarringFeature.Sequence>
            </Collection>
         </callBarringFeatureList.BoxedType>
      </callBarringInfo.C1.Sequence>
      <ss_Data.C3.Sequence>
         <ss_Code.BoxedType><Bytes>87a8e3</Bytes></ss_Code.BoxedType>
         <ss_Status.C4.BoxedType><Bytes>efe49a</Bytes></ss_Status.C4.BoxedType>
         <ss_SubscriptionOption.Choice>
            <cliRestrictionOption.C2.Enum>
               <EnumType>temporaryDefaultRestricted.1</EnumType>
            </cliRestrictionOption.C2.Enum>
            <overrideCategory.C1.Enum>
               <EnumType>overrideEnabled.0</EnumType>
            </overrideCategory.C1.Enum>
         </ss_SubscriptionOption.Choice>
         <basicServiceGroupList.BoxedType>
            <Collection>
               <BasicServiceCode.Choice>
                  <bearerService.C2.BoxedType><Bytes>c490f301fd</Bytes></bearerService.C2.BoxedType>
                  <teleservice.C3.BoxedType><Bytes>ac6cbd6b8e2a9022b4</Bytes></teleservice.C3.BoxedType>
               </BasicServiceCode.Choice>
               <BasicServiceCode.Choice>
                  <bearerService.C2.BoxedType><Bytes>a09ce89325</Bytes></bearerService.C2.BoxedType>
                  <teleservice.C3.BoxedType><Bytes>06fba86593bb</Bytes></teleservice.C3.BoxedType>
               </BasicServiceCode.Choice>
               <BasicServiceCode.Choice>
                  <bearerService.C2.BoxedType><Bytes>9de0732ea025601a855e</Bytes></bearerService.C2.BoxedType>
                  <teleservice.C3.BoxedType><Bytes>e254dc92a9c9</Bytes></teleservice.C3.BoxedType>
               </BasicServiceCode.Choice>
            </Collection>
         </basicServiceGroupList.BoxedType>
         <defaultPriority.BoxedType><Integer>2</Integer></defaultPriority.BoxedType>
         <nbrUser.C5.BoxedType><Integer>0</Integer></nbrUser.C5.BoxedType>
      </ss_Data.C3.Sequence>
   </SS_Info.Choice>
</ASN>