<?xml version="1.0" encoding="UTF-8"?>

<ASN layer="CAP">
   <StatusReportArg.Sequence>
      <imsi.C0.BoxedType><TBCD_STRING.BoxedType><Bytes>6171225230
               <field name="digits" value="1617222503" type="Number_BCD" length="5" />
            </Bytes></TBCD_STRING.BoxedType></imsi.C0.BoxedType>
      <eventReportData.C1.Sequence>
         <ccbs_SubscriberStatus.C0.Enum>
            <EnumType>ccbsIdle.1</EnumType>
         </ccbs_SubscriberStatus.C0.Enum>
         <extensionContainer.C1.Sequence>
            <privateExtensionList.C0.BoxedType>
               <Collection>
                  <PrivateExtension.Sequence>
                     <extId><ObjectIdentifier>0.1.227.88.62.45.24.123.17.6</ObjectIdentifier></extId>
                     <extType>9fe54f</extType>
                  </PrivateExtension.Sequence>
                  <PrivateExtension.Sequence>
                     <extId><ObjectIdentifier>0.1.261.124.84.16.17.50.35.60.68.70</ObjectIdentifier></extId>
                     <extType>5e</extType>
                  </PrivateExtension.Sequence>
                  <PrivateExtension.Sequence>
                     <extId><ObjectIdentifier>0.1.221</ObjectIdentifier></extId>
                     <extType>ba11</extType>
                  </PrivateExtension.Sequence>
               </Collection>
            </privateExtensionList.C0.BoxedType>
            <pcs_Extensions.C1.Sequence>
               
            </pcs_Extensions.C1.Sequence>
         </extensionContainer.C1.Sequence>
      </eventReportData.C1.Sequence>
      <callReportdata.C2.Sequence>
         <monitoringMode.C0.Enum>
            <EnumType>a_side.0</EnumType>
         </monitoringMode.C0.Enum>
         <callOutcome.C1.Enum>
            <EnumType>busy.2</EnumType>
         </callOutcome.C1.Enum>
         <extensionContainer.C2.Sequence>
            <privateExtensionList.C0.BoxedType>
               <Collection>
                  <PrivateExtension.Sequence>
                     <extId><ObjectIdentifier>0.1.22.13.122</ObjectIdentifier></extId>
                     <extType>ce152ff659392f</extType>
                  </PrivateExtension.Sequence>
                  <PrivateExtension.Sequence>
                     <extId><ObjectIdentifier>0.1.296.91.49.96.110.78.109</ObjectIdentifier></extId>
                     <extType>f94e64</extType>
                  </PrivateExtension.Sequence>
                  <PrivateExtension.Sequence>
                     <extId><ObjectIdentifier>0.1.250.27.88.17.56</ObjectIdentifier></extId>
                     <extType>c6aeb2e0050c7d5a</extType>
                  </PrivateExtension.Sequence>
               </Collection>
            </privateExtensionList.C0.BoxedType>
            <pcs_Extensions.C1.Sequence>
               
            </pcs_Extensions.C1.Sequence>
         </extensionContainer.C2.Sequence>
      </callReportdata.C2.Sequence>
      <extensionContainer.C3.Sequence>
         <privateExtensionList.C0.BoxedType>
            <Collection>
               <PrivateExtension.Sequence>
                  <extId><ObjectIdentifier>0.1.277.79</ObjectIdentifier></extId>
                  <extType>614d1d933ab6c9</extType>
               </PrivateExtension.Sequence>
               <PrivateExtension.Sequence>
                  <extId><ObjectIdentifier>0.1.213.100.83.50.50.77.103</ObjectIdentifier></extId>
                  <extType>d150a4c1afc5</extType>
               </PrivateExtension.Sequence>
               <PrivateExtension.Sequence>
                  <extId><ObjectIdentifier>0.1.294.48.53.30.12</ObjectIdentifier></extId>
                  <extType>f1d903</extType>
               </PrivateExtension.Sequence>
            </Collection>
         </privateExtensionList.C0.BoxedType>
         <pcs_Extensions.C1.Sequence>
            
         </pcs_Extensions.C1.Sequence>
      </extensionContainer.C3.Sequence>
   </StatusReportArg.Sequence>
</ASN>