<?xml version="1.0" encoding="UTF-8"?>

<ASN layer="CAP">
   <SubBusyForMT_SMS_Param.Sequence>
      <extensionContainer.Sequence>
         <privateExtensionList.C0.BoxedType>
            <Collection>
               <PrivateExtension.Sequence>
                  <extId><ObjectIdentifier>0.1.212.51.65</ObjectIdentifier></extId>
                  <extType>17ec4808d1bf2ac498</extType>
               </PrivateExtension.Sequence>
               <PrivateExtension.Sequence>
                  <extId><ObjectIdentifier>0.1.2108.39.80.73.27.100</ObjectIdentifier></extId>
                  <extType>eb3e5c52</extType>
               </PrivateExtension.Sequence>
               <PrivateExtension.Sequence>
                  <extId><ObjectIdentifier>0.1.251.60</ObjectIdentifier></extId>
                  <extType>d52054</extType>
               </PrivateExtension.Sequence>
            </Collection>
         </privateExtensionList.C0.BoxedType>
         <pcs_Extensions.C1.Sequence>
            
         </pcs_Extensions.C1.Sequence>
      </extensionContainer.Sequence>
      <gprsConnectionSuspended></gprsConnectionSuspended>
   </SubBusyForMT_SMS_Param.Sequence>
</ASN>