<?xml version="1.0" encoding="UTF-8"?>

<ASN layer="CAP">
   <T_BcsmCamelTDPData.Sequence>
      <t_BcsmTriggerDetectionPoint.Enum>
         <EnumType>termAttemptAuthorized.12</EnumType>
      </t_BcsmTriggerDetectionPoint.Enum>
      <serviceKey.BoxedType><Integer>1</Integer></serviceKey.BoxedType>
      <gsmSCF_Address.C0.BoxedType><AddressString.BoxedType><Bytes>092173414377
               <field name="extension" value="extension:0" type="EnumLong" lengthBit="1" />
               <field name="nature of address" value="unknown:0" type="EnumLong" lengthBit="3" />
               <field name="numbering plan" value="private numbering plan:9" type="EnumLong" lengthBit="4" />
               <field name="digits" value="1237143477" type="Number_BCD" length="5" />
            </Bytes></AddressString.BoxedType></gsmSCF_Address.C0.BoxedType>
      <defaultCallHandling.C1.Enum>
         <EnumType>continueCall.0</EnumType>
      </defaultCallHandling.C1.Enum>
      <extensionContainer.C2.Sequence>
         <privateExtensionList.C0.BoxedType>
            <Collection>
               <PrivateExtension.Sequence>
                  <extId><ObjectIdentifier>0.1.2120.92</ObjectIdentifier></extId>
                  <extType>e0ac76ef5872386c</extType>
               </PrivateExtension.Sequence>
               <PrivateExtension.Sequence>
                  <extId><ObjectIdentifier>0.1.265.28.4.1.20.63.18.3.55.106</ObjectIdentifier></extId>
                  <extType>ed696baa</extType>
               </PrivateExtension.Sequence>
               <PrivateExtension.Sequence>
                  <extId><ObjectIdentifier>0.1.227</ObjectIdentifier></extId>
                  <extType>bc338708a05b</extType>
               </PrivateExtension.Sequence>
            </Collection>
         </privateExtensionList.C0.BoxedType>
         <pcs_Extensions.C1.Sequence>
            
         </pcs_Extensions.C1.Sequence>
      </extensionContainer.C2.Sequence>
   </T_BcsmCamelTDPData.Sequence>
</ASN>