<?xml version="1.0" encoding="UTF-8"?>

<ASN layer="CAP">
   <TargetCellOutsideGCA_Param.Sequence><extensionContainer.Sequence>
         <privateExtensionList.C0.BoxedType>
            <Collection>
               <PrivateExtension.Sequence>
                  <extId><ObjectIdentifier>0.1.279.67.35.111.8.22.2.52</ObjectIdentifier></extId>
                  <extType>9054fdd028087dfff1</extType>
               </PrivateExtension.Sequence>
               <PrivateExtension.Sequence>
                  <extId><ObjectIdentifier>0.1.268.58.98.23.112</ObjectIdentifier></extId>
                  <extType>f0b11a46893c515e4d</extType>
               </PrivateExtension.Sequence>
               <PrivateExtension.Sequence>
                  <extId><ObjectIdentifier>0.1.278.122.69.121.52.91.35.59</ObjectIdentifier></extId>
                  <extType>62287fc12ff62589d259</extType>
               </PrivateExtension.Sequence>
            </Collection>
         </privateExtensionList.C0.BoxedType>
         <pcs_Extensions.C1.Sequence>
            
         </pcs_Extensions.C1.Sequence>
      </extensionContainer.Sequence></TargetCellOutsideGCA_Param.Sequence>
</ASN>