<?xml version="1.0" encoding="UTF-8"?>

<ASN layer="CAP">
   <TeleservNotProvParam.Sequence><extensionContainer.Sequence>
         <privateExtensionList.C0.BoxedType>
            <Collection>
               <PrivateExtension.Sequence>
                  <extId><ObjectIdentifier>0.1.2106.123.9.60.4</ObjectIdentifier></extId>
                  <extType>9380b2e4e8817394</extType>
               </PrivateExtension.Sequence>
               <PrivateExtension.Sequence>
                  <extId><ObjectIdentifier>0.1.210</ObjectIdentifier></extId>
                  <extType>cf96452a6b82</extType>
               </PrivateExtension.Sequence>
               <PrivateExtension.Sequence>
                  <extId><ObjectIdentifier>0.1.280.79</ObjectIdentifier></extId>
                  <extType>c8b23b460694</extType>
               </PrivateExtension.Sequence>
            </Collection>
         </privateExtensionList.C0.BoxedType>
         <pcs_Extensions.C1.Sequence>
            
         </pcs_Extensions.C1.Sequence>
      </extensionContainer.Sequence></TeleservNotProvParam.Sequence>
</ASN>