<?xml version="1.0" encoding="UTF-8"?>

<ASN layer="CAP">
   <TimeDurationChargingResult.Sequence>
      <partyToCharge.C0.Choice><receivingSideID.C1.BoxedType><Bytes>30
               <field name="LegType" value="48" type="EnumLong" length="1" />
            </Bytes></receivingSideID.C1.BoxedType></partyToCharge.C0.Choice>
      <timeInformation.C1.Choice>
         <timeIfNoTariffSwitch.C0.BoxedType><Integer>1</Integer></timeIfNoTariffSwitch.C0.BoxedType>
         <timeIfTariffSwitch.C1.Sequence>
            <timeSinceTariffSwitch.C0>0</timeSinceTariffSwitch.C0>
            <tariffSwitchInterval.C1>2</tariffSwitchInterval.C1>
         </timeIfTariffSwitch.C1.Sequence>
      </timeInformation.C1.Choice>
      <legActive.C2>false:0</legActive.C2>
      <callLegReleasedAtTcpExpiry.C3></callLegReleasedAtTcpExpiry.C3>
      <extensions.C4.BoxedType>
         <Collection>
            <ExtensionField.Sequence>
               <type.Choice>
                  <local>2614145430</local>
                  <global><ObjectIdentifier>0.1.283.0</ObjectIdentifier></global>
               </type.Choice>
               <criticality.nulld.Enum>
                  <EnumType>ignore.0</EnumType>
               </criticality.nulld.Enum>
               <NullObject.C1></NullObject.C1>
            </ExtensionField.Sequence>
            <ExtensionField.Sequence>
               <type.Choice>
                  <local>2408630273</local>
                  <global><ObjectIdentifier>0.1.283.35.117.34.75.73.39</ObjectIdentifier></global>
               </type.Choice>
               <criticality.nulld.Enum>
                  <EnumType>ignore.0</EnumType>
               </criticality.nulld.Enum>
               <NullObject.C1></NullObject.C1>
            </ExtensionField.Sequence>
            <ExtensionField.Sequence>
               <type.Choice>
                  <local>1423065562</local>
                  <global><ObjectIdentifier>0.1.2101.1.29.67.15.58.70.69</ObjectIdentifier></global>
               </type.Choice>
               <criticality.nulld.Enum>
                  <EnumType>ignore.0</EnumType>
               </criticality.nulld.Enum>
               <NullObject.C1></NullObject.C1>
            </ExtensionField.Sequence>
         </Collection>
      </extensions.C4.BoxedType>
      <aChChargingAddress.C5.Choice>
         <legID.C2.Choice>
            <sendingSideID.C0.BoxedType><Bytes>19
                  <field name="LegType" value="25" type="EnumLong" length="1" />
               </Bytes></sendingSideID.C0.BoxedType>
            <receivingSideID.C1.BoxedType><Bytes>01
                  <field name="LegType" value="leg1 LegType:1" type="EnumLong" length="1" />
               </Bytes></receivingSideID.C1.BoxedType>
         </legID.C2.Choice>
         <srfConnection.C50.BoxedType><Integer>1</Integer></srfConnection.C50.BoxedType>
      </aChChargingAddress.C5.Choice>
   </TimeDurationChargingResult.Sequence>
</ASN>