<?xml version="1.0" encoding="UTF-8"?>

<ASN layer="CAP">
   <UnauthorizedLCSClient_Param.Sequence>
      <unauthorizedLCSClient_Diagnostic.C0.Enum>
         <EnumType>unauthorizedPrivacyClass.5</EnumType>
      </unauthorizedLCSClient_Diagnostic.C0.Enum>
      <extensionContainer.C1.Sequence>
         <privateExtensionList.C0.BoxedType>
            <Collection>
               <PrivateExtension.Sequence>
                  <extId><ObjectIdentifier>0.1.252.93.110.33.74.8.119.78.101</ObjectIdentifier></extId>
                  <extType>a76bbbe81c</extType>
               </PrivateExtension.Sequence>
               <PrivateExtension.Sequence>
                  <extId><ObjectIdentifier>0.1.2122.127.30.75.67</ObjectIdentifier></extId>
                  <extType>82a641ae73</extType>
               </PrivateExtension.Sequence>
               <PrivateExtension.Sequence>
                  <extId><ObjectIdentifier>0.1.247.19.15.23.5.27.56.119</ObjectIdentifier></extId>
                  <extType>1565df09214a3849</extType>
               </PrivateExtension.Sequence>
            </Collection>
         </privateExtensionList.C0.BoxedType>
         <pcs_Extensions.C1.Sequence>
            
         </pcs_Extensions.C1.Sequence>
      </extensionContainer.C1.Sequence>
   </UnauthorizedLCSClient_Param.Sequence>
</ASN>