<?xml version="1.0" encoding="UTF-8"?>

<ASN layer="CAP">
   <UnidentifiedSubParam.Sequence><extensionContainer.Sequence>
         <privateExtensionList.C0.BoxedType>
            <Collection>
               <PrivateExtension.Sequence>
                  <extId><ObjectIdentifier>0.1.29.17.37.123.9.45.89.77</ObjectIdentifier></extId>
                  <extType>2dbc05f8824fff</extType>
               </PrivateExtension.Sequence>
               <PrivateExtension.Sequence>
                  <extId><ObjectIdentifier>0.1.2119.58.38.69.36.81.115</ObjectIdentifier></extId>
                  <extType>50307b4e13375cca</extType>
               </PrivateExtension.Sequence>
               <PrivateExtension.Sequence>
                  <extId><ObjectIdentifier>0.1.250</ObjectIdentifier></extId>
                  <extType>53d37c2df9f6db57e9</extType>
               </PrivateExtension.Sequence>
            </Collection>
         </privateExtensionList.C0.BoxedType>
         <pcs_Extensions.C1.Sequence>
            
         </pcs_Extensions.C1.Sequence>
      </extensionContainer.Sequence></UnidentifiedSubParam.Sequence>
</ASN>