<?xml version="1.0" encoding="UTF-8"?>

<ASN layer="CAP">
   <UpdateLocationArg.Sequence>
      <imsi.BoxedType><TBCD_STRING.BoxedType><Bytes>48950737f7
               <field name="digits" value="845970737" type="Number_BCD" lengthBit="36" />
            </Bytes></TBCD_STRING.BoxedType></imsi.BoxedType>
      <msc_Number.C1.BoxedType><AddressString.BoxedType><Bytes>a67161494249
               <field name="extension" value="no extension:1" type="EnumLong" lengthBit="1" />
               <field name="nature of address" value="national significant number:2" type="EnumLong" lengthBit="3" />
               <field name="numbering plan" value="land mobile numbering plan (ITU-T Rec E.212):6" type="EnumLong" lengthBit="4" />
               <field name="digits" value="1716942494" type="Number_BCD" length="5" />
            </Bytes></AddressString.BoxedType></msc_Number.C1.BoxedType>
      <vlr_Number.BoxedType><AddressString.BoxedType><Bytes>e489615188f4
               <field name="extension" value="no extension:1" type="EnumLong" lengthBit="1" />
               <field name="nature of address" value="abbreviated number:6" type="EnumLong" lengthBit="3" />
               <field name="numbering plan" value="telex numbering plan (ITU-T Rec F.69):4" type="EnumLong" lengthBit="4" />
               <field name="digits" value="981615884" type="Number_BCD" lengthBit="36" />
            </Bytes></AddressString.BoxedType></vlr_Number.BoxedType>
      <lmsi.C10.BoxedType><Bytes>c56c916098d11d596d7f
            <field name="digits" value="c56c916098d11d596d7f" type="Binary" length="10" />
         </Bytes></lmsi.C10.BoxedType>
      <extensionContainer.Sequence>
         <privateExtensionList.C0.BoxedType>
            <Collection>
               <PrivateExtension.Sequence>
                  <extId><ObjectIdentifier>0.1.245.29.14.44</ObjectIdentifier></extId>
                  <extType>ad4864</extType>
               </PrivateExtension.Sequence>
               <PrivateExtension.Sequence>
                  <extId><ObjectIdentifier>0.1.270.53.114.9</ObjectIdentifier></extId>
                  <extType>5793b26e22</extType>
               </PrivateExtension.Sequence>
               <PrivateExtension.Sequence>
                  <extId><ObjectIdentifier>0.1.22</ObjectIdentifier></extId>
                  <extType>8a3b3b3ccd17a64c</extType>
               </PrivateExtension.Sequence>
            </Collection>
         </privateExtensionList.C0.BoxedType>
         <pcs_Extensions.C1.Sequence>
            
         </pcs_Extensions.C1.Sequence>
      </extensionContainer.Sequence>
      <vlr_Capability.C6.Sequence>
         <supportedCamelPhases.C0.BoxedType><BitString><BitString value="096401885e" trailing="0"/></BitString></supportedCamelPhases.C0.BoxedType>
         <extensionContainer.Sequence>
            <privateExtensionList.C0.BoxedType>
               <Collection>
                  <PrivateExtension.Sequence>
                     <extId><ObjectIdentifier>0.1.274.119.63.94.97.27.37</ObjectIdentifier></extId>
                     <extType>21ef</extType>
                  </PrivateExtension.Sequence>
                  <PrivateExtension.Sequence>
                     <extId><ObjectIdentifier>0.1.264.3.48.118.83</ObjectIdentifier></extId>
                     <extType>5348ad3b5b65</extType>
                  </PrivateExtension.Sequence>
                  <PrivateExtension.Sequence>
                     <extId><ObjectIdentifier>0.1.2107.91</ObjectIdentifier></extId>
                     <extType>f67eb60766</extType>
                  </PrivateExtension.Sequence>
               </Collection>
            </privateExtensionList.C0.BoxedType>
            <pcs_Extensions.C1.Sequence>
               
            </pcs_Extensions.C1.Sequence>
         </extensionContainer.Sequence>
         <solsaSupportIndicator.C2></solsaSupportIndicator.C2>
         <istSupportIndicator.C1.Enum>
            <EnumType>istCommandSupported.1</EnumType>
         </istSupportIndicator.C1.Enum>
         <superChargerSupportedInServingNetworkEntity.C3.Choice>
            <sendSubscriberData.C0></sendSubscriberData.C0>
            <subscriberDataStored.C1.BoxedType><Bytes>fc</Bytes></subscriberDataStored.C1.BoxedType>
         </superChargerSupportedInServingNetworkEntity.C3.Choice>
         <longFTN_Supported.C4></longFTN_Supported.C4>
         <supportedLCS_CapabilitySets.C5.BoxedType><BitString><BitString value="47" trailing="0"/></BitString></supportedLCS_CapabilitySets.C5.BoxedType>
         <offeredCamel4CSIs.C6.BoxedType><BitString><BitString value="684c06f887eed279ac6a18563c9fd42cbee0" trailing="0"/></BitString></offeredCamel4CSIs.C6.BoxedType>
         <supportedRAT_TypesIndicator.C7.BoxedType><BitString><BitString value="1def31" trailing="0"/></BitString></supportedRAT_TypesIndicator.C7.BoxedType>
         <longGroupID_Supported.C8></longGroupID_Supported.C8>
         <mtRoamingForwardingSupported.C9></mtRoamingForwardingSupported.C9>
         <msisdn_lessOperation_Supported.C10></msisdn_lessOperation_Supported.C10>
      </vlr_Capability.C6.Sequence>
      <informPreviousNetworkEntity.C11></informPreviousNetworkEntity.C11>
      <cs_LCS_NotSupportedByUE.C12></cs_LCS_NotSupportedByUE.C12>
      <v_gmlc_Address.C2.BoxedType><Bytes>2598b47984
            <field name="Address type" value="IPV4:0" type="EnumLong" lengthBit="2" />
            <field name="AddressLength" value="37" type="Integer" lengthBit="6" />
            <field name="IPV4 address" value="152.180.121.132" type="IPV4Address" length="4" />
         </Bytes></v_gmlc_Address.C2.BoxedType>
      <add_info.C13.Sequence>
         <imeisv.C0.BoxedType><TBCD_STRING.BoxedType><Bytes>690848f5
                  <field name="digits" value="9680845" type="Number_BCD" lengthBit="28" />
               </Bytes></TBCD_STRING.BoxedType></imeisv.C0.BoxedType>
         <skipSubscriberDataUpdate.C1></skipSubscriberDataUpdate.C1>
      </add_info.C13.Sequence>
      <pagingArea.C14.BoxedType>
         <Collection>
            <LocationArea.Choice>
               <laiFixedLength.C0.BoxedType><Bytes>02031165c4
                     <field name="MMC" value="203,110" type="NumberMMC" length="3" />
                     <field name="LAC" value="26052" type="Integer" length="2" />
                  </Bytes></laiFixedLength.C0.BoxedType>
               <lac.C1.BoxedType><Bytes>11bc5a7247b349fa20</Bytes></lac.C1.BoxedType>
            </LocationArea.Choice>
            <LocationArea.Choice>
               <laiFixedLength.C0.BoxedType><Bytes>324352a301
                     <field name="MMC" value="233,254" type="NumberMMC" length="3" />
                     <field name="LAC" value="41729" type="Integer" length="2" />
                  </Bytes></laiFixedLength.C0.BoxedType>
               <lac.C1.BoxedType><Bytes>216924f1</Bytes></lac.C1.BoxedType>
            </LocationArea.Choice>
            <LocationArea.Choice>
               <laiFixedLength.C0.BoxedType><Bytes>319671acb9
                     <field name="MMC" value="136,179" type="NumberMMC" length="3" />
                     <field name="LAC" value="44217" type="Integer" length="2" />
                  </Bytes></laiFixedLength.C0.BoxedType>
               <lac.C1.BoxedType><Bytes>bf7fa801627f076a34</Bytes></lac.C1.BoxedType>
            </LocationArea.Choice>
         </Collection>
      </pagingArea.C14.BoxedType>
      <skipSubscriberDataUpdate.C15></skipSubscriberDataUpdate.C15>
      <restorationIndicator.C16></restorationIndicator.C16>
      <eplmn_List.C3.BoxedType>
         <Collection>
            <PLMN_Id.BoxedType><Bytes>4a54a3</Bytes></PLMN_Id.BoxedType>
            <PLMN_Id.BoxedType><Bytes>95ba2a</Bytes></PLMN_Id.BoxedType>
            <PLMN_Id.BoxedType><Bytes>a4ada893f2b690b481d8</Bytes></PLMN_Id.BoxedType>
         </Collection>
      </eplmn_List.C3.BoxedType>
      <mme_DiameterAddress.C4.Sequence>
         <diameter_Name.C0.BoxedType><Bytes>ae11629b7e7b</Bytes></diameter_Name.C0.BoxedType>
         <diameter_Realm.C1.BoxedType><Bytes>c1c5174c5c4c32</Bytes></diameter_Realm.C1.BoxedType>
      </mme_DiameterAddress.C4.Sequence>
   </UpdateLocationArg.Sequence>
</ASN>