<?xml version="1.0" encoding="UTF-8"?>

<ASN layer="CAP">
   <USSD_Arg.Sequence>
      <ussd_DataCodingScheme.BoxedType><Bytes>3e
            <field name="Coding Group Bits" value="Language using the GSM 7 bit default alphabet #3:3" type="EnumLong" lengthBit="4" />
            <field name="Alphabet" value="Reserved:3" type="EnumLong" lengthBit="2" />
            <field name="Message Class" value="Class 2 (U)SIM specific message:2" type="EnumLong" lengthBit="2" />
         </Bytes></ussd_DataCodingScheme.BoxedType>
      <ussd_String.BoxedType><Bytes>c05e05
            <field name="binary" value="c05e05" type="Binary" length="3" />
         </Bytes></ussd_String.BoxedType>
      <alertingPattern.BoxedType><Bytes>45dc907de69287fc8bfb</Bytes></alertingPattern.BoxedType>
      <msisdn.C0.BoxedType><AddressString.BoxedType><Bytes>f73199000895
               <field name="extension" value="no extension:1" type="EnumLong" lengthBit="1" />
               <field name="nature of address" value="reserved for extension:7" type="EnumLong" lengthBit="3" />
               <field name="numbering plan" value="spare:7" type="EnumLong" lengthBit="4" />
               <field name="digits" value="1399008059" type="Number_BCD" length="5" />
            </Bytes></AddressString.BoxedType></msisdn.C0.BoxedType>
   </USSD_Arg.Sequence>
</ASN>