<?xml version="1.0" encoding="UTF-8"?>

<ASN layer="CAP">
   <VariablePartsArray.BoxedType>
      <Collection>
         <VariablePart.Choice>
            <integer.C0.BoxedType><Integer>1</Integer></integer.C0.BoxedType>
            <number.C1.BoxedType><Bytes>3841</Bytes></number.C1.BoxedType>
            <time.C2>6cef</time.C2>
            <date.C3>0a</date.C3>
            <price.C4>1bce320dac2c27</price.C4>
         </VariablePart.Choice>
         <VariablePart.Choice>
            <integer.C0.BoxedType><Integer>1</Integer></integer.C0.BoxedType>
            <number.C1.BoxedType><Bytes>5e09</Bytes></number.C1.BoxedType>
            <time.C2>bf7bd5</time.C2>
            <date.C3>37afd2121bcf</date.C3>
            <price.C4>2213ecc21943bef6df</price.C4>
         </VariablePart.Choice>
         <VariablePart.Choice>
            <integer.C0.BoxedType><Integer>0</Integer></integer.C0.BoxedType>
            <number.C1.BoxedType><Bytes>40cc6c</Bytes></number.C1.BoxedType>
            <time.C2>add2848c90381fb2</time.C2>
            <date.C3>83b6d6426b64</date.C3>
            <price.C4>4113407e29a0</price.C4>
         </VariablePart.Choice>
      </Collection>
   </VariablePartsArray.BoxedType>
</ASN>