<?xml version="1.0" encoding="UTF-8"?>

<ASN layer="CAP">
   <VoiceBroadcastData.Sequence>
      <groupid.BoxedType><TBCD_STRING.BoxedType><Bytes>5178662673
               <field name="digits" value="1587666237" type="Number_BCD" length="5" />
            </Bytes></TBCD_STRING.BoxedType></groupid.BoxedType>
      <broadcastInitEntitlement></broadcastInitEntitlement>
      <extensionContainer.Sequence>
         <privateExtensionList.C0.BoxedType>
            <Collection>
               <PrivateExtension.Sequence>
                  <extId><ObjectIdentifier>0.1.234.62</ObjectIdentifier></extId>
                  <extType>47821eda51</extType>
               </PrivateExtension.Sequence>
               <PrivateExtension.Sequence>
                  <extId><ObjectIdentifier>0.1.21.36.107.68.91.113.62.111</ObjectIdentifier></extId>
                  <extType>75b9a09ec97f</extType>
               </PrivateExtension.Sequence>
               <PrivateExtension.Sequence>
                  <extId><ObjectIdentifier>0.1.2118.2.111.59.13.30.115.53</ObjectIdentifier></extId>
                  <extType>41</extType>
               </PrivateExtension.Sequence>
            </Collection>
         </privateExtensionList.C0.BoxedType>
         <pcs_Extensions.C1.Sequence>
            
         </pcs_Extensions.C1.Sequence>
      </extensionContainer.Sequence>
      <longGroupId.C0.BoxedType><TBCD_STRING.BoxedType><Bytes>4127311643
               <field name="digits" value="1472136134" type="Number_BCD" length="5" />
            </Bytes></TBCD_STRING.BoxedType></longGroupId.C0.BoxedType>
   </VoiceBroadcastData.Sequence>
</ASN>