<?xml version="1.0" encoding="UTF-8"?>

<ASN layer="MAP">
   <ActivateTraceModeRes.Sequence><extensionContainer.C0.Sequence>
         <privateExtensionList.C0.BoxedType>
            <Collection>
               <PrivateExtension.Sequence>
                  <extId><ObjectIdentifier>0.1.239.47.25.1.69.17.89</ObjectIdentifier></extId>
                  <extType>b3abb9fe</extType>
               </PrivateExtension.Sequence>
               <PrivateExtension.Sequence>
                  <extId><ObjectIdentifier>0.1.234.65.117.81.19</ObjectIdentifier></extId>
                  <extType>1610</extType>
               </PrivateExtension.Sequence>
               <PrivateExtension.Sequence>
                  <extId><ObjectIdentifier>0.1.241.73.36.14.12.4.120.126.61</ObjectIdentifier></extId>
                  <extType>de80171939</extType>
               </PrivateExtension.Sequence>
            </Collection>
         </privateExtensionList.C0.BoxedType>
         <pcsExtensions.C1.Sequence></pcsExtensions.C1.Sequence>
      </extensionContainer.C0.Sequence></ActivateTraceModeRes.Sequence>
</ASN>