<?xml version="1.0" encoding="UTF-8"?>

<ASN layer="MAP">
   <AlertServiceCentreArg.Sequence>
      <msisdn.BoxedType><Bytes>840265866472
            <field name="extension" value="no extension:1" type="EnumLong" lengthBit="1" />
            <field name="nature of address" value="unknown:0" type="EnumLong" lengthBit="3" />
            <field name="numbering plan" value="telex numbering plan (ITU-T Rec F.69):4" type="EnumLong" lengthBit="4" />
            <field name="digits" value="2056684627" type="Number_BCD" length="5" />
         </Bytes></msisdn.BoxedType>
      <serviceCentreAddress.BoxedType><Bytes>240198134395
            <field name="extension" value="extension:0" type="EnumLong" lengthBit="1" />
            <field name="nature of address" value="national significant number:2" type="EnumLong" lengthBit="3" />
            <field name="numbering plan" value="telex numbering plan (ITU-T Rec F.69):4" type="EnumLong" lengthBit="4" />
            <field name="digits" value="1089313459" type="Number_BCD" length="5" />
         </Bytes></serviceCentreAddress.BoxedType>
   </AlertServiceCentreArg.Sequence>
</ASN>