<?xml version="1.0" encoding="UTF-8"?>

<ASN layer="MAP">
   <AnyTimeModificationArg.Sequence>
      <subscriberIdentity.C0.Choice>
         <imsi.C0.BoxedType><Bytes>32091576f1
               <field name="digits" value="239051671" type="Number_BCD" lengthBit="36" />
            </Bytes></imsi.C0.BoxedType>
         <msisdn.C1.BoxedType><Bytes>b74161174282
               <field name="extension" value="no extension:1" type="EnumLong" lengthBit="1" />
               <field name="nature of address" value="network specific number:3" type="EnumLong" lengthBit="3" />
               <field name="numbering plan" value="spare:7" type="EnumLong" lengthBit="4" />
               <field name="digits" value="1416712428" type="Number_BCD" length="5" />
            </Bytes></msisdn.C1.BoxedType>
      </subscriberIdentity.C0.Choice>
      <gsmSCF_Address.C1.BoxedType><Bytes>9716662169f8
            <field name="extension" value="no extension:1" type="EnumLong" lengthBit="1" />
            <field name="nature of address" value="international number:1" type="EnumLong" lengthBit="3" />
            <field name="numbering plan" value="spare:7" type="EnumLong" lengthBit="4" />
            <field name="digits" value="616612968" type="Number_BCD" lengthBit="36" />
         </Bytes></gsmSCF_Address.C1.BoxedType>
      <modificationRequestFor_CF_Info.C2.Sequence>
         <ss_Code.C0.BoxedType><Bytes>7ad55e</Bytes></ss_Code.C0.BoxedType>
         <basicService.C1.Choice>
            <ext_BearerService.C2.BoxedType><Bytes>ec2d</Bytes></ext_BearerService.C2.BoxedType>
            <ext_Teleservice.C3.BoxedType><Bytes>16f4eb9323
                  <field name="Code" value="22" type="EnumLong" length="1" />
                  <field name="Extension data" value="f4eb9323" type="Binary" length="4" />
               </Bytes></ext_Teleservice.C3.BoxedType>
         </basicService.C1.Choice>
         <ss_Status.C2.BoxedType><Bytes>8546713f02fecad8be5d</Bytes></ss_Status.C2.BoxedType>
         <forwardedToNumber.C3.BoxedType><Bytes>7d0282179374
               <field name="extension" value="extension:0" type="EnumLong" lengthBit="1" />
               <field name="nature of address" value="reserved for extension:7" type="EnumLong" lengthBit="3" />
               <field name="numbering plan" value="13" type="EnumLong" lengthBit="4" />
               <field name="digits" value="2028713947" type="Number_BCD" length="5" />
            </Bytes></forwardedToNumber.C3.BoxedType>
         <forwardedToSubaddress.C4.BoxedType><Bytes>db72</Bytes></forwardedToSubaddress.C4.BoxedType>
         <noReplyConditionTime.C5.BoxedType><Integer>1</Integer></noReplyConditionTime.C5.BoxedType>
         <modifyNotificationToCSE.C6.Enum>
            <EnumType>deactivate.0</EnumType>
         </modifyNotificationToCSE.C6.Enum>
         <extensionContainer.C7.Sequence>
            <privateExtensionList.C0.BoxedType>
               <Collection>
                  <PrivateExtension.Sequence>
                     <extId><ObjectIdentifier>0.1.210.70</ObjectIdentifier></extId>
                     <extType>298fc77da62364</extType>
                  </PrivateExtension.Sequence>
                  <PrivateExtension.Sequence>
                     <extId><ObjectIdentifier>0.1.252.36.82.4.103.35</ObjectIdentifier></extId>
                     <extType>f49365c344da88cc</extType>
                  </PrivateExtension.Sequence>
                  <PrivateExtension.Sequence>
                     <extId><ObjectIdentifier>0.1.2100.95.33.39</ObjectIdentifier></extId>
                     <extType>c035</extType>
                  </PrivateExtension.Sequence>
               </Collection>
            </privateExtensionList.C0.BoxedType>
            <pcsExtensions.C1.Sequence></pcsExtensions.C1.Sequence>
         </extensionContainer.C7.Sequence>
      </modificationRequestFor_CF_Info.C2.Sequence>
      <modificationRequestFor_CB_Info.C3.Sequence>
         <ss_Code.C0.BoxedType><Bytes>c61c1696</Bytes></ss_Code.C0.BoxedType>
         <basicService.C1.Choice>
            <ext_BearerService.C2.BoxedType><Bytes>1576</Bytes></ext_BearerService.C2.BoxedType>
            <ext_Teleservice.C3.BoxedType><Bytes>2722de8c6a
                  <field name="Code" value="39" type="EnumLong" length="1" />
                  <field name="Extension data" value="22de8c6a" type="Binary" length="4" />
               </Bytes></ext_Teleservice.C3.BoxedType>
         </basicService.C1.Choice>
         <ss_Status.C2.BoxedType><Bytes>0d93144697acdb49</Bytes></ss_Status.C2.BoxedType>
         <password.C3.BoxedType><String>Bh14BldpVjL</String></password.C3.BoxedType>
         <wrongPasswordAttemptsCounter.C4.BoxedType><Integer>1</Integer></wrongPasswordAttemptsCounter.C4.BoxedType>
         <modifyNotificationToCSE.C5.Enum>
            <EnumType>activate.1</EnumType>
         </modifyNotificationToCSE.C5.Enum>
         <extensionContainer.C6.Sequence>
            <privateExtensionList.C0.BoxedType>
               <Collection>
                  <PrivateExtension.Sequence>
                     <extId><ObjectIdentifier>0.1.238.71.116.114.48.18.69.67</ObjectIdentifier></extId>
                     <extType>021149b1c2df626c00</extType>
                  </PrivateExtension.Sequence>
                  <PrivateExtension.Sequence>
                     <extId><ObjectIdentifier>0.1.279</ObjectIdentifier></extId>
                     <extType>3a6c2ebbbee6da0cb5</extType>
                  </PrivateExtension.Sequence>
                  <PrivateExtension.Sequence>
                     <extId><ObjectIdentifier>0.1.242.34.28.93</ObjectIdentifier></extId>
                     <extType>66ceacad054e85</extType>
                  </PrivateExtension.Sequence>
               </Collection>
            </privateExtensionList.C0.BoxedType>
            <pcsExtensions.C1.Sequence></pcsExtensions.C1.Sequence>
         </extensionContainer.C6.Sequence>
      </modificationRequestFor_CB_Info.C3.Sequence>
      <modificationRequestFor_CSI.C4.Sequence>
         <requestedCamel_SubscriptionInfo.C0.Enum>
            <EnumType>gprs_CSI.4</EnumType>
         </requestedCamel_SubscriptionInfo.C0.Enum>
         <modifyNotificationToCSE.C1.Enum>
            <EnumType>activate.1</EnumType>
         </modifyNotificationToCSE.C1.Enum>
         <modifyCSI_State.C2.Enum>
            <EnumType>deactivate.0</EnumType>
         </modifyCSI_State.C2.Enum>
         <extensionContainer.C3.Sequence>
            <privateExtensionList.C0.BoxedType>
               <Collection>
                  <PrivateExtension.Sequence>
                     <extId><ObjectIdentifier>0.1.291.26.110.91</ObjectIdentifier></extId>
                     <extType>7585</extType>
                  </PrivateExtension.Sequence>
                  <PrivateExtension.Sequence>
                     <extId><ObjectIdentifier>0.1.2112</ObjectIdentifier></extId>
                     <extType>6c511bb4bcbbd5b6</extType>
                  </PrivateExtension.Sequence>
                  <PrivateExtension.Sequence>
                     <extId><ObjectIdentifier>0.1.212</ObjectIdentifier></extId>
                     <extType>2198efb261f8</extType>
                  </PrivateExtension.Sequence>
               </Collection>
            </privateExtensionList.C0.BoxedType>
            <pcsExtensions.C1.Sequence></pcsExtensions.C1.Sequence>
         </extensionContainer.C3.Sequence>
         <additionalRequestedCAMEL_SubscriptionInfo.C4.Enum>
            <EnumType>mg_csi.1</EnumType>
         </additionalRequestedCAMEL_SubscriptionInfo.C4.Enum>
      </modificationRequestFor_CSI.C4.Sequence>
      <extensionContainer.C5.Sequence>
         <privateExtensionList.C0.BoxedType>
            <Collection>
               <PrivateExtension.Sequence>
                  <extId><ObjectIdentifier>0.1.2111</ObjectIdentifier></extId>
                  <extType>081d5284b0d548ddd2</extType>
               </PrivateExtension.Sequence>
               <PrivateExtension.Sequence>
                  <extId><ObjectIdentifier>0.1.29.11.109</ObjectIdentifier></extId>
                  <extType>c9</extType>
               </PrivateExtension.Sequence>
               <PrivateExtension.Sequence>
                  <extId><ObjectIdentifier>0.1.286.19.79.47.36.84.32</ObjectIdentifier></extId>
                  <extType>81b8e3fedbee39c4</extType>
               </PrivateExtension.Sequence>
            </Collection>
         </privateExtensionList.C0.BoxedType>
         <pcsExtensions.C1.Sequence></pcsExtensions.C1.Sequence>
      </extensionContainer.C5.Sequence>
      <longFTN_Supported.C6></longFTN_Supported.C6>
      <modificationRequestFor_ODB_data.C7.Sequence>
         <odb_data.C0.Sequence>
            <odb_GeneralData.BoxedType><BitString><BitString value="42856102db26346f88446c8982cf3ec23c7a03ac" trailing="0"/></BitString></odb_GeneralData.BoxedType>
            <odb_HPLMN_Data.BoxedType><BitString><BitString value="" trailing="0"/></BitString></odb_HPLMN_Data.BoxedType>
            <extensionContainer.Sequence>
               <privateExtensionList.C0.BoxedType>
                  <Collection>
                     <PrivateExtension.Sequence>
                        <extId><ObjectIdentifier>0.1.2102.96.118.17.38.26</ObjectIdentifier></extId>
                        <extType>fb0f64c3</extType>
                     </PrivateExtension.Sequence>
                     <PrivateExtension.Sequence>
                        <extId><ObjectIdentifier>0.1.24.7.74</ObjectIdentifier></extId>
                        <extType>d9dedb</extType>
                     </PrivateExtension.Sequence>
                     <PrivateExtension.Sequence>
                        <extId><ObjectIdentifier>0.1.287.34.79.122.56.81</ObjectIdentifier></extId>
                        <extType>6e0baffcfe</extType>
                     </PrivateExtension.Sequence>
                  </Collection>
               </privateExtensionList.C0.BoxedType>
               <pcsExtensions.C1.Sequence></pcsExtensions.C1.Sequence>
            </extensionContainer.Sequence>
         </odb_data.C0.Sequence>
         <modifyNotificationToCSE.C1.Enum>
            <EnumType>deactivate.0</EnumType>
         </modifyNotificationToCSE.C1.Enum>
         <extensionContainer.C2.Sequence>
            <privateExtensionList.C0.BoxedType>
               <Collection>
                  <PrivateExtension.Sequence>
                     <extId><ObjectIdentifier>0.1.2110</ObjectIdentifier></extId>
                     <extType>883a</extType>
                  </PrivateExtension.Sequence>
                  <PrivateExtension.Sequence>
                     <extId><ObjectIdentifier>0.1.2110.60.23.58.31.74.85</ObjectIdentifier></extId>
                     <extType>2d76298b872f8fb7</extType>
                  </PrivateExtension.Sequence>
                  <PrivateExtension.Sequence>
                     <extId><ObjectIdentifier>0.1.238.94.102.120.58.75</ObjectIdentifier></extId>
                     <extType>5bccdb</extType>
                  </PrivateExtension.Sequence>
               </Collection>
            </privateExtensionList.C0.BoxedType>
            <pcsExtensions.C1.Sequence></pcsExtensions.C1.Sequence>
         </extensionContainer.C2.Sequence>
      </modificationRequestFor_ODB_data.C7.Sequence>
   </AnyTimeModificationArg.Sequence>
</ASN>