<?xml version="1.0" encoding="UTF-8"?>

<ASN layer="MAP">
   <Area.Sequence>
      <areaType.C0.Enum>
         <EnumType>locationAreaId.2</EnumType>
      </areaType.C0.Enum>
      <areaIdentification.C1.BoxedType><Bytes>22f89754e39af759
            <field name="MMC" value="228,79" type="NumberMMC" length="3" />
            <field name="LAC" value="21731" type="Integer" length="2" />
            <field name="RAC" value="154" type="Integer" length="1" />
            <field name="CI" value="63321" type="Integer" length="2" />
         </Bytes></areaIdentification.C1.BoxedType>
   </Area.Sequence>
</ASN>