<?xml version="1.0" encoding="UTF-8"?>

<ASN layer="MAP">
   <ATM_NotAllowedParam.Sequence><extensionContainer.Sequence>
         <privateExtensionList.C0.BoxedType>
            <Collection>
               <PrivateExtension.Sequence>
                  <extId><ObjectIdentifier>0.1.242.111</ObjectIdentifier></extId>
                  <extType>82a51ea4e8646f4dbd68</extType>
               </PrivateExtension.Sequence>
               <PrivateExtension.Sequence>
                  <extId><ObjectIdentifier>0.1.28.76.121</ObjectIdentifier></extId>
                  <extType>f25a0a5e64ccaa94</extType>
               </PrivateExtension.Sequence>
               <PrivateExtension.Sequence>
                  <extId><ObjectIdentifier>0.1.2110.30.91.27.40.14.64.88.32</ObjectIdentifier></extId>
                  <extType>3416bff1000d</extType>
               </PrivateExtension.Sequence>
            </Collection>
         </privateExtensionList.C0.BoxedType>
         <pcsExtensions.C1.Sequence></pcsExtensions.C1.Sequence>
      </extensionContainer.Sequence></ATM_NotAllowedParam.Sequence>
</ASN>