<?xml version="1.0" encoding="UTF-8"?>

<ASN layer="MAP">
   <AuthenticationFailureReportArg.Sequence>
      <imsi.BoxedType><Bytes>9197423653
            <field name="digits" value="1979246335" type="Number_BCD" length="5" />
         </Bytes></imsi.BoxedType>
      <failureCause.Enum>
         <EnumType>wrongUserResponse.0</EnumType>
      </failureCause.Enum>
      <extensionContainer.Sequence>
         <privateExtensionList.C0.BoxedType>
            <Collection>
               <PrivateExtension.Sequence>
                  <extId><ObjectIdentifier>0.1.2104.125.51</ObjectIdentifier></extId>
                  <extType>f912ec5a085be8e5fb</extType>
               </PrivateExtension.Sequence>
               <PrivateExtension.Sequence>
                  <extId><ObjectIdentifier>0.1.247.117.18.18.122.117.5.126</ObjectIdentifier></extId>
                  <extType>dd101e80c7bc6492a2</extType>
               </PrivateExtension.Sequence>
               <PrivateExtension.Sequence>
                  <extId><ObjectIdentifier>0.1.211</ObjectIdentifier></extId>
                  <extType>64b3d77fa3a22d</extType>
               </PrivateExtension.Sequence>
            </Collection>
         </privateExtensionList.C0.BoxedType>
         <pcsExtensions.C1.Sequence></pcsExtensions.C1.Sequence>
      </extensionContainer.Sequence>
      <re_attempt>true:1</re_attempt>
      <accessType.Enum>
         <EnumType>serviceRequest.7</EnumType>
      </accessType.Enum>
      <rand.BoxedType><Bytes>23fbb85ffbae5830</Bytes></rand.BoxedType>
      <vlr_Number.C0.BoxedType><Bytes>701111010406
            <field name="extension" value="extension:0" type="EnumLong" lengthBit="1" />
            <field name="nature of address" value="reserved for extension:7" type="EnumLong" lengthBit="3" />
            <field name="numbering plan" value="unknown:0" type="EnumLong" lengthBit="4" />
            <field name="digits" value="1111104060" type="Number_BCD" length="5" />
         </Bytes></vlr_Number.C0.BoxedType>
      <sgsn_Number.C1.BoxedType><Bytes>cd33934113f7
            <field name="extension" value="no extension:1" type="EnumLong" lengthBit="1" />
            <field name="nature of address" value="subscriber number:4" type="EnumLong" lengthBit="3" />
            <field name="numbering plan" value="13" type="EnumLong" lengthBit="4" />
            <field name="digits" value="333914317" type="Number_BCD" lengthBit="36" />
         </Bytes></sgsn_Number.C1.BoxedType>
   </AuthenticationFailureReportArg.Sequence>
</ASN>