<?xml version="1.0" encoding="UTF-8"?>

<ASN layer="MAP">
   <AuthenticationFailureReportRes.Sequence><extensionContainer.Sequence>
         <privateExtensionList.C0.BoxedType>
            <Collection>
               <PrivateExtension.Sequence>
                  <extId><ObjectIdentifier>0.1.248.42</ObjectIdentifier></extId>
                  <extType>8741</extType>
               </PrivateExtension.Sequence>
               <PrivateExtension.Sequence>
                  <extId><ObjectIdentifier>0.1.276.64.105.4.45</ObjectIdentifier></extId>
                  <extType>01b25f</extType>
               </PrivateExtension.Sequence>
               <PrivateExtension.Sequence>
                  <extId><ObjectIdentifier>0.1.245.35</ObjectIdentifier></extId>
                  <extType>0f169605a0829d119f</extType>
               </PrivateExtension.Sequence>
            </Collection>
         </privateExtensionList.C0.BoxedType>
         <pcsExtensions.C1.Sequence></pcsExtensions.C1.Sequence>
      </extensionContainer.Sequence></AuthenticationFailureReportRes.Sequence>
</ASN>