<?xml version="1.0" encoding="UTF-8"?>

<ASN layer="MAP">
   <BcsmCamelTDPDataList.BoxedType>
      <Collection>
         <BcsmCamelTDPData.Sequence>
            <bcsmTriggerDetectionPoint.Enum>
               <EnumType>tBusy.13</EnumType>
            </bcsmTriggerDetectionPoint.Enum>
            <serviceKey.BoxedType><Integer>1</Integer></serviceKey.BoxedType>
            <gsmSCFAddress.C0.BoxedType><Bytes>1b</Bytes></gsmSCFAddress.C0.BoxedType>
            <defaultCallHandling.C1.Enum>
               <EnumType>releaseCall.1</EnumType>
            </defaultCallHandling.C1.Enum>
            <extensionContainer.C2.Sequence>
               <privateExtensionList.C0.BoxedType>
                  <Collection>
                     <PrivateExtension.Sequence>
                        <extId><ObjectIdentifier>0.1.227.37.28.62.13.37</ObjectIdentifier></extId>
                        <extType>e6b5</extType>
                     </PrivateExtension.Sequence>
                     <PrivateExtension.Sequence>
                        <extId><ObjectIdentifier>0.1.235.16.95.105</ObjectIdentifier></extId>
                        <extType>8c56ec41b93c740b</extType>
                     </PrivateExtension.Sequence>
                     <PrivateExtension.Sequence>
                        <extId><ObjectIdentifier>0.1.2</ObjectIdentifier></extId>
                        <extType>15a8</extType>
                     </PrivateExtension.Sequence>
                  </Collection>
               </privateExtensionList.C0.BoxedType>
               <pcsExtensions.C1.Sequence></pcsExtensions.C1.Sequence>
            </extensionContainer.C2.Sequence>
         </BcsmCamelTDPData.Sequence>
         <BcsmCamelTDPData.Sequence>
            <bcsmTriggerDetectionPoint.Enum>
               <EnumType>termAttemptAuthorized.12</EnumType>
            </bcsmTriggerDetectionPoint.Enum>
            <serviceKey.BoxedType><Integer>1</Integer></serviceKey.BoxedType>
            <gsmSCFAddress.C0.BoxedType><Bytes>7113b2242c6980</Bytes></gsmSCFAddress.C0.BoxedType>
            <defaultCallHandling.C1.Enum>
               <EnumType>releaseCall.1</EnumType>
            </defaultCallHandling.C1.Enum>
            <extensionContainer.C2.Sequence>
               <privateExtensionList.C0.BoxedType>
                  <Collection>
                     <PrivateExtension.Sequence>
                        <extId><ObjectIdentifier>0.1.270.109.21.46.32</ObjectIdentifier></extId>
                        <extType>7a8b</extType>
                     </PrivateExtension.Sequence>
                     <PrivateExtension.Sequence>
                        <extId><ObjectIdentifier>0.1.272.48.108.108.77.57.25</ObjectIdentifier></extId>
                        <extType>667e51a77bcfad8b</extType>
                     </PrivateExtension.Sequence>
                     <PrivateExtension.Sequence>
                        <extId><ObjectIdentifier>0.1.2</ObjectIdentifier></extId>
                        <extType>0fb5f245</extType>
                     </PrivateExtension.Sequence>
                  </Collection>
               </privateExtensionList.C0.BoxedType>
               <pcsExtensions.C1.Sequence></pcsExtensions.C1.Sequence>
            </extensionContainer.C2.Sequence>
         </BcsmCamelTDPData.Sequence>
         <BcsmCamelTDPData.Sequence>
            <bcsmTriggerDetectionPoint.Enum>
               <EnumType>termAttemptAuthorized.12</EnumType>
            </bcsmTriggerDetectionPoint.Enum>
            <serviceKey.BoxedType><Integer>2</Integer></serviceKey.BoxedType>
            <gsmSCFAddress.C0.BoxedType><Bytes>cf295142</Bytes></gsmSCFAddress.C0.BoxedType>
            <defaultCallHandling.C1.Enum>
               <EnumType>continueCall.0</EnumType>
            </defaultCallHandling.C1.Enum>
            <extensionContainer.C2.Sequence>
               <privateExtensionList.C0.BoxedType>
                  <Collection>
                     <PrivateExtension.Sequence>
                        <extId><ObjectIdentifier>0.1.214.19.48.112.58.97.51.97</ObjectIdentifier></extId>
                        <extType>0a9a0ffc9cc3ae36f3</extType>
                     </PrivateExtension.Sequence>
                     <PrivateExtension.Sequence>
                        <extId><ObjectIdentifier>0.1.2110.93.120.28.114</ObjectIdentifier></extId>
                        <extType>ab</extType>
                     </PrivateExtension.Sequence>
                     <PrivateExtension.Sequence>
                        <extId><ObjectIdentifier>0.1.212.103</ObjectIdentifier></extId>
                        <extType>f77ee8</extType>
                     </PrivateExtension.Sequence>
                  </Collection>
               </privateExtensionList.C0.BoxedType>
               <pcsExtensions.C1.Sequence></pcsExtensions.C1.Sequence>
            </extensionContainer.C2.Sequence>
         </BcsmCamelTDPData.Sequence>
      </Collection>
   </BcsmCamelTDPDataList.BoxedType>
</ASN>