<?xml version="1.0" encoding="UTF-8"?>

<ASN layer="MAP">
   <BearerServNotProvParam.Sequence><extensionContainer.Sequence>
         <privateExtensionList.C0.BoxedType>
            <Collection>
               <PrivateExtension.Sequence>
                  <extId><ObjectIdentifier>0.1.270.18.66.27.40.120.61</ObjectIdentifier></extId>
                  <extType>f66725670e628aebad</extType>
               </PrivateExtension.Sequence>
               <PrivateExtension.Sequence>
                  <extId><ObjectIdentifier>0.1.27.38.24.44.56.116.18</ObjectIdentifier></extId>
                  <extType>e7cb104ed6275d</extType>
               </PrivateExtension.Sequence>
               <PrivateExtension.Sequence>
                  <extId><ObjectIdentifier>0.1.279.122.60.76</ObjectIdentifier></extId>
                  <extType>cd41fc8ba2</extType>
               </PrivateExtension.Sequence>
            </Collection>
         </privateExtensionList.C0.BoxedType>
         <pcsExtensions.C1.Sequence></pcsExtensions.C1.Sequence>
      </extensionContainer.Sequence></BearerServNotProvParam.Sequence>
</ASN>