<?xml version="1.0" encoding="UTF-8"?>

<ASN layer="MAP">
   <CallBarredParam.Choice>
      <callBarringCause.Enum>
         <EnumType>operatorBarring.1</EnumType>
      </callBarringCause.Enum>
      <extensibleCallBarredParam.Sequence>
         <callBarringCause.Enum>
            <EnumType>barringServiceActive.0</EnumType>
         </callBarringCause.Enum>
         <extensionContainer.Sequence>
            <privateExtensionList.C0.BoxedType>
               <Collection>
                  <PrivateExtension.Sequence>
                     <extId><ObjectIdentifier>0.1.230.75.36.76.33.47.35.6.94</ObjectIdentifier></extId>
                     <extType>9ac79173</extType>
                  </PrivateExtension.Sequence>
                  <PrivateExtension.Sequence>
                     <extId><ObjectIdentifier>0.1.244.78.114.10</ObjectIdentifier></extId>
                     <extType>6a6172</extType>
                  </PrivateExtension.Sequence>
                  <PrivateExtension.Sequence>
                     <extId><ObjectIdentifier>0.1.22.76.50.52.104</ObjectIdentifier></extId>
                     <extType>b98b</extType>
                  </PrivateExtension.Sequence>
               </Collection>
            </privateExtensionList.C0.BoxedType>
            <pcsExtensions.C1.Sequence></pcsExtensions.C1.Sequence>
         </extensionContainer.Sequence>
         <unauthorisedMessageOriginator.C1></unauthorisedMessageOriginator.C1>
      </extensibleCallBarredParam.Sequence>
   </CallBarredParam.Choice>
</ASN>