<?xml version="1.0" encoding="UTF-8"?>

<ASN layer="MAP">
   <CancelLocationArgV2.Choice>
      <imsi.BoxedType><Bytes>8176509092
            <field name="digits" value="1867050929" type="Number_BCD" length="5" />
         </Bytes></imsi.BoxedType>
      <imsi_WithLMSI.Sequence>
         <imsi.BoxedType><Bytes>3159422419
               <field name="digits" value="1395244291" type="Number_BCD" length="5" />
            </Bytes></imsi.BoxedType>
         <lmsi.BoxedType><Bytes>cfed38
               <field name="digits" value="cfed38" type="Binary" length="3" />
            </Bytes></lmsi.BoxedType>
      </imsi_WithLMSI.Sequence>
   </CancelLocationArgV2.Choice>
</ASN>