<?xml version="1.0" encoding="UTF-8"?>

<ASN layer="MAP">
   <CheckIMEIRes.Sequence>
      <equipmentStatus.Enum>
         <EnumType>greyListed.2</EnumType>
      </equipmentStatus.Enum>
      <bmuef.Sequence>
         <uesbi_IuA.C0.BoxedType><BitString><BitString value="f37a0b7f96266af24bbf2a1b1f68f02c6e" trailing="0"/></BitString></uesbi_IuA.C0.BoxedType>
         <uesbi_IuB.C1.BoxedType><BitString><BitString value="6cea9486cdff3585" trailing="0"/></BitString></uesbi_IuB.C1.BoxedType>
      </bmuef.Sequence>
      <extensionContainer.C0.Sequence>
         <privateExtensionList.C0.BoxedType>
            <Collection>
               <PrivateExtension.Sequence>
                  <extId><ObjectIdentifier>0.1.269.120.9.73.80.2.7.73</ObjectIdentifier></extId>
                  <extType>eb648181</extType>
               </PrivateExtension.Sequence>
               <PrivateExtension.Sequence>
                  <extId><ObjectIdentifier>0.1.2120.49</ObjectIdentifier></extId>
                  <extType>17d28328cc8351e26f</extType>
               </PrivateExtension.Sequence>
               <PrivateExtension.Sequence>
                  <extId><ObjectIdentifier>0.1.243.32.101.38.77</ObjectIdentifier></extId>
                  <extType>7a9b38b808e9ad7fc6</extType>
               </PrivateExtension.Sequence>
            </Collection>
         </privateExtensionList.C0.BoxedType>
         <pcsExtensions.C1.Sequence></pcsExtensions.C1.Sequence>
      </extensionContainer.C0.Sequence>
   </CheckIMEIRes.Sequence>
</ASN>