<?xml version="1.0" encoding="UTF-8"?>

<ASN layer="MAP">
   <DataMissingParam.Sequence><extensionContainer.Sequence>
         <privateExtensionList.C0.BoxedType>
            <Collection>
               <PrivateExtension.Sequence>
                  <extId><ObjectIdentifier>0.1.298.74.49.56</ObjectIdentifier></extId>
                  <extType>5ce02d4469eacf23ef6d</extType>
               </PrivateExtension.Sequence>
               <PrivateExtension.Sequence>
                  <extId><ObjectIdentifier>0.1.281</ObjectIdentifier></extId>
                  <extType>dc86b0286405bd7565</extType>
               </PrivateExtension.Sequence>
               <PrivateExtension.Sequence>
                  <extId><ObjectIdentifier>0.1.276.76.59.47.102.10.53.2</ObjectIdentifier></extId>
                  <extType>bb7f7fe13f</extType>
               </PrivateExtension.Sequence>
            </Collection>
         </privateExtensionList.C0.BoxedType>
         <pcsExtensions.C1.Sequence></pcsExtensions.C1.Sequence>
      </extensionContainer.Sequence></DataMissingParam.Sequence>
</ASN>