<?xml version="1.0" encoding="UTF-8"?>

<ASN layer="MAP">
   <DeactivateTraceModeRes.Sequence><extensionContainer.C0.Sequence>
         <privateExtensionList.C0.BoxedType>
            <Collection>
               <PrivateExtension.Sequence>
                  <extId><ObjectIdentifier>0.1.279</ObjectIdentifier></extId>
                  <extType>52e3deb841ac30</extType>
               </PrivateExtension.Sequence>
               <PrivateExtension.Sequence>
                  <extId><ObjectIdentifier>0.1.2110.117.38.77.95</ObjectIdentifier></extId>
                  <extType>bdd2</extType>
               </PrivateExtension.Sequence>
               <PrivateExtension.Sequence>
                  <extId><ObjectIdentifier>0.1.27.120.12</ObjectIdentifier></extId>
                  <extType>ff1c</extType>
               </PrivateExtension.Sequence>
            </Collection>
         </privateExtensionList.C0.BoxedType>
         <pcsExtensions.C1.Sequence></pcsExtensions.C1.Sequence>
      </extensionContainer.C0.Sequence></DeactivateTraceModeRes.Sequence>
</ASN>