<?xml version="1.0" encoding="UTF-8"?>

<ASN layer="MAP">
   <Ext_CallBarringFeature.Sequence>
      <basicService.Choice>
         <ext_BearerService.C2.BoxedType><Bytes>8a9699</Bytes></ext_BearerService.C2.BoxedType>
         <ext_Teleservice.C3.BoxedType><Bytes>d97b6354b9
               <field name="Code" value="plmn-specificTS-9:217" type="EnumLong" length="1" />
               <field name="Extension data" value="7b6354b9" type="Binary" length="4" />
            </Bytes></ext_Teleservice.C3.BoxedType>
      </basicService.Choice>
      <ss_Status.C4.BoxedType><Bytes>f02a6185e6e671b5f3</Bytes></ss_Status.C4.BoxedType>
      <extensionContainer.Sequence>
         <privateExtensionList.C0.BoxedType>
            <Collection>
               <PrivateExtension.Sequence>
                  <extId><ObjectIdentifier>0.1.2</ObjectIdentifier></extId>
                  <extType>bc713cb3</extType>
               </PrivateExtension.Sequence>
               <PrivateExtension.Sequence>
                  <extId><ObjectIdentifier>0.1.2124.35.7.86.6.13.74</ObjectIdentifier></extId>
                  <extType>5b712d</extType>
               </PrivateExtension.Sequence>
               <PrivateExtension.Sequence>
                  <extId><ObjectIdentifier>0.1.2110.20</ObjectIdentifier></extId>
                  <extType>66bcb1</extType>
               </PrivateExtension.Sequence>
            </Collection>
         </privateExtensionList.C0.BoxedType>
         <pcsExtensions.C1.Sequence></pcsExtensions.C1.Sequence>
      </extensionContainer.Sequence>
   </Ext_CallBarringFeature.Sequence>
</ASN>