<?xml version="1.0" encoding="UTF-8"?>

<ASN layer="MAP">
   <ForwardAccessSignallingArgV3.BoxedType><ForwardAccessSignallingArgV3SequenceType.C3.Sequence>
         <an_APDU.Sequence>
            <accessNetworkProtocolId.Enum>
               <EnumType>ts3G_25413.2</EnumType>
            </accessNetworkProtocolId.Enum>
            <signalInfo.BoxedType><Bytes>9ffafc8b58c1cd45c600</Bytes></signalInfo.BoxedType>
            <extensionContainer.Sequence>
               <privateExtensionList.C0.BoxedType>
                  <Collection>
                     <PrivateExtension.Sequence>
                        <extId><ObjectIdentifier>0.1.211.119.3.104</ObjectIdentifier></extId>
                        <extType>004970dfa85603a0</extType>
                     </PrivateExtension.Sequence>
                     <PrivateExtension.Sequence>
                        <extId><ObjectIdentifier>0.1.217.53.27</ObjectIdentifier></extId>
                        <extType>bc434d7f6b</extType>
                     </PrivateExtension.Sequence>
                     <PrivateExtension.Sequence>
                        <extId><ObjectIdentifier>0.1.2105.23.85.8.45</ObjectIdentifier></extId>
                        <extType>477a7694fd164f78b7</extType>
                     </PrivateExtension.Sequence>
                  </Collection>
               </privateExtensionList.C0.BoxedType>
               <pcsExtensions.C1.Sequence></pcsExtensions.C1.Sequence>
            </extensionContainer.Sequence>
         </an_APDU.Sequence>
         <integrityProtectionInfo.C0.BoxedType><Bytes>dce9889622</Bytes></integrityProtectionInfo.C0.BoxedType>
         <encryptionInfo.C1.BoxedType><Bytes>aa83281726fc</Bytes></encryptionInfo.C1.BoxedType>
         <keyStatus.C2.Enum>
            <EnumType>new1.1</EnumType>
         </keyStatus.C2.Enum>
         <allowedGSM_Algorithms.C4.BoxedType><Bytes>51eb084a41</Bytes></allowedGSM_Algorithms.C4.BoxedType>
         <allowedUMTS_Algorithms.C5.Sequence>
            <integrityProtectionAlgorithms.C0.BoxedType><Bytes>ef5f691d70</Bytes></integrityProtectionAlgorithms.C0.BoxedType>
            <encryptionAlgorithms.C1.BoxedType><Bytes>9509fe17d9988dae</Bytes></encryptionAlgorithms.C1.BoxedType>
            <extensionContainer.C2.Sequence>
               <privateExtensionList.C0.BoxedType>
                  <Collection>
                     <PrivateExtension.Sequence>
                        <extId><ObjectIdentifier>0.1.272.63.77.25.38.74.19.52.0</ObjectIdentifier></extId>
                        <extType>9f1718191412ba</extType>
                     </PrivateExtension.Sequence>
                     <PrivateExtension.Sequence>
                        <extId><ObjectIdentifier>0.1.216.82.107.9.128.111.48.67.79</ObjectIdentifier></extId>
                        <extType>55c3</extType>
                     </PrivateExtension.Sequence>
                     <PrivateExtension.Sequence>
                        <extId><ObjectIdentifier>0.1.2118.37.85.102.75.105.24.11</ObjectIdentifier></extId>
                        <extType>064120</extType>
                     </PrivateExtension.Sequence>
                  </Collection>
               </privateExtensionList.C0.BoxedType>
               <pcsExtensions.C1.Sequence></pcsExtensions.C1.Sequence>
            </extensionContainer.C2.Sequence>
         </allowedUMTS_Algorithms.C5.Sequence>
         <radioResourceInformation.C6.BoxedType><Bytes>dfb39df29e</Bytes></radioResourceInformation.C6.BoxedType>
         <extensionContainer.C3.Sequence>
            <privateExtensionList.C0.BoxedType>
               <Collection>
                  <PrivateExtension.Sequence>
                     <extId><ObjectIdentifier>0.1.212.63.93</ObjectIdentifier></extId>
                     <extType>07fc4331a46f2dbc</extType>
                  </PrivateExtension.Sequence>
                  <PrivateExtension.Sequence>
                     <extId><ObjectIdentifier>0.1.22.17.121.108.86.26</ObjectIdentifier></extId>
                     <extType>72df</extType>
                  </PrivateExtension.Sequence>
                  <PrivateExtension.Sequence>
                     <extId><ObjectIdentifier>0.1.274.103.65.123.17.70.93.116</ObjectIdentifier></extId>
                     <extType>8d69958b49a1</extType>
                  </PrivateExtension.Sequence>
               </Collection>
            </privateExtensionList.C0.BoxedType>
            <pcsExtensions.C1.Sequence></pcsExtensions.C1.Sequence>
         </extensionContainer.C3.Sequence>
         <radioResourceList.C7.BoxedType>
            <Collection>
               <RadioResource.Sequence>
                  <radioResourceInformation.BoxedType><Bytes>cf</Bytes></radioResourceInformation.BoxedType>
                  <rab_Id.BoxedType><Integer>1</Integer></rab_Id.BoxedType>
               </RadioResource.Sequence>
               <RadioResource.Sequence>
                  <radioResourceInformation.BoxedType><Bytes>9743f3</Bytes></radioResourceInformation.BoxedType>
                  <rab_Id.BoxedType><Integer>2</Integer></rab_Id.BoxedType>
               </RadioResource.Sequence>
               <RadioResource.Sequence>
                  <radioResourceInformation.BoxedType><Bytes>e46d667bfd91b6</Bytes></radioResourceInformation.BoxedType>
                  <rab_Id.BoxedType><Integer>1</Integer></rab_Id.BoxedType>
               </RadioResource.Sequence>
            </Collection>
         </radioResourceList.C7.BoxedType>
         <bssmap_ServiceHandover.C9.BoxedType><Bytes>5b281ebc0a</Bytes></bssmap_ServiceHandover.C9.BoxedType>
         <ranap_ServiceHandover.C8.BoxedType><Bytes>b8358ac4771ded4a</Bytes></ranap_ServiceHandover.C8.BoxedType>
         <bssmap_ServiceHandoverList.C10.BoxedType>
            <Collection>
               <BSSMAP_ServiceHandoverInfo.Sequence>
                  <bssmap_ServiceHandover.BoxedType><Bytes>bc27f2e497c814</Bytes></bssmap_ServiceHandover.BoxedType>
                  <rab_Id.BoxedType><Integer>2</Integer></rab_Id.BoxedType>
               </BSSMAP_ServiceHandoverInfo.Sequence>
               <BSSMAP_ServiceHandoverInfo.Sequence>
                  <bssmap_ServiceHandover.BoxedType><Bytes>9da279bba52137</Bytes></bssmap_ServiceHandover.BoxedType>
                  <rab_Id.BoxedType><Integer>2</Integer></rab_Id.BoxedType>
               </BSSMAP_ServiceHandoverInfo.Sequence>
               <BSSMAP_ServiceHandoverInfo.Sequence>
                  <bssmap_ServiceHandover.BoxedType><Bytes>fe29e0a441362820014d</Bytes></bssmap_ServiceHandover.BoxedType>
                  <rab_Id.BoxedType><Integer>0</Integer></rab_Id.BoxedType>
               </BSSMAP_ServiceHandoverInfo.Sequence>
            </Collection>
         </bssmap_ServiceHandoverList.C10.BoxedType>
         <currentlyUsedCodec.C11.BoxedType><Bytes>a64c2352708400a2b2</Bytes></currentlyUsedCodec.C11.BoxedType>
         <iuSupportedCodecsList.C12.Sequence>
            <utranCodecList.C0.Sequence>
               <codec1.C1.BoxedType><Bytes>2fadbdc9</Bytes></codec1.C1.BoxedType>
               <codec2.C2.BoxedType><Bytes>5877be98859867</Bytes></codec2.C2.BoxedType>
               <codec3.C3.BoxedType><Bytes>2821b547</Bytes></codec3.C3.BoxedType>
               <codec4.C4.BoxedType><Bytes>01807476aaffe3</Bytes></codec4.C4.BoxedType>
               <codec5.C5.BoxedType><Bytes>a5fbda3aa27dd406f8</Bytes></codec5.C5.BoxedType>
               <codec6.C6.BoxedType><Bytes>d315dcf983b14a4e</Bytes></codec6.C6.BoxedType>
               <codec7.C7.BoxedType><Bytes>89a6a247e00af795</Bytes></codec7.C7.BoxedType>
               <codec8.C8.BoxedType><Bytes>d265292350e8ddad56bb</Bytes></codec8.C8.BoxedType>
               <extensionContainer.C9.Sequence>
                  <privateExtensionList.C0.BoxedType>
                     <Collection>
                        <PrivateExtension.Sequence>
                           <extId><ObjectIdentifier>0.1.2101.8.103.88.72.96.98.101.63.1</ObjectIdentifier></extId>
                           <extType>f593</extType>
                        </PrivateExtension.Sequence>
                        <PrivateExtension.Sequence>
                           <extId><ObjectIdentifier>0.1.2108.20.96.62.48.105.118.4.92</ObjectIdentifier></extId>
                           <extType>23fe25dae520</extType>
                        </PrivateExtension.Sequence>
                        <PrivateExtension.Sequence>
                           <extId><ObjectIdentifier>0.1.295.115.42.92.58.111.107</ObjectIdentifier></extId>
                           <extType>8007</extType>
                        </PrivateExtension.Sequence>
                     </Collection>
                  </privateExtensionList.C0.BoxedType>
                  <pcsExtensions.C1.Sequence></pcsExtensions.C1.Sequence>
               </extensionContainer.C9.Sequence>
            </utranCodecList.C0.Sequence>
            <geranCodecList.C1.Sequence>
               <codec1.C1.BoxedType><Bytes>0db15d938b24bc</Bytes></codec1.C1.BoxedType>
               <codec2.C2.BoxedType><Bytes>f776a483006f</Bytes></codec2.C2.BoxedType>
               <codec3.C3.BoxedType><Bytes>47e3799ca7ab</Bytes></codec3.C3.BoxedType>
               <codec4.C4.BoxedType><Bytes>683a16fa5b</Bytes></codec4.C4.BoxedType>
               <codec5.C5.BoxedType><Bytes>1ef2d9520d15</Bytes></codec5.C5.BoxedType>
               <codec6.C6.BoxedType><Bytes>68652c7993</Bytes></codec6.C6.BoxedType>
               <codec7.C7.BoxedType><Bytes>984f44e97c4b17ea74</Bytes></codec7.C7.BoxedType>
               <codec8.C8.BoxedType><Bytes>7be7fe9279d8aa</Bytes></codec8.C8.BoxedType>
               <extensionContainer.C9.Sequence>
                  <privateExtensionList.C0.BoxedType>
                     <Collection>
                        <PrivateExtension.Sequence>
                           <extId><ObjectIdentifier>0.1.274.9.102.77.75</ObjectIdentifier></extId>
                           <extType>a8759bb423dd0110</extType>
                        </PrivateExtension.Sequence>
                        <PrivateExtension.Sequence>
                           <extId><ObjectIdentifier>0.1.2127.6.107.111.103.70.103.74</ObjectIdentifier></extId>
                           <extType>aa2f</extType>
                        </PrivateExtension.Sequence>
                        <PrivateExtension.Sequence>
                           <extId><ObjectIdentifier>0.1.221.97.64</ObjectIdentifier></extId>
                           <extType>0ecc</extType>
                        </PrivateExtension.Sequence>
                     </Collection>
                  </privateExtensionList.C0.BoxedType>
                  <pcsExtensions.C1.Sequence></pcsExtensions.C1.Sequence>
               </extensionContainer.C9.Sequence>
            </geranCodecList.C1.Sequence>
            <extensionContainer.C2.Sequence>
               <privateExtensionList.C0.BoxedType>
                  <Collection>
                     <PrivateExtension.Sequence>
                        <extId><ObjectIdentifier>0.1.228.66.25.116.4.104</ObjectIdentifier></extId>
                        <extType>2a2a7bfa306d287198</extType>
                     </PrivateExtension.Sequence>
                     <PrivateExtension.Sequence>
                        <extId><ObjectIdentifier>0.1.2123.102.91.49.36.119.14.72.70</ObjectIdentifier></extId>
                        <extType>6f769f8159f6</extType>
                     </PrivateExtension.Sequence>
                     <PrivateExtension.Sequence>
                        <extId><ObjectIdentifier>0.1.2117.61.67</ObjectIdentifier></extId>
                        <extType>77117ecd49d8</extType>
                     </PrivateExtension.Sequence>
                  </Collection>
               </privateExtensionList.C0.BoxedType>
               <pcsExtensions.C1.Sequence></pcsExtensions.C1.Sequence>
            </extensionContainer.C2.Sequence>
         </iuSupportedCodecsList.C12.Sequence>
         <rab_ConfigurationIndicator.C13></rab_ConfigurationIndicator.C13>
         <iuSelectedCodec.C14.BoxedType><Bytes>4614d0</Bytes></iuSelectedCodec.C14.BoxedType>
      </ForwardAccessSignallingArgV3SequenceType.C3.Sequence></ForwardAccessSignallingArgV3.BoxedType>
</ASN>