<?xml version="1.0" encoding="UTF-8"?>

<ASN layer="MAP">
   <ForwardGroupCallSignallingArg.Sequence>
      <imsi.BoxedType><Bytes>14821948f4
            <field name="digits" value="412891844" type="Number_BCD" lengthBit="36" />
         </Bytes></imsi.BoxedType>
      <uplinkRequestAck.C0></uplinkRequestAck.C0>
      <uplinkReleaseIndication.C1></uplinkReleaseIndication.C1>
      <uplinkRejectCommand.C2></uplinkRejectCommand.C2>
      <uplinkSeizedCommand.C3></uplinkSeizedCommand.C3>
      <uplinkReleaseCommand.C4></uplinkReleaseCommand.C4>
      <extensionContainer.Sequence>
         <privateExtensionList.C0.BoxedType>
            <Collection>
               <PrivateExtension.Sequence>
                  <extId><ObjectIdentifier>0.1.226.12.48.115.55.4.87</ObjectIdentifier></extId>
                  <extType>c2f5ea</extType>
               </PrivateExtension.Sequence>
               <PrivateExtension.Sequence>
                  <extId><ObjectIdentifier>0.1.22.114.23.79.41.68.126.123</ObjectIdentifier></extId>
                  <extType>fa9f</extType>
               </PrivateExtension.Sequence>
               <PrivateExtension.Sequence>
                  <extId><ObjectIdentifier>0.1.2</ObjectIdentifier></extId>
                  <extType>2948144e62344cb0</extType>
               </PrivateExtension.Sequence>
            </Collection>
         </privateExtensionList.C0.BoxedType>
         <pcsExtensions.C1.Sequence></pcsExtensions.C1.Sequence>
      </extensionContainer.Sequence>
   </ForwardGroupCallSignallingArg.Sequence>
</ASN>