<?xml version="1.0" encoding="UTF-8"?>

<ASN layer="MAP">
   <ForwardingViolationParam.Sequence><extensionContainer.Sequence>
         <privateExtensionList.C0.BoxedType>
            <Collection>
               <PrivateExtension.Sequence>
                  <extId><ObjectIdentifier>0.1.269.65.52.94.105.11.58</ObjectIdentifier></extId>
                  <extType>7bf312b7b3f5905589</extType>
               </PrivateExtension.Sequence>
               <PrivateExtension.Sequence>
                  <extId><ObjectIdentifier>0.1.2</ObjectIdentifier></extId>
                  <extType>18a9</extType>
               </PrivateExtension.Sequence>
               <PrivateExtension.Sequence>
                  <extId><ObjectIdentifier>0.1.228.99.4.86.46.13.8.79</ObjectIdentifier></extId>
                  <extType>ce5fc3d53a8e38790d</extType>
               </PrivateExtension.Sequence>
            </Collection>
         </privateExtensionList.C0.BoxedType>
         <pcsExtensions.C1.Sequence></pcsExtensions.C1.Sequence>
      </extensionContainer.Sequence></ForwardingViolationParam.Sequence>
</ASN>