<?xml version="1.0" encoding="UTF-8"?>

<ASN layer="MAP">
   <ForwardingFailedParam.Sequence><extensionContainer.Sequence>
         <privateExtensionList.C0.BoxedType>
            <Collection>
               <PrivateExtension.Sequence>
                  <extId><ObjectIdentifier>0.1.225.76.10.101.31.61.126.39</ObjectIdentifier></extId>
                  <extType>a27604</extType>
               </PrivateExtension.Sequence>
               <PrivateExtension.Sequence>
                  <extId><ObjectIdentifier>0.1.216.74.57.2.82.114.97.73.53.68</ObjectIdentifier></extId>
                  <extType>396f00</extType>
               </PrivateExtension.Sequence>
               <PrivateExtension.Sequence>
                  <extId><ObjectIdentifier>0.1.261.28.2.79.63.13.45.77</ObjectIdentifier></extId>
                  <extType>ca</extType>
               </PrivateExtension.Sequence>
            </Collection>
         </privateExtensionList.C0.BoxedType>
         <pcsExtensions.C1.Sequence></pcsExtensions.C1.Sequence>
      </extensionContainer.Sequence></ForwardingFailedParam.Sequence>
</ASN>