<?xml version="1.0" encoding="UTF-8"?>

<ASN layer="MAP">
   <ForwardingFeature.Sequence>
      <basicService.Choice>
         <bearerService.C2.BoxedType><Bytes>acf8472d1edabd2f39</Bytes></bearerService.C2.BoxedType>
         <teleservice.C3.BoxedType><Bytes>1f881b8074055a77a8</Bytes></teleservice.C3.BoxedType>
      </basicService.Choice>
      <ss_Status.C4.BoxedType><Bytes>36f0e27557</Bytes></ss_Status.C4.BoxedType>
      <forwardedToNumber.C5.BoxedType><Bytes>f73168061745
            <field name="extension" value="no extension:1" type="EnumLong" lengthBit="1" />
            <field name="nature of address" value="reserved for extension:7" type="EnumLong" lengthBit="3" />
            <field name="numbering plan" value="spare:7" type="EnumLong" lengthBit="4" />
            <field name="digits" value="1386607154" type="Number_BCD" length="5" />
         </Bytes></forwardedToNumber.C5.BoxedType>
      <forwardedToSubaddress.C8.BoxedType><Bytes>b02d9b1176</Bytes></forwardedToSubaddress.C8.BoxedType>
      <forwardingOptions.C6.BoxedType><Bytes>9c46918329c3</Bytes></forwardingOptions.C6.BoxedType>
      <noReplyConditionTime.C7.BoxedType><Integer>2</Integer></noReplyConditionTime.C7.BoxedType>
      <longForwardedToNumber.C9.BoxedType><AddressString.BoxedType><Bytes>070106803797
               <field name="extension" value="extension:0" type="EnumLong" lengthBit="1" />
               <field name="nature of address" value="unknown:0" type="EnumLong" lengthBit="3" />
               <field name="numbering plan" value="spare:7" type="EnumLong" lengthBit="4" />
               <field name="digits" value="1060087379" type="Number_BCD" length="5" />
            </Bytes></AddressString.BoxedType></longForwardedToNumber.C9.BoxedType>
   </ForwardingFeature.Sequence>
</ASN>