<?xml version="1.0" encoding="UTF-8"?>

<ASN layer="MAP">
   <GPRS_CamelTDPData.Sequence>
      <gprs_TriggerDetectionPoint.C0.Enum>
         <EnumType>pdp_ContextEstablishment.11</EnumType>
      </gprs_TriggerDetectionPoint.C0.Enum>
      <serviceKey.C1.BoxedType><Integer>2</Integer></serviceKey.C1.BoxedType>
      <gsmSCF_Address.C2.BoxedType><Bytes>230222737771
            <field name="extension" value="extension:0" type="EnumLong" lengthBit="1" />
            <field name="nature of address" value="national significant number:2" type="EnumLong" lengthBit="3" />
            <field name="numbering plan" value="data numbering plan (ITU-T Rec X.121):3" type="EnumLong" lengthBit="4" />
            <field name="digits" value="2022377717" type="Number_BCD" length="5" />
         </Bytes></gsmSCF_Address.C2.BoxedType>
      <defaultSessionHandling.C3.Enum>
         <EnumType>continueTransaction.0</EnumType>
      </defaultSessionHandling.C3.Enum>
      <extensionContainer.C4.Sequence>
         <privateExtensionList.C0.BoxedType>
            <Collection>
               <PrivateExtension.Sequence>
                  <extId><ObjectIdentifier>0.1.2</ObjectIdentifier></extId>
                  <extType>f7816d42</extType>
               </PrivateExtension.Sequence>
               <PrivateExtension.Sequence>
                  <extId><ObjectIdentifier>0.1.262.93.51.56.102</ObjectIdentifier></extId>
                  <extType>b9</extType>
               </PrivateExtension.Sequence>
               <PrivateExtension.Sequence>
                  <extId><ObjectIdentifier>0.1.289</ObjectIdentifier></extId>
                  <extType>99e21c</extType>
               </PrivateExtension.Sequence>
            </Collection>
         </privateExtensionList.C0.BoxedType>
         <pcsExtensions.C1.Sequence></pcsExtensions.C1.Sequence>
      </extensionContainer.C4.Sequence>
   </GPRS_CamelTDPData.Sequence>
</ASN>