<?xml version="1.0" encoding="UTF-8"?>

<ASN layer="MAP">
   <IST_CommandArg.Sequence>
      <imsi.C0.BoxedType><Bytes>64911478f8
            <field name="digits" value="461941878" type="Number_BCD" lengthBit="36" />
         </Bytes></imsi.C0.BoxedType>
      <extensionContainer.C1.Sequence>
         <privateExtensionList.C0.BoxedType>
            <Collection>
               <PrivateExtension.Sequence>
                  <extId><ObjectIdentifier>0.1.252.89.82</ObjectIdentifier></extId>
                  <extType>7d5ecdb5286a</extType>
               </PrivateExtension.Sequence>
               <PrivateExtension.Sequence>
                  <extId><ObjectIdentifier>0.1.2106.19.90.21.2.87</ObjectIdentifier></extId>
                  <extType>814e7170d498</extType>
               </PrivateExtension.Sequence>
               <PrivateExtension.Sequence>
                  <extId><ObjectIdentifier>0.1.2</ObjectIdentifier></extId>
                  <extType>11a3fcd5</extType>
               </PrivateExtension.Sequence>
            </Collection>
         </privateExtensionList.C0.BoxedType>
         <pcsExtensions.C1.Sequence></pcsExtensions.C1.Sequence>
      </extensionContainer.C1.Sequence>
   </IST_CommandArg.Sequence>
</ASN>