<?xml version="1.0" encoding="UTF-8"?>

<ASN layer="MAP">
   <IST_AlertRes.Sequence>
      <istAlertTimer.C0.BoxedType><Integer>1</Integer></istAlertTimer.C0.BoxedType>
      <istInformationWithdraw.C1></istInformationWithdraw.C1>
      <callTerminationIndicator.C2.Enum>
         <EnumType>terminateAllCallActivities.1</EnumType>
      </callTerminationIndicator.C2.Enum>
      <extensionContainer.C3.Sequence>
         <privateExtensionList.C0.BoxedType>
            <Collection>
               <PrivateExtension.Sequence>
                  <extId><ObjectIdentifier>0.1.298.125.95.31.119.22.121.13.123</ObjectIdentifier></extId>
                  <extType>c5d90a4c</extType>
               </PrivateExtension.Sequence>
               <PrivateExtension.Sequence>
                  <extId><ObjectIdentifier>0.1.2122</ObjectIdentifier></extId>
                  <extType>afbb521072</extType>
               </PrivateExtension.Sequence>
               <PrivateExtension.Sequence>
                  <extId><ObjectIdentifier>0.1.2123.86.71.87.115.90.112.51</ObjectIdentifier></extId>
                  <extType>0b9380</extType>
               </PrivateExtension.Sequence>
            </Collection>
         </privateExtensionList.C0.BoxedType>
         <pcsExtensions.C1.Sequence></pcsExtensions.C1.Sequence>
      </extensionContainer.C3.Sequence>
   </IST_AlertRes.Sequence>
</ASN>