<?xml version="1.0" encoding="UTF-8"?>

<ASN layer="MAP">
   <LCS_PrivacyClass.Sequence>
      <ss_Code.BoxedType><Bytes>6a</Bytes></ss_Code.BoxedType>
      <ss_Status.BoxedType><Bytes>78</Bytes></ss_Status.BoxedType>
      <notificationToMSUser.C0.Enum>
         <EnumType>notifyAndVerify_LocationAllowedIfNoResponse.1</EnumType>
      </notificationToMSUser.C0.Enum>
      <externalClientList.C1.BoxedType>
         <Collection>
            <ExternalClient.Sequence>
               <clientIdentity.Sequence>
                  <externalAddress.C0.BoxedType><Bytes>670277666407
                        <field name="extension" value="extension:0" type="EnumLong" lengthBit="1" />
                        <field name="nature of address" value="abbreviated number:6" type="EnumLong" lengthBit="3" />
                        <field name="numbering plan" value="spare:7" type="EnumLong" lengthBit="4" />
                        <field name="digits" value="2077664670" type="Number_BCD" length="5" />
                     </Bytes></externalAddress.C0.BoxedType>
                  <extensionContainer.C1.Sequence>
                     <privateExtensionList.C0.BoxedType>
                        <Collection>
                           <PrivateExtension.Sequence>
                              <extId><ObjectIdentifier>0.1.2102.114.95.69.73.115</ObjectIdentifier></extId>
                              <extType>499edde08386af20bb</extType>
                           </PrivateExtension.Sequence>
                           <PrivateExtension.Sequence>
                              <extId><ObjectIdentifier>0.1.2</ObjectIdentifier></extId>
                              <extType>7209</extType>
                           </PrivateExtension.Sequence>
                           <PrivateExtension.Sequence>
                              <extId><ObjectIdentifier>0.1.294.115.112.41.1.35</ObjectIdentifier></extId>
                              <extType>61b6b23d</extType>
                           </PrivateExtension.Sequence>
                        </Collection>
                     </privateExtensionList.C0.BoxedType>
                     <pcsExtensions.C1.Sequence></pcsExtensions.C1.Sequence>
                  </extensionContainer.C1.Sequence>
               </clientIdentity.Sequence>
               <gmlc_Restriction.C0.Enum>
                  <EnumType>home_Country.1</EnumType>
               </gmlc_Restriction.C0.Enum>
               <notificationToMSUser.C1.Enum>
                  <EnumType>notifyAndVerify_LocationNotAllowedIfNoResponse.2</EnumType>
               </notificationToMSUser.C1.Enum>
               <extensionContainer.C2.Sequence>
                  <privateExtensionList.C0.BoxedType>
                     <Collection>
                        <PrivateExtension.Sequence>
                           <extId><ObjectIdentifier>0.1.210.94.124.60.25.69</ObjectIdentifier></extId>
                           <extType>f77b26df</extType>
                        </PrivateExtension.Sequence>
                        <PrivateExtension.Sequence>
                           <extId><ObjectIdentifier>0.1.282.35.37.20.93.34.55.119.66</ObjectIdentifier></extId>
                           <extType>061ffd7aeefcc759</extType>
                        </PrivateExtension.Sequence>
                        <PrivateExtension.Sequence>
                           <extId><ObjectIdentifier>0.1.246.106.41.79.26.33.22.45.46</ObjectIdentifier></extId>
                           <extType>037a3db54e23ff</extType>
                        </PrivateExtension.Sequence>
                     </Collection>
                  </privateExtensionList.C0.BoxedType>
                  <pcsExtensions.C1.Sequence></pcsExtensions.C1.Sequence>
               </extensionContainer.C2.Sequence>
            </ExternalClient.Sequence>
            <ExternalClient.Sequence>
               <clientIdentity.Sequence>
                  <externalAddress.C0.BoxedType><Bytes>c72173598939
                        <field name="extension" value="no extension:1" type="EnumLong" lengthBit="1" />
                        <field name="nature of address" value="subscriber number:4" type="EnumLong" lengthBit="3" />
                        <field name="numbering plan" value="spare:7" type="EnumLong" lengthBit="4" />
                        <field name="digits" value="1237959893" type="Number_BCD" length="5" />
                     </Bytes></externalAddress.C0.BoxedType>
                  <extensionContainer.C1.Sequence>
                     <privateExtensionList.C0.BoxedType>
                        <Collection>
                           <PrivateExtension.Sequence>
                              <extId><ObjectIdentifier>0.1.280.121.100.26.8.64.97</ObjectIdentifier></extId>
                              <extType>403eec6a23</extType>
                           </PrivateExtension.Sequence>
                           <PrivateExtension.Sequence>
                              <extId><ObjectIdentifier>0.1.269.106.67.12.42.59.109</ObjectIdentifier></extId>
                              <extType>418a5c9d</extType>
                           </PrivateExtension.Sequence>
                           <PrivateExtension.Sequence>
                              <extId><ObjectIdentifier>0.1.237.52.44.36.63.1.120.98.27.54</ObjectIdentifier></extId>
                              <extType>b98ab818</extType>
                           </PrivateExtension.Sequence>
                        </Collection>
                     </privateExtensionList.C0.BoxedType>
                     <pcsExtensions.C1.Sequence></pcsExtensions.C1.Sequence>
                  </extensionContainer.C1.Sequence>
               </clientIdentity.Sequence>
               <gmlc_Restriction.C0.Enum>
                  <EnumType>gmlc_List.0</EnumType>
               </gmlc_Restriction.C0.Enum>
               <notificationToMSUser.C1.Enum>
                  <EnumType>notifyLocationAllowed.0</EnumType>
               </notificationToMSUser.C1.Enum>
               <extensionContainer.C2.Sequence>
                  <privateExtensionList.C0.BoxedType>
                     <Collection>
                        <PrivateExtension.Sequence>
                           <extId><ObjectIdentifier>0.1.298</ObjectIdentifier></extId>
                           <extType>25e461</extType>
                        </PrivateExtension.Sequence>
                        <PrivateExtension.Sequence>
                           <extId><ObjectIdentifier>0.1.230.38.96.40.120.37.102</ObjectIdentifier></extId>
                           <extType>5b6dd9fcc64f0cd166</extType>
                        </PrivateExtension.Sequence>
                        <PrivateExtension.Sequence>
                           <extId><ObjectIdentifier>0.1.2125.25.31.30.12.18</ObjectIdentifier></extId>
                           <extType>1a24b4ae504b8b</extType>
                        </PrivateExtension.Sequence>
                     </Collection>
                  </privateExtensionList.C0.BoxedType>
                  <pcsExtensions.C1.Sequence></pcsExtensions.C1.Sequence>
               </extensionContainer.C2.Sequence>
            </ExternalClient.Sequence>
            <ExternalClient.Sequence>
               <clientIdentity.Sequence>
                  <externalAddress.C0.BoxedType><Bytes>831116517130
                        <field name="extension" value="no extension:1" type="EnumLong" lengthBit="1" />
                        <field name="nature of address" value="unknown:0" type="EnumLong" lengthBit="3" />
                        <field name="numbering plan" value="data numbering plan (ITU-T Rec X.121):3" type="EnumLong" lengthBit="4" />
                        <field name="digits" value="1161151703" type="Number_BCD" length="5" />
                     </Bytes></externalAddress.C0.BoxedType>
                  <extensionContainer.C1.Sequence>
                     <privateExtensionList.C0.BoxedType>
                        <Collection>
                           <PrivateExtension.Sequence>
                              <extId><ObjectIdentifier>0.1.225.74.123.35.92.54.42.20</ObjectIdentifier></extId>
                              <extType>3730a936e611</extType>
                           </PrivateExtension.Sequence>
                           <PrivateExtension.Sequence>
                              <extId><ObjectIdentifier>0.1.2104.99.125.50</ObjectIdentifier></extId>
                              <extType>80242b34</extType>
                           </PrivateExtension.Sequence>
                           <PrivateExtension.Sequence>
                              <extId><ObjectIdentifier>0.1.274.119.12.86.26.39.54.60</ObjectIdentifier></extId>
                              <extType>c3dec4253710b6</extType>
                           </PrivateExtension.Sequence>
                        </Collection>
                     </privateExtensionList.C0.BoxedType>
                     <pcsExtensions.C1.Sequence></pcsExtensions.C1.Sequence>
                  </extensionContainer.C1.Sequence>
               </clientIdentity.Sequence>
               <gmlc_Restriction.C0.Enum>
                  <EnumType>gmlc_List.0</EnumType>
               </gmlc_Restriction.C0.Enum>
               <notificationToMSUser.C1.Enum>
                  <EnumType>locationNotAllowed.3</EnumType>
               </notificationToMSUser.C1.Enum>
               <extensionContainer.C2.Sequence>
                  <privateExtensionList.C0.BoxedType>
                     <Collection>
                        <PrivateExtension.Sequence>
                           <extId><ObjectIdentifier>0.1.2</ObjectIdentifier></extId>
                           <extType>64aded</extType>
                        </PrivateExtension.Sequence>
                        <PrivateExtension.Sequence>
                           <extId><ObjectIdentifier>0.1.272.93.46.9.14.79.95.10.54.116</ObjectIdentifier></extId>
                           <extType>d38f05b34fcdf715</extType>
                        </PrivateExtension.Sequence>
                        <PrivateExtension.Sequence>
                           <extId><ObjectIdentifier>0.1.228.43.15.15.79.16</ObjectIdentifier></extId>
                           <extType>d27aa375dd</extType>
                        </PrivateExtension.Sequence>
                     </Collection>
                  </privateExtensionList.C0.BoxedType>
                  <pcsExtensions.C1.Sequence></pcsExtensions.C1.Sequence>
               </extensionContainer.C2.Sequence>
            </ExternalClient.Sequence>
         </Collection>
      </externalClientList.C1.BoxedType>
      <plmnClientList.C2.BoxedType>
         <Collection>
            <LCSClientInternalID.Enum>
               <EnumType>anonymousLocation.3</EnumType>
            </LCSClientInternalID.Enum>
            <LCSClientInternalID.Enum>
               <EnumType>anonymousLocation.3</EnumType>
            </LCSClientInternalID.Enum>
            <LCSClientInternalID.Enum>
               <EnumType>o_andM_HPLMN.1</EnumType>
            </LCSClientInternalID.Enum>
         </Collection>
      </plmnClientList.C2.BoxedType>
      <extensionContainer.C3.Sequence>
         <privateExtensionList.C0.BoxedType>
            <Collection>
               <PrivateExtension.Sequence>
                  <extId><ObjectIdentifier>0.1.2126.96.80.124.20.70</ObjectIdentifier></extId>
                  <extType>3d5e</extType>
               </PrivateExtension.Sequence>
               <PrivateExtension.Sequence>
                  <extId><ObjectIdentifier>0.1.2103.92.105.82</ObjectIdentifier></extId>
                  <extType>bc5394</extType>
               </PrivateExtension.Sequence>
               <PrivateExtension.Sequence>
                  <extId><ObjectIdentifier>0.1.272.53.89.47.86.14</ObjectIdentifier></extId>
                  <extType>1a4b9418ba</extType>
               </PrivateExtension.Sequence>
            </Collection>
         </privateExtensionList.C0.BoxedType>
         <pcsExtensions.C1.Sequence></pcsExtensions.C1.Sequence>
      </extensionContainer.C3.Sequence>
      <ext_externalClientList.C4.BoxedType>
         <Collection>
            <ExternalClient.Sequence>
               <clientIdentity.Sequence>
                  <externalAddress.C0.BoxedType><Bytes>a16155451948
                        <field name="extension" value="no extension:1" type="EnumLong" lengthBit="1" />
                        <field name="nature of address" value="national significant number:2" type="EnumLong" lengthBit="3" />
                        <field name="numbering plan" value="ISDN/Telephony Numbering Plan (Rec ITU-T E.164):1" type="EnumLong" lengthBit="4" />
                        <field name="digits" value="1655549184" type="Number_BCD" length="5" />
                     </Bytes></externalAddress.C0.BoxedType>
                  <extensionContainer.C1.Sequence>
                     <privateExtensionList.C0.BoxedType>
                        <Collection>
                           <PrivateExtension.Sequence>
                              <extId><ObjectIdentifier>0.1.277.112.37.59.1.4.119.91</ObjectIdentifier></extId>
                              <extType>3e537db7</extType>
                           </PrivateExtension.Sequence>
                           <PrivateExtension.Sequence>
                              <extId><ObjectIdentifier>0.1.225.83.47.80.22.13.65.84.7.75</ObjectIdentifier></extId>
                              <extType>c0dc6f5633</extType>
                           </PrivateExtension.Sequence>
                           <PrivateExtension.Sequence>
                              <extId><ObjectIdentifier>0.1.272.26.49.86.102.81</ObjectIdentifier></extId>
                              <extType>6179f4a96800e4</extType>
                           </PrivateExtension.Sequence>
                        </Collection>
                     </privateExtensionList.C0.BoxedType>
                     <pcsExtensions.C1.Sequence></pcsExtensions.C1.Sequence>
                  </extensionContainer.C1.Sequence>
               </clientIdentity.Sequence>
               <gmlc_Restriction.C0.Enum>
                  <EnumType>home_Country.1</EnumType>
               </gmlc_Restriction.C0.Enum>
               <notificationToMSUser.C1.Enum>
                  <EnumType>notifyAndVerify_LocationAllowedIfNoResponse.1</EnumType>
               </notificationToMSUser.C1.Enum>
               <extensionContainer.C2.Sequence>
                  <privateExtensionList.C0.BoxedType>
                     <Collection>
                        <PrivateExtension.Sequence>
                           <extId><ObjectIdentifier>0.1.287.91.113.55</ObjectIdentifier></extId>
                           <extType>0d94</extType>
                        </PrivateExtension.Sequence>
                        <PrivateExtension.Sequence>
                           <extId><ObjectIdentifier>0.1.246.8.100.127.87</ObjectIdentifier></extId>
                           <extType>0274c0300fe3</extType>
                        </PrivateExtension.Sequence>
                        <PrivateExtension.Sequence>
                           <extId><ObjectIdentifier>0.1.241.43.95.23.44.97</ObjectIdentifier></extId>
                           <extType>df89</extType>
                        </PrivateExtension.Sequence>
                     </Collection>
                  </privateExtensionList.C0.BoxedType>
                  <pcsExtensions.C1.Sequence></pcsExtensions.C1.Sequence>
               </extensionContainer.C2.Sequence>
            </ExternalClient.Sequence>
            <ExternalClient.Sequence>
               <clientIdentity.Sequence>
                  <externalAddress.C0.BoxedType><Bytes>0f47146652f4
                        <field name="extension" value="extension:0" type="EnumLong" lengthBit="1" />
                        <field name="nature of address" value="unknown:0" type="EnumLong" lengthBit="3" />
                        <field name="numbering plan" value="reserved for extension:15" type="EnumLong" lengthBit="4" />
                        <field name="digits" value="744166254" type="Number_BCD" lengthBit="36" />
                     </Bytes></externalAddress.C0.BoxedType>
                  <extensionContainer.C1.Sequence>
                     <privateExtensionList.C0.BoxedType>
                        <Collection>
                           <PrivateExtension.Sequence>
                              <extId><ObjectIdentifier>0.1.237.67.94.6.22.65.77.128</ObjectIdentifier></extId>
                              <extType>85c69acee4</extType>
                           </PrivateExtension.Sequence>
                           <PrivateExtension.Sequence>
                              <extId><ObjectIdentifier>0.1.223</ObjectIdentifier></extId>
                              <extType>040f</extType>
                           </PrivateExtension.Sequence>
                           <PrivateExtension.Sequence>
                              <extId><ObjectIdentifier>0.1.2110.119</ObjectIdentifier></extId>
                              <extType>91ee6ca76d0b38</extType>
                           </PrivateExtension.Sequence>
                        </Collection>
                     </privateExtensionList.C0.BoxedType>
                     <pcsExtensions.C1.Sequence></pcsExtensions.C1.Sequence>
                  </extensionContainer.C1.Sequence>
               </clientIdentity.Sequence>
               <gmlc_Restriction.C0.Enum>
                  <EnumType>gmlc_List.0</EnumType>
               </gmlc_Restriction.C0.Enum>
               <notificationToMSUser.C1.Enum>
                  <EnumType>locationNotAllowed.3</EnumType>
               </notificationToMSUser.C1.Enum>
               <extensionContainer.C2.Sequence>
                  <privateExtensionList.C0.BoxedType>
                     <Collection>
                        <PrivateExtension.Sequence>
                           <extId><ObjectIdentifier>0.1.2</ObjectIdentifier></extId>
                           <extType>9522</extType>
                        </PrivateExtension.Sequence>
                        <PrivateExtension.Sequence>
                           <extId><ObjectIdentifier>0.1.2118.119.75.80.21.41.39.17</ObjectIdentifier></extId>
                           <extType>626fbe9613a93d81de76</extType>
                        </PrivateExtension.Sequence>
                        <PrivateExtension.Sequence>
                           <extId><ObjectIdentifier>0.1.241.83.31.114.108</ObjectIdentifier></extId>
                           <extType>845cf455237d69c9d1</extType>
                        </PrivateExtension.Sequence>
                     </Collection>
                  </privateExtensionList.C0.BoxedType>
                  <pcsExtensions.C1.Sequence></pcsExtensions.C1.Sequence>
               </extensionContainer.C2.Sequence>
            </ExternalClient.Sequence>
            <ExternalClient.Sequence>
               <clientIdentity.Sequence>
                  <externalAddress.C0.BoxedType><Bytes>6653080727f6
                        <field name="extension" value="extension:0" type="EnumLong" lengthBit="1" />
                        <field name="nature of address" value="abbreviated number:6" type="EnumLong" lengthBit="3" />
                        <field name="numbering plan" value="land mobile numbering plan (ITU-T Rec E.212):6" type="EnumLong" lengthBit="4" />
                        <field name="digits" value="358070726" type="Number_BCD" lengthBit="36" />
                     </Bytes></externalAddress.C0.BoxedType>
                  <extensionContainer.C1.Sequence>
                     <privateExtensionList.C0.BoxedType>
                        <Collection>
                           <PrivateExtension.Sequence>
                              <extId><ObjectIdentifier>0.1.213.121.76.111.58.67.62.41</ObjectIdentifier></extId>
                              <extType>77</extType>
                           </PrivateExtension.Sequence>
                           <PrivateExtension.Sequence>
                              <extId><ObjectIdentifier>0.1.245</ObjectIdentifier></extId>
                              <extType>21e3fbf0d242</extType>
                           </PrivateExtension.Sequence>
                           <PrivateExtension.Sequence>
                              <extId><ObjectIdentifier>0.1.221.118.6.52.82.38</ObjectIdentifier></extId>
                              <extType>902230d7d0bfffe9</extType>
                           </PrivateExtension.Sequence>
                        </Collection>
                     </privateExtensionList.C0.BoxedType>
                     <pcsExtensions.C1.Sequence></pcsExtensions.C1.Sequence>
                  </extensionContainer.C1.Sequence>
               </clientIdentity.Sequence>
               <gmlc_Restriction.C0.Enum>
                  <EnumType>gmlc_List.0</EnumType>
               </gmlc_Restriction.C0.Enum>
               <notificationToMSUser.C1.Enum>
                  <EnumType>notifyAndVerify_LocationAllowedIfNoResponse.1</EnumType>
               </notificationToMSUser.C1.Enum>
               <extensionContainer.C2.Sequence>
                  <privateExtensionList.C0.BoxedType>
                     <Collection>
                        <PrivateExtension.Sequence>
                           <extId><ObjectIdentifier>0.1.269.104.29.52</ObjectIdentifier></extId>
                           <extType>830a151aa418edf274</extType>
                        </PrivateExtension.Sequence>
                        <PrivateExtension.Sequence>
                           <extId><ObjectIdentifier>0.1.2</ObjectIdentifier></extId>
                           <extType>e96f</extType>
                        </PrivateExtension.Sequence>
                        <PrivateExtension.Sequence>
                           <extId><ObjectIdentifier>0.1.2127.53.49.88.46.6.79</ObjectIdentifier></extId>
                           <extType>92</extType>
                        </PrivateExtension.Sequence>
                     </Collection>
                  </privateExtensionList.C0.BoxedType>
                  <pcsExtensions.C1.Sequence></pcsExtensions.C1.Sequence>
               </extensionContainer.C2.Sequence>
            </ExternalClient.Sequence>
         </Collection>
      </ext_externalClientList.C4.BoxedType>
      <serviceTypeList.C5.BoxedType>
         <Collection>
            <ServiceType.Sequence>
               <serviceTypeIdentity.BoxedType><Integer>2</Integer></serviceTypeIdentity.BoxedType>
               <gmlc_Restriction.C0.Enum>
                  <EnumType>home_Country.1</EnumType>
               </gmlc_Restriction.C0.Enum>
               <notificationToMSUser.C1.Enum>
                  <EnumType>notifyAndVerify_LocationAllowedIfNoResponse.1</EnumType>
               </notificationToMSUser.C1.Enum>
               <extensionContainer.C2.Sequence>
                  <privateExtensionList.C0.BoxedType>
                     <Collection>
                        <PrivateExtension.Sequence>
                           <extId><ObjectIdentifier>0.1.26.10.125.117.78.124</ObjectIdentifier></extId>
                           <extType>66c5c6d99d1509</extType>
                        </PrivateExtension.Sequence>
                        <PrivateExtension.Sequence>
                           <extId><ObjectIdentifier>0.1.2113.89</ObjectIdentifier></extId>
                           <extType>1078040a7f363a0c</extType>
                        </PrivateExtension.Sequence>
                        <PrivateExtension.Sequence>
                           <extId><ObjectIdentifier>0.1.2106.90</ObjectIdentifier></extId>
                           <extType>3d37e0f2e9</extType>
                        </PrivateExtension.Sequence>
                     </Collection>
                  </privateExtensionList.C0.BoxedType>
                  <pcsExtensions.C1.Sequence></pcsExtensions.C1.Sequence>
               </extensionContainer.C2.Sequence>
            </ServiceType.Sequence>
            <ServiceType.Sequence>
               <serviceTypeIdentity.BoxedType><Integer>1</Integer></serviceTypeIdentity.BoxedType>
               <gmlc_Restriction.C0.Enum>
                  <EnumType>home_Country.1</EnumType>
               </gmlc_Restriction.C0.Enum>
               <notificationToMSUser.C1.Enum>
                  <EnumType>notifyAndVerify_LocationAllowedIfNoResponse.1</EnumType>
               </notificationToMSUser.C1.Enum>
               <extensionContainer.C2.Sequence>
                  <privateExtensionList.C0.BoxedType>
                     <Collection>
                        <PrivateExtension.Sequence>
                           <extId><ObjectIdentifier>0.1.2</ObjectIdentifier></extId>
                           <extType>2c463d</extType>
                        </PrivateExtension.Sequence>
                        <PrivateExtension.Sequence>
                           <extId><ObjectIdentifier>0.1.22.112.9.24.76.98.30</ObjectIdentifier></extId>
                           <extType>1d989a7ba1</extType>
                        </PrivateExtension.Sequence>
                        <PrivateExtension.Sequence>
                           <extId><ObjectIdentifier>0.1.230.66</ObjectIdentifier></extId>
                           <extType>921a024a1d68ef59a7</extType>
                        </PrivateExtension.Sequence>
                     </Collection>
                  </privateExtensionList.C0.BoxedType>
                  <pcsExtensions.C1.Sequence></pcsExtensions.C1.Sequence>
               </extensionContainer.C2.Sequence>
            </ServiceType.Sequence>
            <ServiceType.Sequence>
               <serviceTypeIdentity.BoxedType><Integer>2</Integer></serviceTypeIdentity.BoxedType>
               <gmlc_Restriction.C0.Enum>
                  <EnumType>gmlc_List.0</EnumType>
               </gmlc_Restriction.C0.Enum>
               <notificationToMSUser.C1.Enum>
                  <EnumType>notifyLocationAllowed.0</EnumType>
               </notificationToMSUser.C1.Enum>
               <extensionContainer.C2.Sequence>
                  <privateExtensionList.C0.BoxedType>
                     <Collection>
                        <PrivateExtension.Sequence>
                           <extId><ObjectIdentifier>0.1.2119.99.108.121.14.41</ObjectIdentifier></extId>
                           <extType>0c72cc0d</extType>
                        </PrivateExtension.Sequence>
                        <PrivateExtension.Sequence>
                           <extId><ObjectIdentifier>0.1.2112.34.88.17.87.33.30</ObjectIdentifier></extId>
                           <extType>5f3a</extType>
                        </PrivateExtension.Sequence>
                        <PrivateExtension.Sequence>
                           <extId><ObjectIdentifier>0.1.256.28.63.125.66</ObjectIdentifier></extId>
                           <extType>19f851144406db8b19</extType>
                        </PrivateExtension.Sequence>
                     </Collection>
                  </privateExtensionList.C0.BoxedType>
                  <pcsExtensions.C1.Sequence></pcsExtensions.C1.Sequence>
               </extensionContainer.C2.Sequence>
            </ServiceType.Sequence>
         </Collection>
      </serviceTypeList.C5.BoxedType>
   </LCS_PrivacyClass.Sequence>
</ASN>