<?xml version="1.0" encoding="UTF-8"?>

<ASN layer="MAP">
   <LSAData.Sequence>
      <lsaIdentity.C0.BoxedType><Bytes>49d174
            <field name="LSA type" value="PLMN significant number:0" type="EnumLong" lengthBit="1" />
            <field name="Identifier" value="4837748" type="Integer" lengthBit="23" />
         </Bytes></lsaIdentity.C0.BoxedType>
      <lsaAttributes.C1.BoxedType><Bytes>f45f0ca2</Bytes></lsaAttributes.C1.BoxedType>
      <lsaActiveModeIndicator.C2></lsaActiveModeIndicator.C2>
      <extensionContainer.C3.Sequence>
         <privateExtensionList.C0.BoxedType>
            <Collection>
               <PrivateExtension.Sequence>
                  <extId><ObjectIdentifier>0.1.211.102.95.127.97.107.62.74</ObjectIdentifier></extId>
                  <extType>4ea1622b79</extType>
               </PrivateExtension.Sequence>
               <PrivateExtension.Sequence>
                  <extId><ObjectIdentifier>0.1.2120.33.10.71.62.62.82.16.104</ObjectIdentifier></extId>
                  <extType>a20659775b</extType>
               </PrivateExtension.Sequence>
               <PrivateExtension.Sequence>
                  <extId><ObjectIdentifier>0.1.227.29</ObjectIdentifier></extId>
                  <extType>4b</extType>
               </PrivateExtension.Sequence>
            </Collection>
         </privateExtensionList.C0.BoxedType>
         <pcsExtensions.C1.Sequence></pcsExtensions.C1.Sequence>
      </extensionContainer.C3.Sequence>
   </LSAData.Sequence>
</ASN>