<?xml version="1.0" encoding="UTF-8"?>

<ASN layer="MAP">
   <MM_EventNotSupported_Param.Sequence><extensionContainer.Sequence>
         <privateExtensionList.C0.BoxedType>
            <Collection>
               <PrivateExtension.Sequence>
                  <extId><ObjectIdentifier>0.1.286.121.54.74.60</ObjectIdentifier></extId>
                  <extType>a0c3</extType>
               </PrivateExtension.Sequence>
               <PrivateExtension.Sequence>
                  <extId><ObjectIdentifier>0.1.246.58.127</ObjectIdentifier></extId>
                  <extType>43e013b8fa6e5554</extType>
               </PrivateExtension.Sequence>
               <PrivateExtension.Sequence>
                  <extId><ObjectIdentifier>0.1.2123.104.12.110.106.35.9.91.93</ObjectIdentifier></extId>
                  <extType>05a81b</extType>
               </PrivateExtension.Sequence>
            </Collection>
         </privateExtensionList.C0.BoxedType>
         <pcsExtensions.C1.Sequence></pcsExtensions.C1.Sequence>
      </extensionContainer.Sequence></MM_EventNotSupported_Param.Sequence>
</ASN>