<?xml version="1.0" encoding="UTF-8"?>

<ASN layer="MAP">
   <Mo_forwardSM_Arg.Sequence>
      <sm_RP_DA.Choice>
         <imsi.C0.BoxedType><Bytes>33474738f6
               <field name="digits" value="337474836" type="Number_BCD" lengthBit="36" />
            </Bytes></imsi.C0.BoxedType>
         <lmsi.C1.BoxedType><Bytes>a4cc28f7c0
               <field name="digits" value="a4cc28f7c0" type="Binary" length="5" />
            </Bytes></lmsi.C1.BoxedType>
         <serviceCentreAddressDA.C4.BoxedType><Bytes>104149694506
               <field name="extension" value="extension:0" type="EnumLong" lengthBit="1" />
               <field name="nature of address" value="international number:1" type="EnumLong" lengthBit="3" />
               <field name="numbering plan" value="unknown:0" type="EnumLong" lengthBit="4" />
               <field name="digits" value="1494965460" type="Number_BCD" length="5" />
            </Bytes></serviceCentreAddressDA.C4.BoxedType>
         <noSM_RP_DA.C5></noSM_RP_DA.C5>
      </sm_RP_DA.Choice>
      <sm_RP_OA.Choice>
         <msisdn.C2.BoxedType><Bytes>d46130528357
               <field name="extension" value="no extension:1" type="EnumLong" lengthBit="1" />
               <field name="nature of address" value="reserved:5" type="EnumLong" lengthBit="3" />
               <field name="numbering plan" value="telex numbering plan (ITU-T Rec F.69):4" type="EnumLong" lengthBit="4" />
               <field name="digits" value="1603253875" type="Number_BCD" length="5" />
            </Bytes></msisdn.C2.BoxedType>
         <serviceCentreAddressOA.C4.BoxedType><Bytes>3949309812f8
               <field name="extension" value="extension:0" type="EnumLong" lengthBit="1" />
               <field name="nature of address" value="network specific number:3" type="EnumLong" lengthBit="3" />
               <field name="numbering plan" value="private numbering plan:9" type="EnumLong" lengthBit="4" />
               <field name="digits" value="940389218" type="Number_BCD" lengthBit="36" />
            </Bytes></serviceCentreAddressOA.C4.BoxedType>
         <noSM_RP_OA.C5></noSM_RP_OA.C5>
      </sm_RP_OA.Choice>
      <sm_RP_UI.BoxedType><Bytes>4d340a462196068359b52a0be0328a
            <element name="SMS-SUBMIT" coding="V" value="4d">
               <field name="TP-RP" value="TP Reply Path parameter is not set in this SMS SUBMIT/DELIVER:0" type="EnumLong" lengthBit="1" />
               <field name="TP-UDHI" value="The beginning of the TP UD field contains a Header in addition to the short message:1" type="EnumLong" lengthBit="1" />
               <field name="TP-SRR" value="A status report is not requested:0" type="EnumLong" lengthBit="1" />
               <field name="TP-VPF" value="TP-VP field present - enhanced format:1" type="EnumLong" lengthBit="2" />
               <field name="TP-RD" value="Instruct the SC to reject duplicates:1" type="EnumLong" lengthBit="1" />
               <field name="TP-MTI" value="SMS-SUBMIT / SMS-SUBMIT-REPORT:1" type="EnumLong" lengthBit="2" />
            </element>
            <element name="TP-MR" coding="V" value="34">
               <field name="TP-MR" value="52" type="Integer" length="1" />
            </element>
            <element name="TP-DA" coding="V">
               <element name="Address" coding="DV" value="462196068359">
                  <field name="extension" value="extension:0" type="EnumLong" lengthBit="1" />
                  <field name="nature of address" value="subscriber number:4" type="EnumLong" lengthBit="3" />
                  <field name="numbering plan" value="land mobile numbering plan (ITU-T Rec E.212):6" type="EnumLong" lengthBit="4" />
                  <field name="digits" value="1269603895" type="Number_BCD" length="5" />
               </element>
            </element>
            <element name="TP-PID" coding="V" value="b5">
               <field name="assignment" value="reserved:2" type="EnumLong" lengthBit="2" />
               <field name="telematic interworking" value="telematic interworking:1" type="EnumLong" lengthBit="1" />
               <field name="telematic devices" value="(reserved, 5 combinations):21" type="EnumLong" lengthBit="5" />
            </element>
            <element name="TP-DCS" coding="V" value="2a">
               <field name="Coding Group Bits" value="General Data Coding indication:0" type="EnumLong" lengthBit="2" />
               <field name="Compression" value="the text is compressed using the GSM standard:1" type="EnumLong" lengthBit="1" />
               <field name="Bit 1-0 significance" value="bits 1 to 0 are reserved and have no message class meaning:0" type="EnumLong" lengthBit="1" />
               <field name="Alphabet" value="UCS2 (16bit) {UTF-16BE}:2" type="EnumLong" lengthBit="2" />
               <field name="Message Class" value="Class 2 SIM specific message:2" type="EnumLong" lengthBit="2" />
            </element>
            <element name="TP-VP" coding="V" value="0b">
               <field name="TP-VP" value="[1-12] h(ours):11" type="EnumLong" length="1" />
            </element>
            <element name="TP-UD" coding="V" value="e0328a">
               <field name="TP-UDL" value="224" type="Integer" length="1" />
               <field name="TP-UD" value="328a" type="Binary" length="2" />
            </element>
         </Bytes></sm_RP_UI.BoxedType>
      <extensionContainer.Sequence>
         <privateExtensionList.C0.BoxedType>
            <Collection>
               <PrivateExtension.Sequence>
                  <extId><ObjectIdentifier>0.1.227.100.39.114.66.80.45</ObjectIdentifier></extId>
                  <extType>55d83974a503641adb</extType>
               </PrivateExtension.Sequence>
               <PrivateExtension.Sequence>
                  <extId><ObjectIdentifier>0.1.237.89.76.4.71.49.127.116.44</ObjectIdentifier></extId>
                  <extType>5fe33950fb</extType>
               </PrivateExtension.Sequence>
               <PrivateExtension.Sequence>
                  <extId><ObjectIdentifier>0.1.2108.108</ObjectIdentifier></extId>
                  <extType>3a8850</extType>
               </PrivateExtension.Sequence>
            </Collection>
         </privateExtensionList.C0.BoxedType>
         <pcsExtensions.C1.Sequence></pcsExtensions.C1.Sequence>
      </extensionContainer.Sequence>
      <imsi.BoxedType><Bytes>8128206901
            <field name="digits" value="1882029610" type="Number_BCD" length="5" />
         </Bytes></imsi.BoxedType>
   </Mo_forwardSM_Arg.Sequence>
</ASN>