<?xml version="1.0" encoding="UTF-8"?>

<ASN layer="MAP">
   <MOLR_Class.Sequence>
      <ss_Code.BoxedType><Bytes>2689d4fc0595</Bytes></ss_Code.BoxedType>
      <ss_Status.BoxedType><Bytes>a6edf6079218</Bytes></ss_Status.BoxedType>
      <extensionContainer.C0.Sequence>
         <privateExtensionList.C0.BoxedType>
            <Collection>
               <PrivateExtension.Sequence>
                  <extId><ObjectIdentifier>0.1.260.29.6.41.119.94.109.38</ObjectIdentifier></extId>
                  <extType>6ad625edf08bc5</extType>
               </PrivateExtension.Sequence>
               <PrivateExtension.Sequence>
                  <extId><ObjectIdentifier>0.1.253</ObjectIdentifier></extId>
                  <extType>26e470931a8c55c8</extType>
               </PrivateExtension.Sequence>
               <PrivateExtension.Sequence>
                  <extId><ObjectIdentifier>0.1.227.124.28.61.92.5.34.76.16</ObjectIdentifier></extId>
                  <extType>16f543</extType>
               </PrivateExtension.Sequence>
            </Collection>
         </privateExtensionList.C0.BoxedType>
         <pcsExtensions.C1.Sequence></pcsExtensions.C1.Sequence>
      </extensionContainer.C0.Sequence>
   </MOLR_Class.Sequence>
</ASN>