<?xml version="1.0" encoding="UTF-8"?>

<ASN layer="MAP">
   <Mt_forwardSM_Arg.Sequence>
      <sm_RP_DA.Choice>
         <imsi.C0.BoxedType><Bytes>91524237f4
               <field name="digits" value="192524734" type="Number_BCD" lengthBit="36" />
            </Bytes></imsi.C0.BoxedType>
         <lmsi.C1.BoxedType><Bytes>93ed835b
               <field name="digits" value="93ed835b" type="Binary" length="4" />
            </Bytes></lmsi.C1.BoxedType>
         <serviceCentreAddressDA.C4.BoxedType><Bytes>b04196977964
               <field name="extension" value="no extension:1" type="EnumLong" lengthBit="1" />
               <field name="nature of address" value="network specific number:3" type="EnumLong" lengthBit="3" />
               <field name="numbering plan" value="unknown:0" type="EnumLong" lengthBit="4" />
               <field name="digits" value="1469799746" type="Number_BCD" length="5" />
            </Bytes></serviceCentreAddressDA.C4.BoxedType>
         <noSM_RP_DA.C5></noSM_RP_DA.C5>
      </sm_RP_DA.Choice>
      <sm_RP_OA.Choice>
         <msisdn.C2.BoxedType><Bytes>8771314647f7
               <field name="extension" value="no extension:1" type="EnumLong" lengthBit="1" />
               <field name="nature of address" value="unknown:0" type="EnumLong" lengthBit="3" />
               <field name="numbering plan" value="spare:7" type="EnumLong" lengthBit="4" />
               <field name="digits" value="171364747" type="Number_BCD" lengthBit="36" />
            </Bytes></msisdn.C2.BoxedType>
         <serviceCentreAddressOA.C4.BoxedType><Bytes>6655021960f2
               <field name="extension" value="extension:0" type="EnumLong" lengthBit="1" />
               <field name="nature of address" value="abbreviated number:6" type="EnumLong" lengthBit="3" />
               <field name="numbering plan" value="land mobile numbering plan (ITU-T Rec E.212):6" type="EnumLong" lengthBit="4" />
               <field name="digits" value="552091062" type="Number_BCD" lengthBit="36" />
            </Bytes></serviceCentreAddressOA.C4.BoxedType>
         <noSM_RP_OA.C5></noSM_RP_OA.C5>
      </sm_RP_OA.Choice>
      <sm_RP_UI.BoxedType><Bytes>2acc093603356665f7000098951041f9000062604272f0602b
            <element label="SMS-STATUS-REPORT" coding="V" value="2a">
               <field name="NA1" value="0" type="Integer" lengthBit="1" />
               <field name="TP-UDHI" value="The TP UD field contains only the short message:0" type="EnumLong" lengthBit="1" />
               <field name="TP-SRQ" value="The SMS STATUS REPORT is the result of an SMS COMMAND e.g. an Enquiry.:1" type="EnumLong" lengthBit="1" />
               <field name="NA2" value="0" type="Integer" lengthBit="1" />
               <field name="TP-LP" value="The message has either been forwarded or is a spawned message:1" type="EnumLong" lengthBit="1" />
               <field name="TP-MMS" value="More messages are waiting for the MS in this SC:0" type="EnumLong" lengthBit="1" />
               <field name="TP-MTI" value="SMS-STATUS-REPORT / SMS-COMMAND:2" type="EnumLong" lengthBit="2" />
            </element>
            <element label="TP-MR" coding="V" value="cc">
               <field name="TP-MR" value="204" type="Integer" length="1" />
            </element>
            <element label="TP-RA" coding="V">
               <element label="Address" coding="DV" value="3603356665f7">
                  <field name="extension" value="extension:0" type="EnumLong" lengthBit="1" />
                  <field name="nature of address" value="network specific number:3" type="EnumLong" lengthBit="3" />
                  <field name="numbering plan" value="land mobile numbering plan (ITU-T Rec E.212):6" type="EnumLong" lengthBit="4" />
                  <field name="digits" value="305366567" type="Number_BCD" lengthBit="36" />
               </element>
            </element>
            <element label="TP-SCTS" coding="V" value="000098951041f9">
               <field name="TP-SCTS" value="0000895901149" type="Number_BCD" length="7" />
            </element>
            <element label="TP-DT" coding="V" value="000062604272f0">
               <field name="TP-DT" value="0000260624270" type="Number_BCD" length="7" />
            </element>
            <element label="TP-ST" coding="V" value="60">
               <field name="bit7" value="Bits 0..6 as defined below:0" type="EnumLong" lengthBit="1" />
               <field name="assignment" value="Temporary error, SC is not making any more transfer attempts, Congestion:96" type="EnumLong" lengthBit="7" />
            </element>
            <element label="TP-PI" coding="V" value="2b">
               <field name="Reserved1" value="0" type="Integer" lengthBit="1" />
               <field name="Reserved2" value="0" type="Integer" lengthBit="1" />
               <field name="Reserved3" value="1" type="Integer" lengthBit="1" />
               <field name="Reserved4" value="0" type="Integer" lengthBit="1" />
               <field name="Reserved5" value="1" type="Integer" lengthBit="1" />
               <field name="TP-UDL present" value="absent:0" type="EnumLong" lengthBit="1" />
               <field name="TP-DCS present" value="present:1" type="EnumLong" lengthBit="1" />
               <field name="TP-PID present" value="present:1" type="EnumLong" lengthBit="1" />
            </element>
         </Bytes></sm_RP_UI.BoxedType>
      <moreMessagesToSend></moreMessagesToSend>
      <extensionContainer.Sequence>
         <privateExtensionList.C0.BoxedType>
            <Collection>
               <PrivateExtension.Sequence>
                  <extId><ObjectIdentifier>0.1.2124.24.109.27.35.13.124.43</ObjectIdentifier></extId>
                  <extType>08390a0ce1f88268df</extType>
               </PrivateExtension.Sequence>
               <PrivateExtension.Sequence>
                  <extId><ObjectIdentifier>0.1.2119.40.24.43.115</ObjectIdentifier></extId>
                  <extType>44294cd0304fd4a1d7</extType>
               </PrivateExtension.Sequence>
               <PrivateExtension.Sequence>
                  <extId><ObjectIdentifier>0.1.262.110.97</ObjectIdentifier></extId>
                  <extType>3060</extType>
               </PrivateExtension.Sequence>
            </Collection>
         </privateExtensionList.C0.BoxedType>
         <pcsExtensions.C1.Sequence></pcsExtensions.C1.Sequence>
      </extensionContainer.Sequence>
   </Mt_forwardSM_Arg.Sequence>
</ASN>