<?xml version="1.0" encoding="UTF-8"?>

<ASN layer="MAP">
   <Mt_forwardSM_Res.Sequence>
      <sm_RP_UI.BoxedType><Bytes>5c0abe21933787984cd4000061161799047f3e851b7cb4
            <element label="SMS-DELIVER" coding="V" value="5c">
               <field name="TP-RP" value="TP Reply Path parameter is not set in this SMS SUBMIT/DELIVER:0" type="EnumLong" lengthBit="1" />
               <field name="TP-UDHI" value="The beginning of the TP UD field contains a Header in addition to the short message:1" type="EnumLong" lengthBit="1" />
               <field name="TP-SRI" value="A status report is not requested:0" type="EnumLong" lengthBit="1" />
               <field name="NA" value="1" type="Integer" lengthBit="1" />
               <field name="TP-LP" value="The message has either been forwarded or is a spawned message:1" type="EnumLong" lengthBit="1" />
               <field name="TP-MMS" value="No more messages are waiting for the MS in this SC:1" type="EnumLong" lengthBit="1" />
               <field name="TP-MTI" value="SMS-DELIVER / SMS-DELIVER-REPORT:0" type="EnumLong" lengthBit="2" />
            </element>
            <element label="TP-OA" coding="V">
               <element label="Address" coding="DV" value="be2193378798">
                  <field name="extension" value="no extension:1" type="EnumLong" lengthBit="1" />
                  <field name="nature of address" value="network specific number:3" type="EnumLong" lengthBit="3" />
                  <field name="numbering plan" value="14" type="EnumLong" lengthBit="4" />
                  <field name="digits" value="1239737889" type="Number_BCD" length="5" />
               </element>
            </element>
            <element label="TP-PID" coding="V" value="4c">
               <field name="assignment" value="Assigns bits 0..5 as defined below:1" type="EnumLong" lengthBit="2" />
               <field name="telematic interworking" value="no interworking, but SME to SME protocol:0" type="EnumLong" lengthBit="1" />
               <field name="telematic devices" value="teletex, in digital ISDN:12" type="EnumLong" lengthBit="5" />
            </element>
            <element label="TP-DCS" coding="V" value="d4">
               <field name="Coding Group Bits" value="Message Waiting Indication Group:3" type="EnumLong" lengthBit="2" />
               <field name="Compression" value="the text is uncompressed:0" type="EnumLong" lengthBit="1" />
               <field name="Bit 1-0 significance" value="bits 1 to 0 have a message class meaning:1" type="EnumLong" lengthBit="1" />
               <field name="Alphabet" value="8 bit data {UTF-8}:1" type="EnumLong" lengthBit="2" />
               <field name="Message Class" value="Class 0:0" type="EnumLong" lengthBit="2" />
            </element>
            <element label="TP-SCTS" coding="V" value="00006116179904">
               <field name="TP-SCTS" value="00001661719940" type="Number_BCD" length="7" />
            </element>
            <element label="TP-UD" coding="V" value="7f3e851b7cb4">
               <field name="TP-UDL" value="127" type="Integer" length="1" />
               <field name="TP-UD" value="3e851b7cb4" type="Binary" length="5" />
            </element>
         </Bytes></sm_RP_UI.BoxedType>
      <extensionContainer.Sequence>
         <privateExtensionList.C0.BoxedType>
            <Collection>
               <PrivateExtension.Sequence>
                  <extId><ObjectIdentifier>0.1.223.114.69.7.77</ObjectIdentifier></extId>
                  <extType>cbc3</extType>
               </PrivateExtension.Sequence>
               <PrivateExtension.Sequence>
                  <extId><ObjectIdentifier>0.1.256.51.32.58.95.94.73</ObjectIdentifier></extId>
                  <extType>078f</extType>
               </PrivateExtension.Sequence>
               <PrivateExtension.Sequence>
                  <extId><ObjectIdentifier>0.1.2105.126.90</ObjectIdentifier></extId>
                  <extType>bc60ed4353</extType>
               </PrivateExtension.Sequence>
            </Collection>
         </privateExtensionList.C0.BoxedType>
         <pcsExtensions.C1.Sequence></pcsExtensions.C1.Sequence>
      </extensionContainer.Sequence>
   </Mt_forwardSM_Res.Sequence>
</ASN>