<?xml version="1.0" encoding="UTF-8"?>

<ASN layer="MAP">
   <NoGroupCallNbParam.Sequence><extensionContainer.Sequence>
         <privateExtensionList.C0.BoxedType>
            <Collection>
               <PrivateExtension.Sequence>
                  <extId><ObjectIdentifier>0.1.278.23.52.76.21.105.37.37.127</ObjectIdentifier></extId>
                  <extType>c5</extType>
               </PrivateExtension.Sequence>
               <PrivateExtension.Sequence>
                  <extId><ObjectIdentifier>0.1.243.53.22.124.89.113.128.127</ObjectIdentifier></extId>
                  <extType>6d72ec3fad55</extType>
               </PrivateExtension.Sequence>
               <PrivateExtension.Sequence>
                  <extId><ObjectIdentifier>0.1.2103.111.7.17.116.64.97.90.58</ObjectIdentifier></extId>
                  <extType>53bcd8b2a1bec370</extType>
               </PrivateExtension.Sequence>
            </Collection>
         </privateExtensionList.C0.BoxedType>
         <pcsExtensions.C1.Sequence></pcsExtensions.C1.Sequence>
      </extensionContainer.Sequence></NoGroupCallNbParam.Sequence>
</ASN>