<?xml version="1.0" encoding="UTF-8"?>

<ASN layer="MAP">
   <NoRoamingNbParam.Sequence><extensionContainer.Sequence>
         <privateExtensionList.C0.BoxedType>
            <Collection>
               <PrivateExtension.Sequence>
                  <extId><ObjectIdentifier>0.1.269.58.25.105.59</ObjectIdentifier></extId>
                  <extType>5c</extType>
               </PrivateExtension.Sequence>
               <PrivateExtension.Sequence>
                  <extId><ObjectIdentifier>0.1.2101.57.105</ObjectIdentifier></extId>
                  <extType>b767f8</extType>
               </PrivateExtension.Sequence>
               <PrivateExtension.Sequence>
                  <extId><ObjectIdentifier>0.1.259.39.13.96.111.10.12.111.65</ObjectIdentifier></extId>
                  <extType>c494b7</extType>
               </PrivateExtension.Sequence>
            </Collection>
         </privateExtensionList.C0.BoxedType>
         <pcsExtensions.C1.Sequence></pcsExtensions.C1.Sequence>
      </extensionContainer.Sequence></NoRoamingNbParam.Sequence>
</ASN>