<?xml version="1.0" encoding="UTF-8"?>

<ASN layer="MAP">
   <NoteMM_EventRes.Sequence><extensionContainer.Sequence>
         <privateExtensionList.C0.BoxedType>
            <Collection>
               <PrivateExtension.Sequence>
                  <extId><ObjectIdentifier>0.1.281.109.34.41.55.113.48.118.4.121</ObjectIdentifier></extId>
                  <extType>82</extType>
               </PrivateExtension.Sequence>
               <PrivateExtension.Sequence>
                  <extId><ObjectIdentifier>0.1.273.46.36.71</ObjectIdentifier></extId>
                  <extType>d21a0ba184915b</extType>
               </PrivateExtension.Sequence>
               <PrivateExtension.Sequence>
                  <extId><ObjectIdentifier>0.1.2126.106.128.28.35.13.5.79.18.76</ObjectIdentifier></extId>
                  <extType>a80d43d7</extType>
               </PrivateExtension.Sequence>
            </Collection>
         </privateExtensionList.C0.BoxedType>
         <pcsExtensions.C1.Sequence></pcsExtensions.C1.Sequence>
      </extensionContainer.Sequence></NoteMM_EventRes.Sequence>
</ASN>