<?xml version="1.0" encoding="UTF-8"?>

<ASN layer="MAP">
   <NoteMsPresentForGprsRes.Sequence><extensionContainer.C0.Sequence>
         <privateExtensionList.C0.BoxedType>
            <Collection>
               <PrivateExtension.Sequence>
                  <extId><ObjectIdentifier>0.1.293.96.115.38</ObjectIdentifier></extId>
                  <extType>a6e9bf9eca4b25</extType>
               </PrivateExtension.Sequence>
               <PrivateExtension.Sequence>
                  <extId><ObjectIdentifier>0.1.231.52.62.38.90.115</ObjectIdentifier></extId>
                  <extType>175f038090d49d89b6</extType>
               </PrivateExtension.Sequence>
               <PrivateExtension.Sequence>
                  <extId><ObjectIdentifier>0.1.2106.60.117.104.32</ObjectIdentifier></extId>
                  <extType>3689d8</extType>
               </PrivateExtension.Sequence>
            </Collection>
         </privateExtensionList.C0.BoxedType>
         <pcsExtensions.C1.Sequence></pcsExtensions.C1.Sequence>
      </extensionContainer.C0.Sequence></NoteMsPresentForGprsRes.Sequence>
</ASN>