<?xml version="1.0" encoding="UTF-8"?>

<ASN layer="MAP">
   <NumberChangedParam.Sequence><extensionContainer.Sequence>
         <privateExtensionList.C0.BoxedType>
            <Collection>
               <PrivateExtension.Sequence>
                  <extId><ObjectIdentifier>0.1.227.31.45</ObjectIdentifier></extId>
                  <extType>949e019cea</extType>
               </PrivateExtension.Sequence>
               <PrivateExtension.Sequence>
                  <extId><ObjectIdentifier>0.1.2116.4.86.117.59.30.2</ObjectIdentifier></extId>
                  <extType>18</extType>
               </PrivateExtension.Sequence>
               <PrivateExtension.Sequence>
                  <extId><ObjectIdentifier>0.1.248.73.78.126.8.12.75</ObjectIdentifier></extId>
                  <extType>dfc57dcff0a96f</extType>
               </PrivateExtension.Sequence>
            </Collection>
         </privateExtensionList.C0.BoxedType>
         <pcsExtensions.C1.Sequence></pcsExtensions.C1.Sequence>
      </extensionContainer.Sequence></NumberChangedParam.Sequence>
</ASN>