<?xml version="1.0" encoding="UTF-8"?>

<ASN layer="MAP">
   <O_BcsmCamelTDPData.Sequence>
      <o_BcsmTriggerDetectionPoint.Enum>
         <EnumType>collectedInfo.2</EnumType>
      </o_BcsmTriggerDetectionPoint.Enum>
      <serviceKey.BoxedType><Integer>1</Integer></serviceKey.BoxedType>
      <gsmSCF_Address.C0.BoxedType><Bytes>ca96912177f9
            <field name="extension" value="no extension:1" type="EnumLong" lengthBit="1" />
            <field name="nature of address" value="subscriber number:4" type="EnumLong" lengthBit="3" />
            <field name="numbering plan" value="10" type="EnumLong" lengthBit="4" />
            <field name="digits" value="691912779" type="Number_BCD" lengthBit="36" />
         </Bytes></gsmSCF_Address.C0.BoxedType>
      <defaultCallHandling.C1.Enum>
         <EnumType>continueCall.0</EnumType>
      </defaultCallHandling.C1.Enum>
      <extensionContainer.C2.Sequence>
         <privateExtensionList.C0.BoxedType>
            <Collection>
               <PrivateExtension.Sequence>
                  <extId><ObjectIdentifier>0.1.228.111.61.23.87.32</ObjectIdentifier></extId>
                  <extType>c2876963296db5646749</extType>
               </PrivateExtension.Sequence>
               <PrivateExtension.Sequence>
                  <extId><ObjectIdentifier>0.1.295.84.39.73.122.30</ObjectIdentifier></extId>
                  <extType>6e46f301d09e1625</extType>
               </PrivateExtension.Sequence>
               <PrivateExtension.Sequence>
                  <extId><ObjectIdentifier>0.1.247.9.92</ObjectIdentifier></extId>
                  <extType>fbfb</extType>
               </PrivateExtension.Sequence>
            </Collection>
         </privateExtensionList.C0.BoxedType>
         <pcsExtensions.C1.Sequence></pcsExtensions.C1.Sequence>
      </extensionContainer.C2.Sequence>
   </O_BcsmCamelTDPData.Sequence>
</ASN>