<?xml version="1.0" encoding="UTF-8"?>

<ASN layer="MAP">
   <O_BcsmCamelTDP_Criteria.Sequence>
      <o_BcsmTriggerDetectionPoint.Enum>
         <EnumType>collectedInfo.2</EnumType>
      </o_BcsmTriggerDetectionPoint.Enum>
      <destinationNumberCriteria.C0.Sequence>
         <matchType.C0.Enum>
            <EnumType>enabling.1</EnumType>
         </matchType.C0.Enum>
         <destinationNumberList.C1.BoxedType>
            <Collection>
               <ISDN_AddressString.BoxedType><Bytes>269101731553
                     <field name="extension" value="extension:0" type="EnumLong" lengthBit="1" />
                     <field name="nature of address" value="national significant number:2" type="EnumLong" lengthBit="3" />
                     <field name="numbering plan" value="land mobile numbering plan (ITU-T Rec E.212):6" type="EnumLong" lengthBit="4" />
                     <field name="digits" value="1910375135" type="Number_BCD" length="5" />
                  </Bytes></ISDN_AddressString.BoxedType>
               <ISDN_AddressString.BoxedType><Bytes>7387413926f4
                     <field name="extension" value="extension:0" type="EnumLong" lengthBit="1" />
                     <field name="nature of address" value="reserved for extension:7" type="EnumLong" lengthBit="3" />
                     <field name="numbering plan" value="data numbering plan (ITU-T Rec X.121):3" type="EnumLong" lengthBit="4" />
                     <field name="digits" value="781493624" type="Number_BCD" lengthBit="36" />
                  </Bytes></ISDN_AddressString.BoxedType>
               <ISDN_AddressString.BoxedType><Bytes>282169106592
                     <field name="extension" value="extension:0" type="EnumLong" lengthBit="1" />
                     <field name="nature of address" value="national significant number:2" type="EnumLong" lengthBit="3" />
                     <field name="numbering plan" value="national numbering plan:8" type="EnumLong" lengthBit="4" />
                     <field name="digits" value="1296015629" type="Number_BCD" length="5" />
                  </Bytes></ISDN_AddressString.BoxedType>
            </Collection>
         </destinationNumberList.C1.BoxedType>
         <destinationNumberLengthList.C2.BoxedType>
            <Collection>
               <Integer>1</Integer>
               <Integer>0</Integer>
               <Integer>1</Integer>
            </Collection>
         </destinationNumberLengthList.C2.BoxedType>
      </destinationNumberCriteria.C0.Sequence>
      <basicServiceCriteria.C1.BoxedType>
         <Collection>
            <Ext_BasicServiceCode.Choice>
               <ext_BearerService.C2.BoxedType><Bytes>fd57c95db6</Bytes></ext_BearerService.C2.BoxedType>
               <ext_Teleservice.C3.BoxedType><Bytes>9045d210a0
                     <field name="Code" value="allVoiceGroupCallServices:144" type="EnumLong" length="1" />
                     <field name="Extension data" value="45d210a0" type="Binary" length="4" />
                  </Bytes></ext_Teleservice.C3.BoxedType>
            </Ext_BasicServiceCode.Choice>
            <Ext_BasicServiceCode.Choice>
               <ext_BearerService.C2.BoxedType><Bytes>c9b0a594fd9e38f5</Bytes></ext_BearerService.C2.BoxedType>
               <ext_Teleservice.C3.BoxedType><Bytes>0c122d0fba
                     <field name="Code" value="12" type="EnumLong" length="1" />
                     <field name="Extension data" value="122d0fba" type="Binary" length="4" />
                  </Bytes></ext_Teleservice.C3.BoxedType>
            </Ext_BasicServiceCode.Choice>
            <Ext_BasicServiceCode.Choice>
               <ext_BearerService.C2.BoxedType><Bytes>3287c6264687</Bytes></ext_BearerService.C2.BoxedType>
               <ext_Teleservice.C3.BoxedType><Bytes>a2f8c7c17d
                     <field name="Code" value="162" type="EnumLong" length="1" />
                     <field name="Extension data" value="f8c7c17d" type="Binary" length="4" />
                  </Bytes></ext_Teleservice.C3.BoxedType>
            </Ext_BasicServiceCode.Choice>
         </Collection>
      </basicServiceCriteria.C1.BoxedType>
      <callTypeCriteria.C2.Enum>
         <EnumType>forwarded.0</EnumType>
      </callTypeCriteria.C2.Enum>
      <o_CauseValueCriteria.C3.BoxedType>
         <Collection>
            <CauseValue.BoxedType><Bytes>b34395e1</Bytes></CauseValue.BoxedType>
            <CauseValue.BoxedType><Bytes>81e749</Bytes></CauseValue.BoxedType>
            <CauseValue.BoxedType><Bytes>e292418110124e02</Bytes></CauseValue.BoxedType>
         </Collection>
      </o_CauseValueCriteria.C3.BoxedType>
      <extensionContainer.C4.Sequence>
         <privateExtensionList.C0.BoxedType>
            <Collection>
               <PrivateExtension.Sequence>
                  <extId><ObjectIdentifier>0.1.289.83.60.108.79</ObjectIdentifier></extId>
                  <extType>e4b494dd835be15a</extType>
               </PrivateExtension.Sequence>
               <PrivateExtension.Sequence>
                  <extId><ObjectIdentifier>0.1.2105.71.126.121.114.55</ObjectIdentifier></extId>
                  <extType>57b0f1</extType>
               </PrivateExtension.Sequence>
               <PrivateExtension.Sequence>
                  <extId><ObjectIdentifier>0.1.284.12.53.102.69.41.74.90.103</ObjectIdentifier></extId>
                  <extType>fdb6873269530ddf96</extType>
               </PrivateExtension.Sequence>
            </Collection>
         </privateExtensionList.C0.BoxedType>
         <pcsExtensions.C1.Sequence></pcsExtensions.C1.Sequence>
      </extensionContainer.C4.Sequence>
   </O_BcsmCamelTDP_Criteria.Sequence>
</ASN>