<?xml version="1.0" encoding="UTF-8"?>

<ASN layer="MAP">
   <OR_NotAllowedParam.Sequence><extensionContainer.Sequence>
         <privateExtensionList.C0.BoxedType>
            <Collection>
               <PrivateExtension.Sequence>
                  <extId><ObjectIdentifier>0.1.293</ObjectIdentifier></extId>
                  <extType>9c87a277df87</extType>
               </PrivateExtension.Sequence>
               <PrivateExtension.Sequence>
                  <extId><ObjectIdentifier>0.1.268.28.115</ObjectIdentifier></extId>
                  <extType>5d3352e7193baf005b</extType>
               </PrivateExtension.Sequence>
               <PrivateExtension.Sequence>
                  <extId><ObjectIdentifier>0.1.29.120.119.126</ObjectIdentifier></extId>
                  <extType>dcd1dc8dce300543</extType>
               </PrivateExtension.Sequence>
            </Collection>
         </privateExtensionList.C0.BoxedType>
         <pcsExtensions.C1.Sequence></pcsExtensions.C1.Sequence>
      </extensionContainer.Sequence></OR_NotAllowedParam.Sequence>
</ASN>