<?xml version="1.0" encoding="UTF-8"?>

<ASN layer="MAP">
   <PDP_Context.Sequence>
      <pdp_ContextId.BoxedType><Integer>1</Integer></pdp_ContextId.BoxedType>
      <pdp_Type.C16.BoxedType><Bytes>b8fa
            <field name="spare" value="11" type="Integer" lengthBit="4" />
            <field name="PDP type organisation" value="reserved:8" type="EnumLong" lengthBit="4" />
            <field name="PDP type number" value="250" type="EnumLong" length="1" />
         </Bytes></pdp_Type.C16.BoxedType>
      <pdp_Address.C17.BoxedType><Bytes>711979c4
            <field name="IPV4  address" value="113.25.121.196" type="IPV4Address" length="4" />
         </Bytes></pdp_Address.C17.BoxedType>
      <qos_Subscribed.C18.BoxedType><Bytes>f37d87
            <field name="spare1" value="3" type="Integer" lengthBit="2" />
            <field name="Delay class" value="Delay class 4 (best effort):6" type="EnumLong" lengthBit="3" />
            <field name="Reliability class" value="Unacknowledged GTP and LLC; Acknowledged RLC, Protected data:3" type="EnumLong" lengthBit="3" />
            <field name="Peak throughput" value="Up to 64 000 octet/s:7" type="EnumLong" lengthBit="4" />
            <field name="spare2" value="1" type="Integer" lengthBit="1" />
            <field name="Precedence class" value="Normal priority:5" type="EnumLong" lengthBit="3" />
            <field name="spare3" value="4" type="Integer" lengthBit="3" />
            <field name="Mean throughput" value="10000 octet/h:7" type="EnumLong" lengthBit="5" />
         </Bytes></qos_Subscribed.C18.BoxedType>
      <vplmnAddressAllowed.C19></vplmnAddressAllowed.C19>
      <apn.C20.BoxedType><Bytes>37453932
            <field name="DNS string" value="7E92" type="String" length="2" />
         </Bytes></apn.C20.BoxedType>
      <extensionContainer.C21.Sequence>
         <privateExtensionList.C0.BoxedType>
            <Collection>
               <PrivateExtension.Sequence>
                  <extId><ObjectIdentifier>0.1.23.70.63</ObjectIdentifier></extId>
                  <extType>6a889406</extType>
               </PrivateExtension.Sequence>
               <PrivateExtension.Sequence>
                  <extId><ObjectIdentifier>0.1.289.42</ObjectIdentifier></extId>
                  <extType>b3c5af941b1ab0a4</extType>
               </PrivateExtension.Sequence>
               <PrivateExtension.Sequence>
                  <extId><ObjectIdentifier>0.1.243.40.39.3.76</ObjectIdentifier></extId>
                  <extType>b9a6a81c47fb</extType>
               </PrivateExtension.Sequence>
            </Collection>
         </privateExtensionList.C0.BoxedType>
         <pcsExtensions.C1.Sequence></pcsExtensions.C1.Sequence>
      </extensionContainer.C21.Sequence>
      <ext_QoS_Subscribed.C0.BoxedType><Bytes>19baa704a30e1ad87b
            <field name="Allocation/Retention Priority" value="25" type="Integer" length="1" />
            <field name="Traffic class" value="Reserved:5" type="EnumLong" lengthBit="3" />
            <field name="Delivery class" value="Reserved:3" type="EnumLong" lengthBit="2" />
            <field name="Delivery erroneous SDUs" value="Erroneous SDUs are delivered ('yes'):2" type="EnumLong" lengthBit="3" />
            <field name="Maximum SDU size" value="167" type="Integer" length="1" />
            <field name="Maximum bitrate uplink" value="4" type="Integer" length="1" />
            <field name="Maximum bitrate downlink" value="163" type="Integer" length="1" />
            <field name="SDU error ratio" value="Subscribed SDU error ratio / Reserved:0" type="EnumLong" lengthBit="4" />
            <field name="Residual BER" value="Reserved:14" type="EnumLong" lengthBit="4" />
            <field name="Transfer delay" value="6" type="Integer" lengthBit="6" />
            <field name="Traffic handling priority" value="Priority level 2:2" type="EnumLong" lengthBit="2" />
            <field name="Guaranteed bitrate uplink" value="216" type="Integer" length="1" />
            <field name="Guaranteed bitrate downlink" value="123" type="Integer" length="1" />
         </Bytes></ext_QoS_Subscribed.C0.BoxedType>
      <pdp_ChargingCharacteristics.C1.BoxedType><Bytes>725e
            <field name="Reserved" value="7" type="Integer" lengthBit="4" />
            <field name="N flag" value="0" type="Integer" lengthBit="1" />
            <field name="P flag" value="0" type="Integer" lengthBit="1" />
            <field name="F flag" value="1" type="Integer" lengthBit="1" />
            <field name="H flag" value="0" type="Integer" lengthBit="1" />
            <field name="Charging Value" value="94" type="Integer" length="1" />
         </Bytes></pdp_ChargingCharacteristics.C1.BoxedType>
      <ext2_QoS_Subscribed.C2.BoxedType><Bytes>02dcfe81f7
            <field name="spare" value="0" type="Integer" lengthBit="3" />
            <field name="Signalling Indication" value="Not optimised for signalling traffic:0" type="EnumLong" lengthBit="1" />
            <field name="Source Statistics Descriptor" value="unknown:2" type="EnumLong" lengthBit="4" />
            <field name="Maximum bitrate downlink (extended)" value="220" type="Integer" length="1" />
            <field name="Guaranteed bitrate downlink (extended)" value="254" type="Integer" length="1" />
            <field name="Maximum bitrate uplink (extended)" value="129" type="Integer" length="1" />
            <field name="Guaranteed bitrate uplink (extended)" value="247" type="Integer" length="1" />
         </Bytes></ext2_QoS_Subscribed.C2.BoxedType>
   </PDP_Context.Sequence>
</ASN>