<?xml version="1.0" encoding="UTF-8"?>

<ASN layer="MAP">
   <PositionMethodFailure_Param.Sequence>
      <positionMethodFailure_Diagnostic.C0.Enum>
         <EnumType>inconsistentMeasurementData.3</EnumType>
      </positionMethodFailure_Diagnostic.C0.Enum>
      <extensionContainer.C1.Sequence>
         <privateExtensionList.C0.BoxedType>
            <Collection>
               <PrivateExtension.Sequence>
                  <extId><ObjectIdentifier>0.1.227.105.91.59.17.116.91.61.96</ObjectIdentifier></extId>
                  <extType>fbfbc88f</extType>
               </PrivateExtension.Sequence>
               <PrivateExtension.Sequence>
                  <extId><ObjectIdentifier>0.1.2118.114.23.28.106.14.3.24.101</ObjectIdentifier></extId>
                  <extType>f759e6</extType>
               </PrivateExtension.Sequence>
               <PrivateExtension.Sequence>
                  <extId><ObjectIdentifier>0.1.263.103.67.110.21.124.63.109.113.2</ObjectIdentifier></extId>
                  <extType>2d</extType>
               </PrivateExtension.Sequence>
            </Collection>
         </privateExtensionList.C0.BoxedType>
         <pcsExtensions.C1.Sequence></pcsExtensions.C1.Sequence>
      </extensionContainer.C1.Sequence>
   </PositionMethodFailure_Param.Sequence>
</ASN>