<?xml version="1.0" encoding="UTF-8"?>

<ASN layer="MAP">
   <PrepareGroupCallRes.Sequence>
      <groupCallNumber.BoxedType><Bytes>474138468870
            <field name="extension" value="extension:0" type="EnumLong" lengthBit="1" />
            <field name="nature of address" value="subscriber number:4" type="EnumLong" lengthBit="3" />
            <field name="numbering plan" value="spare:7" type="EnumLong" lengthBit="4" />
            <field name="digits" value="1483648807" type="Number_BCD" length="5" />
         </Bytes></groupCallNumber.BoxedType>
      <extensionContainer.Sequence>
         <privateExtensionList.C0.BoxedType>
            <Collection>
               <PrivateExtension.Sequence>
                  <extId><ObjectIdentifier>0.1.2</ObjectIdentifier></extId>
                  <extType>137ff4ff</extType>
               </PrivateExtension.Sequence>
               <PrivateExtension.Sequence>
                  <extId><ObjectIdentifier>0.1.246.120.100.37.1.53.87</ObjectIdentifier></extId>
                  <extType>1c9c97f9ad03d9</extType>
               </PrivateExtension.Sequence>
               <PrivateExtension.Sequence>
                  <extId><ObjectIdentifier>0.1.282.45.76.98.17.88</ObjectIdentifier></extId>
                  <extType>7c5b400f8c6fe46c</extType>
               </PrivateExtension.Sequence>
            </Collection>
         </privateExtensionList.C0.BoxedType>
         <pcsExtensions.C1.Sequence></pcsExtensions.C1.Sequence>
      </extensionContainer.Sequence>
   </PrepareGroupCallRes.Sequence>
</ASN>