<?xml version="1.0" encoding="UTF-8"?>

<ASN layer="MAP">
   <PrepareHO_ResV3.BoxedType><PrepareHO_ResV3SequenceType.C3.Sequence>
         <handoverNumber.C0.BoxedType><Bytes>d732030076
               <field name="extension" value="no extension:1" type="EnumLong" lengthBit="1" />
               <field name="nature of address" value="reserved:5" type="EnumLong" lengthBit="3" />
               <field name="numbering plan" value="spare:7" type="EnumLong" lengthBit="4" />
               <field name="digits" value="23300067" type="Number_BCD" length="4" />
            </Bytes></handoverNumber.C0.BoxedType>
         <relocationNumberList.C1.BoxedType>
            <Collection>
               <RelocationNumber.Sequence>
                  <handoverNumber.BoxedType><Bytes>d01131843204
                        <field name="extension" value="no extension:1" type="EnumLong" lengthBit="1" />
                        <field name="nature of address" value="reserved:5" type="EnumLong" lengthBit="3" />
                        <field name="numbering plan" value="unknown:0" type="EnumLong" lengthBit="4" />
                        <field name="digits" value="1113482340" type="Number_BCD" length="5" />
                     </Bytes></handoverNumber.BoxedType>
                  <rab_Id.BoxedType><Integer>1</Integer></rab_Id.BoxedType>
               </RelocationNumber.Sequence>
               <RelocationNumber.Sequence>
                  <handoverNumber.BoxedType><Bytes>103132100601
                        <field name="extension" value="extension:0" type="EnumLong" lengthBit="1" />
                        <field name="nature of address" value="international number:1" type="EnumLong" lengthBit="3" />
                        <field name="numbering plan" value="unknown:0" type="EnumLong" lengthBit="4" />
                        <field name="digits" value="1323016010" type="Number_BCD" length="5" />
                     </Bytes></handoverNumber.BoxedType>
                  <rab_Id.BoxedType><Integer>2</Integer></rab_Id.BoxedType>
               </RelocationNumber.Sequence>
               <RelocationNumber.Sequence>
                  <handoverNumber.BoxedType><Bytes>893174301710
                        <field name="extension" value="no extension:1" type="EnumLong" lengthBit="1" />
                        <field name="nature of address" value="unknown:0" type="EnumLong" lengthBit="3" />
                        <field name="numbering plan" value="private numbering plan:9" type="EnumLong" lengthBit="4" />
                        <field name="digits" value="1347037101" type="Number_BCD" length="5" />
                     </Bytes></handoverNumber.BoxedType>
                  <rab_Id.BoxedType><Integer>0</Integer></rab_Id.BoxedType>
               </RelocationNumber.Sequence>
            </Collection>
         </relocationNumberList.C1.BoxedType>
         <an_APDU.C2.Sequence>
            <accessNetworkProtocolId.Enum>
               <EnumType>ts3G_48006.1</EnumType>
            </accessNetworkProtocolId.Enum>
            <signalInfo.BoxedType><Bytes>95effe</Bytes></signalInfo.BoxedType>
            <extensionContainer.Sequence>
               <privateExtensionList.C0.BoxedType>
                  <Collection>
                     <PrivateExtension.Sequence>
                        <extId><ObjectIdentifier>0.1.223</ObjectIdentifier></extId>
                        <extType>39</extType>
                     </PrivateExtension.Sequence>
                     <PrivateExtension.Sequence>
                        <extId><ObjectIdentifier>0.1.2</ObjectIdentifier></extId>
                        <extType>1d941bfd74d89e0543</extType>
                     </PrivateExtension.Sequence>
                     <PrivateExtension.Sequence>
                        <extId><ObjectIdentifier>0.1.240.17.69.67.87.119.110.16</ObjectIdentifier></extId>
                        <extType>9bf893</extType>
                     </PrivateExtension.Sequence>
                  </Collection>
               </privateExtensionList.C0.BoxedType>
               <pcsExtensions.C1.Sequence></pcsExtensions.C1.Sequence>
            </extensionContainer.Sequence>
         </an_APDU.C2.Sequence>
         <multicallBearerInfo.C3.BoxedType><Integer>1</Integer></multicallBearerInfo.C3.BoxedType>
         <multipleBearerNotSupported></multipleBearerNotSupported>
         <selectedUMTS_Algorithms.C5.Sequence>
            <integrityProtectionAlgorithm.C0.BoxedType><Bytes>a23af59714efc82de4</Bytes></integrityProtectionAlgorithm.C0.BoxedType>
            <encryptionAlgorithm.C1.BoxedType><Bytes>d65169</Bytes></encryptionAlgorithm.C1.BoxedType>
            <extensionContainer.C2.Sequence>
               <privateExtensionList.C0.BoxedType>
                  <Collection>
                     <PrivateExtension.Sequence>
                        <extId><ObjectIdentifier>0.1.229.105.78.18.82.40.32</ObjectIdentifier></extId>
                        <extType>daf55a</extType>
                     </PrivateExtension.Sequence>
                     <PrivateExtension.Sequence>
                        <extId><ObjectIdentifier>0.1.280.66.125.60.106</ObjectIdentifier></extId>
                        <extType>1b74b9abc9ad4e582fa2</extType>
                     </PrivateExtension.Sequence>
                     <PrivateExtension.Sequence>
                        <extId><ObjectIdentifier>0.1.230.79.122.113.34.5.42.32.94</ObjectIdentifier></extId>
                        <extType>f59e93c0</extType>
                     </PrivateExtension.Sequence>
                  </Collection>
               </privateExtensionList.C0.BoxedType>
               <pcsExtensions.C1.Sequence></pcsExtensions.C1.Sequence>
            </extensionContainer.C2.Sequence>
         </selectedUMTS_Algorithms.C5.Sequence>
         <chosenRadioResourceInformation.C6.Sequence>
            <chosenChannelInfo.C0.BoxedType><Bytes>4bc1ae</Bytes></chosenChannelInfo.C0.BoxedType>
            <chosenSpeechVersion.C1.BoxedType><Bytes>71616adbb6</Bytes></chosenSpeechVersion.C1.BoxedType>
         </chosenRadioResourceInformation.C6.Sequence>
         <extensionContainer.C4.Sequence>
            <privateExtensionList.C0.BoxedType>
               <Collection>
                  <PrivateExtension.Sequence>
                     <extId><ObjectIdentifier>0.1.276.47.124.33</ObjectIdentifier></extId>
                     <extType>ebdf8485511affc3</extType>
                  </PrivateExtension.Sequence>
                  <PrivateExtension.Sequence>
                     <extId><ObjectIdentifier>0.1.244.56.118</ObjectIdentifier></extId>
                     <extType>0dadfe1870e6949b3f</extType>
                  </PrivateExtension.Sequence>
                  <PrivateExtension.Sequence>
                     <extId><ObjectIdentifier>0.1.2105.86.62.10.58.39.103.76.40</ObjectIdentifier></extId>
                     <extType>40b13c9e2820b022</extType>
                  </PrivateExtension.Sequence>
               </Collection>
            </privateExtensionList.C0.BoxedType>
            <pcsExtensions.C1.Sequence></pcsExtensions.C1.Sequence>
         </extensionContainer.C4.Sequence>
         <iuSelectedCodec.C7.BoxedType><Bytes>cd16cf</Bytes></iuSelectedCodec.C7.BoxedType>
         <iuAvailableCodecsList.C8.Sequence>
            <codec1.C1.BoxedType><Bytes>5682fd6bd5d7437b</Bytes></codec1.C1.BoxedType>
            <codec2.C2.BoxedType><Bytes>47</Bytes></codec2.C2.BoxedType>
            <codec3.C3.BoxedType><Bytes>87fc895c</Bytes></codec3.C3.BoxedType>
            <codec4.C4.BoxedType><Bytes>bb1e63</Bytes></codec4.C4.BoxedType>
            <codec5.C5.BoxedType><Bytes>7b9c48</Bytes></codec5.C5.BoxedType>
            <codec6.C6.BoxedType><Bytes>b8171191bd90</Bytes></codec6.C6.BoxedType>
            <codec7.C7.BoxedType><Bytes>7a337db4ce3e257b3ab5</Bytes></codec7.C7.BoxedType>
            <codec8.C8.BoxedType><Bytes>4eb123044b6756ab8a74</Bytes></codec8.C8.BoxedType>
            <extensionContainer.C9.Sequence>
               <privateExtensionList.C0.BoxedType>
                  <Collection>
                     <PrivateExtension.Sequence>
                        <extId><ObjectIdentifier>0.1.247.77.55.100.104.59.6.69</ObjectIdentifier></extId>
                        <extType>1f5cd0f1</extType>
                     </PrivateExtension.Sequence>
                     <PrivateExtension.Sequence>
                        <extId><ObjectIdentifier>0.1.2</ObjectIdentifier></extId>
                        <extType>7d58</extType>
                     </PrivateExtension.Sequence>
                     <PrivateExtension.Sequence>
                        <extId><ObjectIdentifier>0.1.252.105.117</ObjectIdentifier></extId>
                        <extType>bdce371ede69</extType>
                     </PrivateExtension.Sequence>
                  </Collection>
               </privateExtensionList.C0.BoxedType>
               <pcsExtensions.C1.Sequence></pcsExtensions.C1.Sequence>
            </extensionContainer.C9.Sequence>
         </iuAvailableCodecsList.C8.Sequence>
      </PrepareHO_ResV3SequenceType.C3.Sequence></PrepareHO_ResV3.BoxedType>
</ASN>