<?xml version="1.0" encoding="UTF-8"?>

<ASN layer="MAP">
   <PrepareSubsequentHOArgV3.BoxedType><PrepareSubsequentHOArgV3SequenceType.C3.Sequence>
         <targetCellId.C0.BoxedType><Bytes>a42c3ba80a0c</Bytes></targetCellId.C0.BoxedType>
         <targetMSC_Number.C1.BoxedType><Bytes>f71165327923
               <field name="extension" value="no extension:1" type="EnumLong" lengthBit="1" />
               <field name="nature of address" value="reserved for extension:7" type="EnumLong" lengthBit="3" />
               <field name="numbering plan" value="spare:7" type="EnumLong" lengthBit="4" />
               <field name="digits" value="1156239732" type="Number_BCD" length="5" />
            </Bytes></targetMSC_Number.C1.BoxedType>
         <targetRNCId.C2.BoxedType><Bytes>88dc</Bytes></targetRNCId.C2.BoxedType>
         <an_APDU.C3.Sequence>
            <accessNetworkProtocolId.Enum>
               <EnumType>ts3G_48006.1</EnumType>
            </accessNetworkProtocolId.Enum>
            <signalInfo.BoxedType><Bytes>8a37224f09</Bytes></signalInfo.BoxedType>
            <extensionContainer.Sequence>
               <privateExtensionList.C0.BoxedType>
                  <Collection>
                     <PrivateExtension.Sequence>
                        <extId><ObjectIdentifier>0.1.292.83.35.36.116</ObjectIdentifier></extId>
                        <extType>3291</extType>
                     </PrivateExtension.Sequence>
                     <PrivateExtension.Sequence>
                        <extId><ObjectIdentifier>0.1.2100.118.13.102.51.61.124.35</ObjectIdentifier></extId>
                        <extType>31f293c29cec463ec2</extType>
                     </PrivateExtension.Sequence>
                     <PrivateExtension.Sequence>
                        <extId><ObjectIdentifier>0.1.2120.69.28.117.120.33.93.39.49</ObjectIdentifier></extId>
                        <extType>2243</extType>
                     </PrivateExtension.Sequence>
                  </Collection>
               </privateExtensionList.C0.BoxedType>
               <pcsExtensions.C1.Sequence></pcsExtensions.C1.Sequence>
            </extensionContainer.Sequence>
         </an_APDU.C3.Sequence>
         <selectedRab_Id.C4.BoxedType><Integer>1</Integer></selectedRab_Id.C4.BoxedType>
         <extensionContainer.C5.Sequence>
            <privateExtensionList.C0.BoxedType>
               <Collection>
                  <PrivateExtension.Sequence>
                     <extId><ObjectIdentifier>0.1.2127.40.67.68</ObjectIdentifier></extId>
                     <extType>f88037d108</extType>
                  </PrivateExtension.Sequence>
                  <PrivateExtension.Sequence>
                     <extId><ObjectIdentifier>0.1.2118</ObjectIdentifier></extId>
                     <extType>c3d56d</extType>
                  </PrivateExtension.Sequence>
                  <PrivateExtension.Sequence>
                     <extId><ObjectIdentifier>0.1.21.46.123.55.96.33.16.93.42.95</ObjectIdentifier></extId>
                     <extType>df98</extType>
                  </PrivateExtension.Sequence>
               </Collection>
            </privateExtensionList.C0.BoxedType>
            <pcsExtensions.C1.Sequence></pcsExtensions.C1.Sequence>
         </extensionContainer.C5.Sequence>
         <geran_classmark.C6.BoxedType><Bytes>498692faf94085</Bytes></geran_classmark.C6.BoxedType>
         <rab_ConfigurationIndicator.C7></rab_ConfigurationIndicator.C7>
      </PrepareSubsequentHOArgV3SequenceType.C3.Sequence></PrepareSubsequentHOArgV3.BoxedType>
</ASN>