<?xml version="1.0" encoding="UTF-8"?>

<ASN layer="CAP">
   <ActivateTraceModeArg.Sequence>
      <imsi.C0.BoxedType><TBCD_STRING.BoxedType><Bytes>1118688263
               <field name="digits" value="1181862836" type="Number_BCD" length="5" />
            </Bytes></TBCD_STRING.BoxedType></imsi.C0.BoxedType>
      <traceReference.C1.BoxedType><Bytes>25cc37</Bytes></traceReference.C1.BoxedType>
      <traceType.C2.BoxedType><Integer>2</Integer></traceType.C2.BoxedType>
      <omc_Id.C3.BoxedType><Bytes>2365826499f3
            <field name="extension" value="extension:0" type="EnumLong" lengthBit="1" />
            <field name="nature of address" value="national significant number:2" type="EnumLong" lengthBit="3" />
            <field name="numbering plan" value="data numbering plan (ITU-T Rec X.121):3" type="EnumLong" lengthBit="4" />
            <field name="digits" value="562846993" type="Number_BCD" lengthBit="36" />
         </Bytes></omc_Id.C3.BoxedType>
      <extensionContainer.C4.Sequence>
         <privateExtensionList.C0.BoxedType>
            <Collection>
               <PrivateExtension.Sequence>
                  <extId><ObjectIdentifier>0.1.2117.114.94</ObjectIdentifier></extId>
                  <extType>3e56f6ab918a2b0051</extType>
               </PrivateExtension.Sequence>
               <PrivateExtension.Sequence>
                  <extId><ObjectIdentifier>0.1.239.33.24.23.51.119.116.81</ObjectIdentifier></extId>
                  <extType>a0a18a725372</extType>
               </PrivateExtension.Sequence>
               <PrivateExtension.Sequence>
                  <extId><ObjectIdentifier>0.1.252.76.19.8.86.21.39.41</ObjectIdentifier></extId>
                  <extType>d34cf79854bd19</extType>
               </PrivateExtension.Sequence>
            </Collection>
         </privateExtensionList.C0.BoxedType>
         <pcs_Extensions.C1.Sequence>
            
         </pcs_Extensions.C1.Sequence>
      </extensionContainer.C4.Sequence>
      <traceReference2.C5.BoxedType><Bytes>4d24</Bytes></traceReference2.C5.BoxedType>
      <traceDepthList.C6.Sequence>
         <msc_s_TraceDepth.C0.Enum>
            <EnumType>minimum.0</EnumType>
         </msc_s_TraceDepth.C0.Enum>
         <mgw_TraceDepth.C1.Enum>
            <EnumType>minimum.0</EnumType>
         </mgw_TraceDepth.C1.Enum>
         <sgsn_TraceDepth.C2.Enum>
            <EnumType>medium.1</EnumType>
         </sgsn_TraceDepth.C2.Enum>
         <ggsn_TraceDepth.C3.Enum>
            <EnumType>medium.1</EnumType>
         </ggsn_TraceDepth.C3.Enum>
         <rnc_TraceDepth.C4.Enum>
            <EnumType>minimum.0</EnumType>
         </rnc_TraceDepth.C4.Enum>
         <bmsc_TraceDepth.C5.Enum>
            <EnumType>maximum.2</EnumType>
         </bmsc_TraceDepth.C5.Enum>
         <mme_TraceDepth.C6.Enum>
            <EnumType>medium.1</EnumType>
         </mme_TraceDepth.C6.Enum>
         <sgw_TraceDepth.C7.Enum>
            <EnumType>maximum.2</EnumType>
         </sgw_TraceDepth.C7.Enum>
         <pgw_TraceDepth.C8.Enum>
            <EnumType>medium.1</EnumType>
         </pgw_TraceDepth.C8.Enum>
         <eNB_TraceDepth.C9.Enum>
            <EnumType>maximum.2</EnumType>
         </eNB_TraceDepth.C9.Enum>
         <msc_s_TraceDepthExtension.C10.Enum>
            <EnumType>mediumWithoutVendorSpecificExtension.1</EnumType>
         </msc_s_TraceDepthExtension.C10.Enum>
         <mgw_TraceDepthExtension.C11.Enum>
            <EnumType>minimumWithoutVendorSpecificExtension.0</EnumType>
         </mgw_TraceDepthExtension.C11.Enum>
         <sgsn_TraceDepthExtension.C12.Enum>
            <EnumType>minimumWithoutVendorSpecificExtension.0</EnumType>
         </sgsn_TraceDepthExtension.C12.Enum>
         <ggsn_TraceDepthExtension.C13.Enum>
            <EnumType>mediumWithoutVendorSpecificExtension.1</EnumType>
         </ggsn_TraceDepthExtension.C13.Enum>
         <rnc_TraceDepthExtension.C14.Enum>
            <EnumType>minimumWithoutVendorSpecificExtension.0</EnumType>
         </rnc_TraceDepthExtension.C14.Enum>
         <bmsc_TraceDepthExtension.C15.Enum>
            <EnumType>minimumWithoutVendorSpecificExtension.0</EnumType>
         </bmsc_TraceDepthExtension.C15.Enum>
         <mme_TraceDepthExtension.C16.Enum>
            <EnumType>mediumWithoutVendorSpecificExtension.1</EnumType>
         </mme_TraceDepthExtension.C16.Enum>
         <sgw_TraceDepthExtension.C17.Enum>
            <EnumType>minimumWithoutVendorSpecificExtension.0</EnumType>
         </sgw_TraceDepthExtension.C17.Enum>
         <pgw_TraceDepthExtension.C18.Enum>
            <EnumType>mediumWithoutVendorSpecificExtension.1</EnumType>
         </pgw_TraceDepthExtension.C18.Enum>
         <eNB_TraceDepthExtension.C19.Enum>
            <EnumType>mediumWithoutVendorSpecificExtension.1</EnumType>
         </eNB_TraceDepthExtension.C19.Enum>
      </traceDepthList.C6.Sequence>
      <traceNE_TypeList.C7.BoxedType><BitString><BitString value="25f0e0" trailing="0"/></BitString></traceNE_TypeList.C7.BoxedType>
      <traceInterfaceList.C8.Sequence>
         <msc_s_List.C0.BoxedType><BitString><BitString value="77ba" trailing="0"/></BitString></msc_s_List.C0.BoxedType>
         <mgw_List.C1.BoxedType><BitString><BitString value="717db82ed03774ce761267cddf80895f" trailing="0"/></BitString></mgw_List.C1.BoxedType>
         <sgsn_List.C2.BoxedType><BitString><BitString value="ef280108cd2b998d2c5a0908352ae0ff1adf35" trailing="0"/></BitString></sgsn_List.C2.BoxedType>
         <ggsn_List.C3.BoxedType><BitString><BitString value="5ee8e125e03847" trailing="0"/></BitString></ggsn_List.C3.BoxedType>
         <rnc_List.C4.BoxedType><BitString><BitString value="e8bdaa0c1b0aaea1" trailing="0"/></BitString></rnc_List.C4.BoxedType>
         <bmsc_List.C5.BoxedType><BitString><BitString value="5efdbf721e911968" trailing="0"/></BitString></bmsc_List.C5.BoxedType>
         <mme_List.C6.BoxedType><BitString><BitString value="333e8dab876d0e273b" trailing="0"/></BitString></mme_List.C6.BoxedType>
         <sgw_List.C7.BoxedType><BitString><BitString value="1928709bf4e52a" trailing="0"/></BitString></sgw_List.C7.BoxedType>
         <pgw_List.C8.BoxedType><BitString><BitString value="71c7e6b0f718855fb8cc49" trailing="0"/></BitString></pgw_List.C8.BoxedType>
         <eNB_List.C9.BoxedType><BitString><BitString value="1be9041096ff20ecce80d9d0a154ea" trailing="0"/></BitString></eNB_List.C9.BoxedType>
      </traceInterfaceList.C8.Sequence>
      <traceEventList.C9.Sequence>
         <msc_s_List.C0.BoxedType><BitString><BitString value="61675dc549d832a519c0bda9141f60" trailing="0"/></BitString></msc_s_List.C0.BoxedType>
         <mgw_List.C1.BoxedType><BitString><BitString value="d25b3dfe2514c2c407f4a8092c346a2c9486" trailing="0"/></BitString></mgw_List.C1.BoxedType>
         <sgsn_List.C2.BoxedType><BitString><BitString value="4512d703189069fc64" trailing="0"/></BitString></sgsn_List.C2.BoxedType>
         <ggsn_List.C3.BoxedType><BitString><BitString value="4b0039" trailing="0"/></BitString></ggsn_List.C3.BoxedType>
         <bmsc_List.C4.BoxedType><BitString><BitString value="99dc" trailing="0"/></BitString></bmsc_List.C4.BoxedType>
         <mme_List.C5.BoxedType><BitString><BitString value="2c8dd1499e7dce0fae03ce935a3ec5" trailing="0"/></BitString></mme_List.C5.BoxedType>
         <sgw_List.C6.BoxedType><BitString><BitString value="297da059" trailing="0"/></BitString></sgw_List.C6.BoxedType>
         <pgw_List.C7.BoxedType><BitString><BitString value="c09877920a" trailing="0"/></BitString></pgw_List.C7.BoxedType>
      </traceEventList.C9.Sequence>
      <traceCollectionEntity.C10.BoxedType><Bytes>62129b1f61
            <field name="Address type" value="IPV6:1" type="EnumLong" lengthBit="2" />
            <field name="AddressLength" value="34" type="Integer" lengthBit="6" />
            <field name="IPV4 address" value="18.155.31.97" type="IPV4Address" length="4" />
         </Bytes></traceCollectionEntity.C10.BoxedType>
      <mdt_Configuration.C11.Sequence>
         <jobType.Enum>
            <EnumType>logged_MDT_only.1</EnumType>
         </jobType.Enum>
         <areaScope.Sequence>
            <cgi_List.C0.BoxedType>
               <Collection>
                  <GlobalCellId.BoxedType><Bytes>c6</Bytes></GlobalCellId.BoxedType>
                  <GlobalCellId.BoxedType><Bytes>51cc</Bytes></GlobalCellId.BoxedType>
                  <GlobalCellId.BoxedType><Bytes>1bd9</Bytes></GlobalCellId.BoxedType>
               </Collection>
            </cgi_List.C0.BoxedType>
            <e_utran_cgi_List.C1.BoxedType>
               <Collection>
                  <E_UTRAN_CGI.BoxedType><Bytes>7da9648af5e29256</Bytes></E_UTRAN_CGI.BoxedType>
                  <E_UTRAN_CGI.BoxedType><Bytes>c55b07</Bytes></E_UTRAN_CGI.BoxedType>
                  <E_UTRAN_CGI.BoxedType><Bytes>bd1d950e898e3c32</Bytes></E_UTRAN_CGI.BoxedType>
               </Collection>
            </e_utran_cgi_List.C1.BoxedType>
            <routingAreaId_List.C2.BoxedType>
               <Collection>
                  <RAIdentity.BoxedType><Bytes>12f056622fe4
                        <field name="MMC" value="210,65" type="NumberMMC" length="3" />
                        <field name="LAC" value="25135" type="Integer" length="2" />
                        <field name="RAC" value="228" type="Integer" length="1" />
                     </Bytes></RAIdentity.BoxedType>
                  <RAIdentity.BoxedType><Bytes>228581b7b8f6
                        <field name="MMC" value="225,188" type="NumberMMC" length="3" />
                        <field name="LAC" value="47032" type="Integer" length="2" />
                        <field name="RAC" value="246" type="Integer" length="1" />
                     </Bytes></RAIdentity.BoxedType>
                  <RAIdentity.BoxedType><Bytes>71989101f17c
                        <field name="MMC" value="178,199" type="NumberMMC" length="3" />
                        <field name="LAC" value="497" type="Integer" length="2" />
                        <field name="RAC" value="124" type="Integer" length="1" />
                     </Bytes></RAIdentity.BoxedType>
               </Collection>
            </routingAreaId_List.C2.BoxedType>
            <locationAreaId_List.C3.BoxedType>
               <Collection>
                  <LAIFixedLength.BoxedType><Bytes>219281059f
                        <field name="MMC" value="122,189" type="NumberMMC" length="3" />
                        <field name="LAC" value="1439" type="Integer" length="2" />
                     </Bytes></LAIFixedLength.BoxedType>
                  <LAIFixedLength.BoxedType><Bytes>01f3951ac2
                        <field name="MMC" value="103,59" type="NumberMMC" length="3" />
                        <field name="LAC" value="6850" type="Integer" length="2" />
                     </Bytes></LAIFixedLength.BoxedType>
                  <LAIFixedLength.BoxedType><Bytes>12f081d6a8
                        <field name="MMC" value="210,18" type="NumberMMC" length="3" />
                        <field name="LAC" value="54952" type="Integer" length="2" />
                     </Bytes></LAIFixedLength.BoxedType>
               </Collection>
            </locationAreaId_List.C3.BoxedType>
            <trackingAreaId_List.C4.BoxedType>
               <Collection>
                  <TA_Id.BoxedType><Bytes>eb</Bytes></TA_Id.BoxedType>
                  <TA_Id.BoxedType><Bytes>a511</Bytes></TA_Id.BoxedType>
                  <TA_Id.BoxedType><Bytes>44ce201e5669</Bytes></TA_Id.BoxedType>
               </Collection>
            </trackingAreaId_List.C4.BoxedType>
            <extensionContainer.C5.Sequence>
               <privateExtensionList.C0.BoxedType>
                  <Collection>
                     <PrivateExtension.Sequence>
                        <extId><ObjectIdentifier>0.1.210</ObjectIdentifier></extId>
                        <extType>cf0556a6218709d30930</extType>
                     </PrivateExtension.Sequence>
                     <PrivateExtension.Sequence>
                        <extId><ObjectIdentifier>0.1.259.69.81.1.35.69.8.82</ObjectIdentifier></extId>
                        <extType>86a4be</extType>
                     </PrivateExtension.Sequence>
                     <PrivateExtension.Sequence>
                        <extId><ObjectIdentifier>0.1.2119.35</ObjectIdentifier></extId>
                        <extType>5a24</extType>
                     </PrivateExtension.Sequence>
                  </Collection>
               </privateExtensionList.C0.BoxedType>
               <pcs_Extensions.C1.Sequence>
                  
               </pcs_Extensions.C1.Sequence>
            </extensionContainer.C5.Sequence>
         </areaScope.Sequence>
         <listOfMeasurements.BoxedType><Bytes>5c2c04af3c160259</Bytes></listOfMeasurements.BoxedType>
         <reportingTrigger.C0.BoxedType><Bytes>31e26e2a</Bytes></reportingTrigger.C0.BoxedType>
         <reportInterval.Enum>
            <EnumType>umts24000ms.11</EnumType>
         </reportInterval.Enum>
         <reportAmount.C1.Enum>
            <EnumType>d4.2</EnumType>
         </reportAmount.C1.Enum>
         <eventThresholdRSRP.BoxedType><Integer>1</Integer></eventThresholdRSRP.BoxedType>
         <eventThresholdRSRQ.C2.BoxedType><Integer>2</Integer></eventThresholdRSRQ.C2.BoxedType>
         <loggingInterval.C3.Enum>
            <EnumType>d2dot56.1</EnumType>
         </loggingInterval.C3.Enum>
         <loggingDuration.C4.Enum>
            <EnumType>d2400sec.2</EnumType>
         </loggingDuration.C4.Enum>
         <extensionContainer.C5.Sequence>
            <privateExtensionList.C0.BoxedType>
               <Collection>
                  <PrivateExtension.Sequence>
                     <extId><ObjectIdentifier>0.1.26.126.19.88.9.120.3</ObjectIdentifier></extId>
                     <extType>edd8fe</extType>
                  </PrivateExtension.Sequence>
                  <PrivateExtension.Sequence>
                     <extId><ObjectIdentifier>0.1.2125.22.20.109.71</ObjectIdentifier></extId>
                     <extType>ba398a7d38b0fbe2</extType>
                  </PrivateExtension.Sequence>
                  <PrivateExtension.Sequence>
                     <extId><ObjectIdentifier>0.1.292.25.30.93.17</ObjectIdentifier></extId>
                     <extType>69857c1c</extType>
                  </PrivateExtension.Sequence>
               </Collection>
            </privateExtensionList.C0.BoxedType>
            <pcs_Extensions.C1.Sequence>
               
            </pcs_Extensions.C1.Sequence>
         </extensionContainer.C5.Sequence>
         <measurementPeriodUMTS.C6.Enum>
            <EnumType>d250ms.0</EnumType>
         </measurementPeriodUMTS.C6.Enum>
         <measurementPeriodLTE.C7.Enum>
            <EnumType>d1280ms.1</EnumType>
         </measurementPeriodLTE.C7.Enum>
         <collectionPeriodRRM_UMTS.C8.Enum>
            <EnumType>d24000ms.11</EnumType>
         </collectionPeriodRRM_UMTS.C8.Enum>
         <collectionPeriodRRM_LTE.C9.Enum>
            <EnumType>d1280ms.1</EnumType>
         </collectionPeriodRRM_LTE.C9.Enum>
         <positioningMethod.C10.BoxedType><Bytes>2241f87500a3f77dd80c</Bytes></positioningMethod.C10.BoxedType>
         <measurementQuantity.C11.BoxedType><Bytes>2e23360e</Bytes></measurementQuantity.C11.BoxedType>
         <eventThreshold1F.C12.BoxedType><Integer>0</Integer></eventThreshold1F.C12.BoxedType>
         <eventThreshold1I.C13.BoxedType><Integer>2</Integer></eventThreshold1I.C13.BoxedType>
      </mdt_Configuration.C11.Sequence>
   </ActivateTraceModeArg.Sequence>
</ASN>