<?xml version="1.0" encoding="UTF-8"?>

<ASN layer="CAP">
   <ActivateTraceModeRes.Sequence>
      <extensionContainer.C0.Sequence>
         <privateExtensionList.C0.BoxedType>
            <Collection>
               <PrivateExtension.Sequence>
                  <extId><ObjectIdentifier>0.1.2122.114.62.94.94.94.92</ObjectIdentifier></extId>
                  <extType>555305ca1ad74407</extType>
               </PrivateExtension.Sequence>
               <PrivateExtension.Sequence>
                  <extId><ObjectIdentifier>0.1.2121.47.34.120.26.28.4</ObjectIdentifier></extId>
                  <extType>11bea8c4</extType>
               </PrivateExtension.Sequence>
               <PrivateExtension.Sequence>
                  <extId><ObjectIdentifier>0.1.225.100</ObjectIdentifier></extId>
                  <extType>1e226610ef47</extType>
               </PrivateExtension.Sequence>
            </Collection>
         </privateExtensionList.C0.BoxedType>
         <pcs_Extensions.C1.Sequence>
            
         </pcs_Extensions.C1.Sequence>
      </extensionContainer.C0.Sequence>
      <traceSupportIndicator.C1></traceSupportIndicator.C1>
   </ActivateTraceModeRes.Sequence>
</ASN>