<?xml version="1.0" encoding="UTF-8"?>

<ASN layer="CAP">
   <ApplyChargingReportGPRSArg.Sequence>
      <chargingResult.C0.Choice>
         <transferredVolume.C0.Choice>
            <volumeIfNoTariffSwitch.C0>3802972038</volumeIfNoTariffSwitch.C0>
            <volumeIfTariffSwitch.C1.Sequence>
               <volumeSinceLastTariffSwitch.C0>3898047025</volumeSinceLastTariffSwitch.C0>
               <volumeTariffSwitchInterval.C1>3534524377</volumeTariffSwitchInterval.C1>
            </volumeIfTariffSwitch.C1.Sequence>
         </transferredVolume.C0.Choice>
         <elapsedTime.C1.Choice>
            <timeGPRSIfNoTariffSwitch.C0>1</timeGPRSIfNoTariffSwitch.C0>
            <timeGPRSIfTariffSwitch.C1.Sequence>
               <timeGPRSSinceLastTariffSwitch.C0>2</timeGPRSSinceLastTariffSwitch.C0>
               <timeGPRSTariffSwitchInterval.C1>1</timeGPRSTariffSwitchInterval.C1>
            </timeGPRSIfTariffSwitch.C1.Sequence>
         </elapsedTime.C1.Choice>
      </chargingResult.C0.Choice>
      <qualityOfService.C1.Sequence>
         <requested_QoS.C0.Choice>
            <short_QoS_format.C0.BoxedType><Bytes>a2bd32
                  <field name="spare1" value="2" type="Integer" lengthBit="2" />
                  <field name="Delay class" value="Delay class 4 (best effort):4" type="EnumLong" lengthBit="3" />
                  <field name="Reliability class" value="Unacknowledged GTP; Acknowledged LLC and RLC, Protected data:2" type="EnumLong" lengthBit="3" />
                  <field name="Peak throughput" value="Up to 1 000 octet/s:11" type="EnumLong" lengthBit="4" />
                  <field name="spare2" value="1" type="Integer" lengthBit="1" />
                  <field name="Precedence class" value="Normal priority:5" type="EnumLong" lengthBit="3" />
                  <field name="spare3" value="1" type="Integer" lengthBit="3" />
                  <field name="Mean throughput" value="50000000 octet/h:18" type="EnumLong" lengthBit="5" />
               </Bytes></short_QoS_format.C0.BoxedType>
            <long_QoS_format.C1.BoxedType><Bytes>42d3b2b577d697714a
                  <field name="Allocation/Retention Priority" value="66" type="Integer" length="1" />
                  <field name="Traffic class" value="Reserved:6" type="EnumLong" lengthBit="3" />
                  <field name="Delivery class" value="Without delivery order ('no'):2" type="EnumLong" lengthBit="2" />
                  <field name="Delivery erroneous SDUs" value="Erroneous SDUs are not delivered ('no'):3" type="EnumLong" lengthBit="3" />
                  <field name="Maximum SDU size" value="178" type="Integer" length="1" />
                  <field name="Maximum bitrate uplink" value="181" type="Integer" length="1" />
                  <field name="Maximum bitrate downlink" value="119" type="Integer" length="1" />
                  <field name="SDU error ratio" value="Reserved:13" type="EnumLong" lengthBit="4" />
                  <field name="Residual BER" value="1*10 power -4:6" type="EnumLong" lengthBit="4" />
                  <field name="Transfer delay" value="37" type="Integer" lengthBit="6" />
                  <field name="Traffic handling priority" value="Priority level 3:3" type="EnumLong" lengthBit="2" />
                  <field name="Guaranteed bitrate uplink" value="113" type="Integer" length="1" />
                  <field name="Guaranteed bitrate downlink" value="74" type="Integer" length="1" />
               </Bytes></long_QoS_format.C1.BoxedType>
         </requested_QoS.C0.Choice>
         <subscribed_QoS.C1.Choice>
            <short_QoS_format.C0.BoxedType><Bytes>e6a0b5
                  <field name="spare1" value="3" type="Integer" lengthBit="2" />
                  <field name="Delay class" value="Delay class 4 (best effort):4" type="EnumLong" lengthBit="3" />
                  <field name="Reliability class" value="Unacknowledged GTP, LLC, and RLC, Protected data:6" type="EnumLong" lengthBit="3" />
                  <field name="Peak throughput" value="Up to 1 000 octet/s:10" type="EnumLong" lengthBit="4" />
                  <field name="spare2" value="0" type="Integer" lengthBit="1" />
                  <field name="Precedence class" value="Subscribed precedence class / Reserved:0" type="EnumLong" lengthBit="3" />
                  <field name="spare3" value="5" type="Integer" lengthBit="3" />
                  <field name="Mean throughput" value="Best effort:21" type="EnumLong" lengthBit="5" />
               </Bytes></short_QoS_format.C0.BoxedType>
            <long_QoS_format.C1.BoxedType><Bytes>64346013bf46c0b1ff
                  <field name="Allocation/Retention Priority" value="100" type="Integer" length="1" />
                  <field name="Traffic class" value="Conversational class:1" type="EnumLong" lengthBit="3" />
                  <field name="Delivery class" value="Without delivery order ('no'):2" type="EnumLong" lengthBit="2" />
                  <field name="Delivery erroneous SDUs" value="Reserved:4" type="EnumLong" lengthBit="3" />
                  <field name="Maximum SDU size" value="96" type="Integer" length="1" />
                  <field name="Maximum bitrate uplink" value="19" type="Integer" length="1" />
                  <field name="Maximum bitrate downlink" value="191" type="Integer" length="1" />
                  <field name="SDU error ratio" value="1*10 power -4:4" type="EnumLong" lengthBit="4" />
                  <field name="Residual BER" value="1*10 power -4:6" type="EnumLong" lengthBit="4" />
                  <field name="Transfer delay" value="48" type="Integer" lengthBit="6" />
                  <field name="Traffic handling priority" value="Subscribed traffic handling priority / Reserved:0" type="EnumLong" lengthBit="2" />
                  <field name="Guaranteed bitrate uplink" value="177" type="Integer" length="1" />
                  <field name="Guaranteed bitrate downlink" value="255" type="Integer" length="1" />
               </Bytes></long_QoS_format.C1.BoxedType>
         </subscribed_QoS.C1.Choice>
         <negotiated_QoS.C2.Choice>
            <short_QoS_format.C0.BoxedType><Bytes>a2c6b1
                  <field name="spare1" value="2" type="Integer" lengthBit="2" />
                  <field name="Delay class" value="Delay class 4 (best effort):4" type="EnumLong" lengthBit="3" />
                  <field name="Reliability class" value="Unacknowledged GTP; Acknowledged LLC and RLC, Protected data:2" type="EnumLong" lengthBit="3" />
                  <field name="Peak throughput" value="Up to 1 000 octet/s:12" type="EnumLong" lengthBit="4" />
                  <field name="spare2" value="0" type="Integer" lengthBit="1" />
                  <field name="Precedence class" value="Normal priority:6" type="EnumLong" lengthBit="3" />
                  <field name="spare3" value="5" type="Integer" lengthBit="3" />
                  <field name="Mean throughput" value="20000000 octet/h:17" type="EnumLong" lengthBit="5" />
               </Bytes></short_QoS_format.C0.BoxedType>
            <long_QoS_format.C1.BoxedType><Bytes>b2e07a4841a4f8ce0e
                  <field name="Allocation/Retention Priority" value="178" type="Integer" length="1" />
                  <field name="Traffic class" value="Reserved:7" type="EnumLong" lengthBit="3" />
                  <field name="Delivery class" value="Subscribed delivery class / Reserved:0" type="EnumLong" lengthBit="2" />
                  <field name="Delivery erroneous SDUs" value="Subscribed delivery of erroneous SDUs / Reserved:0" type="EnumLong" lengthBit="3" />
                  <field name="Maximum SDU size" value="122" type="Integer" length="1" />
                  <field name="Maximum bitrate uplink" value="72" type="Integer" length="1" />
                  <field name="Maximum bitrate downlink" value="65" type="Integer" length="1" />
                  <field name="SDU error ratio" value="Reserved:10" type="EnumLong" lengthBit="4" />
                  <field name="Residual BER" value="4*10 power -3:4" type="EnumLong" lengthBit="4" />
                  <field name="Transfer delay" value="62" type="Integer" lengthBit="6" />
                  <field name="Traffic handling priority" value="Subscribed traffic handling priority / Reserved:0" type="EnumLong" lengthBit="2" />
                  <field name="Guaranteed bitrate uplink" value="206" type="Integer" length="1" />
                  <field name="Guaranteed bitrate downlink" value="14" type="Integer" length="1" />
               </Bytes></long_QoS_format.C1.BoxedType>
         </negotiated_QoS.C2.Choice>
         <requested_QoS_Extension.C3.Sequence>
            <supplement_to_long_QoS_format.C0.BoxedType><Bytes>3fc73833b6
                  <field name="spare" value="1" type="Integer" lengthBit="3" />
                  <field name="Signalling Indication" value="Optimised for signalling traffic:1" type="EnumLong" lengthBit="1" />
                  <field name="Source Statistics Descriptor" value="unknown:15" type="EnumLong" lengthBit="4" />
                  <field name="Maximum bitrate downlink (extended)" value="199" type="Integer" length="1" />
                  <field name="Guaranteed bitrate downlink (extended)" value="56" type="Integer" length="1" />
                  <field name="Maximum bitrate uplink (extended)" value="51" type="Integer" length="1" />
                  <field name="Guaranteed bitrate uplink (extended)" value="182" type="Integer" length="1" />
               </Bytes></supplement_to_long_QoS_format.C0.BoxedType>
            <additionalSupplement.C1.BoxedType><Bytes>d0d9
                  <field name="Maximum bitrate uplink (extended)" value="208" type="Integer" length="1" />
                  <field name="Guaranteed bitrate uplink (extended)" value="217" type="Integer" length="1" />
               </Bytes></additionalSupplement.C1.BoxedType>
         </requested_QoS_Extension.C3.Sequence>
         <subscribed_QoS_Extension.C4.Sequence>
            <supplement_to_long_QoS_format.C0.BoxedType><Bytes>81248813b2
                  <field name="spare" value="4" type="Integer" lengthBit="3" />
                  <field name="Signalling Indication" value="Not optimised for signalling traffic:0" type="EnumLong" lengthBit="1" />
                  <field name="Source Statistics Descriptor" value="speech:1" type="EnumLong" lengthBit="4" />
                  <field name="Maximum bitrate downlink (extended)" value="36" type="Integer" length="1" />
                  <field name="Guaranteed bitrate downlink (extended)" value="136" type="Integer" length="1" />
                  <field name="Maximum bitrate uplink (extended)" value="19" type="Integer" length="1" />
                  <field name="Guaranteed bitrate uplink (extended)" value="178" type="Integer" length="1" />
               </Bytes></supplement_to_long_QoS_format.C0.BoxedType>
            <additionalSupplement.C1.BoxedType><Bytes>4298
                  <field name="Maximum bitrate uplink (extended)" value="66" type="Integer" length="1" />
                  <field name="Guaranteed bitrate uplink (extended)" value="152" type="Integer" length="1" />
               </Bytes></additionalSupplement.C1.BoxedType>
         </subscribed_QoS_Extension.C4.Sequence>
         <negotiated_QoS_Extension.C5.Sequence>
            <supplement_to_long_QoS_format.C0.BoxedType><Bytes>3224ae79be
                  <field name="spare" value="1" type="Integer" lengthBit="3" />
                  <field name="Signalling Indication" value="Optimised for signalling traffic:1" type="EnumLong" lengthBit="1" />
                  <field name="Source Statistics Descriptor" value="unknown:2" type="EnumLong" lengthBit="4" />
                  <field name="Maximum bitrate downlink (extended)" value="36" type="Integer" length="1" />
                  <field name="Guaranteed bitrate downlink (extended)" value="174" type="Integer" length="1" />
                  <field name="Maximum bitrate uplink (extended)" value="121" type="Integer" length="1" />
                  <field name="Guaranteed bitrate uplink (extended)" value="190" type="Integer" length="1" />
               </Bytes></supplement_to_long_QoS_format.C0.BoxedType>
            <additionalSupplement.C1.BoxedType><Bytes>5ab3
                  <field name="Maximum bitrate uplink (extended)" value="90" type="Integer" length="1" />
                  <field name="Guaranteed bitrate uplink (extended)" value="179" type="Integer" length="1" />
               </Bytes></additionalSupplement.C1.BoxedType>
         </negotiated_QoS_Extension.C5.Sequence>
      </qualityOfService.C1.Sequence>
      <active.C2d>false:0</active.C2d>
      <pDPId.C3.BoxedType><Bytes>8dddd6</Bytes></pDPId.C3.BoxedType>
      <chargingRollOver.C4.Choice>
         <transferredVolumeRollOver.C0.Choice>
            <rO_VolumeIfNoTariffSwitch.C0>2</rO_VolumeIfNoTariffSwitch.C0>
            <rO_VolumeIfTariffSwitch.C1.Sequence>
               <rO_VolumeSinceLastTariffSwitch.C0>1</rO_VolumeSinceLastTariffSwitch.C0>
               <rO_VolumeTariffSwitchInterval.C1>2</rO_VolumeTariffSwitchInterval.C1>
            </rO_VolumeIfTariffSwitch.C1.Sequence>
         </transferredVolumeRollOver.C0.Choice>
         <elapsedTimeRollOver.C1.Choice>
            <rO_TimeGPRSIfNoTariffSwitch.C0>2</rO_TimeGPRSIfNoTariffSwitch.C0>
            <rO_TimeGPRSIfTariffSwitch.C1.Sequence>
               <rO_TimeGPRSSinceLastTariffSwitch.C0>1</rO_TimeGPRSSinceLastTariffSwitch.C0>
               <rO_TimeGPRSTariffSwitchInterval.C1>2</rO_TimeGPRSTariffSwitchInterval.C1>
            </rO_TimeGPRSIfTariffSwitch.C1.Sequence>
         </elapsedTimeRollOver.C1.Choice>
      </chargingRollOver.C4.Choice>
   </ApplyChargingReportGPRSArg.Sequence>
</ASN>