<?xml version="1.0" encoding="UTF-8"?>

<ASN layer="CAP">
   <ATM_NotAllowedParam.Sequence><extensionContainer.Sequence>
         <privateExtensionList.C0.BoxedType>
            <Collection>
               <PrivateExtension.Sequence>
                  <extId><ObjectIdentifier>0.1.2126</ObjectIdentifier></extId>
                  <extType>23de6ae28d9fc26a</extType>
               </PrivateExtension.Sequence>
               <PrivateExtension.Sequence>
                  <extId><ObjectIdentifier>0.1.2</ObjectIdentifier></extId>
                  <extType>a09500b9</extType>
               </PrivateExtension.Sequence>
               <PrivateExtension.Sequence>
                  <extId><ObjectIdentifier>0.1.261.96.74.31.103.85.23.105.64</ObjectIdentifier></extId>
                  <extType>8bcc7f300b</extType>
               </PrivateExtension.Sequence>
            </Collection>
         </privateExtensionList.C0.BoxedType>
         <pcs_Extensions.C1.Sequence>
            
         </pcs_Extensions.C1.Sequence>
      </extensionContainer.Sequence></ATM_NotAllowedParam.Sequence>
</ASN>