<?xml version="1.0" encoding="UTF-8"?>

<ASN layer="CAP">
   <AuthenticationFailureReportRes.Sequence><extensionContainer.Sequence>
         <privateExtensionList.C0.BoxedType>
            <Collection>
               <PrivateExtension.Sequence>
                  <extId><ObjectIdentifier>0.1.2113.44.106.104.86.14.101.105.76</ObjectIdentifier></extId>
                  <extType>3aa1</extType>
               </PrivateExtension.Sequence>
               <PrivateExtension.Sequence>
                  <extId><ObjectIdentifier>0.1.297</ObjectIdentifier></extId>
                  <extType>4de72e35a4dc51f1</extType>
               </PrivateExtension.Sequence>
               <PrivateExtension.Sequence>
                  <extId><ObjectIdentifier>0.1.28</ObjectIdentifier></extId>
                  <extType>9574</extType>
               </PrivateExtension.Sequence>
            </Collection>
         </privateExtensionList.C0.BoxedType>
         <pcs_Extensions.C1.Sequence>
            
         </pcs_Extensions.C1.Sequence>
      </extensionContainer.Sequence></AuthenticationFailureReportRes.Sequence>
</ASN>