<?xml version="1.0" encoding="UTF-8"?>

<ASN layer="CAP">
   <BCSMEventArray.BoxedType>
      <Collection>
         <BCSMEvent.Sequence>
            <eventTypeBCSM.C0.Enum>
               <EnumType>tChangeOfPosition.51</EnumType>
            </eventTypeBCSM.C0.Enum>
            <monitorMode.C1.Enum>
               <EnumType>interrupted.0</EnumType>
            </monitorMode.C1.Enum>
            <legID.C2.Choice>
               <sendingSideID.C0.BoxedType><Bytes>01
                     <field name="LegType" value="leg1 LegType:1" type="EnumLong" length="1" />
                  </Bytes></sendingSideID.C0.BoxedType>
               <receivingSideID.C1.BoxedType><Bytes>a2
                     <field name="LegType" value="162" type="EnumLong" length="1" />
                  </Bytes></receivingSideID.C1.BoxedType>
            </legID.C2.Choice>
            <dpSpecificCriteria.C30.Choice>
               <applicationTimer.C1.BoxedType><Integer>1</Integer></applicationTimer.C1.BoxedType>
               <midCallControlInfo.C2.Sequence>
                  <minimumNumberOfDigits.C0d>1</minimumNumberOfDigits.C0d>
                  <maximumNumberOfDigits.C1d>2</maximumNumberOfDigits.C1d>
                  <endOfReplyDigit.C2>57b93801</endOfReplyDigit.C2>
                  <cancelDigit.C3>793071</cancelDigit.C3>
                  <startDigit.C4>9d5602f2f06ce45673</startDigit.C4>
                  <interDigitTimeout.C6d>0</interDigitTimeout.C6d>
               </midCallControlInfo.C2.Sequence>
               <dpSpecificCriteriaAlt.C3.Sequence>
                  <changeOfPositionControlInfo.C0.BoxedType>
                     <Collection>
                        <ChangeOfLocation.Choice>
                           <cellGlobalId.C0.BoxedType><Bytes>411711c0ea5468
                                 <field name="MMC" value="147,111" type="NumberMMC" length="3" />
                                 <field name="LAC" value="49386" type="Integer" length="2" />
                                 <field name="CI_SAC" value="21608" type="Integer" length="2" />
                              </Bytes></cellGlobalId.C0.BoxedType>
                           <serviceAreaId.C1.BoxedType><Bytes>71f7253cb1b5af
                                 <field name="MMC" value="177,52" type="NumberMMC" length="3" />
                                 <field name="LAC" value="15537" type="Integer" length="2" />
                                 <field name="CI_SAC" value="46511" type="Integer" length="2" />
                              </Bytes></serviceAreaId.C1.BoxedType>
                           <locationAreaId.C2.BoxedType><Bytes>51f0433172
                                 <field name="MMC" value="150,34" type="NumberMMC" length="3" />
                                 <field name="LAC" value="12658" type="Integer" length="2" />
                              </Bytes></locationAreaId.C2.BoxedType>
                           <inter_SystemHandOver.C3></inter_SystemHandOver.C3>
                           <inter_PLMNHandOver.C4></inter_PLMNHandOver.C4>
                           <inter_MSCHandOver.C5></inter_MSCHandOver.C5>
                           <changeOfLocationAlt.C6.Sequence>
                              
                           </changeOfLocationAlt.C6.Sequence>
                        </ChangeOfLocation.Choice>
                        <ChangeOfLocation.Choice>
                           <cellGlobalId.C0.BoxedType><Bytes>415312f67d8db1
                                 <field name="MMC" value="143,215" type="NumberMMC" length="3" />
                                 <field name="LAC" value="63101" type="Integer" length="2" />
                                 <field name="CI_SAC" value="36273" type="Integer" length="2" />
                              </Bytes></cellGlobalId.C0.BoxedType>
                           <serviceAreaId.C1.BoxedType><Bytes>017902cd45887f
                                 <field name="MMC" value="109,207" type="NumberMMC" length="3" />
                                 <field name="LAC" value="52549" type="Integer" length="2" />
                                 <field name="CI_SAC" value="34943" type="Integer" length="2" />
                              </Bytes></serviceAreaId.C1.BoxedType>
                           <locationAreaId.C2.BoxedType><Bytes>916851ccf3
                                 <field name="MMC" value="198,156" type="NumberMMC" length="3" />
                                 <field name="LAC" value="52467" type="Integer" length="2" />
                              </Bytes></locationAreaId.C2.BoxedType>
                           <inter_SystemHandOver.C3></inter_SystemHandOver.C3>
                           <inter_PLMNHandOver.C4></inter_PLMNHandOver.C4>
                           <inter_MSCHandOver.C5></inter_MSCHandOver.C5>
                           <changeOfLocationAlt.C6.Sequence>
                              
                           </changeOfLocationAlt.C6.Sequence>
                        </ChangeOfLocation.Choice>
                        <ChangeOfLocation.Choice>
                           <cellGlobalId.C0.BoxedType><Bytes>2124513dba700e
                                 <field name="MMC" value="124,152" type="NumberMMC" length="3" />
                                 <field name="LAC" value="15802" type="Integer" length="2" />
                                 <field name="CI_SAC" value="28686" type="Integer" length="2" />
                              </Bytes></cellGlobalId.C0.BoxedType>
                           <serviceAreaId.C1.BoxedType><Bytes>61f0350daf6ad1
                                 <field name="MMC" value="160,53" type="NumberMMC" length="3" />
                                 <field name="LAC" value="3503" type="Integer" length="2" />
                                 <field name="CI_SAC" value="27345" type="Integer" length="2" />
                              </Bytes></serviceAreaId.C1.BoxedType>
                           <locationAreaId.C2.BoxedType><Bytes>12f68994e9
                                 <field name="MMC" value="216,98" type="NumberMMC" length="3" />
                                 <field name="LAC" value="38121" type="Integer" length="2" />
                              </Bytes></locationAreaId.C2.BoxedType>
                           <inter_SystemHandOver.C3></inter_SystemHandOver.C3>
                           <inter_PLMNHandOver.C4></inter_PLMNHandOver.C4>
                           <inter_MSCHandOver.C5></inter_MSCHandOver.C5>
                           <changeOfLocationAlt.C6.Sequence>
                              
                           </changeOfLocationAlt.C6.Sequence>
                        </ChangeOfLocation.Choice>
                     </Collection>
                  </changeOfPositionControlInfo.C0.BoxedType>
                  <numberOfDigits.C1.BoxedType><Integer>2</Integer></numberOfDigits.C1.BoxedType>
                  <interDigitTimeout.C2>1</interDigitTimeout.C2>
               </dpSpecificCriteriaAlt.C3.Sequence>
            </dpSpecificCriteria.C30.Choice>
            <automaticRearm.C50></automaticRearm.C50>
         </BCSMEvent.Sequence>
         <BCSMEvent.Sequence>
            <eventTypeBCSM.C0.Enum>
               <EnumType>tDisconnect.17</EnumType>
            </eventTypeBCSM.C0.Enum>
            <monitorMode.C1.Enum>
               <EnumType>notifyAndContinue.1</EnumType>
            </monitorMode.C1.Enum>
            <legID.C2.Choice>
               <sendingSideID.C0.BoxedType><Bytes>c4
                     <field name="LegType" value="196" type="EnumLong" length="1" />
                  </Bytes></sendingSideID.C0.BoxedType>
               <receivingSideID.C1.BoxedType><Bytes>55
                     <field name="LegType" value="85" type="EnumLong" length="1" />
                  </Bytes></receivingSideID.C1.BoxedType>
            </legID.C2.Choice>
            <dpSpecificCriteria.C30.Choice>
               <applicationTimer.C1.BoxedType><Integer>1</Integer></applicationTimer.C1.BoxedType>
               <midCallControlInfo.C2.Sequence>
                  <minimumNumberOfDigits.C0d>1</minimumNumberOfDigits.C0d>
                  <maximumNumberOfDigits.C1d>0</maximumNumberOfDigits.C1d>
                  <endOfReplyDigit.C2>4fcd2f479ea36686d9</endOfReplyDigit.C2>
                  <cancelDigit.C3>4a8e996b014d3d</cancelDigit.C3>
                  <startDigit.C4>aa</startDigit.C4>
                  <interDigitTimeout.C6d>2</interDigitTimeout.C6d>
               </midCallControlInfo.C2.Sequence>
               <dpSpecificCriteriaAlt.C3.Sequence>
                  <changeOfPositionControlInfo.C0.BoxedType>
                     <Collection>
                        <ChangeOfLocation.Choice>
                           <cellGlobalId.C0.BoxedType><Bytes>1161115ba0779b
                                 <field name="MMC" value="111,116" type="NumberMMC" length="3" />
                                 <field name="LAC" value="23456" type="Integer" length="2" />
                                 <field name="CI_SAC" value="30619" type="Integer" length="2" />
                              </Bytes></cellGlobalId.C0.BoxedType>
                           <serviceAreaId.C1.BoxedType><Bytes>71356177a74a28
                                 <field name="MMC" value="175,163" type="NumberMMC" length="3" />
                                 <field name="LAC" value="30631" type="Integer" length="2" />
                                 <field name="CI_SAC" value="18984" type="Integer" length="2" />
                              </Bytes></serviceAreaId.C1.BoxedType>
                           <locationAreaId.C2.BoxedType><Bytes>2238420a6a
                                 <field name="MMC" value="228,243" type="NumberMMC" length="3" />
                                 <field name="LAC" value="2666" type="Integer" length="2" />
                              </Bytes></locationAreaId.C2.BoxedType>
                           <inter_SystemHandOver.C3></inter_SystemHandOver.C3>
                           <inter_PLMNHandOver.C4></inter_PLMNHandOver.C4>
                           <inter_MSCHandOver.C5></inter_MSCHandOver.C5>
                           <changeOfLocationAlt.C6.Sequence>
                              
                           </changeOfLocationAlt.C6.Sequence>
                        </ChangeOfLocation.Choice>
                        <ChangeOfLocation.Choice>
                           <cellGlobalId.C0.BoxedType><Bytes>425851fb4e043d
                                 <field name="MMC" value="248,155" type="NumberMMC" length="3" />
                                 <field name="LAC" value="64334" type="Integer" length="2" />
                                 <field name="CI_SAC" value="1085" type="Integer" length="2" />
                              </Bytes></cellGlobalId.C0.BoxedType>
                           <serviceAreaId.C1.BoxedType><Bytes>71f417c343102a
                                 <field name="MMC" value="174,71" type="NumberMMC" length="3" />
                                 <field name="LAC" value="49987" type="Integer" length="2" />
                                 <field name="CI_SAC" value="4138" type="Integer" length="2" />
                              </Bytes></serviceAreaId.C1.BoxedType>
                           <locationAreaId.C2.BoxedType><Bytes>81f6395d3d
                                 <field name="MMC" value="186,93" type="NumberMMC" length="3" />
                                 <field name="LAC" value="23869" type="Integer" length="2" />
                              </Bytes></locationAreaId.C2.BoxedType>
                           <inter_SystemHandOver.C3></inter_SystemHandOver.C3>
                           <inter_PLMNHandOver.C4></inter_PLMNHandOver.C4>
                           <inter_MSCHandOver.C5></inter_MSCHandOver.C5>
                           <changeOfLocationAlt.C6.Sequence>
                              
                           </changeOfLocationAlt.C6.Sequence>
                        </ChangeOfLocation.Choice>
                        <ChangeOfLocation.Choice>
                           <cellGlobalId.C0.BoxedType><Bytes>120642b2172cf7
                                 <field name="MMC" value="216,240" type="NumberMMC" length="3" />
                                 <field name="LAC" value="45591" type="Integer" length="2" />
                                 <field name="CI_SAC" value="11511" type="Integer" length="2" />
                              </Bytes></cellGlobalId.C0.BoxedType>
                           <serviceAreaId.C1.BoxedType><Bytes>51f432e2dba4b7
                                 <field name="MMC" value="154,23" type="NumberMMC" length="3" />
                                 <field name="LAC" value="58075" type="Integer" length="2" />
                                 <field name="CI_SAC" value="42167" type="Integer" length="2" />
                              </Bytes></serviceAreaId.C1.BoxedType>
                           <locationAreaId.C2.BoxedType><Bytes>01f686f488
                                 <field name="MMC" value="106,68" type="NumberMMC" length="3" />
                                 <field name="LAC" value="62600" type="Integer" length="2" />
                              </Bytes></locationAreaId.C2.BoxedType>
                           <inter_SystemHandOver.C3></inter_SystemHandOver.C3>
                           <inter_PLMNHandOver.C4></inter_PLMNHandOver.C4>
                           <inter_MSCHandOver.C5></inter_MSCHandOver.C5>
                           <changeOfLocationAlt.C6.Sequence>
                              
                           </changeOfLocationAlt.C6.Sequence>
                        </ChangeOfLocation.Choice>
                     </Collection>
                  </changeOfPositionControlInfo.C0.BoxedType>
                  <numberOfDigits.C1.BoxedType><Integer>1</Integer></numberOfDigits.C1.BoxedType>
                  <interDigitTimeout.C2>1</interDigitTimeout.C2>
               </dpSpecificCriteriaAlt.C3.Sequence>
            </dpSpecificCriteria.C30.Choice>
            <automaticRearm.C50></automaticRearm.C50>
         </BCSMEvent.Sequence>
         <BCSMEvent.Sequence>
            <eventTypeBCSM.C0.Enum>
               <EnumType>termAttemptAuthorized.12</EnumType>
            </eventTypeBCSM.C0.Enum>
            <monitorMode.C1.Enum>
               <EnumType>notifyAndContinue.1</EnumType>
            </monitorMode.C1.Enum>
            <legID.C2.Choice>
               <sendingSideID.C0.BoxedType><Bytes>d8
                     <field name="LegType" value="216" type="EnumLong" length="1" />
                  </Bytes></sendingSideID.C0.BoxedType>
               <receivingSideID.C1.BoxedType><Bytes>fd
                     <field name="LegType" value="253" type="EnumLong" length="1" />
                  </Bytes></receivingSideID.C1.BoxedType>
            </legID.C2.Choice>
            <dpSpecificCriteria.C30.Choice>
               <applicationTimer.C1.BoxedType><Integer>0</Integer></applicationTimer.C1.BoxedType>
               <midCallControlInfo.C2.Sequence>
                  <minimumNumberOfDigits.C0d>0</minimumNumberOfDigits.C0d>
                  <maximumNumberOfDigits.C1d>1</maximumNumberOfDigits.C1d>
                  <endOfReplyDigit.C2>578143</endOfReplyDigit.C2>
                  <cancelDigit.C3>94e59430dc5b1c929a</cancelDigit.C3>
                  <startDigit.C4>011497212eb2f3b1</startDigit.C4>
                  <interDigitTimeout.C6d>0</interDigitTimeout.C6d>
               </midCallControlInfo.C2.Sequence>
               <dpSpecificCriteriaAlt.C3.Sequence>
                  <changeOfPositionControlInfo.C0.BoxedType>
                     <Collection>
                        <ChangeOfLocation.Choice>
                           <cellGlobalId.C0.BoxedType><Bytes>3298310038a379
                                 <field name="MMC" value="238,139" type="NumberMMC" length="3" />
                                 <field name="LAC" value="56" type="Integer" length="2" />
                                 <field name="CI_SAC" value="41849" type="Integer" length="2" />
                              </Bytes></cellGlobalId.C0.BoxedType>
                           <serviceAreaId.C1.BoxedType><Bytes>4184228f5afa85
                                 <field name="MMC" value="144,228" type="NumberMMC" length="3" />
                                 <field name="LAC" value="36698" type="Integer" length="2" />
                                 <field name="CI_SAC" value="64133" type="Integer" length="2" />
                              </Bytes></serviceAreaId.C1.BoxedType>
                           <locationAreaId.C2.BoxedType><Bytes>814221bbc7
                                 <field name="MMC" value="182,124" type="NumberMMC" length="3" />
                                 <field name="LAC" value="48071" type="Integer" length="2" />
                              </Bytes></locationAreaId.C2.BoxedType>
                           <inter_SystemHandOver.C3></inter_SystemHandOver.C3>
                           <inter_PLMNHandOver.C4></inter_PLMNHandOver.C4>
                           <inter_MSCHandOver.C5></inter_MSCHandOver.C5>
                           <changeOfLocationAlt.C6.Sequence>
                              
                           </changeOfLocationAlt.C6.Sequence>
                        </ChangeOfLocation.Choice>
                        <ChangeOfLocation.Choice>
                           <cellGlobalId.C0.BoxedType><Bytes>71f607efbd678e
                                 <field name="MMC" value="176,70" type="NumberMMC" length="3" />
                                 <field name="LAC" value="61373" type="Integer" length="2" />
                                 <field name="CI_SAC" value="26510" type="Integer" length="2" />
                              </Bytes></cellGlobalId.C0.BoxedType>
                           <serviceAreaId.C1.BoxedType><Bytes>32780214965ebd
                                 <field name="MMC" value="238,207" type="NumberMMC" length="3" />
                                 <field name="LAC" value="5270" type="Integer" length="2" />
                                 <field name="CI_SAC" value="24253" type="Integer" length="2" />
                              </Bytes></serviceAreaId.C1.BoxedType>
                           <locationAreaId.C2.BoxedType><Bytes>32470231ab
                                 <field name="MMC" value="237,204" type="NumberMMC" length="3" />
                                 <field name="LAC" value="12715" type="Integer" length="2" />
                              </Bytes></locationAreaId.C2.BoxedType>
                           <inter_SystemHandOver.C3></inter_SystemHandOver.C3>
                           <inter_PLMNHandOver.C4></inter_PLMNHandOver.C4>
                           <inter_MSCHandOver.C5></inter_MSCHandOver.C5>
                           <changeOfLocationAlt.C6.Sequence>
                              
                           </changeOfLocationAlt.C6.Sequence>
                        </ChangeOfLocation.Choice>
                        <ChangeOfLocation.Choice>
                           <cellGlobalId.C0.BoxedType><Bytes>714902ab1434b6
                                 <field name="MMC" value="179,204" type="NumberMMC" length="3" />
                                 <field name="LAC" value="43796" type="Integer" length="2" />
                                 <field name="CI_SAC" value="13494" type="Integer" length="2" />
                              </Bytes></cellGlobalId.C0.BoxedType>
                           <serviceAreaId.C1.BoxedType><Bytes>12f176f01279b5
                                 <field name="MMC" value="211,67" type="NumberMMC" length="3" />
                                 <field name="LAC" value="61458" type="Integer" length="2" />
                                 <field name="CI_SAC" value="31157" type="Integer" length="2" />
                              </Bytes></serviceAreaId.C1.BoxedType>
                           <locationAreaId.C2.BoxedType><Bytes>22f776ccc8
                                 <field name="MMC" value="227,67" type="NumberMMC" length="3" />
                                 <field name="LAC" value="52424" type="Integer" length="2" />
                              </Bytes></locationAreaId.C2.BoxedType>
                           <inter_SystemHandOver.C3></inter_SystemHandOver.C3>
                           <inter_PLMNHandOver.C4></inter_PLMNHandOver.C4>
                           <inter_MSCHandOver.C5></inter_MSCHandOver.C5>
                           <changeOfLocationAlt.C6.Sequence>
                              
                           </changeOfLocationAlt.C6.Sequence>
                        </ChangeOfLocation.Choice>
                     </Collection>
                  </changeOfPositionControlInfo.C0.BoxedType>
                  <numberOfDigits.C1.BoxedType><Integer>2</Integer></numberOfDigits.C1.BoxedType>
                  <interDigitTimeout.C2>0</interDigitTimeout.C2>
               </dpSpecificCriteriaAlt.C3.Sequence>
            </dpSpecificCriteria.C30.Choice>
            <automaticRearm.C50></automaticRearm.C50>
         </BCSMEvent.Sequence>
      </Collection>
   </BCSMEventArray.BoxedType>
</ASN>