<?xml version="1.0" encoding="UTF-8"?>

<ASN layer="CAP">
   <CallGapArg.Sequence>
      <gapCriteria.C0.Choice>
         <compoundGapCriteria.Sequence>
            <basicGapCriteria.C0.Choice>
               <callingAddressAndService.C30.Sequence>
                  <callingAddressValue.C0.BoxedType><Bytes>34b9c8b922</Bytes></callingAddressValue.C0.BoxedType>
                  <serviceKey.C1.BoxedType><Integer>1</Integer></serviceKey.C1.BoxedType>
               </callingAddressAndService.C30.Sequence>
            </basicGapCriteria.C0.Choice>
            <scfID.C1.BoxedType><Bytes>6d</Bytes></scfID.C1.BoxedType>
         </compoundGapCriteria.Sequence>
      </gapCriteria.C0.Choice>
      <gapIndicators.C1.Sequence>
         <duration.C0.BoxedType><Integer>1</Integer></duration.C0.BoxedType>
         <gapInterval.C1.BoxedType><Integer>1</Integer></gapInterval.C1.BoxedType>
      </gapIndicators.C1.Sequence>
      <controlType.C2.Enum>
         <EnumType>sCPOverloaded.0</EnumType>
      </controlType.C2.Enum>
      <gapTreatment.C3.Choice>
         <releaseCause.C1.BoxedType><Bytes>654234
               <field name="ext1" value="continue:0" type="EnumLong" lengthBit="1" />
               <field name="Coding standard" value="Standard specific to identified location (see Note):3" type="EnumLong" lengthBit="2" />
               <field name="Spare" value="0" type="Integer" lengthBit="1" />
               <field name="Location" value="private network serving the remote user (RPN):5" type="EnumLong" lengthBit="4" />
               <field name="ext3" value="continue:0" type="EnumLong" lengthBit="1" />
               <field name="Cause value" value="Class 100 service or option not implemented : Channel type not implemented:66" type="EnumLong" lengthBit="7" />
               <field name="Diagnostics" value="34" type="Binary" length="1" />
            </Bytes></releaseCause.C1.BoxedType>
      </gapTreatment.C3.Choice>
      <extensions.C4.BoxedType>
         <Collection>
            <ExtensionField.Sequence>
               <type.Choice>
                  <global><ObjectIdentifier>0.1.242.39.63.71.27.57.107.79.24</ObjectIdentifier></global>
               </type.Choice>
               <criticality.nulld.Enum>
                  <EnumType>abort.1</EnumType>
               </criticality.nulld.Enum>
               <NullObject.C1></NullObject.C1>
            </ExtensionField.Sequence>
            <ExtensionField.Sequence>
               <type.Choice>
                  <global><ObjectIdentifier>0.1.246.39.5.63.54.60.70.103.42.107</ObjectIdentifier></global>
               </type.Choice>
               <criticality.nulld.Enum>
                  <EnumType>abort.1</EnumType>
               </criticality.nulld.Enum>
               <NullObject.C1></NullObject.C1>
            </ExtensionField.Sequence>
            <ExtensionField.Sequence>
               <type.Choice>
                  <global><ObjectIdentifier>0.1.278.106.82.37</ObjectIdentifier></global>
               </type.Choice>
               <criticality.nulld.Enum>
                  <EnumType>abort.1</EnumType>
               </criticality.nulld.Enum>
               <NullObject.C1></NullObject.C1>
            </ExtensionField.Sequence>
         </Collection>
      </extensions.C4.BoxedType>
   </CallGapArg.Sequence>
</ASN>