<?xml version="1.0" encoding="UTF-8"?>

<ASN layer="CAP">
   <CallInformationReportArg.Sequence>
      <requestedInformationList.C0.BoxedType>
         <Collection>
            <RequestedInformation.Sequence>
               <requestedInformationType.C0.Enum>
                  <EnumType>callAttemptElapsedTime.0</EnumType>
               </requestedInformationType.C0.Enum>
               <requestedInformationValue.C1.Choice>
                  <callAttemptElapsedTimeValue.C0>1</callAttemptElapsedTimeValue.C0>
                  <callStopTimeValue.C1.BoxedType><Bytes>b4b308d67044</Bytes></callStopTimeValue.C1.BoxedType>
                  <callConnectedElapsedTimeValue.C2.BoxedType><Integer>1</Integer></callConnectedElapsedTimeValue.C2.BoxedType>
                  <releaseCauseValue.C30.BoxedType><Bytes>a8e8ac
                        <field name="ext1" value="last octet:1" type="EnumLong" lengthBit="1" />
                        <field name="Coding standard" value="ISO/IEC Standard (see Note):1" type="EnumLong" lengthBit="2" />
                        <field name="Spare" value="0" type="Integer" lengthBit="1" />
                        <field name="Location" value="spare:8" type="EnumLong" lengthBit="4" />
                        <field name="ext3" value="last octet:1" type="EnumLong" lengthBit="1" />
                        <field name="Cause value" value="104" type="EnumLong" lengthBit="7" />
                        <field name="Diagnostics" value="ac" type="Binary" length="1" />
                     </Bytes></releaseCauseValue.C30.BoxedType>
               </requestedInformationValue.C1.Choice>
            </RequestedInformation.Sequence>
            <RequestedInformation.Sequence>
               <requestedInformationType.C0.Enum>
                  <EnumType>callConnectedElapsedTime.2</EnumType>
               </requestedInformationType.C0.Enum>
               <requestedInformationValue.C1.Choice>
                  <callAttemptElapsedTimeValue.C0>1</callAttemptElapsedTimeValue.C0>
                  <callStopTimeValue.C1.BoxedType><Bytes>5ca78601f62ab0</Bytes></callStopTimeValue.C1.BoxedType>
                  <callConnectedElapsedTimeValue.C2.BoxedType><Integer>1</Integer></callConnectedElapsedTimeValue.C2.BoxedType>
                  <releaseCauseValue.C30.BoxedType><Bytes>920ce9
                        <field name="ext1" value="last octet:1" type="EnumLong" lengthBit="1" />
                        <field name="Coding standard" value="ITU-T standardized coding, as described below:0" type="EnumLong" lengthBit="2" />
                        <field name="Spare" value="1" type="Integer" lengthBit="1" />
                        <field name="Location" value="public network serving the local user (LN):2" type="EnumLong" lengthBit="4" />
                        <field name="ext3" value="continue:0" type="EnumLong" lengthBit="1" />
                        <field name="Cause value" value="12" type="EnumLong" lengthBit="7" />
                        <field name="Diagnostics" value="e9" type="Binary" length="1" />
                     </Bytes></releaseCauseValue.C30.BoxedType>
               </requestedInformationValue.C1.Choice>
            </RequestedInformation.Sequence>
            <RequestedInformation.Sequence>
               <requestedInformationType.C0.Enum>
                  <EnumType>callStopTime.1</EnumType>
               </requestedInformationType.C0.Enum>
               <requestedInformationValue.C1.Choice>
                  <callAttemptElapsedTimeValue.C0>1</callAttemptElapsedTimeValue.C0>
                  <callStopTimeValue.C1.BoxedType><Bytes>a379f0dec992e5</Bytes></callStopTimeValue.C1.BoxedType>
                  <callConnectedElapsedTimeValue.C2.BoxedType><Integer>1</Integer></callConnectedElapsedTimeValue.C2.BoxedType>
                  <releaseCauseValue.C30.BoxedType><Bytes>591e73
                        <field name="ext1" value="continue:0" type="EnumLong" lengthBit="1" />
                        <field name="Coding standard" value="National standard (see Note):2" type="EnumLong" lengthBit="2" />
                        <field name="Spare" value="1" type="Integer" lengthBit="1" />
                        <field name="Location" value="spare:9" type="EnumLong" lengthBit="4" />
                        <field name="ext3" value="continue:0" type="EnumLong" lengthBit="1" />
                        <field name="Cause value" value="Class 001 normal event : Response to STATUS ENQUIRY:30" type="EnumLong" lengthBit="7" />
                        <field name="Diagnostics" value="73" type="Binary" length="1" />
                     </Bytes></releaseCauseValue.C30.BoxedType>
               </requestedInformationValue.C1.Choice>
            </RequestedInformation.Sequence>
         </Collection>
      </requestedInformationList.C0.BoxedType>
      <extensions.C2.BoxedType>
         <Collection>
            <ExtensionField.Sequence>
               <type.Choice>
                  <local>3031060134</local>
                  <global><ObjectIdentifier>0.1.26.10.96.94.45.21</ObjectIdentifier></global>
               </type.Choice>
               <criticality.nulld.Enum>
                  <EnumType>ignore.0</EnumType>
               </criticality.nulld.Enum>
               <NullObject.C1></NullObject.C1>
            </ExtensionField.Sequence>
            <ExtensionField.Sequence>
               <type.Choice>
                  <local>3473887556</local>
                  <global><ObjectIdentifier>0.1.2</ObjectIdentifier></global>
               </type.Choice>
               <criticality.nulld.Enum>
                  <EnumType>abort.1</EnumType>
               </criticality.nulld.Enum>
               <NullObject.C1></NullObject.C1>
            </ExtensionField.Sequence>
            <ExtensionField.Sequence>
               <type.Choice>
                  <local>1549377353</local>
                  <global><ObjectIdentifier>0.1.296.32.108.31.29.33.96.114</ObjectIdentifier></global>
               </type.Choice>
               <criticality.nulld.Enum>
                  <EnumType>abort.1</EnumType>
               </criticality.nulld.Enum>
               <NullObject.C1></NullObject.C1>
            </ExtensionField.Sequence>
         </Collection>
      </extensions.C2.BoxedType>
      <legID.C3d.Choice><receivingSideID.C1.BoxedType><Bytes>46
               <field name="LegType" value="70" type="EnumLong" length="1" />
            </Bytes></receivingSideID.C1.BoxedType></legID.C3d.Choice>
   </CallInformationReportArg.Sequence>
</ASN>