<?xml version="1.0" encoding="UTF-8"?>

<ASN layer="CAP">
   <CallGapArg.Sequence>
      <gapCriteria.C0.Choice>
         <compoundGapCriteria.Sequence>
            <basicGapCriteria.C0.Choice>
               <gapOnService.C2.Sequence><serviceKey.C0.BoxedType><Integer>0</Integer></serviceKey.C0.BoxedType></gapOnService.C2.Sequence>
            </basicGapCriteria.C0.Choice>
            <scfID.C1.BoxedType><Bytes>313aba</Bytes></scfID.C1.BoxedType>
         </compoundGapCriteria.Sequence>
      </gapCriteria.C0.Choice>
      <gapIndicators.C1.Sequence>
         <duration.C0.BoxedType><Integer>1</Integer></duration.C0.BoxedType>
         <gapInterval.C1.BoxedType><Integer>1</Integer></gapInterval.C1.BoxedType>
      </gapIndicators.C1.Sequence>
      <controlType.C2.Enum>
         <EnumType>sCPOverloaded.0</EnumType>
      </controlType.C2.Enum>
      <gapTreatment.C3.Choice>
         <releaseCause.C1.BoxedType><Bytes>9d6821
               <field name="ext1" value="last octet:1" type="EnumLong" lengthBit="1" />
               <field name="Coding standard" value="ITU-T standardized coding, as described below:0" type="EnumLong" lengthBit="2" />
               <field name="Spare" value="1" type="Integer" lengthBit="1" />
               <field name="Location" value="reserved for national use:13" type="EnumLong" lengthBit="4" />
               <field name="ext3" value="continue:0" type="EnumLong" lengthBit="1" />
               <field name="Cause value" value="104" type="EnumLong" lengthBit="7" />
               <field name="Diagnostics" value="21" type="Binary" length="1" />
            </Bytes></releaseCause.C1.BoxedType>
      </gapTreatment.C3.Choice>
      <extensions.C4.BoxedType>
         <Collection>
            <ExtensionField.Sequence>
               <type.Choice>
                  <global><ObjectIdentifier>0.1.272</ObjectIdentifier></global>
               </type.Choice>
               <criticality.nulld.Enum>
                  <EnumType>ignore.0</EnumType>
               </criticality.nulld.Enum>
               <NullObject.C1></NullObject.C1>
            </ExtensionField.Sequence>
            <ExtensionField.Sequence>
               <type.Choice>
                  <global><ObjectIdentifier>0.1.279.62.56.98</ObjectIdentifier></global>
               </type.Choice>
               <criticality.nulld.Enum>
                  <EnumType>ignore.0</EnumType>
               </criticality.nulld.Enum>
               <NullObject.C1></NullObject.C1>
            </ExtensionField.Sequence>
            <ExtensionField.Sequence>
               <type.Choice>
                  <global><ObjectIdentifier>0.1.298</ObjectIdentifier></global>
               </type.Choice>
               <criticality.nulld.Enum>
                  <EnumType>abort.1</EnumType>
               </criticality.nulld.Enum>
               <NullObject.C1></NullObject.C1>
            </ExtensionField.Sequence>
         </Collection>
      </extensions.C4.BoxedType>
   </CallGapArg.Sequence>
</ASN>