<?xml version="1.0" encoding="UTF-8"?>

<ASN layer="CAP">
   <CAMEL_AChBillingChargingCharacteristics.Choice><timeDurationCharging.C0.Sequence>
         <maxCallPeriodDuration.C0>0</maxCallPeriodDuration.C0>
         <releaseIfdurationExceeded.C1d>true:1</releaseIfdurationExceeded.C1d>
         <tariffSwitchInterval.C2>1</tariffSwitchInterval.C2>
         <audibleIndicator.C3d.Choice>
            <tone>true:1</tone>
            <burstList.C1.Sequence>
               <warningPeriod.C0d>1</warningPeriod.C0d>
               <bursts.C1.Sequence>
                  <numberOfBursts.C0d>2</numberOfBursts.C0d>
                  <burstInterval.C1d>0</burstInterval.C1d>
                  <numberOfTonesInBurst.C2d>1</numberOfTonesInBurst.C2d>
                  <toneDuration.C3d>2</toneDuration.C3d>
                  <toneInterval.C4d>2</toneInterval.C4d>
               </bursts.C1.Sequence>
            </burstList.C1.Sequence>
         </audibleIndicator.C3d.Choice>
         <extensions.C4.BoxedType>
            <Collection>
               <ExtensionField.Sequence>
                  <type.Choice>
                     <local>2198345633</local>
                     <global><ObjectIdentifier>0.1.282.122.78.99.42.61.71.88.100</ObjectIdentifier></global>
                  </type.Choice>
                  <criticality.nulld.Enum>
                     <EnumType>ignore.0</EnumType>
                  </criticality.nulld.Enum>
                  <NullObject.C1></NullObject.C1>
               </ExtensionField.Sequence>
               <ExtensionField.Sequence>
                  <type.Choice>
                     <local>1677093125</local>
                     <global><ObjectIdentifier>0.1.277.124.65.124.34.39.92</ObjectIdentifier></global>
                  </type.Choice>
                  <criticality.nulld.Enum>
                     <EnumType>ignore.0</EnumType>
                  </criticality.nulld.Enum>
                  <NullObject.C1></NullObject.C1>
               </ExtensionField.Sequence>
               <ExtensionField.Sequence>
                  <type.Choice>
                     <local>3027169636</local>
                     <global><ObjectIdentifier>0.1.236.15.62.62.32.87</ObjectIdentifier></global>
                  </type.Choice>
                  <criticality.nulld.Enum>
                     <EnumType>abort.1</EnumType>
                  </criticality.nulld.Enum>
                  <NullObject.C1></NullObject.C1>
               </ExtensionField.Sequence>
            </Collection>
         </extensions.C4.BoxedType>
      </timeDurationCharging.C0.Sequence></CAMEL_AChBillingChargingCharacteristics.Choice>
</ASN>