<?xml version="1.0" encoding="UTF-8"?>

<ASN layer="CAP">
   <CAMEL_FCIBillingChargingCharacteristics.Choice><fCIBCCCAMELsequence1.C0.Sequence>
         <freeFormatData.C0>b022ef</freeFormatData.C0>
         <partyToCharge.C1d.Choice><sendingSideID.C0.BoxedType><Bytes>b7
                  <field name="LegType" value="183" type="EnumLong" length="1" />
               </Bytes></sendingSideID.C0.BoxedType></partyToCharge.C1d.Choice>
         <appendFreeFormatData.C2d.Enum>
            <EnumType>overwrite.0</EnumType>
         </appendFreeFormatData.C2d.Enum>
      </fCIBCCCAMELsequence1.C0.Sequence></CAMEL_FCIBillingChargingCharacteristics.Choice>
</ASN>