<?xml version="1.0" encoding="UTF-8"?>

<ASN layer="CAP">
   <CancelVcsgLocationArg.Sequence>
      <identity.Choice>
         <imsi.BoxedType><TBCD_STRING.BoxedType><Bytes>8137822370
                  <field name="digits" value="1873283207" type="Number_BCD" length="5" />
               </Bytes></TBCD_STRING.BoxedType></imsi.BoxedType>
         <imsi_WithLMSI.Sequence>
            <imsi.BoxedType><TBCD_STRING.BoxedType><Bytes>27927333f9
                     <field name="digits" value="722937339" type="Number_BCD" lengthBit="36" />
                  </Bytes></TBCD_STRING.BoxedType></imsi.BoxedType>
            <lmsi.BoxedType><Bytes>b84f
                  <field name="digits" value="b84f" type="Binary" length="2" />
               </Bytes></lmsi.BoxedType>
         </imsi_WithLMSI.Sequence>
      </identity.Choice>
      <extensionContainer.Sequence>
         <privateExtensionList.C0.BoxedType>
            <Collection>
               <PrivateExtension.Sequence>
                  <extId><ObjectIdentifier>0.1.240.76.70.27.82.76.79.53.27.86</ObjectIdentifier></extId>
                  <extType>bbfe2c92f42b660ad4</extType>
               </PrivateExtension.Sequence>
               <PrivateExtension.Sequence>
                  <extId><ObjectIdentifier>0.1.279.126.28.110.39</ObjectIdentifier></extId>
                  <extType>ab54841197</extType>
               </PrivateExtension.Sequence>
               <PrivateExtension.Sequence>
                  <extId><ObjectIdentifier>0.1.2121.113.33</ObjectIdentifier></extId>
                  <extType>3d67eee24a3d</extType>
               </PrivateExtension.Sequence>
            </Collection>
         </privateExtensionList.C0.BoxedType>
         <pcs_Extensions.C1.Sequence>
            
         </pcs_Extensions.C1.Sequence>
      </extensionContainer.Sequence>
   </CancelVcsgLocationArg.Sequence>
</ASN>