<?xml version="1.0" encoding="UTF-8"?>

<ASN layer="CAP">
   <CancelLocationArg.BoxedType><CancelLocationArgSequenceType.C3.Sequence>
         <identity.Choice>
            <imsi.BoxedType><TBCD_STRING.BoxedType><Bytes>2149756415
                     <field name="digits" value="1294574651" type="Number_BCD" length="5" />
                  </Bytes></TBCD_STRING.BoxedType></imsi.BoxedType>
            <imsi_WithLMSI.Sequence>
               <imsi.BoxedType><TBCD_STRING.BoxedType><Bytes>7177065142
                        <field name="digits" value="1777601524" type="Number_BCD" length="5" />
                     </Bytes></TBCD_STRING.BoxedType></imsi.BoxedType>
               <lmsi.BoxedType><Bytes>a1f5a7ac1a
                     <field name="digits" value="a1f5a7ac1a" type="Binary" length="5" />
                  </Bytes></lmsi.BoxedType>
            </imsi_WithLMSI.Sequence>
         </identity.Choice>
         <cancellationType.Enum>
            <EnumType>initialAttachProcedure.2</EnumType>
         </cancellationType.Enum>
         <extensionContainer.Sequence>
            <privateExtensionList.C0.BoxedType>
               <Collection>
                  <PrivateExtension.Sequence>
                     <extId><ObjectIdentifier>0.1.229.3.97.34.100</ObjectIdentifier></extId>
                     <extType>567c</extType>
                  </PrivateExtension.Sequence>
                  <PrivateExtension.Sequence>
                     <extId><ObjectIdentifier>0.1.279.19</ObjectIdentifier></extId>
                     <extType>0c7ee37d0b831b1014</extType>
                  </PrivateExtension.Sequence>
                  <PrivateExtension.Sequence>
                     <extId><ObjectIdentifier>0.1.233.85.22.72.15.98.60</ObjectIdentifier></extId>
                     <extType>732975</extType>
                  </PrivateExtension.Sequence>
               </Collection>
            </privateExtensionList.C0.BoxedType>
            <pcs_Extensions.C1.Sequence>
               
            </pcs_Extensions.C1.Sequence>
         </extensionContainer.Sequence>
         <typeOfUpdate.C0.Enum>
            <EnumType>sgsn_change.0</EnumType>
         </typeOfUpdate.C0.Enum>
         <mtrf_SupportedAndAuthorized.C1></mtrf_SupportedAndAuthorized.C1>
         <mtrf_SupportedAndNotAuthorized.C2></mtrf_SupportedAndNotAuthorized.C2>
         <newMSC_Number.C3.BoxedType><AddressString.BoxedType><Bytes>215118379766
                  <field name="extension" value="extension:0" type="EnumLong" lengthBit="1" />
                  <field name="nature of address" value="national significant number:2" type="EnumLong" lengthBit="3" />
                  <field name="numbering plan" value="ISDN/Telephony Numbering Plan (Rec ITU-T E.164):1" type="EnumLong" lengthBit="4" />
                  <field name="digits" value="1581737966" type="Number_BCD" length="5" />
               </Bytes></AddressString.BoxedType></newMSC_Number.C3.BoxedType>
         <newVLR_Number.C4.BoxedType><AddressString.BoxedType><Bytes>b02120898895
                  <field name="extension" value="no extension:1" type="EnumLong" lengthBit="1" />
                  <field name="nature of address" value="network specific number:3" type="EnumLong" lengthBit="3" />
                  <field name="numbering plan" value="unknown:0" type="EnumLong" lengthBit="4" />
                  <field name="digits" value="1202988859" type="Number_BCD" length="5" />
               </Bytes></AddressString.BoxedType></newVLR_Number.C4.BoxedType>
         <new_lmsi.C5.BoxedType><Bytes>a733d027dcbe1a9407
               <field name="digits" value="a733d027dcbe1a9407" type="Binary" length="9" />
            </Bytes></new_lmsi.C5.BoxedType>
         <reattach_Required.C6></reattach_Required.C6>
      </CancelLocationArgSequenceType.C3.Sequence></CancelLocationArg.BoxedType>
</ASN>