<?xml version="1.0" encoding="UTF-8"?>

<ASN layer="CAP">
   <CancelVcsgLocationRes.Sequence><extensionContainer.Sequence>
         <privateExtensionList.C0.BoxedType>
            <Collection>
               <PrivateExtension.Sequence>
                  <extId><ObjectIdentifier>0.1.211.49.72.123</ObjectIdentifier></extId>
                  <extType>4087ab5042afe681aa</extType>
               </PrivateExtension.Sequence>
               <PrivateExtension.Sequence>
                  <extId><ObjectIdentifier>0.1.214.16.91.72</ObjectIdentifier></extId>
                  <extType>69ba6a9f7748ea8b</extType>
               </PrivateExtension.Sequence>
               <PrivateExtension.Sequence>
                  <extId><ObjectIdentifier>0.1.288.4</ObjectIdentifier></extId>
                  <extType>1be70094a1</extType>
               </PrivateExtension.Sequence>
            </Collection>
         </privateExtensionList.C0.BoxedType>
         <pcs_Extensions.C1.Sequence>
            
         </pcs_Extensions.C1.Sequence>
      </extensionContainer.Sequence></CancelVcsgLocationRes.Sequence>
</ASN>