<?xml version="1.0" encoding="UTF-8"?>

<ASN layer="CAP">
   <CheckIMEI_Res.Sequence>
      <equipmentStatus.Enum>
         <EnumType>whiteListed.0</EnumType>
      </equipmentStatus.Enum>
      <bmuef.Sequence>
         <uesbi_IuA.C0.BoxedType><BitString><BitString value="316dcfde9d" trailing="0"/></BitString></uesbi_IuA.C0.BoxedType>
         <uesbi_IuB.C1.BoxedType><BitString><BitString value="a9464c649a1711" trailing="0"/></BitString></uesbi_IuB.C1.BoxedType>
      </bmuef.Sequence>
      <extensionContainer.C0.Sequence>
         <privateExtensionList.C0.BoxedType>
            <Collection>
               <PrivateExtension.Sequence>
                  <extId><ObjectIdentifier>0.1.2119.116.30</ObjectIdentifier></extId>
                  <extType>6cdbb6</extType>
               </PrivateExtension.Sequence>
               <PrivateExtension.Sequence>
                  <extId><ObjectIdentifier>0.1.297.124.59.94.114.62.22.82</ObjectIdentifier></extId>
                  <extType>83c37c47fa</extType>
               </PrivateExtension.Sequence>
               <PrivateExtension.Sequence>
                  <extId><ObjectIdentifier>0.1.277.30.14.66.16.31</ObjectIdentifier></extId>
                  <extType>dc1d22a0</extType>
               </PrivateExtension.Sequence>
            </Collection>
         </privateExtensionList.C0.BoxedType>
         <pcs_Extensions.C1.Sequence>
            
         </pcs_Extensions.C1.Sequence>
      </extensionContainer.C0.Sequence>
   </CheckIMEI_Res.Sequence>
</ASN>