<?xml version="1.0" encoding="UTF-8"?>

<ASN layer="CAP">
   <Component.Choice>
      <invoke.C1.Sequence>
         <invokeID.BoxedType><Integer>1</Integer></invokeID.BoxedType>
         <linkedID.C0.BoxedType><Integer>0</Integer></linkedID.C0.BoxedType>
         <opCode.Choice>
            <localValue.BoxedType><Long>4247233460</Long></localValue.BoxedType>
            <globalValue><ObjectIdentifier>0.1.295.64</ObjectIdentifier></globalValue>
         </opCode.Choice>
         <invokeparameter>db1214267d92</invokeparameter>
      </invoke.C1.Sequence>
      <returnResultLast.C2.Sequence>
         <invokeID.BoxedType><Integer>1</Integer></invokeID.BoxedType>
         <resultretres.Sequence>
            <opCode.Choice>
               <localValue.BoxedType><Long>2872413005</Long></localValue.BoxedType>
               <globalValue><ObjectIdentifier>0.1.221.15</ObjectIdentifier></globalValue>
            </opCode.Choice>
            <returnparameter>7c4e764f819f</returnparameter>
         </resultretres.Sequence>
      </returnResultLast.C2.Sequence>
      <returnError.C3.Sequence>
         <invokeID.BoxedType><Integer>0</Integer></invokeID.BoxedType>
         <errorCode.Choice>
            <localErrorValue.BoxedType><Long>522078225</Long></localErrorValue.BoxedType>
            <globalErrorValue><ObjectIdentifier>0.1.215.30.65.93.80.37</ObjectIdentifier></globalErrorValue>
         </errorCode.Choice>
         <errorparameter>f2bace6413</errorparameter>
      </returnError.C3.Sequence>
      <reject.C4.Sequence>
         <invokeIDRej.Choice>
            <derivable.BoxedType><Integer>2</Integer></derivable.BoxedType>
            <not_derivable></not_derivable>
         </invokeIDRej.Choice>
         <problem.Choice>
            <generalProblem.C0.BoxedType><Long>3407223467</Long></generalProblem.C0.BoxedType>
            <invokeProblem.C1.BoxedType><Long>3799494893</Long></invokeProblem.C1.BoxedType>
            <returnResultProblem.C2.BoxedType><Long>2629286341</Long></returnResultProblem.C2.BoxedType>
            <returnErrorProblem.C3.BoxedType><Long>1595570345</Long></returnErrorProblem.C3.BoxedType>
         </problem.Choice>
      </reject.C4.Sequence>
   </Component.Choice>
</ASN>