<?xml version="1.0" encoding="UTF-8"?>

<ASN layer="CAP">
   <ConnectArg.Sequence>
      <destinationRoutingAddress.C0.BoxedType>
         <Collection>
            <CalledPartyNumber.BoxedType><Bytes>88bc45026238f5
                  <field name="Odd/even (O/E)" value="odd number of address signals:1" type="EnumLong" lengthBit="1" />
                  <field name="Nature of address" value="network routing number concatenated with Called Directory Number (national use):8" type="EnumLong" lengthBit="7" />
                  <field name="Internal Network Number (INN)" value="routing to internal number not allowed:1" type="EnumLong" lengthBit="1" />
                  <field name="Numbering plan" value="Data numbering plan (ITU-T Recommendation X.121):3" type="EnumLong" lengthBit="3" />
                  <field name="spare" value="12" type="Integer" lengthBit="4" />
                  <field name="digits" value="542026835" type="Number_BCD" lengthBit="36" />
               </Bytes></CalledPartyNumber.BoxedType>
            <CalledPartyNumber.BoxedType><Bytes>08d371355152f3
                  <field name="Odd/even (O/E)" value="even number of address signals:0" type="EnumLong" lengthBit="1" />
                  <field name="Nature of address" value="network routing number concatenated with Called Directory Number (national use):8" type="EnumLong" lengthBit="7" />
                  <field name="Internal Network Number (INN)" value="routing to internal number not allowed:1" type="EnumLong" lengthBit="1" />
                  <field name="Numbering plan" value="private numbering plan:5" type="EnumLong" lengthBit="3" />
                  <field name="spare" value="3" type="Integer" lengthBit="4" />
                  <field name="digits" value="175315253" type="Number_BCD" lengthBit="36" />
               </Bytes></CalledPartyNumber.BoxedType>
            <CalledPartyNumber.BoxedType><Bytes>754b4149176176
                  <field name="Odd/even (O/E)" value="even number of address signals:0" type="EnumLong" lengthBit="1" />
                  <field name="Nature of address" value="reserved for national use:117" type="EnumLong" lengthBit="7" />
                  <field name="Internal Network Number (INN)" value="routing to internal number allowed:0" type="EnumLong" lengthBit="1" />
                  <field name="Numbering plan" value="Telex numbering plan (ITU-T Recommendation F.69):4" type="EnumLong" lengthBit="3" />
                  <field name="spare" value="11" type="Integer" lengthBit="4" />
                  <field name="digits" value="1494711667" type="Number_BCD" length="5" />
               </Bytes></CalledPartyNumber.BoxedType>
         </Collection>
      </destinationRoutingAddress.C0.BoxedType>
      <alertingPattern.C1.BoxedType><Bytes>01cfdadb36871f6097b2</Bytes></alertingPattern.C1.BoxedType>
      <originalCalledPartyID.C6.BoxedType><Bytes>75bd0251090875
            <field name="Odd/even (O/E)" value="even number of address signals:0" type="EnumLong" lengthBit="1" />
            <field name="Nature of address" value="reserved for national use:117" type="EnumLong" lengthBit="7" />
            <field name="spare1" value="1" type="Integer" lengthBit="1" />
            <field name="Numbering plan" value="Data numbering plan (ITU-T Recommendation X.121):3" type="EnumLong" lengthBit="3" />
            <field name="Address presentation restricted" value="spare:3" type="EnumLong" lengthBit="2" />
            <field name="spare2" value="1" type="Integer" lengthBit="2" />
            <field name="digits" value="2015908057" type="Number_BCD" length="5" />
         </Bytes></originalCalledPartyID.C6.BoxedType>
      <extensions.C10.BoxedType>
         <Collection>
            <ExtensionField.Sequence>
               <type.Choice>
                  <local>3066938152</local>
                  <global><ObjectIdentifier>0.1.221.63.63.98.0.62.111</ObjectIdentifier></global>
               </type.Choice>
               <criticality.nulld.Enum>
                  <EnumType>ignore.0</EnumType>
               </criticality.nulld.Enum>
               <NullObject.C1></NullObject.C1>
            </ExtensionField.Sequence>
            <ExtensionField.Sequence>
               <type.Choice>
                  <local>2908092895</local>
                  <global><ObjectIdentifier>0.1.2119.61.47.91.83.106.98</ObjectIdentifier></global>
               </type.Choice>
               <criticality.nulld.Enum>
                  <EnumType>ignore.0</EnumType>
               </criticality.nulld.Enum>
               <NullObject.C1></NullObject.C1>
            </ExtensionField.Sequence>
            <ExtensionField.Sequence>
               <type.Choice>
                  <local>557366206</local>
                  <global><ObjectIdentifier>0.1.2</ObjectIdentifier></global>
               </type.Choice>
               <criticality.nulld.Enum>
                  <EnumType>ignore.0</EnumType>
               </criticality.nulld.Enum>
               <NullObject.C1></NullObject.C1>
            </ExtensionField.Sequence>
         </Collection>
      </extensions.C10.BoxedType>
      <carrier.C11.BoxedType><Bytes>84616dc658</Bytes></carrier.C11.BoxedType>
      <callingPartysCategory.C28.BoxedType><Bytes>06
            <field name="category" value="available to Administrations for selection a particular language by mutual agreement:6" type="EnumLong" length="1" />
         </Bytes></callingPartysCategory.C28.BoxedType>
      <redirectingPartyID.C29.BoxedType><Bytes>d22402007054f1
            <field name="Odd/even (O/E)" value="odd number of address signals:1" type="EnumLong" lengthBit="1" />
            <field name="Nature of address" value="spare:82" type="EnumLong" lengthBit="7" />
            <field name="spare1" value="0" type="Integer" lengthBit="1" />
            <field name="Numbering plan" value="spare:2" type="EnumLong" lengthBit="3" />
            <field name="Address presentation restricted" value="presentation restricted:1" type="EnumLong" lengthBit="2" />
            <field name="spare2" value="0" type="Integer" lengthBit="2" />
            <field name="digits" value="200007451" type="Number_BCD" lengthBit="36" />
         </Bytes></redirectingPartyID.C29.BoxedType>
      <redirectionInformation.C30.BoxedType><Bytes>0156
            <field name="Redirecting reason" value="unknown/not available:0" type="EnumLong" lengthBit="4" />
            <field name="spare1" value="0" type="Integer" lengthBit="1" />
            <field name="Redirecting indicator" value="call rerouted (national use):1" type="EnumLong" lengthBit="3" />
            <field name="Original redirection reason" value="deflection immediate response:5" type="EnumLong" lengthBit="4" />
            <field name="spare2" value="0" type="Integer" lengthBit="1" />
            <field name="Redirection counter" value="6" type="Integer" lengthBit="3" />
         </Bytes></redirectionInformation.C30.BoxedType>
      <genericNumbers.C14.BoxedType>
         <Collection>
            <GenericNumber.BoxedType><Bytes>a1b29fc244511087ab1a</Bytes></GenericNumber.BoxedType>
            <GenericNumber.BoxedType><Bytes>0b8a2c6705</Bytes></GenericNumber.BoxedType>
            <GenericNumber.BoxedType><Bytes>67849fe78c51</Bytes></GenericNumber.BoxedType>
         </Collection>
      </genericNumbers.C14.BoxedType>
      <serviceInteractionIndicatorsTwo.C15.Sequence>
         <forwardServiceInteractionInd.C0.Sequence>
            <conferenceTreatmentIndicator.C1>184295</conferenceTreatmentIndicator.C1>
            <callDiversionTreatmentIndicator.C2>64fcb13cf00a</callDiversionTreatmentIndicator.C2>
            <callingPartyRestrictionIndicator.C4>bb38df632e42f4bc08</callingPartyRestrictionIndicator.C4>
         </forwardServiceInteractionInd.C0.Sequence>
         <backwardServiceInteractionInd.C1.Sequence>
            <conferenceTreatmentIndicator.C1>c81abf</conferenceTreatmentIndicator.C1>
            <callCompletionTreatmentIndicator.C2>a274ca9ef486</callCompletionTreatmentIndicator.C2>
         </backwardServiceInteractionInd.C1.Sequence>
         <bothwayThroughConnectionInd.C2.Enum>
            <EnumType>bothwayPathRequired.0</EnumType>
         </bothwayThroughConnectionInd.C2.Enum>
         <connectedNumberTreatmentInd.C4.Enum>
            <EnumType>presentCalledINNumber.2</EnumType>
         </connectedNumberTreatmentInd.C4.Enum>
         <nonCUGCall.C13></nonCUGCall.C13>
         <holdTreatmentIndicator.C50>d95227fd729f</holdTreatmentIndicator.C50>
         <cwTreatmentIndicator.C51>d6</cwTreatmentIndicator.C51>
         <ectTreatmentIndicator.C52>7258af09</ectTreatmentIndicator.C52>
      </serviceInteractionIndicatorsTwo.C15.Sequence>
      <chargeNumber.C19.BoxedType><LocationNumber.BoxedType><Bytes>b2151107439986
               <field name="Odd/even (O/E)" value="odd number of address signals:1" type="EnumLong" lengthBit="1" />
               <field name="Nature of address" value="spare:50" type="EnumLong" lengthBit="7" />
               <field name="Internal Network Number (INN)" value="routing to internal number allowed:0" type="EnumLong" lengthBit="1" />
               <field name="Numbering plan" value="ISDN/Telephony Numbering Plan (Rec ITU-T E.164):1" type="EnumLong" lengthBit="3" />
               <field name="Address presentation restricted" value="presentation restricted:1" type="EnumLong" lengthBit="2" />
               <field name="Screening" value="user provided, verified and passed:1" type="EnumLong" lengthBit="2" />
               <field name="digits" value="1170349968" type="Number_BCD" length="5" />
            </Bytes></LocationNumber.BoxedType></chargeNumber.C19.BoxedType>
      <legToBeConnected.C21.Choice>
         <sendingSideID.C0.BoxedType><Bytes>35
               <field name="LegType" value="53" type="EnumLong" length="1" />
            </Bytes></sendingSideID.C0.BoxedType>
         <receivingSideID.C1.BoxedType><Bytes>f7
               <field name="LegType" value="247" type="EnumLong" length="1" />
            </Bytes></receivingSideID.C1.BoxedType>
      </legToBeConnected.C21.Choice>
      <cug_Interlock.C31.BoxedType><Bytes>9e5cf60578145ce2216a</Bytes></cug_Interlock.C31.BoxedType>
      <cug_OutgoingAccess.C32></cug_OutgoingAccess.C32>
      <suppressionOfAnnouncement.C55.Null>
         
      </suppressionOfAnnouncement.C55.Null>
      <oCSIApplicable.C56.Null>
         
      </oCSIApplicable.C56.Null>
      <naOliInfo.C57.BoxedType><Bytes>4c4f</Bytes></naOliInfo.C57.BoxedType>
      <bor_InterrogationRequested.C58></bor_InterrogationRequested.C58>
      <suppress_N_CSI.C59></suppress_N_CSI.C59>
   </ConnectArg.Sequence>
</ASN>