<?xml version="1.0" encoding="UTF-8"?>

<ASN layer="CAP">
   <ContinueWithArgumentArg.Sequence>
      <alertingPattern.C1.BoxedType><Bytes>8b70d65a5aeffaeb</Bytes></alertingPattern.C1.BoxedType>
      <extensions.C6.BoxedType>
         <Collection>
            <ExtensionField.Sequence>
               <type.Choice>
                  <local>1369825363</local>
                  <global><ObjectIdentifier>0.1.2119.122.16.9.100.15.112.55</ObjectIdentifier></global>
               </type.Choice>
               <criticality.nulld.Enum>
                  <EnumType>ignore.0</EnumType>
               </criticality.nulld.Enum>
               <NullObject.C1></NullObject.C1>
            </ExtensionField.Sequence>
            <ExtensionField.Sequence>
               <type.Choice>
                  <local>3231174249</local>
                  <global><ObjectIdentifier>0.1.234.97.106.21.23.22.98</ObjectIdentifier></global>
               </type.Choice>
               <criticality.nulld.Enum>
                  <EnumType>ignore.0</EnumType>
               </criticality.nulld.Enum>
               <NullObject.C1></NullObject.C1>
            </ExtensionField.Sequence>
            <ExtensionField.Sequence>
               <type.Choice>
                  <local>75517779</local>
                  <global><ObjectIdentifier>0.1.2128.56.48.53.33.15.14</ObjectIdentifier></global>
               </type.Choice>
               <criticality.nulld.Enum>
                  <EnumType>abort.1</EnumType>
               </criticality.nulld.Enum>
               <NullObject.C1></NullObject.C1>
            </ExtensionField.Sequence>
         </Collection>
      </extensions.C6.BoxedType>
      <serviceInteractionIndicatorsTwo.C7.Sequence>
         <forwardServiceInteractionInd.C0.Sequence>
            <conferenceTreatmentIndicator.C1>3bc437</conferenceTreatmentIndicator.C1>
            <callDiversionTreatmentIndicator.C2>6ac4092e79ec12db</callDiversionTreatmentIndicator.C2>
            <callingPartyRestrictionIndicator.C4>ba192c4288db2df826e9</callingPartyRestrictionIndicator.C4>
         </forwardServiceInteractionInd.C0.Sequence>
         <backwardServiceInteractionInd.C1.Sequence>
            <conferenceTreatmentIndicator.C1>7008</conferenceTreatmentIndicator.C1>
            <callCompletionTreatmentIndicator.C2>7ff2ca665f880a3c22</callCompletionTreatmentIndicator.C2>
         </backwardServiceInteractionInd.C1.Sequence>
         <bothwayThroughConnectionInd.C2.Enum>
            <EnumType>bothwayPathNotRequired.1</EnumType>
         </bothwayThroughConnectionInd.C2.Enum>
         <connectedNumberTreatmentInd.C4.Enum>
            <EnumType>presentCalledINNumber.2</EnumType>
         </connectedNumberTreatmentInd.C4.Enum>
         <nonCUGCall.C13></nonCUGCall.C13>
         <holdTreatmentIndicator.C50>498f1923c10de90189</holdTreatmentIndicator.C50>
         <cwTreatmentIndicator.C51>5583a2</cwTreatmentIndicator.C51>
         <ectTreatmentIndicator.C52>6852</ectTreatmentIndicator.C52>
      </serviceInteractionIndicatorsTwo.C7.Sequence>
      <callingPartysCategory.C12.BoxedType><Bytes>bb
            <field name="category" value="spare:187" type="EnumLong" length="1" />
         </Bytes></callingPartysCategory.C12.BoxedType>
      <genericNumbers.C16.BoxedType>
         <Collection>
            <GenericNumber.BoxedType><Bytes>58c8d7</Bytes></GenericNumber.BoxedType>
            <GenericNumber.BoxedType><Bytes>997d4a72bc0c</Bytes></GenericNumber.BoxedType>
            <GenericNumber.BoxedType><Bytes>58f518ee9c695a42d5</Bytes></GenericNumber.BoxedType>
         </Collection>
      </genericNumbers.C16.BoxedType>
      <cug_Interlock.C17.BoxedType><Bytes>73f2</Bytes></cug_Interlock.C17.BoxedType>
      <cug_OutgoingAccess.C18></cug_OutgoingAccess.C18>
      <chargeNumber.C50.BoxedType><LocationNumber.BoxedType><Bytes>7ff812136401f9
               <field name="Odd/even (O/E)" value="even number of address signals:0" type="EnumLong" lengthBit="1" />
               <field name="Nature of address" value="reserved for extension:127" type="EnumLong" lengthBit="7" />
               <field name="Internal Network Number (INN)" value="routing to internal number not allowed:1" type="EnumLong" lengthBit="1" />
               <field name="Numbering plan" value="spare:7" type="EnumLong" lengthBit="3" />
               <field name="Address presentation restricted" value="address not available (national use):2" type="EnumLong" lengthBit="2" />
               <field name="Screening" value="reserved:0" type="EnumLong" lengthBit="2" />
               <field name="digits" value="213146109" type="Number_BCD" lengthBit="36" />
            </Bytes></LocationNumber.BoxedType></chargeNumber.C50.BoxedType>
      <carrier.C52.BoxedType><Bytes>d5985ed5</Bytes></carrier.C52.BoxedType>
      <suppressionOfAnnouncement.C55.Null>
         
      </suppressionOfAnnouncement.C55.Null>
      <naOliInfo.C56.BoxedType><Bytes>1f47</Bytes></naOliInfo.C56.BoxedType>
      <bor_InterrogationRequested.C57></bor_InterrogationRequested.C57>
      <suppress_O_CSI.C58></suppress_O_CSI.C58>
      <continueWithArgumentArgExtension.C59.Sequence>
         <suppress_D_CSI.C0></suppress_D_CSI.C0>
         <suppress_N_CSI.C1></suppress_N_CSI.C1>
         <suppressOutgoingCallBarring.C2></suppressOutgoingCallBarring.C2>
         <legOrCallSegment.C3.Choice>
            <callSegmentID.C0.BoxedType><Integer>1</Integer></callSegmentID.C0.BoxedType>
            <legID.C1.Choice>
               <sendingSideID.C0.BoxedType><Bytes>99
                     <field name="LegType" value="153" type="EnumLong" length="1" />
                  </Bytes></sendingSideID.C0.BoxedType>
               <receivingSideID.C1.BoxedType><Bytes>42
                     <field name="LegType" value="66" type="EnumLong" length="1" />
                  </Bytes></receivingSideID.C1.BoxedType>
            </legID.C1.Choice>
         </legOrCallSegment.C3.Choice>
      </continueWithArgumentArgExtension.C59.Sequence>
   </ContinueWithArgumentArg.Sequence>
</ASN>