<?xml version="1.0" encoding="UTF-8"?>

<ASN layer="CAP">
   <CUG_RejectParam.Sequence>
      <cug_RejectCause.Enum>
         <EnumType>requestedBasicServiceViolatesCUG_Constraints.5</EnumType>
      </cug_RejectCause.Enum>
      <extensionContainer.Sequence>
         <privateExtensionList.C0.BoxedType>
            <Collection>
               <PrivateExtension.Sequence>
                  <extId><ObjectIdentifier>0.1.246.59.104.6</ObjectIdentifier></extId>
                  <extType>0b3db6</extType>
               </PrivateExtension.Sequence>
               <PrivateExtension.Sequence>
                  <extId><ObjectIdentifier>0.1.284.83.99.67.47</ObjectIdentifier></extId>
                  <extType>c637d5</extType>
               </PrivateExtension.Sequence>
               <PrivateExtension.Sequence>
                  <extId><ObjectIdentifier>0.1.246</ObjectIdentifier></extId>
                  <extType>a5af69</extType>
               </PrivateExtension.Sequence>
            </Collection>
         </privateExtensionList.C0.BoxedType>
         <pcs_Extensions.C1.Sequence>
            
         </pcs_Extensions.C1.Sequence>
      </extensionContainer.Sequence>
   </CUG_RejectParam.Sequence>
</ASN>