<?xml version="1.0" encoding="UTF-8"?>

<ASN layer="CAP">
   <DataMissingParam.Sequence><extensionContainer.Sequence>
         <privateExtensionList.C0.BoxedType>
            <Collection>
               <PrivateExtension.Sequence>
                  <extId><ObjectIdentifier>0.1.26.90.30</ObjectIdentifier></extId>
                  <extType>f524fee7f7</extType>
               </PrivateExtension.Sequence>
               <PrivateExtension.Sequence>
                  <extId><ObjectIdentifier>0.1.257</ObjectIdentifier></extId>
                  <extType>17cffa32bd</extType>
               </PrivateExtension.Sequence>
               <PrivateExtension.Sequence>
                  <extId><ObjectIdentifier>0.1.24.81.61.51.3.126</ObjectIdentifier></extId>
                  <extType>ea8d265c</extType>
               </PrivateExtension.Sequence>
            </Collection>
         </privateExtensionList.C0.BoxedType>
         <pcs_Extensions.C1.Sequence>
            
         </pcs_Extensions.C1.Sequence>
      </extensionContainer.Sequence></DataMissingParam.Sequence>
</ASN>