<?xml version="1.0" encoding="UTF-8"?>

<ASN layer="CAP">
   <DisconnectForwardConnectionWithArgumentArg.Sequence>
      <callSegmentID.C1.BoxedType><Integer>0</Integer></callSegmentID.C1.BoxedType>
      <extensions.C2.BoxedType>
         <Collection>
            <ExtensionField.Sequence>
               <type.Choice>
                  <local>1431722445</local>
                  <global><ObjectIdentifier>0.1.21.60</ObjectIdentifier></global>
               </type.Choice>
               <criticality.nulld.Enum>
                  <EnumType>ignore.0</EnumType>
               </criticality.nulld.Enum>
               <NullObject.C1></NullObject.C1>
            </ExtensionField.Sequence>
            <ExtensionField.Sequence>
               <type.Choice>
                  <local>910454951</local>
                  <global><ObjectIdentifier>0.1.221.110.5.11.57</ObjectIdentifier></global>
               </type.Choice>
               <criticality.nulld.Enum>
                  <EnumType>abort.1</EnumType>
               </criticality.nulld.Enum>
               <NullObject.C1></NullObject.C1>
            </ExtensionField.Sequence>
            <ExtensionField.Sequence>
               <type.Choice>
                  <local>850812798</local>
                  <global><ObjectIdentifier>0.1.270.37.24</ObjectIdentifier></global>
               </type.Choice>
               <criticality.nulld.Enum>
                  <EnumType>ignore.0</EnumType>
               </criticality.nulld.Enum>
               <NullObject.C1></NullObject.C1>
            </ExtensionField.Sequence>
         </Collection>
      </extensions.C2.BoxedType>
   </DisconnectForwardConnectionWithArgumentArg.Sequence>
</ASN>