<?xml version="1.0" encoding="UTF-8"?>

<ASN layer="CAP">
   <EntityReleasedArg.Choice>
      <callSegmentFailure.C0.Sequence>
         <callSegmentID.C0.BoxedType><Integer>1</Integer></callSegmentID.C0.BoxedType>
         <cause.C2.BoxedType><Bytes>fbef86
               <field name="ext1" value="last octet:1" type="EnumLong" lengthBit="1" />
               <field name="Coding standard" value="Standard specific to identified location (see Note):3" type="EnumLong" lengthBit="2" />
               <field name="Spare" value="1" type="Integer" lengthBit="1" />
               <field name="Location" value="spare:11" type="EnumLong" lengthBit="4" />
               <field name="ext3" value="last octet:1" type="EnumLong" lengthBit="1" />
               <field name="Cause value" value="Class 110 protocol error : Protocol error, unspecified:111" type="EnumLong" lengthBit="7" />
               <field name="Diagnostics" value="86" type="Binary" length="1" />
            </Bytes></cause.C2.BoxedType>
      </callSegmentFailure.C0.Sequence>
      <bCSM_Failure.C1.Sequence>
         <legID.C0.Choice>
            <sendingSideID.C0.BoxedType><Bytes>02
                  <field name="LegType" value="leg2 LegType:2" type="EnumLong" length="1" />
               </Bytes></sendingSideID.C0.BoxedType>
            <receivingSideID.C1.BoxedType><Bytes>01
                  <field name="LegType" value="leg1 LegType:1" type="EnumLong" length="1" />
               </Bytes></receivingSideID.C1.BoxedType>
         </legID.C0.Choice>
         <cause.C2.BoxedType><Bytes>fdfa65
               <field name="ext1" value="last octet:1" type="EnumLong" lengthBit="1" />
               <field name="Coding standard" value="Standard specific to identified location (see Note):3" type="EnumLong" lengthBit="2" />
               <field name="Spare" value="1" type="Integer" lengthBit="1" />
               <field name="Location" value="reserved for national use:13" type="EnumLong" lengthBit="4" />
               <field name="ext3" value="last octet:1" type="EnumLong" lengthBit="1" />
               <field name="Cause value" value="122" type="EnumLong" lengthBit="7" />
               <field name="Diagnostics" value="65" type="Binary" length="1" />
            </Bytes></cause.C2.BoxedType>
      </bCSM_Failure.C1.Sequence>
   </EntityReleasedArg.Choice>
</ASN>