<?xml version="1.0" encoding="UTF-8"?>

<ASN layer="CAP">
   <EPC_AV.Sequence>
      <rand.BoxedType><Bytes>570ec28c45665cb6</Bytes></rand.BoxedType>
      <xres.BoxedType><Bytes>74fd111171</Bytes></xres.BoxedType>
      <autn.BoxedType><Bytes>3b0d2e3922</Bytes></autn.BoxedType>
      <kasme.BoxedType><Bytes>e5a2</Bytes></kasme.BoxedType>
      <extensionContainer.Sequence>
         <privateExtensionList.C0.BoxedType>
            <Collection>
               <PrivateExtension.Sequence>
                  <extId><ObjectIdentifier>0.1.216.115.90</ObjectIdentifier></extId>
                  <extType>7f2f6b</extType>
               </PrivateExtension.Sequence>
               <PrivateExtension.Sequence>
                  <extId><ObjectIdentifier>0.1.214</ObjectIdentifier></extId>
                  <extType>32</extType>
               </PrivateExtension.Sequence>
               <PrivateExtension.Sequence>
                  <extId><ObjectIdentifier>0.1.262.47</ObjectIdentifier></extId>
                  <extType>45f9660e6fe4c04060</extType>
               </PrivateExtension.Sequence>
            </Collection>
         </privateExtensionList.C0.BoxedType>
         <pcs_Extensions.C1.Sequence>
            
         </pcs_Extensions.C1.Sequence>
      </extensionContainer.Sequence>
   </EPC_AV.Sequence>
</ASN>