<?xml version="1.0" encoding="UTF-8"?>

<ASN layer="CAP">
   <EstablishTemporaryConnectionArg.Sequence>
      <assistingSSPIPRoutingAddress.C0.BoxedType><Digits.BoxedType><Bytes>3faf92509c6b2583</Bytes></Digits.BoxedType></assistingSSPIPRoutingAddress.C0.BoxedType>
      <correlationID.C1.Sequence>
         <hlr_id.C0.BoxedType><IMSI.BoxedType><TBCD_STRING.BoxedType><Bytes>74028736f6
                     <field name="digits" value="472078636" type="Number_BCD" lengthBit="36" />
                  </Bytes></TBCD_STRING.BoxedType></IMSI.BoxedType></hlr_id.C0.BoxedType>
         <sip_uri_A.C1.BoxedType><Bytes>fc43f0b46fc7</Bytes></sip_uri_A.C1.BoxedType>
         <sip_uri_B.C2.BoxedType><Bytes>d6a4a8a67bf66c1ea4</Bytes></sip_uri_B.C2.BoxedType>
      </correlationID.C1.Sequence>
      <scfID.C3.BoxedType><Bytes>dde87e</Bytes></scfID.C3.BoxedType>
      <extensions.C4.BoxedType>
         <Collection>
            <ExtensionField.Sequence>
               <type.Choice>
                  <local>656846279</local>
                  <global><ObjectIdentifier>0.1.231</ObjectIdentifier></global>
               </type.Choice>
               <criticality.nulld.Enum>
                  <EnumType>ignore.0</EnumType>
               </criticality.nulld.Enum>
               <NullObject.C1></NullObject.C1>
            </ExtensionField.Sequence>
            <ExtensionField.Sequence>
               <type.Choice>
                  <local>1048601015</local>
                  <global><ObjectIdentifier>0.1.272.88</ObjectIdentifier></global>
               </type.Choice>
               <criticality.nulld.Enum>
                  <EnumType>abort.1</EnumType>
               </criticality.nulld.Enum>
               <NullObject.C1></NullObject.C1>
            </ExtensionField.Sequence>
            <ExtensionField.Sequence>
               <type.Choice>
                  <local>1547789860</local>
                  <global><ObjectIdentifier>0.1.292.66</ObjectIdentifier></global>
               </type.Choice>
               <criticality.nulld.Enum>
                  <EnumType>abort.1</EnumType>
               </criticality.nulld.Enum>
               <NullObject.C1></NullObject.C1>
            </ExtensionField.Sequence>
         </Collection>
      </extensions.C4.BoxedType>
      <carrier.C5.BoxedType><Bytes>26666b0e</Bytes></carrier.C5.BoxedType>
      <serviceInteractionIndicatorsTwo.C6.Sequence>
         <forwardServiceInteractionInd.C0.Sequence>
            <conferenceTreatmentIndicator.C1>ffef2c10bb</conferenceTreatmentIndicator.C1>
            <callDiversionTreatmentIndicator.C2>82d4f0be</callDiversionTreatmentIndicator.C2>
            <callingPartyRestrictionIndicator.C4>74e87f1b7a0c45</callingPartyRestrictionIndicator.C4>
         </forwardServiceInteractionInd.C0.Sequence>
         <backwardServiceInteractionInd.C1.Sequence>
            <conferenceTreatmentIndicator.C1>dcd3d012ae956f</conferenceTreatmentIndicator.C1>
            <callCompletionTreatmentIndicator.C2>57f9d3</callCompletionTreatmentIndicator.C2>
         </backwardServiceInteractionInd.C1.Sequence>
         <bothwayThroughConnectionInd.C2.Enum>
            <EnumType>bothwayPathNotRequired.1</EnumType>
         </bothwayThroughConnectionInd.C2.Enum>
         <connectedNumberTreatmentInd.C4.Enum>
            <EnumType>presentationRestricted.1</EnumType>
         </connectedNumberTreatmentInd.C4.Enum>
         <nonCUGCall.C13></nonCUGCall.C13>
         <holdTreatmentIndicator.C50>9971aa9afd5c16a325</holdTreatmentIndicator.C50>
         <cwTreatmentIndicator.C51>ca</cwTreatmentIndicator.C51>
         <ectTreatmentIndicator.C52>4f5ed696612a01</ectTreatmentIndicator.C52>
      </serviceInteractionIndicatorsTwo.C6.Sequence>
      <callSegmentID.C7.BoxedType><Integer>2</Integer></callSegmentID.C7.BoxedType>
      <naOliInfo.C50.BoxedType><Bytes>df1576</Bytes></naOliInfo.C50.BoxedType>
      <chargeNumber.C51.BoxedType><LocationNumber.BoxedType><Bytes>73964114544950
               <field name="Odd/even (O/E)" value="even number of address signals:0" type="EnumLong" lengthBit="1" />
               <field name="Nature of address" value="reserved for national use:115" type="EnumLong" lengthBit="7" />
               <field name="Internal Network Number (INN)" value="routing to internal number not allowed:1" type="EnumLong" lengthBit="1" />
               <field name="Numbering plan" value="ISDN/Telephony Numbering Plan (Rec ITU-T E.164):1" type="EnumLong" lengthBit="3" />
               <field name="Address presentation restricted" value="presentation restricted:1" type="EnumLong" lengthBit="2" />
               <field name="Screening" value="reserved:2" type="EnumLong" lengthBit="2" />
               <field name="digits" value="1441459405" type="Number_BCD" length="5" />
            </Bytes></LocationNumber.BoxedType></chargeNumber.C51.BoxedType>
      <originalCalledPartyID.C52.BoxedType><Bytes>57f16181778904
            <field name="Odd/even (O/E)" value="even number of address signals:0" type="EnumLong" lengthBit="1" />
            <field name="Nature of address" value="spare:87" type="EnumLong" lengthBit="7" />
            <field name="spare1" value="1" type="Integer" lengthBit="1" />
            <field name="Numbering plan" value="spare:7" type="EnumLong" lengthBit="3" />
            <field name="Address presentation restricted" value="presentation allowed:0" type="EnumLong" lengthBit="2" />
            <field name="spare2" value="1" type="Integer" lengthBit="2" />
            <field name="digits" value="1618779840" type="Number_BCD" length="5" />
         </Bytes></originalCalledPartyID.C52.BoxedType>
      <callingPartyNumber.C53.BoxedType><Bytes>365a9154344217
            <field name="Odd/even (O/E)" value="even number of address signals:0" type="EnumLong" lengthBit="1" />
            <field name="Nature of address" value="spare:54" type="EnumLong" lengthBit="7" />
            <field name="Number Incomplete (NI)" value="complete:0" type="EnumLong" lengthBit="1" />
            <field name="Numbering plan" value="private numbering plan:5" type="EnumLong" lengthBit="3" />
            <field name="Address presentation restricted" value="address not available (national use):2" type="EnumLong" lengthBit="2" />
            <field name="Screening" value="reserved:2" type="EnumLong" lengthBit="2" />
            <field name="digits" value="1945432471" type="Number_BCD" length="5" />
         </Bytes></callingPartyNumber.C53.BoxedType>
   </EstablishTemporaryConnectionArg.Sequence>
</ASN>