<?xml version="1.0" encoding="UTF-8"?>

<ASN layer="CAP">
   <EventReportSMSArg.Sequence>
      <eventTypeSMS.C0.Enum>
         <EnumType>t_smsFailure.12</EnumType>
      </eventTypeSMS.C0.Enum>
      <eventSpecificInformationSMS.C1.Choice>
         <o_smsFailureSpecificInfo.C0.Sequence><failureCause.C0.Enum>
               <EnumType>sM_DeliveryFailure.3</EnumType>
            </failureCause.C0.Enum></o_smsFailureSpecificInfo.C0.Sequence>
         <o_smsSubmissionSpecificInfo.C1.Sequence>
            
         </o_smsSubmissionSpecificInfo.C1.Sequence>
         <t_smsFailureSpecificInfo.C2.Sequence><failureCause.C0.BoxedType><Bytes>634f756dd31d</Bytes></failureCause.C0.BoxedType></t_smsFailureSpecificInfo.C2.Sequence>
         <t_smsDeliverySpecificInfo.C3.Sequence>
            
         </t_smsDeliverySpecificInfo.C3.Sequence>
      </eventSpecificInformationSMS.C1.Choice>
      <miscCallInfo.C2d.Sequence><messageType.C0.Enum>
            <EnumType>notification.1</EnumType>
         </messageType.C0.Enum></miscCallInfo.C2d.Sequence>
      <extensions.C10.BoxedType>
         <Collection>
            <ExtensionField.Sequence>
               <type.Choice>
                  <local>714359231</local>
                  <global><ObjectIdentifier>0.1.261.99.123.62.126.37.31.71</ObjectIdentifier></global>
               </type.Choice>
               <criticality.nulld.Enum>
                  <EnumType>ignore.0</EnumType>
               </criticality.nulld.Enum>
               <NullObject.C1></NullObject.C1>
            </ExtensionField.Sequence>
            <ExtensionField.Sequence>
               <type.Choice>
                  <local>4264080187</local>
                  <global><ObjectIdentifier>0.1.260.101.69.5.52.3.115.91.80.8</ObjectIdentifier></global>
               </type.Choice>
               <criticality.nulld.Enum>
                  <EnumType>ignore.0</EnumType>
               </criticality.nulld.Enum>
               <NullObject.C1></NullObject.C1>
            </ExtensionField.Sequence>
            <ExtensionField.Sequence>
               <type.Choice>
                  <local>2383406881</local>
                  <global><ObjectIdentifier>0.1.224.114.10.23.106.7</ObjectIdentifier></global>
               </type.Choice>
               <criticality.nulld.Enum>
                  <EnumType>ignore.0</EnumType>
               </criticality.nulld.Enum>
               <NullObject.C1></NullObject.C1>
            </ExtensionField.Sequence>
         </Collection>
      </extensions.C10.BoxedType>
   </EventReportSMSArg.Sequence>
</ASN>