<?xml version="1.0" encoding="UTF-8"?>

<ASN layer="CAP">
   <Ext_CwFeature.Sequence>
      <basicService.C1.Choice>
         <ext_BearerService.C2.BoxedType><Bytes>3f56419e59fa</Bytes></ext_BearerService.C2.BoxedType>
         <ext_Teleservice.C3.BoxedType><Bytes>af000000eb
               <field name="Code" value="175" type="EnumLong" length="1" />
               <field name="Extension data" value="000000eb" type="Binary" length="4" />
            </Bytes></ext_Teleservice.C3.BoxedType>
      </basicService.C1.Choice>
      <ss_Status.C2.BoxedType><Bytes>64c7103b65</Bytes></ss_Status.C2.BoxedType>
   </Ext_CwFeature.Sequence>
</ASN>