<?xml version="1.0" encoding="UTF-8"?>

<ASN layer="CAP">
   <Ext_CallBarringFeature.Sequence>
      <basicService.Choice>
         <ext_BearerService.C2.BoxedType><Bytes>9bb54ce57b1933847b</Bytes></ext_BearerService.C2.BoxedType>
         <ext_Teleservice.C3.BoxedType><Bytes>f0057d6f6b
               <field name="Code" value="240" type="EnumLong" length="1" />
               <field name="Extension data" value="057d6f6b" type="Binary" length="4" />
            </Bytes></ext_Teleservice.C3.BoxedType>
      </basicService.Choice>
      <ss_Status.C4.BoxedType><Bytes>b351f2b0378613455e</Bytes></ss_Status.C4.BoxedType>
      <extensionContainer.Sequence>
         <privateExtensionList.C0.BoxedType>
            <Collection>
               <PrivateExtension.Sequence>
                  <extId><ObjectIdentifier>0.1.224.58.65.69.23.52.7.112.62</ObjectIdentifier></extId>
                  <extType>33cc11</extType>
               </PrivateExtension.Sequence>
               <PrivateExtension.Sequence>
                  <extId><ObjectIdentifier>0.1.24.98.111.35.81</ObjectIdentifier></extId>
                  <extType>ccc9d7466f1bad70</extType>
               </PrivateExtension.Sequence>
               <PrivateExtension.Sequence>
                  <extId><ObjectIdentifier>0.1.2</ObjectIdentifier></extId>
                  <extType>62ac5b878e4f9f9742</extType>
               </PrivateExtension.Sequence>
            </Collection>
         </privateExtensionList.C0.BoxedType>
         <pcs_Extensions.C1.Sequence>
            
         </pcs_Extensions.C1.Sequence>
      </extensionContainer.Sequence>
   </Ext_CallBarringFeature.Sequence>
</ASN>