<?xml version="1.0" encoding="UTF-8"?>

<ASN layer="CAP">
   <ExternalClient.Sequence>
      <clientIdentity.Sequence>
         <externalAddress.C0.BoxedType><AddressString.BoxedType><Bytes>7194302392f3
                  <field name="extension" value="extension:0" type="EnumLong" lengthBit="1" />
                  <field name="nature of address" value="reserved for extension:7" type="EnumLong" lengthBit="3" />
                  <field name="numbering plan" value="ISDN/Telephony Numbering Plan (Rec ITU-T E.164):1" type="EnumLong" lengthBit="4" />
                  <field name="digits" value="490332293" type="Number_BCD" lengthBit="36" />
               </Bytes></AddressString.BoxedType></externalAddress.C0.BoxedType>
         <extensionContainer.C1.Sequence>
            <privateExtensionList.C0.BoxedType>
               <Collection>
                  <PrivateExtension.Sequence>
                     <extId><ObjectIdentifier>0.1.229.72</ObjectIdentifier></extId>
                     <extType>3ed1f87c1b3720d5d590</extType>
                  </PrivateExtension.Sequence>
                  <PrivateExtension.Sequence>
                     <extId><ObjectIdentifier>0.1.228.31.50.17.65.54.126.86.41</ObjectIdentifier></extId>
                     <extType>71082bec</extType>
                  </PrivateExtension.Sequence>
                  <PrivateExtension.Sequence>
                     <extId><ObjectIdentifier>0.1.223.71</ObjectIdentifier></extId>
                     <extType>40faceb231b632cfcb6b</extType>
                  </PrivateExtension.Sequence>
               </Collection>
            </privateExtensionList.C0.BoxedType>
            <pcs_Extensions.C1.Sequence>
               
            </pcs_Extensions.C1.Sequence>
         </extensionContainer.C1.Sequence>
      </clientIdentity.Sequence>
      <gmlc_Restriction.C0.Enum>
         <EnumType>gmlc_List.0</EnumType>
      </gmlc_Restriction.C0.Enum>
      <notificationToMSUser.C1.Enum>
         <EnumType>locationNotAllowed.3</EnumType>
      </notificationToMSUser.C1.Enum>
      <extensionContainer.C2.Sequence>
         <privateExtensionList.C0.BoxedType>
            <Collection>
               <PrivateExtension.Sequence>
                  <extId><ObjectIdentifier>0.1.2124.87.15.33</ObjectIdentifier></extId>
                  <extType>e352</extType>
               </PrivateExtension.Sequence>
               <PrivateExtension.Sequence>
                  <extId><ObjectIdentifier>0.1.246.53.61.40.42.105</ObjectIdentifier></extId>
                  <extType>9ea4f76deb04df26</extType>
               </PrivateExtension.Sequence>
               <PrivateExtension.Sequence>
                  <extId><ObjectIdentifier>0.1.290.18.119.41.18</ObjectIdentifier></extId>
                  <extType>74eb9385ddc3</extType>
               </PrivateExtension.Sequence>
            </Collection>
         </privateExtensionList.C0.BoxedType>
         <pcs_Extensions.C1.Sequence>
            
         </pcs_Extensions.C1.Sequence>
      </extensionContainer.C2.Sequence>
   </ExternalClient.Sequence>
</ASN>