<?xml version="1.0" encoding="UTF-8"?>

<ASN layer="CAP">
   <ForwardGroupCallSignallingArg.Sequence>
      <imsi.BoxedType><TBCD_STRING.BoxedType><Bytes>46773185f8
               <field name="digits" value="647713588" type="Number_BCD" lengthBit="36" />
            </Bytes></TBCD_STRING.BoxedType></imsi.BoxedType>
      <uplinkRequestAck.C0></uplinkRequestAck.C0>
      <uplinkReleaseIndication.C1></uplinkReleaseIndication.C1>
      <uplinkRejectCommand.C2></uplinkRejectCommand.C2>
      <uplinkSeizedCommand.C3></uplinkSeizedCommand.C3>
      <uplinkReleaseCommand.C4></uplinkReleaseCommand.C4>
      <extensionContainer.Sequence>
         <privateExtensionList.C0.BoxedType>
            <Collection>
               <PrivateExtension.Sequence>
                  <extId><ObjectIdentifier>0.1.245.62.55.48.91.2.32.116.127</ObjectIdentifier></extId>
                  <extType>0c22c3b5</extType>
               </PrivateExtension.Sequence>
               <PrivateExtension.Sequence>
                  <extId><ObjectIdentifier>0.1.245.33.23.69.28</ObjectIdentifier></extId>
                  <extType>76c2ba4b4ccb</extType>
               </PrivateExtension.Sequence>
               <PrivateExtension.Sequence>
                  <extId><ObjectIdentifier>0.1.2119.41.68.13.9.52.120.12</ObjectIdentifier></extId>
                  <extType>28aa</extType>
               </PrivateExtension.Sequence>
            </Collection>
         </privateExtensionList.C0.BoxedType>
         <pcs_Extensions.C1.Sequence>
            
         </pcs_Extensions.C1.Sequence>
      </extensionContainer.Sequence>
      <stateAttributes.C5.Sequence>
         <downlinkAttached.C5></downlinkAttached.C5>
         <uplinkAttached.C6></uplinkAttached.C6>
         <dualCommunication.C7></dualCommunication.C7>
         <callOriginator.C8></callOriginator.C8>
      </stateAttributes.C5.Sequence>
      <talkerPriority.C6.Enum>
         <EnumType>privileged.1</EnumType>
      </talkerPriority.C6.Enum>
      <additionalInfo.C7.BoxedType><BitString><BitString value="a8027cfc8367647f9c0811efc591a8a0ab9e" trailing="0"/></BitString></additionalInfo.C7.BoxedType>
      <emergencyModeResetCommandFlag.C8></emergencyModeResetCommandFlag.C8>
      <sm_RP_UI.C9.BoxedType><Bytes>95007ec0</Bytes></sm_RP_UI.C9.BoxedType>
      <an_APDU.C10.Sequence>
         <accessNetworkProtocolId.Enum>
            <EnumType>ts3G_48006.1</EnumType>
         </accessNetworkProtocolId.Enum>
         <signalInfo.BoxedType><Bytes>3b49da0e3bebe188bd81</Bytes></signalInfo.BoxedType>
         <extensionContainer.Sequence>
            <privateExtensionList.C0.BoxedType>
               <Collection>
                  <PrivateExtension.Sequence>
                     <extId><ObjectIdentifier>0.1.237.108.52.44.56.118.62</ObjectIdentifier></extId>
                     <extType>fb2254f35d4dcb</extType>
                  </PrivateExtension.Sequence>
                  <PrivateExtension.Sequence>
                     <extId><ObjectIdentifier>0.1.238.19.9</ObjectIdentifier></extId>
                     <extType>1c98e8</extType>
                  </PrivateExtension.Sequence>
                  <PrivateExtension.Sequence>
                     <extId><ObjectIdentifier>0.1.232.117.85.90</ObjectIdentifier></extId>
                     <extType>00a5108ac24243b1785d</extType>
                  </PrivateExtension.Sequence>
               </Collection>
            </privateExtensionList.C0.BoxedType>
            <pcs_Extensions.C1.Sequence>
               
            </pcs_Extensions.C1.Sequence>
         </extensionContainer.Sequence>
      </an_APDU.C10.Sequence>
   </ForwardGroupCallSignallingArg.Sequence>
</ASN>