<?xml version="1.0" encoding="UTF-8"?>

<ASN layer="CAP">
   <ForwardingViolationParam.Sequence><extensionContainer.Sequence>
         <privateExtensionList.C0.BoxedType>
            <Collection>
               <PrivateExtension.Sequence>
                  <extId><ObjectIdentifier>0.1.237.119.19.125</ObjectIdentifier></extId>
                  <extType>2397b1</extType>
               </PrivateExtension.Sequence>
               <PrivateExtension.Sequence>
                  <extId><ObjectIdentifier>0.1.2112.73</ObjectIdentifier></extId>
                  <extType>7ceacafe</extType>
               </PrivateExtension.Sequence>
               <PrivateExtension.Sequence>
                  <extId><ObjectIdentifier>0.1.2125.87.104</ObjectIdentifier></extId>
                  <extType>4ac8a6f8351dbd4449</extType>
               </PrivateExtension.Sequence>
            </Collection>
         </privateExtensionList.C0.BoxedType>
         <pcs_Extensions.C1.Sequence>
            
         </pcs_Extensions.C1.Sequence>
      </extensionContainer.Sequence></ForwardingViolationParam.Sequence>
</ASN>