<?xml version="1.0" encoding="UTF-8"?>

<ASN layer="CAP">
   <IllegalEquipmentParam.Sequence><extensionContainer.Sequence>
         <privateExtensionList.C0.BoxedType>
            <Collection>
               <PrivateExtension.Sequence>
                  <extId><ObjectIdentifier>0.1.2122.109.72.18.60.3.63.87</ObjectIdentifier></extId>
                  <extType>6bb665</extType>
               </PrivateExtension.Sequence>
               <PrivateExtension.Sequence>
                  <extId><ObjectIdentifier>0.1.254.109.68.1.46</ObjectIdentifier></extId>
                  <extType>36caf3b0a78422196d</extType>
               </PrivateExtension.Sequence>
               <PrivateExtension.Sequence>
                  <extId><ObjectIdentifier>0.1.234.81.104.50.65.37.21.38.33</ObjectIdentifier></extId>
                  <extType>132853f7af017ecd9e</extType>
               </PrivateExtension.Sequence>
            </Collection>
         </privateExtensionList.C0.BoxedType>
         <pcs_Extensions.C1.Sequence>
            
         </pcs_Extensions.C1.Sequence>
      </extensionContainer.Sequence></IllegalEquipmentParam.Sequence>
</ASN>