<?xml version="1.0" encoding="UTF-8"?>

<ASN layer="CAP">
   <InformServiceCentreArg.Sequence>
      <storedMSISDN.BoxedType><AddressString.BoxedType><Bytes>542153964161
               <field name="extension" value="extension:0" type="EnumLong" lengthBit="1" />
               <field name="nature of address" value="reserved:5" type="EnumLong" lengthBit="3" />
               <field name="numbering plan" value="telex numbering plan (ITU-T Rec F.69):4" type="EnumLong" lengthBit="4" />
               <field name="digits" value="1235691416" type="Number_BCD" length="5" />
            </Bytes></AddressString.BoxedType></storedMSISDN.BoxedType>
      <mw_Status.BoxedType><BitString><BitString value="92fcdd87ff9d44170178eb81bc45" trailing="0"/></BitString></mw_Status.BoxedType>
      <extensionContainer.Sequence>
         <privateExtensionList.C0.BoxedType>
            <Collection>
               <PrivateExtension.Sequence>
                  <extId><ObjectIdentifier>0.1.243.116.21.124.31.28.117.80.51</ObjectIdentifier></extId>
                  <extType>46a6fd</extType>
               </PrivateExtension.Sequence>
               <PrivateExtension.Sequence>
                  <extId><ObjectIdentifier>0.1.27.62.7.38</ObjectIdentifier></extId>
                  <extType>39dab801ec9966</extType>
               </PrivateExtension.Sequence>
               <PrivateExtension.Sequence>
                  <extId><ObjectIdentifier>0.1.250.12.44.99.77.22</ObjectIdentifier></extId>
                  <extType>08916a2409d3abe66e</extType>
               </PrivateExtension.Sequence>
            </Collection>
         </privateExtensionList.C0.BoxedType>
         <pcs_Extensions.C1.Sequence>
            
         </pcs_Extensions.C1.Sequence>
      </extensionContainer.Sequence>
      <absentSubscriberDiagnosticSM.BoxedType><Integer>IMSI detached:1</Integer></absentSubscriberDiagnosticSM.BoxedType>
      <additionalAbsentSubscriberDiagnosticSM.C0.BoxedType><Integer>no paging response via the MSC:0</Integer></additionalAbsentSubscriberDiagnosticSM.C0.BoxedType>
   </InformServiceCentreArg.Sequence>
</ASN>