<?xml version="1.0" encoding="UTF-8"?>

<ASN layer="CAP">
   <InitialDPSMSArg.Sequence>
      <serviceKey.C0.BoxedType><Integer>1</Integer></serviceKey.C0.BoxedType>
      <destinationSubscriberNumber.C1.BoxedType><Bytes>fedaf5ecf61eba8352</Bytes></destinationSubscriberNumber.C1.BoxedType>
      <callingPartyNumber.C2.BoxedType><AddressString.BoxedType><Bytes>5f43176229
               <field name="extension" value="extension:0" type="EnumLong" lengthBit="1" />
               <field name="nature of address" value="reserved:5" type="EnumLong" lengthBit="3" />
               <field name="numbering plan" value="reserved for extension:15" type="EnumLong" lengthBit="4" />
               <field name="digits" value="34712692" type="Number_BCD" length="4" />
            </Bytes></AddressString.BoxedType></callingPartyNumber.C2.BoxedType>
      <eventTypeSMS.C3.Enum>
         <EnumType>o_smsSubmission.3</EnumType>
      </eventTypeSMS.C3.Enum>
      <iMSI.C4.BoxedType><TBCD_STRING.BoxedType><Bytes>0195081687
               <field name="digits" value="1059806178" type="Number_BCD" length="5" />
            </Bytes></TBCD_STRING.BoxedType></iMSI.C4.BoxedType>
      <locationInformationMSC.C5.Sequence>
         <ageOfLocationInformation.BoxedType><Integer>[1-32766] minuts:1</Integer></ageOfLocationInformation.BoxedType>
         <geographicalInformation.C0.BoxedType><Bytes>7e886274289a0241
               <field name="TypeOfShape" value="Reserved for future use:7" type="EnumLong" lengthBit="4" />
               <field name="spare" value="14" type="Integer" lengthBit="4" />
               <field name="DegreesOfLatitude" value="8938100" type="Integer" length="3" />
               <field name="DegreesOfLongitude" value="2660866" type="Integer" length="3" />
               <field name="UncertaintyCode" value="65" type="Integer" length="1" />
            </Bytes></geographicalInformation.C0.BoxedType>
         <vlr_number.C1.BoxedType><AddressString.BoxedType><Bytes>2066611962f9
                  <field name="extension" value="extension:0" type="EnumLong" lengthBit="1" />
                  <field name="nature of address" value="national significant number:2" type="EnumLong" lengthBit="3" />
                  <field name="numbering plan" value="unknown:0" type="EnumLong" lengthBit="4" />
                  <field name="digits" value="661691269" type="Number_BCD" lengthBit="36" />
               </Bytes></AddressString.BoxedType></vlr_number.C1.BoxedType>
         <locationNumber.C2.BoxedType><Bytes>0cf223736463f5
               <field name="Odd/even (O/E)" value="even number of address signals:0" type="EnumLong" lengthBit="1" />
               <field name="Nature of address" value="spare:12" type="EnumLong" lengthBit="7" />
               <field name="Internal Network Number (INN)" value="routing to internal number not allowed:1" type="EnumLong" lengthBit="1" />
               <field name="Numbering plan" value="spare:7" type="EnumLong" lengthBit="3" />
               <field name="Address presentation restricted" value="presentation allowed:0" type="EnumLong" lengthBit="2" />
               <field name="Screening" value="reserved:2" type="EnumLong" lengthBit="2" />
               <field name="digits" value="323746365" type="Number_BCD" lengthBit="36" />
            </Bytes></locationNumber.C2.BoxedType>
         <cellGlobalIdOrServiceAreaIdOrLAI.C3.Choice>
            <cellGlobalIdOrServiceAreaIdFixedLength.C0.BoxedType><Bytes>01f872fa4de863
                  <field name="MMC" value="108,27" type="NumberMMC" length="3" />
                  <field name="LAC" value="64077" type="Integer" length="2" />
                  <field name="CI_SAC" value="59491" type="Integer" length="2" />
               </Bytes></cellGlobalIdOrServiceAreaIdFixedLength.C0.BoxedType>
            <laiFixedLength.C1.BoxedType><Bytes>028171df68
                  <field name="MMC" value="201,178" type="NumberMMC" length="3" />
                  <field name="LAC" value="57192" type="Integer" length="2" />
               </Bytes></laiFixedLength.C1.BoxedType>
         </cellGlobalIdOrServiceAreaIdOrLAI.C3.Choice>
         <extensionContainer.C4.Sequence>
            <privateExtensionList.C0.BoxedType>
               <Collection>
                  <PrivateExtension.Sequence>
                     <extId><ObjectIdentifier>0.1.2113.24.83.117.70.30</ObjectIdentifier></extId>
                     <extType>fcd9d6d96c07</extType>
                  </PrivateExtension.Sequence>
                  <PrivateExtension.Sequence>
                     <extId><ObjectIdentifier>0.1.251.49.96.99.93.126</ObjectIdentifier></extId>
                     <extType>474f47</extType>
                  </PrivateExtension.Sequence>
                  <PrivateExtension.Sequence>
                     <extId><ObjectIdentifier>0.1.25</ObjectIdentifier></extId>
                     <extType>d3a61a578a</extType>
                  </PrivateExtension.Sequence>
               </Collection>
            </privateExtensionList.C0.BoxedType>
            <pcs_Extensions.C1.Sequence>
               
            </pcs_Extensions.C1.Sequence>
         </extensionContainer.C4.Sequence>
         <selectedLSA_Id.C5.BoxedType><Bytes>128a1d
               <field name="LSA type" value="PLMN significant number:0" type="EnumLong" lengthBit="1" />
               <field name="Identifier" value="1215005" type="Integer" lengthBit="23" />
            </Bytes></selectedLSA_Id.C5.BoxedType>
         <msc_Number.C6.BoxedType><AddressString.BoxedType><Bytes>208199907824
                  <field name="extension" value="extension:0" type="EnumLong" lengthBit="1" />
                  <field name="nature of address" value="national significant number:2" type="EnumLong" lengthBit="3" />
                  <field name="numbering plan" value="unknown:0" type="EnumLong" lengthBit="4" />
                  <field name="digits" value="1899098742" type="Number_BCD" length="5" />
               </Bytes></AddressString.BoxedType></msc_Number.C6.BoxedType>
         <geodeticInformation.C7.BoxedType><Bytes>9640ff67d99523dc0c80
               <field name="spare" value="9" type="Integer" lengthBit="4" />
               <field name="LPRI" value="presentation restricted:1" type="EnumLong" lengthBit="2" />
               <field name="screnning" value="user provided, verified and failed:2" type="EnumLong" lengthBit="2" />
               <field name="ext" value="0" type="Integer" lengthBit="1" />
               <field name="TypeOfShape" value="reserved for national use:64" type="EnumLong" lengthBit="7" />
               <field name="DegreesOfLatitude" value="16738265" type="Integer" length="3" />
               <field name="DegreesOfLongitude" value="9774044" type="Integer" length="3" />
               <field name="UncertaintyCode" value="12" type="Integer" length="1" />
               <field name="Confidence" value="128" type="Integer" length="1" />
            </Bytes></geodeticInformation.C7.BoxedType>
         <currentLocationRetrieved.C8></currentLocationRetrieved.C8>
         <sai_Present.C9></sai_Present.C9>
         <locationInformationEPS.C10.Sequence>
            <e_utranCellGlobalIdentity.C0.BoxedType><Bytes>8dc503e553a2beea5f79</Bytes></e_utranCellGlobalIdentity.C0.BoxedType>
            <trackingAreaIdentity.C1.BoxedType><Bytes>30e2148dd15bfc3752</Bytes></trackingAreaIdentity.C1.BoxedType>
            <extensionContainer.C2.Sequence>
               <privateExtensionList.C0.BoxedType>
                  <Collection>
                     <PrivateExtension.Sequence>
                        <extId><ObjectIdentifier>0.1.2123.77.121.66.60.17.126.76.83</ObjectIdentifier></extId>
                        <extType>3ba50ba098b3170b</extType>
                     </PrivateExtension.Sequence>
                     <PrivateExtension.Sequence>
                        <extId><ObjectIdentifier>0.1.2103.12.35.107.30.5</ObjectIdentifier></extId>
                        <extType>59ad</extType>
                     </PrivateExtension.Sequence>
                     <PrivateExtension.Sequence>
                        <extId><ObjectIdentifier>0.1.2113.16.1.78.12</ObjectIdentifier></extId>
                        <extType>c6b51544</extType>
                     </PrivateExtension.Sequence>
                  </Collection>
               </privateExtensionList.C0.BoxedType>
               <pcs_Extensions.C1.Sequence>
                  
               </pcs_Extensions.C1.Sequence>
            </extensionContainer.C2.Sequence>
            <geographicalInformation.C3.BoxedType><Bytes>a9ab453d562a6e98
                  <field name="TypeOfShape" value="Ellipsoid Arc:10" type="EnumLong" lengthBit="4" />
                  <field name="spare" value="9" type="Integer" lengthBit="4" />
                  <field name="DegreesOfLatitude" value="11224381" type="Integer" length="3" />
                  <field name="DegreesOfLongitude" value="5646958" type="Integer" length="3" />
                  <field name="UncertaintyCode" value="152" type="Integer" length="1" />
               </Bytes></geographicalInformation.C3.BoxedType>
            <geodeticInformation.C4.BoxedType><Bytes>c3312049815dc3ce1e42
                  <field name="spare" value="12" type="Integer" lengthBit="4" />
                  <field name="LPRI" value="presentation allowed:0" type="EnumLong" lengthBit="2" />
                  <field name="screnning" value="network provided:3" type="EnumLong" lengthBit="2" />
                  <field name="ext" value="0" type="Integer" lengthBit="1" />
                  <field name="TypeOfShape" value="spare:49" type="EnumLong" lengthBit="7" />
                  <field name="DegreesOfLatitude" value="2115969" type="Integer" length="3" />
                  <field name="DegreesOfLongitude" value="6144974" type="Integer" length="3" />
                  <field name="UncertaintyCode" value="30" type="Integer" length="1" />
                  <field name="Confidence" value="66" type="Integer" length="1" />
               </Bytes></geodeticInformation.C4.BoxedType>
            <currentLocationRetrieved.C5></currentLocationRetrieved.C5>
            <ageOfLocationInformation.C6.BoxedType><Integer>[1-32766] minuts:1</Integer></ageOfLocationInformation.C6.BoxedType>
            <mme_Name.C7.BoxedType><Bytes>2fb1d6b8</Bytes></mme_Name.C7.BoxedType>
         </locationInformationEPS.C10.Sequence>
         <userCSGInformation.C11.Sequence>
            <csg_Id.C0.BoxedType><BitString><BitString value="79321f8b67713b18bde006f1c5c75d" trailing="0"/></BitString></csg_Id.C0.BoxedType>
            <extensionContainer.C1.Sequence>
               <privateExtensionList.C0.BoxedType>
                  <Collection>
                     <PrivateExtension.Sequence>
                        <extId><ObjectIdentifier>0.1.230.31.66.110.72.83.59.26.116</ObjectIdentifier></extId>
                        <extType>09535b34ac2b5d</extType>
                     </PrivateExtension.Sequence>
                     <PrivateExtension.Sequence>
                        <extId><ObjectIdentifier>0.1.289.37.74.114</ObjectIdentifier></extId>
                        <extType>1d9481</extType>
                     </PrivateExtension.Sequence>
                     <PrivateExtension.Sequence>
                        <extId><ObjectIdentifier>0.1.289.28.9.94.63.127.46</ObjectIdentifier></extId>
                        <extType>cf5339b0a5e47f</extType>
                     </PrivateExtension.Sequence>
                  </Collection>
               </privateExtensionList.C0.BoxedType>
               <pcs_Extensions.C1.Sequence>
                  
               </pcs_Extensions.C1.Sequence>
            </extensionContainer.C1.Sequence>
            <accessMode.C2>f2e5</accessMode.C2>
            <cmi.C3>05395b8a0b06bcf8</cmi.C3>
         </userCSGInformation.C11.Sequence>
      </locationInformationMSC.C5.Sequence>
      <locationInformationGPRS.C6.Sequence>
         <cellGlobalIdOrServiceAreaIdOrLAI.C0.Choice>
            <cellGlobalIdOrServiceAreaIdFixedLength.C0.BoxedType><Bytes>514852c079ecd9
                  <field name="MMC" value="158,254" type="NumberMMC" length="3" />
                  <field name="LAC" value="49273" type="Integer" length="2" />
                  <field name="CI_SAC" value="60633" type="Integer" length="2" />
               </Bytes></cellGlobalIdOrServiceAreaIdFixedLength.C0.BoxedType>
            <laiFixedLength.C1.BoxedType><Bytes>3100516fd6
                  <field name="MMC" value="130,150" type="NumberMMC" length="3" />
                  <field name="LAC" value="28630" type="Integer" length="2" />
               </Bytes></laiFixedLength.C1.BoxedType>
         </cellGlobalIdOrServiceAreaIdOrLAI.C0.Choice>
         <routeingAreaIdentity.C1.BoxedType><Bytes>612391ac540c
               <field name="MMC" value="163,192" type="NumberMMC" length="3" />
               <field name="LAC" value="44116" type="Integer" length="2" />
               <field name="RAC" value="12" type="Integer" length="1" />
            </Bytes></routeingAreaIdentity.C1.BoxedType>
         <geographicalInformation.C2.BoxedType><Bytes>6ee4b8b1ee61ecf7
               <field name="TypeOfShape" value="Reserved for future use:6" type="EnumLong" lengthBit="4" />
               <field name="spare" value="14" type="Integer" lengthBit="4" />
               <field name="DegreesOfLatitude" value="14989489" type="Integer" length="3" />
               <field name="DegreesOfLongitude" value="15622636" type="Integer" length="3" />
               <field name="UncertaintyCode" value="247" type="Integer" length="1" />
            </Bytes></geographicalInformation.C2.BoxedType>
         <sgsn_Number.C3.BoxedType><AddressString.BoxedType><Bytes>6461295842f6
                  <field name="extension" value="extension:0" type="EnumLong" lengthBit="1" />
                  <field name="nature of address" value="abbreviated number:6" type="EnumLong" lengthBit="3" />
                  <field name="numbering plan" value="telex numbering plan (ITU-T Rec F.69):4" type="EnumLong" lengthBit="4" />
                  <field name="digits" value="169285246" type="Number_BCD" lengthBit="36" />
               </Bytes></AddressString.BoxedType></sgsn_Number.C3.BoxedType>
         <selectedLSAIdentity.C4.BoxedType><Bytes>612e8a
               <field name="LSA type" value="PLMN significant number:0" type="EnumLong" lengthBit="1" />
               <field name="Identifier" value="6368906" type="Integer" lengthBit="23" />
            </Bytes></selectedLSAIdentity.C4.BoxedType>
         <extensionContainer.C5.Sequence>
            <privateExtensionList.C0.BoxedType>
               <Collection>
                  <PrivateExtension.Sequence>
                     <extId><ObjectIdentifier>0.1.250.25.82</ObjectIdentifier></extId>
                     <extType>d4e0</extType>
                  </PrivateExtension.Sequence>
                  <PrivateExtension.Sequence>
                     <extId><ObjectIdentifier>0.1.2</ObjectIdentifier></extId>
                     <extType>f9cd5a</extType>
                  </PrivateExtension.Sequence>
                  <PrivateExtension.Sequence>
                     <extId><ObjectIdentifier>0.1.2</ObjectIdentifier></extId>
                     <extType>b7029e</extType>
                  </PrivateExtension.Sequence>
               </Collection>
            </privateExtensionList.C0.BoxedType>
            <pcs_Extensions.C1.Sequence>
               
            </pcs_Extensions.C1.Sequence>
         </extensionContainer.C5.Sequence>
         <sai_Present.C6></sai_Present.C6>
         <geodeticInformation.C7.BoxedType><Bytes>61667e7bf03777192346
               <field name="spare" value="6" type="Integer" lengthBit="4" />
               <field name="LPRI" value="presentation allowed:0" type="EnumLong" lengthBit="2" />
               <field name="screnning" value="user provided, verified and passed:1" type="EnumLong" lengthBit="2" />
               <field name="ext" value="0" type="Integer" lengthBit="1" />
               <field name="TypeOfShape" value="reserved for national use:102" type="EnumLong" lengthBit="7" />
               <field name="DegreesOfLatitude" value="8289264" type="Integer" length="3" />
               <field name="DegreesOfLongitude" value="3634969" type="Integer" length="3" />
               <field name="UncertaintyCode" value="35" type="Integer" length="1" />
               <field name="Confidence" value="70" type="Integer" length="1" />
            </Bytes></geodeticInformation.C7.BoxedType>
         <currentLocationRetrieved.C8></currentLocationRetrieved.C8>
         <ageOfLocationInformation.C9.BoxedType><Integer>2 minuts:2</Integer></ageOfLocationInformation.C9.BoxedType>
         <userCSGInformation.C10.Sequence>
            <csg_Id.C0.BoxedType><BitString><BitString value="c2726deeba33eb625282" trailing="0"/></BitString></csg_Id.C0.BoxedType>
            <extensionContainer.C1.Sequence>
               <privateExtensionList.C0.BoxedType>
                  <Collection>
                     <PrivateExtension.Sequence>
                        <extId><ObjectIdentifier>0.1.246.119.2.81.87.34.96.67.80</ObjectIdentifier></extId>
                        <extType>79195ddba8b387</extType>
                     </PrivateExtension.Sequence>
                     <PrivateExtension.Sequence>
                        <extId><ObjectIdentifier>0.1.279.98.47</ObjectIdentifier></extId>
                        <extType>cb39511cb3b614bafb03</extType>
                     </PrivateExtension.Sequence>
                     <PrivateExtension.Sequence>
                        <extId><ObjectIdentifier>0.1.244.109.118.38.58.34.36.62.33</ObjectIdentifier></extId>
                        <extType>99a2c3906868</extType>
                     </PrivateExtension.Sequence>
                  </Collection>
               </privateExtensionList.C0.BoxedType>
               <pcs_Extensions.C1.Sequence>
                  
               </pcs_Extensions.C1.Sequence>
            </extensionContainer.C1.Sequence>
            <accessMode.C2>24631e3ee6256333</accessMode.C2>
            <cmi.C3>4ee891</cmi.C3>
         </userCSGInformation.C10.Sequence>
      </locationInformationGPRS.C6.Sequence>
      <sMSCAddress.C7.BoxedType><AddressString.BoxedType><Bytes>7423678866f0
               <field name="extension" value="extension:0" type="EnumLong" lengthBit="1" />
               <field name="nature of address" value="reserved for extension:7" type="EnumLong" lengthBit="3" />
               <field name="numbering plan" value="telex numbering plan (ITU-T Rec F.69):4" type="EnumLong" lengthBit="4" />
               <field name="digits" value="327688660" type="Number_BCD" lengthBit="36" />
            </Bytes></AddressString.BoxedType></sMSCAddress.C7.BoxedType>
      <timeAndTimezone.C8.BoxedType><Bytes>00000051468883f2
            <field name="value" value="000000156488382" type="Number_BCD" length="8" />
         </Bytes></timeAndTimezone.C8.BoxedType>
      <tPShortMessageSpecificInfo.C9.BoxedType><Bytes>1a1a22</Bytes></tPShortMessageSpecificInfo.C9.BoxedType>
      <tPProtocolIdentifier.C10.BoxedType><Bytes>07008817777f5e</Bytes></tPProtocolIdentifier.C10.BoxedType>
      <tPDataCodingScheme.C11.BoxedType><Bytes>1f1b2e</Bytes></tPDataCodingScheme.C11.BoxedType>
      <tPValidityPeriod.C12.BoxedType><Bytes>7a184507</Bytes></tPValidityPeriod.C12.BoxedType>
      <extensions.C13.BoxedType>
         <Collection>
            <ExtensionField.Sequence>
               <type.Choice>
                  <local>317595032</local>
                  <global><ObjectIdentifier>0.1.2108.71.3</ObjectIdentifier></global>
               </type.Choice>
               <criticality.nulld.Enum>
                  <EnumType>ignore.0</EnumType>
               </criticality.nulld.Enum>
               <NullObject.C1></NullObject.C1>
            </ExtensionField.Sequence>
            <ExtensionField.Sequence>
               <type.Choice>
                  <local>2065675489</local>
                  <global><ObjectIdentifier>0.1.230.78.99.119.40</ObjectIdentifier></global>
               </type.Choice>
               <criticality.nulld.Enum>
                  <EnumType>ignore.0</EnumType>
               </criticality.nulld.Enum>
               <NullObject.C1></NullObject.C1>
            </ExtensionField.Sequence>
            <ExtensionField.Sequence>
               <type.Choice>
                  <local>3920178135</local>
                  <global><ObjectIdentifier>0.1.26.61.117.83.91.114.69.75.123</ObjectIdentifier></global>
               </type.Choice>
               <criticality.nulld.Enum>
                  <EnumType>abort.1</EnumType>
               </criticality.nulld.Enum>
               <NullObject.C1></NullObject.C1>
            </ExtensionField.Sequence>
         </Collection>
      </extensions.C13.BoxedType>
      <smsReferenceNumber.C14.BoxedType><Bytes>189ec95d831c3a</Bytes></smsReferenceNumber.C14.BoxedType>
      <mscAddress.C15.BoxedType><AddressString.BoxedType><Bytes>574185446834
               <field name="extension" value="extension:0" type="EnumLong" lengthBit="1" />
               <field name="nature of address" value="reserved:5" type="EnumLong" lengthBit="3" />
               <field name="numbering plan" value="spare:7" type="EnumLong" lengthBit="4" />
               <field name="digits" value="1458448643" type="Number_BCD" length="5" />
            </Bytes></AddressString.BoxedType></mscAddress.C15.BoxedType>
      <sgsn_Number.C16.BoxedType><AddressString.BoxedType><Bytes>7b31888296f6
               <field name="extension" value="extension:0" type="EnumLong" lengthBit="1" />
               <field name="nature of address" value="reserved for extension:7" type="EnumLong" lengthBit="3" />
               <field name="numbering plan" value="11" type="EnumLong" lengthBit="4" />
               <field name="digits" value="138828696" type="Number_BCD" lengthBit="36" />
            </Bytes></AddressString.BoxedType></sgsn_Number.C16.BoxedType>
      <ms_Classmark2.C17.BoxedType><Bytes>46a806
            <field name="spare1" value="0" type="Integer" lengthBit="1" />
            <field name="Revision level" value="Used by mobile stations supporting R99 or later versions of the protocol:2" type="EnumLong" lengthBit="2" />
            <field name="ES IND" value="ES IND option is not implemented in the MS:0" type="EnumLong" lengthBit="1" />
            <field name="A5/1 algorithm supported " value="available:0" type="EnumLong" lengthBit="1" />
            <field name="RF Power Capability" value="reserved:6" type="EnumLong" lengthBit="3" />
            <field name="spare2" value="1" type="Integer" lengthBit="1" />
            <field name="PS capability" value="not present:0" type="EnumLong" lengthBit="1" />
            <field name="SS Screening Indicator" value="for future use :2" type="EnumLong" lengthBit="2" />
            <field name="SM capability" value="supports:1" type="EnumLong" lengthBit="1" />
            <field name="VBS notification reception" value="no notification wanted:0" type="EnumLong" lengthBit="1" />
            <field name="VGCS notification reception" value="no notification wanted:0" type="EnumLong" lengthBit="1" />
            <field name="FC Frequency Capability" value="does not support the E-GSM or R-GSM band:0" type="EnumLong" lengthBit="1" />
            <field name="CM3" value="does not support:0" type="EnumLong" lengthBit="1" />
            <field name="spare3" value="0" type="Integer" lengthBit="1" />
            <field name="LCS VA capability" value="request notification not supported:0" type="EnumLong" lengthBit="1" />
            <field name="UCS2 treatment" value="a preference for the default alphabet:0" type="EnumLong" lengthBit="1" />
            <field name="SoLSA" value="does not support:0" type="EnumLong" lengthBit="1" />
            <field name="CM Service Prompt (CMSP)" value="supported at least one CM protocol:1" type="EnumLong" lengthBit="1" />
            <field name="A5/3 algorithm supported" value="available (if A/Gb mode supported):1" type="EnumLong" lengthBit="1" />
            <field name="A5/2 algorithm supported" value="not available:0" type="EnumLong" lengthBit="1" />
         </Bytes></ms_Classmark2.C17.BoxedType>
      <gPRSMSClass.C18.Sequence>
         <mSNetworkCapability.C0.BoxedType><Bytes>2b1675dc
               <field name="value" value="2b1675dc" type="Binary" length="4" />
            </Bytes></mSNetworkCapability.C0.BoxedType>
         <mSRadioAccessCapability.C1.BoxedType><Bytes>c1e09b
               <field name="value" value="c1e09b" type="Binary" length="3" />
            </Bytes></mSRadioAccessCapability.C1.BoxedType>
      </gPRSMSClass.C18.Sequence>
      <iMEI.C19.BoxedType><TBCD_STRING.BoxedType><Bytes>98786842f0
               <field name="digits" value="898786240" type="Number_BCD" lengthBit="36" />
            </Bytes></TBCD_STRING.BoxedType></iMEI.C19.BoxedType>
      <calledPartyNumber.C20.BoxedType><AddressString.BoxedType><Bytes>1a86067078f7
               <field name="extension" value="extension:0" type="EnumLong" lengthBit="1" />
               <field name="nature of address" value="international number:1" type="EnumLong" lengthBit="3" />
               <field name="numbering plan" value="10" type="EnumLong" lengthBit="4" />
               <field name="digits" value="686007877" type="Number_BCD" lengthBit="36" />
            </Bytes></AddressString.BoxedType></calledPartyNumber.C20.BoxedType>
   </InitialDPSMSArg.Sequence>
</ASN>