<?xml version="1.0" encoding="UTF-8"?>

<ASN layer="CAP">
   <InitiateCallAttemptRes.Sequence>
      <supportedCamelPhases.C0.BoxedType><BitString><BitString value="e28a05b8bf40d49e4065" trailing="0"/></BitString></supportedCamelPhases.C0.BoxedType>
      <offeredCamel4Functionalities.C1.BoxedType><BitString><BitString value="ee" trailing="0"/></BitString></offeredCamel4Functionalities.C1.BoxedType>
      <extensions.C2.BoxedType>
         <Collection>
            <ExtensionField.Sequence>
               <type.Choice>
                  <local>3346137692</local>
                  <global><ObjectIdentifier>0.1.2115.24.107.125.100.92</ObjectIdentifier></global>
               </type.Choice>
               <criticality.nulld.Enum>
                  <EnumType>ignore.0</EnumType>
               </criticality.nulld.Enum>
               <NullObject.C1></NullObject.C1>
            </ExtensionField.Sequence>
            <ExtensionField.Sequence>
               <type.Choice>
                  <local>2296360484</local>
                  <global><ObjectIdentifier>0.1.284.41.116.101.40.67.5</ObjectIdentifier></global>
               </type.Choice>
               <criticality.nulld.Enum>
                  <EnumType>abort.1</EnumType>
               </criticality.nulld.Enum>
               <NullObject.C1></NullObject.C1>
            </ExtensionField.Sequence>
            <ExtensionField.Sequence>
               <type.Choice>
                  <local>1071086475</local>
                  <global><ObjectIdentifier>0.1.239.115.81.19.91.112</ObjectIdentifier></global>
               </type.Choice>
               <criticality.nulld.Enum>
                  <EnumType>ignore.0</EnumType>
               </criticality.nulld.Enum>
               <NullObject.C1></NullObject.C1>
            </ExtensionField.Sequence>
         </Collection>
      </extensions.C2.BoxedType>
      <releaseCallArgExtensionAllowed.C3></releaseCallArgExtensionAllowed.C3>
   </InitiateCallAttemptRes.Sequence>
</ASN>