<?xml version="1.0" encoding="UTF-8"?>

<ASN layer="CAP">
   <InitiateCallAttemptArg.Sequence>
      <destinationRoutingAddress.C0.BoxedType>
         <Collection>
            <CalledPartyNumber.BoxedType><Bytes>de5515147366f6
                  <field name="Odd/even (O/E)" value="odd number of address signals:1" type="EnumLong" lengthBit="1" />
                  <field name="Nature of address" value="spare:94" type="EnumLong" lengthBit="7" />
                  <field name="Internal Network Number (INN)" value="routing to internal number allowed:0" type="EnumLong" lengthBit="1" />
                  <field name="Numbering plan" value="private numbering plan:5" type="EnumLong" lengthBit="3" />
                  <field name="spare" value="5" type="Integer" lengthBit="4" />
                  <field name="digits" value="514137666" type="Number_BCD" lengthBit="36" />
               </Bytes></CalledPartyNumber.BoxedType>
            <CalledPartyNumber.BoxedType><Bytes>e75b49578520f5
                  <field name="Odd/even (O/E)" value="odd number of address signals:1" type="EnumLong" lengthBit="1" />
                  <field name="Nature of address" value="spare:103" type="EnumLong" lengthBit="7" />
                  <field name="Internal Network Number (INN)" value="routing to internal number allowed:0" type="EnumLong" lengthBit="1" />
                  <field name="Numbering plan" value="private numbering plan:5" type="EnumLong" lengthBit="3" />
                  <field name="spare" value="11" type="Integer" lengthBit="4" />
                  <field name="digits" value="947558025" type="Number_BCD" lengthBit="36" />
               </Bytes></CalledPartyNumber.BoxedType>
            <CalledPartyNumber.BoxedType><Bytes>47bd48638713f3
                  <field name="Odd/even (O/E)" value="even number of address signals:0" type="EnumLong" lengthBit="1" />
                  <field name="Nature of address" value="spare:71" type="EnumLong" lengthBit="7" />
                  <field name="Internal Network Number (INN)" value="routing to internal number not allowed:1" type="EnumLong" lengthBit="1" />
                  <field name="Numbering plan" value="Data numbering plan (ITU-T Recommendation X.121):3" type="EnumLong" lengthBit="3" />
                  <field name="spare" value="13" type="Integer" lengthBit="4" />
                  <field name="digits" value="843678313" type="Number_BCD" lengthBit="36" />
               </Bytes></CalledPartyNumber.BoxedType>
         </Collection>
      </destinationRoutingAddress.C0.BoxedType>
      <extensions.C4.BoxedType>
         <Collection>
            <ExtensionField.Sequence>
               <type.Choice>
                  <local>177673081</local>
                  <global><ObjectIdentifier>0.1.221.112.115.38.20</ObjectIdentifier></global>
               </type.Choice>
               <criticality.nulld.Enum>
                  <EnumType>ignore.0</EnumType>
               </criticality.nulld.Enum>
               <NullObject.C1></NullObject.C1>
            </ExtensionField.Sequence>
            <ExtensionField.Sequence>
               <type.Choice>
                  <local>597430019</local>
                  <global><ObjectIdentifier>0.1.2120.75.102</ObjectIdentifier></global>
               </type.Choice>
               <criticality.nulld.Enum>
                  <EnumType>abort.1</EnumType>
               </criticality.nulld.Enum>
               <NullObject.C1></NullObject.C1>
            </ExtensionField.Sequence>
            <ExtensionField.Sequence>
               <type.Choice>
                  <local>1332158916</local>
                  <global><ObjectIdentifier>0.1.261.23</ObjectIdentifier></global>
               </type.Choice>
               <criticality.nulld.Enum>
                  <EnumType>abort.1</EnumType>
               </criticality.nulld.Enum>
               <NullObject.C1></NullObject.C1>
            </ExtensionField.Sequence>
         </Collection>
      </extensions.C4.BoxedType>
      <legToBeCreated.C5.Choice>
         <sendingSideID.C0.BoxedType><Bytes>24
               <field name="LegType" value="36" type="EnumLong" length="1" />
            </Bytes></sendingSideID.C0.BoxedType>
         <receivingSideID.C1.BoxedType><Bytes>6c
               <field name="LegType" value="108" type="EnumLong" length="1" />
            </Bytes></receivingSideID.C1.BoxedType>
      </legToBeCreated.C5.Choice>
      <newCallSegment.C6.BoxedType><Integer>2</Integer></newCallSegment.C6.BoxedType>
      <callingPartyNumber.C30.BoxedType><Bytes>f8a846104506f8
            <field name="Odd/even (O/E)" value="odd number of address signals:1" type="EnumLong" lengthBit="1" />
            <field name="Nature of address" value="reserved for national use:120" type="EnumLong" lengthBit="7" />
            <field name="Number Incomplete (NI)" value="incomplete:1" type="EnumLong" lengthBit="1" />
            <field name="Numbering plan" value="spare:2" type="EnumLong" lengthBit="3" />
            <field name="Address presentation restricted" value="address not available (national use):2" type="EnumLong" lengthBit="2" />
            <field name="Screening" value="reserved:0" type="EnumLong" lengthBit="2" />
            <field name="digits" value="640154608" type="Number_BCD" lengthBit="36" />
         </Bytes></callingPartyNumber.C30.BoxedType>
      <callReferenceNumber.C51.BoxedType><Bytes>036710d2</Bytes></callReferenceNumber.C51.BoxedType>
      <gsmSCFAddress.C52.BoxedType><AddressString.BoxedType><Bytes>9056377473f0
               <field name="extension" value="no extension:1" type="EnumLong" lengthBit="1" />
               <field name="nature of address" value="international number:1" type="EnumLong" lengthBit="3" />
               <field name="numbering plan" value="unknown:0" type="EnumLong" lengthBit="4" />
               <field name="digits" value="657347370" type="Number_BCD" lengthBit="36" />
            </Bytes></AddressString.BoxedType></gsmSCFAddress.C52.BoxedType>
      <suppress_T_CSI.C53></suppress_T_CSI.C53>
   </InitiateCallAttemptArg.Sequence>
</ASN>