<?xml version="1.0" encoding="UTF-8"?>

<ASN layer="CAP">
   <InitialDPGPRSArg.Sequence>
      <serviceKey.C0.BoxedType><Integer>2</Integer></serviceKey.C0.BoxedType>
      <gPRSEventType.C1.Enum>
         <EnumType>pdp_ContextEstablishment.11</EnumType>
      </gPRSEventType.C1.Enum>
      <mSISDN.C2.BoxedType><AddressString.BoxedType><Bytes>559141911336
               <field name="extension" value="extension:0" type="EnumLong" lengthBit="1" />
               <field name="nature of address" value="reserved:5" type="EnumLong" lengthBit="3" />
               <field name="numbering plan" value="spare:5" type="EnumLong" lengthBit="4" />
               <field name="digits" value="1914193163" type="Number_BCD" length="5" />
            </Bytes></AddressString.BoxedType></mSISDN.C2.BoxedType>
      <iMSI.C3.BoxedType><TBCD_STRING.BoxedType><Bytes>25179710f7
               <field name="digits" value="527179017" type="Number_BCD" lengthBit="36" />
            </Bytes></TBCD_STRING.BoxedType></iMSI.C3.BoxedType>
      <timeAndTimeZone.C4.BoxedType><Bytes>00000049231253f8
            <field name="value" value="000000943221358" type="Number_BCD" length="8" />
         </Bytes></timeAndTimeZone.C4.BoxedType>
      <gPRSMSClass.C5.Sequence>
         <mSNetworkCapability.C0.BoxedType><Bytes>088ac032203bba
               <field name="value" value="088ac032203bba" type="Binary" length="7" />
            </Bytes></mSNetworkCapability.C0.BoxedType>
         <mSRadioAccessCapability.C1.BoxedType><Bytes>cbdee41d
               <field name="value" value="cbdee41d" type="Binary" length="4" />
            </Bytes></mSRadioAccessCapability.C1.BoxedType>
      </gPRSMSClass.C5.Sequence>
      <endUserAddress.C6.Sequence>
         <pDPTypeOrganization.C0>230c</pDPTypeOrganization.C0>
         <pDPTypeNumber.C1>5162aa3dc3</pDPTypeNumber.C1>
         <pDPAddress.C2>daeaa371a56e2fd656</pDPAddress.C2>
      </endUserAddress.C6.Sequence>
      <qualityOfService.C7.Sequence>
         <requested_QoS.C0.Choice>
            <short_QoS_format.C0.BoxedType><Bytes>2fd4c3
                  <field name="spare1" value="0" type="Integer" lengthBit="2" />
                  <field name="Delay class" value="Delay class 4 (best effort):5" type="EnumLong" lengthBit="3" />
                  <field name="Reliability class" value="Reserved:7" type="EnumLong" lengthBit="3" />
                  <field name="Peak throughput" value="Up to 1 000 octet/s:13" type="EnumLong" lengthBit="4" />
                  <field name="spare2" value="0" type="Integer" lengthBit="1" />
                  <field name="Precedence class" value="Normal priority:4" type="EnumLong" lengthBit="3" />
                  <field name="spare3" value="6" type="Integer" lengthBit="3" />
                  <field name="Mean throughput" value="500 octet/h:3" type="EnumLong" lengthBit="5" />
               </Bytes></short_QoS_format.C0.BoxedType>
            <long_QoS_format.C1.BoxedType><Bytes>c7a5dd85f20b7e16b4
                  <field name="Allocation/Retention Priority" value="199" type="Integer" length="1" />
                  <field name="Traffic class" value="Reserved:5" type="EnumLong" lengthBit="3" />
                  <field name="Delivery class" value="Subscribed delivery class / Reserved:0" type="EnumLong" lengthBit="2" />
                  <field name="Delivery erroneous SDUs" value="Reserved:5" type="EnumLong" lengthBit="3" />
                  <field name="Maximum SDU size" value="221" type="Integer" length="1" />
                  <field name="Maximum bitrate uplink" value="133" type="Integer" length="1" />
                  <field name="Maximum bitrate downlink" value="242" type="Integer" length="1" />
                  <field name="SDU error ratio" value="Subscribed SDU error ratio / Reserved:0" type="EnumLong" lengthBit="4" />
                  <field name="Residual BER" value="Reserved:11" type="EnumLong" lengthBit="4" />
                  <field name="Transfer delay" value="31" type="Integer" lengthBit="6" />
                  <field name="Traffic handling priority" value="Priority level 2:2" type="EnumLong" lengthBit="2" />
                  <field name="Guaranteed bitrate uplink" value="22" type="Integer" length="1" />
                  <field name="Guaranteed bitrate downlink" value="180" type="Integer" length="1" />
               </Bytes></long_QoS_format.C1.BoxedType>
         </requested_QoS.C0.Choice>
         <subscribed_QoS.C1.Choice>
            <short_QoS_format.C0.BoxedType><Bytes>75c7b7
                  <field name="spare1" value="1" type="Integer" lengthBit="2" />
                  <field name="Delay class" value="Delay class 4 (best effort):6" type="EnumLong" lengthBit="3" />
                  <field name="Reliability class" value="Unacknowledged GTP, LLC, and RLC, Unprotected data:5" type="EnumLong" lengthBit="3" />
                  <field name="Peak throughput" value="Up to 1 000 octet/s:12" type="EnumLong" lengthBit="4" />
                  <field name="spare2" value="0" type="Integer" lengthBit="1" />
                  <field name="Precedence class" value="Reserved:7" type="EnumLong" lengthBit="3" />
                  <field name="spare3" value="5" type="Integer" lengthBit="3" />
                  <field name="Mean throughput" value="Best effort:23" type="EnumLong" lengthBit="5" />
               </Bytes></short_QoS_format.C0.BoxedType>
            <long_QoS_format.C1.BoxedType><Bytes>cecca324ddcdfa80fd
                  <field name="Allocation/Retention Priority" value="206" type="Integer" length="1" />
                  <field name="Traffic class" value="Reserved:6" type="EnumLong" lengthBit="3" />
                  <field name="Delivery class" value="With delivery order ('yes'):1" type="EnumLong" lengthBit="2" />
                  <field name="Delivery erroneous SDUs" value="Reserved:4" type="EnumLong" lengthBit="3" />
                  <field name="Maximum SDU size" value="163" type="Integer" length="1" />
                  <field name="Maximum bitrate uplink" value="36" type="Integer" length="1" />
                  <field name="Maximum bitrate downlink" value="221" type="Integer" length="1" />
                  <field name="SDU error ratio" value="Reserved:12" type="EnumLong" lengthBit="4" />
                  <field name="Residual BER" value="Reserved:13" type="EnumLong" lengthBit="4" />
                  <field name="Transfer delay" value="62" type="Integer" lengthBit="6" />
                  <field name="Traffic handling priority" value="Priority level 2:2" type="EnumLong" lengthBit="2" />
                  <field name="Guaranteed bitrate uplink" value="128" type="Integer" length="1" />
                  <field name="Guaranteed bitrate downlink" value="253" type="Integer" length="1" />
               </Bytes></long_QoS_format.C1.BoxedType>
         </subscribed_QoS.C1.Choice>
         <negotiated_QoS.C2.Choice>
            <short_QoS_format.C0.BoxedType><Bytes>652355
                  <field name="spare1" value="1" type="Integer" lengthBit="2" />
                  <field name="Delay class" value="Delay class 4 (best effort):4" type="EnumLong" lengthBit="3" />
                  <field name="Reliability class" value="Unacknowledged GTP, LLC, and RLC, Unprotected data:5" type="EnumLong" lengthBit="3" />
                  <field name="Peak throughput" value="Up to 2 000 octet/s:2" type="EnumLong" lengthBit="4" />
                  <field name="spare2" value="0" type="Integer" lengthBit="1" />
                  <field name="Precedence class" value="Low priority:3" type="EnumLong" lengthBit="3" />
                  <field name="spare3" value="2" type="Integer" lengthBit="3" />
                  <field name="Mean throughput" value="Best effort:21" type="EnumLong" lengthBit="5" />
               </Bytes></short_QoS_format.C0.BoxedType>
            <long_QoS_format.C1.BoxedType><Bytes>0b733d2c8aea9dcd1f
                  <field name="Allocation/Retention Priority" value="11" type="Integer" length="1" />
                  <field name="Traffic class" value="Interactive class:3" type="EnumLong" lengthBit="3" />
                  <field name="Delivery class" value="Without delivery order ('no'):2" type="EnumLong" lengthBit="2" />
                  <field name="Delivery erroneous SDUs" value="Erroneous SDUs are not delivered ('no'):3" type="EnumLong" lengthBit="3" />
                  <field name="Maximum SDU size" value="61" type="Integer" length="1" />
                  <field name="Maximum bitrate uplink" value="44" type="Integer" length="1" />
                  <field name="Maximum bitrate downlink" value="138" type="Integer" length="1" />
                  <field name="SDU error ratio" value="Reserved:14" type="EnumLong" lengthBit="4" />
                  <field name="Residual BER" value="Reserved:10" type="EnumLong" lengthBit="4" />
                  <field name="Transfer delay" value="39" type="Integer" lengthBit="6" />
                  <field name="Traffic handling priority" value="Priority level 1:1" type="EnumLong" lengthBit="2" />
                  <field name="Guaranteed bitrate uplink" value="205" type="Integer" length="1" />
                  <field name="Guaranteed bitrate downlink" value="31" type="Integer" length="1" />
               </Bytes></long_QoS_format.C1.BoxedType>
         </negotiated_QoS.C2.Choice>
         <requested_QoS_Extension.C3.Sequence>
            <supplement_to_long_QoS_format.C0.BoxedType><Bytes>6cd1d351e2
                  <field name="spare" value="3" type="Integer" lengthBit="3" />
                  <field name="Signalling Indication" value="Not optimised for signalling traffic:0" type="EnumLong" lengthBit="1" />
                  <field name="Source Statistics Descriptor" value="unknown:12" type="EnumLong" lengthBit="4" />
                  <field name="Maximum bitrate downlink (extended)" value="209" type="Integer" length="1" />
                  <field name="Guaranteed bitrate downlink (extended)" value="211" type="Integer" length="1" />
                  <field name="Maximum bitrate uplink (extended)" value="81" type="Integer" length="1" />
                  <field name="Guaranteed bitrate uplink (extended)" value="226" type="Integer" length="1" />
               </Bytes></supplement_to_long_QoS_format.C0.BoxedType>
            <additionalSupplement.C1.BoxedType><Bytes>6aa1
                  <field name="Maximum bitrate uplink (extended)" value="106" type="Integer" length="1" />
                  <field name="Guaranteed bitrate uplink (extended)" value="161" type="Integer" length="1" />
               </Bytes></additionalSupplement.C1.BoxedType>
         </requested_QoS_Extension.C3.Sequence>
         <subscribed_QoS_Extension.C4.Sequence>
            <supplement_to_long_QoS_format.C0.BoxedType><Bytes>d2c51fbd61
                  <field name="spare" value="6" type="Integer" lengthBit="3" />
                  <field name="Signalling Indication" value="Optimised for signalling traffic:1" type="EnumLong" lengthBit="1" />
                  <field name="Source Statistics Descriptor" value="unknown:2" type="EnumLong" lengthBit="4" />
                  <field name="Maximum bitrate downlink (extended)" value="197" type="Integer" length="1" />
                  <field name="Guaranteed bitrate downlink (extended)" value="31" type="Integer" length="1" />
                  <field name="Maximum bitrate uplink (extended)" value="189" type="Integer" length="1" />
                  <field name="Guaranteed bitrate uplink (extended)" value="97" type="Integer" length="1" />
               </Bytes></supplement_to_long_QoS_format.C0.BoxedType>
            <additionalSupplement.C1.BoxedType><Bytes>3835
                  <field name="Maximum bitrate uplink (extended)" value="56" type="Integer" length="1" />
                  <field name="Guaranteed bitrate uplink (extended)" value="53" type="Integer" length="1" />
               </Bytes></additionalSupplement.C1.BoxedType>
         </subscribed_QoS_Extension.C4.Sequence>
         <negotiated_QoS_Extension.C5.Sequence>
            <supplement_to_long_QoS_format.C0.BoxedType><Bytes>c1a0c8249d
                  <field name="spare" value="6" type="Integer" lengthBit="3" />
                  <field name="Signalling Indication" value="Not optimised for signalling traffic:0" type="EnumLong" lengthBit="1" />
                  <field name="Source Statistics Descriptor" value="speech:1" type="EnumLong" lengthBit="4" />
                  <field name="Maximum bitrate downlink (extended)" value="160" type="Integer" length="1" />
                  <field name="Guaranteed bitrate downlink (extended)" value="200" type="Integer" length="1" />
                  <field name="Maximum bitrate uplink (extended)" value="36" type="Integer" length="1" />
                  <field name="Guaranteed bitrate uplink (extended)" value="157" type="Integer" length="1" />
               </Bytes></supplement_to_long_QoS_format.C0.BoxedType>
            <additionalSupplement.C1.BoxedType><Bytes>2285
                  <field name="Maximum bitrate uplink (extended)" value="34" type="Integer" length="1" />
                  <field name="Guaranteed bitrate uplink (extended)" value="133" type="Integer" length="1" />
               </Bytes></additionalSupplement.C1.BoxedType>
         </negotiated_QoS_Extension.C5.Sequence>
      </qualityOfService.C7.Sequence>
      <accessPointName.C8.BoxedType><Bytes>e2</Bytes></accessPointName.C8.BoxedType>
      <routeingAreaIdentity.C9.BoxedType><Bytes>11f763c7c828
            <field name="MMC" value="117,36" type="NumberMMC" length="3" />
            <field name="LAC" value="51144" type="Integer" length="2" />
            <field name="RAC" value="40" type="Integer" length="1" />
         </Bytes></routeingAreaIdentity.C9.BoxedType>
      <chargingID.C10.BoxedType><Bytes>5c1f8308
            <field name="Charging ID" value="1545569032" type="Integer" length="4" />
         </Bytes></chargingID.C10.BoxedType>
      <sGSNCapabilities.C11.BoxedType><Bytes>46dfc9d00c</Bytes></sGSNCapabilities.C11.BoxedType>
      <locationInformationGPRS.C12.Sequence>
         <cellGlobalIdOrServiceAreaIdOrLAI.C0.Choice>
            <cellGlobalIdOrServiceAreaIdFixedLength.C0.BoxedType><Bytes>6103915a087ab8
                  <field name="MMC" value="163,190" type="NumberMMC" length="3" />
                  <field name="LAC" value="23048" type="Integer" length="2" />
                  <field name="CI_SAC" value="31416" type="Integer" length="2" />
               </Bytes></cellGlobalIdOrServiceAreaIdFixedLength.C0.BoxedType>
            <laiFixedLength.C1.BoxedType><Bytes>02218156fd
                  <field name="MMC" value="201,182" type="NumberMMC" length="3" />
                  <field name="LAC" value="22269" type="Integer" length="2" />
               </Bytes></laiFixedLength.C1.BoxedType>
         </cellGlobalIdOrServiceAreaIdOrLAI.C0.Choice>
         <routeingAreaIdentity.C1.BoxedType><Bytes>22f375493320
               <field name="MMC" value="223,57" type="NumberMMC" length="3" />
               <field name="LAC" value="18739" type="Integer" length="2" />
               <field name="RAC" value="32" type="Integer" length="1" />
            </Bytes></routeingAreaIdentity.C1.BoxedType>
         <geographicalInformation.C2.BoxedType><Bytes>e80b95d8dac4021d
               <field name="TypeOfShape" value="Reserved for future use:14" type="EnumLong" lengthBit="4" />
               <field name="spare" value="8" type="Integer" lengthBit="4" />
               <field name="DegreesOfLatitude" value="759256" type="Integer" length="3" />
               <field name="DegreesOfLongitude" value="14337026" type="Integer" length="3" />
               <field name="UncertaintyCode" value="29" type="Integer" length="1" />
            </Bytes></geographicalInformation.C2.BoxedType>
         <sgsn_Number.C3.BoxedType><AddressString.BoxedType><Bytes>ae1260635074
                  <field name="extension" value="no extension:1" type="EnumLong" lengthBit="1" />
                  <field name="nature of address" value="national significant number:2" type="EnumLong" lengthBit="3" />
                  <field name="numbering plan" value="14" type="EnumLong" lengthBit="4" />
                  <field name="digits" value="2106360547" type="Number_BCD" length="5" />
               </Bytes></AddressString.BoxedType></sgsn_Number.C3.BoxedType>
         <selectedLSAIdentity.C4.BoxedType><Bytes>52157b
               <field name="LSA type" value="PLMN significant number:0" type="EnumLong" lengthBit="1" />
               <field name="Identifier" value="5379451" type="Integer" lengthBit="23" />
            </Bytes></selectedLSAIdentity.C4.BoxedType>
         <extensionContainer.C5.Sequence>
            <privateExtensionList.C0.BoxedType>
               <Collection>
                  <PrivateExtension.Sequence>
                     <extId><ObjectIdentifier>0.1.212.34.30.61.125.83.67.68.16</ObjectIdentifier></extId>
                     <extType>cfae34ace9d2af</extType>
                  </PrivateExtension.Sequence>
                  <PrivateExtension.Sequence>
                     <extId><ObjectIdentifier>0.1.26.114.19.44.39.2</ObjectIdentifier></extId>
                     <extType>97afc60cc10e5f</extType>
                  </PrivateExtension.Sequence>
                  <PrivateExtension.Sequence>
                     <extId><ObjectIdentifier>0.1.2123.55.14.116.94</ObjectIdentifier></extId>
                     <extType>722d</extType>
                  </PrivateExtension.Sequence>
               </Collection>
            </privateExtensionList.C0.BoxedType>
            <pcs_Extensions.C1.Sequence>
               
            </pcs_Extensions.C1.Sequence>
         </extensionContainer.C5.Sequence>
         <sai_Present.C6></sai_Present.C6>
         <geodeticInformation.C7.BoxedType><Bytes>1d1c2e3346a54dc270ab
               <field name="spare" value="1" type="Integer" lengthBit="4" />
               <field name="LPRI" value="spare:3" type="EnumLong" lengthBit="2" />
               <field name="screnning" value="user provided, verified and passed:1" type="EnumLong" lengthBit="2" />
               <field name="ext" value="0" type="Integer" lengthBit="1" />
               <field name="TypeOfShape" value="spare:28" type="EnumLong" lengthBit="7" />
               <field name="DegreesOfLatitude" value="3027782" type="Integer" length="3" />
               <field name="DegreesOfLongitude" value="10833346" type="Integer" length="3" />
               <field name="UncertaintyCode" value="112" type="Integer" length="1" />
               <field name="Confidence" value="171" type="Integer" length="1" />
            </Bytes></geodeticInformation.C7.BoxedType>
         <currentLocationRetrieved.C8></currentLocationRetrieved.C8>
         <ageOfLocationInformation.C9.BoxedType><Integer>[1-32766] minuts:1</Integer></ageOfLocationInformation.C9.BoxedType>
         <userCSGInformation.C10.Sequence>
            <csg_Id.C0.BoxedType><BitString><BitString value="4b9c21de8a60c164" trailing="0"/></BitString></csg_Id.C0.BoxedType>
            <extensionContainer.C1.Sequence>
               <privateExtensionList.C0.BoxedType>
                  <Collection>
                     <PrivateExtension.Sequence>
                        <extId><ObjectIdentifier>0.1.246.1.79.80.39</ObjectIdentifier></extId>
                        <extType>b1336aca321c780386</extType>
                     </PrivateExtension.Sequence>
                     <PrivateExtension.Sequence>
                        <extId><ObjectIdentifier>0.1.2</ObjectIdentifier></extId>
                        <extType>34315a484db1</extType>
                     </PrivateExtension.Sequence>
                     <PrivateExtension.Sequence>
                        <extId><ObjectIdentifier>0.1.261.121</ObjectIdentifier></extId>
                        <extType>c08f</extType>
                     </PrivateExtension.Sequence>
                  </Collection>
               </privateExtensionList.C0.BoxedType>
               <pcs_Extensions.C1.Sequence>
                  
               </pcs_Extensions.C1.Sequence>
            </extensionContainer.C1.Sequence>
            <accessMode.C2>eb1fa30601ba99f0ea</accessMode.C2>
            <cmi.C3>34aed2621cbbd7da82</cmi.C3>
         </userCSGInformation.C10.Sequence>
      </locationInformationGPRS.C12.Sequence>
      <pDPInitiationType.C13.Enum>
         <EnumType>mSInitiated.0</EnumType>
      </pDPInitiationType.C13.Enum>
      <extensions.C14.BoxedType>
         <Collection>
            <ExtensionField.Sequence>
               <type.Choice>
                  <local>4117942975</local>
                  <global><ObjectIdentifier>0.1.247.71.4.78.42.122.21.110</ObjectIdentifier></global>
               </type.Choice>
               <criticality.nulld.Enum>
                  <EnumType>abort.1</EnumType>
               </criticality.nulld.Enum>
               <NullObject.C1></NullObject.C1>
            </ExtensionField.Sequence>
            <ExtensionField.Sequence>
               <type.Choice>
                  <local>979465018</local>
                  <global><ObjectIdentifier>0.1.225.7.104.57.52.84</ObjectIdentifier></global>
               </type.Choice>
               <criticality.nulld.Enum>
                  <EnumType>abort.1</EnumType>
               </criticality.nulld.Enum>
               <NullObject.C1></NullObject.C1>
            </ExtensionField.Sequence>
            <ExtensionField.Sequence>
               <type.Choice>
                  <local>1884413011</local>
                  <global><ObjectIdentifier>0.1.2124.115.104.75.128.36.1.16.108</ObjectIdentifier></global>
               </type.Choice>
               <criticality.nulld.Enum>
                  <EnumType>abort.1</EnumType>
               </criticality.nulld.Enum>
               <NullObject.C1></NullObject.C1>
            </ExtensionField.Sequence>
         </Collection>
      </extensions.C14.BoxedType>
      <gGSNAddress.C15.BoxedType><Bytes>e0b5e0f79d
            <field name="Address type" value="3" type="EnumLong" lengthBit="2" />
            <field name="AddressLength" value="32" type="Integer" lengthBit="6" />
            <field name="IPV4 address" value="181.224.247.157" type="IPV4Address" length="4" />
         </Bytes></gGSNAddress.C15.BoxedType>
      <secondaryPDP_context.C16></secondaryPDP_context.C16>
      <iMEI.C17.BoxedType><TBCD_STRING.BoxedType><Bytes>9190510850
               <field name="digits" value="1909158005" type="Number_BCD" length="5" />
            </Bytes></TBCD_STRING.BoxedType></iMEI.C17.BoxedType>
   </InitialDPGPRSArg.Sequence>
</ASN>