<?xml version="1.0" encoding="UTF-8"?>

<ASN layer="CAP">
   <InitialDPArgExtensionV2.Sequence>
      <naCarrierInformation.C0.Sequence>
         <naCarrierId.C0.BoxedType><Bytes>e2f6</Bytes></naCarrierId.C0.BoxedType>
         <naCICSelectionType.C1.BoxedType><Bytes>41cbdb1561</Bytes></naCICSelectionType.C1.BoxedType>
      </naCarrierInformation.C0.Sequence>
      <gmscAddress.C1.BoxedType><AddressString.BoxedType><Bytes>0f2145059607
               <field name="extension" value="extension:0" type="EnumLong" lengthBit="1" />
               <field name="nature of address" value="unknown:0" type="EnumLong" lengthBit="3" />
               <field name="numbering plan" value="reserved for extension:15" type="EnumLong" lengthBit="4" />
               <field name="digits" value="1254506970" type="Number_BCD" length="5" />
            </Bytes></AddressString.BoxedType></gmscAddress.C1.BoxedType>
   </InitialDPArgExtensionV2.Sequence>
</ASN>