<?xml version="1.0" encoding="UTF-8"?>

<ASN layer="CAP">
   <LCS_AreaEventReportArg.Sequence>
      <referenceNumber.C0.BoxedType><Bytes>fe
            <field name="LCS_ReferenceNumber" value="254" type="Integer" length="1" />
         </Bytes></referenceNumber.C0.BoxedType>
      <h_gmlc_address.C1.BoxedType><Bytes>208a360279
            <field name="Address type" value="IPV4:0" type="EnumLong" lengthBit="2" />
            <field name="AddressLength" value="32" type="Integer" lengthBit="6" />
            <field name="IPV4 address" value="138.54.2.121" type="IPV4Address" length="4" />
         </Bytes></h_gmlc_address.C1.BoxedType>
   </LCS_AreaEventReportArg.Sequence>
</ASN>