<?xml version="1.0" encoding="UTF-8"?>

<ASN layer="CAP">
   <LCS_AreaEventRequestArg.Sequence>
      <referenceNumber.C0.BoxedType><Bytes>ab
            <field name="LCS_ReferenceNumber" value="171" type="Integer" length="1" />
         </Bytes></referenceNumber.C0.BoxedType>
      <h_gmlc_address.C1.BoxedType><Bytes>ee18e8bc98
            <field name="Address type" value="3" type="EnumLong" lengthBit="2" />
            <field name="AddressLength" value="46" type="Integer" lengthBit="6" />
            <field name="IPV4 address" value="24.232.188.152" type="IPV4Address" length="4" />
         </Bytes></h_gmlc_address.C1.BoxedType>
      <deferredLocationEventType.C3.BoxedType><BitString><BitString value="02bd905056b7b7c6c7c25d715f2512" trailing="0"/></BitString></deferredLocationEventType.C3.BoxedType>
      <areaEventInfo.C4.Sequence>
         <areaDefinition.C0.Sequence><areaList.C0.BoxedType>
               <Collection>
                  <Area.Sequence>
                     <areaType.C0.Enum>
                        <EnumType>plmnId.1</EnumType>
                     </areaType.C0.Enum>
                     <areaIdentification.C1.BoxedType><Bytes>31f18679343f4b26
                           <field name="MMC" value="131,68" type="NumberMMC" length="3" />
                           <field name="LAC" value="31028" type="Integer" length="2" />
                           <field name="RAC" value="63" type="Integer" length="1" />
                           <field name="CI" value="19238" type="Integer" length="2" />
                        </Bytes></areaIdentification.C1.BoxedType>
                  </Area.Sequence>
                  <Area.Sequence>
                     <areaType.C0.Enum>
                        <EnumType>plmnId.1</EnumType>
                     </areaType.C0.Enum>
                     <areaIdentification.C1.BoxedType><Bytes>51583231a90f91e8
                           <field name="MMC" value="158,235" type="NumberMMC" length="3" />
                           <field name="LAC" value="12713" type="Integer" length="2" />
                           <field name="RAC" value="15" type="Integer" length="1" />
                           <field name="CI" value="37352" type="Integer" length="2" />
                        </Bytes></areaIdentification.C1.BoxedType>
                  </Area.Sequence>
                  <Area.Sequence>
                     <areaType.C0.Enum>
                        <EnumType>locationAreaId.2</EnumType>
                     </areaType.C0.Enum>
                     <areaIdentification.C1.BoxedType><Bytes>81f1123b3d2f2d93
                           <field name="MMC" value="181,21" type="NumberMMC" length="3" />
                           <field name="LAC" value="15165" type="Integer" length="2" />
                           <field name="RAC" value="47" type="Integer" length="1" />
                           <field name="CI" value="11667" type="Integer" length="2" />
                        </Bytes></areaIdentification.C1.BoxedType>
                  </Area.Sequence>
               </Collection>
            </areaList.C0.BoxedType></areaDefinition.C0.Sequence>
         <occurrenceInfo.C1.Enum>
            <EnumType>oneTimeEvent.0</EnumType>
         </occurrenceInfo.C1.Enum>
         <intervalTime.C2.BoxedType><Integer>1</Integer></intervalTime.C2.BoxedType>
      </areaEventInfo.C4.Sequence>
   </LCS_AreaEventRequestArg.Sequence>
</ASN>