<?xml version="1.0" encoding="UTF-8"?>

<ASN layer="CAP">
   <LCS_PeriodicLocationCancellationArg.Sequence>
      <referenceNumber.C0.BoxedType><Bytes>46
            <field name="LCS_ReferenceNumber" value="70" type="Integer" length="1" />
         </Bytes></referenceNumber.C0.BoxedType>
      <h_gmlc_address.C1.BoxedType><Bytes>789b1140d9
            <field name="Address type" value="IPV6:1" type="EnumLong" lengthBit="2" />
            <field name="AddressLength" value="56" type="Integer" lengthBit="6" />
            <field name="IPV4 address" value="155.17.64.217" type="IPV4Address" length="4" />
         </Bytes></h_gmlc_address.C1.BoxedType>
   </LCS_PeriodicLocationCancellationArg.Sequence>
</ASN>