<?xml version="1.0" encoding="UTF-8"?>

<ASN layer="CAP">
   <LSAData.Sequence>
      <lsaIdentity.C0.BoxedType><Bytes>0b2462
            <field name="LSA type" value="PLMN significant number:0" type="EnumLong" lengthBit="1" />
            <field name="Identifier" value="730210" type="Integer" lengthBit="23" />
         </Bytes></lsaIdentity.C0.BoxedType>
      <lsaAttributes.C1.BoxedType><Bytes>d83580d7012f6e</Bytes></lsaAttributes.C1.BoxedType>
      <lsaActiveModeIndicator.C2></lsaActiveModeIndicator.C2>
      <extensionContainer.C3.Sequence>
         <privateExtensionList.C0.BoxedType>
            <Collection>
               <PrivateExtension.Sequence>
                  <extId><ObjectIdentifier>0.1.222.32.59.121</ObjectIdentifier></extId>
                  <extType>913497d877c4</extType>
               </PrivateExtension.Sequence>
               <PrivateExtension.Sequence>
                  <extId><ObjectIdentifier>0.1.27.46.87</ObjectIdentifier></extId>
                  <extType>adf5d9f172</extType>
               </PrivateExtension.Sequence>
               <PrivateExtension.Sequence>
                  <extId><ObjectIdentifier>0.1.253.15.2.73.55.61.104</ObjectIdentifier></extId>
                  <extType>8aed49</extType>
               </PrivateExtension.Sequence>
            </Collection>
         </privateExtensionList.C0.BoxedType>
         <pcs_Extensions.C1.Sequence>
            
         </pcs_Extensions.C1.Sequence>
      </extensionContainer.C3.Sequence>
   </LSAData.Sequence>
</ASN>