<?xml version="1.0" encoding="UTF-8"?>

<ASN layer="CAP">
   <MM_EventNotSupported_Param.Sequence><extensionContainer.Sequence>
         <privateExtensionList.C0.BoxedType>
            <Collection>
               <PrivateExtension.Sequence>
                  <extId><ObjectIdentifier>0.1.294.72.108.41.3.120.1.34.74</ObjectIdentifier></extId>
                  <extType>6412c7</extType>
               </PrivateExtension.Sequence>
               <PrivateExtension.Sequence>
                  <extId><ObjectIdentifier>0.1.275.50.121.101</ObjectIdentifier></extId>
                  <extType>9568</extType>
               </PrivateExtension.Sequence>
               <PrivateExtension.Sequence>
                  <extId><ObjectIdentifier>0.1.224.105.54.9.39.72.19.116.30.87</ObjectIdentifier></extId>
                  <extType>70abd46288dbd2da</extType>
               </PrivateExtension.Sequence>
            </Collection>
         </privateExtensionList.C0.BoxedType>
         <pcs_Extensions.C1.Sequence>
            
         </pcs_Extensions.C1.Sequence>
      </extensionContainer.Sequence></MM_EventNotSupported_Param.Sequence>
</ASN>