<?xml version="1.0" encoding="UTF-8"?>

<ASN layer="CAP">
   <MO_ForwardSM_Arg.Sequence>
      <sm_RP_DA.Choice>
         <imsi.C0.BoxedType><TBCD_STRING.BoxedType><Bytes>5155692091
                  <field name="digits" value="1555960219" type="Number_BCD" length="5" />
               </Bytes></TBCD_STRING.BoxedType></imsi.C0.BoxedType>
         <lmsi.C1.BoxedType><Bytes>511aa708ea
               <field name="digits" value="511aa708ea" type="Binary" length="5" />
            </Bytes></lmsi.C1.BoxedType>
         <serviceCentreAddressDA.C4.BoxedType><Bytes>230197016271
               <field name="extension" value="extension:0" type="EnumLong" lengthBit="1" />
               <field name="nature of address" value="national significant number:2" type="EnumLong" lengthBit="3" />
               <field name="numbering plan" value="data numbering plan (ITU-T Rec X.121):3" type="EnumLong" lengthBit="4" />
               <field name="digits" value="1079102617" type="Number_BCD" length="5" />
            </Bytes></serviceCentreAddressDA.C4.BoxedType>
         <noSM_RP_DA.C5></noSM_RP_DA.C5>
      </sm_RP_DA.Choice>
      <sm_RP_OA.Choice>
         <msisdn.C2.BoxedType><AddressString.BoxedType><Bytes>e69110902916
                  <field name="extension" value="no extension:1" type="EnumLong" lengthBit="1" />
                  <field name="nature of address" value="abbreviated number:6" type="EnumLong" lengthBit="3" />
                  <field name="numbering plan" value="land mobile numbering plan (ITU-T Rec E.212):6" type="EnumLong" lengthBit="4" />
                  <field name="digits" value="1901099261" type="Number_BCD" length="5" />
               </Bytes></AddressString.BoxedType></msisdn.C2.BoxedType>
         <serviceCentreAddressOA.C4.BoxedType><Bytes>2a2142304952
               <field name="extension" value="extension:0" type="EnumLong" lengthBit="1" />
               <field name="nature of address" value="national significant number:2" type="EnumLong" lengthBit="3" />
               <field name="numbering plan" value="10" type="EnumLong" lengthBit="4" />
               <field name="digits" value="1224039425" type="Number_BCD" length="5" />
            </Bytes></serviceCentreAddressOA.C4.BoxedType>
         <noSM_RP_OA.C5></noSM_RP_OA.C5>
      </sm_RP_OA.Choice>
      <sm_RP_UI.BoxedType><Bytes>69663c</Bytes></sm_RP_UI.BoxedType>
      <extensionContainer.Sequence>
         <privateExtensionList.C0.BoxedType>
            <Collection>
               <PrivateExtension.Sequence>
                  <extId><ObjectIdentifier>0.1.240.73.49.71.22.57.84.97.35</ObjectIdentifier></extId>
                  <extType>e9f55c</extType>
               </PrivateExtension.Sequence>
               <PrivateExtension.Sequence>
                  <extId><ObjectIdentifier>0.1.215.112.60.113.24.120</ObjectIdentifier></extId>
                  <extType>b6ec5bad01a396f1f2</extType>
               </PrivateExtension.Sequence>
               <PrivateExtension.Sequence>
                  <extId><ObjectIdentifier>0.1.2105.53</ObjectIdentifier></extId>
                  <extType>ebb051d9096a4c</extType>
               </PrivateExtension.Sequence>
            </Collection>
         </privateExtensionList.C0.BoxedType>
         <pcs_Extensions.C1.Sequence>
            
         </pcs_Extensions.C1.Sequence>
      </extensionContainer.Sequence>
      <imsi.BoxedType><TBCD_STRING.BoxedType><Bytes>6104955207
               <field name="digits" value="1640592570" type="Number_BCD" length="5" />
            </Bytes></TBCD_STRING.BoxedType></imsi.BoxedType>
      <correlationID.C0.Sequence>
         <hlr_id.C0.BoxedType><IMSI.BoxedType><TBCD_STRING.BoxedType><Bytes>6115511029
                     <field name="digits" value="1651150192" type="Number_BCD" length="5" />
                  </Bytes></TBCD_STRING.BoxedType></IMSI.BoxedType></hlr_id.C0.BoxedType>
         <sip_uri_A.C1.BoxedType><Bytes>a7a2a958de</Bytes></sip_uri_A.C1.BoxedType>
         <sip_uri_B.C2.BoxedType><Bytes>65195a</Bytes></sip_uri_B.C2.BoxedType>
      </correlationID.C0.Sequence>
      <sm_DeliveryOutcome.C1.Enum>
         <EnumType>memoryCapacityExceeded.0</EnumType>
      </sm_DeliveryOutcome.C1.Enum>
   </MO_ForwardSM_Arg.Sequence>
</ASN>