<?xml version="1.0" encoding="UTF-8"?>

<ASN layer="CAP">
   <MO_ForwardSM_Res.Sequence>
      <sm_RP_UI.BoxedType><Bytes>4d063621b721</Bytes></sm_RP_UI.BoxedType>
      <extensionContainer.Sequence>
         <privateExtensionList.C0.BoxedType>
            <Collection>
               <PrivateExtension.Sequence>
                  <extId><ObjectIdentifier>0.1.2124.21.70.90</ObjectIdentifier></extId>
                  <extType>6a153ae6</extType>
               </PrivateExtension.Sequence>
               <PrivateExtension.Sequence>
                  <extId><ObjectIdentifier>0.1.210.75.67.3.87.103.6.3</ObjectIdentifier></extId>
                  <extType>a741e23e</extType>
               </PrivateExtension.Sequence>
               <PrivateExtension.Sequence>
                  <extId><ObjectIdentifier>0.1.2125.61.95</ObjectIdentifier></extId>
                  <extType>0143d0</extType>
               </PrivateExtension.Sequence>
            </Collection>
         </privateExtensionList.C0.BoxedType>
         <pcs_Extensions.C1.Sequence>
            
         </pcs_Extensions.C1.Sequence>
      </extensionContainer.Sequence>
   </MO_ForwardSM_Res.Sequence>
</ASN>