<?xml version="1.0" encoding="UTF-8"?>

<ASN layer="CAP">
   <MoveLegArg.Sequence>
      <legIDToMove.C0.Choice>
         <sendingSideID.C0.BoxedType><Bytes>fd
               <field name="LegType" value="253" type="EnumLong" length="1" />
            </Bytes></sendingSideID.C0.BoxedType>
         <receivingSideID.C1.BoxedType><Bytes>01
               <field name="LegType" value="leg1 LegType:1" type="EnumLong" length="1" />
            </Bytes></receivingSideID.C1.BoxedType>
      </legIDToMove.C0.Choice>
      <extensions.C2.BoxedType>
         <Collection>
            <ExtensionField.Sequence>
               <type.Choice>
                  <local>1167735775</local>
                  <global><ObjectIdentifier>0.1.21.85.51.118.121.105.31</ObjectIdentifier></global>
               </type.Choice>
               <criticality.nulld.Enum>
                  <EnumType>abort.1</EnumType>
               </criticality.nulld.Enum>
               <NullObject.C1></NullObject.C1>
            </ExtensionField.Sequence>
            <ExtensionField.Sequence>
               <type.Choice>
                  <local>925398745</local>
                  <global><ObjectIdentifier>0.1.282</ObjectIdentifier></global>
               </type.Choice>
               <criticality.nulld.Enum>
                  <EnumType>abort.1</EnumType>
               </criticality.nulld.Enum>
               <NullObject.C1></NullObject.C1>
            </ExtensionField.Sequence>
            <ExtensionField.Sequence>
               <type.Choice>
                  <local>1822184504</local>
                  <global><ObjectIdentifier>0.1.2101.55</ObjectIdentifier></global>
               </type.Choice>
               <criticality.nulld.Enum>
                  <EnumType>abort.1</EnumType>
               </criticality.nulld.Enum>
               <NullObject.C1></NullObject.C1>
            </ExtensionField.Sequence>
         </Collection>
      </extensions.C2.BoxedType>
   </MoveLegArg.Sequence>
</ASN>