<?xml version="1.0" encoding="UTF-8"?>

<ASN layer="CAP">
   <MSISDN_BS.Sequence>
      <msisdn.BoxedType><AddressString.BoxedType><Bytes>690111239720
               <field name="extension" value="extension:0" type="EnumLong" lengthBit="1" />
               <field name="nature of address" value="abbreviated number:6" type="EnumLong" lengthBit="3" />
               <field name="numbering plan" value="private numbering plan:9" type="EnumLong" lengthBit="4" />
               <field name="digits" value="1011327902" type="Number_BCD" length="5" />
            </Bytes></AddressString.BoxedType></msisdn.BoxedType>
      <basicServiceList.C0.BoxedType>
         <Collection>
            <Ext_BasicServiceCode.Choice>
               <ext_BearerService.C2.BoxedType><Bytes>d828</Bytes></ext_BearerService.C2.BoxedType>
               <ext_Teleservice.C3.BoxedType><Bytes>119a61a110
                     <field name="Code" value="telephony:17" type="EnumLong" length="1" />
                     <field name="Extension data" value="9a61a110" type="Binary" length="4" />
                  </Bytes></ext_Teleservice.C3.BoxedType>
            </Ext_BasicServiceCode.Choice>
            <Ext_BasicServiceCode.Choice>
               <ext_BearerService.C2.BoxedType><Bytes>44a49eec25f749</Bytes></ext_BearerService.C2.BoxedType>
               <ext_Teleservice.C3.BoxedType><Bytes>a97500fc32
                     <field name="Code" value="169" type="EnumLong" length="1" />
                     <field name="Extension data" value="7500fc32" type="Binary" length="4" />
                  </Bytes></ext_Teleservice.C3.BoxedType>
            </Ext_BasicServiceCode.Choice>
            <Ext_BasicServiceCode.Choice>
               <ext_BearerService.C2.BoxedType><Bytes>cd1a</Bytes></ext_BearerService.C2.BoxedType>
               <ext_Teleservice.C3.BoxedType><Bytes>d6000000e9
                     <field name="Code" value="plmn-specificTS-6:214" type="EnumLong" length="1" />
                     <field name="Extension data" value="000000e9" type="Binary" length="4" />
                  </Bytes></ext_Teleservice.C3.BoxedType>
            </Ext_BasicServiceCode.Choice>
         </Collection>
      </basicServiceList.C0.BoxedType>
      <extensionContainer.C1.Sequence>
         <privateExtensionList.C0.BoxedType>
            <Collection>
               <PrivateExtension.Sequence>
                  <extId><ObjectIdentifier>0.1.2115.115.20.34.65.11.64.106.114</ObjectIdentifier></extId>
                  <extType>fd03a6e288a9cf6648bb</extType>
               </PrivateExtension.Sequence>
               <PrivateExtension.Sequence>
                  <extId><ObjectIdentifier>0.1.291</ObjectIdentifier></extId>
                  <extType>b7fb7086cc8607</extType>
               </PrivateExtension.Sequence>
               <PrivateExtension.Sequence>
                  <extId><ObjectIdentifier>0.1.226</ObjectIdentifier></extId>
                  <extType>7d7042d5322088</extType>
               </PrivateExtension.Sequence>
            </Collection>
         </privateExtensionList.C0.BoxedType>
         <pcs_Extensions.C1.Sequence>
            
         </pcs_Extensions.C1.Sequence>
      </extensionContainer.C1.Sequence>
   </MSISDN_BS.Sequence>
</ASN>