<?xml version="1.0" encoding="UTF-8"?>

<ASN layer="CAP">
   <MT_ForwardSM_Arg.Sequence>
      <sm_RP_DA.Choice>
         <imsi.C0.BoxedType><TBCD_STRING.BoxedType><Bytes>9196107929
                  <field name="digits" value="1969019792" type="Number_BCD" length="5" />
               </Bytes></TBCD_STRING.BoxedType></imsi.C0.BoxedType>
         <lmsi.C1.BoxedType><Bytes>4e2c48bddbf059b950
               <field name="digits" value="4e2c48bddbf059b950" type="Binary" length="9" />
            </Bytes></lmsi.C1.BoxedType>
         <serviceCentreAddressDA.C4.BoxedType><Bytes>840220791338
               <field name="extension" value="no extension:1" type="EnumLong" lengthBit="1" />
               <field name="nature of address" value="unknown:0" type="EnumLong" lengthBit="3" />
               <field name="numbering plan" value="telex numbering plan (ITU-T Rec F.69):4" type="EnumLong" lengthBit="4" />
               <field name="digits" value="2002973183" type="Number_BCD" length="5" />
            </Bytes></serviceCentreAddressDA.C4.BoxedType>
         <noSM_RP_DA.C5></noSM_RP_DA.C5>
      </sm_RP_DA.Choice>
      <sm_RP_OA.Choice>
         <msisdn.C2.BoxedType><AddressString.BoxedType><Bytes>5d4145343872
                  <field name="extension" value="extension:0" type="EnumLong" lengthBit="1" />
                  <field name="nature of address" value="reserved:5" type="EnumLong" lengthBit="3" />
                  <field name="numbering plan" value="13" type="EnumLong" lengthBit="4" />
                  <field name="digits" value="1454438327" type="Number_BCD" length="5" />
               </Bytes></AddressString.BoxedType></msisdn.C2.BoxedType>
         <serviceCentreAddressOA.C4.BoxedType><Bytes>9a64224759f2
               <field name="extension" value="no extension:1" type="EnumLong" lengthBit="1" />
               <field name="nature of address" value="international number:1" type="EnumLong" lengthBit="3" />
               <field name="numbering plan" value="10" type="EnumLong" lengthBit="4" />
               <field name="digits" value="462274952" type="Number_BCD" lengthBit="36" />
            </Bytes></serviceCentreAddressOA.C4.BoxedType>
         <noSM_RP_OA.C5></noSM_RP_OA.C5>
      </sm_RP_OA.Choice>
      <sm_RP_UI.BoxedType><Bytes>2157</Bytes></sm_RP_UI.BoxedType>
      <moreMessagesToSend></moreMessagesToSend>
      <extensionContainer.Sequence>
         <privateExtensionList.C0.BoxedType>
            <Collection>
               <PrivateExtension.Sequence>
                  <extId><ObjectIdentifier>0.1.2119.100.101</ObjectIdentifier></extId>
                  <extType>75746c9e5a9969866dd4</extType>
               </PrivateExtension.Sequence>
               <PrivateExtension.Sequence>
                  <extId><ObjectIdentifier>0.1.2112.112.104.102.8.127.1.57</ObjectIdentifier></extId>
                  <extType>5378</extType>
               </PrivateExtension.Sequence>
               <PrivateExtension.Sequence>
                  <extId><ObjectIdentifier>0.1.282.86.123.31.22.78.23.6</ObjectIdentifier></extId>
                  <extType>fa55340d</extType>
               </PrivateExtension.Sequence>
            </Collection>
         </privateExtensionList.C0.BoxedType>
         <pcs_Extensions.C1.Sequence>
            
         </pcs_Extensions.C1.Sequence>
      </extensionContainer.Sequence>
      <smDeliveryTimer.BoxedType><Integer>2</Integer></smDeliveryTimer.BoxedType>
      <smDeliveryStartTime.BoxedType><Bytes>c53f</Bytes></smDeliveryStartTime.BoxedType>
      <smsOverIP_OnlyIndicator.C0></smsOverIP_OnlyIndicator.C0>
      <correlationID.C1.Sequence>
         <hlr_id.C0.BoxedType><IMSI.BoxedType><TBCD_STRING.BoxedType><Bytes>03325154f6
                     <field name="digits" value="302315456" type="Number_BCD" lengthBit="36" />
                  </Bytes></TBCD_STRING.BoxedType></IMSI.BoxedType></hlr_id.C0.BoxedType>
         <sip_uri_A.C1.BoxedType><Bytes>c7de8e7f</Bytes></sip_uri_A.C1.BoxedType>
         <sip_uri_B.C2.BoxedType><Bytes>1549e109ae90</Bytes></sip_uri_B.C2.BoxedType>
      </correlationID.C1.Sequence>
   </MT_ForwardSM_Arg.Sequence>
</ASN>