<?xml version="1.0" encoding="UTF-8"?>

<ASN layer="CAP">
   <NoteMM_EventArg.Sequence>
      <serviceKey.BoxedType><Integer>1</Integer></serviceKey.BoxedType>
      <eventMet.C0.BoxedType><Bytes>09762134df30</Bytes></eventMet.C0.BoxedType>
      <imsi.C1.BoxedType><TBCD_STRING.BoxedType><Bytes>8133148128
               <field name="digits" value="1833411882" type="Number_BCD" length="5" />
            </Bytes></TBCD_STRING.BoxedType></imsi.C1.BoxedType>
      <msisdn.C2.BoxedType><AddressString.BoxedType><Bytes>ab65746813f9
               <field name="extension" value="no extension:1" type="EnumLong" lengthBit="1" />
               <field name="nature of address" value="national significant number:2" type="EnumLong" lengthBit="3" />
               <field name="numbering plan" value="11" type="EnumLong" lengthBit="4" />
               <field name="digits" value="564786319" type="Number_BCD" lengthBit="36" />
            </Bytes></AddressString.BoxedType></msisdn.C2.BoxedType>
      <locationInformation.C3.Sequence>
         <ageOfLocationInformation.BoxedType><Integer>[1-32766] minuts:1</Integer></ageOfLocationInformation.BoxedType>
         <geographicalInformation.C0.BoxedType><Bytes>ee3123bddc227988
               <field name="TypeOfShape" value="Reserved for future use:14" type="EnumLong" lengthBit="4" />
               <field name="spare" value="14" type="Integer" lengthBit="4" />
               <field name="DegreesOfLatitude" value="3220413" type="Integer" length="3" />
               <field name="DegreesOfLongitude" value="14426745" type="Integer" length="3" />
               <field name="UncertaintyCode" value="136" type="Integer" length="1" />
            </Bytes></geographicalInformation.C0.BoxedType>
         <vlr_number.C1.BoxedType><AddressString.BoxedType><Bytes>3368089094f5
                  <field name="extension" value="extension:0" type="EnumLong" lengthBit="1" />
                  <field name="nature of address" value="network specific number:3" type="EnumLong" lengthBit="3" />
                  <field name="numbering plan" value="data numbering plan (ITU-T Rec X.121):3" type="EnumLong" lengthBit="4" />
                  <field name="digits" value="868009495" type="Number_BCD" lengthBit="36" />
               </Bytes></AddressString.BoxedType></vlr_number.C1.BoxedType>
         <locationNumber.C2.BoxedType><Bytes>4d390244774150
               <field name="Odd/even (O/E)" value="even number of address signals:0" type="EnumLong" lengthBit="1" />
               <field name="Nature of address" value="spare:77" type="EnumLong" lengthBit="7" />
               <field name="Internal Network Number (INN)" value="routing to internal number allowed:0" type="EnumLong" lengthBit="1" />
               <field name="Numbering plan" value="Data numbering plan (ITU-T Recommendation X.121):3" type="EnumLong" lengthBit="3" />
               <field name="Address presentation restricted" value="address not available (national use):2" type="EnumLong" lengthBit="2" />
               <field name="Screening" value="user provided, verified and passed:1" type="EnumLong" lengthBit="2" />
               <field name="digits" value="2044771405" type="Number_BCD" length="5" />
            </Bytes></locationNumber.C2.BoxedType>
         <cellGlobalIdOrServiceAreaIdOrLAI.C3.Choice>
            <cellGlobalIdOrServiceAreaIdFixedLength.C0.BoxedType><Bytes>219341f5503b4f
                  <field name="MMC" value="123,149" type="NumberMMC" length="3" />
                  <field name="LAC" value="62800" type="Integer" length="2" />
                  <field name="CI_SAC" value="15183" type="Integer" length="2" />
               </Bytes></cellGlobalIdOrServiceAreaIdFixedLength.C0.BoxedType>
            <laiFixedLength.C1.BoxedType><Bytes>5145326228
                  <field name="MMC" value="155,234" type="NumberMMC" length="3" />
                  <field name="LAC" value="25128" type="Integer" length="2" />
               </Bytes></laiFixedLength.C1.BoxedType>
         </cellGlobalIdOrServiceAreaIdOrLAI.C3.Choice>
         <extensionContainer.C4.Sequence>
            <privateExtensionList.C0.BoxedType>
               <Collection>
                  <PrivateExtension.Sequence>
                     <extId><ObjectIdentifier>0.1.243.26</ObjectIdentifier></extId>
                     <extType>ba</extType>
                  </PrivateExtension.Sequence>
                  <PrivateExtension.Sequence>
                     <extId><ObjectIdentifier>0.1.212.120.72.76.5.85</ObjectIdentifier></extId>
                     <extType>9bcba52c4be99151</extType>
                  </PrivateExtension.Sequence>
                  <PrivateExtension.Sequence>
                     <extId><ObjectIdentifier>0.1.236.32.19.26.52.104.121</ObjectIdentifier></extId>
                     <extType>f184e7</extType>
                  </PrivateExtension.Sequence>
               </Collection>
            </privateExtensionList.C0.BoxedType>
            <pcs_Extensions.C1.Sequence>
               
            </pcs_Extensions.C1.Sequence>
         </extensionContainer.C4.Sequence>
         <selectedLSA_Id.C5.BoxedType><Bytes>8cd517
               <field name="LSA type" value="Universal LSA number:1" type="EnumLong" lengthBit="1" />
               <field name="Identifier" value="840983" type="Integer" lengthBit="23" />
            </Bytes></selectedLSA_Id.C5.BoxedType>
         <msc_Number.C6.BoxedType><AddressString.BoxedType><Bytes>231273977979
                  <field name="extension" value="extension:0" type="EnumLong" lengthBit="1" />
                  <field name="nature of address" value="national significant number:2" type="EnumLong" lengthBit="3" />
                  <field name="numbering plan" value="data numbering plan (ITU-T Rec X.121):3" type="EnumLong" lengthBit="4" />
                  <field name="digits" value="2137799797" type="Number_BCD" length="5" />
               </Bytes></AddressString.BoxedType></msc_Number.C6.BoxedType>
         <geodeticInformation.C7.BoxedType><Bytes>2a40445f12899a41c49a
               <field name="spare" value="2" type="Integer" lengthBit="4" />
               <field name="LPRI" value="location not available (Note):2" type="EnumLong" lengthBit="2" />
               <field name="screnning" value="user provided, verified and failed:2" type="EnumLong" lengthBit="2" />
               <field name="ext" value="0" type="Integer" lengthBit="1" />
               <field name="TypeOfShape" value="reserved for national use:64" type="EnumLong" lengthBit="7" />
               <field name="DegreesOfLatitude" value="4480786" type="Integer" length="3" />
               <field name="DegreesOfLongitude" value="9017921" type="Integer" length="3" />
               <field name="UncertaintyCode" value="196" type="Integer" length="1" />
               <field name="Confidence" value="154" type="Integer" length="1" />
            </Bytes></geodeticInformation.C7.BoxedType>
         <currentLocationRetrieved.C8></currentLocationRetrieved.C8>
         <sai_Present.C9></sai_Present.C9>
         <locationInformationEPS.C10.Sequence>
            <e_utranCellGlobalIdentity.C0.BoxedType><Bytes>28c15aa3</Bytes></e_utranCellGlobalIdentity.C0.BoxedType>
            <trackingAreaIdentity.C1.BoxedType><Bytes>e0bd952d</Bytes></trackingAreaIdentity.C1.BoxedType>
            <extensionContainer.C2.Sequence>
               <privateExtensionList.C0.BoxedType>
                  <Collection>
                     <PrivateExtension.Sequence>
                        <extId><ObjectIdentifier>0.1.285.38.3.10.124.22.26</ObjectIdentifier></extId>
                        <extType>a91cf6365500e3</extType>
                     </PrivateExtension.Sequence>
                     <PrivateExtension.Sequence>
                        <extId><ObjectIdentifier>0.1.2</ObjectIdentifier></extId>
                        <extType>8cdd62f71dd0a9</extType>
                     </PrivateExtension.Sequence>
                     <PrivateExtension.Sequence>
                        <extId><ObjectIdentifier>0.1.247.24.111</ObjectIdentifier></extId>
                        <extType>e034</extType>
                     </PrivateExtension.Sequence>
                  </Collection>
               </privateExtensionList.C0.BoxedType>
               <pcs_Extensions.C1.Sequence>
                  
               </pcs_Extensions.C1.Sequence>
            </extensionContainer.C2.Sequence>
            <geographicalInformation.C3.BoxedType><Bytes>84aecfc96621b7ac
                  <field name="TypeOfShape" value="Ellipsoid point with altitude:8" type="EnumLong" lengthBit="4" />
                  <field name="spare" value="4" type="Integer" lengthBit="4" />
                  <field name="DegreesOfLatitude" value="11456457" type="Integer" length="3" />
                  <field name="DegreesOfLongitude" value="6693303" type="Integer" length="3" />
                  <field name="UncertaintyCode" value="172" type="Integer" length="1" />
               </Bytes></geographicalInformation.C3.BoxedType>
            <geodeticInformation.C4.BoxedType><Bytes>8cfa55a4932936c2cc19
                  <field name="spare" value="8" type="Integer" lengthBit="4" />
                  <field name="LPRI" value="spare:3" type="EnumLong" lengthBit="2" />
                  <field name="screnning" value="user provided, not verified:0" type="EnumLong" lengthBit="2" />
                  <field name="ext" value="1" type="Integer" lengthBit="1" />
                  <field name="TypeOfShape" value="reserved for national use:122" type="EnumLong" lengthBit="7" />
                  <field name="DegreesOfLatitude" value="5612691" type="Integer" length="3" />
                  <field name="DegreesOfLongitude" value="2700994" type="Integer" length="3" />
                  <field name="UncertaintyCode" value="204" type="Integer" length="1" />
                  <field name="Confidence" value="25" type="Integer" length="1" />
               </Bytes></geodeticInformation.C4.BoxedType>
            <currentLocationRetrieved.C5></currentLocationRetrieved.C5>
            <ageOfLocationInformation.C6.BoxedType><Integer>0 minut = currently in contact:0</Integer></ageOfLocationInformation.C6.BoxedType>
            <mme_Name.C7.BoxedType><Bytes>ed</Bytes></mme_Name.C7.BoxedType>
         </locationInformationEPS.C10.Sequence>
         <userCSGInformation.C11.Sequence>
            <csg_Id.C0.BoxedType><BitString><BitString value="53fcb1b3b8" trailing="0"/></BitString></csg_Id.C0.BoxedType>
            <extensionContainer.C1.Sequence>
               <privateExtensionList.C0.BoxedType>
                  <Collection>
                     <PrivateExtension.Sequence>
                        <extId><ObjectIdentifier>0.1.283.12.111.41.31</ObjectIdentifier></extId>
                        <extType>68ce7c49a61b</extType>
                     </PrivateExtension.Sequence>
                     <PrivateExtension.Sequence>
                        <extId><ObjectIdentifier>0.1.228.82.50.36.1.74.13</ObjectIdentifier></extId>
                        <extType>bd14b5</extType>
                     </PrivateExtension.Sequence>
                     <PrivateExtension.Sequence>
                        <extId><ObjectIdentifier>0.1.220.127.99</ObjectIdentifier></extId>
                        <extType>83bbd62bbcb8</extType>
                     </PrivateExtension.Sequence>
                  </Collection>
               </privateExtensionList.C0.BoxedType>
               <pcs_Extensions.C1.Sequence>
                  
               </pcs_Extensions.C1.Sequence>
            </extensionContainer.C1.Sequence>
            <accessMode.C2>f3fbc16aa3d6ae89054e</accessMode.C2>
            <cmi.C3>804d207abc3040</cmi.C3>
         </userCSGInformation.C11.Sequence>
      </locationInformation.C3.Sequence>
      <supportedCAMELPhases.C5.BoxedType><BitString><BitString value="e61071975c65f33ee8518bceb72ca8cdbf6588" trailing="0"/></BitString></supportedCAMELPhases.C5.BoxedType>
      <extensionContainer.C6.Sequence>
         <privateExtensionList.C0.BoxedType>
            <Collection>
               <PrivateExtension.Sequence>
                  <extId><ObjectIdentifier>0.1.2102.80.67.48.102.57.64.69.101</ObjectIdentifier></extId>
                  <extType>6d81b5de97303f</extType>
               </PrivateExtension.Sequence>
               <PrivateExtension.Sequence>
                  <extId><ObjectIdentifier>0.1.2</ObjectIdentifier></extId>
                  <extType>c2</extType>
               </PrivateExtension.Sequence>
               <PrivateExtension.Sequence>
                  <extId><ObjectIdentifier>0.1.229.8.77.58</ObjectIdentifier></extId>
                  <extType>589770d056592bb563</extType>
               </PrivateExtension.Sequence>
            </Collection>
         </privateExtensionList.C0.BoxedType>
         <pcs_Extensions.C1.Sequence>
            
         </pcs_Extensions.C1.Sequence>
      </extensionContainer.C6.Sequence>
      <locationInformationGPRS.C7.Sequence>
         <cellGlobalIdOrServiceAreaIdOrLAI.C0.Choice>
            <cellGlobalIdOrServiceAreaIdFixedLength.C0.BoxedType><Bytes>01f395a1d44ba0
                  <field name="MMC" value="103,59" type="NumberMMC" length="3" />
                  <field name="LAC" value="41428" type="Integer" length="2" />
                  <field name="CI_SAC" value="19360" type="Integer" length="2" />
               </Bytes></cellGlobalIdOrServiceAreaIdFixedLength.C0.BoxedType>
            <laiFixedLength.C1.BoxedType><Bytes>515822e4e1
                  <field name="MMC" value="158,225" type="NumberMMC" length="3" />
                  <field name="LAC" value="58593" type="Integer" length="2" />
               </Bytes></laiFixedLength.C1.BoxedType>
         </cellGlobalIdOrServiceAreaIdOrLAI.C0.Choice>
         <routeingAreaIdentity.C1.BoxedType><Bytes>71f1674d14f0
               <field name="MMC" value="171,76" type="NumberMMC" length="3" />
               <field name="LAC" value="19732" type="Integer" length="2" />
               <field name="RAC" value="240" type="Integer" length="1" />
            </Bytes></routeingAreaIdentity.C1.BoxedType>
         <geographicalInformation.C2.BoxedType><Bytes>6c0312da3b392369
               <field name="TypeOfShape" value="Reserved for future use:6" type="EnumLong" lengthBit="4" />
               <field name="spare" value="12" type="Integer" lengthBit="4" />
               <field name="DegreesOfLatitude" value="201434" type="Integer" length="3" />
               <field name="DegreesOfLongitude" value="3881251" type="Integer" length="3" />
               <field name="UncertaintyCode" value="105" type="Integer" length="1" />
            </Bytes></geographicalInformation.C2.BoxedType>
         <sgsn_Number.C3.BoxedType><AddressString.BoxedType><Bytes>8f3161114830
                  <field name="extension" value="no extension:1" type="EnumLong" lengthBit="1" />
                  <field name="nature of address" value="unknown:0" type="EnumLong" lengthBit="3" />
                  <field name="numbering plan" value="reserved for extension:15" type="EnumLong" lengthBit="4" />
                  <field name="digits" value="1316118403" type="Number_BCD" length="5" />
               </Bytes></AddressString.BoxedType></sgsn_Number.C3.BoxedType>
         <selectedLSAIdentity.C4.BoxedType><Bytes>c7f984
               <field name="LSA type" value="Universal LSA number:1" type="EnumLong" lengthBit="1" />
               <field name="Identifier" value="4716932" type="Integer" lengthBit="23" />
            </Bytes></selectedLSAIdentity.C4.BoxedType>
         <extensionContainer.C5.Sequence>
            <privateExtensionList.C0.BoxedType>
               <Collection>
                  <PrivateExtension.Sequence>
                     <extId><ObjectIdentifier>0.1.2128.124.53.10.85.36.45.73</ObjectIdentifier></extId>
                     <extType>37415b39</extType>
                  </PrivateExtension.Sequence>
                  <PrivateExtension.Sequence>
                     <extId><ObjectIdentifier>0.1.26.54.6.8.128.105.89</ObjectIdentifier></extId>
                     <extType>45d2849b0fa8504d08</extType>
                  </PrivateExtension.Sequence>
                  <PrivateExtension.Sequence>
                     <extId><ObjectIdentifier>0.1.258.25.40.104.12.125</ObjectIdentifier></extId>
                     <extType>1641b7cfb5ad188a5c21</extType>
                  </PrivateExtension.Sequence>
               </Collection>
            </privateExtensionList.C0.BoxedType>
            <pcs_Extensions.C1.Sequence>
               
            </pcs_Extensions.C1.Sequence>
         </extensionContainer.C5.Sequence>
         <sai_Present.C6></sai_Present.C6>
         <geodeticInformation.C7.BoxedType><Bytes>20808bc92b5e8ccfa3bb
               <field name="spare" value="2" type="Integer" lengthBit="4" />
               <field name="LPRI" value="presentation allowed:0" type="EnumLong" lengthBit="2" />
               <field name="screnning" value="user provided, not verified:0" type="EnumLong" lengthBit="2" />
               <field name="ext" value="1" type="Integer" lengthBit="1" />
               <field name="TypeOfShape" value="ellipsoid Point:0" type="EnumLong" lengthBit="7" />
               <field name="DegreesOfLatitude" value="9161003" type="Integer" length="3" />
               <field name="DegreesOfLongitude" value="6196431" type="Integer" length="3" />
               <field name="UncertaintyCode" value="163" type="Integer" length="1" />
               <field name="Confidence" value="187" type="Integer" length="1" />
            </Bytes></geodeticInformation.C7.BoxedType>
         <currentLocationRetrieved.C8></currentLocationRetrieved.C8>
         <ageOfLocationInformation.C9.BoxedType><Integer>2 minuts:2</Integer></ageOfLocationInformation.C9.BoxedType>
         <userCSGInformation.C10.Sequence>
            <csg_Id.C0.BoxedType><BitString><BitString value="5ce93c85f4" trailing="0"/></BitString></csg_Id.C0.BoxedType>
            <extensionContainer.C1.Sequence>
               <privateExtensionList.C0.BoxedType>
                  <Collection>
                     <PrivateExtension.Sequence>
                        <extId><ObjectIdentifier>0.1.25.79</ObjectIdentifier></extId>
                        <extType>8fd6b771</extType>
                     </PrivateExtension.Sequence>
                     <PrivateExtension.Sequence>
                        <extId><ObjectIdentifier>0.1.294.112.4.108</ObjectIdentifier></extId>
                        <extType>8d8038be0eaf</extType>
                     </PrivateExtension.Sequence>
                     <PrivateExtension.Sequence>
                        <extId><ObjectIdentifier>0.1.2126.50.75.25.64.107.34</ObjectIdentifier></extId>
                        <extType>920646574aad</extType>
                     </PrivateExtension.Sequence>
                  </Collection>
               </privateExtensionList.C0.BoxedType>
               <pcs_Extensions.C1.Sequence>
                  
               </pcs_Extensions.C1.Sequence>
            </extensionContainer.C1.Sequence>
            <accessMode.C2>53b6</accessMode.C2>
            <cmi.C3>c9f2d63930fbfb0a54</cmi.C3>
         </userCSGInformation.C10.Sequence>
      </locationInformationGPRS.C7.Sequence>
      <offeredCamel4Functionalities.C8.BoxedType><BitString><BitString value="a86ac9dd818d68c7a53ca51ea449d642f339" trailing="0"/></BitString></offeredCamel4Functionalities.C8.BoxedType>
   </NoteMM_EventArg.Sequence>
</ASN>