<?xml version="1.0" encoding="UTF-8"?>

<ASN layer="CAP">
   <NotifySS_Arg.Sequence>
      <ss_Code.C1.BoxedType><Bytes>02c9</Bytes></ss_Code.C1.BoxedType>
      <ss_Status.C4.BoxedType><Bytes>f7f372d1</Bytes></ss_Status.C4.BoxedType>
      <ss_Notification.C5.BoxedType><Bytes>0eeb</Bytes></ss_Notification.C5.BoxedType>
      <callIsWaiting_Indicator.C14></callIsWaiting_Indicator.C14>
      <callOnHold_Indicator.C15.Enum>
         <EnumType>callOnHold.1</EnumType>
      </callOnHold_Indicator.C15.Enum>
      <mpty_Indicator.C16></mpty_Indicator.C16>
      <cug_Index.C17.BoxedType><Integer>0</Integer></cug_Index.C17.BoxedType>
      <clirSuppressionRejected.C18></clirSuppressionRejected.C18>
      <ect_Indicator.C19.Sequence>
         <ect_CallState.C0.Enum>
            <EnumType>active.1</EnumType>
         </ect_CallState.C0.Enum>
         <rdn.C1.Choice>
            <presentationAllowedAddress.C0.Sequence>
               <partyNumber.C0.BoxedType><AddressString.BoxedType><Bytes>461193202792
                        <field name="extension" value="extension:0" type="EnumLong" lengthBit="1" />
                        <field name="nature of address" value="subscriber number:4" type="EnumLong" lengthBit="3" />
                        <field name="numbering plan" value="land mobile numbering plan (ITU-T Rec E.212):6" type="EnumLong" lengthBit="4" />
                        <field name="digits" value="1139027229" type="Number_BCD" length="5" />
                     </Bytes></AddressString.BoxedType></partyNumber.C0.BoxedType>
               <partyNumberSubaddress.C1.BoxedType><Bytes>7c4b521be798</Bytes></partyNumberSubaddress.C1.BoxedType>
            </presentationAllowedAddress.C0.Sequence>
            <presentationRestricted.C1></presentationRestricted.C1>
            <numberNotAvailableDueToInterworking.C2></numberNotAvailableDueToInterworking.C2>
            <presentationRestrictedAddress.C3.Sequence>
               <partyNumber.C0.BoxedType><AddressString.BoxedType><Bytes>c602903681f7
                        <field name="extension" value="no extension:1" type="EnumLong" lengthBit="1" />
                        <field name="nature of address" value="subscriber number:4" type="EnumLong" lengthBit="3" />
                        <field name="numbering plan" value="land mobile numbering plan (ITU-T Rec E.212):6" type="EnumLong" lengthBit="4" />
                        <field name="digits" value="200963187" type="Number_BCD" lengthBit="36" />
                     </Bytes></AddressString.BoxedType></partyNumber.C0.BoxedType>
               <partyNumberSubaddress.C1.BoxedType><Bytes>6474</Bytes></partyNumberSubaddress.C1.BoxedType>
            </presentationRestrictedAddress.C3.Sequence>
         </rdn.C1.Choice>
      </ect_Indicator.C19.Sequence>
      <nameIndicator.C20.Sequence><callingName.C0.Choice>
            <namePresentationAllowed.C0.Sequence>
               <dataCodingScheme.C0.BoxedType><Bytes>46
                     <field name="Coding Group Bits" value="General Data Coding indication:4" type="EnumLong" lengthBit="4" />
                     <field name="Alphabet" value="8 bit data {UTF-8}:1" type="EnumLong" lengthBit="2" />
                     <field name="Message Class" value="Class 2 (U)SIM specific message:2" type="EnumLong" lengthBit="2" />
                  </Bytes></dataCodingScheme.C0.BoxedType>
               <lengthInCharacters.C1>1737238758</lengthInCharacters.C1>
               <nameString.C2.BoxedType><Bytes>9e32
                     <field name="binary" value="9e32" type="Binary" length="2" />
                  </Bytes></nameString.C2.BoxedType>
            </namePresentationAllowed.C0.Sequence>
            <presentationRestricted.C1></presentationRestricted.C1>
            <nameUnavailable.C2></nameUnavailable.C2>
            <namePresentationRestricted.C3.Sequence>
               <dataCodingScheme.C0.BoxedType><Bytes>af
                     <field name="Coding Group Bits" value="Reserved coding groups:10" type="EnumLong" lengthBit="4" />
                     <field name="Alphabet" value="Reserved:3" type="EnumLong" lengthBit="2" />
                     <field name="Message Class" value="Class 3 Default meaning TE specific:3" type="EnumLong" lengthBit="2" />
                  </Bytes></dataCodingScheme.C0.BoxedType>
               <lengthInCharacters.C1>2888740870</lengthInCharacters.C1>
               <nameString.C2.BoxedType><Bytes>4fb6860aadf866
                     <field name="binary" value="4fb6860aadf866" type="Binary" length="7" />
                  </Bytes></nameString.C2.BoxedType>
            </namePresentationRestricted.C3.Sequence>
         </callingName.C0.Choice></nameIndicator.C20.Sequence>
      <ccbs_Feature.C21.Sequence>
         <ccbs_Index.C0.BoxedType><Integer>1</Integer></ccbs_Index.C0.BoxedType>
         <b_subscriberNumber.C1.BoxedType><AddressString.BoxedType><Bytes>5933061244f6
                  <field name="extension" value="extension:0" type="EnumLong" lengthBit="1" />
                  <field name="nature of address" value="reserved:5" type="EnumLong" lengthBit="3" />
                  <field name="numbering plan" value="private numbering plan:9" type="EnumLong" lengthBit="4" />
                  <field name="digits" value="336021446" type="Number_BCD" lengthBit="36" />
               </Bytes></AddressString.BoxedType></b_subscriberNumber.C1.BoxedType>
         <b_subscriberSubaddress.C2.BoxedType><Bytes>b33148</Bytes></b_subscriberSubaddress.C2.BoxedType>
         <basicServiceGroup.C3.Choice>
            <bearerService.C2.BoxedType><Bytes>cff8002fa6442f2e4f</Bytes></bearerService.C2.BoxedType>
            <teleservice.C3.BoxedType><Bytes>c9fd20256a7381</Bytes></teleservice.C3.BoxedType>
         </basicServiceGroup.C3.Choice>
      </ccbs_Feature.C21.Sequence>
      <alertingPattern.C22.BoxedType><Bytes>d5</Bytes></alertingPattern.C22.BoxedType>
      <multicall_Indicator.C23.Enum>
         <EnumType>nbr_Userexceeded.1</EnumType>
      </multicall_Indicator.C23.Enum>
   </NotifySS_Arg.Sequence>
</ASN>