<?xml version="1.0" encoding="UTF-8"?>

<ASN layer="CAP">
   <O_BcsmCamelTDP_Criteria.Sequence>
      <o_BcsmTriggerDetectionPoint.Enum>
         <EnumType>collectedInfo.2</EnumType>
      </o_BcsmTriggerDetectionPoint.Enum>
      <destinationNumberCriteria.C0.Sequence>
         <matchType.C0.Enum>
            <EnumType>enabling.1</EnumType>
         </matchType.C0.Enum>
         <destinationNumberList.C1.BoxedType>
            <Collection>
               <ISDN_AddressString.BoxedType><AddressString.BoxedType><Bytes>e44165169639
                        <field name="extension" value="no extension:1" type="EnumLong" lengthBit="1" />
                        <field name="nature of address" value="abbreviated number:6" type="EnumLong" lengthBit="3" />
                        <field name="numbering plan" value="telex numbering plan (ITU-T Rec F.69):4" type="EnumLong" lengthBit="4" />
                        <field name="digits" value="1456616993" type="Number_BCD" length="5" />
                     </Bytes></AddressString.BoxedType></ISDN_AddressString.BoxedType>
               <ISDN_AddressString.BoxedType><AddressString.BoxedType><Bytes>4414257761f4
                        <field name="extension" value="extension:0" type="EnumLong" lengthBit="1" />
                        <field name="nature of address" value="subscriber number:4" type="EnumLong" lengthBit="3" />
                        <field name="numbering plan" value="telex numbering plan (ITU-T Rec F.69):4" type="EnumLong" lengthBit="4" />
                        <field name="digits" value="415277164" type="Number_BCD" lengthBit="36" />
                     </Bytes></AddressString.BoxedType></ISDN_AddressString.BoxedType>
               <ISDN_AddressString.BoxedType><AddressString.BoxedType><Bytes>4f58606325
                        <field name="extension" value="extension:0" type="EnumLong" lengthBit="1" />
                        <field name="nature of address" value="subscriber number:4" type="EnumLong" lengthBit="3" />
                        <field name="numbering plan" value="reserved for extension:15" type="EnumLong" lengthBit="4" />
                        <field name="digits" value="85063652" type="Number_BCD" length="4" />
                     </Bytes></AddressString.BoxedType></ISDN_AddressString.BoxedType>
            </Collection>
         </destinationNumberList.C1.BoxedType>
         <destinationNumberLengthList.C2.BoxedType>
            <Collection>
               <Integer>2</Integer>
               <Integer>2</Integer>
               <Integer>2</Integer>
            </Collection>
         </destinationNumberLengthList.C2.BoxedType>
      </destinationNumberCriteria.C0.Sequence>
      <basicServiceCriteria.C1.BoxedType>
         <Collection>
            <Ext_BasicServiceCode.Choice>
               <ext_BearerService.C2.BoxedType><Bytes>0a6f09d2193ad382</Bytes></ext_BearerService.C2.BoxedType>
               <ext_Teleservice.C3.BoxedType><Bytes>cf8ceaceca
                     <field name="Code" value="207" type="EnumLong" length="1" />
                     <field name="Extension data" value="8ceaceca" type="Binary" length="4" />
                  </Bytes></ext_Teleservice.C3.BoxedType>
            </Ext_BasicServiceCode.Choice>
            <Ext_BasicServiceCode.Choice>
               <ext_BearerService.C2.BoxedType><Bytes>92b7ef7aba62c0e9855a</Bytes></ext_BearerService.C2.BoxedType>
               <ext_Teleservice.C3.BoxedType><Bytes>101a4e37f4
                     <field name="Code" value="allSpeechTransmissionServices:16" type="EnumLong" length="1" />
                     <field name="Extension data" value="1a4e37f4" type="Binary" length="4" />
                  </Bytes></ext_Teleservice.C3.BoxedType>
            </Ext_BasicServiceCode.Choice>
            <Ext_BasicServiceCode.Choice>
               <ext_BearerService.C2.BoxedType><Bytes>c9772cd4f0</Bytes></ext_BearerService.C2.BoxedType>
               <ext_Teleservice.C3.BoxedType><Bytes>310069bcb9
                     <field name="Code" value="facsimileGroup3AndAlterSpeech:49" type="EnumLong" length="1" />
                     <field name="Extension data" value="0069bcb9" type="Binary" length="4" />
                  </Bytes></ext_Teleservice.C3.BoxedType>
            </Ext_BasicServiceCode.Choice>
         </Collection>
      </basicServiceCriteria.C1.BoxedType>
      <callTypeCriteria.C2.Enum>
         <EnumType>forwarded.0</EnumType>
      </callTypeCriteria.C2.Enum>
      <o_CauseValueCriteria.C3.BoxedType>
         <Collection>
            <CauseValue.BoxedType><Bytes>73290d3a8785dd04a5</Bytes></CauseValue.BoxedType>
            <CauseValue.BoxedType><Bytes>05ee2aeb644a5ddd44</Bytes></CauseValue.BoxedType>
            <CauseValue.BoxedType><Bytes>a877</Bytes></CauseValue.BoxedType>
         </Collection>
      </o_CauseValueCriteria.C3.BoxedType>
      <extensionContainer.C4.Sequence>
         <privateExtensionList.C0.BoxedType>
            <Collection>
               <PrivateExtension.Sequence>
                  <extId><ObjectIdentifier>0.1.285</ObjectIdentifier></extId>
                  <extType>871dca33b8bae24703</extType>
               </PrivateExtension.Sequence>
               <PrivateExtension.Sequence>
                  <extId><ObjectIdentifier>0.1.2123.89.85.24.64</ObjectIdentifier></extId>
                  <extType>78a36d7842f2</extType>
               </PrivateExtension.Sequence>
               <PrivateExtension.Sequence>
                  <extId><ObjectIdentifier>0.1.233.100.123.40.4.87.86</ObjectIdentifier></extId>
                  <extType>deed4a408af61a</extType>
               </PrivateExtension.Sequence>
            </Collection>
         </privateExtensionList.C0.BoxedType>
         <pcs_Extensions.C1.Sequence>
            
         </pcs_Extensions.C1.Sequence>
      </extensionContainer.C4.Sequence>
   </O_BcsmCamelTDP_Criteria.Sequence>
</ASN>