<?xml version="1.0" encoding="UTF-8"?>

<ASN layer="CAP">
   <PDP_ContextInfo.Sequence>
      <pdp_ContextIdentifier.C0.BoxedType><Integer>0</Integer></pdp_ContextIdentifier.C0.BoxedType>
      <pdp_ContextActive.C1></pdp_ContextActive.C1>
      <pdp_Type.C2.BoxedType><Bytes>5757
            <field name="spare" value="5" type="Integer" lengthBit="4" />
            <field name="PDP type organisation" value="reserved:7" type="EnumLong" lengthBit="4" />
            <field name="PDP type number" value="IPV6:87" type="EnumLong" length="1" />
         </Bytes></pdp_Type.C2.BoxedType>
      <pdp_Address.C3.BoxedType><Bytes>31eaceee
            <field name="IPV4  address" value="49.234.206.238" type="IPV4Address" length="4" />
         </Bytes></pdp_Address.C3.BoxedType>
      <apn_Subscribed.C4.BoxedType><Bytes>74743633556e786d3779
            <field name="DNS string" value="tt63Unxm7y" type="String" length="5" />
         </Bytes></apn_Subscribed.C4.BoxedType>
      <apn_InUse.C5.BoxedType><Bytes>5a4c
            <field name="DNS string" value="ZL" type="String" length="1" />
         </Bytes></apn_InUse.C5.BoxedType>
      <nsapi.C6.BoxedType><Integer>1</Integer></nsapi.C6.BoxedType>
      <transactionId.C7.BoxedType><Bytes>eaed
            <field name="TI flag" value="The message is sent to the side that originates the TI:1" type="EnumLong" lengthBit="1" />
            <field name="TIO" value="6" type="Integer" lengthBit="3" />
            <field name="NA" value="10" type="Integer" lengthBit="4" />
            <field name="Ext" value="1" type="Integer" lengthBit="1" />
            <field name="TIE" value="109" type="Integer" lengthBit="7" />
         </Bytes></transactionId.C7.BoxedType>
      <teid_ForGnAndGp.C8.BoxedType><Bytes>1356a4b6
            <field name="TEID" value="324445366" type="Integer" length="4" />
         </Bytes></teid_ForGnAndGp.C8.BoxedType>
      <teid_ForIu.C9.BoxedType><Bytes>4732f487
            <field name="TEID" value="1194521735" type="Integer" length="4" />
         </Bytes></teid_ForIu.C9.BoxedType>
      <ggsn_Address.C10.BoxedType><Bytes>580b9a77ef
            <field name="Address type" value="IPV6:1" type="EnumLong" lengthBit="2" />
            <field name="AddressLength" value="24" type="Integer" lengthBit="6" />
            <field name="IPV4 address" value="11.154.119.239" type="IPV4Address" length="4" />
         </Bytes></ggsn_Address.C10.BoxedType>
      <qos_Subscribed.C11.BoxedType><Bytes>3cec6e3704aead9224
            <field name="Allocation/Retention Priority" value="60" type="Integer" length="1" />
            <field name="Traffic class" value="Reserved:7" type="EnumLong" lengthBit="3" />
            <field name="Delivery class" value="With delivery order ('yes'):1" type="EnumLong" lengthBit="2" />
            <field name="Delivery erroneous SDUs" value="Reserved:4" type="EnumLong" lengthBit="3" />
            <field name="Maximum SDU size" value="110" type="Integer" length="1" />
            <field name="Maximum bitrate uplink" value="55" type="Integer" length="1" />
            <field name="Maximum bitrate downlink" value="4" type="Integer" length="1" />
            <field name="SDU error ratio" value="Reserved:10" type="EnumLong" lengthBit="4" />
            <field name="Residual BER" value="Reserved:14" type="EnumLong" lengthBit="4" />
            <field name="Transfer delay" value="43" type="Integer" lengthBit="6" />
            <field name="Traffic handling priority" value="Priority level 1:1" type="EnumLong" lengthBit="2" />
            <field name="Guaranteed bitrate uplink" value="146" type="Integer" length="1" />
            <field name="Guaranteed bitrate downlink" value="36" type="Integer" length="1" />
         </Bytes></qos_Subscribed.C11.BoxedType>
      <qos_Requested.C12.BoxedType><Bytes>f992f146348765468b
            <field name="Allocation/Retention Priority" value="249" type="Integer" length="1" />
            <field name="Traffic class" value="Background class:4" type="EnumLong" lengthBit="3" />
            <field name="Delivery class" value="Without delivery order ('no'):2" type="EnumLong" lengthBit="2" />
            <field name="Delivery erroneous SDUs" value="Erroneous SDUs are delivered ('yes'):2" type="EnumLong" lengthBit="3" />
            <field name="Maximum SDU size" value="241" type="Integer" length="1" />
            <field name="Maximum bitrate uplink" value="70" type="Integer" length="1" />
            <field name="Maximum bitrate downlink" value="52" type="Integer" length="1" />
            <field name="SDU error ratio" value="Reserved:8" type="EnumLong" lengthBit="4" />
            <field name="Residual BER" value="1*10 power -5:7" type="EnumLong" lengthBit="4" />
            <field name="Transfer delay" value="25" type="Integer" lengthBit="6" />
            <field name="Traffic handling priority" value="Priority level 1:1" type="EnumLong" lengthBit="2" />
            <field name="Guaranteed bitrate uplink" value="70" type="Integer" length="1" />
            <field name="Guaranteed bitrate downlink" value="139" type="Integer" length="1" />
         </Bytes></qos_Requested.C12.BoxedType>
      <qos_Negotiated.C13.BoxedType><Bytes>a7ba559c80a9d90f10
            <field name="Allocation/Retention Priority" value="167" type="Integer" length="1" />
            <field name="Traffic class" value="Reserved:5" type="EnumLong" lengthBit="3" />
            <field name="Delivery class" value="Reserved:3" type="EnumLong" lengthBit="2" />
            <field name="Delivery erroneous SDUs" value="Erroneous SDUs are delivered ('yes'):2" type="EnumLong" lengthBit="3" />
            <field name="Maximum SDU size" value="85" type="Integer" length="1" />
            <field name="Maximum bitrate uplink" value="156" type="Integer" length="1" />
            <field name="Maximum bitrate downlink" value="128" type="Integer" length="1" />
            <field name="SDU error ratio" value="Reserved:10" type="EnumLong" lengthBit="4" />
            <field name="Residual BER" value="6*10 power -8:9" type="EnumLong" lengthBit="4" />
            <field name="Transfer delay" value="54" type="Integer" lengthBit="6" />
            <field name="Traffic handling priority" value="Priority level 1:1" type="EnumLong" lengthBit="2" />
            <field name="Guaranteed bitrate uplink" value="15" type="Integer" length="1" />
            <field name="Guaranteed bitrate downlink" value="16" type="Integer" length="1" />
         </Bytes></qos_Negotiated.C13.BoxedType>
      <chargingId.C14.BoxedType><Bytes>05fa6016
            <field name="Charging ID" value="100294678" type="Integer" length="4" />
         </Bytes></chargingId.C14.BoxedType>
      <chargingCharacteristics.C15.BoxedType><Bytes>1049
            <field name="Reserved" value="1" type="Integer" lengthBit="4" />
            <field name="N flag" value="0" type="Integer" lengthBit="1" />
            <field name="P flag" value="0" type="Integer" lengthBit="1" />
            <field name="F flag" value="0" type="Integer" lengthBit="1" />
            <field name="H flag" value="0" type="Integer" lengthBit="1" />
            <field name="Charging Value" value="73" type="Integer" length="1" />
         </Bytes></chargingCharacteristics.C15.BoxedType>
      <rnc_Address.C16.BoxedType><Bytes>9e77e6c7f5
            <field name="Address type" value="2" type="EnumLong" lengthBit="2" />
            <field name="AddressLength" value="30" type="Integer" lengthBit="6" />
            <field name="IPV4 address" value="119.230.199.245" type="IPV4Address" length="4" />
         </Bytes></rnc_Address.C16.BoxedType>
      <extensionContainer.C17.Sequence>
         <privateExtensionList.C0.BoxedType>
            <Collection>
               <PrivateExtension.Sequence>
                  <extId><ObjectIdentifier>0.1.284.9.70.28.0.86</ObjectIdentifier></extId>
                  <extType>acc4636896492302</extType>
               </PrivateExtension.Sequence>
               <PrivateExtension.Sequence>
                  <extId><ObjectIdentifier>0.1.213.67.93.47.91.57.103.34.69</ObjectIdentifier></extId>
                  <extType>e2b03d444b7a</extType>
               </PrivateExtension.Sequence>
               <PrivateExtension.Sequence>
                  <extId><ObjectIdentifier>0.1.2106.81.127.23.27.39.83.2</ObjectIdentifier></extId>
                  <extType>b1ee</extType>
               </PrivateExtension.Sequence>
            </Collection>
         </privateExtensionList.C0.BoxedType>
         <pcs_Extensions.C1.Sequence>
            
         </pcs_Extensions.C1.Sequence>
      </extensionContainer.C17.Sequence>
      <qos2_Subscribed.C18.BoxedType><Bytes>e5f2ee0a18
            <field name="spare" value="7" type="Integer" lengthBit="3" />
            <field name="Signalling Indication" value="Not optimised for signalling traffic:0" type="EnumLong" lengthBit="1" />
            <field name="Source Statistics Descriptor" value="unknown:5" type="EnumLong" lengthBit="4" />
            <field name="Maximum bitrate downlink (extended)" value="242" type="Integer" length="1" />
            <field name="Guaranteed bitrate downlink (extended)" value="238" type="Integer" length="1" />
            <field name="Maximum bitrate uplink (extended)" value="10" type="Integer" length="1" />
            <field name="Guaranteed bitrate uplink (extended)" value="24" type="Integer" length="1" />
         </Bytes></qos2_Subscribed.C18.BoxedType>
      <qos2_Requested.C19.BoxedType><Bytes>78164720f7
            <field name="spare" value="3" type="Integer" lengthBit="3" />
            <field name="Signalling Indication" value="Optimised for signalling traffic:1" type="EnumLong" lengthBit="1" />
            <field name="Source Statistics Descriptor" value="unknown:8" type="EnumLong" lengthBit="4" />
            <field name="Maximum bitrate downlink (extended)" value="22" type="Integer" length="1" />
            <field name="Guaranteed bitrate downlink (extended)" value="71" type="Integer" length="1" />
            <field name="Maximum bitrate uplink (extended)" value="32" type="Integer" length="1" />
            <field name="Guaranteed bitrate uplink (extended)" value="247" type="Integer" length="1" />
         </Bytes></qos2_Requested.C19.BoxedType>
      <qos2_Negotiated.C20.BoxedType><Bytes>43101b4b52
            <field name="spare" value="2" type="Integer" lengthBit="3" />
            <field name="Signalling Indication" value="Not optimised for signalling traffic:0" type="EnumLong" lengthBit="1" />
            <field name="Source Statistics Descriptor" value="unknown:3" type="EnumLong" lengthBit="4" />
            <field name="Maximum bitrate downlink (extended)" value="16" type="Integer" length="1" />
            <field name="Guaranteed bitrate downlink (extended)" value="27" type="Integer" length="1" />
            <field name="Maximum bitrate uplink (extended)" value="75" type="Integer" length="1" />
            <field name="Guaranteed bitrate uplink (extended)" value="82" type="Integer" length="1" />
         </Bytes></qos2_Negotiated.C20.BoxedType>
      <qos3_Subscribed.C21.BoxedType><Bytes>fd90
            <field name="Maximum bitrate uplink (extended)" value="253" type="Integer" length="1" />
            <field name="Guaranteed bitrate uplink (extended)" value="144" type="Integer" length="1" />
         </Bytes></qos3_Subscribed.C21.BoxedType>
      <qos3_Requested.C22.BoxedType><Bytes>4324
            <field name="Maximum bitrate uplink (extended)" value="67" type="Integer" length="1" />
            <field name="Guaranteed bitrate uplink (extended)" value="36" type="Integer" length="1" />
         </Bytes></qos3_Requested.C22.BoxedType>
      <qos3_Negotiated.C23.BoxedType><Bytes>3760
            <field name="Maximum bitrate uplink (extended)" value="55" type="Integer" length="1" />
            <field name="Guaranteed bitrate uplink (extended)" value="96" type="Integer" length="1" />
         </Bytes></qos3_Negotiated.C23.BoxedType>
      <qos4_Subscribed.C25.BoxedType><Bytes>f4fbd4ee68b5</Bytes></qos4_Subscribed.C25.BoxedType>
      <qos4_Requested.C26.BoxedType><Bytes>a656a107</Bytes></qos4_Requested.C26.BoxedType>
      <qos4_Negotiated.C27.BoxedType><Bytes>0b</Bytes></qos4_Negotiated.C27.BoxedType>
      <ext_pdp_Type.C28.BoxedType><Bytes>ec65532817213c70</Bytes></ext_pdp_Type.C28.BoxedType>
      <ext_pdp_Address.C29.BoxedType><Bytes>798f0fbd
            <field name="IPV4  address" value="121.143.15.189" type="IPV4Address" length="4" />
         </Bytes></ext_pdp_Address.C29.BoxedType>
   </PDP_ContextInfo.Sequence>
</ASN>