<?xml version="1.0" encoding="UTF-8"?>

<ASN layer="CAP">
   <PDP_Context.Sequence>
      <pdp_ContextId.BoxedType><Integer>1</Integer></pdp_ContextId.BoxedType>
      <pdp_Type.C16.BoxedType><Bytes>d001
            <field name="spare" value="13" type="Integer" lengthBit="4" />
            <field name="PDP type organisation" value="ETSI:0" type="EnumLong" lengthBit="4" />
            <field name="PDP type number" value="PPP:1" type="EnumLong" length="1" />
         </Bytes></pdp_Type.C16.BoxedType>
      <pdp_Address.C17.BoxedType><Bytes>49230a01
            <field name="IPV4  address" value="73.35.10.1" type="IPV4Address" length="4" />
         </Bytes></pdp_Address.C17.BoxedType>
      <qos_Subscribed.C18.BoxedType><Bytes>175cd5
            <field name="spare1" value="0" type="Integer" lengthBit="2" />
            <field name="Delay class" value="Delay class 2:2" type="EnumLong" lengthBit="3" />
            <field name="Reliability class" value="Reserved:7" type="EnumLong" lengthBit="3" />
            <field name="Peak throughput" value="Up to 16 000 octet/s:5" type="EnumLong" lengthBit="4" />
            <field name="spare2" value="1" type="Integer" lengthBit="1" />
            <field name="Precedence class" value="Normal priority:4" type="EnumLong" lengthBit="3" />
            <field name="spare3" value="6" type="Integer" lengthBit="3" />
            <field name="Mean throughput" value="Best effort:21" type="EnumLong" lengthBit="5" />
         </Bytes></qos_Subscribed.C18.BoxedType>
      <vplmnAddressAllowed.C19></vplmnAddressAllowed.C19>
      <apn.C20.BoxedType><Bytes>44
            <field name="DNS string" value="D" type="String" lengthBit="4" />
         </Bytes></apn.C20.BoxedType>
      <extensionContainer.C21.Sequence>
         <privateExtensionList.C0.BoxedType>
            <Collection>
               <PrivateExtension.Sequence>
                  <extId><ObjectIdentifier>0.1.218.66.58.37.46.43.51.74</ObjectIdentifier></extId>
                  <extType>3b</extType>
               </PrivateExtension.Sequence>
               <PrivateExtension.Sequence>
                  <extId><ObjectIdentifier>0.1.2114.5.99</ObjectIdentifier></extId>
                  <extType>e67c52b571</extType>
               </PrivateExtension.Sequence>
               <PrivateExtension.Sequence>
                  <extId><ObjectIdentifier>0.1.299</ObjectIdentifier></extId>
                  <extType>2703c5d40be8</extType>
               </PrivateExtension.Sequence>
            </Collection>
         </privateExtensionList.C0.BoxedType>
         <pcs_Extensions.C1.Sequence>
            
         </pcs_Extensions.C1.Sequence>
      </extensionContainer.C21.Sequence>
      <ext_QoS_Subscribed.C0.BoxedType><Bytes>a78d90d03eee1e29d3
            <field name="Allocation/Retention Priority" value="167" type="Integer" length="1" />
            <field name="Traffic class" value="Background class:4" type="EnumLong" lengthBit="3" />
            <field name="Delivery class" value="With delivery order ('yes'):1" type="EnumLong" lengthBit="2" />
            <field name="Delivery erroneous SDUs" value="Reserved:5" type="EnumLong" lengthBit="3" />
            <field name="Maximum SDU size" value="144" type="Integer" length="1" />
            <field name="Maximum bitrate uplink" value="208" type="Integer" length="1" />
            <field name="Maximum bitrate downlink" value="62" type="Integer" length="1" />
            <field name="SDU error ratio" value="Reserved:14" type="EnumLong" lengthBit="4" />
            <field name="Residual BER" value="Reserved:14" type="EnumLong" lengthBit="4" />
            <field name="Transfer delay" value="7" type="Integer" lengthBit="6" />
            <field name="Traffic handling priority" value="Priority level 2:2" type="EnumLong" lengthBit="2" />
            <field name="Guaranteed bitrate uplink" value="41" type="Integer" length="1" />
            <field name="Guaranteed bitrate downlink" value="211" type="Integer" length="1" />
         </Bytes></ext_QoS_Subscribed.C0.BoxedType>
      <pdp_ChargingCharacteristics.C1.BoxedType><Bytes>e569
            <field name="Reserved" value="14" type="Integer" lengthBit="4" />
            <field name="N flag" value="0" type="Integer" lengthBit="1" />
            <field name="P flag" value="1" type="Integer" lengthBit="1" />
            <field name="F flag" value="0" type="Integer" lengthBit="1" />
            <field name="H flag" value="1" type="Integer" lengthBit="1" />
            <field name="Charging Value" value="105" type="Integer" length="1" />
         </Bytes></pdp_ChargingCharacteristics.C1.BoxedType>
      <ext2_QoS_Subscribed.C2.BoxedType><Bytes>cd553e4f8e
            <field name="spare" value="6" type="Integer" lengthBit="3" />
            <field name="Signalling Indication" value="Not optimised for signalling traffic:0" type="EnumLong" lengthBit="1" />
            <field name="Source Statistics Descriptor" value="unknown:13" type="EnumLong" lengthBit="4" />
            <field name="Maximum bitrate downlink (extended)" value="85" type="Integer" length="1" />
            <field name="Guaranteed bitrate downlink (extended)" value="62" type="Integer" length="1" />
            <field name="Maximum bitrate uplink (extended)" value="79" type="Integer" length="1" />
            <field name="Guaranteed bitrate uplink (extended)" value="142" type="Integer" length="1" />
         </Bytes></ext2_QoS_Subscribed.C2.BoxedType>
      <ext3_QoS_Subscribed.C3.BoxedType><Bytes>5ff9
            <field name="Maximum bitrate uplink (extended)" value="95" type="Integer" length="1" />
            <field name="Guaranteed bitrate uplink (extended)" value="249" type="Integer" length="1" />
         </Bytes></ext3_QoS_Subscribed.C3.BoxedType>
      <ext4_QoS_Subscribed.C4.BoxedType><Bytes>6c3b34dff895</Bytes></ext4_QoS_Subscribed.C4.BoxedType>
      <apn_oi_Replacement.C5.BoxedType><Bytes>062f66ba46</Bytes></apn_oi_Replacement.C5.BoxedType>
      <ext_pdp_Type.C6.BoxedType><Bytes>9f</Bytes></ext_pdp_Type.C6.BoxedType>
      <ext_pdp_Address.C7.BoxedType><Bytes>00fc54eb
            <field name="IPV4  address" value="0.252.84.235" type="IPV4Address" length="4" />
         </Bytes></ext_pdp_Address.C7.BoxedType>
      <ambr.C10.Sequence>
         <max_RequestedBandwidth_UL.C0.BoxedType><Long>1644065275</Long></max_RequestedBandwidth_UL.C0.BoxedType>
         <max_RequestedBandwidth_DL.C1.BoxedType><Long>4283996566</Long></max_RequestedBandwidth_DL.C1.BoxedType>
         <extensionContainer.C2.Sequence>
            <privateExtensionList.C0.BoxedType>
               <Collection>
                  <PrivateExtension.Sequence>
                     <extId><ObjectIdentifier>0.1.291.19</ObjectIdentifier></extId>
                     <extType>345bdf</extType>
                  </PrivateExtension.Sequence>
                  <PrivateExtension.Sequence>
                     <extId><ObjectIdentifier>0.1.226.126.4</ObjectIdentifier></extId>
                     <extType>e33c</extType>
                  </PrivateExtension.Sequence>
                  <PrivateExtension.Sequence>
                     <extId><ObjectIdentifier>0.1.2</ObjectIdentifier></extId>
                     <extType>94e4cf43</extType>
                  </PrivateExtension.Sequence>
               </Collection>
            </privateExtensionList.C0.BoxedType>
            <pcs_Extensions.C1.Sequence>
               
            </pcs_Extensions.C1.Sequence>
         </extensionContainer.C2.Sequence>
      </ambr.C10.Sequence>
      <sipto_Permission.C8.Enum>
         <EnumType>siptoAboveRanAllowed.0</EnumType>
      </sipto_Permission.C8.Enum>
      <lipa_Permission.C9.Enum>
         <EnumType>lipaOnly.1</EnumType>
      </lipa_Permission.C9.Enum>
      <restoration_Priority.C11.BoxedType><Bytes>aac671</Bytes></restoration_Priority.C11.BoxedType>
      <sipto_local_network_Permission.C12.Enum>
         <EnumType>siptoAtLocalNetworkAllowed.0</EnumType>
      </sipto_local_network_Permission.C12.Enum>
   </PDP_Context.Sequence>
</ASN>