<?xml version="1.0" encoding="UTF-8"?>

<ASN layer="CAP">
   <PlayAnnouncementArg.Sequence>
      <informationToSend.C0.Choice>
         <inbandInfo.C0.Sequence>
            <messageID.C0.Choice>
               <elementaryMessageID.C0.BoxedType><Integer>2</Integer></elementaryMessageID.C0.BoxedType>
               <text.C1.Sequence>
                  <messageContent.C0>5OIVIm50LoqUfi45</messageContent.C0>
                  <attributes.C1>3c2502</attributes.C1>
               </text.C1.Sequence>
               <Collection>
                  <elementaryMessageIDs.C29.BoxedType><Integer>1</Integer></elementaryMessageIDs.C29.BoxedType>
                  <elementaryMessageIDs.C29.BoxedType><Integer>2</Integer></elementaryMessageIDs.C29.BoxedType>
                  <elementaryMessageIDs.C29.BoxedType><Integer>0</Integer></elementaryMessageIDs.C29.BoxedType>
               </Collection>
            
               <variableMessage.C30.Sequence>
                  <elementaryMessageID.C0.BoxedType><Integer>2</Integer></elementaryMessageID.C0.BoxedType>
                  <Collection>
                     <variableParts.C1.Choice>
                        <integer.C0.BoxedType><Integer>1</Integer></integer.C0.BoxedType>
                        <number.C1.BoxedType><Bytes>cc15e5e3</Bytes></number.C1.BoxedType>
                        <time.C2>a9e1b3b2</time.C2>
                        <date.C3>4bebc15e7bbe</date.C3>
                        <price.C4>cca60ecb20</price.C4>
                     </variableParts.C1.Choice>
                     <variableParts.C1.Choice>
                        <integer.C0.BoxedType><Integer>1</Integer></integer.C0.BoxedType>
                        <number.C1.BoxedType><Bytes>d57aac657b4b2a</Bytes></number.C1.BoxedType>
                        <time.C2>1a4f061932544811</time.C2>
                        <date.C3>d422</date.C3>
                        <price.C4>e4374e</price.C4>
                     </variableParts.C1.Choice>
                     <variableParts.C1.Choice>
                        <integer.C0.BoxedType><Integer>2</Integer></integer.C0.BoxedType>
                        <number.C1.BoxedType><Bytes>cc28</Bytes></number.C1.BoxedType>
                        <time.C2>3db58ce9bd7367</time.C2>
                        <date.C3>f35a5130466927d68fb3</date.C3>
                        <price.C4>bc60</price.C4>
                     </variableParts.C1.Choice>
                  </Collection>
               
               </variableMessage.C30.Sequence>
            </messageID.C0.Choice>
            <numberOfRepetitions.C1>1</numberOfRepetitions.C1>
            <duration.C2>1</duration.C2>
            <interval.C3>2</interval.C3>
         </inbandInfo.C0.Sequence>
         <tone.C1.Sequence>
            <toneID.C0.BoxedType><Integer>0</Integer></toneID.C0.BoxedType>
            <duration.C1.BoxedType><Integer>2</Integer></duration.C1.BoxedType>
         </tone.C1.Sequence>
      </informationToSend.C0.Choice>
      <disconnectFromIPForbidden.C1d>false:0</disconnectFromIPForbidden.C1d>
      <requestAnnouncementCompleteNotification.C2d>false:0</requestAnnouncementCompleteNotification.C2d>
      <extensions.C3.BoxedType>
         <Collection>
            <ExtensionField.Sequence>
               <type.Choice>
                  <local>2197018872</local>
                  <global><ObjectIdentifier>0.1.214.59.4.71.86.126.4</ObjectIdentifier></global>
               </type.Choice>
               <criticality.nulld.Enum>
                  <EnumType>ignore.0</EnumType>
               </criticality.nulld.Enum>
               <NullObject.C1></NullObject.C1>
            </ExtensionField.Sequence>
            <ExtensionField.Sequence>
               <type.Choice>
                  <local>3230962488</local>
                  <global><ObjectIdentifier>0.1.233.102</ObjectIdentifier></global>
               </type.Choice>
               <criticality.nulld.Enum>
                  <EnumType>ignore.0</EnumType>
               </criticality.nulld.Enum>
               <NullObject.C1></NullObject.C1>
            </ExtensionField.Sequence>
            <ExtensionField.Sequence>
               <type.Choice>
                  <local>2900010656</local>
                  <global><ObjectIdentifier>0.1.266.107.125.51.79.25</ObjectIdentifier></global>
               </type.Choice>
               <criticality.nulld.Enum>
                  <EnumType>abort.1</EnumType>
               </criticality.nulld.Enum>
               <NullObject.C1></NullObject.C1>
            </ExtensionField.Sequence>
         </Collection>
      </extensions.C3.BoxedType>
      <callSegmentID.C5.BoxedType><Integer>1</Integer></callSegmentID.C5.BoxedType>
      <requestAnnouncementStartedNotification.C51d>true:1</requestAnnouncementStartedNotification.C51d>
   </PlayAnnouncementArg.Sequence>
</ASN>