<?xml version="1.0" encoding="UTF-8"?>

<ASN layer="CAP">
   <PlayToneArg.Sequence>
      <legOrCallSegment.C0.Choice>
         <callSegmentID.C0.BoxedType><Integer>1</Integer></callSegmentID.C0.BoxedType>
         <legID.C1.Choice>
            <sendingSideID.C0.BoxedType><Bytes>02
                  <field name="LegType" value="leg2 LegType:2" type="EnumLong" length="1" />
               </Bytes></sendingSideID.C0.BoxedType>
            <receivingSideID.C1.BoxedType><Bytes>96
                  <field name="LegType" value="150" type="EnumLong" length="1" />
               </Bytes></receivingSideID.C1.BoxedType>
         </legID.C1.Choice>
      </legOrCallSegment.C0.Choice>
      <bursts.C1.Sequence>
         <numberOfBursts.C0d>0</numberOfBursts.C0d>
         <burstInterval.C1d>0</burstInterval.C1d>
         <numberOfTonesInBurst.C2d>2</numberOfTonesInBurst.C2d>
         <toneDuration.C3d>1</toneDuration.C3d>
         <toneInterval.C4d>1</toneInterval.C4d>
      </bursts.C1.Sequence>
      <extensions.C2.BoxedType>
         <Collection>
            <ExtensionField.Sequence>
               <type.Choice>
                  <local>4114250598</local>
                  <global><ObjectIdentifier>0.1.248.24.102.43.27.44.61.81.86</ObjectIdentifier></global>
               </type.Choice>
               <criticality.nulld.Enum>
                  <EnumType>ignore.0</EnumType>
               </criticality.nulld.Enum>
               <NullObject.C1></NullObject.C1>
            </ExtensionField.Sequence>
            <ExtensionField.Sequence>
               <type.Choice>
                  <local>2490830810</local>
                  <global><ObjectIdentifier>0.1.267.5.117.17.99</ObjectIdentifier></global>
               </type.Choice>
               <criticality.nulld.Enum>
                  <EnumType>abort.1</EnumType>
               </criticality.nulld.Enum>
               <NullObject.C1></NullObject.C1>
            </ExtensionField.Sequence>
            <ExtensionField.Sequence>
               <type.Choice>
                  <local>2396022614</local>
                  <global><ObjectIdentifier>0.1.247.44</ObjectIdentifier></global>
               </type.Choice>
               <criticality.nulld.Enum>
                  <EnumType>abort.1</EnumType>
               </criticality.nulld.Enum>
               <NullObject.C1></NullObject.C1>
            </ExtensionField.Sequence>
         </Collection>
      </extensions.C2.BoxedType>
   </PlayToneArg.Sequence>
</ASN>