<?xml version="1.0" encoding="UTF-8"?>

<ASN layer="CAP">
   <PositionMethodFailure_Param.Sequence>
      <positionMethodFailure_Diagnostic.C0.Enum>
         <EnumType>positionMethodNotAvailableInNetwork.7</EnumType>
      </positionMethodFailure_Diagnostic.C0.Enum>
      <extensionContainer.C1.Sequence>
         <privateExtensionList.C0.BoxedType>
            <Collection>
               <PrivateExtension.Sequence>
                  <extId><ObjectIdentifier>0.1.218.44.86</ObjectIdentifier></extId>
                  <extType>3d726692</extType>
               </PrivateExtension.Sequence>
               <PrivateExtension.Sequence>
                  <extId><ObjectIdentifier>0.1.234.1.74.15.66.31.68.24.28</ObjectIdentifier></extId>
                  <extType>b3a16d8265fa</extType>
               </PrivateExtension.Sequence>
               <PrivateExtension.Sequence>
                  <extId><ObjectIdentifier>0.1.229.50</ObjectIdentifier></extId>
                  <extType>9db50882373cd1dfea</extType>
               </PrivateExtension.Sequence>
            </Collection>
         </privateExtensionList.C0.BoxedType>
         <pcs_Extensions.C1.Sequence>
            
         </pcs_Extensions.C1.Sequence>
      </extensionContainer.C1.Sequence>
   </PositionMethodFailure_Param.Sequence>
</ASN>