<?xml version="1.0" encoding="UTF-8"?>

<ASN layer="CAP">
   <PrepareGroupCallRes.Sequence>
      <groupCallNumber.BoxedType><AddressString.BoxedType><Bytes>d075771535f4
               <field name="extension" value="no extension:1" type="EnumLong" lengthBit="1" />
               <field name="nature of address" value="reserved:5" type="EnumLong" lengthBit="3" />
               <field name="numbering plan" value="unknown:0" type="EnumLong" lengthBit="4" />
               <field name="digits" value="577751534" type="Number_BCD" lengthBit="36" />
            </Bytes></AddressString.BoxedType></groupCallNumber.BoxedType>
      <extensionContainer.Sequence>
         <privateExtensionList.C0.BoxedType>
            <Collection>
               <PrivateExtension.Sequence>
                  <extId><ObjectIdentifier>0.1.253.56</ObjectIdentifier></extId>
                  <extType>a35c9e292ed60f1c</extType>
               </PrivateExtension.Sequence>
               <PrivateExtension.Sequence>
                  <extId><ObjectIdentifier>0.1.280.25.40.104.13.71.78.69</ObjectIdentifier></extId>
                  <extType>f400</extType>
               </PrivateExtension.Sequence>
               <PrivateExtension.Sequence>
                  <extId><ObjectIdentifier>0.1.220.57</ObjectIdentifier></extId>
                  <extType>36e670178163</extType>
               </PrivateExtension.Sequence>
            </Collection>
         </privateExtensionList.C0.BoxedType>
         <pcs_Extensions.C1.Sequence>
            
         </pcs_Extensions.C1.Sequence>
      </extensionContainer.Sequence>
   </PrepareGroupCallRes.Sequence>
</ASN>