<?xml version="1.0" encoding="UTF-8"?>

<ASN layer="CAP">
   <PrepareSubsequentHO_Res.BoxedType><PrepareSubsequentHO_ResSequenceType.C3.Sequence>
         <an_APDU.Sequence>
            <accessNetworkProtocolId.Enum>
               <EnumType>ts3G_25413.2</EnumType>
            </accessNetworkProtocolId.Enum>
            <signalInfo.BoxedType><Bytes>79eb65</Bytes></signalInfo.BoxedType>
            <extensionContainer.Sequence>
               <privateExtensionList.C0.BoxedType>
                  <Collection>
                     <PrivateExtension.Sequence>
                        <extId><ObjectIdentifier>0.1.280.41.28.99.33.39.122.9.65</ObjectIdentifier></extId>
                        <extType>f94a2eff</extType>
                     </PrivateExtension.Sequence>
                     <PrivateExtension.Sequence>
                        <extId><ObjectIdentifier>0.1.296.88.86.121.119.33</ObjectIdentifier></extId>
                        <extType>8c21d1f06b</extType>
                     </PrivateExtension.Sequence>
                     <PrivateExtension.Sequence>
                        <extId><ObjectIdentifier>0.1.2</ObjectIdentifier></extId>
                        <extType>c9e0a73d</extType>
                     </PrivateExtension.Sequence>
                  </Collection>
               </privateExtensionList.C0.BoxedType>
               <pcs_Extensions.C1.Sequence>
                  
               </pcs_Extensions.C1.Sequence>
            </extensionContainer.Sequence>
         </an_APDU.Sequence>
         <extensionContainer.C0.Sequence>
            <privateExtensionList.C0.BoxedType>
               <Collection>
                  <PrivateExtension.Sequence>
                     <extId><ObjectIdentifier>0.1.2125.5.110.83.106.66.57.108</ObjectIdentifier></extId>
                     <extType>f7a2db2fe9cd5a</extType>
                  </PrivateExtension.Sequence>
                  <PrivateExtension.Sequence>
                     <extId><ObjectIdentifier>0.1.248</ObjectIdentifier></extId>
                     <extType>f8a96137b178ad9e93</extType>
                  </PrivateExtension.Sequence>
                  <PrivateExtension.Sequence>
                     <extId><ObjectIdentifier>0.1.249.90.56.47.103</ObjectIdentifier></extId>
                     <extType>cccdc1ef444360f28c75</extType>
                  </PrivateExtension.Sequence>
               </Collection>
            </privateExtensionList.C0.BoxedType>
            <pcs_Extensions.C1.Sequence>
               
            </pcs_Extensions.C1.Sequence>
         </extensionContainer.C0.Sequence>
      </PrepareSubsequentHO_ResSequenceType.C3.Sequence></PrepareSubsequentHO_Res.BoxedType>
</ASN>