<?xml version="1.0" encoding="UTF-8"?>

<ASN layer="CAP">
   <PrepareGroupCallArg.Sequence>
      <teleservice.BoxedType><Bytes>47844ebce1
            <field name="Code" value="71" type="EnumLong" length="1" />
            <field name="Extension data" value="844ebce1" type="Binary" length="4" />
         </Bytes></teleservice.BoxedType>
      <asciCallReference.BoxedType><TBCD_STRING.BoxedType><Bytes>25473683f0
               <field name="digits" value="527463380" type="Number_BCD" lengthBit="36" />
            </Bytes></TBCD_STRING.BoxedType></asciCallReference.BoxedType>
      <codec_Info.BoxedType><Bytes>7348afe16d8c873c</Bytes></codec_Info.BoxedType>
      <cipheringAlgorithm.BoxedType><Bytes>12</Bytes></cipheringAlgorithm.BoxedType>
      <groupKeyNumber_Vk_Id.C0.BoxedType><Integer>0</Integer></groupKeyNumber_Vk_Id.C0.BoxedType>
      <groupKey.C1.BoxedType><Bytes>3fb93b6468</Bytes></groupKey.C1.BoxedType>
      <priority.C2.BoxedType><Integer>0</Integer></priority.C2.BoxedType>
      <uplinkFree.C3></uplinkFree.C3>
      <extensionContainer.C4.Sequence>
         <privateExtensionList.C0.BoxedType>
            <Collection>
               <PrivateExtension.Sequence>
                  <extId><ObjectIdentifier>0.1.2106.3.73.30</ObjectIdentifier></extId>
                  <extType>2682ba</extType>
               </PrivateExtension.Sequence>
               <PrivateExtension.Sequence>
                  <extId><ObjectIdentifier>0.1.245.112.80.57.13.60.77.120</ObjectIdentifier></extId>
                  <extType>14f5a73c2ea7</extType>
               </PrivateExtension.Sequence>
               <PrivateExtension.Sequence>
                  <extId><ObjectIdentifier>0.1.249.87.87.53.106.74.62.63.72.110</ObjectIdentifier></extId>
                  <extType>c153a5c245fc53</extType>
               </PrivateExtension.Sequence>
            </Collection>
         </privateExtensionList.C0.BoxedType>
         <pcs_Extensions.C1.Sequence>
            
         </pcs_Extensions.C1.Sequence>
      </extensionContainer.C4.Sequence>
      <vstk.C5.BoxedType><Bytes>af65</Bytes></vstk.C5.BoxedType>
      <vstk_rand.C6.BoxedType><Bytes>8f8e4578</Bytes></vstk_rand.C6.BoxedType>
      <talkerChannelParameter.C7></talkerChannelParameter.C7>
      <uplinkReplyIndicator.C8></uplinkReplyIndicator.C8>
   </PrepareGroupCallArg.Sequence>
</ASN>