<?xml version="1.0" encoding="UTF-8"?>

<ASN layer="CAP">
   <PrepareHO_Res.BoxedType><PrepareHO_ResSequenceType.C3.Sequence>
         <handoverNumber.C0.BoxedType><AddressString.BoxedType><Bytes>c04148846222
                  <field name="extension" value="no extension:1" type="EnumLong" lengthBit="1" />
                  <field name="nature of address" value="subscriber number:4" type="EnumLong" lengthBit="3" />
                  <field name="numbering plan" value="unknown:0" type="EnumLong" lengthBit="4" />
                  <field name="digits" value="1484482622" type="Number_BCD" length="5" />
               </Bytes></AddressString.BoxedType></handoverNumber.C0.BoxedType>
         <relocationNumberList.C1.BoxedType>
            <Collection>
               <RelocationNumber.Sequence>
                  <handoverNumber.BoxedType><AddressString.BoxedType><Bytes>599185510970
                           <field name="extension" value="extension:0" type="EnumLong" lengthBit="1" />
                           <field name="nature of address" value="reserved:5" type="EnumLong" lengthBit="3" />
                           <field name="numbering plan" value="private numbering plan:9" type="EnumLong" lengthBit="4" />
                           <field name="digits" value="1958159007" type="Number_BCD" length="5" />
                        </Bytes></AddressString.BoxedType></handoverNumber.BoxedType>
                  <rab_Id.BoxedType><Integer>2</Integer></rab_Id.BoxedType>
               </RelocationNumber.Sequence>
               <RelocationNumber.Sequence>
                  <handoverNumber.BoxedType><AddressString.BoxedType><Bytes>288114141026
                           <field name="extension" value="extension:0" type="EnumLong" lengthBit="1" />
                           <field name="nature of address" value="national significant number:2" type="EnumLong" lengthBit="3" />
                           <field name="numbering plan" value="national numbering plan:8" type="EnumLong" lengthBit="4" />
                           <field name="digits" value="1841410162" type="Number_BCD" length="5" />
                        </Bytes></AddressString.BoxedType></handoverNumber.BoxedType>
                  <rab_Id.BoxedType><Integer>2</Integer></rab_Id.BoxedType>
               </RelocationNumber.Sequence>
               <RelocationNumber.Sequence>
                  <handoverNumber.BoxedType><AddressString.BoxedType><Bytes>495123919977
                           <field name="extension" value="extension:0" type="EnumLong" lengthBit="1" />
                           <field name="nature of address" value="subscriber number:4" type="EnumLong" lengthBit="3" />
                           <field name="numbering plan" value="private numbering plan:9" type="EnumLong" lengthBit="4" />
                           <field name="digits" value="1532199977" type="Number_BCD" length="5" />
                        </Bytes></AddressString.BoxedType></handoverNumber.BoxedType>
                  <rab_Id.BoxedType><Integer>1</Integer></rab_Id.BoxedType>
               </RelocationNumber.Sequence>
            </Collection>
         </relocationNumberList.C1.BoxedType>
         <an_APDU.C2.Sequence>
            <accessNetworkProtocolId.Enum>
               <EnumType>ts3G_48006.1</EnumType>
            </accessNetworkProtocolId.Enum>
            <signalInfo.BoxedType><Bytes>620eba</Bytes></signalInfo.BoxedType>
            <extensionContainer.Sequence>
               <privateExtensionList.C0.BoxedType>
                  <Collection>
                     <PrivateExtension.Sequence>
                        <extId><ObjectIdentifier>0.1.2113.121.22.2.104.23.127.6.56</ObjectIdentifier></extId>
                        <extType>cca4f8c84cb1d21f8f</extType>
                     </PrivateExtension.Sequence>
                     <PrivateExtension.Sequence>
                        <extId><ObjectIdentifier>0.1.2107.36.58</ObjectIdentifier></extId>
                        <extType>cd7e82e9c6f22e</extType>
                     </PrivateExtension.Sequence>
                     <PrivateExtension.Sequence>
                        <extId><ObjectIdentifier>0.1.2127.51.113</ObjectIdentifier></extId>
                        <extType>cd4e1aeedc8f5d</extType>
                     </PrivateExtension.Sequence>
                  </Collection>
               </privateExtensionList.C0.BoxedType>
               <pcs_Extensions.C1.Sequence>
                  
               </pcs_Extensions.C1.Sequence>
            </extensionContainer.Sequence>
         </an_APDU.C2.Sequence>
         <multicallBearerInfo.C3.BoxedType><Integer>1</Integer></multicallBearerInfo.C3.BoxedType>
         <multipleBearerNotSupported></multipleBearerNotSupported>
         <selectedUMTS_Algorithms.C5.Sequence>
            <integrityProtectionAlgorithm.C0.BoxedType><Bytes>4da909798d923b41a5</Bytes></integrityProtectionAlgorithm.C0.BoxedType>
            <encryptionAlgorithm.C1.BoxedType><Bytes>8a1f09</Bytes></encryptionAlgorithm.C1.BoxedType>
            <extensionContainer.C2.Sequence>
               <privateExtensionList.C0.BoxedType>
                  <Collection>
                     <PrivateExtension.Sequence>
                        <extId><ObjectIdentifier>0.1.24.97.25.38.94.96.74.42</ObjectIdentifier></extId>
                        <extType>5a677fb3096bbf</extType>
                     </PrivateExtension.Sequence>
                     <PrivateExtension.Sequence>
                        <extId><ObjectIdentifier>0.1.273.32.105.64.104.54</ObjectIdentifier></extId>
                        <extType>9fd114</extType>
                     </PrivateExtension.Sequence>
                     <PrivateExtension.Sequence>
                        <extId><ObjectIdentifier>0.1.2118</ObjectIdentifier></extId>
                        <extType>8f084316f883</extType>
                     </PrivateExtension.Sequence>
                  </Collection>
               </privateExtensionList.C0.BoxedType>
               <pcs_Extensions.C1.Sequence>
                  
               </pcs_Extensions.C1.Sequence>
            </extensionContainer.C2.Sequence>
         </selectedUMTS_Algorithms.C5.Sequence>
         <chosenRadioResourceInformation.C6.Sequence>
            <chosenChannelInfo.C0.BoxedType><Bytes>78faad3c8ad3f2b2</Bytes></chosenChannelInfo.C0.BoxedType>
            <chosenSpeechVersion.C1.BoxedType><Bytes>bf24306a</Bytes></chosenSpeechVersion.C1.BoxedType>
         </chosenRadioResourceInformation.C6.Sequence>
         <extensionContainer.C4.Sequence>
            <privateExtensionList.C0.BoxedType>
               <Collection>
                  <PrivateExtension.Sequence>
                     <extId><ObjectIdentifier>0.1.294.2.31.102.71</ObjectIdentifier></extId>
                     <extType>bb1782c9</extType>
                  </PrivateExtension.Sequence>
                  <PrivateExtension.Sequence>
                     <extId><ObjectIdentifier>0.1.286.1.24.26.75.98.81.62</ObjectIdentifier></extId>
                     <extType>14ab1bdd2fb356150530</extType>
                  </PrivateExtension.Sequence>
                  <PrivateExtension.Sequence>
                     <extId><ObjectIdentifier>0.1.2</ObjectIdentifier></extId>
                     <extType>0c</extType>
                  </PrivateExtension.Sequence>
               </Collection>
            </privateExtensionList.C0.BoxedType>
            <pcs_Extensions.C1.Sequence>
               
            </pcs_Extensions.C1.Sequence>
         </extensionContainer.C4.Sequence>
         <iuSelectedCodec.C7.BoxedType><Bytes>b1483b</Bytes></iuSelectedCodec.C7.BoxedType>
         <iuAvailableCodecsList.C8.Sequence>
            <codec1.C1.BoxedType><Bytes>4f732552a78ca8</Bytes></codec1.C1.BoxedType>
            <codec2.C2.BoxedType><Bytes>9ac5fd2b3aaa3b9e74</Bytes></codec2.C2.BoxedType>
            <codec3.C3.BoxedType><Bytes>2f7b</Bytes></codec3.C3.BoxedType>
            <codec4.C4.BoxedType><Bytes>13ac7a1441ef5ead9134</Bytes></codec4.C4.BoxedType>
            <codec5.C5.BoxedType><Bytes>8a32caa90a49cba0a879</Bytes></codec5.C5.BoxedType>
            <codec6.C6.BoxedType><Bytes>3d73e40b3329</Bytes></codec6.C6.BoxedType>
            <codec7.C7.BoxedType><Bytes>aba23208</Bytes></codec7.C7.BoxedType>
            <codec8.C8.BoxedType><Bytes>15d5b33c429815</Bytes></codec8.C8.BoxedType>
            <extensionContainer.C9.Sequence>
               <privateExtensionList.C0.BoxedType>
                  <Collection>
                     <PrivateExtension.Sequence>
                        <extId><ObjectIdentifier>0.1.20.38.127</ObjectIdentifier></extId>
                        <extType>49df14d3c103d06a5b9e</extType>
                     </PrivateExtension.Sequence>
                     <PrivateExtension.Sequence>
                        <extId><ObjectIdentifier>0.1.265.91.68</ObjectIdentifier></extId>
                        <extType>38cd</extType>
                     </PrivateExtension.Sequence>
                     <PrivateExtension.Sequence>
                        <extId><ObjectIdentifier>0.1.230.54.50</ObjectIdentifier></extId>
                        <extType>e5bdd0fa32d083</extType>
                     </PrivateExtension.Sequence>
                  </Collection>
               </privateExtensionList.C0.BoxedType>
               <pcs_Extensions.C1.Sequence>
                  
               </pcs_Extensions.C1.Sequence>
            </extensionContainer.C9.Sequence>
         </iuAvailableCodecsList.C8.Sequence>
         <aoipSelectedCodecTarget.C9.BoxedType><Bytes>b8b8da738b</Bytes></aoipSelectedCodecTarget.C9.BoxedType>
         <aoipAvailableCodecsListMap.C10.Sequence>
            <codec1.C1.BoxedType><Bytes>5ea1</Bytes></codec1.C1.BoxedType>
            <codec2.C2.BoxedType><Bytes>cf4e356190</Bytes></codec2.C2.BoxedType>
            <codec3.C3.BoxedType><Bytes>68d22546f7083e</Bytes></codec3.C3.BoxedType>
            <codec4.C4.BoxedType><Bytes>96c16d703f8552</Bytes></codec4.C4.BoxedType>
            <codec5.C5.BoxedType><Bytes>b5c3</Bytes></codec5.C5.BoxedType>
            <codec6.C6.BoxedType><Bytes>d1983a564fa7</Bytes></codec6.C6.BoxedType>
            <codec7.C7.BoxedType><Bytes>64</Bytes></codec7.C7.BoxedType>
            <codec8.C8.BoxedType><Bytes>41d60cf4c4bfa7</Bytes></codec8.C8.BoxedType>
            <extensionContainer.C9.Sequence>
               <privateExtensionList.C0.BoxedType>
                  <Collection>
                     <PrivateExtension.Sequence>
                        <extId><ObjectIdentifier>0.1.265.51.62.58.71</ObjectIdentifier></extId>
                        <extType>5ee332b4</extType>
                     </PrivateExtension.Sequence>
                     <PrivateExtension.Sequence>
                        <extId><ObjectIdentifier>0.1.219.42.52.25</ObjectIdentifier></extId>
                        <extType>b0</extType>
                     </PrivateExtension.Sequence>
                     <PrivateExtension.Sequence>
                        <extId><ObjectIdentifier>0.1.2</ObjectIdentifier></extId>
                        <extType>d20e14666fb38e</extType>
                     </PrivateExtension.Sequence>
                  </Collection>
               </privateExtensionList.C0.BoxedType>
               <pcs_Extensions.C1.Sequence>
                  
               </pcs_Extensions.C1.Sequence>
            </extensionContainer.C9.Sequence>
         </aoipAvailableCodecsListMap.C10.Sequence>
      </PrepareHO_ResSequenceType.C3.Sequence></PrepareHO_Res.BoxedType>
</ASN>