<?xml version="1.0" encoding="UTF-8"?>

<ASN layer="CAP">
   <ProcessAccessSignalling_Arg.BoxedType><ProcessAccessSignalling_ArgSequenceType.C3.Sequence>
         <an_APDU.Sequence>
            <accessNetworkProtocolId.Enum>
               <EnumType>ts3G_48006.1</EnumType>
            </accessNetworkProtocolId.Enum>
            <signalInfo.BoxedType><Bytes>2a</Bytes></signalInfo.BoxedType>
            <extensionContainer.Sequence>
               <privateExtensionList.C0.BoxedType>
                  <Collection>
                     <PrivateExtension.Sequence>
                        <extId><ObjectIdentifier>0.1.273</ObjectIdentifier></extId>
                        <extType>22b4</extType>
                     </PrivateExtension.Sequence>
                     <PrivateExtension.Sequence>
                        <extId><ObjectIdentifier>0.1.252.71.6.20.20.45</ObjectIdentifier></extId>
                        <extType>b80c99c49943</extType>
                     </PrivateExtension.Sequence>
                     <PrivateExtension.Sequence>
                        <extId><ObjectIdentifier>0.1.268.97</ObjectIdentifier></extId>
                        <extType>0e9f</extType>
                     </PrivateExtension.Sequence>
                  </Collection>
               </privateExtensionList.C0.BoxedType>
               <pcs_Extensions.C1.Sequence>
                  
               </pcs_Extensions.C1.Sequence>
            </extensionContainer.Sequence>
         </an_APDU.Sequence>
         <selectedUMTS_Algorithms.C1.Sequence>
            <integrityProtectionAlgorithm.C0.BoxedType><Bytes>5ebe0d24470c</Bytes></integrityProtectionAlgorithm.C0.BoxedType>
            <encryptionAlgorithm.C1.BoxedType><Bytes>d487e3</Bytes></encryptionAlgorithm.C1.BoxedType>
            <extensionContainer.C2.Sequence>
               <privateExtensionList.C0.BoxedType>
                  <Collection>
                     <PrivateExtension.Sequence>
                        <extId><ObjectIdentifier>0.1.2111.1.44.54.1.29.124.50.12.77</ObjectIdentifier></extId>
                        <extType>c69c751b319c74a0a7</extType>
                     </PrivateExtension.Sequence>
                     <PrivateExtension.Sequence>
                        <extId><ObjectIdentifier>0.1.226.85.12.97.67.127.21.93.74</ObjectIdentifier></extId>
                        <extType>475975a0fe5df0</extType>
                     </PrivateExtension.Sequence>
                     <PrivateExtension.Sequence>
                        <extId><ObjectIdentifier>0.1.2117.95.101.87.77.18</ObjectIdentifier></extId>
                        <extType>3ad051b33b206b1653</extType>
                     </PrivateExtension.Sequence>
                  </Collection>
               </privateExtensionList.C0.BoxedType>
               <pcs_Extensions.C1.Sequence>
                  
               </pcs_Extensions.C1.Sequence>
            </extensionContainer.C2.Sequence>
         </selectedUMTS_Algorithms.C1.Sequence>
         <selectedGSM_Algorithm.C2.BoxedType><Bytes>e6b0bf1f0c3e8373</Bytes></selectedGSM_Algorithm.C2.BoxedType>
         <chosenRadioResourceInformation.C3.Sequence>
            <chosenChannelInfo.C0.BoxedType><Bytes>7ecd9fb469</Bytes></chosenChannelInfo.C0.BoxedType>
            <chosenSpeechVersion.C1.BoxedType><Bytes>d346aaf390255f836e</Bytes></chosenSpeechVersion.C1.BoxedType>
         </chosenRadioResourceInformation.C3.Sequence>
         <selectedRab_Id.C4.BoxedType><Integer>1</Integer></selectedRab_Id.C4.BoxedType>
         <extensionContainer.C0.Sequence>
            <privateExtensionList.C0.BoxedType>
               <Collection>
                  <PrivateExtension.Sequence>
                     <extId><ObjectIdentifier>0.1.2</ObjectIdentifier></extId>
                     <extType>822f6d7e</extType>
                  </PrivateExtension.Sequence>
                  <PrivateExtension.Sequence>
                     <extId><ObjectIdentifier>0.1.2104.88.35.88.90.107.98.51.42</ObjectIdentifier></extId>
                     <extType>88d834b278894b80</extType>
                  </PrivateExtension.Sequence>
                  <PrivateExtension.Sequence>
                     <extId><ObjectIdentifier>0.1.238.2</ObjectIdentifier></extId>
                     <extType>ba48</extType>
                  </PrivateExtension.Sequence>
               </Collection>
            </privateExtensionList.C0.BoxedType>
            <pcs_Extensions.C1.Sequence>
               
            </pcs_Extensions.C1.Sequence>
         </extensionContainer.C0.Sequence>
         <iUSelectedCodec.C5.BoxedType><Bytes>255ae2a86f7b</Bytes></iUSelectedCodec.C5.BoxedType>
         <iuAvailableCodecsList.C6.Sequence>
            <codec1.C1.BoxedType><Bytes>57a6</Bytes></codec1.C1.BoxedType>
            <codec2.C2.BoxedType><Bytes>d333e6</Bytes></codec2.C2.BoxedType>
            <codec3.C3.BoxedType><Bytes>1af35e7cb88862d0</Bytes></codec3.C3.BoxedType>
            <codec4.C4.BoxedType><Bytes>5a0cb7440b0247</Bytes></codec4.C4.BoxedType>
            <codec5.C5.BoxedType><Bytes>94e47514acb5dda346</Bytes></codec5.C5.BoxedType>
            <codec6.C6.BoxedType><Bytes>04e5ab9fc05c</Bytes></codec6.C6.BoxedType>
            <codec7.C7.BoxedType><Bytes>1bd90fff</Bytes></codec7.C7.BoxedType>
            <codec8.C8.BoxedType><Bytes>1af9dc116c75</Bytes></codec8.C8.BoxedType>
            <extensionContainer.C9.Sequence>
               <privateExtensionList.C0.BoxedType>
                  <Collection>
                     <PrivateExtension.Sequence>
                        <extId><ObjectIdentifier>0.1.2107.119.92.80.19</ObjectIdentifier></extId>
                        <extType>47ccf554</extType>
                     </PrivateExtension.Sequence>
                     <PrivateExtension.Sequence>
                        <extId><ObjectIdentifier>0.1.2116.31.74.117.91.44</ObjectIdentifier></extId>
                        <extType>1554</extType>
                     </PrivateExtension.Sequence>
                     <PrivateExtension.Sequence>
                        <extId><ObjectIdentifier>0.1.256.53</ObjectIdentifier></extId>
                        <extType>4ec4236f</extType>
                     </PrivateExtension.Sequence>
                  </Collection>
               </privateExtensionList.C0.BoxedType>
               <pcs_Extensions.C1.Sequence>
                  
               </pcs_Extensions.C1.Sequence>
            </extensionContainer.C9.Sequence>
         </iuAvailableCodecsList.C6.Sequence>
         <aoipSelectedCodecTarget.C7.BoxedType><Bytes>d0d1</Bytes></aoipSelectedCodecTarget.C7.BoxedType>
         <aoipAvailableCodecsListMap.C8.Sequence>
            <codec1.C1.BoxedType><Bytes>ba</Bytes></codec1.C1.BoxedType>
            <codec2.C2.BoxedType><Bytes>f9351326fc892a9af6</Bytes></codec2.C2.BoxedType>
            <codec3.C3.BoxedType><Bytes>a7aa12fd56b62b17</Bytes></codec3.C3.BoxedType>
            <codec4.C4.BoxedType><Bytes>9b18</Bytes></codec4.C4.BoxedType>
            <codec5.C5.BoxedType><Bytes>bd66f8667c2040</Bytes></codec5.C5.BoxedType>
            <codec6.C6.BoxedType><Bytes>ae31ea80e3cdba78</Bytes></codec6.C6.BoxedType>
            <codec7.C7.BoxedType><Bytes>1d5212597bc0b23690</Bytes></codec7.C7.BoxedType>
            <codec8.C8.BoxedType><Bytes>0d5c2bb567ab4342</Bytes></codec8.C8.BoxedType>
            <extensionContainer.C9.Sequence>
               <privateExtensionList.C0.BoxedType>
                  <Collection>
                     <PrivateExtension.Sequence>
                        <extId><ObjectIdentifier>0.1.2104.88.124.7.27.82.26</ObjectIdentifier></extId>
                        <extType>5422</extType>
                     </PrivateExtension.Sequence>
                     <PrivateExtension.Sequence>
                        <extId><ObjectIdentifier>0.1.242.106.17.109</ObjectIdentifier></extId>
                        <extType>c622b5821a9b</extType>
                     </PrivateExtension.Sequence>
                     <PrivateExtension.Sequence>
                        <extId><ObjectIdentifier>0.1.241.86.31</ObjectIdentifier></extId>
                        <extType>06b48fc0</extType>
                     </PrivateExtension.Sequence>
                  </Collection>
               </privateExtensionList.C0.BoxedType>
               <pcs_Extensions.C1.Sequence>
                  
               </pcs_Extensions.C1.Sequence>
            </extensionContainer.C9.Sequence>
         </aoipAvailableCodecsListMap.C8.Sequence>
      </ProcessAccessSignalling_ArgSequenceType.C3.Sequence></ProcessAccessSignalling_Arg.BoxedType>
</ASN>