<?xml version="1.0" encoding="UTF-8"?>

<ASN layer="CAP">
   <PromptAndCollectUserInformationArg.Sequence>
      <collectedInfo.C0.Choice><collectedDigits.C0.Sequence>
            <minimumNbOfDigits.C0d>2</minimumNbOfDigits.C0d>
            <maximumNbOfDigits.C1>0</maximumNbOfDigits.C1>
            <endOfReplyDigit.C2>6007a026bd7ae65e</endOfReplyDigit.C2>
            <cancelDigit.C3>f8de2828ad6e2fd35e</cancelDigit.C3>
            <startDigit.C4>5e25bfad1f846c25f8</startDigit.C4>
            <firstDigitTimeOut.C5>1</firstDigitTimeOut.C5>
            <interDigitTimeOut.C6>0</interDigitTimeOut.C6>
            <errorTreatment.C7d.Enum>
               <EnumType>help.1</EnumType>
            </errorTreatment.C7d.Enum>
            <interruptableAnnInd.C8d>true:1</interruptableAnnInd.C8d>
            <voiceInformation.C9d>true:1</voiceInformation.C9d>
            <voiceBack.C10d>true:1</voiceBack.C10d>
         </collectedDigits.C0.Sequence></collectedInfo.C0.Choice>
      <disconnectFromIPForbidden.C1d>false:0</disconnectFromIPForbidden.C1d>
      <informationToSend.C2.Choice>
         <inbandInfo.C0.Sequence>
            <messageID.C0.Choice>
               <elementaryMessageID.C0.BoxedType><Integer>0</Integer></elementaryMessageID.C0.BoxedType>
               <text.C1.Sequence>
                  <messageContent.C0>yTaJEpK3</messageContent.C0>
                  <attributes.C1>288d27a7bd31fa3f</attributes.C1>
               </text.C1.Sequence>
               <Collection>
                  <elementaryMessageIDs.C29.BoxedType><Integer>1</Integer></elementaryMessageIDs.C29.BoxedType>
                  <elementaryMessageIDs.C29.BoxedType><Integer>0</Integer></elementaryMessageIDs.C29.BoxedType>
                  <elementaryMessageIDs.C29.BoxedType><Integer>1</Integer></elementaryMessageIDs.C29.BoxedType>
               </Collection>
            
               <variableMessage.C30.Sequence>
                  <elementaryMessageID.C0.BoxedType><Integer>0</Integer></elementaryMessageID.C0.BoxedType>
                  <Collection>
                     <variableParts.C1.Choice>
                        <integer.C0.BoxedType><Integer>0</Integer></integer.C0.BoxedType>
                        <number.C1.BoxedType><Bytes>fc96be0a</Bytes></number.C1.BoxedType>
                        <time.C2>255573908be2d8</time.C2>
                        <date.C3>5543be05</date.C3>
                        <price.C4>06a25c764ecb</price.C4>
                     </variableParts.C1.Choice>
                     <variableParts.C1.Choice>
                        <integer.C0.BoxedType><Integer>2</Integer></integer.C0.BoxedType>
                        <number.C1.BoxedType><Bytes>5c02e9b2a44f79c5</Bytes></number.C1.BoxedType>
                        <time.C2>ecd4153bb7</time.C2>
                        <date.C3>a8f95d15</date.C3>
                        <price.C4>5f45dd6a</price.C4>
                     </variableParts.C1.Choice>
                     <variableParts.C1.Choice>
                        <integer.C0.BoxedType><Integer>1</Integer></integer.C0.BoxedType>
                        <number.C1.BoxedType><Bytes>45838d8441</Bytes></number.C1.BoxedType>
                        <time.C2>0c01b73e2c</time.C2>
                        <date.C3>46b6630446a3160695</date.C3>
                        <price.C4>6bb56ceaa1f7</price.C4>
                     </variableParts.C1.Choice>
                  </Collection>
               
               </variableMessage.C30.Sequence>
            </messageID.C0.Choice>
            <numberOfRepetitions.C1>2</numberOfRepetitions.C1>
            <duration.C2>2</duration.C2>
            <interval.C3>0</interval.C3>
         </inbandInfo.C0.Sequence>
         <tone.C1.Sequence>
            <toneID.C0.BoxedType><Integer>0</Integer></toneID.C0.BoxedType>
            <duration.C1.BoxedType><Integer>1</Integer></duration.C1.BoxedType>
         </tone.C1.Sequence>
      </informationToSend.C2.Choice>
      <extensions.C3.BoxedType>
         <Collection>
            <ExtensionField.Sequence>
               <type.Choice>
                  <local>3067461506</local>
                  <global><ObjectIdentifier>0.1.2116.127</ObjectIdentifier></global>
               </type.Choice>
               <criticality.nulld.Enum>
                  <EnumType>abort.1</EnumType>
               </criticality.nulld.Enum>
               <NullObject.C1></NullObject.C1>
            </ExtensionField.Sequence>
            <ExtensionField.Sequence>
               <type.Choice>
                  <local>4235188245</local>
                  <global><ObjectIdentifier>0.1.256.18.121.119.24.2.8.83.7</ObjectIdentifier></global>
               </type.Choice>
               <criticality.nulld.Enum>
                  <EnumType>abort.1</EnumType>
               </criticality.nulld.Enum>
               <NullObject.C1></NullObject.C1>
            </ExtensionField.Sequence>
            <ExtensionField.Sequence>
               <type.Choice>
                  <local>1166693494</local>
                  <global><ObjectIdentifier>0.1.2124.93.96.17.93</ObjectIdentifier></global>
               </type.Choice>
               <criticality.nulld.Enum>
                  <EnumType>abort.1</EnumType>
               </criticality.nulld.Enum>
               <NullObject.C1></NullObject.C1>
            </ExtensionField.Sequence>
         </Collection>
      </extensions.C3.BoxedType>
      <callSegmentID.C4.BoxedType><Integer>1</Integer></callSegmentID.C4.BoxedType>
      <requestAnnouncementStartedNotification.C51d>true:1</requestAnnouncementStartedNotification.C51d>
   </PromptAndCollectUserInformationArg.Sequence>
</ASN>