<?xml version="1.0" encoding="UTF-8"?>

<ASN layer="CAP">
   <ProvideRoamingNumberArg.Sequence>
      <imsi.C0.BoxedType><TBCD_STRING.BoxedType><Bytes>98555862f7
               <field name="digits" value="895585267" type="Number_BCD" lengthBit="36" />
            </Bytes></TBCD_STRING.BoxedType></imsi.C0.BoxedType>
      <msc_Number.C1.BoxedType><AddressString.BoxedType><Bytes>b34196743446
               <field name="extension" value="no extension:1" type="EnumLong" lengthBit="1" />
               <field name="nature of address" value="network specific number:3" type="EnumLong" lengthBit="3" />
               <field name="numbering plan" value="data numbering plan (ITU-T Rec X.121):3" type="EnumLong" lengthBit="4" />
               <field name="digits" value="1469474364" type="Number_BCD" length="5" />
            </Bytes></AddressString.BoxedType></msc_Number.C1.BoxedType>
      <msisdn.C2.BoxedType><AddressString.BoxedType><Bytes>b62177212504
               <field name="extension" value="no extension:1" type="EnumLong" lengthBit="1" />
               <field name="nature of address" value="network specific number:3" type="EnumLong" lengthBit="3" />
               <field name="numbering plan" value="land mobile numbering plan (ITU-T Rec E.212):6" type="EnumLong" lengthBit="4" />
               <field name="digits" value="1277125240" type="Number_BCD" length="5" />
            </Bytes></AddressString.BoxedType></msisdn.C2.BoxedType>
      <lmsi.C4.BoxedType><Bytes>d2b3
            <field name="digits" value="d2b3" type="Binary" length="2" />
         </Bytes></lmsi.C4.BoxedType>
      <gsm_BearerCapability.C5.Sequence>
         <protocolId.Enum>
            <EnumType>gsm_0806.2</EnumType>
         </protocolId.Enum>
         <signalInfo.BoxedType><Bytes>32955b9a0579aceee9</Bytes></signalInfo.BoxedType>
         <extensionContainer.Sequence>
            <privateExtensionList.C0.BoxedType>
               <Collection>
                  <PrivateExtension.Sequence>
                     <extId><ObjectIdentifier>0.1.282.31.92.31.87.19.101.114</ObjectIdentifier></extId>
                     <extType>dc7f7d91129d</extType>
                  </PrivateExtension.Sequence>
                  <PrivateExtension.Sequence>
                     <extId><ObjectIdentifier>0.1.285.117.2.120.57.104.56.33.108</ObjectIdentifier></extId>
                     <extType>d26741dc</extType>
                  </PrivateExtension.Sequence>
                  <PrivateExtension.Sequence>
                     <extId><ObjectIdentifier>0.1.224.42.103.1.102.111.64.61.10</ObjectIdentifier></extId>
                     <extType>0049e991</extType>
                  </PrivateExtension.Sequence>
               </Collection>
            </privateExtensionList.C0.BoxedType>
            <pcs_Extensions.C1.Sequence>
               
            </pcs_Extensions.C1.Sequence>
         </extensionContainer.Sequence>
      </gsm_BearerCapability.C5.Sequence>
      <networkSignalInfo.C6.Sequence>
         <protocolId.Enum>
            <EnumType>gsm_BSSMAP.3</EnumType>
         </protocolId.Enum>
         <signalInfo.BoxedType><Bytes>9797eeac360dc4a8</Bytes></signalInfo.BoxedType>
         <extensionContainer.Sequence>
            <privateExtensionList.C0.BoxedType>
               <Collection>
                  <PrivateExtension.Sequence>
                     <extId><ObjectIdentifier>0.1.233.120.12.95.60</ObjectIdentifier></extId>
                     <extType>ec98c19da286248637</extType>
                  </PrivateExtension.Sequence>
                  <PrivateExtension.Sequence>
                     <extId><ObjectIdentifier>0.1.2106</ObjectIdentifier></extId>
                     <extType>6080b9527ace87</extType>
                  </PrivateExtension.Sequence>
                  <PrivateExtension.Sequence>
                     <extId><ObjectIdentifier>0.1.253.62.45.15.108.60.96</ObjectIdentifier></extId>
                     <extType>1ccfb11258f4765ebb</extType>
                  </PrivateExtension.Sequence>
               </Collection>
            </privateExtensionList.C0.BoxedType>
            <pcs_Extensions.C1.Sequence>
               
            </pcs_Extensions.C1.Sequence>
         </extensionContainer.Sequence>
      </networkSignalInfo.C6.Sequence>
      <suppressionOfAnnouncement.C7.Null>
         
      </suppressionOfAnnouncement.C7.Null>
      <gmsc_Address.C8.BoxedType><AddressString.BoxedType><Bytes>5d2109366688
               <field name="extension" value="extension:0" type="EnumLong" lengthBit="1" />
               <field name="nature of address" value="reserved:5" type="EnumLong" lengthBit="3" />
               <field name="numbering plan" value="13" type="EnumLong" lengthBit="4" />
               <field name="digits" value="1290636688" type="Number_BCD" length="5" />
            </Bytes></AddressString.BoxedType></gmsc_Address.C8.BoxedType>
      <callReferenceNumber.C9.BoxedType><Bytes>cdd36c630ae0a4</Bytes></callReferenceNumber.C9.BoxedType>
      <or_Interrogation.C10></or_Interrogation.C10>
      <extensionContainer.C11.Sequence>
         <privateExtensionList.C0.BoxedType>
            <Collection>
               <PrivateExtension.Sequence>
                  <extId><ObjectIdentifier>0.1.2103.97.13.38.9.76.126.88.64</ObjectIdentifier></extId>
                  <extType>5454701da26bf6a7</extType>
               </PrivateExtension.Sequence>
               <PrivateExtension.Sequence>
                  <extId><ObjectIdentifier>0.1.257.46.38.64.113.42.12</ObjectIdentifier></extId>
                  <extType>f30e6185eb44f04b60</extType>
               </PrivateExtension.Sequence>
               <PrivateExtension.Sequence>
                  <extId><ObjectIdentifier>0.1.2122.110</ObjectIdentifier></extId>
                  <extType>4d76a40107fb33</extType>
               </PrivateExtension.Sequence>
            </Collection>
         </privateExtensionList.C0.BoxedType>
         <pcs_Extensions.C1.Sequence>
            
         </pcs_Extensions.C1.Sequence>
      </extensionContainer.C11.Sequence>
      <alertingPattern.C12.BoxedType><Bytes>cfd3fa5d95d8f45b</Bytes></alertingPattern.C12.BoxedType>
      <ccbs_Call.C13></ccbs_Call.C13>
      <supportedCamelPhasesInInterrogatingNode.C15.BoxedType><BitString><BitString value="e66596" trailing="0"/></BitString></supportedCamelPhasesInInterrogatingNode.C15.BoxedType>
      <additionalSignalInfo.C14.Sequence>
         <ext_ProtocolId.Enum>
            <EnumType>ets_300356.1</EnumType>
         </ext_ProtocolId.Enum>
         <signalInfo.BoxedType><Bytes>2ec227136e27f6</Bytes></signalInfo.BoxedType>
         <extensionContainer.Sequence>
            <privateExtensionList.C0.BoxedType>
               <Collection>
                  <PrivateExtension.Sequence>
                     <extId><ObjectIdentifier>0.1.218.96.91</ObjectIdentifier></extId>
                     <extType>08b7f8c816a10bfab63d</extType>
                  </PrivateExtension.Sequence>
                  <PrivateExtension.Sequence>
                     <extId><ObjectIdentifier>0.1.256.7.107.7.39.117.60.18.35.124</ObjectIdentifier></extId>
                     <extType>de67626b1bcd25b8</extType>
                  </PrivateExtension.Sequence>
                  <PrivateExtension.Sequence>
                     <extId><ObjectIdentifier>0.1.2</ObjectIdentifier></extId>
                     <extType>fc88c0e10216eceec9</extType>
                  </PrivateExtension.Sequence>
               </Collection>
            </privateExtensionList.C0.BoxedType>
            <pcs_Extensions.C1.Sequence>
               
            </pcs_Extensions.C1.Sequence>
         </extensionContainer.Sequence>
      </additionalSignalInfo.C14.Sequence>
      <orNotSupportedInGMSC.C16></orNotSupportedInGMSC.C16>
      <pre_pagingSupported.C17></pre_pagingSupported.C17>
      <longFTN_Supported.C18></longFTN_Supported.C18>
      <suppress_VT_CSI.C19></suppress_VT_CSI.C19>
      <offeredCamel4CSIsInInterrogatingNode.C20.BoxedType><BitString><BitString value="ca8ec5" trailing="0"/></BitString></offeredCamel4CSIsInInterrogatingNode.C20.BoxedType>
      <mtRoamingRetrySupported.C21></mtRoamingRetrySupported.C21>
      <pagingArea.C22.BoxedType>
         <Collection>
            <LocationArea.Choice>
               <laiFixedLength.C0.BoxedType><Bytes>41232243fc
                     <field name="MMC" value="143,222" type="NumberMMC" length="3" />
                     <field name="LAC" value="17404" type="Integer" length="2" />
                  </Bytes></laiFixedLength.C0.BoxedType>
               <lac.C1.BoxedType><Bytes>56161700</Bytes></lac.C1.BoxedType>
            </LocationArea.Choice>
            <LocationArea.Choice>
               <laiFixedLength.C0.BoxedType><Bytes>11f2733f83
                     <field name="MMC" value="112,37" type="NumberMMC" length="3" />
                     <field name="LAC" value="16259" type="Integer" length="2" />
                  </Bytes></laiFixedLength.C0.BoxedType>
               <lac.C1.BoxedType><Bytes>13bbb94f37ffa8</Bytes></lac.C1.BoxedType>
            </LocationArea.Choice>
            <LocationArea.Choice>
               <laiFixedLength.C0.BoxedType><Bytes>1237220d3c
                     <field name="MMC" value="217,223" type="NumberMMC" length="3" />
                     <field name="LAC" value="3388" type="Integer" length="2" />
                  </Bytes></laiFixedLength.C0.BoxedType>
               <lac.C1.BoxedType><Bytes>45cc07948bfd95</Bytes></lac.C1.BoxedType>
            </LocationArea.Choice>
         </Collection>
      </pagingArea.C22.BoxedType>
      <callPriority.C23.BoxedType><Integer>1</Integer></callPriority.C23.BoxedType>
      <mtrf_Indicator.C24></mtrf_Indicator.C24>
      <oldMSC_Number.C25.BoxedType><AddressString.BoxedType><Bytes>d83178529289
               <field name="extension" value="no extension:1" type="EnumLong" lengthBit="1" />
               <field name="nature of address" value="reserved:5" type="EnumLong" lengthBit="3" />
               <field name="numbering plan" value="national numbering plan:8" type="EnumLong" lengthBit="4" />
               <field name="digits" value="1387252998" type="Number_BCD" length="5" />
            </Bytes></AddressString.BoxedType></oldMSC_Number.C25.BoxedType>
      <lastUsedLtePLMN_Id.C26.BoxedType><Bytes>7de0</Bytes></lastUsedLtePLMN_Id.C26.BoxedType>
   </ProvideRoamingNumberArg.Sequence>
</ASN>