<?xml version="1.0" encoding="UTF-8"?>

<ASN layer="CAP">
   <ProvideRoamingNumberRes.Sequence>
      <roamingNumber.BoxedType><AddressString.BoxedType><Bytes>7424490516f6
               <field name="extension" value="extension:0" type="EnumLong" lengthBit="1" />
               <field name="nature of address" value="reserved for extension:7" type="EnumLong" lengthBit="3" />
               <field name="numbering plan" value="telex numbering plan (ITU-T Rec F.69):4" type="EnumLong" lengthBit="4" />
               <field name="digits" value="429450616" type="Number_BCD" lengthBit="36" />
            </Bytes></AddressString.BoxedType></roamingNumber.BoxedType>
      <extensionContainer.Sequence>
         <privateExtensionList.C0.BoxedType>
            <Collection>
               <PrivateExtension.Sequence>
                  <extId><ObjectIdentifier>0.1.272</ObjectIdentifier></extId>
                  <extType>946527b28844782082</extType>
               </PrivateExtension.Sequence>
               <PrivateExtension.Sequence>
                  <extId><ObjectIdentifier>0.1.290.16.5.10.69.76.83.95.33</ObjectIdentifier></extId>
                  <extType>418f9311dd4c93</extType>
               </PrivateExtension.Sequence>
               <PrivateExtension.Sequence>
                  <extId><ObjectIdentifier>0.1.2123.23.25.89</ObjectIdentifier></extId>
                  <extType>52a53271840ddb8b</extType>
               </PrivateExtension.Sequence>
            </Collection>
         </privateExtensionList.C0.BoxedType>
         <pcs_Extensions.C1.Sequence>
            
         </pcs_Extensions.C1.Sequence>
      </extensionContainer.Sequence>
      <releaseResourcesSupported></releaseResourcesSupported>
      <vmsc_Address.BoxedType><AddressString.BoxedType><Bytes>af39716222f0
               <field name="extension" value="no extension:1" type="EnumLong" lengthBit="1" />
               <field name="nature of address" value="national significant number:2" type="EnumLong" lengthBit="3" />
               <field name="numbering plan" value="reserved for extension:15" type="EnumLong" lengthBit="4" />
               <field name="digits" value="931726220" type="Number_BCD" lengthBit="36" />
            </Bytes></AddressString.BoxedType></vmsc_Address.BoxedType>
   </ProvideRoamingNumberRes.Sequence>
</ASN>