<?xml version="1.0" encoding="UTF-8"?>

<ASN layer="CAP">
   <ReadyForSM_Res.Sequence><extensionContainer.Sequence>
         <privateExtensionList.C0.BoxedType>
            <Collection>
               <PrivateExtension.Sequence>
                  <extId><ObjectIdentifier>0.1.271</ObjectIdentifier></extId>
                  <extType>e96ea4e6a7ee</extType>
               </PrivateExtension.Sequence>
               <PrivateExtension.Sequence>
                  <extId><ObjectIdentifier>0.1.270.8.58.12.2.49.58</ObjectIdentifier></extId>
                  <extType>c7629232</extType>
               </PrivateExtension.Sequence>
               <PrivateExtension.Sequence>
                  <extId><ObjectIdentifier>0.1.275.93</ObjectIdentifier></extId>
                  <extType>dffbed</extType>
               </PrivateExtension.Sequence>
            </Collection>
         </privateExtensionList.C0.BoxedType>
         <pcs_Extensions.C1.Sequence>
            
         </pcs_Extensions.C1.Sequence>
      </extensionContainer.Sequence></ReadyForSM_Res.Sequence>
</ASN>