<?xml version="1.0" encoding="UTF-8"?>

<ASN layer="CAP">
   <RegisterSS_Arg.Sequence>
      <ss_Code.BoxedType><Bytes>3499729c62</Bytes></ss_Code.BoxedType>
      <basicService.Choice>
         <bearerService.C2.BoxedType><Bytes>4fc1f69a33ce47</Bytes></bearerService.C2.BoxedType>
         <teleservice.C3.BoxedType><Bytes>ebbf4cdc36f897</Bytes></teleservice.C3.BoxedType>
      </basicService.Choice>
      <forwardedToNumber.C4.BoxedType><Bytes>090288297084
            <field name="extension" value="extension:0" type="EnumLong" lengthBit="1" />
            <field name="nature of address" value="unknown:0" type="EnumLong" lengthBit="3" />
            <field name="numbering plan" value="private numbering plan:9" type="EnumLong" lengthBit="4" />
            <field name="digits" value="2088920748" type="Number_BCD" length="5" />
         </Bytes></forwardedToNumber.C4.BoxedType>
      <forwardedToSubaddress.C6.BoxedType><Bytes>62851a33d3137b</Bytes></forwardedToSubaddress.C6.BoxedType>
      <noReplyConditionTime.C5.BoxedType><Integer>1</Integer></noReplyConditionTime.C5.BoxedType>
      <defaultPriority.C7.BoxedType><Integer>1</Integer></defaultPriority.C7.BoxedType>
      <nbrUser.C8.BoxedType><Integer>1</Integer></nbrUser.C8.BoxedType>
      <longFTN_Supported.C9></longFTN_Supported.C9>
   </RegisterSS_Arg.Sequence>
</ASN>