<?xml version="1.0" encoding="UTF-8"?>

<ASN layer="CAP">
   <ReleaseResourcesRes.Sequence><extensionContainer.Sequence>
         <privateExtensionList.C0.BoxedType>
            <Collection>
               <PrivateExtension.Sequence>
                  <extId><ObjectIdentifier>0.1.280.126.6.96.55.65.39.1.97</ObjectIdentifier></extId>
                  <extType>7cf4c1980d9cf5f9c4</extType>
               </PrivateExtension.Sequence>
               <PrivateExtension.Sequence>
                  <extId><ObjectIdentifier>0.1.239.78</ObjectIdentifier></extId>
                  <extType>e90b98b8529948d234</extType>
               </PrivateExtension.Sequence>
               <PrivateExtension.Sequence>
                  <extId><ObjectIdentifier>0.1.211.24.5.1.83.115</ObjectIdentifier></extId>
                  <extType>748869707134ef3079</extType>
               </PrivateExtension.Sequence>
            </Collection>
         </privateExtensionList.C0.BoxedType>
         <pcs_Extensions.C1.Sequence>
            
         </pcs_Extensions.C1.Sequence>
      </extensionContainer.Sequence></ReleaseResourcesRes.Sequence>
</ASN>