<?xml version="1.0" encoding="UTF-8"?>

<ASN layer="CAP">
   <ReleaseResourcesArg.Sequence>
      <msrn.BoxedType><AddressString.BoxedType><Bytes>224154764460
               <field name="extension" value="extension:0" type="EnumLong" lengthBit="1" />
               <field name="nature of address" value="national significant number:2" type="EnumLong" lengthBit="3" />
               <field name="numbering plan" value="spare:2" type="EnumLong" lengthBit="4" />
               <field name="digits" value="1445674406" type="Number_BCD" length="5" />
            </Bytes></AddressString.BoxedType></msrn.BoxedType>
      <extensionContainer.Sequence>
         <privateExtensionList.C0.BoxedType>
            <Collection>
               <PrivateExtension.Sequence>
                  <extId><ObjectIdentifier>0.1.2</ObjectIdentifier></extId>
                  <extType>c56c8f</extType>
               </PrivateExtension.Sequence>
               <PrivateExtension.Sequence>
                  <extId><ObjectIdentifier>0.1.2121.39</ObjectIdentifier></extId>
                  <extType>320b05ecc7bc</extType>
               </PrivateExtension.Sequence>
               <PrivateExtension.Sequence>
                  <extId><ObjectIdentifier>0.1.276.5</ObjectIdentifier></extId>
                  <extType>eeaf2527f7e9a72f</extType>
               </PrivateExtension.Sequence>
            </Collection>
         </privateExtensionList.C0.BoxedType>
         <pcs_Extensions.C1.Sequence>
            
         </pcs_Extensions.C1.Sequence>
      </extensionContainer.Sequence>
   </ReleaseResourcesArg.Sequence>
</ASN>