<?xml version="1.0" encoding="UTF-8"?>

<ASN layer="CAP">
   <ReleaseCallArg.Choice>
      <allCallSegments.BoxedType><Cause.BoxedType><Bytes>ea03f3
               <field name="ext1" value="last octet:1" type="EnumLong" lengthBit="1" />
               <field name="Coding standard" value="Standard specific to identified location (see Note):3" type="EnumLong" lengthBit="2" />
               <field name="Spare" value="0" type="Integer" lengthBit="1" />
               <field name="Location" value="network beyond interworking point (BI):10" type="EnumLong" lengthBit="4" />
               <field name="ext3" value="continue:0" type="EnumLong" lengthBit="1" />
               <field name="Cause value" value="Class 000 normal event : No route to destination:3" type="EnumLong" lengthBit="7" />
               <field name="Diagnostics" value="f3" type="Binary" length="1" />
            </Bytes></Cause.BoxedType></allCallSegments.BoxedType>
      <allCallSegmentsWithExtension.C2.Sequence>
         <allCallSegments.C0.BoxedType><Cause.BoxedType><Bytes>8f7dd0
                  <field name="ext1" value="last octet:1" type="EnumLong" lengthBit="1" />
                  <field name="Coding standard" value="ITU-T standardized coding, as described below:0" type="EnumLong" lengthBit="2" />
                  <field name="Spare" value="0" type="Integer" lengthBit="1" />
                  <field name="Location" value="reserved for national use:15" type="EnumLong" lengthBit="4" />
                  <field name="ext3" value="continue:0" type="EnumLong" lengthBit="1" />
                  <field name="Cause value" value="125" type="EnumLong" lengthBit="7" />
                  <field name="Diagnostics" value="d0" type="Binary" length="1" />
               </Bytes></Cause.BoxedType></allCallSegments.C0.BoxedType>
         <extensions.C1.BoxedType>
            <Collection>
               <ExtensionField.Sequence>
                  <type.Choice>
                     <local>1874014183</local>
                     <global><ObjectIdentifier>0.1.260.20.12.85.50.53</ObjectIdentifier></global>
                  </type.Choice>
                  <criticality.nulld.Enum>
                     <EnumType>abort.1</EnumType>
                  </criticality.nulld.Enum>
                  <NullObject.C1></NullObject.C1>
               </ExtensionField.Sequence>
               <ExtensionField.Sequence>
                  <type.Choice>
                     <local>2841746708</local>
                     <global><ObjectIdentifier>0.1.2120.101.105</ObjectIdentifier></global>
                  </type.Choice>
                  <criticality.nulld.Enum>
                     <EnumType>abort.1</EnumType>
                  </criticality.nulld.Enum>
                  <NullObject.C1></NullObject.C1>
               </ExtensionField.Sequence>
               <ExtensionField.Sequence>
                  <type.Choice>
                     <local>3884508893</local>
                     <global><ObjectIdentifier>0.1.212.85.112.40</ObjectIdentifier></global>
                  </type.Choice>
                  <criticality.nulld.Enum>
                     <EnumType>ignore.0</EnumType>
                  </criticality.nulld.Enum>
                  <NullObject.C1></NullObject.C1>
               </ExtensionField.Sequence>
            </Collection>
         </extensions.C1.BoxedType>
      </allCallSegmentsWithExtension.C2.Sequence>
   </ReleaseCallArg.Choice>
</ASN>