<?xml version="1.0" encoding="UTF-8"?>

<ASN layer="CAP">
   <RelocationNumber.Sequence>
      <handoverNumber.BoxedType><AddressString.BoxedType><Bytes>669167884440
               <field name="extension" value="extension:0" type="EnumLong" lengthBit="1" />
               <field name="nature of address" value="abbreviated number:6" type="EnumLong" lengthBit="3" />
               <field name="numbering plan" value="land mobile numbering plan (ITU-T Rec E.212):6" type="EnumLong" lengthBit="4" />
               <field name="digits" value="1976884404" type="Number_BCD" length="5" />
            </Bytes></AddressString.BoxedType></handoverNumber.BoxedType>
      <rab_Id.BoxedType><Integer>2</Integer></rab_Id.BoxedType>
   </RelocationNumber.Sequence>
</ASN>