<?xml version="1.0" encoding="UTF-8"?>

<ASN layer="CAP">
   <RemoteUserFreeArg.Sequence>
      <imsi.C0.BoxedType><TBCD_STRING.BoxedType><Bytes>96990885f4
               <field name="digits" value="699980584" type="Number_BCD" lengthBit="36" />
            </Bytes></TBCD_STRING.BoxedType></imsi.C0.BoxedType>
      <callInfo.C1.Sequence>
         <protocolId.Enum>
            <EnumType>gsm_0806.2</EnumType>
         </protocolId.Enum>
         <signalInfo.BoxedType><Bytes>3b8e51852b</Bytes></signalInfo.BoxedType>
         <extensionContainer.Sequence>
            <privateExtensionList.C0.BoxedType>
               <Collection>
                  <PrivateExtension.Sequence>
                     <extId><ObjectIdentifier>0.1.298.33.39.85.84.12</ObjectIdentifier></extId>
                     <extType>4dd00dc31653ddacfc</extType>
                  </PrivateExtension.Sequence>
                  <PrivateExtension.Sequence>
                     <extId><ObjectIdentifier>0.1.215.54.47.84.85.107.44.92.45.73</ObjectIdentifier></extId>
                     <extType>90d0b74f793bd263</extType>
                  </PrivateExtension.Sequence>
                  <PrivateExtension.Sequence>
                     <extId><ObjectIdentifier>0.1.256.55.66.80.62.11</ObjectIdentifier></extId>
                     <extType>5c0770e2d66398</extType>
                  </PrivateExtension.Sequence>
               </Collection>
            </privateExtensionList.C0.BoxedType>
            <pcs_Extensions.C1.Sequence>
               
            </pcs_Extensions.C1.Sequence>
         </extensionContainer.Sequence>
      </callInfo.C1.Sequence>
      <ccbs_Feature.C2.Sequence>
         <ccbs_Index.C0.BoxedType><Integer>2</Integer></ccbs_Index.C0.BoxedType>
         <b_subscriberNumber.C1.BoxedType><AddressString.BoxedType><Bytes>599104676483
                  <field name="extension" value="extension:0" type="EnumLong" lengthBit="1" />
                  <field name="nature of address" value="reserved:5" type="EnumLong" lengthBit="3" />
                  <field name="numbering plan" value="private numbering plan:9" type="EnumLong" lengthBit="4" />
                  <field name="digits" value="1940764638" type="Number_BCD" length="5" />
               </Bytes></AddressString.BoxedType></b_subscriberNumber.C1.BoxedType>
         <b_subscriberSubaddress.C2.BoxedType><Bytes>18cc7a</Bytes></b_subscriberSubaddress.C2.BoxedType>
         <basicServiceGroup.C3.Choice>
            <bearerService.C2.BoxedType><Bytes>4993777008745b</Bytes></bearerService.C2.BoxedType>
            <teleservice.C3.BoxedType><Bytes>ad25461f9672e2</Bytes></teleservice.C3.BoxedType>
         </basicServiceGroup.C3.Choice>
      </ccbs_Feature.C2.Sequence>
      <translatedB_Number.C3.BoxedType><AddressString.BoxedType><Bytes>e98150949804
               <field name="extension" value="no extension:1" type="EnumLong" lengthBit="1" />
               <field name="nature of address" value="abbreviated number:6" type="EnumLong" lengthBit="3" />
               <field name="numbering plan" value="private numbering plan:9" type="EnumLong" lengthBit="4" />
               <field name="digits" value="1805498940" type="Number_BCD" length="5" />
            </Bytes></AddressString.BoxedType></translatedB_Number.C3.BoxedType>
      <replaceB_Number.C4></replaceB_Number.C4>
      <alertingPattern.C5.BoxedType><Bytes>7ba6fbf4d4829e2d34</Bytes></alertingPattern.C5.BoxedType>
      <extensionContainer.C6.Sequence>
         <privateExtensionList.C0.BoxedType>
            <Collection>
               <PrivateExtension.Sequence>
                  <extId><ObjectIdentifier>0.1.217.116</ObjectIdentifier></extId>
                  <extType>24</extType>
               </PrivateExtension.Sequence>
               <PrivateExtension.Sequence>
                  <extId><ObjectIdentifier>0.1.2118.73.24.112.29.109.121.24</ObjectIdentifier></extId>
                  <extType>f5cb</extType>
               </PrivateExtension.Sequence>
               <PrivateExtension.Sequence>
                  <extId><ObjectIdentifier>0.1.23.42.53.77</ObjectIdentifier></extId>
                  <extType>d71214df6593b82db200</extType>
               </PrivateExtension.Sequence>
            </Collection>
         </privateExtensionList.C0.BoxedType>
         <pcs_Extensions.C1.Sequence>
            
         </pcs_Extensions.C1.Sequence>
      </extensionContainer.C6.Sequence>
   </RemoteUserFreeArg.Sequence>
</ASN>