<?xml version="1.0" encoding="UTF-8"?>

<ASN layer="CAP">
   <RequestedInformation.Sequence>
      <requestedInformationType.C0.Enum>
         <EnumType>releaseCause.30</EnumType>
      </requestedInformationType.C0.Enum>
      <requestedInformationValue.C1.Choice>
         <callAttemptElapsedTimeValue.C0>1</callAttemptElapsedTimeValue.C0>
         <callStopTimeValue.C1.BoxedType><Bytes>9db3aea3</Bytes></callStopTimeValue.C1.BoxedType>
         <callConnectedElapsedTimeValue.C2.BoxedType><Integer>2</Integer></callConnectedElapsedTimeValue.C2.BoxedType>
         <releaseCauseValue.C30.BoxedType><Bytes>f73d99
               <field name="ext1" value="last octet:1" type="EnumLong" lengthBit="1" />
               <field name="Coding standard" value="Standard specific to identified location (see Note):3" type="EnumLong" lengthBit="2" />
               <field name="Spare" value="1" type="Integer" lengthBit="1" />
               <field name="Location" value="international network (INTL):7" type="EnumLong" lengthBit="4" />
               <field name="ext3" value="continue:0" type="EnumLong" lengthBit="1" />
               <field name="Cause value" value="61" type="EnumLong" lengthBit="7" />
               <field name="Diagnostics" value="99" type="Binary" length="1" />
            </Bytes></releaseCauseValue.C30.BoxedType>
      </requestedInformationValue.C1.Choice>
   </RequestedInformation.Sequence>
</ASN>