<?xml version="1.0" encoding="UTF-8"?>

<ASN layer="CAP">
   <ResetTimerArg.Sequence>
      <timerID.C0d.Enum>
         <EnumType>tssf.0</EnumType>
      </timerID.C0d.Enum>
      <timervalue.C1.BoxedType><Integer4.BoxedType><Integer>0</Integer></Integer4.BoxedType></timervalue.C1.BoxedType>
      <extensions.C2.BoxedType>
         <Collection>
            <ExtensionField.Sequence>
               <type.Choice>
                  <local>3357091351</local>
                  <global><ObjectIdentifier>0.1.2122.28.19.34.79.91</ObjectIdentifier></global>
               </type.Choice>
               <criticality.nulld.Enum>
                  <EnumType>abort.1</EnumType>
               </criticality.nulld.Enum>
               <NullObject.C1></NullObject.C1>
            </ExtensionField.Sequence>
            <ExtensionField.Sequence>
               <type.Choice>
                  <local>2724045743</local>
                  <global><ObjectIdentifier>0.1.2116.99.2.107.1.101.66</ObjectIdentifier></global>
               </type.Choice>
               <criticality.nulld.Enum>
                  <EnumType>abort.1</EnumType>
               </criticality.nulld.Enum>
               <NullObject.C1></NullObject.C1>
            </ExtensionField.Sequence>
            <ExtensionField.Sequence>
               <type.Choice>
                  <local>1711956981</local>
                  <global><ObjectIdentifier>0.1.2128.124.44.1.127.84.27.98.98</ObjectIdentifier></global>
               </type.Choice>
               <criticality.nulld.Enum>
                  <EnumType>abort.1</EnumType>
               </criticality.nulld.Enum>
               <NullObject.C1></NullObject.C1>
            </ExtensionField.Sequence>
         </Collection>
      </extensions.C2.BoxedType>
      <callSegmentID.C3.BoxedType><Integer>0</Integer></callSegmentID.C3.BoxedType>
   </ResetTimerArg.Sequence>
</ASN>