<?xml version="1.0" encoding="UTF-8"?>

<ASN layer="CAP">
   <ResetArg.Sequence>
      <sendingNodenumber.Choice>
         <hlr_Number.BoxedType><AddressString.BoxedType><Bytes>4a17670665f3
                  <field name="extension" value="extension:0" type="EnumLong" lengthBit="1" />
                  <field name="nature of address" value="subscriber number:4" type="EnumLong" lengthBit="3" />
                  <field name="numbering plan" value="10" type="EnumLong" lengthBit="4" />
                  <field name="digits" value="717660563" type="Number_BCD" lengthBit="36" />
               </Bytes></AddressString.BoxedType></hlr_Number.BoxedType>
         <css_Number.C1.BoxedType><AddressString.BoxedType><Bytes>be0176024894
                  <field name="extension" value="no extension:1" type="EnumLong" lengthBit="1" />
                  <field name="nature of address" value="network specific number:3" type="EnumLong" lengthBit="3" />
                  <field name="numbering plan" value="14" type="EnumLong" lengthBit="4" />
                  <field name="digits" value="1067208449" type="Number_BCD" length="5" />
               </Bytes></AddressString.BoxedType></css_Number.C1.BoxedType>
      </sendingNodenumber.Choice>
      <hlr_List.BoxedType>
         <Collection>
            <HLR_Id.BoxedType><IMSI.BoxedType><TBCD_STRING.BoxedType><Bytes>16702123f9
                        <field name="digits" value="610712329" type="Number_BCD" lengthBit="36" />
                     </Bytes></TBCD_STRING.BoxedType></IMSI.BoxedType></HLR_Id.BoxedType>
            <HLR_Id.BoxedType><IMSI.BoxedType><TBCD_STRING.BoxedType><Bytes>6170295369
                        <field name="digits" value="1607923596" type="Number_BCD" length="5" />
                     </Bytes></TBCD_STRING.BoxedType></IMSI.BoxedType></HLR_Id.BoxedType>
            <HLR_Id.BoxedType><IMSI.BoxedType><TBCD_STRING.BoxedType><Bytes>1280878812
                        <field name="digits" value="2108788821" type="Number_BCD" length="5" />
                     </Bytes></TBCD_STRING.BoxedType></IMSI.BoxedType></HLR_Id.BoxedType>
         </Collection>
      </hlr_List.BoxedType>
      <extensionContainer.C0.Sequence>
         <privateExtensionList.C0.BoxedType>
            <Collection>
               <PrivateExtension.Sequence>
                  <extId><ObjectIdentifier>0.1.2117.32.120.44.124.55.96.68.113.117</ObjectIdentifier></extId>
                  <extType>aa21bc88</extType>
               </PrivateExtension.Sequence>
               <PrivateExtension.Sequence>
                  <extId><ObjectIdentifier>0.1.236.14.10.78.83.102</ObjectIdentifier></extId>
                  <extType>152d39</extType>
               </PrivateExtension.Sequence>
               <PrivateExtension.Sequence>
                  <extId><ObjectIdentifier>0.1.265.114</ObjectIdentifier></extId>
                  <extType>d37757</extType>
               </PrivateExtension.Sequence>
            </Collection>
         </privateExtensionList.C0.BoxedType>
         <pcs_Extensions.C1.Sequence>
            
         </pcs_Extensions.C1.Sequence>
      </extensionContainer.C0.Sequence>
   </ResetArg.Sequence>
</ASN>