<?xml version="1.0" encoding="UTF-8"?>

<ASN layer="CAP">
   <ResourceLimitationParam.Sequence><extensionContainer.Sequence>
         <privateExtensionList.C0.BoxedType>
            <Collection>
               <PrivateExtension.Sequence>
                  <extId><ObjectIdentifier>0.1.288.127.0</ObjectIdentifier></extId>
                  <extType>886ca660</extType>
               </PrivateExtension.Sequence>
               <PrivateExtension.Sequence>
                  <extId><ObjectIdentifier>0.1.22.64.123.63.50.45.53.80</ObjectIdentifier></extId>
                  <extType>818d160cab726c8985</extType>
               </PrivateExtension.Sequence>
               <PrivateExtension.Sequence>
                  <extId><ObjectIdentifier>0.1.249.39.91.51.123.28.96.104.11</ObjectIdentifier></extId>
                  <extType>f21210d074</extType>
               </PrivateExtension.Sequence>
            </Collection>
         </privateExtensionList.C0.BoxedType>
         <pcs_Extensions.C1.Sequence>
            
         </pcs_Extensions.C1.Sequence>
      </extensionContainer.Sequence></ResourceLimitationParam.Sequence>
</ASN>