<?xml version="1.0" encoding="UTF-8"?>

<ASN layer="CAP">
   <RoutingInfoForSM_Res.Sequence>
      <imsi.BoxedType><TBCD_STRING.BoxedType><Bytes>03980220f8
               <field name="digits" value="308920028" type="Number_BCD" lengthBit="36" />
            </Bytes></TBCD_STRING.BoxedType></imsi.BoxedType>
      <locationInfoWithLMSI.C0.Sequence>
         <networkNode_Number.C1.BoxedType><AddressString.BoxedType><Bytes>5175764512f9
                  <field name="extension" value="extension:0" type="EnumLong" lengthBit="1" />
                  <field name="nature of address" value="reserved:5" type="EnumLong" lengthBit="3" />
                  <field name="numbering plan" value="ISDN/Telephony Numbering Plan (Rec ITU-T E.164):1" type="EnumLong" lengthBit="4" />
                  <field name="digits" value="576754219" type="Number_BCD" lengthBit="36" />
               </Bytes></AddressString.BoxedType></networkNode_Number.C1.BoxedType>
         <lmsi.BoxedType><Bytes>ca7910d154
               <field name="digits" value="ca7910d154" type="Binary" length="5" />
            </Bytes></lmsi.BoxedType>
         <extensionContainer.Sequence>
            <privateExtensionList.C0.BoxedType>
               <Collection>
                  <PrivateExtension.Sequence>
                     <extId><ObjectIdentifier>0.1.247.54.11.40.24</ObjectIdentifier></extId>
                     <extType>ccc965842a463554b9</extType>
                  </PrivateExtension.Sequence>
                  <PrivateExtension.Sequence>
                     <extId><ObjectIdentifier>0.1.2106.56.77.5.74.46.105.110.115</ObjectIdentifier></extId>
                     <extType>d753e6b1</extType>
                  </PrivateExtension.Sequence>
                  <PrivateExtension.Sequence>
                     <extId><ObjectIdentifier>0.1.294.117.116.72.108.18.24</ObjectIdentifier></extId>
                     <extType>dc5355</extType>
                  </PrivateExtension.Sequence>
               </Collection>
            </privateExtensionList.C0.BoxedType>
            <pcs_Extensions.C1.Sequence>
               
            </pcs_Extensions.C1.Sequence>
         </extensionContainer.Sequence>
         <gprsNodeIndicator.C5></gprsNodeIndicator.C5>
         <additional_Number.C6.Choice>
            <msc_Number.C0.BoxedType><AddressString.BoxedType><Bytes>f71148300871
                     <field name="extension" value="no extension:1" type="EnumLong" lengthBit="1" />
                     <field name="nature of address" value="reserved for extension:7" type="EnumLong" lengthBit="3" />
                     <field name="numbering plan" value="spare:7" type="EnumLong" lengthBit="4" />
                     <field name="digits" value="1184038017" type="Number_BCD" length="5" />
                  </Bytes></AddressString.BoxedType></msc_Number.C0.BoxedType>
            <sgsn_Number.C1.BoxedType><AddressString.BoxedType><Bytes>843150537793
                     <field name="extension" value="no extension:1" type="EnumLong" lengthBit="1" />
                     <field name="nature of address" value="unknown:0" type="EnumLong" lengthBit="3" />
                     <field name="numbering plan" value="telex numbering plan (ITU-T Rec F.69):4" type="EnumLong" lengthBit="4" />
                     <field name="digits" value="1305357739" type="Number_BCD" length="5" />
                  </Bytes></AddressString.BoxedType></sgsn_Number.C1.BoxedType>
         </additional_Number.C6.Choice>
         <networkNodeDiameterAddress.C7.Sequence>
            <diameter_Name.C0.BoxedType><Bytes>482cd05cf7da1e26</Bytes></diameter_Name.C0.BoxedType>
            <diameter_Realm.C1.BoxedType><Bytes>e9d1e4ed6f3759</Bytes></diameter_Realm.C1.BoxedType>
         </networkNodeDiameterAddress.C7.Sequence>
         <additionalNetworkNodeDiameterAddress.C8.Sequence>
            <diameter_Name.C0.BoxedType><Bytes>51f166</Bytes></diameter_Name.C0.BoxedType>
            <diameter_Realm.C1.BoxedType><Bytes>a22d</Bytes></diameter_Realm.C1.BoxedType>
         </additionalNetworkNodeDiameterAddress.C8.Sequence>
         <thirdNumber.C9.Choice>
            <msc_Number.C0.BoxedType><AddressString.BoxedType><Bytes>560279690114
                     <field name="extension" value="extension:0" type="EnumLong" lengthBit="1" />
                     <field name="nature of address" value="reserved:5" type="EnumLong" lengthBit="3" />
                     <field name="numbering plan" value="land mobile numbering plan (ITU-T Rec E.212):6" type="EnumLong" lengthBit="4" />
                     <field name="digits" value="2097961041" type="Number_BCD" length="5" />
                  </Bytes></AddressString.BoxedType></msc_Number.C0.BoxedType>
            <sgsn_Number.C1.BoxedType><AddressString.BoxedType><Bytes>9421031145f6
                     <field name="extension" value="no extension:1" type="EnumLong" lengthBit="1" />
                     <field name="nature of address" value="international number:1" type="EnumLong" lengthBit="3" />
                     <field name="numbering plan" value="telex numbering plan (ITU-T Rec F.69):4" type="EnumLong" lengthBit="4" />
                     <field name="digits" value="123011546" type="Number_BCD" lengthBit="36" />
                  </Bytes></AddressString.BoxedType></sgsn_Number.C1.BoxedType>
         </thirdNumber.C9.Choice>
         <thirdNetworkNodeDiameterAddress.C10.Sequence>
            <diameter_Name.C0.BoxedType><Bytes>d6e1415a4c</Bytes></diameter_Name.C0.BoxedType>
            <diameter_Realm.C1.BoxedType><Bytes>c6229bf4563d47511c</Bytes></diameter_Realm.C1.BoxedType>
         </thirdNetworkNodeDiameterAddress.C10.Sequence>
         <imsNodeIndicator.C11></imsNodeIndicator.C11>
      </locationInfoWithLMSI.C0.Sequence>
      <extensionContainer.C4.Sequence>
         <privateExtensionList.C0.BoxedType>
            <Collection>
               <PrivateExtension.Sequence>
                  <extId><ObjectIdentifier>0.1.256.76.51.66</ObjectIdentifier></extId>
                  <extType>5a0b38</extType>
               </PrivateExtension.Sequence>
               <PrivateExtension.Sequence>
                  <extId><ObjectIdentifier>0.1.272.47.57.43.75.104.61.116.31</ObjectIdentifier></extId>
                  <extType>0c04812512408c</extType>
               </PrivateExtension.Sequence>
               <PrivateExtension.Sequence>
                  <extId><ObjectIdentifier>0.1.285.53.83.100.78.34</ObjectIdentifier></extId>
                  <extType>c169</extType>
               </PrivateExtension.Sequence>
            </Collection>
         </privateExtensionList.C0.BoxedType>
         <pcs_Extensions.C1.Sequence>
            
         </pcs_Extensions.C1.Sequence>
      </extensionContainer.C4.Sequence>
      <ip_sm_gwGuidance.C5.Sequence>
         <minimumDeliveryTimeValue.BoxedType><Integer>0</Integer></minimumDeliveryTimeValue.BoxedType>
         <recommendedDeliveryTimeValue.BoxedType><Integer>2</Integer></recommendedDeliveryTimeValue.BoxedType>
         <extensionContainer.Sequence>
            <privateExtensionList.C0.BoxedType>
               <Collection>
                  <PrivateExtension.Sequence>
                     <extId><ObjectIdentifier>0.1.245.16.33.75.108.48.35</ObjectIdentifier></extId>
                     <extType>b96310aac8b6fc</extType>
                  </PrivateExtension.Sequence>
                  <PrivateExtension.Sequence>
                     <extId><ObjectIdentifier>0.1.21.35.111.116.67.20.122.122</ObjectIdentifier></extId>
                     <extType>9f9c822f</extType>
                  </PrivateExtension.Sequence>
                  <PrivateExtension.Sequence>
                     <extId><ObjectIdentifier>0.1.246.118.3.100.54.37</ObjectIdentifier></extId>
                     <extType>cf</extType>
                  </PrivateExtension.Sequence>
               </Collection>
            </privateExtensionList.C0.BoxedType>
            <pcs_Extensions.C1.Sequence>
               
            </pcs_Extensions.C1.Sequence>
         </extensionContainer.Sequence>
      </ip_sm_gwGuidance.C5.Sequence>
   </RoutingInfoForSM_Res.Sequence>
</ASN>