<?xml version="1.0" encoding="UTF-8"?>

<ASN layer="CAP">
   <RoutingInfoForLCS_Arg.Sequence>
      <mlcNumber.C0.BoxedType><AddressString.BoxedType><Bytes>1145509597f8
               <field name="extension" value="extension:0" type="EnumLong" lengthBit="1" />
               <field name="nature of address" value="international number:1" type="EnumLong" lengthBit="3" />
               <field name="numbering plan" value="ISDN/Telephony Numbering Plan (Rec ITU-T E.164):1" type="EnumLong" lengthBit="4" />
               <field name="digits" value="540559798" type="Number_BCD" lengthBit="36" />
            </Bytes></AddressString.BoxedType></mlcNumber.C0.BoxedType>
      <targetMS.C1.Choice>
         <imsi.C0.BoxedType><TBCD_STRING.BoxedType><Bytes>0121040812
                  <field name="digits" value="1012408021" type="Number_BCD" length="5" />
               </Bytes></TBCD_STRING.BoxedType></imsi.C0.BoxedType>
         <msisdn.C1.BoxedType><AddressString.BoxedType><Bytes>a60219186718
                  <field name="extension" value="no extension:1" type="EnumLong" lengthBit="1" />
                  <field name="nature of address" value="national significant number:2" type="EnumLong" lengthBit="3" />
                  <field name="numbering plan" value="land mobile numbering plan (ITU-T Rec E.212):6" type="EnumLong" lengthBit="4" />
                  <field name="digits" value="2091817681" type="Number_BCD" length="5" />
               </Bytes></AddressString.BoxedType></msisdn.C1.BoxedType>
      </targetMS.C1.Choice>
      <extensionContainer.C2.Sequence>
         <privateExtensionList.C0.BoxedType>
            <Collection>
               <PrivateExtension.Sequence>
                  <extId><ObjectIdentifier>0.1.266.105.76.79.7.114.121.19.46.125</ObjectIdentifier></extId>
                  <extType>f0720eb9f946d28c9d66</extType>
               </PrivateExtension.Sequence>
               <PrivateExtension.Sequence>
                  <extId><ObjectIdentifier>0.1.2108.110.56.121.125.82</ObjectIdentifier></extId>
                  <extType>24cd2b1ada</extType>
               </PrivateExtension.Sequence>
               <PrivateExtension.Sequence>
                  <extId><ObjectIdentifier>0.1.280.30.23.126.61.28.127</ObjectIdentifier></extId>
                  <extType>0da90c17ce5319be</extType>
               </PrivateExtension.Sequence>
            </Collection>
         </privateExtensionList.C0.BoxedType>
         <pcs_Extensions.C1.Sequence>
            
         </pcs_Extensions.C1.Sequence>
      </extensionContainer.C2.Sequence>
   </RoutingInfoForLCS_Arg.Sequence>
</ASN>