<?xml version="1.0" encoding="UTF-8"?>

<ASN layer="CAP">
   <SendAuthenticationInfoArg.Sequence>
      <imsi.C0.BoxedType><TBCD_STRING.BoxedType><Bytes>0222587759
               <field name="digits" value="2022857795" type="Number_BCD" length="5" />
            </Bytes></TBCD_STRING.BoxedType></imsi.C0.BoxedType>
      <numberOfRequestedVectors.BoxedType><Integer>0</Integer></numberOfRequestedVectors.BoxedType>
      <segmentationProhibited></segmentationProhibited>
      <immediateResponsePreferred.C1></immediateResponsePreferred.C1>
      <re_synchronisationInfo.Sequence>
         <rand.BoxedType><Bytes>652c40402beb79e6</Bytes></rand.BoxedType>
         <auts.BoxedType><Bytes>7c4b8614a0</Bytes></auts.BoxedType>
      </re_synchronisationInfo.Sequence>
      <extensionContainer.C2.Sequence>
         <privateExtensionList.C0.BoxedType>
            <Collection>
               <PrivateExtension.Sequence>
                  <extId><ObjectIdentifier>0.1.290.88.18.27.88.59.106.109.0</ObjectIdentifier></extId>
                  <extType>990ad3befa76</extType>
               </PrivateExtension.Sequence>
               <PrivateExtension.Sequence>
                  <extId><ObjectIdentifier>0.1.238.54.51.18</ObjectIdentifier></extId>
                  <extType>78f565</extType>
               </PrivateExtension.Sequence>
               <PrivateExtension.Sequence>
                  <extId><ObjectIdentifier>0.1.257.61.110.94.120</ObjectIdentifier></extId>
                  <extType>364752bcaa</extType>
               </PrivateExtension.Sequence>
            </Collection>
         </privateExtensionList.C0.BoxedType>
         <pcs_Extensions.C1.Sequence>
            
         </pcs_Extensions.C1.Sequence>
      </extensionContainer.C2.Sequence>
      <requestingNodeType.C3.Enum>
         <EnumType>s_cscf.2</EnumType>
      </requestingNodeType.C3.Enum>
      <requestingPLMN_Id.C4.BoxedType><Bytes>0c13ce42b4b40056f4</Bytes></requestingPLMN_Id.C4.BoxedType>
      <numberOfRequestedAdditional_Vectors.C5.BoxedType><Integer>2</Integer></numberOfRequestedAdditional_Vectors.C5.BoxedType>
      <additionalVectorsAreForEPS.C6></additionalVectorsAreForEPS.C6>
   </SendAuthenticationInfoArg.Sequence>
</ASN>