<?xml version="1.0" encoding="UTF-8"?>

<ASN layer="CAP">
   <SendChargingInformationArg.Sequence>
      <sCIBillingChargingCharacteristics.C0.BoxedType><Bytes>9ef4</Bytes></sCIBillingChargingCharacteristics.C0.BoxedType>
      <partyToCharge.C1.Choice><sendingSideID.C0.BoxedType><Bytes>02
               <field name="LegType" value="leg2 LegType:2" type="EnumLong" length="1" />
            </Bytes></sendingSideID.C0.BoxedType></partyToCharge.C1.Choice>
      <extensions.C2.BoxedType>
         <Collection>
            <ExtensionField.Sequence>
               <type.Choice>
                  <local>4133832728</local>
                  <global><ObjectIdentifier>0.1.232</ObjectIdentifier></global>
               </type.Choice>
               <criticality.nulld.Enum>
                  <EnumType>ignore.0</EnumType>
               </criticality.nulld.Enum>
               <NullObject.C1></NullObject.C1>
            </ExtensionField.Sequence>
            <ExtensionField.Sequence>
               <type.Choice>
                  <local>1712823935</local>
                  <global><ObjectIdentifier>0.1.241</ObjectIdentifier></global>
               </type.Choice>
               <criticality.nulld.Enum>
                  <EnumType>abort.1</EnumType>
               </criticality.nulld.Enum>
               <NullObject.C1></NullObject.C1>
            </ExtensionField.Sequence>
            <ExtensionField.Sequence>
               <type.Choice>
                  <local>4084443364</local>
                  <global><ObjectIdentifier>0.1.2105.64.7.126.72.72</ObjectIdentifier></global>
               </type.Choice>
               <criticality.nulld.Enum>
                  <EnumType>ignore.0</EnumType>
               </criticality.nulld.Enum>
               <NullObject.C1></NullObject.C1>
            </ExtensionField.Sequence>
         </Collection>
      </extensions.C2.BoxedType>
   </SendChargingInformationArg.Sequence>
</ASN>