<?xml version="1.0" encoding="UTF-8"?>

<ASN layer="CAP">
   <SendAuthenticationInfoRes.BoxedType><SendAuthenticationInfoResSequenceType.C3.Sequence>
         <authenticationSetList.Choice>
            <tripletList.C0.BoxedType>
               <Collection>
                  <AuthenticationTriplet.Sequence>
                     <rand.BoxedType><Bytes>f3995d6b7397ce34</Bytes></rand.BoxedType>
                     <sres.BoxedType><Bytes>c15b621b6dc5</Bytes></sres.BoxedType>
                     <kc.BoxedType><Bytes>61038647</Bytes></kc.BoxedType>
                  </AuthenticationTriplet.Sequence>
                  <AuthenticationTriplet.Sequence>
                     <rand.BoxedType><Bytes>fe0f31</Bytes></rand.BoxedType>
                     <sres.BoxedType><Bytes>2e</Bytes></sres.BoxedType>
                     <kc.BoxedType><Bytes>bd00d52b80c90d</Bytes></kc.BoxedType>
                  </AuthenticationTriplet.Sequence>
                  <AuthenticationTriplet.Sequence>
                     <rand.BoxedType><Bytes>37ad73e0c81826d6</Bytes></rand.BoxedType>
                     <sres.BoxedType><Bytes>38615b25cf36</Bytes></sres.BoxedType>
                     <kc.BoxedType><Bytes>97ddd9c79c4a82</Bytes></kc.BoxedType>
                  </AuthenticationTriplet.Sequence>
               </Collection>
            </tripletList.C0.BoxedType>
            <quintupletList.C1.BoxedType>
               <Collection>
                  <AuthenticationQuintuplet.Sequence>
                     <rand.BoxedType><Bytes>94</Bytes></rand.BoxedType>
                     <xres.BoxedType><Bytes>d6278a1d</Bytes></xres.BoxedType>
                     <ck.BoxedType><Bytes>342ef589df18e27707</Bytes></ck.BoxedType>
                     <ik.BoxedType><Bytes>ffb45e3836019f</Bytes></ik.BoxedType>
                     <autn.BoxedType><Bytes>83630e185796</Bytes></autn.BoxedType>
                  </AuthenticationQuintuplet.Sequence>
                  <AuthenticationQuintuplet.Sequence>
                     <rand.BoxedType><Bytes>7fb00cde3b30e0</Bytes></rand.BoxedType>
                     <xres.BoxedType><Bytes>fca8</Bytes></xres.BoxedType>
                     <ck.BoxedType><Bytes>6ca457d483ead4a4ef17</Bytes></ck.BoxedType>
                     <ik.BoxedType><Bytes>a60785e8f432b636eee4</Bytes></ik.BoxedType>
                     <autn.BoxedType><Bytes>86bfcdb75cda597476</Bytes></autn.BoxedType>
                  </AuthenticationQuintuplet.Sequence>
                  <AuthenticationQuintuplet.Sequence>
                     <rand.BoxedType><Bytes>38232520ef4e94ea5e</Bytes></rand.BoxedType>
                     <xres.BoxedType><Bytes>37f628da6950</Bytes></xres.BoxedType>
                     <ck.BoxedType><Bytes>d000550dd7f45c762e</Bytes></ck.BoxedType>
                     <ik.BoxedType><Bytes>d54758a365e72d6a</Bytes></ik.BoxedType>
                     <autn.BoxedType><Bytes>3923cfc1378ec0de</Bytes></autn.BoxedType>
                  </AuthenticationQuintuplet.Sequence>
               </Collection>
            </quintupletList.C1.BoxedType>
         </authenticationSetList.Choice>
         <extensionContainer.Sequence>
            <privateExtensionList.C0.BoxedType>
               <Collection>
                  <PrivateExtension.Sequence>
                     <extId><ObjectIdentifier>0.1.261.31.72</ObjectIdentifier></extId>
                     <extType>e54b1055b85277</extType>
                  </PrivateExtension.Sequence>
                  <PrivateExtension.Sequence>
                     <extId><ObjectIdentifier>0.1.235.68.127.87</ObjectIdentifier></extId>
                     <extType>ac27e2b662c9d9a6</extType>
                  </PrivateExtension.Sequence>
                  <PrivateExtension.Sequence>
                     <extId><ObjectIdentifier>0.1.2100.20.45.73.17.12.17.19</ObjectIdentifier></extId>
                     <extType>6f935256bf</extType>
                  </PrivateExtension.Sequence>
               </Collection>
            </privateExtensionList.C0.BoxedType>
            <pcs_Extensions.C1.Sequence>
               
            </pcs_Extensions.C1.Sequence>
         </extensionContainer.Sequence>
         <eps_AuthenticationSetList.C2.BoxedType>
            <Collection>
               <EPC_AV.Sequence>
                  <rand.BoxedType><Bytes>edbfb42884503b1181</Bytes></rand.BoxedType>
                  <xres.BoxedType><Bytes>402cf285fc2b0818</Bytes></xres.BoxedType>
                  <autn.BoxedType><Bytes>0df89ac5647d</Bytes></autn.BoxedType>
                  <kasme.BoxedType><Bytes>3a3202a7bc3c27d1f3</Bytes></kasme.BoxedType>
                  <extensionContainer.Sequence>
                     <privateExtensionList.C0.BoxedType>
                        <Collection>
                           <PrivateExtension.Sequence>
                              <extId><ObjectIdentifier>0.1.2113.50.27.45.81.95</ObjectIdentifier></extId>
                              <extType>0f95ec086d</extType>
                           </PrivateExtension.Sequence>
                           <PrivateExtension.Sequence>
                              <extId><ObjectIdentifier>0.1.298.120.86</ObjectIdentifier></extId>
                              <extType>c9b118c6443675b2</extType>
                           </PrivateExtension.Sequence>
                           <PrivateExtension.Sequence>
                              <extId><ObjectIdentifier>0.1.285.71</ObjectIdentifier></extId>
                              <extType>6c6d843b183c</extType>
                           </PrivateExtension.Sequence>
                        </Collection>
                     </privateExtensionList.C0.BoxedType>
                     <pcs_Extensions.C1.Sequence>
                        
                     </pcs_Extensions.C1.Sequence>
                  </extensionContainer.Sequence>
               </EPC_AV.Sequence>
               <EPC_AV.Sequence>
                  <rand.BoxedType><Bytes>a0d8dc33eb3f8a37</Bytes></rand.BoxedType>
                  <xres.BoxedType><Bytes>bf61b4f227</Bytes></xres.BoxedType>
                  <autn.BoxedType><Bytes>d43a</Bytes></autn.BoxedType>
                  <kasme.BoxedType><Bytes>3eb6ebe608</Bytes></kasme.BoxedType>
                  <extensionContainer.Sequence>
                     <privateExtensionList.C0.BoxedType>
                        <Collection>
                           <PrivateExtension.Sequence>
                              <extId><ObjectIdentifier>0.1.286.97.27.7</ObjectIdentifier></extId>
                              <extType>357f90d40e327175efcd</extType>
                           </PrivateExtension.Sequence>
                           <PrivateExtension.Sequence>
                              <extId><ObjectIdentifier>0.1.2108.49.82</ObjectIdentifier></extId>
                              <extType>c5a4132cbce1d953ec</extType>
                           </PrivateExtension.Sequence>
                           <PrivateExtension.Sequence>
                              <extId><ObjectIdentifier>0.1.214.20.98.98.128.97.36</ObjectIdentifier></extId>
                              <extType>83b1dccd1d</extType>
                           </PrivateExtension.Sequence>
                        </Collection>
                     </privateExtensionList.C0.BoxedType>
                     <pcs_Extensions.C1.Sequence>
                        
                     </pcs_Extensions.C1.Sequence>
                  </extensionContainer.Sequence>
               </EPC_AV.Sequence>
               <EPC_AV.Sequence>
                  <rand.BoxedType><Bytes>07a6b3caf12c2b4a</Bytes></rand.BoxedType>
                  <xres.BoxedType><Bytes>226df39f</Bytes></xres.BoxedType>
                  <autn.BoxedType><Bytes>0bdc</Bytes></autn.BoxedType>
                  <kasme.BoxedType><Bytes>331b4f</Bytes></kasme.BoxedType>
                  <extensionContainer.Sequence>
                     <privateExtensionList.C0.BoxedType>
                        <Collection>
                           <PrivateExtension.Sequence>
                              <extId><ObjectIdentifier>0.1.2109.92</ObjectIdentifier></extId>
                              <extType>f74d679687d40950ec</extType>
                           </PrivateExtension.Sequence>
                           <PrivateExtension.Sequence>
                              <extId><ObjectIdentifier>0.1.213.66.114.82.126.7.18.78</ObjectIdentifier></extId>
                              <extType>7edc27a672ab1ca0</extType>
                           </PrivateExtension.Sequence>
                           <PrivateExtension.Sequence>
                              <extId><ObjectIdentifier>0.1.244</ObjectIdentifier></extId>
                              <extType>7aa226256b2a6d</extType>
                           </PrivateExtension.Sequence>
                        </Collection>
                     </privateExtensionList.C0.BoxedType>
                     <pcs_Extensions.C1.Sequence>
                        
                     </pcs_Extensions.C1.Sequence>
                  </extensionContainer.Sequence>
               </EPC_AV.Sequence>
            </Collection>
         </eps_AuthenticationSetList.C2.BoxedType>
      </SendAuthenticationInfoResSequenceType.C3.Sequence></SendAuthenticationInfoRes.BoxedType>
</ASN>