<?xml version="1.0" encoding="UTF-8"?>

<ASN layer="CAP">
   <SendIdentificationArg.Sequence>
      <tmsi.BoxedType><Bytes>1b82ebe1
            <field name="digits" value="1b82ebe1" type="Binary" length="4" />
         </Bytes></tmsi.BoxedType>
      <numberOfRequestedVectors.BoxedType><Integer>1</Integer></numberOfRequestedVectors.BoxedType>
      <segmentationProhibited></segmentationProhibited>
      <extensionContainer.Sequence>
         <privateExtensionList.C0.BoxedType>
            <Collection>
               <PrivateExtension.Sequence>
                  <extId><ObjectIdentifier>0.1.293.110.21.45.89.17</ObjectIdentifier></extId>
                  <extType>daabbceb87</extType>
               </PrivateExtension.Sequence>
               <PrivateExtension.Sequence>
                  <extId><ObjectIdentifier>0.1.223</ObjectIdentifier></extId>
                  <extType>8d336a6e</extType>
               </PrivateExtension.Sequence>
               <PrivateExtension.Sequence>
                  <extId><ObjectIdentifier>0.1.285</ObjectIdentifier></extId>
                  <extType>29</extType>
               </PrivateExtension.Sequence>
            </Collection>
         </privateExtensionList.C0.BoxedType>
         <pcs_Extensions.C1.Sequence>
            
         </pcs_Extensions.C1.Sequence>
      </extensionContainer.Sequence>
      <msc_Number.BoxedType><AddressString.BoxedType><Bytes>e538744070f9
               <field name="extension" value="no extension:1" type="EnumLong" lengthBit="1" />
               <field name="nature of address" value="abbreviated number:6" type="EnumLong" lengthBit="3" />
               <field name="numbering plan" value="spare:5" type="EnumLong" lengthBit="4" />
               <field name="digits" value="834704079" type="Number_BCD" lengthBit="36" />
            </Bytes></AddressString.BoxedType></msc_Number.BoxedType>
      <previous_LAI.C0.BoxedType><Bytes>111052ae26
            <field name="MMC" value="110,251" type="NumberMMC" length="3" />
            <field name="LAC" value="44582" type="Integer" length="2" />
         </Bytes></previous_LAI.C0.BoxedType>
      <hopCounter.C1.BoxedType><Integer>0</Integer></hopCounter.C1.BoxedType>
      <mtRoamingForwardingSupported.C2></mtRoamingForwardingSupported.C2>
      <newVLR_Number.C3.BoxedType><AddressString.BoxedType><Bytes>487136494403
               <field name="extension" value="extension:0" type="EnumLong" lengthBit="1" />
               <field name="nature of address" value="subscriber number:4" type="EnumLong" lengthBit="3" />
               <field name="numbering plan" value="national numbering plan:8" type="EnumLong" lengthBit="4" />
               <field name="digits" value="1763944430" type="Number_BCD" length="5" />
            </Bytes></AddressString.BoxedType></newVLR_Number.C3.BoxedType>
      <new_lmsi.C4.BoxedType><Bytes>2d
            <field name="digits" value="2d" type="Binary" length="1" />
         </Bytes></new_lmsi.C4.BoxedType>
   </SendIdentificationArg.Sequence>
</ASN>