<?xml version="1.0" encoding="UTF-8"?>

<ASN layer="CAP">
   <SendGroupCallEndSignalArg.Sequence>
      <imsi.BoxedType><TBCD_STRING.BoxedType><Bytes>86452697f6
               <field name="digits" value="685462796" type="Number_BCD" lengthBit="36" />
            </Bytes></TBCD_STRING.BoxedType></imsi.BoxedType>
      <extensionContainer.Sequence>
         <privateExtensionList.C0.BoxedType>
            <Collection>
               <PrivateExtension.Sequence>
                  <extId><ObjectIdentifier>0.1.220.101.39</ObjectIdentifier></extId>
                  <extType>22c2c3</extType>
               </PrivateExtension.Sequence>
               <PrivateExtension.Sequence>
                  <extId><ObjectIdentifier>0.1.2126.52</ObjectIdentifier></extId>
                  <extType>def6</extType>
               </PrivateExtension.Sequence>
               <PrivateExtension.Sequence>
                  <extId><ObjectIdentifier>0.1.296.85.69</ObjectIdentifier></extId>
                  <extType>71146c0d93af</extType>
               </PrivateExtension.Sequence>
            </Collection>
         </privateExtensionList.C0.BoxedType>
         <pcs_Extensions.C1.Sequence>
            
         </pcs_Extensions.C1.Sequence>
      </extensionContainer.Sequence>
      <talkerPriority.C0.Enum>
         <EnumType>privileged.1</EnumType>
      </talkerPriority.C0.Enum>
      <additionalInfo.C1.BoxedType><BitString><BitString value="37296cbdefd8e6f4af0fa155f65f3ed87abf28" trailing="0"/></BitString></additionalInfo.C1.BoxedType>
   </SendGroupCallEndSignalArg.Sequence>
</ASN>