<?xml version="1.0" encoding="UTF-8"?>

<ASN layer="CAP">
   <SendRoutingInfoForGprsRes.Sequence>
      <sgsn_Address.C0.BoxedType><Bytes>6d08870214
            <field name="Address type" value="IPV6:1" type="EnumLong" lengthBit="2" />
            <field name="AddressLength" value="45" type="Integer" lengthBit="6" />
            <field name="IPV4 address" value="8.135.2.20" type="IPV4Address" length="4" />
         </Bytes></sgsn_Address.C0.BoxedType>
      <ggsn_Address.C1.BoxedType><Bytes>a177d04084
            <field name="Address type" value="2" type="EnumLong" lengthBit="2" />
            <field name="AddressLength" value="33" type="Integer" lengthBit="6" />
            <field name="IPV4 address" value="119.208.64.132" type="IPV4Address" length="4" />
         </Bytes></ggsn_Address.C1.BoxedType>
      <mobileNotReachableReason.C2.BoxedType><Integer>IMSI detached:1</Integer></mobileNotReachableReason.C2.BoxedType>
      <extensionContainer.C3.Sequence>
         <privateExtensionList.C0.BoxedType>
            <Collection>
               <PrivateExtension.Sequence>
                  <extId><ObjectIdentifier>0.1.222.29.119.98.6.54.2</ObjectIdentifier></extId>
                  <extType>b4</extType>
               </PrivateExtension.Sequence>
               <PrivateExtension.Sequence>
                  <extId><ObjectIdentifier>0.1.2127.62.101</ObjectIdentifier></extId>
                  <extType>66a95af0d6ce</extType>
               </PrivateExtension.Sequence>
               <PrivateExtension.Sequence>
                  <extId><ObjectIdentifier>0.1.284.40.52.105.59.65.56.119.10</ObjectIdentifier></extId>
                  <extType>f3</extType>
               </PrivateExtension.Sequence>
            </Collection>
         </privateExtensionList.C0.BoxedType>
         <pcs_Extensions.C1.Sequence>
            
         </pcs_Extensions.C1.Sequence>
      </extensionContainer.C3.Sequence>
   </SendRoutingInfoForGprsRes.Sequence>
</ASN>