<?xml version="1.0" encoding="UTF-8"?>

<ASN layer="CAP">
   <SMS_CAMEL_TDP_Data.Sequence>
      <sms_TriggerDetectionPoint.C0.Enum>
         <EnumType>sms_CollectedInfo.1</EnumType>
      </sms_TriggerDetectionPoint.C0.Enum>
      <serviceKey.C1.BoxedType><Integer>1</Integer></serviceKey.C1.BoxedType>
      <gsmSCF_Address.C2.BoxedType><AddressString.BoxedType><Bytes>a651542315f7
               <field name="extension" value="no extension:1" type="EnumLong" lengthBit="1" />
               <field name="nature of address" value="national significant number:2" type="EnumLong" lengthBit="3" />
               <field name="numbering plan" value="land mobile numbering plan (ITU-T Rec E.212):6" type="EnumLong" lengthBit="4" />
               <field name="digits" value="154532517" type="Number_BCD" lengthBit="36" />
            </Bytes></AddressString.BoxedType></gsmSCF_Address.C2.BoxedType>
      <defaultSMS_Handling.C3.Enum>
         <EnumType>releaseTransaction.1</EnumType>
      </defaultSMS_Handling.C3.Enum>
      <extensionContainer.C4.Sequence>
         <privateExtensionList.C0.BoxedType>
            <Collection>
               <PrivateExtension.Sequence>
                  <extId><ObjectIdentifier>0.1.220.59.83</ObjectIdentifier></extId>
                  <extType>196d91e38c490d</extType>
               </PrivateExtension.Sequence>
               <PrivateExtension.Sequence>
                  <extId><ObjectIdentifier>0.1.22.46.37.28.45.111.98</ObjectIdentifier></extId>
                  <extType>743bae8c98f1d079</extType>
               </PrivateExtension.Sequence>
               <PrivateExtension.Sequence>
                  <extId><ObjectIdentifier>0.1.257.41.12.12.87.34</ObjectIdentifier></extId>
                  <extType>8289cffa65ed70e472</extType>
               </PrivateExtension.Sequence>
            </Collection>
         </privateExtensionList.C0.BoxedType>
         <pcs_Extensions.C1.Sequence>
            
         </pcs_Extensions.C1.Sequence>
      </extensionContainer.C4.Sequence>
   </SMS_CAMEL_TDP_Data.Sequence>
</ASN>