<?xml version="1.0" encoding="UTF-8"?>

<ASN layer="CAP">
   <SMSEventArray.BoxedType>
      <Collection>
         <SMSEvent.Sequence>
            <eventTypeSMS.C0.Enum>
               <EnumType>o_smsFailure.2</EnumType>
            </eventTypeSMS.C0.Enum>
            <monitorMode.C1.Enum>
               <EnumType>notifyAndContinue.1</EnumType>
            </monitorMode.C1.Enum>
         </SMSEvent.Sequence>
         <SMSEvent.Sequence>
            <eventTypeSMS.C0.Enum>
               <EnumType>o_smsSubmission.3</EnumType>
            </eventTypeSMS.C0.Enum>
            <monitorMode.C1.Enum>
               <EnumType>notifyAndContinue.1</EnumType>
            </monitorMode.C1.Enum>
         </SMSEvent.Sequence>
         <SMSEvent.Sequence>
            <eventTypeSMS.C0.Enum>
               <EnumType>sms_DeliveryRequested.11</EnumType>
            </eventTypeSMS.C0.Enum>
            <monitorMode.C1.Enum>
               <EnumType>notifyAndContinue.1</EnumType>
            </monitorMode.C1.Enum>
         </SMSEvent.Sequence>
      </Collection>
   </SMSEventArray.BoxedType>
</ASN>