<?xml version="1.0" encoding="UTF-8"?>

<ASN layer="CAP">
   <SpecificAPNInfo.Sequence>
      <apn.C0.BoxedType><Bytes>554771647830563347
            <field name="DNS string" value="UGqdx0V3G" type="String" lengthBit="36" />
         </Bytes></apn.C0.BoxedType>
      <pdn_gw_Identity.C1.Sequence>
         <pdn_gw_ipv4_Address.C0.BoxedType><Bytes>0bd4843c
               <field name="IPV4  address" value="11.212.132.60" type="IPV4Address" length="4" />
            </Bytes></pdn_gw_ipv4_Address.C0.BoxedType>
         <pdn_gw_ipv6_Address.C1.BoxedType><Bytes>e9e62c5d
               <field name="IPV4  address" value="233.230.44.93" type="IPV4Address" length="4" />
            </Bytes></pdn_gw_ipv6_Address.C1.BoxedType>
         <pdn_gw_name.C2.BoxedType><Bytes>6d005caea5f3e7f645</Bytes></pdn_gw_name.C2.BoxedType>
         <extensionContainer.C3.Sequence>
            <privateExtensionList.C0.BoxedType>
               <Collection>
                  <PrivateExtension.Sequence>
                     <extId><ObjectIdentifier>0.1.281.9.125.8.99.61.112.119.8</ObjectIdentifier></extId>
                     <extType>0cf8</extType>
                  </PrivateExtension.Sequence>
                  <PrivateExtension.Sequence>
                     <extId><ObjectIdentifier>0.1.23.24.127.76.79.92.109.56</ObjectIdentifier></extId>
                     <extType>bd31e43f55</extType>
                  </PrivateExtension.Sequence>
                  <PrivateExtension.Sequence>
                     <extId><ObjectIdentifier>0.1.215.8</ObjectIdentifier></extId>
                     <extType>41aae4e52faacfbea1</extType>
                  </PrivateExtension.Sequence>
               </Collection>
            </privateExtensionList.C0.BoxedType>
            <pcs_Extensions.C1.Sequence>
               
            </pcs_Extensions.C1.Sequence>
         </extensionContainer.C3.Sequence>
      </pdn_gw_Identity.C1.Sequence>
      <extensionContainer.C2.Sequence>
         <privateExtensionList.C0.BoxedType>
            <Collection>
               <PrivateExtension.Sequence>
                  <extId><ObjectIdentifier>0.1.24.37</ObjectIdentifier></extId>
                  <extType>c5b5cb21</extType>
               </PrivateExtension.Sequence>
               <PrivateExtension.Sequence>
                  <extId><ObjectIdentifier>0.1.283.117.38</ObjectIdentifier></extId>
                  <extType>5141955a58fae4</extType>
               </PrivateExtension.Sequence>
               <PrivateExtension.Sequence>
                  <extId><ObjectIdentifier>0.1.277.119.27.10.51.79.36.35</ObjectIdentifier></extId>
                  <extType>7c7764a3563cb8b9f0</extType>
               </PrivateExtension.Sequence>
            </Collection>
         </privateExtensionList.C0.BoxedType>
         <pcs_Extensions.C1.Sequence>
            
         </pcs_Extensions.C1.Sequence>
      </extensionContainer.C2.Sequence>
   </SpecificAPNInfo.Sequence>
</ASN>