<?xml version="1.0" encoding="UTF-8"?>

<ASN layer="CAP">
   <SS_InvocationNotificationRes.Sequence><extensionContainer.Sequence>
         <privateExtensionList.C0.BoxedType>
            <Collection>
               <PrivateExtension.Sequence>
                  <extId><ObjectIdentifier>0.1.257.26.30.120.40</ObjectIdentifier></extId>
                  <extType>52e2</extType>
               </PrivateExtension.Sequence>
               <PrivateExtension.Sequence>
                  <extId><ObjectIdentifier>0.1.283.63.57.2.111</ObjectIdentifier></extId>
                  <extType>47740e</extType>
               </PrivateExtension.Sequence>
               <PrivateExtension.Sequence>
                  <extId><ObjectIdentifier>0.1.272.14</ObjectIdentifier></extId>
                  <extType>9d</extType>
               </PrivateExtension.Sequence>
            </Collection>
         </privateExtensionList.C0.BoxedType>
         <pcs_Extensions.C1.Sequence>
            
         </pcs_Extensions.C1.Sequence>
      </extensionContainer.Sequence></SS_InvocationNotificationRes.Sequence>
</ASN>