<?xml version="1.0" encoding="UTF-8"?>

<ASN layer="CAP">
   <SS_InvocationNotificationArg.Sequence>
      <imsi.C0.BoxedType><TBCD_STRING.BoxedType><Bytes>52940730f9
               <field name="digits" value="254970039" type="Number_BCD" lengthBit="36" />
            </Bytes></TBCD_STRING.BoxedType></imsi.C0.BoxedType>
      <msisdn.C1.BoxedType><AddressString.BoxedType><Bytes>809100102365
               <field name="extension" value="no extension:1" type="EnumLong" lengthBit="1" />
               <field name="nature of address" value="unknown:0" type="EnumLong" lengthBit="3" />
               <field name="numbering plan" value="unknown:0" type="EnumLong" lengthBit="4" />
               <field name="digits" value="1900013256" type="Number_BCD" length="5" />
            </Bytes></AddressString.BoxedType></msisdn.C1.BoxedType>
      <ss_Event.C2.BoxedType><Bytes>025dd4f689</Bytes></ss_Event.C2.BoxedType>
      <ss_EventSpecification.C3.BoxedType>
         <Collection>
            <AddressString.BoxedType><Bytes>5b2121583362
                  <field name="extension" value="extension:0" type="EnumLong" lengthBit="1" />
                  <field name="nature of address" value="reserved:5" type="EnumLong" lengthBit="3" />
                  <field name="numbering plan" value="11" type="EnumLong" lengthBit="4" />
                  <field name="digits" value="1212853326" type="Number_BCD" length="5" />
               </Bytes></AddressString.BoxedType>
            <AddressString.BoxedType><Bytes>c45105538314
                  <field name="extension" value="no extension:1" type="EnumLong" lengthBit="1" />
                  <field name="nature of address" value="subscriber number:4" type="EnumLong" lengthBit="3" />
                  <field name="numbering plan" value="telex numbering plan (ITU-T Rec F.69):4" type="EnumLong" lengthBit="4" />
                  <field name="digits" value="1550353841" type="Number_BCD" length="5" />
               </Bytes></AddressString.BoxedType>
            <AddressString.BoxedType><Bytes>eb73767604f2
                  <field name="extension" value="no extension:1" type="EnumLong" lengthBit="1" />
                  <field name="nature of address" value="abbreviated number:6" type="EnumLong" lengthBit="3" />
                  <field name="numbering plan" value="11" type="EnumLong" lengthBit="4" />
                  <field name="digits" value="376767402" type="Number_BCD" lengthBit="36" />
               </Bytes></AddressString.BoxedType>
         </Collection>
      </ss_EventSpecification.C3.BoxedType>
      <extensionContainer.C4.Sequence>
         <privateExtensionList.C0.BoxedType>
            <Collection>
               <PrivateExtension.Sequence>
                  <extId><ObjectIdentifier>0.1.2113</ObjectIdentifier></extId>
                  <extType>5a8eadf1b176cf</extType>
               </PrivateExtension.Sequence>
               <PrivateExtension.Sequence>
                  <extId><ObjectIdentifier>0.1.230.21</ObjectIdentifier></extId>
                  <extType>0b10bb3c</extType>
               </PrivateExtension.Sequence>
               <PrivateExtension.Sequence>
                  <extId><ObjectIdentifier>0.1.234.77.112.65</ObjectIdentifier></extId>
                  <extType>1ba2ff9ca06751</extType>
               </PrivateExtension.Sequence>
            </Collection>
         </privateExtensionList.C0.BoxedType>
         <pcs_Extensions.C1.Sequence>
            
         </pcs_Extensions.C1.Sequence>
      </extensionContainer.C4.Sequence>
      <b_subscriberNumber.C5.BoxedType><AddressString.BoxedType><Bytes>761270929912
               <field name="extension" value="extension:0" type="EnumLong" lengthBit="1" />
               <field name="nature of address" value="reserved for extension:7" type="EnumLong" lengthBit="3" />
               <field name="numbering plan" value="land mobile numbering plan (ITU-T Rec E.212):6" type="EnumLong" lengthBit="4" />
               <field name="digits" value="2107299921" type="Number_BCD" length="5" />
            </Bytes></AddressString.BoxedType></b_subscriberNumber.C5.BoxedType>
      <ccbs_RequestState.C6.Enum>
         <EnumType>completed.3</EnumType>
      </ccbs_RequestState.C6.Enum>
   </SS_InvocationNotificationArg.Sequence>
</ASN>