<?xml version="1.0" encoding="UTF-8"?>

<ASN layer="CAP">
   <SS_IncompatibilityCause.Sequence>
      <ss_Code.C1.BoxedType><Bytes>207f5b485754</Bytes></ss_Code.C1.BoxedType>
      <basicService.Choice>
         <bearerService.C2.BoxedType><Bytes>1eaa61</Bytes></bearerService.C2.BoxedType>
         <teleservice.C3.BoxedType><Bytes>a40972541e9ed40c</Bytes></teleservice.C3.BoxedType>
      </basicService.Choice>
      <ss_Status.C4.BoxedType><Bytes>8024e97dd0ed7d8ec6</Bytes></ss_Status.C4.BoxedType>
   </SS_IncompatibilityCause.Sequence>
</ASN>