<?xml version="1.0" encoding="UTF-8"?>

<ASN layer="CAP">
   <SS_InfoList.BoxedType>
      <Collection>
         <SS_Info.Choice>
            <forwardingInfo.C0.Sequence>
               <ss_Code.BoxedType><Bytes>8c3d6abab6a1</Bytes></ss_Code.BoxedType>
               <forwardingFeatureList.BoxedType>
                  <Collection>
                     <ForwardingFeature.Sequence>
                        <basicService.Choice>
                           <bearerService.C2.BoxedType><Bytes>7a970aedc340</Bytes></bearerService.C2.BoxedType>
                           <teleservice.C3.BoxedType><Bytes>93</Bytes></teleservice.C3.BoxedType>
                        </basicService.Choice>
                        <ss_Status.C4.BoxedType><Bytes>b687cd7961c5f250bb</Bytes></ss_Status.C4.BoxedType>
                        <forwardedToNumber.C5.BoxedType><AddressString.BoxedType><Bytes>0655841046f0
                                 <field name="extension" value="extension:0" type="EnumLong" lengthBit="1" />
                                 <field name="nature of address" value="unknown:0" type="EnumLong" lengthBit="3" />
                                 <field name="numbering plan" value="land mobile numbering plan (ITU-T Rec E.212):6" type="EnumLong" lengthBit="4" />
                                 <field name="digits" value="554801640" type="Number_BCD" lengthBit="36" />
                              </Bytes></AddressString.BoxedType></forwardedToNumber.C5.BoxedType>
                        <forwardedToSubaddress.C8.BoxedType><Bytes>66eaa9116b626180</Bytes></forwardedToSubaddress.C8.BoxedType>
                        <forwardingOptions.C6.BoxedType><Bytes>a04f838c75</Bytes></forwardingOptions.C6.BoxedType>
                        <noReplyConditionTime.C7.BoxedType><Integer>0</Integer></noReplyConditionTime.C7.BoxedType>
                        <longForwardedToNumber.C9.BoxedType><AddressString.BoxedType><Bytes>df6182155405
                                 <field name="extension" value="no extension:1" type="EnumLong" lengthBit="1" />
                                 <field name="nature of address" value="reserved:5" type="EnumLong" lengthBit="3" />
                                 <field name="numbering plan" value="reserved for extension:15" type="EnumLong" lengthBit="4" />
                                 <field name="digits" value="1628514550" type="Number_BCD" length="5" />
                              </Bytes></AddressString.BoxedType></longForwardedToNumber.C9.BoxedType>
                     </ForwardingFeature.Sequence>
                     <ForwardingFeature.Sequence>
                        <basicService.Choice>
                           <bearerService.C2.BoxedType><Bytes>ff7c13ea4b54635fdf</Bytes></bearerService.C2.BoxedType>
                           <teleservice.C3.BoxedType><Bytes>7a5b3c3c24</Bytes></teleservice.C3.BoxedType>
                        </basicService.Choice>
                        <ss_Status.C4.BoxedType><Bytes>d89c04e3</Bytes></ss_Status.C4.BoxedType>
                        <forwardedToNumber.C5.BoxedType><AddressString.BoxedType><Bytes>240225772439
                                 <field name="extension" value="extension:0" type="EnumLong" lengthBit="1" />
                                 <field name="nature of address" value="national significant number:2" type="EnumLong" lengthBit="3" />
                                 <field name="numbering plan" value="telex numbering plan (ITU-T Rec F.69):4" type="EnumLong" lengthBit="4" />
                                 <field name="digits" value="2052774293" type="Number_BCD" length="5" />
                              </Bytes></AddressString.BoxedType></forwardedToNumber.C5.BoxedType>
                        <forwardedToSubaddress.C8.BoxedType><Bytes>9a98</Bytes></forwardedToSubaddress.C8.BoxedType>
                        <forwardingOptions.C6.BoxedType><Bytes>f0ccde</Bytes></forwardingOptions.C6.BoxedType>
                        <noReplyConditionTime.C7.BoxedType><Integer>1</Integer></noReplyConditionTime.C7.BoxedType>
                        <longForwardedToNumber.C9.BoxedType><AddressString.BoxedType><Bytes>a51185486513
                                 <field name="extension" value="no extension:1" type="EnumLong" lengthBit="1" />
                                 <field name="nature of address" value="national significant number:2" type="EnumLong" lengthBit="3" />
                                 <field name="numbering plan" value="spare:5" type="EnumLong" lengthBit="4" />
                                 <field name="digits" value="1158845631" type="Number_BCD" length="5" />
                              </Bytes></AddressString.BoxedType></longForwardedToNumber.C9.BoxedType>
                     </ForwardingFeature.Sequence>
                     <ForwardingFeature.Sequence>
                        <basicService.Choice>
                           <bearerService.C2.BoxedType><Bytes>5568b043280eb0</Bytes></bearerService.C2.BoxedType>
                           <teleservice.C3.BoxedType><Bytes>8b56f582d6ce4271ed41</Bytes></teleservice.C3.BoxedType>
                        </basicService.Choice>
                        <ss_Status.C4.BoxedType><Bytes>f371</Bytes></ss_Status.C4.BoxedType>
                        <forwardedToNumber.C5.BoxedType><AddressString.BoxedType><Bytes>799131509390
                                 <field name="extension" value="extension:0" type="EnumLong" lengthBit="1" />
                                 <field name="nature of address" value="reserved for extension:7" type="EnumLong" lengthBit="3" />
                                 <field name="numbering plan" value="private numbering plan:9" type="EnumLong" lengthBit="4" />
                                 <field name="digits" value="1913053909" type="Number_BCD" length="5" />
                              </Bytes></AddressString.BoxedType></forwardedToNumber.C5.BoxedType>
                        <forwardedToSubaddress.C8.BoxedType><Bytes>ac18</Bytes></forwardedToSubaddress.C8.BoxedType>
                        <forwardingOptions.C6.BoxedType><Bytes>7a19488f5f315d</Bytes></forwardingOptions.C6.BoxedType>
                        <noReplyConditionTime.C7.BoxedType><Integer>0</Integer></noReplyConditionTime.C7.BoxedType>
                        <longForwardedToNumber.C9.BoxedType><AddressString.BoxedType><Bytes>080238587722
                                 <field name="extension" value="extension:0" type="EnumLong" lengthBit="1" />
                                 <field name="nature of address" value="unknown:0" type="EnumLong" lengthBit="3" />
                                 <field name="numbering plan" value="national numbering plan:8" type="EnumLong" lengthBit="4" />
                                 <field name="digits" value="2083857722" type="Number_BCD" length="5" />
                              </Bytes></AddressString.BoxedType></longForwardedToNumber.C9.BoxedType>
                     </ForwardingFeature.Sequence>
                  </Collection>
               </forwardingFeatureList.BoxedType>
            </forwardingInfo.C0.Sequence>
            <callBarringInfo.C1.Sequence>
               <ss_Code.BoxedType><Bytes>b5fee14cd241d31e</Bytes></ss_Code.BoxedType>
               <callBarringFeatureList.BoxedType>
                  <Collection>
                     <CallBarringFeature.Sequence>
                        <basicService.Choice>
                           <bearerService.C2.BoxedType><Bytes>3d8ecc2c</Bytes></bearerService.C2.BoxedType>
                           <teleservice.C3.BoxedType><Bytes>2908</Bytes></teleservice.C3.BoxedType>
                        </basicService.Choice>
                        <ss_Status.C4.BoxedType><Bytes>e7d13d45d27dc4</Bytes></ss_Status.C4.BoxedType>
                     </CallBarringFeature.Sequence>
                     <CallBarringFeature.Sequence>
                        <basicService.Choice>
                           <bearerService.C2.BoxedType><Bytes>b7181006b9</Bytes></bearerService.C2.BoxedType>
                           <teleservice.C3.BoxedType><Bytes>15c3e5a071</Bytes></teleservice.C3.BoxedType>
                        </basicService.Choice>
                        <ss_Status.C4.BoxedType><Bytes>1c91b12e5bb05a</Bytes></ss_Status.C4.BoxedType>
                     </CallBarringFeature.Sequence>
                     <CallBarringFeature.Sequence>
                        <basicService.Choice>
                           <bearerService.C2.BoxedType><Bytes>10f13c441cfb10</Bytes></bearerService.C2.BoxedType>
                           <teleservice.C3.BoxedType><Bytes>341253556d5479</Bytes></teleservice.C3.BoxedType>
                        </basicService.Choice>
                        <ss_Status.C4.BoxedType><Bytes>51de</Bytes></ss_Status.C4.BoxedType>
                     </CallBarringFeature.Sequence>
                  </Collection>
               </callBarringFeatureList.BoxedType>
            </callBarringInfo.C1.Sequence>
            <ss_Data.C3.Sequence>
               <ss_Code.BoxedType><Bytes>8cefb5bacc</Bytes></ss_Code.BoxedType>
               <ss_Status.C4.BoxedType><Bytes>fd19696fd46d</Bytes></ss_Status.C4.BoxedType>
               <ss_SubscriptionOption.Choice>
                  <cliRestrictionOption.C2.Enum>
                     <EnumType>permanent.0</EnumType>
                  </cliRestrictionOption.C2.Enum>
                  <overrideCategory.C1.Enum>
                     <EnumType>overrideEnabled.0</EnumType>
                  </overrideCategory.C1.Enum>
               </ss_SubscriptionOption.Choice>
               <basicServiceGroupList.BoxedType>
                  <Collection>
                     <BasicServiceCode.Choice>
                        <bearerService.C2.BoxedType><Bytes>b4682bbe9d9bc8039b01</Bytes></bearerService.C2.BoxedType>
                        <teleservice.C3.BoxedType><Bytes>28be</Bytes></teleservice.C3.BoxedType>
                     </BasicServiceCode.Choice>
                     <BasicServiceCode.Choice>
                        <bearerService.C2.BoxedType><Bytes>cdd0df226d42343d</Bytes></bearerService.C2.BoxedType>
                        <teleservice.C3.BoxedType><Bytes>0af28d07244e34a8</Bytes></teleservice.C3.BoxedType>
                     </BasicServiceCode.Choice>
                     <BasicServiceCode.Choice>
                        <bearerService.C2.BoxedType><Bytes>1c9e39fa06a42517b905</Bytes></bearerService.C2.BoxedType>
                        <teleservice.C3.BoxedType><Bytes>c6ca91d968f32c68</Bytes></teleservice.C3.BoxedType>
                     </BasicServiceCode.Choice>
                  </Collection>
               </basicServiceGroupList.BoxedType>
               <defaultPriority.BoxedType><Integer>2</Integer></defaultPriority.BoxedType>
               <nbrUser.C5.BoxedType><Integer>2</Integer></nbrUser.C5.BoxedType>
            </ss_Data.C3.Sequence>
         </SS_Info.Choice>
         <SS_Info.Choice>
            <forwardingInfo.C0.Sequence>
               <ss_Code.BoxedType><Bytes>b6e5af</Bytes></ss_Code.BoxedType>
               <forwardingFeatureList.BoxedType>
                  <Collection>
                     <ForwardingFeature.Sequence>
                        <basicService.Choice>
                           <bearerService.C2.BoxedType><Bytes>212f48</Bytes></bearerService.C2.BoxedType>
                           <teleservice.C3.BoxedType><Bytes>af06ebf3ef42380da9d7</Bytes></teleservice.C3.BoxedType>
                        </basicService.Choice>
                        <ss_Status.C4.BoxedType><Bytes>77a7e0</Bytes></ss_Status.C4.BoxedType>
                        <forwardedToNumber.C5.BoxedType><AddressString.BoxedType><Bytes>8c4183621434
                                 <field name="extension" value="no extension:1" type="EnumLong" lengthBit="1" />
                                 <field name="nature of address" value="unknown:0" type="EnumLong" lengthBit="3" />
                                 <field name="numbering plan" value="12" type="EnumLong" lengthBit="4" />
                                 <field name="digits" value="1438264143" type="Number_BCD" length="5" />
                              </Bytes></AddressString.BoxedType></forwardedToNumber.C5.BoxedType>
                        <forwardedToSubaddress.C8.BoxedType><Bytes>d8fa5c</Bytes></forwardedToSubaddress.C8.BoxedType>
                        <forwardingOptions.C6.BoxedType><Bytes>b4d4930904ab</Bytes></forwardingOptions.C6.BoxedType>
                        <noReplyConditionTime.C7.BoxedType><Integer>1</Integer></noReplyConditionTime.C7.BoxedType>
                        <longForwardedToNumber.C9.BoxedType><AddressString.BoxedType><Bytes>c511299774f0
                                 <field name="extension" value="no extension:1" type="EnumLong" lengthBit="1" />
                                 <field name="nature of address" value="subscriber number:4" type="EnumLong" lengthBit="3" />
                                 <field name="numbering plan" value="spare:5" type="EnumLong" lengthBit="4" />
                                 <field name="digits" value="119279470" type="Number_BCD" lengthBit="36" />
                              </Bytes></AddressString.BoxedType></longForwardedToNumber.C9.BoxedType>
                     </ForwardingFeature.Sequence>
                     <ForwardingFeature.Sequence>
                        <basicService.Choice>
                           <bearerService.C2.BoxedType><Bytes>3da213187cedaa9ba6</Bytes></bearerService.C2.BoxedType>
                           <teleservice.C3.BoxedType><Bytes>1046aff4bdd5</Bytes></teleservice.C3.BoxedType>
                        </basicService.Choice>
                        <ss_Status.C4.BoxedType><Bytes>b53f9d6fd0</Bytes></ss_Status.C4.BoxedType>
                        <forwardedToNumber.C5.BoxedType><AddressString.BoxedType><Bytes>b30231061524
                                 <field name="extension" value="no extension:1" type="EnumLong" lengthBit="1" />
                                 <field name="nature of address" value="network specific number:3" type="EnumLong" lengthBit="3" />
                                 <field name="numbering plan" value="data numbering plan (ITU-T Rec X.121):3" type="EnumLong" lengthBit="4" />
                                 <field name="digits" value="2013605142" type="Number_BCD" length="5" />
                              </Bytes></AddressString.BoxedType></forwardedToNumber.C5.BoxedType>
                        <forwardedToSubaddress.C8.BoxedType><Bytes>5dec</Bytes></forwardedToSubaddress.C8.BoxedType>
                        <forwardingOptions.C6.BoxedType><Bytes>5fb1b6d07048</Bytes></forwardingOptions.C6.BoxedType>
                        <noReplyConditionTime.C7.BoxedType><Integer>1</Integer></noReplyConditionTime.C7.BoxedType>
                        <longForwardedToNumber.C9.BoxedType><AddressString.BoxedType><Bytes>e16144474862
                                 <field name="extension" value="no extension:1" type="EnumLong" lengthBit="1" />
                                 <field name="nature of address" value="abbreviated number:6" type="EnumLong" lengthBit="3" />
                                 <field name="numbering plan" value="ISDN/Telephony Numbering Plan (Rec ITU-T E.164):1" type="EnumLong" lengthBit="4" />
                                 <field name="digits" value="1644748426" type="Number_BCD" length="5" />
                              </Bytes></AddressString.BoxedType></longForwardedToNumber.C9.BoxedType>
                     </ForwardingFeature.Sequence>
                     <ForwardingFeature.Sequence>
                        <basicService.Choice>
                           <bearerService.C2.BoxedType><Bytes>16d1</Bytes></bearerService.C2.BoxedType>
                           <teleservice.C3.BoxedType><Bytes>de78acd4db</Bytes></teleservice.C3.BoxedType>
                        </basicService.Choice>
                        <ss_Status.C4.BoxedType><Bytes>cd83</Bytes></ss_Status.C4.BoxedType>
                        <forwardedToNumber.C5.BoxedType><AddressString.BoxedType><Bytes>833105146806
                                 <field name="extension" value="no extension:1" type="EnumLong" lengthBit="1" />
                                 <field name="nature of address" value="unknown:0" type="EnumLong" lengthBit="3" />
                                 <field name="numbering plan" value="data numbering plan (ITU-T Rec X.121):3" type="EnumLong" lengthBit="4" />
                                 <field name="digits" value="1350418660" type="Number_BCD" length="5" />
                              </Bytes></AddressString.BoxedType></forwardedToNumber.C5.BoxedType>
                        <forwardedToSubaddress.C8.BoxedType><Bytes>ee8742dbf3248a81</Bytes></forwardedToSubaddress.C8.BoxedType>
                        <forwardingOptions.C6.BoxedType><Bytes>67c4bce0de</Bytes></forwardingOptions.C6.BoxedType>
                        <noReplyConditionTime.C7.BoxedType><Integer>2</Integer></noReplyConditionTime.C7.BoxedType>
                        <longForwardedToNumber.C9.BoxedType><AddressString.BoxedType><Bytes>ad4128981084
                                 <field name="extension" value="no extension:1" type="EnumLong" lengthBit="1" />
                                 <field name="nature of address" value="national significant number:2" type="EnumLong" lengthBit="3" />
                                 <field name="numbering plan" value="13" type="EnumLong" lengthBit="4" />
                                 <field name="digits" value="1482890148" type="Number_BCD" length="5" />
                              </Bytes></AddressString.BoxedType></longForwardedToNumber.C9.BoxedType>
                     </ForwardingFeature.Sequence>
                  </Collection>
               </forwardingFeatureList.BoxedType>
            </forwardingInfo.C0.Sequence>
            <callBarringInfo.C1.Sequence>
               <ss_Code.BoxedType><Bytes>143b</Bytes></ss_Code.BoxedType>
               <callBarringFeatureList.BoxedType>
                  <Collection>
                     <CallBarringFeature.Sequence>
                        <basicService.Choice>
                           <bearerService.C2.BoxedType><Bytes>b9e88811ab6087a252</Bytes></bearerService.C2.BoxedType>
                           <teleservice.C3.BoxedType><Bytes>49c13298b023</Bytes></teleservice.C3.BoxedType>
                        </basicService.Choice>
                        <ss_Status.C4.BoxedType><Bytes>36bf</Bytes></ss_Status.C4.BoxedType>
                     </CallBarringFeature.Sequence>
                     <CallBarringFeature.Sequence>
                        <basicService.Choice>
                           <bearerService.C2.BoxedType><Bytes>ace6dcb198244c</Bytes></bearerService.C2.BoxedType>
                           <teleservice.C3.BoxedType><Bytes>db4a11f3b5</Bytes></teleservice.C3.BoxedType>
                        </basicService.Choice>
                        <ss_Status.C4.BoxedType><Bytes>2d7f</Bytes></ss_Status.C4.BoxedType>
                     </CallBarringFeature.Sequence>
                     <CallBarringFeature.Sequence>
                        <basicService.Choice>
                           <bearerService.C2.BoxedType><Bytes>b82d89e09d</Bytes></bearerService.C2.BoxedType>
                           <teleservice.C3.BoxedType><Bytes>276eb271fb82c739</Bytes></teleservice.C3.BoxedType>
                        </basicService.Choice>
                        <ss_Status.C4.BoxedType><Bytes>9a16e70f725c4ec1</Bytes></ss_Status.C4.BoxedType>
                     </CallBarringFeature.Sequence>
                  </Collection>
               </callBarringFeatureList.BoxedType>
            </callBarringInfo.C1.Sequence>
            <ss_Data.C3.Sequence>
               <ss_Code.BoxedType><Bytes>b8c8</Bytes></ss_Code.BoxedType>
               <ss_Status.C4.BoxedType><Bytes>e3e76a815608e20e</Bytes></ss_Status.C4.BoxedType>
               <ss_SubscriptionOption.Choice>
                  <cliRestrictionOption.C2.Enum>
                     <EnumType>permanent.0</EnumType>
                  </cliRestrictionOption.C2.Enum>
                  <overrideCategory.C1.Enum>
                     <EnumType>overrideDisabled.1</EnumType>
                  </overrideCategory.C1.Enum>
               </ss_SubscriptionOption.Choice>
               <basicServiceGroupList.BoxedType>
                  <Collection>
                     <BasicServiceCode.Choice>
                        <bearerService.C2.BoxedType><Bytes>960d496d3c</Bytes></bearerService.C2.BoxedType>
                        <teleservice.C3.BoxedType><Bytes>20be</Bytes></teleservice.C3.BoxedType>
                     </BasicServiceCode.Choice>
                     <BasicServiceCode.Choice>
                        <bearerService.C2.BoxedType><Bytes>32e8d0abc0</Bytes></bearerService.C2.BoxedType>
                        <teleservice.C3.BoxedType><Bytes>b659711540ac30</Bytes></teleservice.C3.BoxedType>
                     </BasicServiceCode.Choice>
                     <BasicServiceCode.Choice>
                        <bearerService.C2.BoxedType><Bytes>0f8ad93fac8f2f</Bytes></bearerService.C2.BoxedType>
                        <teleservice.C3.BoxedType><Bytes>78a8b763a92f55cabe</Bytes></teleservice.C3.BoxedType>
                     </BasicServiceCode.Choice>
                  </Collection>
               </basicServiceGroupList.BoxedType>
               <defaultPriority.BoxedType><Integer>0</Integer></defaultPriority.BoxedType>
               <nbrUser.C5.BoxedType><Integer>1</Integer></nbrUser.C5.BoxedType>
            </ss_Data.C3.Sequence>
         </SS_Info.Choice>
         <SS_Info.Choice>
            <forwardingInfo.C0.Sequence>
               <ss_Code.BoxedType><Bytes>a590</Bytes></ss_Code.BoxedType>
               <forwardingFeatureList.BoxedType>
                  <Collection>
                     <ForwardingFeature.Sequence>
                        <basicService.Choice>
                           <bearerService.C2.BoxedType><Bytes>018d93f992</Bytes></bearerService.C2.BoxedType>
                           <teleservice.C3.BoxedType><Bytes>ea46</Bytes></teleservice.C3.BoxedType>
                        </basicService.Choice>
                        <ss_Status.C4.BoxedType><Bytes>e2924b23241e497d1f</Bytes></ss_Status.C4.BoxedType>
                        <forwardedToNumber.C5.BoxedType><AddressString.BoxedType><Bytes>716141881654
                                 <field name="extension" value="extension:0" type="EnumLong" lengthBit="1" />
                                 <field name="nature of address" value="reserved for extension:7" type="EnumLong" lengthBit="3" />
                                 <field name="numbering plan" value="ISDN/Telephony Numbering Plan (Rec ITU-T E.164):1" type="EnumLong" lengthBit="4" />
                                 <field name="digits" value="1614886145" type="Number_BCD" length="5" />
                              </Bytes></AddressString.BoxedType></forwardedToNumber.C5.BoxedType>
                        <forwardedToSubaddress.C8.BoxedType><Bytes>d6808db4143a8308</Bytes></forwardedToSubaddress.C8.BoxedType>
                        <forwardingOptions.C6.BoxedType><Bytes>1eb17b4b</Bytes></forwardingOptions.C6.BoxedType>
                        <noReplyConditionTime.C7.BoxedType><Integer>1</Integer></noReplyConditionTime.C7.BoxedType>
                        <longForwardedToNumber.C9.BoxedType><AddressString.BoxedType><Bytes>6b12700320f1
                                 <field name="extension" value="extension:0" type="EnumLong" lengthBit="1" />
                                 <field name="nature of address" value="abbreviated number:6" type="EnumLong" lengthBit="3" />
                                 <field name="numbering plan" value="11" type="EnumLong" lengthBit="4" />
                                 <field name="digits" value="210730021" type="Number_BCD" lengthBit="36" />
                              </Bytes></AddressString.BoxedType></longForwardedToNumber.C9.BoxedType>
                     </ForwardingFeature.Sequence>
                     <ForwardingFeature.Sequence>
                        <basicService.Choice>
                           <bearerService.C2.BoxedType><Bytes>1bca</Bytes></bearerService.C2.BoxedType>
                           <teleservice.C3.BoxedType><Bytes>2b8beecb90aaaf</Bytes></teleservice.C3.BoxedType>
                        </basicService.Choice>
                        <ss_Status.C4.BoxedType><Bytes>133921</Bytes></ss_Status.C4.BoxedType>
                        <forwardedToNumber.C5.BoxedType><AddressString.BoxedType><Bytes>0414774649f7
                                 <field name="extension" value="extension:0" type="EnumLong" lengthBit="1" />
                                 <field name="nature of address" value="unknown:0" type="EnumLong" lengthBit="3" />
                                 <field name="numbering plan" value="telex numbering plan (ITU-T Rec F.69):4" type="EnumLong" lengthBit="4" />
                                 <field name="digits" value="417764947" type="Number_BCD" lengthBit="36" />
                              </Bytes></AddressString.BoxedType></forwardedToNumber.C5.BoxedType>
                        <forwardedToSubaddress.C8.BoxedType><Bytes>fbc60cacf746c09c02</Bytes></forwardedToSubaddress.C8.BoxedType>
                        <forwardingOptions.C6.BoxedType><Bytes>3b0e3f0b1bd0</Bytes></forwardingOptions.C6.BoxedType>
                        <noReplyConditionTime.C7.BoxedType><Integer>0</Integer></noReplyConditionTime.C7.BoxedType>
                        <longForwardedToNumber.C9.BoxedType><AddressString.BoxedType><Bytes>2f94624631f5
                                 <field name="extension" value="extension:0" type="EnumLong" lengthBit="1" />
                                 <field name="nature of address" value="national significant number:2" type="EnumLong" lengthBit="3" />
                                 <field name="numbering plan" value="reserved for extension:15" type="EnumLong" lengthBit="4" />
                                 <field name="digits" value="492664135" type="Number_BCD" lengthBit="36" />
                              </Bytes></AddressString.BoxedType></longForwardedToNumber.C9.BoxedType>
                     </ForwardingFeature.Sequence>
                     <ForwardingFeature.Sequence>
                        <basicService.Choice>
                           <bearerService.C2.BoxedType><Bytes>02d9c1f8fa2c</Bytes></bearerService.C2.BoxedType>
                           <teleservice.C3.BoxedType><Bytes>fd00</Bytes></teleservice.C3.BoxedType>
                        </basicService.Choice>
                        <ss_Status.C4.BoxedType><Bytes>81e4c042b214e66295</Bytes></ss_Status.C4.BoxedType>
                        <forwardedToNumber.C5.BoxedType><AddressString.BoxedType><Bytes>ea66019619
                                 <field name="extension" value="no extension:1" type="EnumLong" lengthBit="1" />
                                 <field name="nature of address" value="abbreviated number:6" type="EnumLong" lengthBit="3" />
                                 <field name="numbering plan" value="10" type="EnumLong" lengthBit="4" />
                                 <field name="digits" value="66106991" type="Number_BCD" length="4" />
                              </Bytes></AddressString.BoxedType></forwardedToNumber.C5.BoxedType>
                        <forwardedToSubaddress.C8.BoxedType><Bytes>0b5d20462e2546480053</Bytes></forwardedToSubaddress.C8.BoxedType>
                        <forwardingOptions.C6.BoxedType><Bytes>aceb0a325a</Bytes></forwardingOptions.C6.BoxedType>
                        <noReplyConditionTime.C7.BoxedType><Integer>1</Integer></noReplyConditionTime.C7.BoxedType>
                        <longForwardedToNumber.C9.BoxedType><AddressString.BoxedType><Bytes>d90155050705
                                 <field name="extension" value="no extension:1" type="EnumLong" lengthBit="1" />
                                 <field name="nature of address" value="reserved:5" type="EnumLong" lengthBit="3" />
                                 <field name="numbering plan" value="private numbering plan:9" type="EnumLong" lengthBit="4" />
                                 <field name="digits" value="1055507050" type="Number_BCD" length="5" />
                              </Bytes></AddressString.BoxedType></longForwardedToNumber.C9.BoxedType>
                     </ForwardingFeature.Sequence>
                  </Collection>
               </forwardingFeatureList.BoxedType>
            </forwardingInfo.C0.Sequence>
            <callBarringInfo.C1.Sequence>
               <ss_Code.BoxedType><Bytes>6245f4af19</Bytes></ss_Code.BoxedType>
               <callBarringFeatureList.BoxedType>
                  <Collection>
                     <CallBarringFeature.Sequence>
                        <basicService.Choice>
                           <bearerService.C2.BoxedType><Bytes>4e9a0420528c</Bytes></bearerService.C2.BoxedType>
                           <teleservice.C3.BoxedType><Bytes>ab7e67a5bc8aee</Bytes></teleservice.C3.BoxedType>
                        </basicService.Choice>
                        <ss_Status.C4.BoxedType><Bytes>ea241692b610</Bytes></ss_Status.C4.BoxedType>
                     </CallBarringFeature.Sequence>
                     <CallBarringFeature.Sequence>
                        <basicService.Choice>
                           <bearerService.C2.BoxedType><Bytes>0113c0b1692665fc4d</Bytes></bearerService.C2.BoxedType>
                           <teleservice.C3.BoxedType><Bytes>d4f0b0a6219154b41b9d</Bytes></teleservice.C3.BoxedType>
                        </basicService.Choice>
                        <ss_Status.C4.BoxedType><Bytes>48e59c34ec</Bytes></ss_Status.C4.BoxedType>
                     </CallBarringFeature.Sequence>
                     <CallBarringFeature.Sequence>
                        <basicService.Choice>
                           <bearerService.C2.BoxedType><Bytes>6ba5f516fe692126207f</Bytes></bearerService.C2.BoxedType>
                           <teleservice.C3.BoxedType><Bytes>b3bc6ab4bcf63a</Bytes></teleservice.C3.BoxedType>
                        </basicService.Choice>
                        <ss_Status.C4.BoxedType><Bytes>7a5a</Bytes></ss_Status.C4.BoxedType>
                     </CallBarringFeature.Sequence>
                  </Collection>
               </callBarringFeatureList.BoxedType>
            </callBarringInfo.C1.Sequence>
            <ss_Data.C3.Sequence>
               <ss_Code.BoxedType><Bytes>c165268bd2</Bytes></ss_Code.BoxedType>
               <ss_Status.C4.BoxedType><Bytes>a1372d</Bytes></ss_Status.C4.BoxedType>
               <ss_SubscriptionOption.Choice>
                  <cliRestrictionOption.C2.Enum>
                     <EnumType>temporaryDefaultAllowed.2</EnumType>
                  </cliRestrictionOption.C2.Enum>
                  <overrideCategory.C1.Enum>
                     <EnumType>overrideDisabled.1</EnumType>
                  </overrideCategory.C1.Enum>
               </ss_SubscriptionOption.Choice>
               <basicServiceGroupList.BoxedType>
                  <Collection>
                     <BasicServiceCode.Choice>
                        <bearerService.C2.BoxedType><Bytes>0acc338e2b</Bytes></bearerService.C2.BoxedType>
                        <teleservice.C3.BoxedType><Bytes>4999</Bytes></teleservice.C3.BoxedType>
                     </BasicServiceCode.Choice>
                     <BasicServiceCode.Choice>
                        <bearerService.C2.BoxedType><Bytes>29</Bytes></bearerService.C2.BoxedType>
                        <teleservice.C3.BoxedType><Bytes>d23f64044c71</Bytes></teleservice.C3.BoxedType>
                     </BasicServiceCode.Choice>
                     <BasicServiceCode.Choice>
                        <bearerService.C2.BoxedType><Bytes>096f8d</Bytes></bearerService.C2.BoxedType>
                        <teleservice.C3.BoxedType><Bytes>0a2fee</Bytes></teleservice.C3.BoxedType>
                     </BasicServiceCode.Choice>
                  </Collection>
               </basicServiceGroupList.BoxedType>
               <defaultPriority.BoxedType><Integer>2</Integer></defaultPriority.BoxedType>
               <nbrUser.C5.BoxedType><Integer>1</Integer></nbrUser.C5.BoxedType>
            </ss_Data.C3.Sequence>
         </SS_Info.Choice>
      </Collection>
   </SS_InfoList.BoxedType>
</ASN>