<?xml version="1.0" encoding="UTF-8"?>

<ASN layer="CAP">
   <SS_NotAvailableParam.Sequence><extensionContainer.Sequence>
         <privateExtensionList.C0.BoxedType>
            <Collection>
               <PrivateExtension.Sequence>
                  <extId><ObjectIdentifier>0.1.248.123.26.94.26</ObjectIdentifier></extId>
                  <extType>08cb9d</extType>
               </PrivateExtension.Sequence>
               <PrivateExtension.Sequence>
                  <extId><ObjectIdentifier>0.1.262.49.18.8.35.126.15.113</ObjectIdentifier></extId>
                  <extType>11a199893b</extType>
               </PrivateExtension.Sequence>
               <PrivateExtension.Sequence>
                  <extId><ObjectIdentifier>0.1.214.124.44.30.89</ObjectIdentifier></extId>
                  <extType>efc9eafc73698acc</extType>
               </PrivateExtension.Sequence>
            </Collection>
         </privateExtensionList.C0.BoxedType>
         <pcs_Extensions.C1.Sequence>
            
         </pcs_Extensions.C1.Sequence>
      </extensionContainer.Sequence></SS_NotAvailableParam.Sequence>
</ASN>