<?xml version="1.0" encoding="UTF-8"?>

<ASN layer="CAP">
   <SystemFailureParam.Choice>
      <networkResource.Enum>
         <EnumType>eir.6</EnumType>
      </networkResource.Enum>
      <extensibleSystemFailureParam.Sequence>
         <networkResource.Enum>
            <EnumType>pvlr.3</EnumType>
         </networkResource.Enum>
         <extensionContainer.Sequence>
            <privateExtensionList.C0.BoxedType>
               <Collection>
                  <PrivateExtension.Sequence>
                     <extId><ObjectIdentifier>0.1.2106.120.33.14.111.28.62</ObjectIdentifier></extId>
                     <extType>4d586f5485e100811b31</extType>
                  </PrivateExtension.Sequence>
                  <PrivateExtension.Sequence>
                     <extId><ObjectIdentifier>0.1.2102.18.43.109.65.7</ObjectIdentifier></extId>
                     <extType>6498824df0290253</extType>
                  </PrivateExtension.Sequence>
                  <PrivateExtension.Sequence>
                     <extId><ObjectIdentifier>0.1.213.14.5</ObjectIdentifier></extId>
                     <extType>85ba2c</extType>
                  </PrivateExtension.Sequence>
               </Collection>
            </privateExtensionList.C0.BoxedType>
            <pcs_Extensions.C1.Sequence>
               
            </pcs_Extensions.C1.Sequence>
         </extensionContainer.Sequence>
         <additionalNetworkResource.C0.Enum>
            <EnumType>mme.7</EnumType>
         </additionalNetworkResource.C0.Enum>
         <failureCauseParam.C1.Enum>
            <EnumType>limitReachedOnNumberOfConcurrentLocationRequests.0</EnumType>
         </failureCauseParam.C1.Enum>
      </extensibleSystemFailureParam.Sequence>
   </SystemFailureParam.Choice>
</ASN>