<?xml version="1.0" encoding="UTF-8"?>

<ASN layer="CAP">
   <T_BCSM_CAMEL_TDP_Criteria.Sequence>
      <t_BCSM_TriggerDetectionPoint.Enum>
         <EnumType>tNoAnswer.14</EnumType>
      </t_BCSM_TriggerDetectionPoint.Enum>
      <basicServiceCriteria.C0.BoxedType>
         <Collection>
            <Ext_BasicServiceCode.Choice>
               <ext_BearerService.C2.BoxedType><Bytes>2f5099a0</Bytes></ext_BearerService.C2.BoxedType>
               <ext_Teleservice.C3.BoxedType><Bytes>0bf6b28d92
                     <field name="Code" value="11" type="EnumLong" length="1" />
                     <field name="Extension data" value="f6b28d92" type="Binary" length="4" />
                  </Bytes></ext_Teleservice.C3.BoxedType>
            </Ext_BasicServiceCode.Choice>
            <Ext_BasicServiceCode.Choice>
               <ext_BearerService.C2.BoxedType><Bytes>50ab835d</Bytes></ext_BearerService.C2.BoxedType>
               <ext_Teleservice.C3.BoxedType><Bytes>de0000d84f
                     <field name="Code" value="plmn-specificTS-E:222" type="EnumLong" length="1" />
                     <field name="Extension data" value="0000d84f" type="Binary" length="4" />
                  </Bytes></ext_Teleservice.C3.BoxedType>
            </Ext_BasicServiceCode.Choice>
            <Ext_BasicServiceCode.Choice>
               <ext_BearerService.C2.BoxedType><Bytes>84ea17c5ec9c8789</Bytes></ext_BearerService.C2.BoxedType>
               <ext_Teleservice.C3.BoxedType><Bytes>32000020a1
                     <field name="Code" value="automaticFacsimileGroup3:50" type="EnumLong" length="1" />
                     <field name="Extension data" value="000020a1" type="Binary" length="4" />
                  </Bytes></ext_Teleservice.C3.BoxedType>
            </Ext_BasicServiceCode.Choice>
         </Collection>
      </basicServiceCriteria.C0.BoxedType>
      <t_CauseValueCriteria.C1.BoxedType>
         <Collection>
            <CauseValue.BoxedType><Bytes>f4adb942458451</Bytes></CauseValue.BoxedType>
            <CauseValue.BoxedType><Bytes>0e8a95d187ea</Bytes></CauseValue.BoxedType>
            <CauseValue.BoxedType><Bytes>6583bbaff25559</Bytes></CauseValue.BoxedType>
         </Collection>
      </t_CauseValueCriteria.C1.BoxedType>
   </T_BCSM_CAMEL_TDP_Criteria.Sequence>
</ASN>