<?xml version="1.0" encoding="UTF-8"?>

<ASN layer="CAP">
   <TracingBufferFullParam.Sequence><extensionContainer.Sequence>
         <privateExtensionList.C0.BoxedType>
            <Collection>
               <PrivateExtension.Sequence>
                  <extId><ObjectIdentifier>0.1.238.55.37.75.10.95.84.47.10</ObjectIdentifier></extId>
                  <extType>b8</extType>
               </PrivateExtension.Sequence>
               <PrivateExtension.Sequence>
                  <extId><ObjectIdentifier>0.1.29.29.89.125.100.28</ObjectIdentifier></extId>
                  <extType>2aab931e3bc956</extType>
               </PrivateExtension.Sequence>
               <PrivateExtension.Sequence>
                  <extId><ObjectIdentifier>0.1.22.91.81.39.104.7.9</ObjectIdentifier></extId>
                  <extType>30fdf2ee00</extType>
               </PrivateExtension.Sequence>
            </Collection>
         </privateExtensionList.C0.BoxedType>
         <pcs_Extensions.C1.Sequence>
            
         </pcs_Extensions.C1.Sequence>
      </extensionContainer.Sequence></TracingBufferFullParam.Sequence>
</ASN>