<?xml version="1.0" encoding="UTF-8"?>

<ASN layer="CAP">
   <UnauthorizedRequestingNetwork_Param.Sequence><extensionContainer.Sequence>
         <privateExtensionList.C0.BoxedType>
            <Collection>
               <PrivateExtension.Sequence>
                  <extId><ObjectIdentifier>0.1.225.117.39.1.76.23.79</ObjectIdentifier></extId>
                  <extType>8674e8e7800319</extType>
               </PrivateExtension.Sequence>
               <PrivateExtension.Sequence>
                  <extId><ObjectIdentifier>0.1.249.38.37.102.102</ObjectIdentifier></extId>
                  <extType>82181deef0c3</extType>
               </PrivateExtension.Sequence>
               <PrivateExtension.Sequence>
                  <extId><ObjectIdentifier>0.1.237</ObjectIdentifier></extId>
                  <extType>2818f589217b</extType>
               </PrivateExtension.Sequence>
            </Collection>
         </privateExtensionList.C0.BoxedType>
         <pcs_Extensions.C1.Sequence>
            
         </pcs_Extensions.C1.Sequence>
      </extensionContainer.Sequence></UnauthorizedRequestingNetwork_Param.Sequence>
</ASN>