<?xml version="1.0" encoding="UTF-8"?>

<ASN layer="CAP">
   <UnexpectedDataParam.Sequence>
      <extensionContainer.Sequence>
         <privateExtensionList.C0.BoxedType>
            <Collection>
               <PrivateExtension.Sequence>
                  <extId><ObjectIdentifier>0.1.239</ObjectIdentifier></extId>
                  <extType>4931fd4edf</extType>
               </PrivateExtension.Sequence>
               <PrivateExtension.Sequence>
                  <extId><ObjectIdentifier>0.1.260.103.92</ObjectIdentifier></extId>
                  <extType>557e1b6c1c76a30bf6b8</extType>
               </PrivateExtension.Sequence>
               <PrivateExtension.Sequence>
                  <extId><ObjectIdentifier>0.1.223.64.83.21.75.99.79</ObjectIdentifier></extId>
                  <extType>18ea8765ffc19bff4494</extType>
               </PrivateExtension.Sequence>
            </Collection>
         </privateExtensionList.C0.BoxedType>
         <pcs_Extensions.C1.Sequence>
            
         </pcs_Extensions.C1.Sequence>
      </extensionContainer.Sequence>
      <unexpectedSubscriber.C0></unexpectedSubscriber.C0>
   </UnexpectedDataParam.Sequence>
</ASN>