<?xml version="1.0" encoding="UTF-8"?>

<ASN layer="CAP">
   <UnknownOrUnreachableLCSClient_Param.Sequence><extensionContainer.Sequence>
         <privateExtensionList.C0.BoxedType>
            <Collection>
               <PrivateExtension.Sequence>
                  <extId><ObjectIdentifier>0.1.2115.54.107.33</ObjectIdentifier></extId>
                  <extType>7b7e37199756</extType>
               </PrivateExtension.Sequence>
               <PrivateExtension.Sequence>
                  <extId><ObjectIdentifier>0.1.241.51.115.87.47.114.121.50</ObjectIdentifier></extId>
                  <extType>2578e7f09ea49a7721</extType>
               </PrivateExtension.Sequence>
               <PrivateExtension.Sequence>
                  <extId><ObjectIdentifier>0.1.20.31.71</ObjectIdentifier></extId>
                  <extType>6b18c4430c7b2f</extType>
               </PrivateExtension.Sequence>
            </Collection>
         </privateExtensionList.C0.BoxedType>
         <pcs_Extensions.C1.Sequence>
            
         </pcs_Extensions.C1.Sequence>
      </extensionContainer.Sequence></UnknownOrUnreachableLCSClient_Param.Sequence>
</ASN>