<?xml version="1.0" encoding="UTF-8"?>

<ASN layer="CAP">
   <UpdateLocationRes.Sequence>
      <hlr_Number.BoxedType><AddressString.BoxedType><Bytes>461178961018
               <field name="extension" value="extension:0" type="EnumLong" lengthBit="1" />
               <field name="nature of address" value="subscriber number:4" type="EnumLong" lengthBit="3" />
               <field name="numbering plan" value="land mobile numbering plan (ITU-T Rec E.212):6" type="EnumLong" lengthBit="4" />
               <field name="digits" value="1187690181" type="Number_BCD" length="5" />
            </Bytes></AddressString.BoxedType></hlr_Number.BoxedType>
      <extensionContainer.Sequence>
         <privateExtensionList.C0.BoxedType>
            <Collection>
               <PrivateExtension.Sequence>
                  <extId><ObjectIdentifier>0.1.257.62.117.29.33</ObjectIdentifier></extId>
                  <extType>e2efc287910ae743</extType>
               </PrivateExtension.Sequence>
               <PrivateExtension.Sequence>
                  <extId><ObjectIdentifier>0.1.250.100</ObjectIdentifier></extId>
                  <extType>caaa4bbf</extType>
               </PrivateExtension.Sequence>
               <PrivateExtension.Sequence>
                  <extId><ObjectIdentifier>0.1.26.58.30.35.42.40.63.103.38</ObjectIdentifier></extId>
                  <extType>80af2392929c064de0</extType>
               </PrivateExtension.Sequence>
            </Collection>
         </privateExtensionList.C0.BoxedType>
         <pcs_Extensions.C1.Sequence>
            
         </pcs_Extensions.C1.Sequence>
      </extensionContainer.Sequence>
      <add_Capability></add_Capability>
      <pagingArea_Capability.C0></pagingArea_Capability.C0>
   </UpdateLocationRes.Sequence>
</ASN>