<?xml version="1.0" encoding="UTF-8"?>

<ASN layer="CAP">
   <UpdateGprsLocationArg.Sequence>
      <imsi.BoxedType><TBCD_STRING.BoxedType><Bytes>08585172
               <field name="digits" value="80851527" type="Number_BCD" length="4" />
            </Bytes></TBCD_STRING.BoxedType></imsi.BoxedType>
      <sgsn_Number.BoxedType><AddressString.BoxedType><Bytes>c71174184829
               <field name="extension" value="no extension:1" type="EnumLong" lengthBit="1" />
               <field name="nature of address" value="subscriber number:4" type="EnumLong" lengthBit="3" />
               <field name="numbering plan" value="spare:7" type="EnumLong" lengthBit="4" />
               <field name="digits" value="1147818492" type="Number_BCD" length="5" />
            </Bytes></AddressString.BoxedType></sgsn_Number.BoxedType>
      <sgsn_Address.BoxedType><Bytes>0f557552b6
            <field name="Address type" value="IPV4:0" type="EnumLong" lengthBit="2" />
            <field name="AddressLength" value="15" type="Integer" lengthBit="6" />
            <field name="IPV4 address" value="85.117.82.182" type="IPV4Address" length="4" />
         </Bytes></sgsn_Address.BoxedType>
      <extensionContainer.Sequence>
         <privateExtensionList.C0.BoxedType>
            <Collection>
               <PrivateExtension.Sequence>
                  <extId><ObjectIdentifier>0.1.2126.74</ObjectIdentifier></extId>
                  <extType>555aad9f62b5c8b37478</extType>
               </PrivateExtension.Sequence>
               <PrivateExtension.Sequence>
                  <extId><ObjectIdentifier>0.1.2116.96.28</ObjectIdentifier></extId>
                  <extType>9fce836abd3e</extType>
               </PrivateExtension.Sequence>
               <PrivateExtension.Sequence>
                  <extId><ObjectIdentifier>0.1.289.23.19.108.66.1</ObjectIdentifier></extId>
                  <extType>de7a55cd90c2248e4b</extType>
               </PrivateExtension.Sequence>
            </Collection>
         </privateExtensionList.C0.BoxedType>
         <pcs_Extensions.C1.Sequence>
            
         </pcs_Extensions.C1.Sequence>
      </extensionContainer.Sequence>
      <sgsn_Capability.C0.Sequence>
         <solsaSupportIndicator></solsaSupportIndicator>
         <extensionContainer.C1.Sequence>
            <privateExtensionList.C0.BoxedType>
               <Collection>
                  <PrivateExtension.Sequence>
                     <extId><ObjectIdentifier>0.1.278.26.20.65.49.37.80.46</ObjectIdentifier></extId>
                     <extType>06b0bb473780032f19eb</extType>
                  </PrivateExtension.Sequence>
                  <PrivateExtension.Sequence>
                     <extId><ObjectIdentifier>0.1.260.77.48.57.122.87</ObjectIdentifier></extId>
                     <extType>8143a65473</extType>
                  </PrivateExtension.Sequence>
                  <PrivateExtension.Sequence>
                     <extId><ObjectIdentifier>0.1.252.94.62.8.113.53.52.2.8.119</ObjectIdentifier></extId>
                     <extType>0d72</extType>
                  </PrivateExtension.Sequence>
               </Collection>
            </privateExtensionList.C0.BoxedType>
            <pcs_Extensions.C1.Sequence>
               
            </pcs_Extensions.C1.Sequence>
         </extensionContainer.C1.Sequence>
         <superChargerSupportedInServingNetworkEntity.C2.Choice>
            <sendSubscriberData.C0></sendSubscriberData.C0>
            <subscriberDataStored.C1.BoxedType><Bytes>5a4a7226</Bytes></subscriberDataStored.C1.BoxedType>
         </superChargerSupportedInServingNetworkEntity.C2.Choice>
         <gprsEnhancementsSupportIndicator.C3></gprsEnhancementsSupportIndicator.C3>
         <supportedCamelPhases.C4.BoxedType><BitString><BitString value="3485" trailing="0"/></BitString></supportedCamelPhases.C4.BoxedType>
         <supportedLCS_CapabilitySets.C5.BoxedType><BitString><BitString value="fd493b704558c1d274" trailing="0"/></BitString></supportedLCS_CapabilitySets.C5.BoxedType>
         <offeredCamel4CSIs.C6.BoxedType><BitString><BitString value="48732fe935c0e4da0edd314fcf2b4d1d" trailing="0"/></BitString></offeredCamel4CSIs.C6.BoxedType>
         <smsCallBarringSupportIndicator.C7></smsCallBarringSupportIndicator.C7>
         <supportedRAT_TypesIndicator.C8.BoxedType><BitString><BitString value="26db" trailing="0"/></BitString></supportedRAT_TypesIndicator.C8.BoxedType>
         <supportedFeatures.C9.BoxedType><BitString><BitString value="c9bfdc378d224df7227f" trailing="0"/></BitString></supportedFeatures.C9.BoxedType>
         <t_adsDataRetrieval.C10></t_adsDataRetrieval.C10>
         <homogeneousSupportOfIMSVoiceOverPSSessions.C11>true:1</homogeneousSupportOfIMSVoiceOverPSSessions.C11>
         <cancellationTypeInitialAttach.C12></cancellationTypeInitialAttach.C12>
         <msisdn_lessOperation_Supported.C14></msisdn_lessOperation_Supported.C14>
         <updateofHomogeneousSupportOfIMSVoiceOverPSSessions.C15></updateofHomogeneousSupportOfIMSVoiceOverPSSessions.C15>
      </sgsn_Capability.C0.Sequence>
      <informPreviousNetworkEntity.C1></informPreviousNetworkEntity.C1>
      <ps_LCS_NotSupportedByUE.C2></ps_LCS_NotSupportedByUE.C2>
      <v_gmlc_Address.C3.BoxedType><Bytes>c9d3a82a10
            <field name="Address type" value="3" type="EnumLong" lengthBit="2" />
            <field name="AddressLength" value="9" type="Integer" lengthBit="6" />
            <field name="IPV4 address" value="211.168.42.16" type="IPV4Address" length="4" />
         </Bytes></v_gmlc_Address.C3.BoxedType>
      <add_info.C4.Sequence>
         <imeisv.C0.BoxedType><TBCD_STRING.BoxedType><Bytes>5187838807
                  <field name="digits" value="1578388870" type="Number_BCD" length="5" />
               </Bytes></TBCD_STRING.BoxedType></imeisv.C0.BoxedType>
         <skipSubscriberDataUpdate.C1></skipSubscriberDataUpdate.C1>
      </add_info.C4.Sequence>
      <eps_info.C5.Choice>
         <pdn_gw_update.C0.Sequence>
            <apn.C0.BoxedType><Bytes>38476c65626142
                  <field name="DNS string" value="8GlebaB" type="String" lengthBit="28" />
               </Bytes></apn.C0.BoxedType>
            <pdn_gw_Identity.C1.Sequence>
               <pdn_gw_ipv4_Address.C0.BoxedType><Bytes>8a642a33
                     <field name="IPV4  address" value="138.100.42.51" type="IPV4Address" length="4" />
                  </Bytes></pdn_gw_ipv4_Address.C0.BoxedType>
               <pdn_gw_ipv6_Address.C1.BoxedType><Bytes>b311949a
                     <field name="IPV4  address" value="179.17.148.154" type="IPV4Address" length="4" />
                  </Bytes></pdn_gw_ipv6_Address.C1.BoxedType>
               <pdn_gw_name.C2.BoxedType><Bytes>42798887d32af64c</Bytes></pdn_gw_name.C2.BoxedType>
               <extensionContainer.C3.Sequence>
                  <privateExtensionList.C0.BoxedType>
                     <Collection>
                        <PrivateExtension.Sequence>
                           <extId><ObjectIdentifier>0.1.2120.32.11</ObjectIdentifier></extId>
                           <extType>c3c1330d28f74c07</extType>
                        </PrivateExtension.Sequence>
                        <PrivateExtension.Sequence>
                           <extId><ObjectIdentifier>0.1.2124.122.79.45.51.7.87.107</ObjectIdentifier></extId>
                           <extType>f2895057bb0d00</extType>
                        </PrivateExtension.Sequence>
                        <PrivateExtension.Sequence>
                           <extId><ObjectIdentifier>0.1.299.58.1.103.115</ObjectIdentifier></extId>
                           <extType>47346a14</extType>
                        </PrivateExtension.Sequence>
                     </Collection>
                  </privateExtensionList.C0.BoxedType>
                  <pcs_Extensions.C1.Sequence>
                     
                  </pcs_Extensions.C1.Sequence>
               </extensionContainer.C3.Sequence>
            </pdn_gw_Identity.C1.Sequence>
            <contextId.C2.BoxedType><Integer>2</Integer></contextId.C2.BoxedType>
            <extensionContainer.C3.Sequence>
               <privateExtensionList.C0.BoxedType>
                  <Collection>
                     <PrivateExtension.Sequence>
                        <extId><ObjectIdentifier>0.1.234.120.52</ObjectIdentifier></extId>
                        <extType>7314870f024c</extType>
                     </PrivateExtension.Sequence>
                     <PrivateExtension.Sequence>
                        <extId><ObjectIdentifier>0.1.2109.29.17.76.86.72</ObjectIdentifier></extId>
                        <extType>ad69aed8</extType>
                     </PrivateExtension.Sequence>
                     <PrivateExtension.Sequence>
                        <extId><ObjectIdentifier>0.1.267.42</ObjectIdentifier></extId>
                        <extType>2dc2a5ac5f2a</extType>
                     </PrivateExtension.Sequence>
                  </Collection>
               </privateExtensionList.C0.BoxedType>
               <pcs_Extensions.C1.Sequence>
                  
               </pcs_Extensions.C1.Sequence>
            </extensionContainer.C3.Sequence>
         </pdn_gw_update.C0.Sequence>
         <isr_Information.C1.BoxedType><BitString><BitString value="98ebb43b5aab" trailing="0"/></BitString></isr_Information.C1.BoxedType>
      </eps_info.C5.Choice>
      <servingNodeTypeIndicator.C6></servingNodeTypeIndicator.C6>
      <skipSubscriberDataUpdate.C7></skipSubscriberDataUpdate.C7>
      <usedRAT_Type.C8.Enum>
         <EnumType>i_hspa_evolution.3</EnumType>
      </usedRAT_Type.C8.Enum>
      <gprsSubscriptionDataNotNeeded.C9></gprsSubscriptionDataNotNeeded.C9>
      <nodeTypeIndicator.C10></nodeTypeIndicator.C10>
      <areaRestricted.C11></areaRestricted.C11>
      <ue_reachableIndicator.C12></ue_reachableIndicator.C12>
      <epsSubscriptionDataNotNeeded.C13></epsSubscriptionDataNotNeeded.C13>
      <ue_srvcc_Capability.C14.Enum>
         <EnumType>ue_srvcc_supported.1</EnumType>
      </ue_srvcc_Capability.C14.Enum>
      <eplmn_List.C15.BoxedType>
         <Collection>
            <PLMN_Id.BoxedType><Bytes>a3c5bfa06d0ccae5b5</Bytes></PLMN_Id.BoxedType>
            <PLMN_Id.BoxedType><Bytes>4d5f3bb099c40a23</Bytes></PLMN_Id.BoxedType>
            <PLMN_Id.BoxedType><Bytes>12d2855c</Bytes></PLMN_Id.BoxedType>
         </Collection>
      </eplmn_List.C15.BoxedType>
      <mmeNumberforMTSMS.C16.BoxedType><AddressString.BoxedType><Bytes>0c2142920660
               <field name="extension" value="extension:0" type="EnumLong" lengthBit="1" />
               <field name="nature of address" value="unknown:0" type="EnumLong" lengthBit="3" />
               <field name="numbering plan" value="12" type="EnumLong" lengthBit="4" />
               <field name="digits" value="1224296006" type="Number_BCD" length="5" />
            </Bytes></AddressString.BoxedType></mmeNumberforMTSMS.C16.BoxedType>
      <smsRegisterRequest.C17.Enum>
         <EnumType>sms_registration_required.0</EnumType>
      </smsRegisterRequest.C17.Enum>
      <sms_Only.C18></sms_Only.C18>
      <removalofMMERegistrationforSMS.C22></removalofMMERegistrationforSMS.C22>
      <sgsn_Name.C19.BoxedType><Bytes>d8</Bytes></sgsn_Name.C19.BoxedType>
      <sgsn_Realm.C20.BoxedType><Bytes>635f</Bytes></sgsn_Realm.C20.BoxedType>
      <lgd_supportIndicator.C21></lgd_supportIndicator.C21>
   </UpdateGprsLocationArg.Sequence>
</ASN>