<?xml version="1.0" encoding="UTF-8"?>

<ASN layer="CAP">
   <UpdateVcsgLocationRes.Sequence>
      <temporaryEmptySubscriptiondataIndicator></temporaryEmptySubscriptiondataIndicator>
      <extensionContainer.Sequence>
         <privateExtensionList.C0.BoxedType>
            <Collection>
               <PrivateExtension.Sequence>
                  <extId><ObjectIdentifier>0.1.2115</ObjectIdentifier></extId>
                  <extType>d420c2</extType>
               </PrivateExtension.Sequence>
               <PrivateExtension.Sequence>
                  <extId><ObjectIdentifier>0.1.231.1.9</ObjectIdentifier></extId>
                  <extType>72</extType>
               </PrivateExtension.Sequence>
               <PrivateExtension.Sequence>
                  <extId><ObjectIdentifier>0.1.264.11.83.4</ObjectIdentifier></extId>
                  <extType>66ff4d</extType>
               </PrivateExtension.Sequence>
            </Collection>
         </privateExtensionList.C0.BoxedType>
         <pcs_Extensions.C1.Sequence>
            
         </pcs_Extensions.C1.Sequence>
      </extensionContainer.Sequence>
   </UpdateVcsgLocationRes.Sequence>
</ASN>