<?xml version="1.0" encoding="UTF-8"?>

<ASN layer="CAP">
   <UpdateVcsgLocationArg.Sequence>
      <imsi.BoxedType><TBCD_STRING.BoxedType><Bytes>92378903f0
               <field name="digits" value="297398300" type="Number_BCD" lengthBit="36" />
            </Bytes></TBCD_STRING.BoxedType></imsi.BoxedType>
      <msisdn.C2.BoxedType><AddressString.BoxedType><Bytes>904195342202
               <field name="extension" value="no extension:1" type="EnumLong" lengthBit="1" />
               <field name="nature of address" value="international number:1" type="EnumLong" lengthBit="3" />
               <field name="numbering plan" value="unknown:0" type="EnumLong" lengthBit="4" />
               <field name="digits" value="1459432220" type="Number_BCD" length="5" />
            </Bytes></AddressString.BoxedType></msisdn.C2.BoxedType>
      <vlr_Number.C0.BoxedType><AddressString.BoxedType><Bytes>246194232000
               <field name="extension" value="extension:0" type="EnumLong" lengthBit="1" />
               <field name="nature of address" value="national significant number:2" type="EnumLong" lengthBit="3" />
               <field name="numbering plan" value="telex numbering plan (ITU-T Rec F.69):4" type="EnumLong" lengthBit="4" />
               <field name="digits" value="1649320200" type="Number_BCD" length="5" />
            </Bytes></AddressString.BoxedType></vlr_Number.C0.BoxedType>
      <sgsn_Number.C1.BoxedType><AddressString.BoxedType><Bytes>c26115171021
               <field name="extension" value="no extension:1" type="EnumLong" lengthBit="1" />
               <field name="nature of address" value="subscriber number:4" type="EnumLong" lengthBit="3" />
               <field name="numbering plan" value="spare:2" type="EnumLong" lengthBit="4" />
               <field name="digits" value="1651710112" type="Number_BCD" length="5" />
            </Bytes></AddressString.BoxedType></sgsn_Number.C1.BoxedType>
      <extensionContainer.Sequence>
         <privateExtensionList.C0.BoxedType>
            <Collection>
               <PrivateExtension.Sequence>
                  <extId><ObjectIdentifier>0.1.2117.102.37.9.89.84.54.76.127</ObjectIdentifier></extId>
                  <extType>73a1c979</extType>
               </PrivateExtension.Sequence>
               <PrivateExtension.Sequence>
                  <extId><ObjectIdentifier>0.1.2111.112</ObjectIdentifier></extId>
                  <extType>cb633f856eb03d862f</extType>
               </PrivateExtension.Sequence>
               <PrivateExtension.Sequence>
                  <extId><ObjectIdentifier>0.1.278</ObjectIdentifier></extId>
                  <extType>6bde09eb85261d34a0</extType>
               </PrivateExtension.Sequence>
            </Collection>
         </privateExtensionList.C0.BoxedType>
         <pcs_Extensions.C1.Sequence>
            
         </pcs_Extensions.C1.Sequence>
      </extensionContainer.Sequence>
   </UpdateVcsgLocationArg.Sequence>
</ASN>