<?xml version="1.0" encoding="UTF-8"?>

<ASN layer="CAP">
   <UpdateGprsLocationRes.Sequence>
      <hlr_Number.BoxedType><AddressString.BoxedType><Bytes>f42101524568
               <field name="extension" value="no extension:1" type="EnumLong" lengthBit="1" />
               <field name="nature of address" value="reserved for extension:7" type="EnumLong" lengthBit="3" />
               <field name="numbering plan" value="telex numbering plan (ITU-T Rec F.69):4" type="EnumLong" lengthBit="4" />
               <field name="digits" value="1210255486" type="Number_BCD" length="5" />
            </Bytes></AddressString.BoxedType></hlr_Number.BoxedType>
      <extensionContainer.Sequence>
         <privateExtensionList.C0.BoxedType>
            <Collection>
               <PrivateExtension.Sequence>
                  <extId><ObjectIdentifier>0.1.2</ObjectIdentifier></extId>
                  <extType>51348a33cbfb11</extType>
               </PrivateExtension.Sequence>
               <PrivateExtension.Sequence>
                  <extId><ObjectIdentifier>0.1.2</ObjectIdentifier></extId>
                  <extType>ea6cf89d</extType>
               </PrivateExtension.Sequence>
               <PrivateExtension.Sequence>
                  <extId><ObjectIdentifier>0.1.250.87.77.101.68</ObjectIdentifier></extId>
                  <extType>d161877ad08954af8b</extType>
               </PrivateExtension.Sequence>
            </Collection>
         </privateExtensionList.C0.BoxedType>
         <pcs_Extensions.C1.Sequence>
            
         </pcs_Extensions.C1.Sequence>
      </extensionContainer.Sequence>
      <add_Capability></add_Capability>
      <sgsn_mmeSeparationSupported.C0></sgsn_mmeSeparationSupported.C0>
      <mmeRegisteredforSMS.C1></mmeRegisteredforSMS.C1>
   </UpdateGprsLocationRes.Sequence>
</ASN>