<?xml version="1.0" encoding="UTF-8"?>

<ASN layer="CAP">
   <USSD_Res.Sequence>
      <ussd_DataCodingScheme.BoxedType><Bytes>6a
            <field name="Coding Group Bits" value="General Data Coding indication:6" type="EnumLong" lengthBit="4" />
            <field name="Alphabet" value="UCS2 (16bit) {UTF-16BE}:2" type="EnumLong" lengthBit="2" />
            <field name="Message Class" value="Class 2 (U)SIM specific message:2" type="EnumLong" lengthBit="2" />
         </Bytes></ussd_DataCodingScheme.BoxedType>
      <ussd_String.BoxedType><Bytes>ad606b06732181
            <field name="binary" value="ad606b06732181" type="Binary" length="7" />
         </Bytes></ussd_String.BoxedType>
   </USSD_Res.Sequence>
</ASN>