<?xml version="1.0" encoding="UTF-8"?>

<ASN layer="CAP">
   <VoiceGroupCallData.Sequence>
      <groupId.BoxedType><TBCD_STRING.BoxedType><Bytes>3188949138
               <field name="digits" value="1388491983" type="Number_BCD" length="5" />
            </Bytes></TBCD_STRING.BoxedType></groupId.BoxedType>
      <extensionContainer.Sequence>
         <privateExtensionList.C0.BoxedType>
            <Collection>
               <PrivateExtension.Sequence>
                  <extId><ObjectIdentifier>0.1.2101.31.64</ObjectIdentifier></extId>
                  <extType>92e2cd8252b6f6</extType>
               </PrivateExtension.Sequence>
               <PrivateExtension.Sequence>
                  <extId><ObjectIdentifier>0.1.281.22</ObjectIdentifier></extId>
                  <extType>e1</extType>
               </PrivateExtension.Sequence>
               <PrivateExtension.Sequence>
                  <extId><ObjectIdentifier>0.1.2123.22.6.49.28.52.40.111.121.51</ObjectIdentifier></extId>
                  <extType>ffd910cd3dbc6b159c</extType>
               </PrivateExtension.Sequence>
            </Collection>
         </privateExtensionList.C0.BoxedType>
         <pcs_Extensions.C1.Sequence>
            
         </pcs_Extensions.C1.Sequence>
      </extensionContainer.Sequence>
      <additionalSubscriptions.BoxedType><BitString><BitString value="6244fcedb7839d2fff3b883eb459819a61467b" trailing="0"/></BitString></additionalSubscriptions.BoxedType>
      <additionalInfo.C0.BoxedType><BitString><BitString value="4f" trailing="0"/></BitString></additionalInfo.C0.BoxedType>
      <longGroupId.C1.BoxedType><TBCD_STRING.BoxedType><Bytes>7185586606
               <field name="digits" value="1758856660" type="Number_BCD" length="5" />
            </Bytes></TBCD_STRING.BoxedType></longGroupId.C1.BoxedType>
   </VoiceGroupCallData.Sequence>
</ASN>